0.000000
0.000000
0.000000
0.000000
0.000000
0.000000
0.000000
0.000000
0.000000
0.000000
0.000000
0.000000
0.000000
0.000000
0.000000
0.000000
0.000000
0.000000
0.000000
0.000000
0.000000
0.000000
0.000000
0.000000
0.000000
0.000000
0.000000
0.000000
0.000000
0.000000
0.000000
0.000000
0.000000
0.000000
0.000000
0.000000
0.000000
0.000000
0.000000
0.000000
0.000000
0.000000
0.000000
0.000000
0.000000
0.000000
0.000000
0.000000
0.000000
0.000000
0.000000
0.000000
0.000000
0.000000
0.000000
0.000000
0.000000
0.000000
0.000000
0.000000
0.000000
0.000000
0.000000
0.000000
0.000000
0.000000
0.000000
0.000000
0.000000
0.000000
0.000000
0.000000
0.000000
0.000000
0.000000
0.000000
0.000000
0.000000
0.000000
0.000000
0.000000
0.000000
0.000000
0.000000
0.000000
0.000000
0.000000
0.000000
0.000000
0.000000
0.000000
0.000000
0.000000
0.000000
0.000000
0.000000
0.000000
0.000000
0.000000
0.000000
0.000000
0.000000
0.000000
0.000000
0.000000
0.000000
0.000000
0.000000
0.000000
0.000000
0.000000
0.000000
0.000000
0.000000
0.000000
0.000000
0.000000
0.000000
0.000000
0.000000
0.008831
-0.015056
0.062230
-0.091945
0.195272
-0.275085
0.449042
-0.651548
1.118321
-2.763186
-5.824807
-6.207971
-34.684989
-16.614967
-51.659519
-27.939886
-37.977304
-37.373225
-33.532456
-32.771670
-40.630950
-21.610248
-40.288143
-6.188058
-30.964705
-13.694039
-4.211370
-10.617345
-5.287719
-3.821212
-13.965302
3.073104
-10.049216
3.292338
-3.420900
-15.994616
5.410008
-19.871160
-9.777827
-12.762034
-26.068155
-10.021452
-11.935414
-17.609985
-5.433145
-33.756663
-1.923351
-24.222279
-17.730461
-13.261398
-22.942857
-14.278390
4.918696
-11.098122
24.804601
-9.467156
18.638278
6.543735
2.584262
9.778091
0.558037
-10.929320
0.526653
-38.081590
-5.892127
-34.821134
-28.165212
-26.780656
-37.137764
-20.749264
-26.119006
-41.886649
-24.998604
-53.014531
-30.734210
-46.109349
-51.080032
-28.470998
-56.111201
-48.528056
-43.904846
-61.508871
-44.378495
-70.098498
-77.625148
-64.968091
-99.190797
-70.274721
-96.247728
-90.789185
-91.631231
-107.903523
-107.331104
-102.308698
-123.739829
-89.186172
-125.967702
-99.406678
-118.685920
-121.871825
-120.613707
-123.457782
-119.132498
-98.356698
-130.850437
-85.662222
-119.217298
-102.661320
-100.368385
-105.467777
-79.016876
-82.066120
-80.584044
-46.109645
-76.783977
-38.227830
-39.150321
-41.353457
-14.557686
-31.246851
-15.645655
-16.831562
-30.742712
-13.097276
-39.054625
-36.004832
-20.720403
-47.253227
-19.605357
-44.558964
-31.841183
-23.669826
-29.520510
-12.355122
-11.640455
-28.712003
-2.072794
-43.541011
-12.850547
-32.207059
-31.320739
-33.107910
-40.187014
-44.873920
-32.806650
-57.460275
-19.027555
-62.976847
-43.841572
-59.128231
-67.776382
-67.121905
-75.265136
-75.127694
-54.305718
-81.765460
-52.037456
-74.075110
-72.825036
-66.233723
-84.031978
-75.580146
-84.816068
-88.541995
-73.788294
-88.145579
-71.471251
-57.588082
-64.853800
-37.620292
-60.628221
-41.682225
-41.028773
-51.739141
-45.933186
-47.156205
-47.916648
-27.401707
-53.617546
-17.237540
-48.346970
-35.843146
-40.473049
-46.550459
-49.253062
-48.355769
-70.698933
-42.288273
-86.568303
-53.264646
-74.459592
-76.062382
-72.211454
-79.361329
-87.703295
-66.709745
-92.839323
-62.092496
-82.000988
-65.986571
-62.919813
-82.270460
-62.488380
-68.628653
-79.919353
-63.825338
-84.749899
-71.988978
-74.325523
-82.250293
-52.136480
-78.598780
-51.687432
-55.226932
-63.244355
-46.508173
-51.579664
-53.078884
-29.381973
-56.410888
-24.976824
-50.170513
-31.605722
-35.617257
-46.859841
-50.258031
-49.645741
-72.812922
-40.814889
-81.792116
-52.387753
-80.729214
-88.147706
-80.852082
-88.380329
-92.936387
-75.369342
-106.879701
-75.062148
-104.395873
-87.522148
-78.703803
-96.232088
-90.158767
-101.123219
-107.374193
-79.443095
-100.812873
-77.740528
-79.822684
-87.763915
-65.565645
-91.634889
-68.005594
-66.523321
-75.901179
-57.506051
-75.383936
-77.120958
-49.052092
-81.165986
-53.353438
-77.450863
-56.524139
-58.913157
-74.985867
-65.239468
-58.732356
-81.127870
-39.962169
-73.958745
-39.378960
-56.165274
-55.857796
-42.812807
-53.932347
-62.099685
-55.550935
-91.064744
-55.252477
-86.796167
-79.213755
-86.648532
-106.646450
-97.437149
-105.651065
-117.957805
-91.612406
-121.853751
-102.280869
-113.375151
-130.373013
-108.325712
-138.284408
-122.369620
-124.203206
-143.392815
-127.429504
-138.338499
-141.134368
-130.856424
-162.967698
-123.306802
-148.768478
-136.645952
-145.516318
-162.581745
-155.905501
-153.650097
-168.938951
-131.617706
-165.202022
-137.875512
-160.106019
-155.481495
-146.452498
-151.314495
-148.436740
-130.175301
-161.024553
-133.817634
-172.154559
-152.302638
-158.771630
-174.808116
-161.439595
-171.145012
-183.781953
-165.958393
-178.360555
-155.932751
-169.805550
-173.754899
-173.192001
-201.951726
-187.790350
-192.274277
-199.376799
-184.875735
-193.617025
-186.028880
-169.048666
-184.168286
-156.299600
-181.669406
-161.339747
-165.221057
-171.465625
-162.875192
-158.280844
-176.513839
-157.506834
-187.958640
-155.996932
-183.960610
-168.155720
-177.048483
-175.544654
-175.205527
-167.369988
-187.264020
-161.107820
-192.824429
-171.633676
-180.291039
-174.890423
-165.983652
-166.875349
-169.788346
-163.746549
-180.878592
-167.064033
-180.891866
-170.756853
-173.776806
-185.350055
-175.048034
-191.960969
-190.155884
-178.572025
-189.893533
-186.341261
-181.019668
-187.248157
-164.504883
-184.880269
-163.872039
-173.997256
-168.434250
-173.717848
-163.321302
-166.521821
-164.023075
-179.889650
-153.524338
-175.713910
-150.270151
-162.700462
-163.399058
-161.810011
-150.437971
-165.042011
-139.248894
-162.364803
-138.958534
-155.166161
-146.316451
-150.027656
-146.913277
-151.280069
-144.270348
-157.863597
-140.890839
-155.787478
-150.200123
-156.126294
-170.747152
-161.257363
-167.745704
-165.919640
-159.220311
-168.781850
-157.796865
-162.596964
-172.135064
-154.480883
-166.521296
-152.199804
-163.482339
-163.075282
-156.474812
-163.260931
-177.256021
-162.579343
-179.273938
-153.893719
-181.844427
-159.763840
-158.656869
-159.263345
-159.307092
-156.996727
-171.141628
-147.651553
-184.865272
-155.161112
-178.054021
-164.128533
-159.741380
-160.386898
-157.504712
-152.830647
-171.973505
-142.828757
-166.282464
-143.806006
-141.559425
-149.427282
-134.056390
-141.145128
-145.260034
-139.026697
-149.334504
-134.240947
-148.437549
-147.262371
-129.149985
-154.195224
-135.426829
-149.965542
-148.267887
-128.233120
-132.927411
-130.025634
-121.729827
-154.739165
-126.827602
-154.346898
-128.336778
-130.839622
-130.725070
-123.909499
-130.373839
-146.622497
-122.992349
-163.669721
-135.614407
-160.033094
-152.549588
-147.924640
-155.327689
-145.137055
-132.819098
-158.368154
-129.943527
-164.077444
-144.164214
-146.976031
-155.042243
-135.632482
-144.455314
-140.578381
-126.396626
-158.015991
-133.842229
-147.166938
-148.380778
-127.909121
-157.736925
-132.340365
-142.371583
-142.448583
-127.004284
-141.838671
-136.915271
-128.646284
-151.263013
-110.787673
-143.080894
-110.763066
-120.926026
-130.066333
-114.268133
-114.705199
-125.224222
-106.335506
-145.281132
-108.768920
-142.444138
-137.066949
-141.771564
-152.962151
-141.777992
-136.954623
-165.336913
-134.397176
-176.079075
-150.252358
-158.018337
-162.650238
-155.308051
-164.811969
-150.709840
-134.707217
-148.053973
-115.874806
-141.001250
-137.847529
-129.856819
-150.149783
-114.928546
-128.370211
-119.981359
-112.771494
-126.975448
-114.720949
-111.545144
-128.285645
-96.087535
-122.722466
-94.394366
-111.755229
-113.353593
-106.748097
-117.055646
-122.622349
-99.634366
-121.522375
-88.679921
-122.513698
-108.083587
-119.809749
-120.484162
-115.126766
-122.510548
-143.585572
-125.727037
-153.158449
-118.653301
-135.396275
-129.095164
-114.000216
-117.010462
-107.752101
-107.283180
-118.629435
-92.243545
-117.430687
-108.162865
-108.588754
-123.795695
-97.471083
-120.823644
-113.925027
-111.132452
-123.029804
-113.597249
-122.570019
-135.671668
-115.813536
-149.584341
-123.345602
-136.479243
-127.112969
-122.303061
-134.441497
-136.347301
-116.706219
-148.544315
-117.071078
-152.289162
-133.876591
-141.929439
-138.446225
-125.863191
-125.058998
-136.505577
-108.683491
-142.658571
-116.442939
-139.260434
-131.087075
-120.059967
-125.762638
-120.604313
-118.133086
-132.982473
-113.938719
-146.475709
-127.123562
-125.863513
-139.248241
-118.608038
-133.687148
-121.095518
-115.070813
-129.352887
-102.746535
-108.094883
-113.250542
-91.591617
-126.342657
-99.601248
-119.912161
-118.926192
-111.295088
-122.172395
-121.608290
-112.740606
-141.258062
-97.819739
-135.197611
-106.850101
-113.039414
-121.992821
-106.884089
-112.274770
-134.072578
-104.961023
-138.989153
-97.296288
-115.181712
-106.543694
-99.781277
-118.615854
-96.859071
-88.697190
-110.299608
-75.929262
-110.456235
-97.542214
-96.570903
-112.421198
-89.596013
-101.539904
-99.329979
-87.758876
-105.735530
-82.062492
-87.604708
-86.223108
-54.335537
-84.638334
-57.707743
-73.013128
-73.853098
-72.085336
-93.137334
-95.611872
-98.127368
-124.673960
-90.592114
-130.648801
-101.843663
-108.332628
-111.583525
-104.689048
-108.906065
-119.820976
-92.987104
-127.577818
-94.200954
-131.176281
-123.456066
-118.329284
-132.990249
-122.474003
-122.831194
-144.097292
-114.655016
-146.428375
-118.993511
-122.253840
-132.272261
-110.363914
-129.190570
-123.267566
-105.910483
-124.806151
-99.939979
-114.304327
-116.894232
-103.494146
-139.533712
-117.336004
-131.406932
-124.842324
-112.385761
-125.574971
-119.058591
-115.436446
-139.268764
-113.620008
-139.767330
-117.427135
-127.034822
-127.577874
-116.988509
-124.697316
-133.720651
-113.827284
-148.871941
-116.981134
-144.284108
-126.396852
-132.054053
-138.717419
-133.619805
-130.419398
-143.631595
-116.009466
-144.424478
-128.354643
-134.852349
-128.489024
-109.561602
-113.868282
-102.954634
-98.252237
-109.998639
-92.679426
-108.948540
-110.244655
-103.930006
-120.986087
-105.669365
-126.294927
-124.423636
-128.664803
-125.836164
-121.695528
-121.193477
-129.659216
-102.385607
-119.737903
-100.791275
-120.486568
-117.369860
-128.559174
-131.869462
-138.434097
-127.849159
-146.565582
-113.824962
-136.795548
-117.301891
-132.982055
-131.504698
-135.119589
-129.399060
-133.896083
-113.479540
-130.586976
-108.812189
-125.368338
-109.860448
-106.690145
-112.220214
-103.953398
-101.527375
-106.303297
-101.703705
-112.900180
-107.615298
-117.516054
-125.316574
-110.529141
-127.605504
-123.926222
-128.841857
-129.820785
-124.206100
-124.498850
-129.049094
-111.344953
-138.466130
-111.760162
-127.539534
-121.351548
-130.357667
-135.200236
-139.740257
-127.962926
-146.537662
-116.811952
-144.709230
-124.696276
-136.947665
-131.603444
-126.721313
-113.242465
-116.948442
-98.360929
-121.712577
-88.429305
-100.353725
-77.190914
-69.075166
-77.041987
-67.440751
-68.668877
-84.352178
-65.475605
-85.405962
-65.901615
-68.629824
-78.754289
-62.511278
-75.827256
-61.216809
-63.532866
-74.257635
-57.939237
-64.821872
-67.152905
-53.393300
-85.755387
-54.970427
-76.337404
-71.689660
-78.159685
-79.872088
-79.627246
-80.396032
-115.175442
-88.226758
-112.211375
-84.937601
-98.367303
-92.706337
-76.975351
-86.785494
-90.579993
-66.066797
-92.055095
-56.662012
-89.392212
-74.145377
-71.707750
-82.910613
-73.211391
-85.056127
-91.722894
-69.114606
-104.341034
-83.271179
-87.943643
-97.134806
-70.179043
-90.148359
-78.423366
-75.617947
-80.840035
-61.732414
-79.319388
-77.944656
-56.553822
-83.626201
-57.060709
-78.312422
-74.465577
-78.554556
-86.951452
-77.815197
-71.726301
-89.934558
-58.722707
-99.409577
-71.651147
-96.142810
-96.401146
-90.979402
-97.941517
-90.851422
-68.030944
-99.560362
-60.938577
-91.336971
-70.267132
-63.571244
-77.539220
-67.245615
-63.056294
-67.832998
-45.935207
-76.101209
-49.183513
-68.916662
-74.479573
-57.725477
-83.901158
-70.575257
-71.896602
-89.352733
-69.922669
-91.783522
-81.001418
-66.199170
-96.333645
-64.790375
-87.468990
-68.356081
-71.470368
-82.301577
-68.439004
-67.536844
-72.334178
-36.987986
-79.726758
-43.355758
-63.449208
-53.461517
-44.013812
-48.478551
-34.375415
-20.397186
-44.134029
-10.934535
-48.684039
-26.913972
-39.308776
-43.758744
-27.179580
-30.991073
-34.155620
-19.631393
-50.006414
-22.808874
-37.973723
-30.935200
-25.550395
-47.436383
-31.142733
-37.019281
-44.968355
-26.719394
-43.565153
-30.688232
-32.540023
-46.194020
-27.292134
-57.342822
-35.168933
-42.337939
-46.669558
-41.051153
-53.328989
-59.428274
-46.373973
-77.417281
-56.749996
-78.726056
-63.651917
-64.019496
-66.709871
-64.096154
-63.766100
-84.019340
-48.329960
-84.769932
-68.310745
-81.804459
-79.062055
-70.277911
-75.192109
-73.028005
-56.853008
-85.602998
-60.694110
-82.477119
-73.456661
-67.044125
-76.773628
-62.078596
-71.280331
-70.435606
-50.850921
-74.750106
-53.857654
-56.061508
-65.602872
-39.139856
-66.491270
-43.546311
-52.568249
-62.034992
-53.669533
-70.706145
-73.603640
-57.163474
-91.745349
-57.739986
-90.441824
-75.852387
-77.072142
-90.192160
-84.718179
-73.628781
-87.427802
-44.796088
-79.711874
-47.425791
-54.004644
-47.907882
-41.199235
-47.048564
-41.027992
-28.556485
-53.767342
-23.482962
-51.842965
-43.877000
-47.054004
-51.933250
-29.185773
-33.186342
-35.672631
-9.541081
-34.080124
-8.701065
-12.548129
-13.018431
22.861259
3.032108
22.201349
11.129870
-0.489794
6.399774
-5.152084
-4.136367
6.531588
-26.364318
9.811683
-18.001691
-6.800040
-4.174189
-15.085089
-4.573929
-1.753056
-32.076072
8.050248
-27.901817
9.100744
-9.736168
-14.465022
-10.297028
-20.405439
-21.851327
-4.505708
-36.864030
-2.962383
-26.940761
-10.031614
-1.296771
-15.726002
1.908573
-6.686862
-13.398264
14.965191
-16.121706
5.768270
1.636151
-7.438259
5.657255
-26.031937
-14.328654
-24.639528
-42.312146
-28.835266
-34.130585
-33.946404
-17.480519
-47.347023
-14.664943
-48.686433
-32.130984
-28.806880
-42.002344
-33.992944
-30.833545
-55.844957
-25.964880
-66.329881
-30.421103
-51.565820
-38.738710
-26.716059
-39.564818
-43.091937
-31.650683
-65.070739
-32.542785
-64.978061
-47.940068
-49.318012
-55.508739
-38.191715
-37.736961
-48.269746
-28.970529
-56.606258
-33.357256
-42.303151
-40.518506
-23.480240
-44.213570
-20.872340
-22.457394
-29.495562
-21.635324
-38.207163
-31.218695
-15.507669
-45.306227
-20.687070
-45.652006
-26.096216
-33.822164
-41.716422
-42.348191
-40.540514
-45.836414
-27.622546
-58.968948
-29.416914
-44.781973
-34.355829
-36.121369
-36.099785
-27.738606
-9.944879
-32.897085
-10.722354
-35.529628
-19.255648
-32.643304
-33.742024
-39.535360
-41.467722
-46.029638
-37.706521
-58.416724
-49.112466
-69.601303
-69.342757
-67.500365
-76.938074
-71.263202
-77.374536
-72.181285
-75.037396
-82.938495
-75.868640
-72.972338
-79.366759
-62.017826
-77.322023
-61.072416
-75.956990
-73.814540
-72.638486
-74.941255
-77.991538
-66.554845
-84.398343
-58.378649
-80.368792
-59.472061
-73.106491
-69.434984
-70.437092
-63.759769
-73.006838
-59.607769
-91.289742
-63.142964
-73.841877
-64.084175
-60.038531
-66.815365
-74.233613
-64.319738
-80.419208
-57.356997
-78.737283
-66.019211
-64.422793
-75.309133
-77.489439
-93.545168
-93.069772
-89.207652
-104.338394
-90.996328
-91.071480
-99.203430
-78.401902
-98.391946
-72.919243
-82.436641
-81.774050
-75.549733
-90.583623
-96.999067
-77.258039
-114.108672
-82.393869
-113.948081
-94.245218
-94.221217
-100.667372
-87.916240
-87.656400
-102.360597
-73.535358
-106.023138
-73.745158
-89.769118
-83.105698
-76.178964
-81.484924
-80.263974
-72.270854
-93.193513
-70.807128
-104.116479
-91.787607
-97.627213
-108.382645
-81.996811
-90.165157
-94.640387
-80.738348
-100.071586
-82.993506
-89.719428
-100.655645
-82.816401
-114.398207
-96.760666
-120.557884
-130.416841
-119.673340
-133.364521
-133.294306
-119.778116
-140.612888
-101.042626
-135.066125
-111.453911
-115.412213
-114.371746
-102.047086
-101.291141
-113.304739
-81.787381
-115.502046
-85.289396
-106.108099
-97.199923
-93.526475
-101.481632
-94.318216
-77.892486
-93.563111
-59.117075
-93.408268
-63.735812
-61.043941
-77.958407
-60.606728
-73.797361
-61.532926
-49.712114
-76.886262
-48.933644
-63.797557
-70.432246
-58.462845
-92.578623
-79.097289
-100.616947
-100.111478
-87.346438
-91.820618
-80.815179
-72.969296
-93.760320
-62.745639
-102.011942
-80.303310
-93.402334
-99.195085
-97.160470
-101.794017
-102.313171
-77.955493
-113.914407
-79.675977
-106.252576
-96.489515
-101.983113
-120.030227
-112.661802
-105.569192
-124.656809
-100.674500
-134.350739
-110.868323
-120.443984
-120.613087
-118.138472
-129.221555
-126.162706
-119.822693
-131.069253
-100.732124
-128.160487
-119.783949
-114.108740
-142.322947
-123.972982
-149.707875
-150.391687
-144.550402
-159.732100
-150.985123
-155.820403
-171.623415
-153.639093
-184.329978
-155.075103
-178.413610
-173.086136
-162.022579
-158.733888
-155.087245
-143.066133
-162.079745
-123.522606
-151.938679
-124.063838
-135.219746
-142.568237
-137.722932
-132.134313
-145.408362
-120.905119
-150.569684
-128.146317
-145.450466
-138.238638
-131.910471
-152.534218
-146.182197
-145.892959
-161.072983
-139.427643
-164.167926
-152.792541
-150.368942
-164.787786
-145.114931
-164.623420
-154.135140
-152.590079
-165.548642
-150.656896
-154.612576
-158.978582
-129.997079
-157.584583
-133.335052
-154.025123
-150.947481
-135.882626
-135.662458
-129.843775
-107.668377
-135.297385
-100.982887
-128.670530
-101.330093
-98.831678
-98.433696
-94.802703
-99.000819
-112.144648
-79.234662
-109.492369
-73.884567
-88.235057
-76.673694
-64.064717
-71.524706
-72.012401
-64.710235
-86.789108
-56.480093
-86.599179
-68.832172
-59.951598
-75.158740
-43.842759
-58.044082
-50.083224
-33.085385
-50.234398
-28.558588
-34.551089
-45.850453
-24.039841
-54.999235
-14.299898
-31.215857
-26.844472
-12.341545
-24.263051
-12.818265
-5.880565
-43.784680
-5.443196
-41.290264
-20.180534
-24.993833
-29.612085
-12.582278
-8.436796
-29.040487
3.521088
-27.892718
5.070617
-15.176837
-8.662626
-6.081775
-18.560898
-19.013403
-19.290998
-42.935463
-9.331226
-36.447894
-23.041595
-28.979881
-46.910845
-17.530895
-36.318278
-31.878640
-35.490357
-59.694049
-39.216477
-52.741937
-55.129222
-35.120888
-69.542362
-45.540666
-67.632682
-71.275991
-63.211241
-84.454828
-81.804291
-66.185046
-98.043272
-61.254937
-94.719860
-65.608699
-72.494298
-72.785042
-55.792368
-50.094165
-55.030697
-31.147896
-62.266829
-22.119959
-49.045948
-31.327042
-19.636861
-19.515298
-16.638013
-11.564299
-28.612657
-4.095003
-35.989997
-23.228808
-35.074732
-49.745292
-36.727179
-50.710461
-44.541371
-40.572657
-48.473059
-39.622447
-57.283443
-57.710546
-49.753180
-75.484636
-50.755468
-73.682970
-74.860024
-73.735929
-73.965010
-64.434012
-60.076881
-72.131191
-43.519777
-70.765335
-42.358462
-49.850539
-46.579407
-53.802220
-56.503845
-65.559852
-47.211490
-66.301096
-39.065089
-65.074479
-38.256888
-53.672257
-48.708223
-47.233152
-45.426656
-46.974792
-25.361281
-40.124430
-30.840954
-51.818519
-51.829103
-55.774555
-66.580661
-58.196655
-65.052991
-78.708932
-63.546811
-63.034213
-59.202747
-62.088229
-74.669832
-62.640368
-78.749173
-67.150162
-69.000366
-73.565041
-77.976186
-71.569523
-80.700745
-64.078556
-85.099022
-62.584824
-74.575278
-66.090043
-63.737741
-61.388477
-72.141855
-60.234930
-84.679248
-59.681780
-83.538505
-58.641812
-64.966769
-64.349431
-61.074477
-57.206277
-68.454959
-51.705704
-77.807987
-59.547873
-79.649718
-76.562452
-74.704056
-81.961479
-68.350271
-66.518695
-74.860467
-56.338255
-74.295627
-69.398825
-71.552791
-93.185665
-81.416728
-98.891191
-86.377978
-89.769192
-95.624384
-83.592168
-81.278371
-90.579523
-73.265236
-103.355962
-73.008145
-88.565234
-76.939693
-68.376597
-73.716140
-74.218265
-51.085637
-80.314644
-50.334936
-86.071266
-59.266018
-67.777502
-68.982986
-59.382087
-62.441060
-72.611148
-50.446559
-74.977398
-38.696086
-62.084425
-57.832393
-50.171947
-57.539151
-44.343871
-44.255521
-55.194169
-30.792072
-52.152075
-37.652012
-39.497867
-57.662338
-35.228784
-61.664334
-42.840224
-39.469142
-55.716807
-37.396488
-49.596343
-56.368049
-31.112153
-58.032431
-23.477358
-47.108614
-40.202168
-34.689690
-50.224424
-48.084742
-45.792222
-71.480740
-32.178828
-69.515696
-51.559440
-79.807566
-87.883265
-82.758520
-94.822926
-100.010133
-75.421707
-106.436915
-68.775428
-97.849113
-84.278261
-75.943447
-91.407952
-77.774735
-79.972790
-91.003982
-70.700791
-100.792843
-84.806468
-101.501192
-109.018705
-82.224553
-97.846907
-75.119997
-69.150738
-86.876867
-76.723574
-85.393183
-83.602360
-60.759560
-89.521096
-55.754897
-84.305390
-72.437970
-75.167128
-93.621826
-88.390006
-84.553947
-103.941741
-76.704713
-119.199636
-95.753070
-115.377495
-109.123346
-111.841290
-118.900099
-124.060880
-107.503563
-136.232064
-103.045412
-137.896830
-111.059991
-114.690943
-119.021031
-101.248447
-103.271902
-104.311044
-82.691063
-105.950440
-73.056659
-88.046969
-89.037813
-81.965587
-97.197028
-84.703772
-83.009107
-77.530283
-60.007056
-77.405715
-67.778177
-64.280472
-81.144877
-48.260757
-72.578160
-45.878942
-39.389400
-46.421371
-38.362619
-34.086919
-42.173254
-14.386720
-56.133316
-27.807698
-55.799208
-52.422716
-56.809768
-68.896512
-69.085787
-58.726677
-78.586391
-46.737092
-80.004012
-46.725093
-52.571166
-51.368244
-48.654646
-62.464809
-60.846616
-45.375111
-75.921871
-50.564035
-66.589642
-62.499059
-58.146366
-83.424647
-74.430265
-84.553320
-86.059689
-75.430858
-103.384650
-95.787443
-96.834574
-112.781020
-91.526767
-108.631845
-81.107041
-79.998705
-71.877154
-56.113246
-56.806911
-70.149878
-41.292496
-69.093978
-30.408486
-57.153758
-48.576276
-42.313614
-52.925284
-44.712223
-30.463721
-55.402725
-22.709646
-56.803051
-35.495657
-51.043643
-45.807268
-27.956481
-34.460355
-30.211289
-11.731949
-41.857296
-4.058155
-27.273622
-15.981279
-7.067555
-27.385395
-10.126276
-22.838123
-34.336010
-23.470686
-53.565105
-44.169043
-45.756405
-69.907599
-43.359442
-73.929663
-61.690433
-74.688737
-89.785217
-75.722411
-78.797284
-88.492987
-74.560115
-111.103905
-73.671522
-91.067787
-77.881450
-68.046169
-71.648192
-61.625767
-57.074251
-74.156834
-29.537915
-61.138970
-20.382487
-33.852866
-34.391969
-27.683278
-38.494757
-35.819076
-20.531658
-53.632868
-18.099014
-40.632631
-23.421378
-20.827101
-37.972937
-18.733173
-23.144260
-32.208259
-10.367729
-35.553717
-17.972526
-31.197198
-49.883129
-28.955685
-61.196418
-48.510090
-57.216332
-69.597687
-53.509469
-61.906716
-58.888583
-41.749830
-81.912264
-39.366115
-62.305521
-57.750957
-51.993456
-55.545301
-51.385771
-54.304201
-81.542519
-48.010798
-81.756464
-38.349458
-47.790494
-40.193417
-28.119900
-36.955574
-42.594042
-36.829264
-62.724298
-26.704988
-52.842062
-30.843955
-24.981494
-37.540145
-26.784198
-33.332761
-45.940033
-27.911183
-55.250288
-35.970379
-43.955623
-52.223459
-34.262935
-53.087675
-31.665036
-32.150871
-39.833203
-20.315562
-26.228319
-13.511546
3.680058
-13.694125
16.722658
-9.476952
10.764324
7.343026
11.883336
18.834011
19.410711
11.032149
41.962786
14.036173
30.420755
8.683457
16.562633
9.146772
-0.097786
-6.198585
3.854912
-10.252056
13.659827
-10.259442
13.447022
5.973096
11.495524
11.694813
5.307053
0.812803
13.024732
-4.638184
11.347835
-0.484992
12.083694
26.548591
23.767355
40.612409
30.825462
31.526774
29.307661
30.105858
29.590203
32.695625
20.018553
34.939471
9.859101
31.032675
25.720358
31.428405
26.062619
34.308078
20.194423
31.211413
9.767783
34.518433
15.342802
28.460336
19.956517
18.642216
12.734086
24.225623
6.443345
20.239866
-2.326197
22.647607
7.601513
15.782175
22.050954
27.129106
28.997626
37.893357
24.465133
42.801088
26.136928
28.906523
31.262462
18.182298
24.381074
12.289108
11.941686
19.386472
6.456979
13.631610
19.365748
14.819397
39.680250
14.705708
34.822199
21.768044
24.643159
27.566506
24.541924
13.327896
26.065769
-9.239521
19.318299
-12.257114
6.357454
-0.886195
-6.904300
-8.601631
0.584871
-20.640087
1.547189
-18.688910
8.890819
-6.318168
8.503339
16.968229
5.320695
5.466019
13.473736
-15.114748
8.278640
-13.969444
-5.271100
-3.088819
-16.392466
0.697896
-8.078552
-4.832328
7.842665
-10.182946
12.292627
5.950389
-3.655830
22.736564
-5.150704
14.952979
2.829517
-1.395393
5.707681
-4.761245
-1.926905
13.387393
-14.016125
22.851120
-0.862739
15.329551
15.820994
13.850878
17.096178
16.834922
-0.086084
29.025122
-7.691555
24.190835
-1.440352
0.929747
9.186108
-0.021647
-2.659035
3.675749
-19.855374
5.927422
-21.312537
-2.796422
-8.038104
-21.632233
-1.411327
-19.299973
-15.564747
-5.331118
-33.491131
-22.818333
-44.955698
-54.361901
-33.459184
-61.676475
-31.225527
-40.279083
-43.738532
-31.197592
-40.624944
-30.294854
-5.866807
-31.302237
6.905632
-26.342576
7.277953
2.170012
-1.046325
10.318968
1.408120
-6.849677
24.126054
-14.225328
24.449076
6.661109
22.945903
31.269890
25.120560
37.803140
51.898435
30.456143
59.849993
24.029418
41.180586
27.843748
14.747598
34.513740
10.349195
16.774887
20.860072
-3.172026
23.323048
-3.922314
-2.346637
14.830448
-16.790618
6.525966
-14.954486
-9.450403
-0.972197
-13.514939
-6.385929
-0.524728
-23.946943
-3.075400
-40.433141
-12.779351
-27.579831
-19.314028
-11.238179
-15.221374
-19.832448
5.986033
-26.299574
2.514931
-29.185037
-14.916596
-17.770962
-28.726279
-21.979486
-18.573233
-34.577512
-2.608964
-34.051672
-7.839176
-20.231427
-20.357409
-5.347873
-15.316715
-4.869250
-7.984945
-26.813390
-2.065433
-17.991175
-9.528970
-6.451960
-25.122347
0.874417
-19.238793
-17.057691
-21.335179
-30.842932
-18.872026
-25.433581
-40.879977
-19.636448
-42.538062
-14.726488
-30.950033
-22.526053
-13.442626
-14.667223
-23.128750
-8.051440
-39.961698
3.558399
-18.537392
8.563754
2.972479
8.933456
18.339759
17.638480
5.482976
25.918380
-8.001432
26.581430
0.473547
-0.336735
13.180224
1.661570
19.422241
23.020470
3.304606
27.845597
1.487187
10.454448
17.035581
4.655148
35.160190
13.671254
18.847209
25.627713
3.525201
18.923860
21.074833
8.719532
33.610982
0.937644
24.221439
4.016209
-0.813610
4.223565
-1.745769
-6.187553
7.219993
-22.936055
17.219869
-21.728105
-6.062667
-12.675251
-12.666628
-1.961980
0.315632
-16.744003
7.671733
-21.505912
9.785251
-12.468343
-12.501695
-1.082972
-18.502352
-1.245401
3.865352
-21.411723
8.718386
-25.726985
-17.450077
-17.211392
-29.579459
-0.795911
-18.096690
-16.452021
-9.804534
-30.844406
-17.524839
-15.645509
-26.223721
0.601607
-30.020277
-8.048052
-19.537690
-15.097778
1.818271
-8.639974
-2.259687
14.103690
-14.803018
14.751410
-25.143319
-7.069286
-17.295211
-32.447825
-23.171257
-23.611574
-43.245970
-17.533949
-58.904191
-19.883467
-43.462689
-36.650585
-27.859568
-40.822270
-37.368946
-31.828383
-45.556672
-10.387234
-46.021051
-26.049280
-27.958980
-44.913759
-24.353525
-43.155579
-48.617680
-44.453067
-67.824659
-55.603687
-71.704336
-79.600877
-54.157876
-85.034852
-54.458092
-72.898772
-70.896975
-60.298126
-81.318942
-71.615383
-61.616712
-83.216245
-41.385727
-66.394521
-29.425102
-36.385971
-28.795961
-13.972405
-16.378109
-17.702487
8.265405
-30.450022
8.981715
-14.509750
4.274674
5.591884
7.090144
19.262608
12.222093
-1.270915
22.337160
-8.384641
15.533660
17.821188
16.511498
29.911556
16.585694
20.056762
22.196936
9.686342
29.616084
12.681684
18.829051
33.052560
13.878044
41.112644
27.009183
30.094789
27.774395
26.659866
25.863955
33.391986
15.506824
47.494349
26.145095
49.243894
34.884139
43.061179
23.186036
26.579860
18.502712
35.119125
15.727641
34.333204
12.086637
32.182134
17.177056
23.044091
24.265977
23.875604
14.955552
24.792409
11.207192
25.787447
12.004669
11.362219
9.209802
9.088773
8.820520
10.411670
3.115411
13.202634
8.366091
9.015669
13.441422
10.629052
27.499610
14.826028
29.873978
26.601775
25.971549
23.194506
19.908303
7.113258
29.128065
3.527187
24.954406
8.734560
19.395684
11.271718
15.345181
2.289556
17.920519
-5.133755
15.332530
-10.452894
5.191504
-16.095408
-20.720822
-26.514897
-21.300369
-22.863177
-5.896461
-23.959452
-2.302552
-24.756098
-20.529382
-13.775899
-20.554030
-11.839753
-4.619885
-10.713394
11.973267
-1.661891
5.231206
3.652108
-9.013057
17.192668
4.423970
29.340391
31.823128
18.725809
33.049369
39.110959
29.005899
55.514781
33.889721
65.924560
34.817039
40.978742
41.816384
35.914647
39.998915
54.977568
24.872551
54.418285
23.019084
41.766543
32.734743
36.101382
42.754090
42.906682
31.219565
46.842197
10.360514
38.748191
8.447288
21.874457
28.032557
15.575989
26.399260
13.479805
0.182329
12.525433
-14.689231
6.156358
2.452333
-12.554984
10.899484
-8.500168
12.847245
17.554810
8.737166
30.103394
27.550054
24.859586
42.424984
20.665501
61.898301
41.403104
50.438512
50.833111
46.847837
49.225120
62.717164
43.254908
71.026677
32.231622
60.839882
43.422902
41.247467
52.397007
42.201262
26.427376
34.052021
2.330661
36.855506
3.589864
14.848857
14.131190
-4.660498
15.754121
11.002556
0.549423
20.147673
-15.001267
6.064815
2.325022
1.024459
23.662438
-7.325307
9.478886
6.294897
-15.026107
3.946422
-12.581809
-7.931717
11.233894
-15.396148
21.205680
-7.277014
5.014713
16.733007
-0.032659
1.066517
-3.616411
-19.783568
9.952633
-31.036292
-4.422916
-19.748955
-8.926082
-3.243062
-9.014936
-8.320244
7.588575
-17.193685
26.151588
-8.765871
10.509725
7.565030
-11.463795
8.535150
4.255117
-8.851052
4.154132
-26.522757
-5.216722
-15.013593
-18.195396
-4.701113
-23.178116
-5.703621
-12.200621
-17.934524
-1.569297
-16.659803
-5.569841
3.968952
-15.869611
14.350392
-8.946742
14.588335
17.698576
5.951493
7.777510
0.513050
-12.048639
9.610712
-30.509634
-3.128766
-22.961155
-11.118575
-11.750163
-12.129009
-10.011765
4.359945
-15.728519
14.100969
-13.360729
14.982001
2.375754
5.199330
5.374583
-4.410972
-2.906219
7.493471
-16.528728
10.244986
-5.825090
4.077842
17.274508
7.912636
19.235428
4.680531
-3.124001
3.061810
-20.714196
-10.136985
-12.758333
-37.858796
-13.992774
-38.883512
-22.821306
-39.697552
-37.853902
-26.750484
-22.723248
-24.263236
-7.126957
-34.490769
2.384946
-22.923734
0.100167
0.200724
3.762470
6.469805
9.815139
-13.597702
26.857138
-3.542172
21.752338
4.859622
0.872136
9.981985
10.928902
16.996525
34.660219
6.579920
46.832259
21.616100
37.003437
36.897065
12.003622
27.884114
19.796017
16.464531
37.764433
17.083546
21.296318
16.262405
0.518052
29.693268
-6.727497
6.870719
-1.652410
-14.695050
-3.788373
-12.113657
-28.047178
-8.514932
-46.311214
-8.390360
-34.195676
-23.186958
-23.838093
-28.269764
-20.066433
-15.338495
-38.992537
-6.815773
-44.914603
-12.135129
-22.759799
-15.679098
-7.010369
-15.674188
-14.512028
-0.551417
-27.321505
6.317851
-14.576237
-6.445869
3.346399
-13.955676
0.799777
-14.848666
-26.718046
-1.461890
-19.885842
6.095955
0.629888
-15.952657
5.372329
-23.888712
-2.153877
-12.220554
-16.521677
6.900550
-2.667315
0.779671
17.071385
-12.016415
21.484713
-5.431542
5.016950
2.418277
-7.649274
5.180064
6.794475
-25.594360
9.545284
-38.320920
-6.143280
-30.485643
-40.623938
-34.556157
-49.062636
-57.885290
-40.930401
-66.214542
-33.829464
-69.706986
-57.985039
-55.813313
-62.116898
-46.959396
-53.013487
-51.198166
-34.830102
-62.029756
-41.788846
-51.994571
-61.484692
-42.344964
-62.673970
-42.188822
-48.867774
-52.753706
-40.489536
-61.780890
-69.146107
-61.616673
-96.204249
-63.333070
-93.218065
-73.624289
-79.895995
-90.815761
-84.975175
-90.690079
-109.280539
-82.042894
-117.373999
-80.690924
-97.489880
-89.746518
-85.030844
-93.778150
-92.635490
-83.342295
-105.358122
-70.423649
-104.785148
-92.792220
-106.901288
-122.126137
-112.090468
-126.383454
-131.298365
-113.764589
-136.664276
-106.729880
-111.729288
-109.471360
-90.053797
-102.447260
-91.289076
-98.724538
-102.191424
-93.802495
-101.795208
-107.042340
-107.355225
-124.942218
-98.834977
-121.803699
-106.635071
-118.595618
-126.209048
-126.305555
-126.034732
-133.651740
-112.678267
-139.995266
-103.908818
-126.538967
-108.433403
-113.412683
-117.896477
-134.183340
-134.518224
-151.852764
-135.718891
-154.017067
-127.689489
-132.721303
-123.827807
-129.024843
-126.889327
-126.995307
-122.934403
-128.745969
-111.693512
-121.272028
-113.507729
-118.862258
-123.149372
-112.528031
-121.929134
-121.758171
-119.487693
-122.495245
-119.177332
-121.048182
-126.767264
-106.185913
-121.521677
-105.033553
-128.620562
-128.545792
-125.238159
-113.664800
-124.638350
-103.722031
-123.531370
-92.646515
-113.396340
-93.712733
-99.461540
-100.702343
-103.101343
-93.812549
-111.265631
-89.052366
-115.284852
-99.279641
-111.444070
-101.685042
-95.870705
-90.149530
-86.069444
-87.798739
-106.602042
-82.447299
-98.704064
-81.130932
-77.254063
-89.201824
-78.148530
-86.245007
-88.395810
-82.173318
-97.672867
-86.567668
-91.845868
-112.929537
-100.318720
-122.101138
-104.305036
-108.038670
-97.101434
-73.897337
-66.446979
-68.743935
-47.095742
-73.677504
-45.236883
-74.966836
-53.436048
-52.864591
-53.180552
-51.225272
-43.822384
-53.264617
-26.564664
-65.029923
-37.328183
-60.899392
-49.578599
-41.723461
-43.556381
-34.217619
-28.715680
-54.174820
-22.831702
-46.691251
-36.881243
-36.063056
-44.593673
-29.612609
-45.540790
-47.538650
-36.619669
-62.430757
-53.453016
-55.308897
-62.637222
-34.165381
-60.826107
-39.686994
-57.823163
-53.763250
-39.785328
-48.218758
-38.721630
-16.869014
-41.726702
-0.314705
-33.753195
-7.181101
-11.750430
-16.837825
-13.916775
-21.581728
-35.167142
-9.486319
-38.011086
8.175820
-14.323976
-0.471045
-0.416885
-10.521524
-3.736286
4.048661
-14.429350
20.717762
-13.330543
-2.509481
-7.314322
-25.143242
-3.846652
-26.473792
-32.510098
-26.354349
-47.688916
-24.467647
-34.842268
-33.840563
-13.430567
-42.272051
-15.596028
-31.886850
-35.815128
-22.265670
-37.049128
-36.480840
-26.189664
-42.189918
-5.807047
-44.569598
-26.557524
-43.299317
-49.111810
-42.929673
-52.668109
-71.333594
-51.934928
-90.667643
-56.343710
-90.971715
-73.829136
-66.904112
-76.770432
-69.167660
-64.744162
-81.169388
-45.432098
-79.306946
-56.192660
-73.364195
-86.097662
-82.045169
-99.750899
-97.286763
-101.748145
-125.065433
-97.245908
-112.534391
-108.345052
-94.435655
-129.748811
-112.648382
-124.758596
-113.536451
-103.976883
-119.150218
-102.599704
-98.887628
-111.148585
-80.974744
-107.045488
-80.358080
-94.171605
-90.785404
-82.124686
-81.409798
-88.568616
-76.595973
-110.135247
-74.264029
-107.176849
-86.215941
-94.442430
-99.021683
-87.000103
-87.596483
-96.250782
-69.966190
-105.561511
-77.672898
-91.006002
-91.126814
-85.229424
-97.527192
-90.511685
-89.313924
-97.360675
-73.669898
-85.947046
-72.398190
-67.898958
-88.134554
-64.029509
-75.107871
-72.684877
-68.315789
-73.383761
-53.706036
-54.164930
-61.768614
-36.961543
-70.431387
-53.227681
-76.382325
-72.279443
-69.233211
-77.883269
-94.056142
-85.594280
-111.142587
-67.428121
-98.224448
-71.378315
-79.507009
-83.161922
-75.017724
-76.433835
-84.773599
-52.698680
-82.893282
-48.906013
-62.514409
-53.976144
-49.081005
-58.593410
-49.131997
-43.268353
-55.254229
-22.008357
-41.362063
-27.215996
-24.672977
-40.253287
-19.281022
-40.148861
-39.580043
-35.844319
-54.076856
-42.408422
-51.184256
-60.901140
-38.709655
-70.571549
-48.845520
-70.820043
-71.332497
-67.058334
-84.204418
-85.673439
-74.504767
-111.477880
-75.485000
-110.105260
-77.116720
-82.487977
-83.409595
-74.949795
-81.773212
-97.593676
-82.507470
-122.326657
-94.982390
-119.298477
-99.638684
-94.467734
-109.270336
-95.473030
-96.474970
-115.398390
-80.091823
-113.088834
-99.660466
-98.180768
-116.262705
-94.563966
-115.210588
-104.938424
-96.757790
-118.878037
-92.804276
-103.868135
-108.352079
-80.367196
-116.272337
-88.721752
-107.395103
-105.532780
-94.671402
-102.922678
-97.660262
-85.360760
-108.559061
-77.364705
-117.615191
-97.155173
-105.314729
-112.219949
-102.040169
-103.091188
-118.191251
-92.226804
-132.263430
-90.979199
-112.502954
-100.884070
-91.983759
-105.626870
-93.399489
-82.498894
-92.274195
-55.548065
-82.954157
-61.013884
-66.885522
-84.327622
-71.779424
-94.340696
-82.680836
-69.894191
-91.264992
-68.908100
-80.041700
-74.966259
-44.921552
-73.267826
-43.591580
-71.227865
-74.278968
-67.577426
-86.072350
-85.189529
-76.501933
-102.696659
-63.956820
-106.033513
-80.607669
-91.727440
-91.588701
-82.189547
-86.783567
-95.110498
-67.924302
-100.433532
-67.532167
-91.266317
-81.067710
-81.670742
-96.322360
-86.747358
-78.426115
-100.411175
-67.819122
-99.981296
-75.416626
-80.518104
-87.373569
-74.763173
-87.972051
-81.567125
-80.694876
-100.506227
-85.128327
-103.464647
-104.341042
-88.552643
-113.321708
-89.169187
-100.227115
-82.645044
-82.539528
-87.244853
-69.442702
-69.022967
-91.267620
-69.933378
-100.392664
-76.585717
-94.244070
-91.095962
-97.784627
-102.338962
-105.502945
-84.709368
-119.037614
-101.153725
-132.662559
-110.064858
-110.674242
-102.844291
-98.396367
-93.258321
-107.172186
-83.791270
-102.706523
-87.644216
-106.410964
-102.504996
-105.127372
-109.226646
-106.661054
-105.893959
-113.673353
-109.230266
-120.998086
-107.916448
-104.724260
-112.329172
-90.054758
-95.282137
-83.481899
-88.650802
-98.408683
-107.907675
-118.101806
-114.153994
-91.736913
-108.402648
-84.457908
-103.542459
-79.707659
-84.047206
-81.822952
-89.109357
-76.268452
-100.723996
-82.723235
-119.030544
-102.794210
-123.817000
-122.405984
-124.805465
-124.733257
-125.453410
-108.486659
-129.820843
-100.601666
-121.292497
-111.550924
-112.027886
-114.244608
-102.094038
-102.471885
-107.398259
-93.221705
-108.616015
-99.067949
-107.523089
-116.644222
-100.020629
-117.482467
-102.517871
-106.350005
-104.221462
-106.587287
-113.024756
-115.184345
-98.977895
-123.033795
-95.234243
-116.391576
-100.112512
-100.290008
-107.238441
-108.612073
-96.163943
-113.694266
-92.552206
-117.860542
-94.482896
-109.292648
-100.739039
-94.082232
-94.207382
-105.913157
-86.913074
-114.328651
-81.918323
-104.028383
-96.140592
-99.788502
-110.144978
-101.978748
-106.286557
-117.699525
-95.920180
-128.432472
-105.765434
-107.281581
-111.651792
-84.176372
-95.315184
-78.601681
-65.603610
-69.363913
-53.388023
-60.792185
-57.610017
-44.669837
-68.455006
-47.900072
-77.413036
-71.867014
-70.118848
-77.826030
-76.083742
-69.565531
-86.491595
-51.839219
-85.894944
-52.789946
-68.620760
-78.000478
-73.555809
-85.315220
-84.250464
-57.083226
-90.621931
-51.967380
-79.092533
-63.100219
-67.230531
-79.465477
-62.865618
-63.149413
-73.253406
-50.593923
-77.840510
-55.296523
-61.438452
-64.580147
-39.982192
-64.655551
-47.436159
-42.458114
-57.168562
-50.098893
-72.388170
-69.430734
-52.784319
-83.956491
-57.207660
-79.256775
-68.647080
-71.353345
-80.358662
-69.761112
-68.961454
-86.818711
-51.204682
-85.006839
-60.873640
-80.150433
-80.299453
-77.792486
-96.083298
-99.020614
-83.151234
-121.207383
-85.096856
-116.159994
-97.321189
-104.612501
-122.874744
-110.468353
-112.574496
-131.206432
-108.682151
-130.938022
-95.855404
-107.253658
-98.478268
-84.125616
-108.135605
-88.647232
-89.506220
-97.476504
-77.492235
-88.041610
-75.668121
-71.700945
-94.938281
-69.555267
-97.544226
-84.909703
-88.792497
-91.398383
-79.887643
-84.359059
-98.349709
-68.482038
-104.608488
-70.348852
-92.458091
-83.419566
-77.790279
-84.442068
-84.070135
-68.604282
-93.480401
-60.072609
-94.601267
-66.456176
-68.691268
-72.792707
-64.264796
-73.372091
-82.021557
-67.899625
-93.000482
-65.684693
-87.494403
-79.908522
-72.852705
-93.237247
-77.009747
-84.585414
-85.875438
-69.482436
-93.498470
-88.297306
-85.759932
-101.399659
-72.933224
-100.565119
-83.495260
-95.608217
-98.270421
-87.054766
-90.199169
-88.604604
-64.205859
-86.493446
-61.200634
-90.293204
-75.422168
-81.774344
-84.367707
-79.257478
-70.307229
-87.218849
-62.514490
-100.406157
-73.542689
-86.699977
-84.289118
-75.190850
-82.767356
-79.130694
-64.366227
-79.605223
-53.652180
-77.683378
-69.022178
-70.294224
-79.344297
-68.722266
-70.879026
-73.371832
-57.755121
-79.722924
-63.165059
-70.843378
-86.354984
-67.581878
-88.471651
-71.799092
-80.421263
-92.874885
-94.329343
-109.580427
-108.123161
-88.423945
-123.949919
-92.216200
-123.214241
-104.951184
-99.542159
-107.547138
-101.810610
-102.291496
-123.620880
-89.329016
-128.025928
-108.841053
-129.779688
-121.468833
-114.715525
-127.423721
-124.398263
-108.727332
-130.963999
-94.410759
-123.441085
-109.673568
-110.711577
-137.636013
-129.458651
-142.179493
-143.537209
-128.841502
-153.578421
-130.405611
-138.306664
-139.662299
-114.501027
-135.701801
-110.418387
-109.762873
-111.734705
-92.409473
-106.848761
-110.782497
-90.435289
-109.339499
-67.172189
-94.183147
-77.978733
-66.238377
-75.387894
-71.102477
-61.442701
-74.384370
-32.074862
-70.122949
-35.994886
-53.517770
-57.202426
-51.435896
-58.416629
-53.693765
-29.281081
-56.238524
-20.786481
-55.880154
-45.773014
-50.166975
-59.773500
-45.404614
-45.942907
-50.686059
-25.813927
-53.796450
-32.987865
-44.062905
-52.385420
-27.465108
-62.052340
-44.779738
-55.159987
-64.028906
-45.789228
-62.222886
-62.864760
-47.773407
-72.215959
-37.296353
-60.595707
-39.453756
-24.874302
-29.033170
-20.870442
-20.772944
-41.145494
-8.244320
-43.299582
-6.301454
-18.920253
-2.941201
5.495513
-9.876193
-9.474438
7.929955
-13.237652
20.821101
-10.118121
16.302502
11.585799
0.334042
12.214856
-4.735542
-11.856231
10.234910
-19.566047
9.889834
-4.722891
-5.225398
12.063701
-13.036470
4.508247
-2.820430
-10.804123
6.018472
-11.388262
-3.931698
9.633526
-16.245323
17.360352
-7.710065
5.275573
-1.452362
-14.651766
-4.080410
-17.115694
-35.745151
-8.881806
-45.985440
-18.284792
-40.870216
-36.825102
-26.226799
-37.882139
-44.123841
-33.993088
-63.562841
-33.880282
-70.645620
-45.101152
-50.031122
-52.366146
-51.956699
-71.176490
-82.883344
-60.978686
-85.979095
-59.401733
-75.681956
-71.548708
-64.631617
-81.577100
-67.879507
-78.680209
-83.996403
-63.801199
-78.962988
-72.314828
-67.940239
-82.507253
-57.599633
-75.871916
-52.829166
-62.345428
-64.478595
-64.301393
-62.433888
-65.761907
-48.990190
-64.401584
-22.729546
-41.109770
-27.813007
-38.892206
-35.440974
-40.820021
-25.847601
-40.738540
-10.722763
-31.636844
-4.301347
-10.416231
-4.221515
-3.679811
-1.978983
-9.686128
-2.809162
-21.178547
-3.127976
-17.711714
-7.482472
-6.077695
-13.439931
-14.257820
-21.805761
-24.080481
-20.716667
-25.495752
-25.982649
-39.017194
-54.552673
-46.885628
-67.593263
-50.029589
-75.995698
-65.117405
-64.354805
-65.156774
-63.758225
-56.087749
-69.274168
-45.914391
-73.637030
-49.540093
-57.616874
-59.786793
-70.946629
-66.178313
-74.160949
-56.917129
-84.354880
-64.980120
-87.317299
-80.944220
-86.098728
-85.392669
-91.725125
-82.536296
-107.829580
-92.920293
-110.805487
-93.521322
-105.213661
-109.234533
-104.421758
-109.614171
-103.311309
-87.584066
-99.626274
-89.911138
-98.273992
-103.704207
-94.271095
-119.606563
-103.801476
-106.748488
-109.633479
-99.811869
-104.737709
-101.907944
-81.839204
-96.231541
-70.997131
-91.185931
-75.553197
-87.939244
-88.619939
-79.347949
-79.157234
-95.718180
-68.743498
-97.042131
-63.873593
-82.976826
-75.307753
-80.889703
-83.421721
-82.284729
-74.559769
-90.914404
-55.080370
-70.063287
-55.480892
-62.713437
-64.838427
-53.919996
-67.723892
-65.183958
-48.551870
-61.903749
-41.471999
-60.717984
-66.321325
-55.938329
-81.222262
-61.133981
-71.270612
-72.931619
-56.942758
-62.617571
-53.480183
-43.282526
-67.239268
-32.873502
-60.222406
-34.019616
-41.143824
-45.904950
-36.325075
-33.848313
-43.502499
-19.761221
-49.884589
-13.123964
-40.124720
-28.697338
-25.322763
-30.280940
-26.599962
-20.481663
-39.685037
-4.929025
-37.200168
-16.750815
-27.782310
-40.816520
-34.235897
-45.359116
-40.584313
-26.411600
-49.217199
-22.617259
-29.613838
-22.562733
-19.632437
-40.727821
-19.093201
-36.186073
-36.506348
-27.843686
-52.319571
-51.508857
-49.538010
-74.942267
-39.559563
-75.839336
-61.695443
-68.498582
-69.333493
-55.251829
-60.134762
-67.669055
-45.868053
-81.669528
-45.806047
-74.407059
-56.244278
-58.233091
-72.997889
-68.342292
-67.581907
-89.482041
-56.623298
-98.078807
-76.154839
-82.407934
-89.803775
-88.002963
-98.646173
-99.813617
-87.114981
-107.696775
-76.017945
-102.581732
-89.739122
-77.957000
-99.549853
-81.833279
-92.976855
-84.623887
-69.143462
-86.732414
-73.464702
-58.671958
-69.005757
-39.057349
-74.622977
-62.633791
-81.354508
-88.549572
-82.943576
-95.844528
-97.725545
-72.312199
-111.310092
-69.994570
-97.917068
-67.112204
-65.908375
-78.926818
-70.553470
-70.041975
-81.558541
-46.741071
-83.590517
-50.596114
-67.904310
-66.322384
-61.816328
-76.351045
-70.285044
-62.921597
-83.172727
-61.334146
-90.643359
-74.082368
-69.916521
-80.014283
-54.116652
-71.769335
-66.072638
-57.010095
-79.733116
-64.260128
-81.798295
-93.539530
-68.073489
-97.607164
-64.672509
-81.679951
-73.714076
-65.818709
-79.645847
-70.046316
-65.260232
-93.719184
-58.995399
-92.031849
-70.809253
-84.116987
-80.281732
-77.574941
-76.283865
-83.886848
-57.973313
-88.972556
-58.391239
-81.405656
-68.385759
-61.360633
-69.656792
-61.333005
-60.328464
-75.829060
-46.732577
-67.664243
-38.864797
-44.694191
-54.686595
-42.053234
-68.818868
-60.176056
-46.050430
-48.045701
-32.278962
-40.329153
-37.444300
-17.093422
-39.202380
-7.487114
-22.608447
-10.141780
-9.435928
-20.486615
-9.750789
1.846888
-23.067129
7.713381
-29.036305
5.412639
-12.873523
-12.213961
-1.625531
-0.958764
-6.263503
24.807518
-0.667919
39.986003
13.643076
30.708337
22.288257
6.603594
3.687701
-7.330608
-31.301862
-6.041844
-34.033724
-13.519428
-20.158150
-22.510868
-8.251382
-24.780651
-13.405401
-11.030076
-40.001763
-20.051889
-30.213657
-24.066735
-1.053919
-24.626966
-3.059695
-23.019188
-22.640108
-16.173990
-38.637659
-32.061338
-31.871912
-58.181726
-22.906732
-62.242703
-40.416950
-49.577562
-48.605247
-39.289755
-47.797869
-53.932370
-32.936696
-68.453367
-36.133279
-66.030547
-54.289043
-60.166134
-69.453655
-58.885134
-57.086388
-70.306792
-45.320944
-84.830293
-54.313406
-72.118658
-79.430388
-63.821926
-82.714440
-74.088070
-68.497554
-90.415298
-68.384838
-91.210284
-95.020355
-94.698659
-127.979898
-102.575470
-126.031084
-116.657790
-110.075966
-130.032035
-119.931814
-124.157537
-146.338308
-110.181191
-138.361035
-97.464827
-100.656868
-98.516492
-82.732901
-89.991321
-80.415453
-51.434946
-86.935013
-44.481757
-77.087036
-61.965109
-59.705520
-63.909384
-56.863543
-57.616303
-70.940298
-48.251933
-79.744924
-48.961717
-62.448091
-60.706437
-42.728985
-67.175294
-65.455462
-61.817907
-94.080684
-70.483449
-89.630577
-74.486428
-70.666120
-88.764434
-58.862212
-70.775307
-54.680467
-37.408309
-48.629259
-33.326766
-28.287474
-39.613636
-11.046763
-43.564528
-9.825463
-24.487114
-24.391345
-15.291233
-18.731385
-21.987452
1.438339
-29.420116
11.070283
-19.536893
-2.940867
-5.376809
-18.734991
-15.441276
-19.095757
-38.930127
-10.091126
-43.963583
-16.812481
-36.221746
-42.017006
-31.421137
-43.058655
-33.947460
-22.585790
-37.713965
-11.209621
-37.381928
-26.962336
-18.253297
-43.285257
-25.920548
-42.168206
-50.722757
-43.883696
-55.492957
-35.243890
-24.897787
-35.371491
-5.614917
-29.960569
1.992207
-3.685395
-6.403794
1.919097
-1.886692
0.289007
12.126962
-14.619625
23.931827
-7.715707
18.062732
15.515848
14.125863
16.969831
18.293178
8.315248
33.903542
9.426867
38.119940
7.668522
17.969310
24.791063
22.624933
19.328775
20.085729
5.708411
26.641832
3.827148
16.599314
10.362278
6.619834
23.714472
8.428747
19.225626
17.868192
9.337428
21.655925
14.176257
9.322376
22.638786
-6.889216
11.343966
-8.267502
-6.233272
-7.216565
-9.622774
-13.413854
-8.123622
-24.911717
1.687194
-27.316497
-5.323418
-22.431074
-20.544378
-26.274337
-17.186319
-24.142665
-11.824513
-30.756186
-4.497285
-29.304129
-14.934328
-26.414236
-37.443409
-41.446782
-36.803337
-40.091071
-23.178309
-49.503805
-31.844250
-40.249669
-41.124661
-38.513472
-51.748530
-55.693813
-62.351971
-61.827813
-52.140557
-52.640593
-47.536524
-52.624451
-71.848532
-53.391663
-68.961008
-60.764353
-67.001671
-60.868193
-64.621912
-56.935396
-72.187437
-46.386954
-73.755303
-49.589401
-63.223730
-49.376987
-51.693368
-57.717704
-72.002708
-60.229558
-78.660241
-53.850096
-84.331602
-64.080684
-73.705385
-69.727834
-73.160741
-75.189065
-86.143161
-67.665449
-87.504826
-72.978341
-79.706942
-75.238727
-66.399380
-73.740206
-60.911863
-59.132426
-63.603737
-50.229971
-63.488606
-54.864533
-49.497022
-64.498342
-43.391116
-62.482523
-54.922095
-54.441175
-57.489533
-56.471498
-52.477338
-59.236055
-43.941756
-70.883677
-37.122070
-54.925401
-46.628286
-46.816444
-51.511853
-60.871128
-50.380101
-70.134277
-39.404228
-74.414240
-51.507229
-68.901990
-62.597417
-52.525496
-58.303050
-65.246220
-34.942754
-62.436726
-38.281518
-52.767311
-42.978628
-37.129255
-56.550383
-53.321360
-55.079295
-63.071775
-43.658801
-61.360763
-44.422915
-33.629591
-49.888983
-26.833224
-43.754741
-25.124628
-31.208528
-37.219934
-24.138165
-27.501927
-28.533928
0.738260
-25.061090
8.892685
-22.601217
-15.427160
-15.579871
-28.489117
-23.890059
-8.519001
-32.116298
4.982899
-32.415803
-7.399067
-11.115948
-10.842577
-1.670040
-13.439721
-21.888239
-3.901977
-37.845261
-5.044371
-27.588059
-26.487173
-14.219159
-34.982092
-30.633188
-32.371949
-53.026992
-29.147823
-53.979276
-39.735115
-38.246056
-51.665844
-29.696211
-59.273087
-36.963973
-39.858424
-53.648282
-44.323096
-54.145681
-62.394368
-46.991119
-81.611390
-49.141434
-78.818643
-68.411548
-62.115710
-72.952372
-60.683873
-51.032000
-80.758628
-42.553709
-80.437870
-49.223046
-54.123336
-54.190636
-36.492903
-39.109925
-34.718640
-11.540515
-35.683807
7.735911
-16.001984
-9.751301
-12.311027
-21.056328
-4.843332
-5.326274
-2.383941
30.657762
4.519986
25.400587
18.409257
-3.389389
15.914045
-17.681506
-9.948015
-26.871519
-44.967430
-26.389880
-47.604005
-48.118316
-36.781764
-69.941144
-40.874323
-65.285318
-54.694045
-53.260614
-64.729472
-62.741313
-58.428102
-78.952787
-48.012493
-91.361657
-66.549171
-85.118294
-85.732092
-78.882221
-89.731191
-79.709304
-70.339107
-103.921865
-63.530622
-100.062305
-83.706124
-97.814677
-108.648607
-100.986075
-109.837505
-124.018903
-99.768010
-126.346807
-99.721074
-116.637122
-129.013987
-125.803770
-152.626732
-146.895802
-157.648442
-168.660855
-162.343824
-173.387546
-166.290120
-152.586127
-173.644669
-143.239267
-165.994765
-146.300504
-154.807179
-151.075744
-136.918121
-136.812798
-156.442952
-141.345370
-171.203272
-137.115090
-156.431812
-140.661108
-139.379997
-140.057429
-135.567257
-122.916960
-147.212803
-121.445115
-152.150708
-131.836267
-148.867784
-153.645573
-146.127645
-154.103402
-167.213985
-152.033111
-168.756422
-143.029074
-158.868836
-151.592011
-147.455624
-171.677232
-156.108779
-176.315790
-180.716507
-163.665847
-183.181110
-165.983093
-163.399622
-173.068422
-143.223824
-172.043699
-155.457752
-159.842325
-167.975419
-160.405044
-166.444450
-176.531826
-144.813840
-171.900817
-139.505737
-162.206338
-150.018581
-154.162912
-161.057258
-160.258107
-148.155966
-166.283141
-119.391353
-150.413215
-113.102946
-110.997471
-106.208796
-88.563616
-90.392189
-82.942844
-71.454303
-105.758403
-76.373734
-105.262882
-94.973550
-85.058888
-103.357598
-84.999082
-97.275963
-100.480085
-79.880237
-101.515743
-79.608639
-84.365393
-103.170713
-75.331100
-104.472987
-81.143713
-81.284468
-88.309410
-63.728518
-78.655104
-87.597015
-57.889760
-96.146105
-68.346831
-89.733132
-75.525676
-68.375815
-72.757022
-60.749187
-44.000447
-70.018670
-33.654770
-76.654797
-57.646186
-86.739116
-94.922719
-83.608224
-88.963508
-91.124660
-75.678317
-110.240649
-81.380847
-104.765288
-97.848003
-96.606267
-112.976457
-103.690570
-123.846869
-133.824465
-117.196254
-153.324759
-133.850763
-143.193326
-162.527939
-129.814332
-152.347988
-128.743901
-132.791286
-145.370180
-123.924537
-134.471692
-138.812494
-114.193216
-147.362167
-108.528711
-127.188044
-114.518965
-116.171090
-128.831896
-122.476763
-110.181332
-135.386936
-104.261610
-155.487216
-129.187676
-151.479107
-158.947130
-160.648085
-179.738953
-192.178916
-185.950725
-221.136569
-181.599321
-204.017653
-182.675007
-188.828583
-211.197061
-200.401677
-217.440759
-222.843542
-189.382417
-202.529497
-161.022699
-145.039966
-138.179152
-94.299705
-106.376125
-77.162686
-70.389008
-56.684611
-26.190634
-24.416196
-25.285709
-21.409376
-69.700121
-38.018968
-74.051583
-62.354706
-58.130769
-54.987062
-36.907448
-23.675329
-21.666931
34.324991
-2.656584
10.461706
-25.600239
-58.870846
-82.864628
-112.853504
-133.557973
-129.895238
-163.633409
-133.601993
-167.439833
-156.013251
-156.589903
-159.283384
-142.111025
-147.780297
-145.241616
-121.634048
-143.585537
-118.499688
-122.458034
-125.951936
-90.306332
-107.694460
-95.938133
-94.024520
-95.330848
-75.526377
-88.972357
-83.450871
-66.681478
-85.336520
-57.284333
-86.435155
-72.970385
-82.495712
-88.115270
-90.884811
-89.195781
-103.062353
-82.690004
-116.147812
-80.960232
-106.769906
-103.597427
-111.767033
-113.795994
-113.049388
-107.168192
-133.480332
-111.061408
-132.810725
-115.574801
-123.820366
-119.740851
-109.462966
-110.859684
-116.157358
-106.644510
-119.938473
-97.759580
-116.440305
-113.629067
-109.080895
-125.019935
-105.482591
-111.858516
-109.076062
-98.585375
-108.000473
-111.565310
-104.957502
-111.687155
-93.779095
-114.749459
-98.729313
-113.233385
-118.656594
-126.421177
-138.030531
-157.832610
-152.270486
-184.536914
-163.596647
-186.280449
-163.655094
-172.350235
-157.452378
-147.144553
-126.717867
-128.712979
-100.442019
-127.805378
-107.438364
-133.029952
-126.455283
-131.977643
-142.815055
-144.860117
-144.150676
-171.289296
-169.218615
-203.669437
-198.643256
-198.956398
-196.675529
-165.196773
-170.559392
-174.846202
-170.335158
-192.196579
-187.510898
-203.033039
-218.667649
-200.721364
-232.340040
-206.559253
-220.119161
-207.434022
-194.510745
-178.653812
-165.814141
-137.852938
-139.896222
-95.021789
-104.720941
-69.849564
-65.486966
-57.817232
-46.315354
-27.325701
-32.923405
-12.224256
-48.252162
-32.662399
-60.886416
-73.868274
-94.143172
-107.100111
-135.751735
-155.812008
-188.970926
-176.314198
-222.990981
-219.575703
-217.821529
-227.706346
-202.218900
-195.333523
-180.282967
-154.626129
-157.608450
-139.525010
-130.123071
-132.703679
-114.292096
-136.248004
-112.586404
-125.473609
-133.542871
-123.252962
-128.831545
-125.617019
-111.053602
-140.999155
-106.564351
-129.944665
-108.102336
-120.564293
-134.411152
-140.271211
-157.937495
-186.147278
-173.996013
-213.127945
-184.711451
-206.572172
-193.207781
-175.828862
-177.265004
-171.392434
-156.555157
-171.515969
-143.560303
-171.270919
-150.553637
-159.483325
-174.169146
-158.389129
-170.818893
-161.382786
-149.486639
-176.319103
-157.628238
-169.185762
-175.844666
-149.866274
-175.618921
-149.194227
-164.291890
-165.623477
-152.078869
-167.599315
-168.379294
-159.136695
-189.766102
-147.734062
-177.896838
-144.136595
-145.780892
-148.138530
-137.322072
-142.255521
-148.889919
-124.481654
-165.431788
-128.750686
-157.111304
-147.961272
-144.438098
-158.470091
-147.549162
-142.541925
-159.799558
-123.674777
-163.983855
-142.355105
-142.850697
-149.208082
-130.399409
-150.733424
-145.371788
-124.278006
-145.119461
-126.390949
-137.518562
-142.550492
-130.766192
-161.343144
-139.059296
-153.811480
-151.036930
-148.723566
-164.934429
-155.897465
-144.448352
-174.856704
-138.643119
-165.878731
-144.258029
-159.759148
-166.949400
-148.349640
-149.208301
-154.776734
-128.075573
-163.034179
-121.065722
-145.579469
-128.912009
-124.761439
-134.306124
-121.040467
-111.911214
-123.040248
-89.947075
-120.689705
-85.159464
-99.444082
-103.262294
-92.670090
-114.891326
-109.398000
-98.480247
-121.766758
-110.713957
-133.042923
-129.983359
-125.968918
-144.378101
-123.499274
-139.525647
-130.167789
-126.273828
-140.735236
-126.872315
-130.892896
-144.830445
-113.762070
-144.108712
-117.694194
-132.990823
-128.985186
-123.778751
-131.206337
-127.233659
-101.197092
-133.635971
-98.926865
-125.181930
-96.270867
-93.312803
-88.362849
-77.843874
-77.061768
-89.084273
-73.801637
-112.569589
-90.771862
-112.018342
-101.748551
-94.911564
-113.206272
-106.129437
-102.123300
-115.665819
-93.365625
-124.640173
-113.980720
-110.963508
-122.212580
-98.099227
-116.787453
-104.470805
-103.971736
-120.455589
-101.270720
-101.295605
-106.743450
-73.393025
-90.941836
-56.616952
-72.150159
-54.007154
-39.407446
-30.499659
-15.579900
2.292974
-15.843419
13.878279
-15.913583
7.373578
-7.576472
-9.962709
-12.263614
-19.683975
-29.115288
-5.841945
-35.499662
-3.025876
-23.315113
-21.340354
-16.656323
-30.510499
-18.396600
-16.461310
-30.054051
2.045191
-24.959187
-11.143667
-13.537718
-32.156959
-12.182816
-22.267250
-18.402186
-12.595599
-26.300283
-6.991930
-18.202178
-25.657536
-2.531301
-31.666255
-5.605424
-30.926542
-29.109532
-18.813630
-22.111070
-20.765109
-4.999308
-27.521953
13.817562
-30.335347
-9.490707
-21.560014
-29.777553
-18.642122
-19.458499
-26.080790
-1.371839
-37.965719
5.161779
-20.484506
-9.403338
-0.439098
-9.738668
2.155269
7.169851
-19.262165
10.896135
-12.336566
9.480764
7.355754
-4.906509
11.399843
-5.892371
15.056400
27.001734
9.670105
35.446646
24.963858
20.649858
41.801361
8.636576
43.310801
25.892898
23.457760
24.376822
9.578609
17.672826
33.820023
14.877255
50.948219
18.726751
47.769033
34.738831
25.636246
37.783698
32.872520
17.416216
43.418456
6.848825
47.623318
19.370137
35.659106
35.179439
17.806492
28.515362
38.708300
25.338291
61.549740
33.566960
61.843079
49.799115
37.388483
58.872372
36.736635
39.619865
38.200913
13.486220
34.171232
20.388734
21.528567
33.871490
12.217500
39.703778
24.812447
33.521609
42.946870
28.023326
38.642542
39.378473
11.022350
36.981203
-5.192077
19.680715
-1.853090
-12.211678
-2.431950
-11.160856
-18.848553
4.526261
-32.052459
1.487940
-26.714869
-11.691932
-11.745785
-13.920647
-1.662923
0.446370
-18.224290
19.436114
-2.915240
25.684953
16.238284
9.674183
24.615891
0.446393
1.957113
-3.590098
-30.163294
-13.820226
-32.781775
-17.919391
-4.149303
-16.953362
9.483019
-1.735312
6.356814
10.747194
5.014187
9.305228
18.256278
6.417799
37.437841
13.119461
39.361584
20.285922
26.821160
31.923691
39.154541
38.284835
55.364489
21.867200
54.612610
29.793887
50.951547
45.064512
41.956748
49.673022
54.930884
38.265772
44.751501
14.299546
28.845890
6.065713
7.304275
8.723681
1.183717
0.257288
7.917697
-2.391185
6.838304
-9.556432
-1.860550
-7.432923
-18.526914
1.166352
-9.238065
1.161909
-0.546937
1.521897
7.077913
9.874761
11.570649
29.780530
-0.391756
15.612883
0.675116
6.604238
-1.642719
-1.419312
-2.991399
9.937530
-7.762770
11.358248
-19.942195
-2.187555
-20.238332
-15.016609
-18.623330
-14.608477
-23.527440
-9.020958
-33.788637
-11.113485
-36.343251
-29.374507
-35.394002
-37.629658
-33.224476
-34.340147
-36.315980
-31.777333
-60.048432
-46.691046
-53.514024
-58.072912
-44.095116
-59.939030
-48.733801
-48.954245
-58.316630
-52.252549
-51.811845
-60.466914
-49.394211
-74.210539
-48.013611
-67.245839
-59.334405
-64.496861
-68.208100
-70.586082
-65.071508
-85.351669
-45.297548
-74.960015
-54.182404
-73.166016
-70.081741
-69.458765
-69.972970
-75.241507
-59.391473
-87.202068
-56.154095
-70.995079
-57.160290
-57.582537
-63.546897
-51.342626
-54.810203
-70.654281
-54.465976
-78.868203
-61.312499
-62.471785
-68.516773
-50.806172
-69.675726
-62.057905
-57.977041
-66.384339
-59.898860
-78.409142
-83.186956
-66.408905
-88.044064
-61.813497
-87.606777
-74.760053
-70.354941
-83.796033
-74.561406
-68.999378
-93.919442
-68.465947
-109.136286
-76.417392
-89.674560
-85.747577
-84.196265
-87.542369
-85.218527
-66.755538
-92.853180
-64.499687
-101.559423
-86.114990
-81.352364
-88.224739
-76.009197
-88.424285
-99.776178
-65.987439
-90.492075
-64.391640
-77.343603
-69.844882
-44.909226
-57.554754
-38.360591
-42.374147
-56.440437
-42.261168
-61.270246
-54.294434
-37.561731
-68.112464
-44.133461
-70.718902
-59.327104
-53.313052
-66.492221
-59.503659
-57.660999
-73.827640
-44.739485
-89.173119
-53.199214
-70.716874
-62.898729
-51.318662
-56.614030
-63.577775
-51.146406
-82.179112
-44.940304
-73.514839
-44.823893
-52.400093
-61.176314
-49.781138
-50.806304
-47.041082
-15.644490
-37.684589
-7.572064
-26.888014
-25.534464
-5.009542
-18.859196
-1.501151
-2.944303
-9.822032
14.855136
-7.569507
7.299279
16.045595
2.723702
39.619759
12.735324
34.768320
41.008849
22.459954
35.940226
31.684154
25.560637
60.589044
23.783450
57.899607
35.649083
44.427634
47.218946
31.783918
38.000661
43.830079
19.792662
58.872336
19.783854
37.228992
24.211059
24.804842
31.849683
14.589318
7.968637
22.748974
-11.945982
3.604225
-28.275346
-22.881590
-27.698348
-47.204189
-37.005735
-46.400233
-51.155741
-37.030413
-58.529985
-49.924592
-52.867634
-54.322472
-32.061981
-55.551724
-35.361880
-40.505475
-42.667545
-28.850643
-35.293637
-32.804114
-9.623360
-37.470304
-2.306090
-24.934684
-2.906298
-8.680792
-10.082390
-6.261489
-6.220528
-23.356556
13.154905
-24.462588
6.526947
-15.429945
-13.292391
-6.924940
-15.939681
-17.547278
-10.071549
-28.710220
0.691788
-28.765017
-8.721987
-9.609377
-17.637036
-8.418502
-14.810198
-10.563875
10.385118
-5.791969
14.678188
3.799939
-5.190209
20.904235
2.538546
26.305982
19.057226
1.962438
13.983893
8.248797
13.996201
34.898431
8.632207
45.641972
18.127382
34.668914
33.905458
12.581527
22.912837
32.236192
9.594608
44.683968
4.792880
27.570870
3.839141
9.919086
21.345250
13.146634
19.296631
37.536401
7.910312
45.090710
22.114060
36.619521
42.296218
28.990784
45.522552
42.295527
37.730729
59.093598
29.940679
46.491866
40.180044
34.100585
50.588177
19.018974
33.969167
34.615831
21.832809
39.485419
20.029906
21.127168
37.226088
-5.858950
30.753600
0.449610
15.557732
15.616698
8.282208
11.728192
8.911934
-14.487386
25.601776
-5.490598
30.955119
19.726693
30.019378
46.695130
39.496296
43.680967
61.029862
27.825659
57.224876
18.462925
33.536828
29.232843
16.552392
28.337767
20.944037
13.970011
30.523810
-1.046862
27.708282
9.200114
1.439819
20.327241
-2.978061
12.959254
1.911927
-11.013132
9.098977
-9.345586
-3.701950
8.913956
-22.672373
10.657832
-13.691839
1.330321
-8.122757
-16.734697
-3.319329
6.834419
-6.331120
25.784079
-12.189862
20.769290
-3.113644
8.799929
23.031822
13.002231
17.272111
33.846200
12.192119
42.350904
3.187892
23.412091
14.365364
2.515939
12.536600
2.037773
-2.490628
16.046425
-11.109851
15.922804
-5.097624
-6.781091
7.694431
-12.263524
-0.074793
-4.866373
-14.869087
-4.892770
-30.548525
-17.216156
-12.833818
-32.492290
-12.665679
-45.405423
-29.094423
-37.351936
-37.737403
-24.851911
-27.889537
-34.631789
-22.916877
-53.627039
-20.439406
-41.415739
-24.747890
-33.081303
-40.480901
-39.024740
-27.902386
-47.340710
-30.609541
-77.262215
-57.614605
-73.611231
-70.744611
-68.735658
-79.951789
-87.391859
-79.820968
-92.884481
-70.082995
-90.174736
-85.139821
-85.521389
-99.723259
-92.293914
-95.519127
-94.707842
-89.283381
-107.301992
-95.432116
-90.537673
-107.610452
-89.729210
-97.808264
-80.602995
-94.824311
-87.021396
-77.215293
-68.752962
-69.660464
-54.794775
-71.802956
-46.806919
-62.675054
-45.115316
-51.697357
-47.878513
-57.333942
-51.750813
-72.433019
-58.130231
-86.776492
-53.771509
-71.330760
-69.921374
-79.983225
-76.231651
-83.419481
-74.765312
-84.603377
-69.454237
-91.550300
-73.507469
-77.188183
-83.519939
-75.601490
-82.349137
-78.714787
-67.933335
-79.186874
-68.247983
-77.819310
-77.895922
-60.761502
-74.402182
-62.148651
-73.025517
-65.233800
-63.908501
-63.383854
-71.607832
-60.689856
-79.109346
-44.368001
-66.955615
-47.076298
-57.769711
-57.577439
-59.296493
-63.983529
-82.954471
-60.483694
-88.808090
-54.095211
-70.458996
-64.593753
-70.269835
-64.270584
-65.561381
-56.662344
-77.007766
-54.280142
-80.332290
-68.726914
-79.544213
-86.413337
-74.912659
-82.475022
-82.261340
-75.312226
-87.985531
-69.330465
-79.432401
-73.288073
-52.751542
-73.655865
-51.174782
-57.111150
-55.790456
-46.836392
-58.118882
-44.187593
-26.127498
-47.363534
-9.649243
-42.679572
-29.942508
-39.335516
-35.439892
-27.755776
-35.666204
-58.461625
-35.961078
-71.098995
-42.143846
-59.783792
-49.268233
-55.247055
-60.984656
-53.177776
-46.884443
-67.417605
-41.037137
-78.364303
-56.916071
-59.989890
-63.371838
-48.704570
-68.876130
-72.889585
-57.450148
-83.194136
-60.166045
-70.777511
-76.061857
-68.049103
-84.477157
-57.772931
-76.099547
-75.279147
-60.722448
-76.338114
-64.827694
-61.945185
-73.061048
-35.930324
-71.327641
-51.558572
-62.743945
-62.328342
-51.759766
-59.138664
-67.620526
-46.247181
-85.689267
-50.837548
-76.498894
-63.286360
-58.284232
-71.764235
-66.128427
-58.612411
-74.656159
-43.488611
-73.940682
-49.874806
-62.685986
-63.694978
-51.921172
-64.803589
-57.491776
-45.593312
-73.909159
-44.642047
-56.399696
-50.164475
-38.413830
-69.309439
-53.312293
-65.543099
-66.465994
-57.959673
-82.969873
-70.490082
-62.031889
-80.874138
-54.777381
-87.919698
-67.668661
-78.317711
-86.288826
-76.492302
-93.895915
-102.554755
-88.246070
-118.353226
-74.112973
-104.789686
-85.444507
-87.891898
-98.918933
-91.711205
-88.787426
-101.537382
-66.630114
-102.273588
-70.820715
-85.798230
-90.641231
-82.247020
-92.293314
-91.486053
-80.998663
-98.567718
-67.692804
-87.889783
-73.269831
-61.368607
-83.515560
-64.379543
-85.968007
-84.676370
-74.582884
-99.829047
-84.913847
-89.754845
-104.238616
-88.897563
-117.605674
-81.778728
-90.494236
-82.331250
-76.341258
-87.603047
-93.271903
-73.274858
-101.857844
-67.733483
-100.795274
-74.990589
-77.500038
-79.234950
-57.177692
-52.670966
-54.906130
-28.513117
-60.566810
-23.773008
-44.460131
-40.849624
-39.830092
-51.404674
-40.678331
-39.301916
-52.025118
-23.984350
-49.662509
-32.618150
-44.832901
-49.162983
-36.652763
-55.682892
-46.801724
-43.237241
-54.025226
-38.539961
-58.171135
-66.823363
-58.462178
-76.380959
-45.705786
-60.494496
-51.806711
-50.375540
-58.656183
-57.243624
-55.759392
-75.030169
-43.503589
-70.547992
-37.872454
-51.153269
-51.954855
-48.820245
-47.606697
-56.128673
-35.230533
-64.180144
-32.609639
-57.194174
-44.422431
-41.840311
-51.920939
-47.507203
-49.309190
-68.356162
-40.948592
-71.327518
-49.809697
-53.346708
-55.887616
-33.194628
-46.638291
-33.318373
-25.095782
-46.391445
-27.332910
-36.367963
-37.900340
-28.084982
-55.142808
-25.433359
-47.588399
-49.695951
-45.576484
-53.686585
-50.329656
-58.392889
-88.819645
-59.317261
-97.228537
-65.655583
-78.260081
-75.649836
-62.469003
-74.797947
-79.412516
-51.155633
-86.462964
-52.134657
-81.158710
-60.958880
-47.535298
-49.609191
-37.506043
-35.646372
-41.338618
-3.624877
-34.320849
-7.234849
-12.181919
-13.677056
10.309970
0.038411
2.935230
7.914811
-22.495111
-6.224605
-24.198936
-27.885697
-17.824002
-47.134181
-14.063729
-29.519568
-25.067744
-6.423711
-17.371806
-6.506121
-1.280314
-24.593583
1.099516
-32.324127
-7.083023
-22.303361
-19.512244
-4.861872
-10.823878
-17.464680
4.834381
-24.791529
8.386894
-19.033707
0.158596
3.566254
-0.480096
12.275720
15.462405
-6.878786
31.573268
-4.129385
30.062631
26.414891
19.799982
29.425382
6.458420
19.088000
25.222895
-2.431922
23.224538
5.248927
18.279751
27.785467
4.277093
34.349917
22.224292
20.653860
29.153420
19.396654
37.392896
39.664634
21.530512
56.386566
22.171444
52.964293
41.797103
45.640492
59.666255
48.535606
42.555299
65.784656
24.478552
62.111126
29.593609
53.368432
51.286452
35.056944
43.202207
43.169003
19.184221
47.265787
6.649082
28.832941
6.728156
8.369445
19.174112
9.635054
25.290307
30.074164
7.560503
35.569254
12.708951
23.037300
32.905859
8.162639
38.914014
24.665294
29.663420
36.050283
25.158127
43.533024
39.229931
27.770893
54.728336
23.267044
55.537641
45.171270
58.752522
80.516105
75.476621
81.584398
99.889102
72.423938
117.104170
88.815811
110.439236
107.173462
103.679961
113.504324
116.797839
106.738397
135.137442
104.797735
138.801341
117.949314
127.520245
137.426336
120.813986
131.836245
139.350082
125.293018
156.133717
128.630594
147.024167
143.401515
126.100243
141.167639
121.229438
126.208859
124.061269
111.148721
126.329480
119.526290
115.416471
132.195521
100.625346
124.682194
103.289314
111.801437
113.525218
102.436159
104.621289
114.931878
85.950548
112.406715
86.665721
110.175097
100.690942
108.800727
104.223796
103.847550
95.105138
115.414033
91.057705
114.485705
83.593737
88.647439
80.495871
74.246362
76.847249
81.725000
61.420982
75.012157
55.278576
73.361536
69.270117
74.219598
85.244568
76.600741
88.855020
90.885421
90.616548
92.609258
82.584588
85.289074
90.885339
74.360893
91.207350
68.125268
78.207230
80.262482
81.115737
74.032409
83.350288
70.928330
88.899569
62.004067
86.749806
66.218198
73.323215
59.300279
56.301247
47.095841
60.572264
35.700942
58.284127
29.803282
47.001000
39.438524
44.000908
49.712529
51.252271
37.766409
45.767520
25.565936
44.138931
34.856203
35.418602
46.642897
31.352135
37.963711
29.781244
21.832170
27.794710
14.717053
20.773844
29.888819
9.853151
27.943148
10.317107
24.829959
25.766770
22.243410
25.790771
32.206674
15.904319
38.194743
4.025299
22.112944
9.049452
11.401740
9.685187
3.287307
-6.475412
9.892788
-15.535979
17.251777
-10.943352
11.078653
1.829934
2.651573
11.154575
12.542697
5.660519
27.366933
1.117378
30.368208
18.710947
21.054967
35.103273
25.227374
31.349348
28.840156
11.731634
28.799184
9.600709
22.526922
31.340772
13.734709
45.909872
27.314755
34.046645
35.489946
26.894745
29.176237
17.144383
7.991311
42.352717
10.925386
39.690002
21.700327
19.328040
20.168367
13.825826
18.364222
43.317608
22.940274
70.145326
37.727666
67.131731
65.570433
58.440400
68.212232
69.544092
66.889967
86.221744
53.094800
87.915977
66.619960
66.441173
70.365751
53.742095
74.358742
84.294086
78.009805
111.257302
85.712961
107.102500
118.416135
89.033982
116.289984
90.717717
100.436869
99.441027
84.475580
98.693327
92.728023
84.918162
110.933952
68.872200
94.734685
67.502917
70.807261
75.884559
60.675660
63.398650
74.488726
49.993530
88.606330
49.096129
84.957177
68.764728
62.407535
81.941745
76.011968
71.973488
100.026612
59.104972
89.538302
65.194531
72.320270
80.152372
74.660726
94.737702
90.856136
79.041786
99.883603
66.929568
85.803832
85.873607
65.588756
77.333659
43.829682
51.548415
39.490143
25.260212
39.294989
22.366179
22.745076
40.355624
9.611856
42.810880
18.943220
28.875258
27.005895
13.702322
11.020397
10.557026
-9.105425
32.077707
-7.151311
12.102237
-9.709357
-16.512847
-2.063551
-14.644467
-14.644779
9.096221
-35.691504
-2.267245
-36.928929
-31.641737
-40.472108
-52.039907
-42.347091
-50.455821
-62.522722
-41.834553
-72.476957
-47.434666
-62.472484
-68.631222
-57.816875
-81.526229
-51.609787
-58.180401
-66.739514
-51.537458
-61.794712
-57.120759
-50.369209
-76.893312
-50.132805
-80.769846
-69.679882
-77.161496
-76.166979
-63.287471
-59.166421
-74.616217
-50.501715
-84.917881
-50.771556
-75.064160
-58.458428
-57.501675
-66.587365
-65.602288
-55.213195
-82.282632
-49.206092
-74.083413
-40.831919
-47.974677
-41.971788
-24.677745
-24.844587
-25.803316
-5.538499
-32.211143
-10.454738
-19.721136
-21.908727
-16.750152
-36.429611
-11.152634
-0.694192
5.278333
20.545075
2.878134
10.942343
19.311414
-2.638121
28.591512
2.995973
27.097194
30.597783
19.079776
32.632123
31.417985
16.975560
37.889176
2.669476
29.731043
6.996542
12.667776
7.868381
2.022940
-2.869647
6.750750
-20.156545
8.905650
-27.289590
-1.701878
-6.282425
-6.019766
1.863388
-1.307472
-4.838186
16.767511
-17.739375
8.646556
-15.679583
-23.491647
-7.745763
-24.405391
-0.279177
-4.502199
-14.083704
-3.358483
-20.666254
-15.924254
-21.188335
-34.106130
-8.351402
-45.880898
-27.966272
-32.847808
-41.033607
-34.381709
-44.090325
-43.799536
-17.539113
-51.828368
-20.241474
-50.326387
-31.306868
-22.439111
-35.566644
-26.480283
-19.345947
-38.326881
3.570765
-30.426088
-0.156465
-10.004385
-6.697849
1.925331
-11.327859
-16.397039
2.703642
-32.135864
2.877094
-22.234272
-20.766760
-8.419625
-29.913639
-6.405329
-11.709751
-23.911225
-0.342018
-22.464869
-2.038709
1.457608
-15.150815
21.357769
-9.841480
4.373684
-3.045512
-8.156352
13.512113
11.300639
10.816425
28.884313
-6.437451
37.920354
14.795737
20.183532
19.583141
6.979867
8.970197
17.604684
-11.462401
29.813646
0.044847
39.163140
36.388286
38.737160
56.930039
46.466579
43.697544
66.712488
38.335514
75.376987
50.860327
69.901629
74.142990
50.454232
59.033999
51.772101
41.808309
57.539798
27.255956
47.612967
38.162921
15.847280
41.422461
5.255988
22.374495
17.163304
0.589024
20.156014
9.119806
1.691319
18.946526
-17.460916
25.270117
3.279579
17.178733
18.770207
9.802154
19.505915
22.708619
-1.692141
27.093441
-3.550339
30.235838
14.666038
29.945548
37.718888
29.087698
29.538073
47.986713
15.146030
56.522641
26.177051
37.738928
37.724558
35.480703
48.843943
45.391964
38.883043
61.675157
49.264079
67.885235
51.641135
34.573208
48.991287
22.413254
37.271859
29.506449
20.371796
34.657611
28.024781
35.255483
51.528790
21.218856
38.600011
16.632587
33.308660
25.238198
34.557797
41.577309
49.322244
37.493932
67.464373
43.515760
70.627558
50.042802
61.487345
55.598115
52.770513
50.358979
56.782448
30.363456
49.168932
22.861724
44.435473
26.314277
28.855367
28.934592
21.674360
25.931434
40.057773
22.020607
45.419239
34.508039
39.968041
44.934095
36.782445
51.804640
49.666645
62.454337
62.171075
64.854014
65.301930
63.465789
55.813486
78.069133
64.317878
88.120602
77.008141
86.802729
84.727188
89.290808
80.418185
95.184872
76.906603
105.182476
82.783550
100.534467
89.009489
96.102196
91.480180
93.726732
72.628682
93.620221
69.310206
88.335826
81.161687
93.416960
85.761745
71.087567
69.686647
72.266123
56.482578
66.370234
42.445345
46.427901
55.258179
34.565162
39.044327
28.500925
28.350814
35.987369
24.723819
41.128233
43.721886
33.348239
49.921115
19.147945
36.691633
20.111680
18.561702
22.903849
12.592197
9.853216
21.947497
-3.835157
25.724998
-3.785536
8.335647
7.941588
7.416096
11.518644
18.483878
8.569525
44.614059
18.526408
38.692386
15.930444
24.345665
40.569534
42.116358
34.709576
36.471036
12.615663
42.072344
14.538761
25.744081
23.365650
18.735771
32.315776
16.990706
19.699131
24.716784
14.728544
30.123918
30.355148
21.421769
49.065886
27.013169
44.659399
37.713291
38.627168
45.254711
34.501087
31.248509
47.928254
23.674443
55.878978
21.234771
44.472329
43.831452
31.403059
32.347248
33.815894
9.168185
35.127776
-2.437364
32.737179
12.095039
18.425926
20.725385
1.579101
-1.375239
10.167074
-22.756726
3.822491
-26.145198
-13.816298
-22.034253
-45.341452
-34.752684
-57.681745
-68.148584
-62.235348
-91.144431
-72.325495
-72.223120
-79.913809
-54.134636
-86.277017
-65.684071
-86.103026
-87.175363
-66.361756
-72.529583
-65.815812
-53.068554
-81.091261
-40.413712
-73.321257
-55.981390
-65.031075
-73.254414
-67.722965
-63.302284
-74.982570
-39.691315
-69.404748
-34.822589
-73.445858
-73.307327
-61.805143
-79.593921
-75.288601
-70.550427
-95.436892
-60.131988
-102.550141
-85.226789
-85.773389
-98.007026
-79.596131
-95.505962
-94.382049
-80.645948
-103.039281
-78.914017
-89.602179
-94.544679
-79.905490
-108.327054
-83.734034
-97.199574
-103.075356
-93.857737
-107.172352
-92.161234
-79.274505
-98.980621
-61.638159
-103.898044
-78.372396
-79.620667
-78.572129
-66.751115
-71.261375
-81.724033
-57.418973
-92.952349
-58.686382
-94.544133
-80.708546
-78.030214
-90.094051
-75.079087
-65.880387
-87.805731
-65.836673
-101.858131
-78.231846
-93.267281
-105.203148
-91.465085
-108.808196
-102.599855
-91.949866
-115.584876
-91.475896
-123.930781
-123.301668
-110.712976
-133.372668
-98.848455
-112.755901
-110.884139
-93.878477
-104.532092
-100.309874
-95.260964
-120.517596
-85.170287
-113.993169
-102.150965
-126.810585
-132.709612
-124.028454
-123.082660
-121.794789
-108.301703
-134.529362
-96.586686
-131.687738
-117.552893
-129.363503
-131.721512
-116.411437
-110.882719
-123.165842
-85.228706
-110.216361
-84.828833
-99.256090
-89.460902
-79.706366
-92.733211
-76.204520
-76.425559
-91.017069
-64.783288
-85.168902
-65.115167
-65.714150
-86.056346
-64.680717
-85.010123
-78.772560
-79.862270
-84.091805
-68.597547
-82.038673
-90.175266
-71.490509
-104.940948
-79.035761
-95.843663
-93.535263
-93.242303
-106.752483
-108.095339
-90.162917
-116.069631
-84.026785
-116.622768
-95.985544
-113.364066
-119.723801
-117.802116
-119.394699
-136.796854
-113.101145
-152.060461
-121.837794
-138.226250
-136.824723
-140.957751
-144.252047
-128.318302
-126.933051
-135.245562
-107.487489
-135.916492
-121.175010
-125.649338
-135.793440
-109.455050
-125.623309
-115.114430
-111.057170
-129.994006
-113.885897
-119.727384
-126.219890
-102.707522
-137.345590
-114.050090
-140.632962
-137.223025
-128.634544
-148.764765
-148.039611
-134.119890
-164.642806
-130.839583
-168.241647
-148.043859
-157.254926
-158.042871
-146.498037
-140.639988
-148.448534
-122.027064
-157.210543
-124.258085
-151.001680
-141.820604
-134.964436
-147.474266
-139.887475
-133.572999
-156.483211
-128.473948
-163.888617
-150.401865
-148.935427
-159.209794
-129.556905
-142.747960
-130.770994
-126.261640
-144.270355
-119.936237
-126.870625
-128.550541
-99.481128
-129.595120
-94.961485
-107.869605
-108.125051
-102.324899
-123.566648
-120.779765
-109.284897
-130.759213
-87.925320
-125.477359
-105.652831
-114.397655
-120.809195
-105.254141
-105.622614
-112.979296
-76.605710
-113.824985
-75.106050
-100.131871
-94.746709
-83.594592
-106.330773
-98.251045
-96.721634
-119.675422
-87.952042
-127.317548
-93.991737
-85.920991
-94.799356
-76.585369
-93.838389
-78.960902
-65.363537
-91.287550
-62.871447
-80.772060
-82.784774
-64.339275
-94.811705
-68.394035
-92.880278
-94.609861
-85.140813
-96.796493
-84.854515
-79.259512
-107.092521
-57.558227
-86.446678
-63.684644
-74.788168
-76.672886
-67.477944
-71.744148
-92.695385
-66.777069
-102.471650
-67.544972
-93.759727
-79.545127
-78.232092
-98.690169
-87.203985
-83.476838
-103.243053
-73.068096
-100.579082
-70.664556
-80.224402
-87.376187
-74.892236
-88.474117
-70.647992
-65.877480
-76.402663
-49.605549
-68.283065
-62.017737
-48.313426
-74.968815
-55.981093
-70.137745
-62.549469
-60.092928
-82.310578
-71.711959
-65.171046
-84.534055
-50.690399
-75.299814
-46.164636
-51.243159
-47.344884
-42.070125
-40.329436
-43.898646
-20.734840
-54.832791
-20.277807
-44.549798
-30.873055
-33.674702
-34.704629
-28.736092
-23.729836
-41.145194
-16.630843
-43.998439
-16.796053
-24.484652
-30.924794
-24.493916
-30.146945
-32.910146
-26.438717
-38.451062
-19.422250
-40.174511
-38.290672
-35.368136
-52.160225
-44.635216
-61.287664
-60.585640
-64.286456
-68.852617
-66.267440
-65.402888
-71.515079
-51.909653
-81.636743
-63.393492
-85.441870
-73.956384
-75.728162
-77.854759
-88.073630
-76.973077
-103.719039
-73.508817
-99.357954
-76.634350
-101.605740
-92.465481
-94.116458
-86.948324
-93.526580
-73.825269
-96.658798
-79.700164
-99.539275
-93.546008
-105.626215
-107.877787
-104.782398
-107.468016
-115.921808
-105.637635
-110.658914
-103.525337
-104.085560
-110.607145
-96.625844
-106.511665
-96.352737
-97.847376
-97.527508
-88.977323
-86.662914
-87.543721
-70.168359
-93.245124
-71.531133
-88.488075
-84.131454
-97.573040
-96.559308
-93.487254
-81.171689
-99.711581
-73.943051
-108.156772
-92.353386
-114.892198
-109.106641
-117.457314
-125.433770
-133.119747
-114.132765
-139.197798
-105.637388
-115.382469
-97.221007
-101.917743
-105.294513
-102.748823
-115.303121
-118.519391
-105.135968
-123.144584
-115.445441
-123.626036
-127.946916
-114.925606
-129.479086
-111.542005
-101.862060
-106.422327
-89.715723
-95.528615
-91.912097
-77.765079
-106.597124
-81.888683
-102.520059
-92.113963
-94.428578
-105.938950
-97.143226
-88.193977
-110.234087
-86.986835
-120.270257
-101.373369
-123.160025
-118.792364
-113.965778
-120.174710
-125.847664
-113.052404
-150.764262
-123.322515
-152.565226
-138.257185
-142.872509
-155.474697
-140.212153
-144.720496
-158.857974
-136.871003
-167.059289
-141.418524
-151.581997
-163.106599
-149.016691
-173.670590
-160.249171
-156.972214
-161.597312
-138.613605
-149.277746
-149.258206
-133.891070
-164.580697
-128.516309
-148.567784
-138.727480
-134.664946
-147.495444
-140.142924
-140.537384
-165.243905
-129.564126
-171.716652
-149.803263
-166.867324
-168.032243
-167.251074
-176.122267
-170.112294
-145.846991
-169.749132
-116.552501
-146.774063
-127.440628
-127.564774
-133.847497
-117.251838
-117.458522
-121.216779
-89.762890
-112.145847
-71.885906
-73.961899
-74.951575
-62.024271
-89.905604
-75.132402
-71.811394
-76.676111
-63.621679
-87.284600
-77.132654
-72.927120
-91.920932
-63.239115
-96.850696
-80.261828
-80.120230
-98.797667
-81.962626
-85.313998
-102.497746
-68.950636
-103.590750
-72.738070
-99.998727
-89.291205
-82.814604
-86.039001
-86.039514
-80.986259
-112.383417
-77.285109
-110.016459
-76.311446
-77.789345
-86.961408
-73.309568
-73.451660
-80.097789
-62.006607
-89.229142
-56.489368
-82.006933
-82.976636
-74.130736
-93.978095
-80.913749
-100.203185
-110.954010
-102.558908
-130.722853
-117.967333
-121.175460
-134.969839
-111.149806
-136.885315
-118.452922
-124.793983
-127.044636
-108.207149
-100.244589
-94.238115
-71.492980
-105.115636
-77.678725
-98.298212
-80.374954
-80.231091
-87.948865
-79.339612
-69.277867
-85.422514
-52.339088
-82.455494
-44.851136
-55.583824
-52.388060
-39.133919
-48.665664
-43.779452
-26.021416
-46.504554
-14.673985
-40.379834
-23.560203
-24.501977
-37.257094
-19.991492
-16.203957
-14.481163
-0.766785
-25.146365
-4.666565
-13.708709
-26.414591
-10.998369
-37.672123
-10.421594
-18.188941
-18.679898
-7.004197
-17.251174
-22.930927
-10.926945
-36.935737
-11.436461
-41.968425
-23.821455
-18.581190
-27.101518
-21.336398
-7.864972
-16.506548
21.599203
-12.608373
17.657915
-2.663745
-1.556938
6.768426
-12.133237
-4.761486
11.291575
-15.789543
20.945790
-11.914528
8.739371
10.918225
-3.388505
10.477792
-10.055477
-18.023966
-1.827506
-32.948477
-8.734854
-13.373774
-10.340531
20.175529
0.890982
21.609991
17.454121
15.425533
40.050536
19.647740
17.158988
36.993076
-0.065578
19.015211
-15.303885
-6.226153
-2.382668
-3.629333
1.887357
-2.311066
-18.303658
19.287722
-19.334163
15.154740
-0.637722
0.282483
16.812849
7.678306
11.505600
20.056401
-13.909159
25.987048
-7.903622
6.551031
4.446019
-13.661537
8.092455
5.423199
-0.993787
16.059129
-18.504634
5.397569
-16.148259
-26.742667
-9.386960
-37.390311
-8.199904
-16.715297
-28.696541
-16.618946
-34.795584
-26.969507
-17.207274
-51.833358
-23.491582
-58.910658
-46.707808
-42.994568
-61.900534
-49.122152
-49.211333
-70.177607
-36.014706
-76.269631
-39.010915
-68.325696
-67.755745
-72.403835
-92.247315
-87.204806
-73.442586
-104.180316
-61.090934
-92.126459
-70.766490
-72.225849
-88.754703
-70.865399
-83.506406
-87.755629
-64.504657
-91.557177
-65.931664
-86.503412
-83.964906
-67.477789
-88.270808
-66.070660
-72.667150
-83.189866
-64.170680
-79.823504
-72.728791
-64.594586
-79.697184
-38.293544
-75.910761
-58.968619
-60.933367
-63.960294
-51.119703
-49.609736
-66.498131
-45.353334
-80.105740
-41.541921
-60.360795
-46.402584
-42.881923
-48.113417
-43.279290
-44.286502
-70.830713
-38.538670
-68.304906
-43.583153
-53.374146
-50.023685
-47.669081
-53.121014
-56.815635
-36.230260
-50.168319
-40.001644
-63.943225
-55.141551
-48.626696
-55.391536
-47.240452
-59.048979
-63.765411
-59.890285
-79.544154
-70.536467
-67.607895
-81.154248
-60.823323
-80.040423
-63.289567
-71.017855
-65.866438
-70.588085
-66.477702
-67.004906
-46.167211
-65.409516
-36.502631
-55.592765
-43.161734
-50.930898
-44.319061
-46.565831
-39.798283
-47.482354
-25.570791
-47.950534
-18.618988
-28.606798
-20.487507
-27.184804
-19.799254
-29.043308
-18.512465
-30.387162
-13.653341
-32.205947
-19.628960
-23.930216
-21.050284
-12.738914
-27.283138
-23.405974
-17.841978
-27.550403
-22.359191
-26.700807
-30.636065
-18.578324
-39.635185
-22.718440
-27.309321
-23.223159
-22.279469
-23.996729
-25.976964
-20.177044
-37.309210
-14.754376
-44.102998
-15.100579
-27.344826
-23.827445
-25.806934
-10.494409
-22.633535
1.018822
-37.975597
-12.900937
-37.267645
-33.968655
-31.652133
-34.338624
-35.834011
-32.366843
-49.770083
-24.834738
-48.832522
-27.981759
-33.084210
-41.108660
-28.148230
-36.642746
-31.829555
-22.125155
-38.476419
-19.755529
-28.164687
-31.630755
-11.541316
-39.789365
-24.852712
-40.387615
-42.563803
-30.965810
-42.108483
-35.042756
-27.242697
-49.690422
-11.772738
-48.335435
-20.989160
-19.379768
-20.292462
-10.083295
-5.427399
-17.449049
9.268561
-27.487932
14.381479
-1.930689
8.224559
17.973546
11.997004
15.467528
16.361799
-15.437286
14.094831
-27.259993
-4.423165
-9.740159
-17.072160
0.150353
-17.988868
-14.871389
2.944439
-27.245348
-9.798491
-27.131493
-28.229244
-5.829165
-24.436342
10.060372
3.574611
0.070306
14.471488
5.649050
21.095305
16.748019
-3.710452
32.214937
-5.703778
28.838342
14.760241
6.025779
19.805971
15.674974
10.527560
45.774977
8.368286
50.039432
24.574457
39.114223
49.555167
39.833267
47.302775
51.807044
25.779188
53.655088
10.806794
43.477518
40.623288
34.497780
52.671687
31.387867
18.182791
25.270601
2.116494
25.831060
3.245017
15.263501
23.709821
3.429970
18.560710
-3.226486
-5.056156
0.053321
-22.928172
-10.452298
-7.631624
-34.643281
2.046741
-24.736474
3.733733
-9.903342
-14.355858
-7.249147
-18.466952
-23.839418
-10.871977
-47.322562
-18.511802
-45.884266
-19.586313
-28.132334
-24.417503
-16.534803
-16.386097
-33.231229
-19.404890
-59.035056
-37.723231
-62.926607
-60.662806
-45.782395
-48.787887
-36.916118
-32.231252
-53.179503
-28.981073
-51.966681
-29.659272
-30.159192
-43.143974
-19.434560
-34.956188
-30.488495
-26.313657
-39.557486
-32.801258
-35.636018
-41.123994
-21.151683
-49.947038
-30.542038
-46.422458
-38.887682
-32.496526
-35.883808
-26.012195
-9.496036
-28.581710
13.414729
-9.138877
24.556063
6.456278
-1.140133
8.503513
19.139056
13.935378
46.798491
8.445074
42.449671
15.171473
18.273093
35.024590
28.884021
42.059179
37.743631
22.030772
46.000839
14.136155
30.486894
26.244602
16.959247
40.150195
21.488165
25.775557
29.027943
13.735971
31.078318
29.066586
23.975718
38.879845
-1.114271
29.441854
9.827997
13.538959
27.423257
20.722742
30.973177
41.304316
16.878594
50.229215
15.757337
49.682224
40.813643
30.494726
37.587025
32.595572
22.900356
46.827286
7.262118
45.739960
18.134425
23.697625
31.634645
16.922752
29.144615
31.848920
9.381436
50.038116
23.883528
46.407579
40.646007
22.073413
43.054623
23.355485
33.303915
31.948872
10.056018
33.072833
14.461151
0.523399
10.452013
-24.978646
3.332659
-17.326564
-9.546313
2.879969
-16.853304
-0.054540
-2.184586
-35.120253
0.274038
-44.727451
-22.471489
-30.230684
-31.026375
-14.474997
-22.344961
-26.932221
5.233238
-25.486950
11.713963
-15.556236
-13.760065
-14.664412
-27.929219
-16.689478
-11.067535
-25.699345
8.836515
-20.013924
3.732841
0.922689
-16.759313
1.774058
-17.239017
-10.579300
5.658806
-16.623209
11.325709
2.414503
0.659134
14.261912
-8.701660
21.590341
10.975387
11.860243
21.414025
8.693540
22.020512
31.685022
16.720251
50.733759
15.027604
44.415621
36.048978
44.893922
54.369268
54.117867
51.097522
67.384337
33.929322
75.875748
51.287155
67.138185
62.835844
66.089433
70.629724
72.076671
44.223013
73.368285
53.446313
76.635160
67.437407
66.064038
78.157928
68.054128
63.684555
69.478235
50.272823
65.450438
52.028649
48.542776
53.804271
24.782862
36.580398
22.401175
27.434280
34.581174
29.984506
26.059974
27.256384
20.367778
41.221089
19.426079
51.427465
33.314611
32.581193
29.940724
34.627230
41.401056
58.116151
34.815661
65.909327
42.276455
63.493286
51.899403
50.818352
56.685689
62.988617
45.586367
60.256890
42.135124
63.851615
51.638743
68.461715
70.016266
67.995994
76.534348
68.641508
68.564463
80.570582
67.262930
83.090714
70.298718
68.653338
78.895408
60.628906
68.313857
67.584975
70.038269
82.847734
89.916753
88.838650
114.722875
105.481017
127.792796
105.208334
112.114283
106.611358
106.366952
106.645466
108.194012
86.032730
104.900115
68.635725
99.118836
82.648543
83.849172
83.575286
83.309602
73.201052
91.181226
75.074227
90.919051
67.266923
78.870674
84.378023
81.870017
84.411406
84.633224
71.840931
88.979103
65.956538
82.726737
85.498327
76.474238
95.596726
85.271525
97.857115
97.987275
84.062694
89.223530
79.737961
73.503250
86.880343
63.801758
93.229958
70.579956
84.545767
86.628954
77.083517
77.751500
85.751661
67.237460
104.810868
79.857783
104.970249
88.520994
88.015797
91.171663
91.444075
81.198599
93.480695
62.694035
95.005131
76.156369
87.243303
90.964540
82.598606
89.299427
93.616217
81.461302
106.667208
83.535241
95.793147
78.727850
64.835736
79.219525
68.291971
82.137999
72.745610
55.260288
68.288174
52.183398
47.944876
58.881917
19.989857
40.656289
13.246470
14.467102
13.052470
-5.989913
-5.329982
-7.518179
-38.433255
-17.391725
-63.994098
-41.197852
-69.705338
-71.094813
-65.487795
-74.378595
-75.219960
-55.980689
-94.023720
-59.255548
-89.330199
-69.184490
-61.149652
-71.746651
-56.504741
-54.454091
-60.428160
-26.723505
-51.173803
-26.501297
-41.051922
-38.008199
-22.672288
-42.429264
-27.182769
-31.114785
-48.190363
-30.955511
-48.706131
-35.540244
-24.751160
-48.476722
-21.748828
-53.258250
-43.577578
-48.511100
-57.760901
-46.184995
-45.938039
-58.109830
-30.987007
-69.644492
-34.577183
-53.984889
-49.292885
-37.148624
-41.558187
-46.293910
-34.242378
-65.320813
-32.101216
-72.407434
-51.130084
-50.622106
-58.505898
-39.324034
-38.472669
-45.404748
-23.040212
-50.778283
-11.118979
-24.748960
-20.792319
-8.830528
-34.149989
-17.993985
-26.273572
-40.901431
-17.806627
-47.018512
-36.850277
-39.375639
-57.928084
-32.068437
-65.577210
-56.662792
-61.566951
-77.457723
-74.102598
-80.416463
-95.480661
-74.893710
-114.633709
-83.003303
-109.275454
-105.471910
-93.890790
-96.482590
-89.801146
-71.616699
-92.114187
-56.793258
-83.923818
-47.459185
-57.702860
-57.452657
-54.833434
-62.073113
-56.444440
-37.356973
-55.863525
-17.123843
-40.626569
-30.737251
-27.019587
-41.408669
-24.287699
-24.876889
-15.084103
4.723823
-23.588796
-7.014025
-14.408884
-10.142897
16.885499
-1.618446
26.197288
19.529464
13.754134
18.504213
9.720263
7.153399
20.038882
-3.405753
34.372478
14.240122
29.579005
26.297512
31.049283
49.586549
57.920690
38.964297
64.982546
20.849322
51.993066
32.113130
30.160201
31.802819
20.741560
18.433031
36.222037
9.926207
44.480808
17.070167
32.988429
36.348855
18.679318
34.009888
21.155485
19.567690
40.455882
18.986781
33.366102
26.022712
19.894734
38.763080
11.699069
23.558539
19.511400
15.901666
31.983380
22.226959
33.604979
49.374520
18.773260
50.887208
24.041071
39.156349
38.562493
29.718156
37.812073
35.236507
17.570875
53.323158
23.748836
53.006322
32.412106
42.862455
49.549517
40.073268
40.639905
55.903472
22.031246
60.688053
30.342645
50.888868
60.110525
52.315106
70.482469
64.111080
57.335552
81.334997
44.783292
67.630702
52.122331
37.644268
58.797175
41.974155
72.551123
81.492612
85.180598
105.231247
89.355009
100.065365
111.246786
85.126865
122.485462
95.506607
111.496335
115.789534
104.190092
114.610520
119.777042
103.798289
134.101165
95.008245
131.552216
107.560274
107.014718
118.286347
107.098234
101.952594
115.320029
81.012661
114.383961
68.947162
84.035918
85.476191
84.865142
108.424523
106.415205
102.936897
111.985129
72.305095
98.929862
87.404686
82.511538
96.875903
74.532142
90.354947
85.756479
74.830701
96.821216
82.138890
91.658733
103.176543
71.841501
103.865310
67.845201
77.453454
73.700862
70.371700
82.921479
79.466121
62.142149
91.944795
53.589433
82.943094
50.797806
57.765532
57.704425
40.356668
37.139830
44.139471
11.837790
43.551898
2.800165
26.729085
20.338341
14.515758
27.086216
14.091225
4.639964
14.706693
-13.459076
10.567889
0.421581
3.420474
12.053722
-15.003381
2.341224
-5.926849
-9.743562
8.498556
-3.772384
-4.865189
-12.851806
-28.072661
-8.523712
-35.960958
-22.953933
-28.914249
-27.393641
-23.700886
-30.425669
-38.255160
-19.369237
-49.836273
-19.483687
-50.479850
-42.691560
-52.884801
-55.360718
-58.010502
-45.329373
-61.439040
-35.495390
-54.728257
-30.693177
-38.519294
-25.919550
-30.544892
-26.282617
-23.712581
-10.846969
-24.797582
1.141931
-5.940578
5.918455
7.679502
5.988507
10.909645
1.964348
4.720970
-2.107656
-7.127956
-4.064114
-8.645323
-15.543273
-6.886946
-25.199452
-9.154969
-15.517031
-9.799559
-20.520404
-30.174879
-40.966263
-32.960042
-56.213763
-43.049630
-71.819411
-53.072752
-61.618550
-53.711747
-60.998065
-57.881243
-67.734612
-45.015499
-68.804536
-41.603168
-68.417265
-64.835256
-77.820945
-78.400351
-90.026504
-86.882627
-102.030445
-81.451603
-97.878114
-80.578173
-91.927887
-96.121893
-77.898455
-95.269500
-100.751087
-89.508509
-104.568619
-87.631782
-93.821250
-92.801269
-73.383450
-99.146106
-80.783009
-92.664676
-96.511608
-102.721392
-117.766091
-112.845189
-101.710338
-129.671470
-91.780957
-120.426163
-110.215640
-119.662595
-120.830351
-115.652373
-113.435457
-129.584784
-101.842360
-142.923464
-119.125468
-138.781535
-133.401317
-131.926519
-135.054095
-134.582878
-132.929915
-159.326652
-136.404194
-164.883375
-153.920615
-164.945869
-173.176453
-158.709386
-164.428079
-160.460063
-140.631260
-163.517910
-143.250884
-155.095528
-158.505032
-144.188155
-171.499309
-154.194954
-166.850697
-174.145428
-158.031935
-178.885936
-182.158612
-173.495799
-197.156354
-158.221962
-187.812909
-165.445309
-173.879694
-176.178578
-171.569076
-173.049064
-178.873391
-151.204449
-191.231249
-153.778755
-170.942369
-155.610443
-146.550497
-156.108715
-151.294909
-141.496269
-161.754628
-129.337123
-159.563917
-139.233524
-152.244230
-157.755371
-140.693067
-155.919042
-150.695423
-127.659025
-154.835391
-126.286553
-147.716311
-154.113519
-141.287377
-173.175551
-144.427594
-158.952750
-169.503908
-158.913064
-176.710620
-159.989569
-147.980388
-165.163867
-138.488725
-175.855690
-156.060771
-162.471824
-164.497214
-156.895483
-165.677409
-175.280535
-150.146230
-187.187163
-149.389056
-180.129878
-166.082480
-162.702209
-172.581633
-168.302199
-165.393383
-183.206534
-138.853528
-168.248235
-134.762416
-143.554478
-139.838336
-123.604533
-137.204867
-135.354276
-116.915798
-131.827043
-103.164961
-120.665631
-107.193600
-97.200784
-121.550958
-104.370987
-121.025178
-111.907971
-92.061714
-102.977104
-89.357521
-90.153345
-105.841573
-76.084102
-105.274441
-74.782291
-90.346715
-89.019371
-84.807601
-87.107830
-85.437810
-67.689996
-98.660554
-62.781785
-101.315555
-80.239810
-78.445627
-72.696126
-55.738249
-48.836498
-54.805670
-28.248822
-51.865124
-21.108266
-45.929769
-33.908894
-27.435451
-27.940677
-17.438731
-17.732460
-34.493211
-7.103217
-32.231623
-14.174739
-14.798690
-28.215991
-16.700751
-43.157050
-26.371539
-21.375933
-37.646342
-26.092164
-44.974145
-46.425171
-23.158482
-43.550001
-11.283092
-29.927753
-13.345948
-5.739118
-23.490065
-19.445368
-7.606603
-23.582374
11.187443
-18.757357
15.400366
1.932011
6.717049
12.876084
12.906344
0.457185
21.358459
-9.026304
24.942587
0.984168
10.012453
20.661165
3.595141
6.366200
9.387176
-6.834010
24.984490
-1.476168
21.011667
11.003314
4.995103
27.038269
2.689989
2.940757
6.764859
-21.829836
-5.779490
-18.440565
-15.976284
3.784219
-20.843674
6.902024
-9.839364
-6.787960
6.119576
1.498145
14.350884
23.264038
-1.421589
31.576000
-0.899589
17.563034
15.005568
14.522651
18.152541
10.802909
1.844159
26.466580
-10.961219
25.294943
-11.710619
1.483509
19.189966
5.096300
13.805722
23.838657
4.585876
33.264321
-6.881355
17.023380
7.988859
-3.292704
16.128799
0.274603
9.282287
20.205807
-0.641656
21.634061
8.203810
13.966355
35.052779
16.193993
54.095681
37.625611
44.733028
57.694706
35.171811
41.831258
48.283861
24.087413
65.578728
28.358279
58.952436
54.523818
50.723077
64.156286
60.613134
53.913017
68.636426
30.519389
73.456287
28.585272
39.627436
37.848514
12.546379
20.183370
21.310920
3.324493
36.178112
-3.065142
15.332196
-2.804169
-5.074468
13.047092
-4.198865
6.393408
17.867929
-15.169494
10.912923
-12.304323
-4.776757
19.734178
-3.521502
23.917218
3.559404
5.030102
16.935547
-5.764866
3.762547
9.898148
-5.154638
25.238665
-20.969246
6.503898
-3.321228
-6.644740
-3.355513
-14.406010
-19.117037
8.174332
-21.229510
12.799877
-24.644250
-1.337437
-8.029511
-16.923015
-15.839185
-17.076244
-26.341242
-1.243536
-34.187992
-19.128463
-33.851524
-33.568492
-23.580500
-30.467777
-24.849850
-26.827190
-56.671164
-34.024133
-50.669247
-50.934438
-59.408114
-76.530490
-50.416183
-58.856908
-45.968450
-35.984313
-42.237320
-26.192633
-27.195023
-34.521479
-10.942282
-46.796294
-20.803339
-40.352883
-35.314823
-33.101352
-29.596164
-25.627918
-12.531332
-46.307832
-17.767448
-42.756867
-18.397708
-24.781884
-25.782171
-20.114277
-18.443387
-28.361597
-13.862044
-35.729183
-6.994755
-27.916400
-14.623008
-16.055685
-14.567891
-17.090071
-14.555297
-23.158267
-14.039039
-30.102948
-12.235295
-12.712444
-24.369068
-11.265324
-20.593114
-15.764658
-20.968634
-26.799436
-20.287630
-13.461828
-12.478345
4.374106
-7.275541
13.008671
-6.248090
6.820280
2.645675
5.416138
4.656666
14.203871
-6.740332
24.805936
-4.586872
25.431426
11.419133
20.475983
19.632831
20.698147
16.085814
22.425025
-0.577190
16.286285
-11.942231
-2.133009
-8.824078
-6.121931
-8.998500
-8.727604
-18.682337
-1.063393
-21.058966
-5.558070
-9.632399
-10.114522
11.906483
-4.243061
9.811953
17.520828
16.440451
30.216724
24.670965
20.077057
29.453295
8.463771
27.550198
8.237175
21.933986
20.568115
13.467987
17.944347
26.893639
11.473104
39.637081
9.565691
48.224866
41.561376
41.160545
51.330834
56.563626
61.784705
84.433810
57.516947
99.475501
74.149029
90.568013
91.754098
85.038878
94.308257
86.893083
74.744003
103.902348
76.197994
99.803685
94.516673
89.592005
99.665936
74.464048
74.810873
71.171695
55.370485
78.706176
64.835935
62.788168
70.884456
34.199945
55.293213
32.210953
42.506074
46.651093
41.199262
47.179319
47.704275
31.636041
56.509557
27.246734
51.967717
32.596190
38.398429
53.449669
51.806659
52.482957
72.260916
44.498013
82.173825
52.662861
81.113283
82.346342
69.335014
80.573384
84.351069
71.166553
94.257783
65.799147
95.004074
82.667797
80.241585
96.452067
81.478781
98.211972
102.780535
90.399621
108.236865
87.828997
95.082468
96.878452
65.799795
88.372391
60.961168
62.957295
56.070563
34.467932
50.301371
44.422781
27.296021
50.583886
9.232953
33.982157
13.758024
20.458018
22.088064
14.201358
19.422076
28.855336
-3.675641
25.323917
-19.895025
5.036348
-2.395464
-12.332046
4.735937
-2.743117
-26.394433
-13.499860
-40.676943
-2.867256
-19.134461
-6.839018
2.720414
-16.469685
5.012008
6.134079
-6.406227
18.148213
-5.787004
15.845246
13.818415
-9.270573
20.710239
-5.215010
15.490060
19.295996
8.050658
20.243458
12.570735
-0.314481
20.294791
-15.299840
16.428568
-10.614606
-6.226859
-1.789913
-11.892293
-3.617187
4.258542
-24.250918
8.104394
-37.290863
-8.608501
-20.924056
-15.520135
-10.082009
-12.531352
-7.746248
18.597462
-3.707311
33.409263
5.475545
18.814657
24.096253
12.684930
16.621155
13.150849
0.386269
17.340545
-11.001691
4.393583
-3.172425
-13.327387
0.358674
-23.119597
1.498278
-2.932513
-5.245134
7.976292
-3.352571
-5.556646
16.827555
-9.132570
21.035058
-4.597118
14.975300
14.100052
11.912342
10.760356
10.202055
-6.719516
27.937079
0.018439
29.403028
6.503503
13.642559
13.789363
7.571995
14.031169
25.689331
1.033495
33.894178
7.715317
23.525891
12.714964
6.085828
24.307062
13.475392
9.985134
19.888457
-8.142085
19.308244
6.372401
-3.708224
6.432671
-23.175667
-5.727552
-21.009313
-36.371760
-26.580393
-48.033636
-40.109656
-28.676385
-59.266670
-35.485689
-63.178080
-41.931367
-44.640436
-56.151258
-54.344878
-50.350186
-64.297533
-33.118217
-76.666113
-45.832060
-67.810997
-65.830838
-59.203741
-64.654415
-57.588580
-44.493594
-72.740866
-38.151381
-78.828869
-71.675387
-73.731074
-85.098114
-77.884927
-94.906703
-99.483454
-74.469083
-103.157280
-70.518990
-80.471369
-75.559264
-52.189079
-65.630453
-37.838675
-42.513197
-47.480087
-18.168968
-35.101552
-27.858831
-11.209277
-41.963932
-5.170107
-33.539035
-12.313760
-13.933442
-19.899575
-5.223794
-8.967065
-10.997484
27.009988
-8.451837
27.220588
1.318380
-1.345215
8.357875
0.118755
3.243532
11.140223
-22.219785
15.687491
-28.321113
-8.151505
-20.028717
-37.193635
-25.677113
-40.119317
-39.069932
-20.248919
-56.585242
-40.383796
-72.160890
-69.667724
-54.337107
-87.589731
-69.601997
-79.348487
-88.068928
-66.085994
-86.462963
-81.489980
-70.428980
-86.948111
-52.345618
-83.307721
-56.582669
-63.936016
-78.214427
-68.893781
-72.184265
-81.662188
-49.734374
-91.270756
-52.149426
-74.787606
-67.933082
-66.284361
-71.129912
-64.353568
-55.660342
-79.708690
-44.746705
-90.628711
-67.399242
-75.182110
-72.975121
-52.450311
-56.991411
-61.795917
-47.636660
-86.832777
-54.236354
-68.323548
-60.339710
-47.954588
-61.610164
-42.390857
-53.441994
-62.779120
-42.448624
-64.079824
-51.141013
-51.807420
-67.717331
-45.623723
-71.808063
-51.458222
-47.932292
-62.341955
-50.957420
-54.744413
-62.201814
-30.861599
-60.575411
-26.357047
-51.886065
-46.170535
-54.506582
-66.538129
-66.534795
-56.906800
-76.762575
-47.440679
-79.638590
-60.577848
-78.507983
-70.327018
-78.339233
-81.710030
-89.011106
-83.157686
-108.560054
-81.465673
-100.417187
-88.061410
-78.548058
-88.368946
-72.090818
-74.175562
-73.716579
-61.383016
-70.038979
-56.413049
-60.050934
-66.553869
-52.140291
-71.075245
-61.701602
-75.261459
-73.614905
-70.331767
-76.486691
-81.916793
-72.875142
-93.039984
-67.488784
-95.012874
-73.428063
-88.888341
-93.453141
-101.736809
-96.499860
-110.231834
-96.814498
-120.979711
-99.526723
-129.889337
-111.634557
-123.438322
-123.746642
-127.880725
-115.212643
-116.428263
-85.205725
-100.699168
-89.120825
-100.625151
-100.874042
-96.739073
-100.562367
-93.069419
-79.672914
-88.429206
-76.378688
-83.654580
-86.294188
-74.070314
-85.535059
-68.891736
-80.675112
-78.470271
-83.577916
-95.755383
-95.948471
-97.782462
-128.495744
-108.354968
-127.393222
-106.988585
-114.252843
-110.431606
-110.429457
-113.040235
-126.320225
-108.138290
-140.638118
-110.531430
-136.262234
-126.295526
-132.643042
-131.951793
-135.076126
-132.660382
-156.983495
-144.555706
-172.062982
-156.029292
-162.811728
-165.185151
-157.212621
-161.338794
-155.875363
-140.822806
-152.615493
-132.958190
-145.486146
-145.731731
-140.236307
-159.339476
-133.374856
-145.973690
-142.853625
-127.557531
-135.505856
-131.277272
-121.309406
-145.200753
-119.820577
-147.192868
-123.240377
-134.184949
-137.989154
-126.949242
-129.738355
-140.871050
-116.458134
-144.105655
-112.846118
-141.717097
-124.454762
-120.875831
-126.092965
-115.630832
-110.521152
-129.682496
-92.080315
-118.309678
-94.023051
-104.572549
-102.264873
-89.117017
-102.419024
-101.104452
-85.234074
-101.572645
-73.272004
-91.038944
-76.849334
-66.290241
-83.177774
-55.368761
-79.293416
-87.378407
-76.308734
-96.605553
-90.240063
-93.824459
-116.713971
-82.584015
-111.628451
-80.085879
-93.004348
-99.493388
-85.867124
-96.717310
-97.003612
-75.679024
-100.876312
-56.477124
-77.127402
-66.774473
-70.903387
-89.407407
-77.099985
-75.721834
-99.079430
-64.738201
-95.724891
-62.744894
-77.486000
-74.453023
-62.046169
-72.023973
-70.067755
-59.231997
-78.193095
-50.520836
-74.421259
-61.677318
-66.993300
-92.135790
-69.601273
-85.894894
-84.190737
-74.404432
-94.781170
-72.293004
-73.668323
-85.726693
-57.249215
-93.770446
-71.451012
-85.671147
-91.853327
-80.968411
-94.694193
-106.213892
-83.678209
-118.656009
-93.350220
-139.632923
-121.831911
-122.086563
-136.873214
-130.774761
-133.455233
-141.115771
-115.739337
-157.185798
-127.623533
-146.242341
-146.831629
-145.961208
-153.842155
-142.662041
-134.358887
-151.736114
-137.651896
-162.654511
-143.082034
-150.046157
-153.020321
-132.435451
-147.289856
-136.620065
-123.499154
-141.709299
-120.955192
-138.749584
-140.351042
-119.923673
-153.267998
-127.182024
-152.193575
-150.462396
-140.702605
-150.753356
-145.841528
-138.286128
-155.991456
-119.247121
-151.344026
-121.717432
-126.709922
-121.737532
-121.380826
-121.562490
-129.140210
-96.945129
-122.821844
-94.817126
-129.005315
-110.150992
-113.243878
-117.404652
-112.645533
-114.407017
-126.931035
-105.575743
-137.975941
-114.646734
-123.882009
-123.964242
-105.978493
-122.842814
-121.629349
-117.921345
-130.193305
-107.209498
-123.274193
-120.638050
-101.235497
-126.044542
-101.370823
-119.652791
-115.042906
-102.375033
-107.686369
-111.539648
-113.571028
-132.570258
-96.742456
-138.570700
-110.165883
-117.383444
-109.999373
-97.887685
-101.326534
-111.470920
-92.272259
-121.640102
-76.726454
-103.649386
-85.155156
-71.087242
-73.423263
-58.344478
-53.959380
-70.559988
-34.107756
-65.764911
-45.238862
-58.529887
-70.453004
-49.177447
-70.844551
-64.417055
-55.726398
-78.995649
-43.751888
-63.481122
-59.799437
-40.621659
-74.992263
-47.373745
-69.405169
-67.272878
-60.192134
-83.927225
-75.292198
-71.755064
-94.118105
-57.363215
-95.705678
-60.897449
-64.350300
-66.533555
-57.133440
-68.644293
-84.985822
-73.378279
-116.290685
-78.647838
-117.576528
-102.311854
-106.302894
-120.434705
-113.203483
-117.637801
-139.279351
-105.959324
-145.944517
-115.111779
-125.141717
-124.843411
-115.113803
-151.027585
-139.477877
-127.571540
-142.455857
-108.922079
-137.293096
-137.005322
-127.186197
-146.573600
-111.904801
-126.326961
-122.584251
-120.100439
-138.532836
-123.950115
-124.554052
-142.393153
-100.990503
-139.335909
-114.390662
-125.305886
-126.690906
-118.196976
-125.568298
-125.907796
-104.347553
-132.585289
-91.712861
-119.407485
-99.067314
-99.309877
-99.311206
-91.274452
-89.573518
-112.894905
-92.863435
-124.418601
-92.059655
-116.563257
-117.904874
-104.618535
-124.710867
-128.156610
-125.615588
-149.555571
-120.821669
-139.399168
-133.288010
-125.797824
-142.242657
-125.129247
-142.420057
-133.477903
-125.374506
-143.862409
-130.007024
-128.061643
-133.915105
-108.605141
-139.985652
-110.679018
-125.630196
-113.559226
-111.029776
-107.402298
-103.733131
-92.681441
-116.746768
-92.733023
-117.236478
-92.539661
-100.142543
-100.003647
-102.195846
-93.141089
-101.026640
-81.578993
-102.231697
-71.421587
-84.912837
-66.116658
-66.599185
-68.469237
-61.680013
-54.430766
-56.735334
-41.975777
-50.618731
-36.100900
-42.444169
-41.930812
-25.896209
-34.823538
-29.595852
-37.650103
-52.776425
-47.037167
-57.462428
-60.064824
-54.804441
-81.857671
-74.385925
-91.969893
-84.715355
-80.456051
-75.419445
-76.088239
-72.023613
-80.685788
-61.595444
-84.441423
-52.400057
-77.058155
-76.915005
-78.108933
-77.977042
-81.888774
-73.770169
-102.474851
-73.131748
-97.382652
-84.059306
-87.198274
-89.841702
-92.274077
-90.735780
-95.121001
-81.336618
-108.284247
-93.459582
-109.745382
-117.056433
-110.805626
-127.141413
-121.807113
-121.712484
-127.695002
-117.447399
-144.595356
-142.304285
-126.095962
-138.976471
-101.399316
-110.240578
-93.092715
-87.283731
-92.223229
-90.440597
-88.120341
-99.675023
-65.774566
-96.613795
-63.872618
-72.151626
-67.667931
-57.127791
-56.325610
-63.785892
-57.381830
-90.790282
-56.337380
-76.142796
-55.299933
-55.058272
-62.319927
-52.739654
-54.058070
-59.934895
-35.987049
-68.414569
-32.642637
-52.755765
-63.694890
-48.497839
-58.915191
-40.145133
-35.252557
-49.375623
-27.166779
-30.486626
-14.223431
0.401110
-19.645836
11.506526
-24.338864
-10.020480
6.282764
-10.344138
-0.629840
1.872425
-10.449067
19.237087
-17.407744
10.476408
-4.575579
3.490491
14.176254
6.847098
-4.739322
11.331372
-21.563017
13.841520
-20.292256
4.248677
3.440472
-2.203435
10.549497
12.413743
-3.153525
14.825729
-11.617600
26.702746
17.633272
26.972681
34.136961
3.550775
11.654671
16.584013
10.387728
35.451714
13.925674
31.740499
42.707002
25.819798
59.286194
34.195312
51.345277
57.869003
43.688581
63.481789
58.058148
52.519484
82.182095
37.491308
66.704697
43.751921
44.017293
46.056468
40.730727
39.171732
43.850983
14.432848
42.710041
4.707066
35.583127
16.238438
6.633965
14.463263
6.275963
-3.137283
16.064907
-14.354054
24.069826
-1.519789
7.584936
11.151511
-10.593629
4.512184
0.580779
-2.019268
26.631712
8.953649
24.978379
30.494081
19.466139
46.190668
21.901479
38.936547
30.733432
21.279757
32.606713
17.984750
17.829514
31.118616
6.206631
37.936025
10.171484
20.335854
12.845683
7.905611
10.645099
12.500156
-1.284336
31.125185
-7.445711
16.002873
0.992986
12.647814
10.072339
6.758237
8.011329
19.333416
-13.998765
8.067821
-19.712656
-9.354319
-11.065610
-25.310781
-17.660674
-25.517839
-29.115405
-18.280605
-37.175800
-20.669410
-38.634046
-48.316308
-48.728228
-72.929818
-55.827664
-54.384277
-59.837950
-54.677494
-73.124281
-76.247550
-69.613096
-102.444273
-64.484306
-105.390159
-91.924580
-93.590162
-98.079569
-79.027028
-70.694378
-86.776709
-60.412386
-96.791431
-64.472030
-82.000473
-72.000375
-68.425784
-75.213525
-80.369554
-61.331726
-89.633770
-61.213417
-95.574424
-74.324657
-81.078921
-91.586229
-80.737427
-86.599929
-84.351504
-68.093338
-93.219288
-67.267296
-86.541523
-95.840955
-79.690096
-98.658882
-87.370206
-91.236164
-91.633731
-77.471629
-90.022860
-83.092320
-71.921593
-91.810911
-49.121385
-75.297199
-62.953918
-60.027064
-70.858633
-66.482419
-65.754467
-76.038286
-46.007122
-86.511658
-61.357291
-80.261409
-72.979522
-62.464175
-77.371673
-75.949567
-51.424965
-81.585518
-42.671652
-75.073769
-46.992646
-51.033795
-63.014592
-46.039267
-51.275783
-55.600627
-37.545358
-68.463586
-32.805079
-39.094786
-33.667388
-20.681464
-42.268677
-19.076654
-22.765787
-28.317552
-3.615642
-26.329561
-17.257611
-14.163916
-41.875178
-5.691607
-37.365432
-19.592360
-19.790001
-33.747811
-15.359845
-17.022862
-28.043898
9.290551
-26.935897
15.586968
-6.405993
-6.100317
-1.275652
-10.668732
-6.365131
4.761718
-24.065492
17.656479
-23.115268
2.276844
0.582096
-3.749303
13.285701
5.474147
0.599146
15.242292
-5.572229
29.089866
5.651516
3.655215
17.310801
-0.718770
16.994939
13.257518
7.943827
28.079897
-5.913844
10.765226
18.563114
1.424635
29.614124
-2.980276
18.542289
20.930862
15.717159
36.692228
28.340679
14.861076
36.234554
-8.467341
25.856857
6.496687
27.470415
28.157508
16.072491
15.916854
14.307481
-20.436855
10.438370
-23.714003
0.095797
-19.885394
-22.669888
-11.267734
-10.710825
-10.559341
5.708343
-26.118127
7.323976
-17.334661
-12.890759
-13.158817
-28.488253
-21.124925
-28.133723
-23.279841
-10.846661
-27.225360
-19.188410
-28.935255
-34.854491
-15.603121
-40.896204
-24.887239
-33.570990
-34.532773
-31.705106
-31.758854
-37.312942
-21.064466
-46.796352
-19.992022
-42.648180
-27.066616
-39.264450
-37.758648
-37.595082
-39.374592
-54.466815
-29.752373
-62.374747
-34.626960
-58.605630
-54.596984
-63.048506
-60.823202
-68.437299
-63.677874
-80.843501
-57.693118
-80.993512
-68.156529
-80.610752
-90.348647
-78.916785
-86.600126
-88.820191
-88.607986
-108.227738
-99.735483
-99.045880
-99.756212
-85.363764
-97.571705
-86.918351
-95.864889
-92.995105
-99.616653
-109.320700
-107.338541
-99.144286
-112.680612
-88.898315
-112.046154
-95.999916
-111.419731
-107.429050
-107.008266
-98.267450
-115.564944
-97.797204
-128.852807
-99.049890
-124.978423
-112.610754
-119.800575
-121.124507
-120.695149
-109.393142
-128.418781
-105.081442
-126.658076
-107.978569
-124.201651
-127.007059
-115.611838
-125.214206
-125.951166
-113.827148
-128.757632
-111.509941
-124.042862
-119.875133
-107.084849
-130.272228
-112.396116
-123.716228
-126.481072
-120.569553
-132.871296
-129.318208
-124.529785
-138.819984
-103.641511
-119.089918
-85.550329
-81.553911
-77.622160
-64.646122
-64.975304
-70.976912
-46.120751
-75.012246
-41.660183
-69.489485
-54.467917
-44.674233
-42.406445
-45.118068
-37.422846
-56.676810
-30.849537
-63.149773
-35.920963
-51.096291
-59.606068
-51.476249
-70.763769
-74.027865
-54.116093
-77.145090
-61.308229
-74.476323
-67.338997
-57.544859
-78.136695
-63.973870
-84.803375
-88.897680
-76.545914
-86.783046
-77.986667
-78.190746
-88.393976
-52.155646
-88.665923
-73.321201
-77.302438
-92.620970
-93.018037
-99.825339
-114.355974
-95.262396
-129.524234
-99.036101
-131.780677
-111.663596
-107.305949
-111.598981
-114.836985
-109.596239
-135.581224
-99.621523
-136.159616
-109.253611
-119.952426
-114.321370
-103.458886
-110.617355
-96.971928
-79.831763
-101.001732
-69.217466
-85.275951
-70.145767
-54.736195
-68.510611
-43.283761
-51.491093
-43.879751
-25.850084
-46.369897
-24.026144
-23.521765
-34.743079
-3.483086
-35.007131
-6.249100
-23.154642
-19.699501
-11.828784
-22.069303
-25.502706
-20.063416
-52.360262
-14.008993
-53.394613
-27.126714
-28.449784
-33.897941
-15.850098
-14.018465
-30.372678
-3.134095
-36.328779
-5.485275
-24.151483
-24.414685
-21.359537
-38.958007
-33.640563
-19.783310
-36.750238
-2.994171
-28.148919
-12.240796
-15.391623
-22.229980
-0.543347
-9.600436
-1.073248
-13.068145
-44.893904
-28.443621
-33.433661
-41.234238
-22.633965
-49.959244
-18.166125
-28.779082
-18.182412
-7.246786
-12.052993
4.272866
15.442677
-26.898097
-18.494778
-73.257259
-57.802413
-74.426635
-72.097474
-64.508975
-55.028561
-54.227473
-23.386163
-47.161530
-15.339027
-42.396736
-24.993037
-29.621007
-36.675880
-30.605402
-30.411491
-45.998984
-17.446602
-36.278148
-12.614036
-35.078589
-46.251509
-25.873432
-39.288356
-38.193593
-34.458129
-41.053239
-27.711105
-43.199280
-45.264887
-27.074967
-49.349951
-23.528330
-38.576350
-19.954381
-9.341545
-22.140457
-13.435359
-11.742475
-29.671874
7.949140
-27.757867
-0.540918
-16.727071
-18.998861
-9.418090
-22.125329
-26.637298
-11.612916
-51.945684
-19.081129
-54.478764
-42.529169
-57.248782
-70.393043
-61.665813
-59.420034
-68.491010
-25.562838
-63.730759
-43.056569
-54.488751
-67.041491
-56.783019
-81.721332
-76.726098
-73.076281
-98.380946
-68.435609
-92.229115
-90.477335
-75.739870
-103.370872
-76.749639
-100.129075
-93.617354
-83.329925
-98.767755
-89.743732
-80.074657
-92.050909
-55.400534
-89.622803
-59.656008
-66.839842
-67.260134
-53.051804
-64.685969
-65.126857
-43.063923
-82.874372
-37.515062
-64.033937
-45.250941
-37.678321
-44.304236
-32.152047
-28.883738
-44.152809
-15.969542
-54.226895
-25.893835
-45.312487
-54.388225
-30.976025
-46.396358
-34.972262
-31.011735
-56.840016
-24.234411
-38.667650
-41.345946
-30.365557
-50.601896
-15.789451
-30.143888
-31.907067
-25.992160
-45.735407
-30.764841
-27.320893
-42.405570
-0.195550
-36.045488
-11.779022
-24.450817
-26.452852
-5.641464
-11.403419
-13.641946
4.500775
-30.985530
4.755359
-34.735297
-12.480811
-3.938767
-7.369637
0.857660
-0.203021
-19.190473
10.836221
-23.782669
-2.914061
-20.643371
-25.676929
-13.884218
-27.483926
-10.332584
-3.526321
-28.212161
-6.565465
-43.780433
-37.753705
-34.477647
-57.934784
-43.060746
-57.080278
-54.095628
-51.329226
-67.855336
-59.381967
-66.647660
-81.251747
-56.527540
-89.219592
-67.574326
-77.324522
-66.896670
-67.778406
-70.675854
-71.568429
-60.134323
-79.522435
-51.990359
-78.922465
-56.312882
-76.061083
-70.688875
-76.211140
-79.202150
-94.236216
-76.133128
-91.017814
-66.968311
-93.062793
-76.042685
-72.080562
-75.085638
-75.975795
-70.224106
-77.436695
-67.794533
-88.234842
-83.467197
-101.084540
-119.979216
-111.828177
-126.740504
-124.021111
-132.420430
-131.990669
-128.100736
-133.964773
-135.997722
-125.227692
-139.027399
-108.368177
-125.689808
-111.461435
-109.292536
-110.249055
-106.270132
-83.039114
-94.971270
-72.201745
-100.754633
-67.938742
-81.070014
-64.806374
-74.214479
-65.704157
-64.971744
-50.057724
-75.557090
-44.823080
-71.103941
-54.760649
-66.290075
-72.509755
-69.257103
-70.446904
-75.762666
-60.812894
-86.825404
-70.130890
-76.644994
-84.524143
-75.788516
-84.967166
-70.616223
-67.802580
-73.233583
-59.942469
-70.627752
-65.313645
-50.388672
-73.117864
-45.861592
-66.138127
-59.276551
-61.702303
-70.681206
-68.345736
-67.752344
-90.489164
-67.998846
-98.786904
-75.270401
-90.592974
-83.741777
-85.196125
-85.722094
-94.156426
-83.423591
-112.487097
-82.599150
-112.308863
-91.697166
-97.034056
-109.931854
-110.320596
-118.046095
-128.077486
-114.745483
-149.888981
-127.024098
-140.145318
-142.618030
-134.693581
-158.915268
-145.117882
-142.304329
-152.779410
-119.010062
-136.424997
-133.010532
-127.106998
-146.711292
-111.673476
-142.846354
-128.610770
-121.295707
-139.736302
-137.554229
-137.170946
-156.476131
-121.271421
-159.181548
-132.287431
-151.617132
-148.308497
-142.180651
-151.740656
-147.250205
-124.594907
-154.063874
-109.553179
-143.452332
-120.889359
-124.267531
-130.644200
-128.715537
-132.127274
-141.974721
-121.065609
-158.582872
-129.735800
-152.956641
-145.065028
-133.846756
-156.697465
-142.156863
-147.628652
-163.014832
-141.460656
-171.563205
-152.459077
-159.741490
-188.414382
-157.597527
-191.121649
-177.764298
-181.084927
-196.309862
-191.372314
-195.511514
-201.664469
-178.376860
-207.839361
-170.227952
-188.517591
-181.200447
-173.956457
-179.387702
-167.047440
-154.127955
-179.085368
-141.693485
-181.052335
-158.798098
-170.342512
-170.867330
-153.737607
-160.040502
-165.053758
-156.237975
-192.813332
-160.407845
-179.953172
-170.595832
-174.422038
-189.668074
-178.370887
-190.016589
-204.006450
-185.209442
-211.846522
-192.418012
-191.148989
-193.117824
-171.218421
-194.367161
-183.246830
-195.283381
-197.820661
-182.993649
-188.675272
-187.240609
-172.102536
-194.390793
-158.260877
-185.862709
-166.129142
-174.357664
-185.494537
-180.571867
-177.255110
-200.343492
-166.865598
-200.208087
-166.095825
-186.951131
-177.694915
-165.867484
-174.144806
-165.419042
-144.592550
-169.197455
-138.198388
-167.443510
-148.653355
-143.497107
-143.621037
-117.605024
-126.509499
-122.890822
-99.547551
-122.712053
-102.739920
-117.859310
-132.366902
-110.866200
-143.830512
-128.400424
-138.534229
-142.145215
-116.558748
-125.738662
-121.964066
-106.990992
-128.609105
-90.597724
-114.161204
-95.226554
-96.945435
-106.903667
-91.720398
-91.220807
-108.003609
-66.840426
-103.933135
-71.855873
-87.509442
-87.159631
-83.238039
-81.959463
-79.645510
-64.950126
-93.090069
-56.404777
-92.140828
-73.092544
-72.353906
-77.199780
-51.082758
-54.673951
-59.882589
-38.383214
-70.813945
-43.668593
-60.515788
-64.887320
-36.197703
-60.163705
-40.596873
-42.206795
-62.162456
-46.113238
-72.625002
-71.020330
-65.246332
-99.477007
-70.902691
-105.378975
-84.635285
-78.841180
-84.160792
-66.566906
-62.055067
-78.923414
-50.970015
-85.394059
-45.259715
-58.466220
-43.916334
-30.701722
-32.692273
-37.059552
-21.727198
-43.902384
-0.969257
-38.802546
-22.262162
-32.951647
-46.684175
-40.135207
-52.480939
-62.226052
-38.418833
-63.307642
-27.852496
-37.446390
-42.153728
-20.997858
-41.398601
-19.816104
-35.476681
-63.536396
-49.031861
-80.808630
-82.446390
-84.520838
-122.841516
-95.019228
-122.128678
-101.280860
-104.289540
-108.505389
-102.920707
-104.110838
-117.284822
-91.305225
-122.211477
-90.352647
-114.976347
-112.864589
-116.483987
-127.158109
-121.458752
-115.435278
-137.933929
-101.237352
-134.532496
-110.416015
-122.124481
-126.548422
-113.743726
-126.506725
-124.403730
-99.300103
-121.858478
-95.368082
-112.245735
-110.642024
-98.539434
-109.480141
-95.958659
-100.017172
-103.562876
-87.147266
-94.086366
-83.026925
-80.054724
-90.832721
-64.952927
-90.532802
-72.853640
-78.850414
-81.956113
-69.825694
-62.008301
-69.006861
-49.164058
-69.069178
-40.697508
-62.371215
-47.605158
-55.753743
-47.295380
-54.383761
-40.297985
-51.362958
-26.745964
-56.591304
-38.147967
-51.352275
-45.685968
-41.638232
-38.336342
-38.890010
-21.591477
-32.124792
-16.981097
-39.789679
-16.920664
-17.387527
-19.921457
-16.782320
-22.842256
-24.898173
-19.729180
-22.227565
-5.007237
-3.454060
-6.101756
8.313237
-12.419690
2.443340
-13.108720
-16.968686
-20.467591
-18.627534
-16.555262
0.246790
-29.056554
-1.368579
-18.722470
3.433283
-0.569056
7.340141
9.090168
13.787892
-1.502956
13.822595
-22.105403
1.087658
-21.386580
-7.320874
-0.684681
-7.225970
-8.735525
3.411767
-18.814329
-1.859891
-26.342275
-13.243075
-23.434559
-30.441839
-11.350110
-14.594071
-7.588568
0.785542
-20.362519
2.359175
-11.313954
-14.860309
-3.481799
-23.825481
-4.405693
-12.623137
-5.538020
8.929864
1.887443
-0.159104
12.287159
-13.876674
8.188332
-16.453299
3.661073
-3.898488
-10.648005
-3.697933
-0.607990
-18.937936
0.928063
-33.441197
0.978958
-28.537936
-15.677449
-16.690351
-29.205291
-31.342565
-28.523800
-53.604229
-23.574104
-51.392663
-32.020023
-35.927775
-43.009627
-27.251358
-42.434700
-50.452289
-41.108391
-65.861234
-38.795787
-58.596956
-62.973807
-42.924486
-67.736325
-45.833361
-60.432466
-67.015896
-50.482965
-64.749305
-61.851177
-62.047103
-88.454619
-53.538064
-85.625291
-70.405698
-74.573110
-77.952217
-76.089181
-76.257459
-77.552589
-47.904695
-80.885979
-41.442810
-71.089819
-60.402364
-62.505310
-69.281790
-65.693850
-63.873039
-97.140659
-71.447560
-113.586815
-84.207594
-84.794408
-84.654249
-67.014274
-78.191212
-80.849712
-63.895815
-88.750523
-59.083896
-88.571057
-89.484984
-84.382842
-108.205101
-87.077734
-95.774529
-92.666488
-87.085554
-101.446980
-88.096855
-84.119775
-106.351882
-75.661801
-113.819572
-89.590655
-101.163092
-113.847804
-109.129951
-124.030087
-122.857675
-97.310514
-135.208424
-95.640074
-130.918905
-117.039333
-112.046222
-115.297593
-101.878567
-100.040982
-113.598507
-75.518159
-108.110022
-86.448455
-104.573656
-107.356370
-101.050252
-117.692536
-103.066587
-98.898745
-120.899283
-95.714573
-120.496566
-113.332168
-107.656161
-126.382305
-97.732974
-110.162052
-100.017636
-78.826666
-85.032542
-66.005519
-64.985761
-67.957471
-44.373989
-67.050552
-33.117237
-50.623395
-36.968844
-23.597383
-24.072216
-19.814412
-11.412700
-34.864827
-2.717894
-34.057041
-9.791445
-19.593600
-17.221787
-7.343816
-5.209696
-21.632174
-1.723812
-39.309567
-10.193356
-43.686287
-45.006497
-47.869911
-63.198214
-53.246539
-47.542377
-66.860858
-49.928138
-78.068938
-58.049797
-66.846467
-76.155783
-59.978689
-75.621908
-69.805319
-66.036227
-82.436823
-62.006128
-66.342510
-66.242662
-45.803850
-69.017409
-27.278627
-32.224746
-24.897633
-18.774907
-34.020811
-26.521850
-12.015941
-35.889975
-4.782891
-34.345449
-4.218540
-16.525997
-17.386411
-9.280368
-5.455062
-16.931985
-0.029033
-40.550479
-6.757767
-41.890540
-26.328215
-19.601539
-37.233572
-19.048850
-13.108313
-29.569616
-3.462311
-41.248789
-32.328121
-42.973131
-60.569006
-45.585116
-66.304680
-61.212402
-55.725412
-79.011321
-58.659114
-78.853885
-79.709056
-52.240744
-82.405946
-53.568240
-70.283883
-75.230346
-61.163079
-83.275788
-73.154497
-68.082955
-93.253574
-57.400021
-105.893081
-85.835543
-94.491795
-105.153902
-93.121452
-96.003052
-103.316109
-72.020756
-108.823454
-74.855706
-101.824582
-92.768630
-93.017518
-109.248588
-101.437747
-102.939127
-118.177301
-92.233489
-127.944919
-104.653162
-113.314007
-127.347471
-122.808011
-145.378589
-141.227232
-137.676953
-158.106287
-134.077578
-155.757986
-162.837160
-153.291231
-183.663152
-168.343604
-190.880497
-188.572243
-176.826788
-193.865377
-187.466094
-181.209896
-203.236200
-165.867012
-208.331847
-173.836773
-185.423088
-185.579694
-172.296854
-180.062810
-185.888189
-171.926791
-207.098350
-172.580417
-203.315151
-179.715481
-181.303329
-180.503535
-169.432805
-167.408623
-179.853346
-148.490787
-177.163089
-154.392069
-178.475463
-182.064508
-170.126215
-181.245239
-168.501139
-158.962155
-177.589382
-150.608334
-164.678382
-151.140059
-145.623882
-169.946294
-146.565196
-163.593647
-159.713267
-158.157033
-173.453391
-163.189718
-154.079197
-163.235006
-136.829305
-164.677551
-144.304534
-162.955193
-159.465513
-155.633783
-155.206981
-155.918615
-136.268669
-162.985245
-134.608728
-175.415535
-159.854381
-168.644451
-176.430209
-184.370784
-181.734216
-187.275418
-153.312247
-174.591399
-137.906722
-143.404404
-128.258664
-130.852992
-142.873593
-137.212688
-149.354964
-159.012706
-160.735047
-182.224584
-179.537302
-188.215172
-201.056020
-195.762336
-210.472762
-203.623594
-201.629241
-205.116272
-193.208048
-196.428249
-204.875577
-189.978517
-216.612174
-211.367613
-233.549018
-216.177963
-217.224771
-212.380233
-216.836214
-212.822652
-232.560750
-202.804121
-227.697873
-201.994606
-219.075006
-216.674968
-218.857621
-211.994392
-211.366034
-192.984158
-213.998150
-179.996163
-196.623902
-181.974014
-184.385950
-190.419236
-193.642749
-207.122814
-211.100060
-197.115100
-216.150670
-195.378909
-193.333143
-196.854169
-179.814616
-191.819692
-173.365816
-171.648699
-176.440523
-157.282775
-162.946215
-161.512030
-152.903921
-179.794410
-151.871703
-163.705752
-147.254913
-142.985191
-142.975729
-143.535391
-133.128355
-143.667968
-114.009073
-140.630159
-110.920709
-122.288873
-110.870592
-110.520601
-111.202705
-122.248014
-97.970496
-128.648223
-91.195703
-119.591312
-107.726085
-106.732285
-111.646821
-99.981818
-94.870138
-104.851086
-79.479771
-105.348086
-87.195828
-100.667038
-106.038384
-92.609695
-113.430232
-103.864434
-93.772385
-108.558426
-87.454167
-99.272038
-94.843921
-79.010662
-109.725036
-79.702671
-103.950247
-91.155003
-84.840487
-92.841936
-77.938005
-79.440842
-96.160013
-59.389745
-101.035815
-72.919332
-84.832824
-78.854050
-57.076872
-62.073492
-72.428496
-50.280566
-81.693057
-42.657111
-65.730598
-52.803062
-57.690851
-63.961222
-56.486179
-62.164324
-72.221075
-47.012205
-83.499438
-58.839445
-64.626209
-62.847526
-51.241533
-79.429548
-62.824765
-58.099141
-70.379894
-58.116970
-77.083124
-70.730494
-72.378996
-95.639204
-61.970279
-85.404568
-74.937409
-68.930831
-79.693564
-59.119761
-65.717146
-76.255981
-45.388209
-85.019439
-51.105676
-74.526680
-65.777785
-53.722865
-63.177135
-54.094639
-37.070192
-68.208229
-28.369729
-71.275293
-53.559808
-59.286473
-68.195876
-59.244092
-65.945397
-74.586426
-55.304884
-87.950813
-59.753834
-75.603302
-63.187991
-46.033155
-72.411525
-54.272618
-67.724916
-80.141877
-50.237158
-76.464453
-61.766968
-62.391523
-77.687809
-49.336428
-76.622126
-51.754567
-59.783548
-77.156134
-71.230459
-78.993721
-87.420560
-58.217967
-79.103469
-35.216815
-57.828677
-56.635713
-58.427090
-64.147393
-64.845161
-62.529308
-78.016141
-43.558815
-80.558987
-53.303097
-72.135901
-61.128679
-47.493304
-56.455987
-52.441001
-40.695616
-63.260330
-32.865906
-62.935321
-45.186759
-51.078524
-66.974776
-49.933889
-58.767945
-55.920172
-34.807876
-48.102912
-32.413857
-41.097101
-43.133100
-17.931487
-38.888778
-11.011496
-16.395984
-26.351977
-13.622586
-16.730357
-15.880050
4.554710
-17.157896
14.646439
-15.652993
3.283295
1.979242
-9.456445
-2.670867
-7.696200
-25.974671
4.768596
-30.278277
0.678123
-25.124072
-28.417238
-34.496584
-45.679939
-44.071104
-30.480681
-59.295039
-20.471237
-52.349537
-42.171938
-42.935746
-46.171643
-28.430800
-36.608111
-35.212563
-10.196189
-37.834601
-15.361457
-16.628889
-21.447366
-2.644452
-34.346042
-14.608600
-15.088474
-21.667339
-5.744130
-28.500014
-34.355885
-23.202552
-59.379151
-20.509440
-52.144223
-39.726525
-39.885630
-51.270914
-39.934528
-30.769782
-51.366720
-9.365876
-40.456150
-0.288433
-10.893032
-3.309994
6.112234
1.272207
4.244908
22.995105
-7.590243
34.964663
-4.298430
13.681651
17.495314
-4.443811
8.096288
-5.432667
-3.901346
13.561985
-19.725590
5.787632
-14.353566
-15.613226
12.261797
-15.268512
7.959203
-3.361849
-13.173647
12.978190
-8.240647
-8.550884
6.828963
-31.672032
1.620925
-34.437799
-25.451621
-25.126838
-37.288251
-22.817141
-23.000828
-32.691317
3.106614
-44.291461
2.226747
-17.807916
-18.883550
-9.090092
-24.118979
-39.887106
-35.733995
-66.151248
-33.057102
-66.786623
-53.016350
-57.716986
-65.968789
-56.872707
-67.759655
-74.169620
-59.492678
-89.977494
-60.187669
-78.205249
-70.347196
-52.488277
-76.901853
-51.627973
-51.711262
-57.834337
-46.248448
-64.725388
-57.953479
-57.339215
-84.617923
-48.221722
-67.654322
-48.724407
-47.756266
-50.784929
-32.477041
-32.267634
-45.850504
-15.009660
-40.428997
-1.314906
-25.251619
-15.991088
-7.591432
-14.968403
-18.626930
-19.142062
-43.777998
-7.458258
-45.464778
-22.190979
-32.060819
-35.949425
-26.700691
-43.917312
-50.741981
-36.747118
-65.747060
-41.566143
-61.059212
-46.796415
-33.282391
-45.683979
-28.374056
-39.064569
-33.807040
-19.939216
-29.923837
-15.133829
-15.768142
-26.540354
-9.952858
-36.599745
-32.053146
-47.714688
-42.053111
-43.708864
-42.369360
-48.931209
-27.365330
-45.050514
-28.728724
-52.405478
-34.902630
-38.873571
-29.677811
-29.652916
-23.715572
-36.338091
-9.705023
-30.062168
-5.901579
-27.348656
-16.724561
-24.920083
-29.632970
-24.011125
-14.139291
-25.898417
2.334108
-10.757455
-1.899497
-3.610674
2.059057
11.580541
0.333609
-3.137311
0.960556
-5.402129
-1.604513
-0.356083
-8.744761
4.665245
-7.450920
5.535053
-6.859461
-3.271648
3.674775
5.378670
6.344162
17.005910
-1.092939
20.896646
-5.261114
14.796519
2.488320
-1.951834
0.270598
10.092999
-11.655710
15.391983
-20.299798
9.223007
-8.546584
-7.078642
-8.114237
-0.232529
-6.939176
-0.333930
-23.874138
4.587446
-19.322452
-8.578911
-14.832329
-32.687168
-19.078323
-28.801894
-29.549914
-15.853518
-37.054531
-24.502470
-33.038567
-45.110746
-39.242263
-58.127165
-36.414245
-50.265686
-52.436149
-47.046373
-51.817092
-45.887698
-40.780603
-63.804079
-31.155830
-62.481885
-49.536845
-52.864745
-58.101355
-44.386276
-39.847317
-54.865150
-23.343940
-55.690954
-20.580782
-39.606478
-34.210251
-30.729857
-35.973993
-36.094590
-26.040218
-51.001128
-28.801871
-60.170838
-32.372123
-40.660489
-47.071784
-32.623505
-46.869694
-50.493390
-37.126301
-71.436661
-50.323847
-55.324492
-58.826337
-35.443034
-57.694861
-42.660959
-58.365144
-68.463268
-53.154395
-70.422970
-62.473697
-55.995658
-85.475532
-57.443551
-90.734186
-58.614752
-67.872017
-70.887416
-64.132418
-66.154813
-65.840861
-30.820155
-66.357901
-24.520653
-50.891778
-36.473298
-27.832628
-39.323334
-33.855149
-25.407028
-45.395736
-6.966236
-34.508256
-12.596019
-17.364792
-22.302380
-15.896456
-30.890495
-28.366723
-13.788241
-39.029708
-2.808553
-18.391911
-9.514079
3.026947
-27.559046
-4.108204
-17.756501
-7.355439
0.677766
-25.434788
-14.209600
-13.782795
-29.370741
5.927285
-24.498051
3.936043
-7.027852
-13.557706
-4.809912
-18.314884
-30.618483
-14.725952
-51.356020
-17.253785
-46.761379
-15.729017
-8.367912
-12.574075
-0.520871
3.834236
-13.525183
17.870213
-15.975505
11.140209
-10.730038
-7.697259
-0.669648
-18.223439
-12.892090
-4.504989
-19.482510
8.801183
-21.843092
-14.986840
-27.117936
-45.997388
-30.944271
-53.705167
-46.185996
-43.907157
-64.657429
-49.181896
-47.626855
-47.233242
-25.331541
-57.227932
-30.910834
-45.909130
-43.859060
-38.513679
-49.966364
-48.190585
-35.639618
-51.962444
-11.252110
-48.132479
-26.162660
-34.183400
-33.451874
-26.452250
-40.017668
-53.473342
-23.283861
-57.614109
-23.941329
-40.496439
-34.189257
-29.055487
-41.627088
-38.483711
-39.766062
-52.959480
-22.176134
-45.096263
-28.408699
-32.093278
-43.631921
-20.802830
-37.533912
-25.539964
-18.352961
-32.688278
-13.499649
-33.249942
-42.336563
-28.379723
-56.444801
-28.362193
-44.537831
-51.772661
-44.856601
-57.440226
-52.680020
-42.256468
-80.114421
-44.568002
-84.670762
-57.708041
-59.825334
-62.718001
-43.088231
-40.223912
-52.706701
-33.096733
-73.623051
-44.505076
-69.795154
-58.128857
-51.369556
-71.933906
-64.284301
-55.506572
-88.809114
-64.824186
-97.881055
-72.647241
-74.081802
-88.746183
-72.666715
-89.814040
-82.417583
-73.256595
-99.015667
-72.458119
-71.028712
-68.542423
-44.379501
-74.065411
-33.666386
-44.897613
-48.555136
-40.010004
-57.332604
-47.790735
-34.543336
-68.781640
-38.024579
-74.777685
-46.295876
-50.482933
-57.495314
-50.898267
-46.775975
-47.786510
-20.632650
-58.824685
-24.256313
-50.995459
-34.447595
-27.082703
-42.478487
-37.093835
-45.111083
-67.715744
-39.154517
-74.728194
-51.109897
-65.491855
-69.288608
-47.757234
-69.724098
-61.788796
-46.707327
-68.061677
-42.427782
-61.549107
-55.378378
-40.021135
-72.586106
-43.661717
-61.890994
-60.442802
-49.918020
-66.678343
-54.160337
-47.011611
-70.074341
-30.982223
-63.251049
-37.289394
-43.615911
-43.354851
-37.537661
-42.569274
-49.581413
-25.040434
-56.636188
-15.611854
-43.430980
-25.814758
-26.890281
-32.749040
-31.328577
-28.660456
-43.090310
-16.851527
-51.424419
-27.937105
-34.230876
-35.334853
-11.947732
-27.978459
-26.998289
-26.304619
-47.873753
-20.711592
-40.727641
-32.747190
-31.679886
-53.905701
-26.481002
-42.312896
-43.073243
-42.614374
-62.650345
-58.488455
-52.946654
-69.549197
-42.790841
-72.172400
-48.253191
-63.506711
-59.769421
-57.369243
-55.857019
-62.386131
-52.436318
-76.294355
-54.213299
-83.099491
-60.026595
-72.790068
-72.311951
-71.390625
-67.765139
-79.304477
-64.765435
-83.511884
-57.357109
-74.029024
-68.086048
-62.568685
-60.429963
-62.057999
-56.685179
-57.630651
-41.411801
-51.280333
-39.655349
-38.791542
-42.887753
-26.551883
-42.620490
-39.126217
-33.599407
-29.814803
-25.536394
-27.398606
-32.636246
-16.639063
-34.962293
-10.434926
-34.253926
-16.615778
-21.412354
-16.623618
-21.279937
-12.454623
-34.308085
-7.976524
-33.147388
-15.292331
-33.337854
-31.764671
-30.549699
-28.908567
-35.601590
-15.941024
-44.930773
-24.558699
-49.803690
-37.706704
-39.177903
-44.941176
-35.159955
-33.569278
-47.040278
-27.083844
-49.671854
-42.649227
-43.899359
-51.992945
-45.720506
-63.961162
-56.521462
-57.611760
-64.437492
-53.897846
-62.858752
-57.926547
-42.593461
-67.178318
-37.358394
-58.911994
-44.044409
-35.844709
-30.670386
-25.861786
-12.195710
-27.627703
12.097139
-24.982104
-0.679665
-12.291799
0.220461
7.292120
6.938486
2.802823
15.688141
-13.720620
23.337665
-1.662270
6.202273
9.275964
0.130864
14.070215
20.800487
9.940443
38.176518
7.171985
23.835081
21.624676
6.560067
25.956786
-3.723112
1.104944
-3.770194
-16.328896
4.510386
-10.372523
-3.911784
4.850392
-27.262009
4.267560
-15.875986
3.341463
0.263824
-3.521254
13.924394
23.030033
13.265476
43.041569
5.756958
40.651593
24.576978
21.423872
27.605262
15.627356
9.818298
27.580866
-4.252990
33.910719
0.539024
12.251688
6.564368
-4.788547
5.076218
-1.505371
-8.931447
20.121920
-12.218240
23.584176
21.197636
18.107212
42.753198
19.378067
35.774764
39.994067
21.142334
35.109239
12.468790
17.738412
25.533502
-2.531828
38.309849
4.754276
12.671799
14.927560
10.694418
22.129934
14.906940
-9.221428
20.696748
-25.341589
-2.741849
-25.372491
-31.990166
-24.621893
-33.363521
-33.933596
-12.881412
-38.357593
1.211348
-34.646281
-10.418154
-15.121895
-31.317745
-14.593641
-16.446518
-16.982517
9.964989
-22.369113
6.848860
-21.148402
-23.095124
-17.416729
-40.865253
-20.744113
-22.607289
-34.642988
-14.380899
-25.157269
-11.010188
-13.384347
-27.639183
3.621729
-35.922888
-15.561626
-16.636425
-29.071648
-21.799070
-29.253806
-34.345155
-12.348355
-44.923062
-10.367852
-34.426764
-16.056634
-14.231707
-13.147412
0.588072
13.419811
-7.891457
27.513493
-1.989514
35.257850
21.394894
26.698438
33.036919
21.008734
12.264829
23.178114
-10.730873
12.515777
-12.092166
1.030481
5.619309
-5.774912
11.672277
4.392538
2.245014
21.644263
5.067429
20.283444
3.475637
-10.337483
6.202092
-23.106899
-5.639692
-24.149637
-39.527854
-33.354968
-45.942423
-49.571956
-42.422457
-74.101902
-37.219425
-62.834780
-38.207394
-41.217147
-54.145271
-52.999691
-51.335423
-78.781242
-37.868190
-67.419248
-21.476845
-26.915672
-22.301201
-11.475117
-25.626399
-29.419279
-18.431911
-50.466531
-20.720337
-58.291061
-43.452476
-32.874162
-51.898211
-44.975111
-53.864370
-57.049764
-42.955172
-69.805028
-45.842656
-51.609279
-64.259467
-41.323331
-67.657836
-39.578856
-41.252499
-56.719240
-30.028907
-43.714187
-40.935330
-22.061715
-51.930403
-16.124168
-46.226858
-36.941919
-29.330513
-40.286496
-39.026563
-41.383448
-69.047714
-34.257597
-71.758199
-46.343987
-68.104952
-62.986574
-54.485176
-70.952629
-69.246393
-55.179801
-87.999586
-44.695854
-79.669716
-57.514795
-51.565249
-73.127008
-53.803137
-59.983181
-63.692967
-41.184460
-67.029711
-42.214683
-55.518794
-72.252621
-51.428916
-75.271436
-62.801247
-70.087965
-83.064230
-59.158846
-68.014550
-62.088975
-52.532055
-77.796667
-39.624405
-74.254495
-63.803686
-64.880314
-75.609947
-56.503195
-57.041242
-75.003885
-39.573759
-79.113390
-45.164531
-70.099721
-69.332274
-59.359369
-69.536031
-62.831386
-42.402887
-73.925784
-35.658851
-72.287715
-52.582252
-56.784073
-74.983093
-68.797911
-76.832815
-80.136005
-53.042214
-71.985089
-43.983580
-56.633427
-63.333431
-48.325088
-70.227115
-46.733989
-44.507917
-56.695438
-39.463175
-51.820775
-39.213842
-26.550352
-54.438365
-26.580926
-51.703077
-31.200342
-29.360299
-33.405109
-24.554558
-30.335698
-47.730309
-26.736385
-62.213583
-25.976437
-45.830912
-30.464951
-34.200215
-36.863830
-35.115616
-24.958885
-47.799867
-19.372623
-46.558006
-29.033189
-35.868049
-32.980626
-38.519601
-44.154658
-45.722584
-30.267651
-47.727112
-24.854249
-38.863356
-25.025037
-30.723638
-42.662104
-27.466272
-36.542590
-32.900552
-22.925853
-30.967430
-14.640335
-12.382274
-21.812646
6.656044
-5.904699
18.502467
6.571140
5.790638
4.765741
4.205352
-1.800326
14.319841
-5.751581
16.029999
-8.222586
9.231301
-0.109347
-2.048113
-1.466904
1.528052
-14.565271
5.461103
-25.843999
-5.619720
-21.720815
-6.240897
-13.353020
-12.516449
-16.856898
-11.970920
-30.970322
-8.178406
-24.340595
-13.264957
-15.748074
-19.686527
-8.291163
-21.522451
-13.913917
-4.558550
-14.874436
-5.167786
-12.769553
-8.570708
0.181939
-24.350941
-3.089865
-21.207500
-31.172114
-30.832780
-43.529532
-53.757191
-44.326039
-74.210806
-47.080717
-78.549408
-64.557609
-73.898257
-77.217134
-68.357270
-61.269875
-76.615925
-43.874141
-67.017135
-40.551842
-54.410026
-49.508502
-49.508341
-49.069031
-45.963356
-35.160746
-61.803840
-39.210065
-64.834378
-58.783008
-69.198995
-86.672517
-73.612233
-84.527040
-90.443002
-85.695149
-104.041193
-78.242101
-80.431522
-87.370776
-65.898113
-85.590399
-60.075125
-73.658567
-74.077560
-60.798419
-73.231487
-67.075617
-53.694153
-81.471087
-55.989474
-76.153881
-48.414541
-58.493304
-70.015464
-64.460838
-62.989044
-81.732523
-55.662707
-96.599821
-59.775921
-86.979799
-77.028312
-72.621754
-75.831123
-68.269139
-61.844291
-83.959184
-43.092628
-72.599553
-50.653064
-58.592025
-67.201900
-43.797667
-64.732038
-57.121446
-35.634404
-61.839171
-37.497150
-52.443998
-55.516337
-34.183298
-62.870362
-42.892736
-60.434061
-62.662403
-39.283589
-52.875583
-49.860272
-41.794513
-64.594274
-19.160393
-48.541583
-25.326909
-43.232085
-51.684628
-39.526359
-42.997404
-45.014290
-24.287748
-60.695352
-24.794594
-59.749401
-48.132881
-45.403505
-59.430143
-57.117359
-60.790068
-82.988490
-48.546098
-81.886389
-59.804669
-72.691011
-71.842730
-58.864700
-70.295048
-54.263498
-42.170584
-55.453460
-21.220052
-42.736379
-31.220480
-26.521649
-52.646618
-29.424965
-47.643794
-35.620085
-28.501753
-44.527084
-38.758610
-34.862344
-44.514379
-12.421578
-41.338303
-15.192644
-32.423213
-19.835947
-10.947775
-20.704745
-22.257208
-8.829225
-35.502283
3.755731
-24.943603
5.043274
-9.804048
-12.608766
-3.498258
2.486731
-6.751257
13.518746
-16.159620
12.245376
-6.921692
3.699210
17.237979
2.169119
14.651228
12.607219
-3.067514
15.462900
-5.456397
18.426798
20.537784
5.063360
29.630763
10.868410
28.637674
39.607636
21.977955
34.925321
34.548005
22.032013
50.045243
14.781197
47.557087
29.231073
31.942090
40.302667
33.463492
37.927959
46.346619
18.242822
51.070628
17.118330
31.601149
25.813313
17.804539
27.060118
30.131632
17.721882
45.689852
11.625995
46.885042
29.443943
39.927929
47.103710
38.200245
58.078564
74.758189
60.054337
93.743849
59.884729
75.366398
76.794452
56.937664
77.928639
61.383343
64.052554
67.963726
49.991854
62.419824
49.072635
33.913669
55.381139
16.551977
35.809835
18.638759
19.312599
33.856096
18.928436
21.337352
34.777915
11.391236
45.015625
14.005894
39.033819
37.416366
42.023782
58.528885
51.752023
40.813924
70.413363
33.773791
74.473801
49.769791
55.533568
62.776565
44.888244
52.356261
63.841732
47.589227
91.003486
62.477403
85.985710
86.508321
79.582967
106.355198
91.075857
97.580645
107.519756
79.922272
92.876097
69.904741
66.064160
87.923282
52.955634
85.494912
67.056293
70.429025
90.595128
67.892520
66.996758
76.461681
48.368555
90.400020
58.542799
76.413594
70.575623
68.818034
73.653996
69.441133
56.539102
82.992328
44.254732
79.981403
52.088872
60.004889
63.620697
50.290151
58.170308
56.033994
36.885952
62.284972
27.300301
56.889924
48.032401
39.820488
61.748247
43.015683
43.624504
50.423258
28.107259
43.658438
28.190004
30.951927
47.949690
24.032508
53.220301
45.506162
59.177230
62.578617
46.758988
51.926569
53.583150
35.820890
54.030058
22.316419
47.423305
30.375877
42.672595
44.494940
35.535194
28.487373
48.516379
22.834674
50.601343
30.070935
43.493745
22.188654
26.569112
22.641149
20.462858
-4.994731
6.508061
-15.210669
12.725448
5.173954
3.612417
-7.016026
-12.853421
-2.780360
-1.355733
-7.481509
9.186412
-5.675860
-4.360427
-9.297229
-17.750324
-2.269424
-17.616673
-4.053615
-11.322357
-12.103165
-6.433394
-4.422765
-13.419307
2.209146
-17.236572
11.337098
-6.056015
4.938791
-8.137070
-9.701443
-10.451363
-2.906688
-31.976393
-9.951560
-43.675314
-26.470633
-45.766860
-50.916013
-49.502421
-44.870065
-47.592786
-25.717122
-55.054918
-29.749406
-50.390575
-48.881717
-54.024588
-69.900381
-63.486253
-61.540711
-75.097978
-60.171030
-78.427437
-69.566214
-69.904385
-80.425206
-48.043459
-69.901439
-51.537230
-50.238981
-56.767594
-42.923494
-34.745592
-38.798943
-7.300739
-30.342123
4.316564
-4.940620
7.299785
17.151234
13.753901
16.679657
32.780965
8.643466
40.735482
7.528464
28.631437
19.865421
24.545357
30.668779
25.004637
18.418133
40.506657
7.706457
41.628847
17.021347
27.908921
36.076351
17.305125
27.641539
29.886010
13.367899
35.565180
-0.364437
7.374167
-2.736012
-20.165283
-0.416325
-24.465378
-16.176920
-12.555502
-23.440831
-7.991035
-19.412263
-30.363431
-15.585537
-56.798326
-29.184645
-58.156854
-55.538958
-42.914171
-50.136330
-45.318610
-41.594246
-67.222643
-34.238342
-62.167343
-28.517116
-39.768283
-41.103224
-27.400100
-26.925682
-24.682606
-9.193422
-53.553075
-19.274738
-51.617889
-36.544509
-45.528370
-55.810239
-39.149349
-46.087402
-52.180510
-28.609279
-59.267762
-33.127722
-34.070826
-29.946123
-4.903840
-31.674163
-7.532908
-0.425235
-8.321580
23.067852
17.613165
34.607190
44.804553
21.159266
57.664350
31.762370
49.771457
50.169660
40.051164
48.084448
49.032142
38.201031
68.454139
34.615071
70.109105
46.857822
63.051308
65.288279
63.579351
70.515670
83.513463
60.020990
92.183768
65.786285
95.570482
91.692140
91.254922
103.149565
99.148422
101.680891
123.211838
102.221209
124.273289
110.828929
111.023980
118.556204
93.400121
104.727231
90.737307
90.651188
106.770383
85.557632
98.746202
108.742183
101.657086
133.309121
109.134093
137.956041
133.455719
124.714336
137.906218
129.990614
119.169513
132.622164
91.482197
123.786108
93.779394
107.896557
109.543524
100.996212
105.853248
117.070180
87.988450
116.366185
75.448085
104.821331
92.106055
79.685436
83.904650
68.563548
55.487419
64.835738
34.764930
61.898978
40.928528
45.089762
49.382358
26.272116
28.127800
13.503760
0.124133
12.614752
-18.278134
-9.887322
-16.734232
-42.257424
-19.183883
-49.721926
-33.031848
-36.464757
-45.509856
-30.317979
-33.679671
-45.818101
-17.660924
-46.910426
-6.101841
-40.300213
-25.524418
-15.308098
-28.011203
-23.296973
-12.420661
-28.550052
7.965717
-32.241437
-3.489456
-19.914055
-25.701526
-8.463468
-22.795278
-32.647653
-10.081820
-38.753429
-0.624883
-21.600321
-14.083870
-3.775300
-23.228319
-2.867089
-8.387045
-21.206973
-1.774772
-25.680399
-4.231735
1.289072
-17.168159
10.754143
-16.894263
-2.013791
-0.989131
-18.915096
0.107389
-13.847834
-17.560995
11.172299
-22.732249
10.700880
-32.474732
-24.274358
-26.904199
-40.370175
-31.758138
-30.295981
-60.201787
-28.944683
-63.602208
-32.240715
-51.649409
-54.264782
-48.470236
-71.914631
-74.284194
-61.546579
-97.422337
-51.649625
-77.557991
-60.810190
-59.029294
-78.643800
-55.511482
-59.818802
-63.981057
-43.658011
-63.897260
-44.433619
-50.881862
-67.208208
-43.078248
-63.138068
-48.524386
-55.384575
-61.924428
-50.150646
-51.644870
-52.735394
-37.837410
-65.869153
-31.816177
-48.392102
-36.479709
-37.084349
-45.918428
-46.250700
-43.757707
-65.909895
-44.240232
-79.773373
-51.034481
-70.549085
-56.346915
-56.869611
-58.969800
-63.071978
-52.388145
-74.942080
-55.658232
-90.263794
-74.070535
-80.186664
-83.264626
-66.110536
-58.988258
-51.015950
-35.186300
-43.894164
-18.288325
-21.829441
-25.792180
-22.645136
-39.442877
-22.454969
-24.541069
-25.691995
-23.595523
-25.976582
-21.691023
-20.541917
-30.623113
-12.769550
-42.245129
-21.601291
-30.781776
-20.888609
-21.117094
-14.899104
-21.980082
-4.492008
-20.070404
8.645635
-9.113369
11.324214
8.762327
8.729161
2.372470
7.090687
-9.708476
19.473172
-1.586439
22.864090
-0.305019
-0.577472
0.421889
-13.941671
-27.625428
-25.560950
-33.970153
-14.859596
-33.977492
-25.684722
-21.798539
-28.441180
-7.212036
-12.595132
-7.435944
-4.673488
-13.481778
-11.134604
-14.124805
-26.392899
-3.923542
-21.754604
-1.032043
-12.687434
-9.062483
-6.330895
-7.440267
-14.543792
11.228735
-13.716737
17.256177
-8.230715
0.875187
-7.661733
-11.273831
-15.396703
-2.876631
-20.960554
8.793491
-14.047258
16.351289
6.431260
11.284297
16.619319
11.412119
3.755342
15.453752
-2.860642
12.470650
-4.979970
-1.421983
6.893014
-8.809769
12.683596
10.941575
12.627077
30.882501
13.463086
23.301682
24.811632
10.192151
33.687527
7.895905
29.637926
16.861504
14.616048
26.357838
21.027494
17.097152
35.436581
5.497845
33.455487
9.355355
23.631976
16.317382
13.380868
14.816263
16.133296
-8.801948
22.708059
-17.284772
8.659223
-13.051566
-12.057038
-3.719217
-20.205780
-9.579474
11.020836
-9.844317
20.485097
-1.767589
2.690082
4.046973
-12.191659
5.202229
-10.954881
-13.810331
2.157734
-20.552902
-3.571204
-14.123763
-29.160543
-2.650808
-30.591717
-2.866326
-16.619401
-17.502506
-5.465895
-24.093214
-34.229628
-13.684960
-54.564087
-19.239820
-61.553385
-45.990502
-52.699670
-70.510353
-60.839877
-66.003430
-84.493874
-43.916495
-83.387714
-44.195727
-57.711056
-56.680074
-46.198030
-56.210838
-48.986282
-35.772120
-60.174742
-33.876269
-73.097207
-47.846071
-42.553186
-57.305680
-32.963023
-60.918180
-64.682722
-51.936567
-73.274999
-43.463928
-51.848121
-51.267827
-31.216632
-58.483783
-30.059588
-45.412564
-36.016492
-23.579540
-43.025476
-37.237159
-20.442201
-37.276787
5.602309
-23.630176
3.319124
1.856516
-3.119703
1.802347
-0.354428
-8.194615
10.812075
-25.489996
14.531890
-17.918094
-6.153831
-10.889893
-20.683266
-6.800918
-0.769732
-12.872193
15.335915
-13.459729
15.361017
3.820055
3.162464
19.201832
3.218805
10.744422
17.754861
-3.247805
31.735886
18.081228
21.532350
31.825318
12.085345
33.324997
10.825139
16.746457
17.031251
8.771075
24.544986
21.934052
1.397419
27.776032
-6.489289
20.087136
9.401655
11.720963
22.123104
28.942528
26.476578
42.603632
10.180246
46.431973
13.411167
32.798911
33.318422
24.365319
34.305403
38.682980
29.385081
57.016186
24.936281
53.871951
39.676297
44.673735
52.484802
34.219043
49.072359
46.097176
20.097772
43.146924
14.500884
23.365896
31.331184
9.421741
34.294199
8.597266
7.968523
20.764553
10.541193
27.507633
24.782905
14.082857
39.450697
3.377462
27.742731
12.825962
6.617420
15.901478
-1.208412
-7.526173
16.151248
-8.580699
23.062511
-6.341422
17.436101
9.643842
3.742156
17.013508
13.466710
-3.527621
36.048179
4.393855
33.795061
7.252464
5.020209
12.676740
-4.650007
-3.402734
-3.496982
-25.139389
-5.329810
-28.618455
-13.123662
-6.587987
-35.984277
-13.405574
-42.712489
-42.616735
-38.525728
-55.874082
-40.021513
-40.437457
-52.327062
-30.362411
-61.160711
-28.328563
-39.780814
-27.204436
-12.650046
-19.877743
-25.936733
-10.246172
-40.314955
-0.170157
-32.017613
-10.005188
-15.614063
-20.351319
-5.177985
-3.395796
-21.094513
11.044220
-30.240029
-0.294336
-24.708279
-24.399852
-19.320815
-41.905425
-40.654982
-33.012798
-56.515292
-26.607404
-58.322386
-43.707022
-33.583792
-50.523138
-30.629902
-52.944655
-48.667641
-38.213848
-62.408230
-47.692025
-55.860872
-58.309411
-31.746683
-64.359198
-29.198788
-46.403621
-51.345545
-46.650568
-64.248051
-58.834012
-34.479648
-58.686486
-18.127273
-47.121797
-22.176802
-28.320452
-32.021113
-27.114825
-19.391414
-22.966873
5.927876
-28.157885
5.764992
-19.195150
-11.502449
-4.945038
-25.502893
-20.875495
-13.869903
-26.922146
4.009419
-20.274583
2.499901
-3.847675
-8.338341
4.590582
-12.618666
-3.145942
3.571126
-13.000314
-0.399493
-0.839542
-7.313074
1.504077
-13.240905
8.159948
-13.660240
-7.023664
-12.674540
-17.123719
-15.065068
2.092250
-6.050572
22.582384
-8.733163
17.886588
2.245227
14.112639
17.180387
18.608153
10.618855
31.327682
19.407411
48.268866
30.331923
57.443353
49.290169
46.266711
47.800895
52.411852
36.963142
52.259802
29.433075
46.043519
33.375013
41.859908
51.698457
43.288388
56.413740
61.916527
58.182555
60.046634
43.056933
45.895734
45.854814
38.586968
50.808937
30.365377
39.090333
29.356513
24.435518
24.070993
27.315465
11.153544
18.196522
-17.085373
9.041609
-17.969529
-14.458195
-17.138854
-16.504501
-15.267237
-2.610438
-27.579995
-1.134784
-25.673430
-3.948342
-13.284519
-5.503516
-4.721645
-6.463314
-14.801394
2.701545
-26.182189
0.494302
-18.730709
-11.158663
-8.873795
-24.682902
-20.400228
-27.758155
-43.832906
-35.088841
-55.397325
-50.413788
-51.329666
-70.967755
-43.367732
-67.820429
-59.501726
-56.193990
-68.026105
-58.096150
-64.600278
-76.412516
-48.739238
-75.620621
-37.929724
-58.900254
-49.529185
-50.125505
-60.984607
-61.180427
-45.511716
-80.416534
-46.461142
-75.042851
-51.482435
-53.005804
-60.901107
-62.613977
-69.083890
-85.021542
-64.500209
-96.678790
-56.953497
-76.453391
-74.438895
-61.541933
-81.629763
-77.903547
-79.965639
-88.516064
-61.970487
-86.817970
-70.612059
-59.428795
-67.288443
-38.291551
-57.896336
-44.126006
-40.654918
-51.675502
-34.918948
-42.251764
-59.568852
-40.315176
-70.998172
-35.067855
-59.898397
-62.361136
-56.947807
-66.051212
-69.883128
-64.710889
-102.631139
-75.135668
-119.352058
-88.360539
-99.378631
-95.357439
-80.940684
-92.045165
-91.594977
-64.954843
-99.982444
-58.516556
-81.646535
-72.110845
-62.936302
-78.587412
-65.972992
-64.249978
-78.051223
-51.812086
-83.725232
-63.907365
-63.621758
-74.232244
-46.567851
-68.506801
-55.024671
-50.196604
-66.650606
-57.624509
-58.502054
-55.551797
-42.976935
-74.655581
-45.915586
-80.762831
-79.778805
-96.808806
-119.480009
-119.269144
-120.028057
-141.320708
-96.458576
-121.356727
-85.288823
-95.284657
-93.989036
-89.568514
-90.130077
-91.642019
-74.784135
-96.153934
-62.844847
-94.475630
-76.933095
-82.952577
-97.130160
-88.871242
-96.366286
-95.822436
-85.177734
-108.926491
-82.362452
-108.286903
-117.238934
-105.600025
-126.948899
-111.168452
-120.561287
-124.401558
-115.981071
-132.405908
-122.820613
-127.532279
-154.436482
-121.364479
-150.884830
-128.260938
-134.147050
-139.516606
-128.344364
-138.191727
-150.978439
-127.882968
-149.424578
-108.133841
-133.733212
-127.585407
-129.031461
-132.050026
-126.654508
-112.835337
-139.018100
-104.617185
-137.282550
-113.109617
-124.807491
-127.594336
-118.159609
-121.965016
-124.385434
-107.263304
-130.975957
-111.312264
-133.435748
-127.862265
-118.769965
-141.225831
-121.103793
-128.754038
-132.961457
-113.024065
-123.971871
-115.650331
-118.948267
-143.215504
-115.783446
-143.710691
-130.516704
-129.485321
-133.245772
-125.531887
-132.516772
-140.379658
-107.710662
-142.709829
-100.973986
-129.252541
-116.690209
-105.842987
-111.767523
-100.893154
-83.920527
-108.646785
-68.989320
-107.213243
-76.909442
-83.733130
-83.493052
-60.598630
-60.995438
-63.836824
-44.295644
-76.236653
-46.003596
-71.564679
-69.698493
-59.498628
-84.277759
-64.041883
-68.808587
-75.410109
-54.102135
-77.346538
-62.624147
-59.431737
-75.107595
-48.643170
-82.693015
-59.535610
-53.825354
-60.955288
-38.610309
-58.908826
-71.048013
-45.559122
-78.502336
-36.793101
-58.486133
-46.003326
-45.527110
-52.467218
-47.431781
-39.333331
-65.715009
-29.466496
-65.190417
-30.959615
-31.656333
-42.011680
-28.149900
-33.424569
-37.006564
-26.940775
-61.927569
-25.625458
-52.466216
-36.668116
-30.524828
-49.401103
-32.885319
-34.135189
-36.638964
-24.730182
-54.430003
-41.112147
-43.465808
-65.611310
-39.308370
-68.188615
-53.383240
-56.523140
-69.178519
-40.406346
-35.769261
-48.330698
-19.506298
-41.601156
-4.349218
-26.078267
-8.337027
-4.779604
-8.056211
1.334383
6.345162
-17.554183
10.797725
-27.437872
0.279527
-19.183291
-20.288326
-27.777633
-42.609693
-50.961085
-36.492423
-62.358788
-30.906464
-52.291988
-43.813867
-42.696625
-53.300719
-45.369696
-58.955726
-64.284059
-56.694473
-74.741494
-62.721111
-81.821600
-83.479028
-71.709822
-87.751881
-70.980265
-90.253826
-85.006856
-77.894839
-86.781671
-91.167527
-92.709774
-112.439343
-87.409154
-116.314737
-102.012518
-116.001068
-104.258181
-108.759580
-94.283409
-103.272966
-87.524743
-114.377804
-90.879907
-118.495716
-109.944908
-121.970681
-125.025653
-131.779361
-131.598468
-145.936710
-129.112177
-150.198146
-129.658386
-143.020790
-136.230497
-128.531572
-133.451212
-134.795983
-127.624216
-140.110577
-131.991304
-140.630529
-139.004618
-123.467554
-131.076643
-116.879445
-120.855366
-115.452218
-110.538828
-122.496119
-122.757549
-121.346698
-130.371041
-97.445577
-132.176482
-119.267804
-128.496977
-119.993074
-121.383021
-121.409320
-126.094061
-95.739087
-117.723687
-90.725034
-119.584761
-110.931763
-111.374570
-116.764111
-114.106349
-98.741622
-115.064663
-84.390270
-110.685966
-86.101135
-93.740366
-92.177887
-77.586813
-76.883443
-76.143775
-64.026302
-78.796176
-44.658634
-56.411430
-52.603269
-43.619316
-62.608722
-39.937648
-53.457701
-57.568591
-50.421899
-65.195154
-53.520101
-48.723653
-63.462966
-32.839283
-64.027343
-36.316007
-42.553745
-45.081150
-36.139309
-45.926400
-52.877274
-27.967402
-62.213112
-27.806782
-59.848902
-33.170626
-19.793005
-29.434704
-32.695476
-29.446717
-52.184019
-21.030488
-61.464463
-44.944159
-61.306401
-69.851781
-57.274836
-70.352079
-68.595705
-57.798549
-80.963049
-41.771671
-58.839762
-44.467370
-33.733997
-49.926781
-28.274015
-43.769648
-48.067124
-37.693091
-62.326997
-46.466025
-43.719436
-56.074023
-23.425869
-51.633990
-26.096543
-35.315266
-41.399583
-30.608723
-36.787588
-36.867154
-16.537319
-45.514521
-3.585039
-37.255722
-21.104381
-22.136200
-34.167395
-32.562841
-25.736706
-38.279692
-0.575050
-42.043219
-11.732073
-34.160918
-30.952389
-13.125594
-25.274940
-28.358348
-28.908669
-60.713313
-38.650848
-72.882738
-59.305930
-64.190471
-87.149314
-55.225974
-61.597527
-50.738899
-37.755204
-61.893747
-38.823156
-47.642832
-62.846908
-43.182054
-73.775703
-45.307139
-58.386742
-58.719229
-56.677434
-73.229702
-75.688101
-61.032339
-89.043552
-59.716294
-93.463932
-73.714962
-88.670618
-86.624632
-79.858407
-79.741377
-89.663345
-63.964295
-95.921826
-67.609730
-89.576301
-73.852234
-74.651675
-86.065043
-76.751860
-74.290155
-90.000445
-69.596808
-98.412152
-76.743569
-89.370214
-88.532221
-67.858415
-86.531019
-68.941805
-60.415132
-76.257132
-55.200004
-70.139039
-70.553017
-60.512242
-83.986674
-56.254049
-74.519687
-68.346269
-65.889955
-76.634227
-64.863756
-60.232884
-77.966406
-44.381276
-83.955151
-53.384174
-68.638282
-68.690243
-64.613267
-78.140795
-93.200661
-69.655429
-96.590363
-61.976676
-97.746474
-84.907575
-84.415647
-106.423675
-105.158059
-103.618611
-113.303455
-79.990288
-118.758220
-95.798665
-107.900470
-113.709142
-97.313421
-111.971190
-105.195620
-104.456285
-124.427654
-91.808931
-104.641357
-93.437576
-79.791298
-104.409192
-70.594956
-93.294782
-88.697223
-79.931624
-98.766859
-80.218325
-86.018439
-107.692162
-72.615763
-109.991299
-82.814350
-88.505356
-96.344395
-81.192763
-78.066501
-75.238479
-40.770169
-64.396074
-24.105934
-48.014525
-21.927331
-25.851524
-34.824314
-28.136129
-25.691026
-45.243476
-9.875554
-38.589819
-10.388617
-25.823524
-28.763476
-14.432162
-36.910969
-34.721767
-27.472912
-49.459522
-16.353858
-49.914015
-41.879762
-29.694050
-60.133588
-33.311597
-54.523099
-55.218065
-44.035802
-59.822376
-52.925573
-55.453564
-68.435930
-37.877576
-75.274909
-52.443020
-77.450990
-82.583850
-63.816898
-73.649637
-77.355651
-62.426958
-99.331018
-67.482545
-96.340819
-74.196210
-74.968155
-92.192042
-79.969267
-73.178386
-90.960759
-68.871891
-115.964075
-87.197184
-102.661537
-107.226308
-86.537554
-106.201788
-97.061113
-85.761277
-108.563216
-71.392314
-95.436266
-89.083020
-85.715812
-114.768753
-85.540984
-104.515184
-99.998541
-85.680048
-102.326392
-88.780970
-84.063036
-100.486065
-70.948983
-92.924424
-57.122280
-71.227330
-71.228268
-58.825605
-69.567035
-74.629574
-51.993183
-79.034332
-40.021175
-76.451035
-54.519122
-59.951866
-62.119431
-53.071202
-51.438175
-66.651490
-39.830009
-68.342846
-34.594400
-54.076594
-51.340408
-50.007418
-61.668470
-52.406100
-38.703904
-56.376079
-40.919596
-64.867458
-63.604376
-71.848128
-82.102533
-74.441209
-95.455424
-87.989654
-87.808117
-102.132401
-93.836905
-106.471659
-102.705605
-79.424644
-107.789030
-85.551094
-96.636184
-82.640273
-82.120631
-86.637552
-89.498899
-77.857180
-103.002325
-75.193645
-110.089805
-85.673651
-103.637559
-99.350222
-103.272464
-110.683723
-121.410166
-100.123494
-114.539583
-84.717000
-107.123887
-98.319599
-114.247926
-111.798895
-102.848774
-87.962093
-86.082231
-60.692773
-78.019016
-68.127914
-79.144053
-73.000490
-60.530739
-68.135603
-50.829959
-51.266128
-54.512751
-50.513241
-52.669690
-56.974265
-45.552558
-60.773196
-48.332553
-72.578407
-61.056975
-68.837262
-69.730073
-76.398203
-74.537121
-86.028657
-66.209463
-96.551140
-68.147339
-76.893407
-67.952083
-69.488787
-73.354681
-79.617349
-54.617744
-71.360356
-40.434157
-67.728289
-49.204305
-54.710578
-54.558612
-54.269099
-50.335588
-61.141308
-39.072577
-63.560215
-53.020688
-63.570411
-61.704079
-43.261569
-59.241281
-37.452646
-40.612068
-57.359831
-40.645052
-60.199460
-61.316505
-50.911402
-76.552459
-62.910018
-94.014189
-88.964346
-98.907450
-114.972883
-114.832819
-118.717928
-140.685496
-110.895281
-142.558826
-113.512859
-133.173471
-129.623480
-126.936795
-134.616183
-136.681761
-113.810906
-145.882768
-122.944945
-153.286238
-141.004774
-154.879402
-159.956194
-148.896224
-149.931108
-159.597922
-138.048368
-171.916488
-144.997058
-162.716668
-168.527926
-150.828554
-164.211184
-146.285048
-132.804984
-144.843607
-129.481686
-154.485145
-142.201398
-144.084384
-164.880215
-146.291416
-173.956456
-155.357029
-150.364493
-155.558619
-141.453612
-145.551457
-157.357425
-122.808253
-152.782891
-125.658084
-140.770568
-131.803940
-126.235075
-133.140787
-134.475841
-119.465377
-155.290362
-127.980007
-155.845509
-130.519868
-138.931375
-146.836621
-134.988477
-139.449682
-149.889126
-118.946096
-141.348913
-107.331751
-127.672567
-129.122319
-123.499300
-143.984873
-126.025070
-127.975103
-148.490987
-128.657599
-150.116487
-132.304553
-131.505768
-159.382442
-139.095110
-168.641242
-155.022592
-145.675063
-147.370590
-128.617179
-133.230166
-131.457774
-105.677301
-152.238542
-119.686578
-140.588740
-130.679106
-122.050118
-136.252683
-129.989133
-117.283756
-141.961443
-106.249260
-141.851486
-102.840286
-113.585156
-110.376091
-99.908018
-108.881604
-117.446243
-98.123281
-130.309952
-99.290761
-125.849161
-114.191517
-113.205241
-129.681090
-120.622388
-126.645058
-147.060053
-135.371792
-159.041358
-139.758373
-140.917299
-144.445597
-122.044494
-151.249463
-137.281236
-137.026611
-144.636443
-124.743011
-128.883824
-119.335334
-105.254381
-123.450471
-86.658999
-113.287889
-98.358485
-103.937912
-96.528600
-87.840133
-87.207019
-101.900018
-61.121406
-88.085974
-54.768327
-74.016471
-62.197331
-54.249667
-57.776094
-59.054495
-40.044780
-63.240536
-30.281096
-56.147540
-36.130689
-39.739580
-50.603341
-37.961120
-48.759597
-48.953127
-30.959840
-56.183413
-30.341848
-41.068522
-39.483916
-20.796655
-37.904864
-13.107401
-17.099230
-18.581846
2.140702
-13.408659
-10.345300
-7.146583
-33.708619
-6.259610
-39.848867
-27.010056
-34.553495
-45.826650
-42.292715
-54.700697
-70.572652
-44.319855
-78.004154
-44.912836
-68.892391
-65.507096
-67.603391
-77.524238
-73.711304
-56.217512
-67.842065
-30.324946
-54.136406
-25.104697
-33.437163
-30.996075
-15.440754
-21.925064
-35.727237
-21.306037
-59.024428
-36.620552
-55.539304
-62.784462
-48.217027
-68.605815
-54.828155
-67.984832
-86.867329
-66.077128
-77.900313
-73.136735
-69.656888
-105.756950
-71.736996
-105.408516
-88.216453
-89.489357
-91.227574
-65.375249
-65.817265
-79.677190
-50.818757
-89.433797
-56.557046
-83.935107
-88.696613
-86.695119
-108.081668
-113.655194
-108.384451
-143.827104
-107.856465
-148.112526
-127.101411
-142.270939
-156.656137
-140.799110
-147.851885
-148.627223
-127.614619
-162.533176
-126.846756
-145.921801
-145.122431
-133.715897
-159.048548
-137.331043
-145.381916
-160.868724
-143.592087
-167.800167
-158.029803
-159.624174
-183.005223
-151.019425
-176.257782
-157.257500
-155.436981
-165.240544
-150.657572
-160.614457
-165.066975
-139.713119
-178.383837
-135.375058
-160.485891
-146.151669
-135.611078
-150.198763
-149.588771
-146.398896
-169.809844
-134.103306
-172.062539
-139.813496
-154.204319
-156.771763
-147.309119
-145.527320
-145.969833
-124.544875
-156.865897
-127.724279
-150.460157
-135.578185
-118.275153
-133.958598
-115.422556
-128.491203
-141.295390
-119.196728
-132.807259
-115.596981
-119.149607
-138.968256
-108.210575
-142.427003
-129.095818
-131.812501
-134.453190
-116.637372
-123.009791
-129.609880
-108.853963
-142.392899
-110.851906
-135.169764
-119.609207
-117.166114
-116.448872
-114.120450
-108.378559
-119.259872
-79.819538
-114.260407
-89.311358
-103.095912
-94.036689
-82.909156
-89.451791
-89.401080
-73.808398
-105.687406
-82.014166
-106.849456
-99.565851
-96.598701
-111.109541
-105.165634
-113.937967
-120.758354
-109.969293
-128.897023
-114.836751
-118.938738
-124.968420
-105.749381
-118.610727
-92.400045
-102.973163
-105.409417
-104.747088
-114.064767
-122.526009
-117.397799
-137.000487
-120.414950
-140.975572
-125.514291
-132.207310
-131.311691
-144.891775
-137.612734
-152.392449
-142.270609
-159.978813
-138.288991
-163.229214
-155.306305
-166.381334
-171.815723
-184.712462
-177.795426
-200.537268
-177.786676
-196.100384
-165.577729
-164.616292
-157.175122
-152.971742
-152.929267
-139.675613
-128.914294
-152.772679
-140.731178
-149.508352
-146.037648
-135.997711
-152.079448
-136.190991
-143.489188
-139.122823
-135.318745
-142.901315
-140.968576
-138.363954
-162.979125
-145.517534
-175.490767
-160.990704
-178.734782
-175.724470
-180.951993
-179.879612
-189.385951
-167.683717
-206.201461
-183.998781
-207.685585
-187.474046
-182.283029
-182.141837
-170.570689
-163.910785
-188.822601
-157.959937
-178.759836
-151.235085
-157.690776
-168.007952
-161.651303
-172.995929
-167.027199
-147.158750
-167.164878
-140.275247
-155.563693
-147.427107
-131.773774
-140.967454
-109.865532
-124.365005
-129.563952
-119.726176
-129.540018
-122.659199
-119.641626
-140.920156
-114.122603
-143.378453
-115.987115
-128.241137
-135.620742
-132.314121
-137.766991
-145.352714
-124.547198
-152.056401
-116.434322
-155.335982
-150.232314
-150.887843
-159.482301
-157.929202
-152.621774
-178.275517
-147.998085
-185.091681
-162.293222
-177.676398
-175.375121
-161.994344
-168.925344
-169.952495
-162.487790
-187.291699
-161.344002
-181.651458
-176.659785
-167.519278
-187.187219
-160.930669
-176.931724
-185.682486
-169.398442
-190.673546
-174.573023
-176.326745
-199.177839
-170.506103
-204.098868
-169.999613
-178.284390
-182.696034
-172.829881
-183.500362
-185.504237
-161.958991
-191.174734
-153.789163
-192.226717
-172.440283
-170.418224
-170.096666
-161.374090
-152.469462
-161.172054
-124.409430
-159.681912
-126.966970
-151.549221
-157.294241
-147.675840
-155.795703
-141.868285
-119.493639
-135.729771
-96.384605
-121.943723
-105.686590
-105.407883
-118.482631
-89.465507
-99.612153
-95.205052
-89.545843
-107.027671
-89.916777
-100.846062
-114.772511
-93.934259
-117.332601
-86.136426
-105.500163
-110.704186
-106.249127
-110.056903
-94.256763
-80.087412
-108.455335
-79.554264
-116.583427
-87.690106
-105.262517
-111.151408
-99.742769
-108.066752
-120.542394
-94.265582
-122.127761
-76.609303
-105.486509
-89.508194
-91.012046
-101.280659
-91.984787
-91.489717
-110.920974
-88.080278
-115.992828
-90.693595
-96.814168
-103.936380
-84.383694
-99.739448
-89.175188
-86.986257
-100.258679
-84.238172
-95.464024
-93.673289
-78.820636
-93.094497
-67.356567
-90.936311
-80.325587
-71.688189
-82.765401
-72.749738
-64.893436
-85.926394
-51.468736
-83.665291
-61.702430
-80.611940
-86.318245
-82.503192
-78.506922
-83.897147
-65.686446
-98.076257
-62.024289
-98.069935
-88.457398
-93.354869
-105.670698
-95.192630
-89.660358
-102.677930
-67.027278
-95.317548
-65.140807
-68.214839
-78.753897
-61.579660
-80.273466
-72.931447
-59.769172
-76.072167
-48.920742
-67.138394
-51.744474
-36.222733
-57.345705
-24.999374
-49.940385
-43.426823
-29.410352
-45.323294
-31.150263
-31.230611
-48.438748
-8.520858
-47.895811
-13.720418
-29.491189
-38.589942
-32.630225
-48.186985
-48.495079
-20.903193
-56.554846
-17.776225
-59.867547
-49.945507
-54.033263
-73.695830
-62.650740
-57.599380
-72.404306
-34.469023
-70.366416
-38.862470
-59.310426
-70.215071
-50.947586
-80.958052
-71.335192
-63.313743
-86.702479
-61.540219
-80.240661
-75.568516
-62.912424
-84.575953
-52.862268
-76.699843
-68.935535
-52.322139
-76.041228
-64.775675
-67.243743
-88.792165
-54.359359
-85.049193
-66.012597
-83.180071
-84.170400
-75.443091
-88.202958
-92.933150
-74.139068
-104.269420
-65.225292
-103.267337
-79.080736
-86.862162
-95.276720
-86.700087
-89.707187
-104.959092
-72.423874
-103.566567
-73.870842
-89.666017
-96.081355
-82.247309
-94.187992
-86.569945
-86.601256
-110.554938
-78.406068
-97.996056
-84.850269
-69.747470
-88.439483
-67.095075
-89.701698
-86.020472
-80.495341
-100.229098
-87.254490
-80.623819
-91.824938
-57.564193
-87.851631
-66.430718
-87.823968
-91.788005
-87.325129
-102.897256
-107.033170
-91.429322
-130.165494
-103.608864
-144.637351
-121.629397
-127.330726
-133.262974
-127.026167
-130.329548
-150.722403
-132.818719
-168.279045
-136.731253
-144.888082
-129.710451
-126.841240
-127.209958
-112.766738
-110.480253
-122.216320
-102.861928
-117.882662
-102.741240
-104.314064
-117.095823
-103.309456
-126.550305
-130.365026
-131.552067
-147.622843
-147.936269
-144.231805
-138.500845
-112.397856
-137.138446
-115.036782
-127.779947
-114.794128
-111.601619
-101.904046
-102.990300
-100.158600
-121.461727
-102.811323
-129.486407
-105.299440
-117.105334
-107.175834
-106.498540
-104.692425
-112.479131
-93.158388
-115.021032
-92.413493
-113.667384
-107.167596
-116.638457
-118.012240
-111.734692
-104.814409
-106.085804
-89.849407
-112.449784
-94.009418
-96.842376
-95.071218
-83.449728
-92.287055
-77.444950
-83.258422
-93.489200
-87.953280
-98.192179
-95.152693
-88.694303
-99.022239
-77.927797
-98.308644
-86.909619
-84.471529
-82.385373
-91.387673
-91.239868
-105.945070
-87.525712
-124.058324
-96.305442
-115.029689
-103.108768
-93.684824
-83.294614
-87.515823
-75.643279
-91.149474
-51.915289
-77.178915
-53.493776
-51.042462
-60.766018
-56.936125
-55.938230
-70.092691
-54.517543
-76.911577
-59.198310
-79.665479
-85.669612
-76.341906
-100.776613
-101.949534
-105.175859
-114.549776
-99.844889
-116.002654
-123.267586
-111.021583
-127.672780
-101.955094
-120.533351
-106.328762
-106.491516
-115.824696
-108.369181
-116.773793
-135.020750
-103.630048
-134.710047
-99.639204
-117.734050
-121.916600
-114.882184
-119.159962
-117.434603
-99.628682
-122.522609
-81.599137
-112.458856
-82.512797
-86.669632
-85.548420
-68.541801
-70.681084
-82.353789
-61.254387
-96.732503
-67.226825
-87.728224
-85.439677
-78.355356
-100.177414
-81.334128
-67.882318
-77.082899
-56.918118
-77.577923
-64.405107
-65.176811
-95.598361
-71.479119
-95.460273
-80.610789
-71.656378
-82.402482
-68.231833
-72.814146
-80.208450
-47.133617
-87.702413
-49.752860
-66.900407
-63.624144
-58.169132
-60.991494
-55.893446
-44.301927
-77.362087
-48.193854
-79.815019
-58.802398
-68.088523
-83.727964
-74.087671
-72.130282
-81.022615
-59.376836
-97.710287
-67.947025
-89.107979
-85.521776
-78.621983
-95.943001
-82.427511
-84.607318
-98.518530
-69.363206
-106.417223
-94.199942
-90.479218
-118.271816
-94.889240
-131.873789
-127.627263
-128.803402
-136.073760
-114.326462
-121.205486
-116.222715
-79.716254
-101.720327
-53.127672
-74.579225
-67.211479
-66.229579
-86.531781
-87.112378
-85.063584
-116.290723
-83.272659
-122.728730
-95.243499
-118.778119
-113.863268
-98.011894
-103.719838
-99.587443
-86.020412
-125.762719
-96.221227
-129.892295
-117.362534
-116.541901
-125.339225
-109.887563
-117.947587
-118.248096
-89.963203
-109.658751
-86.416294
-92.946895
-100.770002
-78.593798
-94.535820
-85.588577
-104.720484
-127.665012
-124.220551
-149.651159
-147.582021
-134.474999
-166.735905
-132.262949
-150.745474
-131.818526
-126.010042
-127.689667
-120.245160
-113.644262
-127.947302
-87.330043
-123.202763
-85.567119
-97.591515
-88.636565
-81.549105
-94.224547
-100.841770
-92.241009
-116.683274
-93.777247
-131.769884
-112.971729
-114.379210
-106.718370
-97.929725
-102.404243
-99.184895
-86.700162
-106.043274
-82.581634
-101.911874
-98.979513
-83.943232
-105.612305
-94.608678
-100.913937
-110.188291
-93.771919
-109.494300
-106.445306
-91.884723
-110.245646
-83.264553
-110.571652
-96.750045
-107.652739
-108.527166
-99.494333
-97.536510
-107.809896
-83.502785
-129.984054
-103.675615
-125.803140
-121.957639
-119.006452
-124.688409
-132.235556
-122.546082
-151.029868
-119.598027
-152.382031
-128.335179
-139.840617
-150.053878
-139.638571
-149.680566
-151.210934
-131.549288
-163.063439
-135.863791
-161.747833
-164.884047
-133.783413
-143.743428
-119.571682
-119.403068
-127.541565
-111.672319
-123.443921
-102.950664
-80.415692
-98.566582
-56.480105
-87.546393
-80.876434
-88.098370
-92.635610
-76.538536
-80.502777
-104.429495
-79.020067
-110.362614
-77.274893
-103.218500
-92.286817
-85.044939
-92.016035
-88.314037
-72.634827
-103.607000
-64.791191
-100.888241
-81.355270
-94.675700
-105.676423
-102.605655
-120.324666
-120.074990
-89.659482
-124.749345
-105.379499
-121.454901
-123.071227
-111.024468
-130.121972
-106.934721
-114.059251
-122.909786
-100.289589
-125.719346
-106.566167
-90.872428
-112.067646
-71.856301
-93.813329
-74.979625
-81.979132
-90.917746
-76.435200
-89.479476
-99.552402
-78.612549
-119.801101
-80.232078
-108.007189
-99.942879
-89.212607
-102.318401
-101.515790
-97.113279
-125.360821
-93.148860
-123.602707
-92.406314
-104.847079
-113.844320
-107.235315
-115.720905
-119.177355
-105.075504
-133.024780
-98.723684
-117.943608
-110.250385
-91.164900
-112.070232
-90.745699
-102.131967
-125.228894
-102.279583
-127.398378
-114.005908
-121.152354
-146.465507
-113.094621
-131.904354
-115.753678
-116.329004
-126.332934
-116.291344
-116.776340
-120.903583
-94.752049
-128.720079
-104.641585
-132.663224
-121.545534
-120.361945
-126.564349
-130.158770
-123.305548
-149.938344
-113.618981
-149.293154
-121.110983
-129.340511
-127.886513
-123.831088
-132.503721
-140.974754
-132.053390
-158.910291
-125.049790
-144.433663
-136.067531
-133.265916
-143.418972
-123.019764
-130.698840
-136.441968
-115.866659
-133.005425
-112.238420
-122.227126
-139.194902
-121.639209
-151.335373
-132.197116
-132.154618
-126.920470
-111.693535
-122.967379
-119.859895
-102.561597
-132.339320
-102.047523
-129.146126
-114.047056
-118.232599
-122.513606
-121.694023
-109.881854
-116.956605
-102.037558
-139.204079
-104.554926
-124.950072
-115.117605
-120.086545
-120.752579
-120.771225
-111.560624
-122.714873
-99.956735
-116.394265
-97.326974
-104.101487
-103.670893
-97.547859
-98.555334
-99.870618
-89.030104
-99.643120
-87.576121
-95.454126
-93.727806
-85.392390
-99.498158
-85.248705
-93.566422
-99.341889
-97.506121
-101.951920
-104.617885
-102.161182
-117.581092
-96.213220
-124.140053
-100.801566
-117.036184
-112.264092
-115.638405
-112.695300
-128.988608
-111.992500
-139.052457
-106.528623
-124.943662
-110.422967
-115.672785
-113.609694
-114.819741
-109.550775
-122.491702
-105.059784
-125.373576
-107.923687
-119.520324
-121.822080
-112.625200
-108.646211
-100.987765
-84.038102
-82.791912
-56.793035
-64.730827
-52.317360
-52.127232
-72.147291
-52.563725
-61.458086
-62.411256
-56.851443
-65.340258
-63.135852
-58.063091
-77.746114
-61.019545
-83.669831
-72.418634
-85.740275
-88.276458
-83.590163
-84.297697
-97.672011
-74.486875
-108.874167
-76.257366
-110.756273
-100.417974
-103.926992
-107.717133
-114.818795
-112.058564
-129.023105
-96.440641
-125.145787
-105.605783
-122.892890
-125.307505
-114.980665
-127.078362
-126.855586
-109.810912
-132.209568
-108.417249
-123.089322
-119.536193
-117.835568
-146.435261
-128.237801
-145.093016
-147.362926
-140.926750
-161.946742
-156.838448
-166.410018
-187.591030
-166.541461
-193.038686
-170.546854
-178.654483
-185.377972
-176.542313
-177.083801
-180.458495
-155.557416
-187.996176
-150.736366
-178.757820
-162.893737
-158.446477
-160.465408
-147.101382
-133.894102
-152.698665
-117.264708
-146.859855
-116.766926
-126.859199
-123.185158
-105.423250
-111.321224
-114.387083
-113.900140
-138.166513
-102.766473
-126.732533
-116.234915
-113.012898
-133.667035
-119.313707
-130.877852
-127.589868
-112.000002
-134.067789
-112.966944
-106.519848
-114.692691
-79.949017
-115.500492
-90.449280
-93.552412
-101.122207
-87.787551
-97.505762
-98.267756
-74.352050
-104.890002
-70.766086
-101.144972
-80.275685
-82.997751
-90.691516
-84.855807
-87.287055
-102.762404
-69.249816
-107.780985
-75.075308
-99.334921
-103.313925
-93.584801
-106.645427
-99.412430
-93.698536
-126.468840
-90.607158
-119.736314
-94.509722
-89.695088
-106.723034
-83.577232
-109.444288
-105.250282
-90.361649
-117.044932
-94.740719
-103.641144
-109.785949
-87.626050
-115.787425
-96.916261
-110.694414
-106.105228
-89.540189
-98.699054
-107.137841
-99.960022
-127.052306
-96.186723
-136.420488
-113.069813
-122.552211
-133.429953
-122.070477
-116.101142
-120.105472
-92.266161
-125.335618
-88.410580
-112.331377
-103.168581
-98.828641
-100.273433
-88.243894
-83.601779
-100.635854
-69.206325
-99.401747
-68.219513
-77.354801
-75.427514
-50.256370
-60.626226
-53.515605
-52.795031
-74.995399
-47.410455
-66.803741
-73.591031
-69.017449
-98.308390
-76.261196
-84.920609
-75.903243
-70.834557
-72.435427
-68.949849
-66.353569
-82.303585
-54.359153
-84.486808
-57.276216
-72.756530
-71.996112
-67.455524
-77.533389
-81.603473
-66.912944
-98.600521
-62.041090
-93.828810
-80.265672
-86.313705
-94.009488
-92.958275
-95.776829
-113.629048
-90.332818
-118.223814
-91.676365
-105.956676
-104.128118
-90.365700
-105.029640
-106.026542
-101.215282
-115.148264
-83.695395
-100.661942
-102.697034
-97.567196
-121.516395
-98.736169
-127.087034
-114.033327
-111.436220
-136.728627
-114.324572
-105.338353
-125.044200
-92.648197
-125.207350
-98.871319
-107.165417
-107.811652
-103.492409
-111.722220
-115.587005
-93.192593
-124.073726
-77.009664
-103.036196
-90.771685
-91.135365
-98.018293
-84.633860
-80.711636
-87.815522
-60.821912
-101.931548
-64.809835
-74.857872
-73.940169
-65.101011
-88.884073
-84.441485
-80.854475
-106.441134
-77.986263
-95.058000
-86.056446
-70.957820
-101.285415
-73.233083
-94.777274
-91.334464
-79.392075
-108.288093
-85.137941
-82.614358
-101.551897
-80.027342
-122.031747
-93.613445
-109.305163
-113.396479
-106.262288
-117.919982
-115.892532
-92.456551
-126.668571
-88.221381
-122.537424
-103.675950
-112.338601
-126.214787
-114.266140
-110.555962
-126.098342
-95.474154
-136.326096
-97.955037
-120.355965
-113.307933
-98.017084
-114.996456
-103.123484
-95.238934
-111.787994
-83.276403
-110.921359
-98.843300
-92.028722
-114.718864
-89.126616
-110.541647
-105.297481
-101.122186
-120.620704
-104.539718
-115.186572
-119.975652
-92.291065
-114.232053
-83.901182
-100.292862
-91.478698
-76.117296
-84.734127
-82.129345
-69.468914
-101.587817
-64.444736
-102.230607
-85.257187
-90.503905
-96.697050
-84.966241
-82.603019
-95.900277
-62.482544
-97.766847
-62.797308
-83.625451
-74.461756
-64.488788
-86.793152
-80.234398
-76.162601
-104.546751
-83.845076
-99.526096
-83.669817
-87.080089
-94.912059
-66.887927
-79.638255
-75.287322
-65.097818
-78.957411
-55.069306
-61.726865
-67.506743
-55.447449
-81.044667
-51.222552
-58.346014
-49.028997
-35.944023
-35.127738
-27.941099
-21.640905
-39.375258
-3.874706
-29.197301
-1.345432
-13.184270
-2.335013
0.268081
-5.781227
-8.091453
18.098988
-8.560690
11.226875
-10.099968
12.456955
8.224897
2.247239
-12.012541
-28.013797
-45.581188
-29.504573
-51.123216
-35.553336
-49.429536
-51.855304
-43.038721
-48.475211
-32.959677
-32.326115
-41.075330
-27.165057
-34.708849
-34.307264
-23.158144
-39.807300
-19.507843
-35.412411
-13.684574
-10.104872
-14.691150
-24.977223
-21.668290
-26.884914
-10.701907
-36.955225
-20.999023
-28.361764
-9.420764
-15.599070
-11.577347
-21.987470
-9.600984
-35.292942
-5.998844
-34.846457
-8.719775
-22.385653
-24.173348
-22.189338
-17.569587
-34.503133
-9.442996
-25.150298
-4.693986
-19.898973
-22.113734
-14.711488
-22.572014
-16.854963
-18.241420
-19.166526
-3.539700
-14.355629
-9.607287
8.067855
-9.487655
1.692836
-15.911957
-9.517521
-11.129073
-16.878686
-10.131537
-13.861883
-32.454663
-10.368560
-43.083881
-13.993254
-34.407029
-20.594513
-21.224672
-20.181789
-17.850489
-5.622216
-30.733427
0.072153
-27.565036
-5.217723
-5.401475
-4.562884
8.033326
9.669431
-3.671814
15.983072
-13.755704
13.238620
0.556584
9.806163
21.974945
7.652238
19.609296
16.668376
-1.163657
16.668691
-9.345386
6.329136
11.755122
-15.240820
8.356235
-20.599794
-27.943379
-27.383297
-45.804128
-34.861062
-38.088288
-50.034882
-23.093286
-57.504967
-21.846247
-43.311737
-42.532255
-42.236161
-49.639595
-45.349682
-37.006711
-72.405269
-36.875981
-71.734337
-51.326075
-60.841089
-63.805919
-49.857349
-51.111467
-52.878219
-28.824875
-62.930765
-32.839899
-48.501587
-39.605881
-28.547102
-43.687485
-37.632331
-28.550897
-42.017612
-7.639767
-23.759629
-0.715392
1.880548
-11.861862
25.836160
14.923073
24.270767
28.152590
14.642223
29.636101
14.159818
6.066019
36.637456
-8.662006
11.826096
-12.501407
2.198223
11.604031
-7.511627
-9.267255
4.135400
-13.333966
20.382430
-17.415856
10.542894
-6.415253
-6.502900
-4.676230
-12.134621
-15.775409
8.047434
-25.640684
15.363577
-12.978510
-1.370749
18.072943
-6.153169
2.536370
-7.772499
-23.860231
-6.161552
-34.010204
-17.039740
-22.383226
-41.759886
-23.722861
-49.693198
-36.884231
-36.905749
-53.396461
-37.108308
-49.532470
-42.747470
-22.705030
-49.829029
-10.184774
-39.408072
-21.174316
-13.382716
-26.512092
-19.980204
-17.587815
-38.742418
-3.074084
-48.567402
-5.938638
-22.051131
-18.854188
-14.232758
-19.962181
-18.035333
-3.842895
-35.329288
-7.032683
-43.482864
-23.392482
-26.492595
-33.456088
-13.581883
-11.571799
-14.084814
3.664151
-24.834621
-3.531328
-13.142164
-9.642332
3.136283
-16.480035
0.003355
-12.957897
-15.981424
2.259381
-13.523514
-10.346548
-2.619803
-30.805598
-3.005284
-35.919462
-14.493730
-20.602635
-35.768595
-27.640807
-32.566967
-43.544345
-13.777378
-42.080076
-4.854877
-23.573265
-10.418429
-11.945488
-15.131610
-9.591904
2.772671
-18.888926
11.229137
-35.775910
-9.300786
-26.037898
-25.005959
-18.456842
-30.703259
-30.998114
-22.125576
-47.565609
-17.384447
-34.618528
-35.146830
-25.358793
-43.622758
-31.151498
-46.717663
-45.784784
-19.630261
-26.579115
-16.690904
-14.581863
-35.631261
-15.872485
-46.697504
-36.204015
-43.854419
-46.178911
-29.734531
-30.923275
-29.972605
-1.265123
-40.867737
-8.066448
-42.387843
-31.277165
-27.850718
-35.173454
-36.112974
-30.880358
-55.839236
-18.590118
-54.957007
-27.222165
-38.397822
-42.942191
-31.580209
-52.944369
-57.268185
-37.383000
-66.250243
-35.911389
-63.508046
-57.911561
-47.529057
-69.319572
-35.745397
-42.920985
-52.660687
-35.996408
-48.999503
-35.002782
-35.997727
-54.463486
-18.973888
-45.149425
-30.434028
-39.276759
-61.034499
-43.549756
-45.239823
-52.483434
-31.826584
-62.641397
-17.889949
-35.523826
-11.172403
-2.306240
-10.244741
5.079938
19.900994
0.112135
38.085401
-1.564613
41.273971
36.378563
36.978845
57.514427
53.761523
51.434147
74.333802
36.928443
79.150351
51.434020
53.816160
57.279551
30.661439
48.641453
35.656433
29.713254
56.725458
38.462999
54.818023
36.838451
-1.930575
13.894386
-18.771643
-2.590374
-9.910820
-23.949964
-4.891898
-19.120065
-26.411913
-6.228272
-40.009937
-3.604408
-33.796436
-23.245050
-18.186169
-33.703098
-26.437876
-16.726268
-39.543528
0.794910
-25.448879
9.639584
-10.265397
-5.185225
3.012670
-13.986878
-21.659625
-11.951534
-42.608466
-0.357727
-26.214616
-17.647790
-14.901578
-28.092929
-10.841878
-9.240113
-12.392387
6.855087
-16.071493
2.051681
-3.739622
-29.603590
-13.478235
-46.842146
-31.447697
-31.944687
-47.805249
-34.915063
-47.173981
-44.746362
-24.590582
-55.628499
-21.200568
-56.619772
-38.723829
-37.766098
-48.516152
-43.187574
-44.120003
-54.028075
-20.984432
-58.389678
-28.699435
-43.346540
-37.816748
-30.320653
-33.742894
-28.134068
-1.945694
-23.432579
8.467976
-28.360971
-15.241651
-21.450142
-32.902644
-15.642476
-20.857818
-25.996609
-9.512907
-36.925437
-21.966535
-38.268147
-41.139950
-25.273695
-49.720364
-33.363771
-43.715992
-51.497129
-54.911881
-68.215243
-58.840608
-49.680862
-61.945578
-36.197251
-65.696160
-45.499061
-45.953089
-46.822665
-46.722545
-46.075510
-58.793048
-44.752035
-63.604206
-35.930465
-58.144417
-50.892912
-65.314421
-65.640272
-73.271502
-60.701214
-85.830990
-73.264612
-100.319125
-89.283451
-114.369354
-122.005189
-113.382311
-124.984090
-127.894188
-115.777794
-135.028008
-116.266857
-129.893432
-132.325531
-129.994698
-138.508166
-126.477008
-140.270096
-141.028265
-131.647895
-137.527218
-140.772984
-140.007731
-141.360492
-118.696987
-144.206289
-128.059218
-145.642578
-135.760766
-131.371985
-127.310734
-134.191191
-115.107775
-137.769362
-111.362529
-134.577683
-107.901094
-123.275163
-125.125574
-127.746219
-127.535700
-137.786831
-113.669269
-134.655843
-104.455812
-113.221870
-104.909048
-95.707807
-98.258853
-96.124757
-82.686745
-102.218981
-81.195304
-106.226276
-95.317721
-87.179668
-97.840844
-93.704994
-110.790741
-101.698827
-91.009601
-100.406204
-87.558985
-89.521432
-109.911896
-91.423372
-116.987844
-97.201403
-106.187379
-100.010359
-96.677121
-106.011935
-115.668264
-98.748390
-137.221320
-110.825423
-134.672596
-119.763891
-120.602218
-125.150744
-120.073567
-111.255778
-121.247071
-91.994232
-120.220152
-95.565932
-117.611113
-112.005024
-110.163214
-119.244755
-115.662868
-98.109992
-126.041842
-98.957200
-116.534072
-96.625685
-96.984162
-109.839385
-85.390908
-98.469365
-96.330283
-77.974022
-98.234509
-81.289706
-88.186890
-99.401820
-83.183083
-107.291201
-80.280531
-94.187513
-91.126347
-80.008301
-96.446227
-98.838737
-78.530575
-115.822525
-88.041018
-121.385647
-108.858495
-117.763927
-131.837006
-125.188945
-116.208416
-129.912159
-98.049812
-130.380656
-97.410701
-107.923772
-101.396585
-96.762817
-103.526899
-96.131541
-77.659126
-103.075490
-59.828353
-83.098891
-63.782735
-61.175658
-68.276010
-41.943229
-59.352668
-61.886283
-43.913384
-71.061249
-50.190079
-58.836389
-62.666015
-43.563337
-80.179881
-47.814416
-59.836464
-62.697679
-47.224383
-64.164301
-49.539484
-42.355024
-81.255261
-39.732859
-69.455672
-47.105154
-48.609904
-59.707569
-43.594109
-46.872043
-64.051467
-30.581703
-63.823485
-29.288976
-52.480488
-35.525270
-32.987510
-42.871814
-39.080692
-32.722148
-57.873037
-26.353917
-62.643822
-46.537899
-60.565157
-84.461817
-69.765786
-82.771906
-81.637464
-68.970097
-93.693510
-66.814895
-82.659958
-72.451956
-51.487174
-88.242698
-60.068118
-71.775948
-75.086645
-59.558257
-75.300170
-68.990343
-61.110789
-74.828906
-36.585653
-67.615147
-38.289662
-39.060216
-39.119465
-19.558016
-28.237375
-38.714210
-13.216214
-49.498007
-10.522090
-35.179548
-25.283863
-31.881702
-47.283510
-40.334607
-40.669904
-51.430082
-20.684349
-47.246592
-24.117019
-44.627208
-40.192210
-28.030014
-40.947854
-33.827653
-31.557380
-40.358675
-11.214451
-31.484257
-21.991687
-16.876347
-28.548791
-5.258465
-22.466988
-18.275258
-11.324987
-18.566137
-1.485850
-9.688976
-18.257523
4.199114
-26.334025
3.324582
-19.506447
-18.146725
-16.359253
-35.096616
-39.745698
-21.950540
-60.131985
-39.958015
-81.419613
-58.448043
-71.188856
-77.655323
-66.763246
-73.097237
-93.314602
-61.646207
-92.055591
-61.911462
-79.875277
-78.781103
-77.120715
-89.914988
-81.389708
-75.754697
-95.263201
-64.871776
-85.449778
-67.815485
-73.461144
-92.826377
-77.575050
-103.238491
-95.224392
-94.033871
-102.839628
-77.113682
-79.559968
-92.291143
-72.329019
-100.407601
-71.413806
-93.049217
-87.859714
-73.430638
-79.779775
-65.307011
-50.641788
-78.984367
-42.031535
-81.594011
-50.180617
-50.110528
-53.601990
-38.251429
-37.497337
-43.582878
-14.578387
-52.824333
-16.444517
-42.065394
-33.951312
-24.592290
-39.765142
-37.680059
-37.743119
-58.666347
-31.833498
-62.754950
-35.580866
-26.912910
-41.222404
-12.731518
-38.013381
-39.610641
-36.009197
-56.459644
-32.222126
-49.768567
-62.560654
-35.410527
-71.687190
-41.665020
-57.689023
-55.986776
-45.584058
-51.792443
-48.790679
-38.165707
-64.844702
-32.318602
-72.330511
-44.806403
-60.028992
-70.440136
-62.584004
-68.846521
-90.651397
-68.139779
-109.796926
-69.151777
-93.727389
-86.792064
-75.187873
-86.928677
-87.535007
-81.853342
-104.000904
-75.377956
-107.848551
-86.831771
-89.457411
-103.777338
-91.358493
-121.890613
-112.164536
-107.064106
-129.912829
-106.849780
-124.208977
-131.669762
-116.073392
-159.846922
-131.001376
-153.108397
-155.624437
-146.912096
-165.569500
-160.384130
-153.006547
-174.472726
-143.051257
-178.001716
-150.480235
-160.585455
-160.841743
-150.890330
-159.889867
-176.267358
-154.541959
-188.910287
-154.054682
-184.795082
-172.879875
-159.860969
-168.759935
-158.642348
-155.882769
-181.447168
-152.638767
-192.679693
-185.307144
-188.900637
-190.485130
-177.836895
-202.049505
-202.246145
-197.754786
-214.971461
-190.918985
-208.643536
-211.590932
-203.165608
-228.549496
-202.169242
-220.610490
-203.560019
-192.154717
-195.048993
-178.606876
-163.038309
-180.813804
-147.763640
-174.080505
-151.319354
-157.950998
-151.973905
-150.513049
-145.787782
-152.413730
-148.979913
-178.464129
-151.043174
-184.260900
-164.953287
-168.019465
-164.396606
-163.311973
-157.666235
-170.144313
-152.401494
-181.670826
-158.411992
-166.443223
-158.605193
-163.435361
-165.912445
-160.508596
-164.142420
-168.525868
-153.887062
-161.605458
-149.481589
-153.472303
-161.649452
-143.524837
-159.740236
-151.182661
-156.296157
-152.639748
-149.235476
-156.572093
-169.722514
-161.075618
-198.323163
-178.429063
-204.411883
-197.868735
-195.580991
-189.836108
-197.707848
-187.976649
-208.471340
-179.129908
-208.357880
-187.960826
-200.084142
-193.529189
-192.894426
-187.998313
-200.216976
-187.016794
-210.372829
-184.764063
-195.014531
-184.715066
-178.497028
-188.242090
-190.930502
-191.905561
-211.132187
-194.889572
-212.845967
-195.344733
-199.169100
-208.479146
-198.262869
-215.527355
-196.567967
-191.696004
-189.754483
-178.295895
-183.931457
-187.704680
-171.443380
-201.956658
-171.939625
-189.969312
-175.033843
-176.380945
-183.420910
-184.965535
-174.614261
-195.747495
-163.416119
-196.238042
-165.629438
-172.554404
-174.886258
-163.070970
-169.414880
-176.108261
-152.996672
-177.090547
-143.069145
-164.526485
-149.410986
-143.812956
-153.335051
-140.642537
-138.857707
-155.749342
-133.235263
-159.926840
-142.352349
-154.257591
-169.518805
-144.546513
-160.588072
-142.028445
-135.490600
-151.703938
-142.428095
-144.751310
-141.348250
-119.719820
-151.958682
-116.658685
-143.166503
-129.193878
-110.710052
-119.163523
-107.709794
-94.000441
-111.857680
-71.210634
-107.983619
-75.746693
-84.790023
-82.307400
-74.262602
-85.460227
-97.588093
-82.152682
-117.467955
-82.137665
-112.189782
-100.822582
-105.597089
-123.928598
-115.094221
-117.997545
-136.416600
-111.637784
-144.253997
-122.731444
-130.958071
-149.231810
-128.162298
-150.976332
-133.937348
-130.885125
-144.057892
-124.591954
-134.711767
-127.013465
-107.075455
-135.650926
-104.848428
-128.457540
-125.192251
-125.134284
-141.426958
-134.768566
-130.750301
-143.591009
-101.299764
-134.370781
-98.626726
-121.451439
-115.889212
-92.519209
-99.512631
-97.949963
-80.854090
-117.045932
-77.388308
-107.019701
-86.032721
-83.950288
-90.766424
-69.588653
-76.429079
-83.339821
-53.035311
-74.457587
-35.124820
-51.169987
-46.801705
-25.345878
-47.907053
-33.135947
-40.963899
-50.024820
-25.344746
-37.163263
-30.632814
-40.726590
-68.286321
-36.339863
-76.367428
-64.123774
-68.296794
-75.428492
-63.796490
-71.764747
-78.303702
-54.234838
-88.202007
-47.981669
-71.889178
-62.281019
-58.138117
-65.226618
-60.284823
-46.505711
-74.781346
-40.276805
-67.158352
-39.854229
-58.774511
-62.830327
-50.664812
-57.799465
-59.041952
-34.444667
-47.812309
-13.803281
-31.373911
-16.753753
-15.184377
-37.570628
-19.254713
-23.155029
-26.631660
-20.778012
-42.823221
-44.634915
-52.372857
-63.006086
-40.022752
-61.726977
-39.941006
-44.190823
-48.658053
-37.445360
-45.897606
-51.949278
-32.763033
-58.845814
-25.534913
-61.277773
-43.394950
-37.049875
-40.085614
-34.933294
-17.234908
-33.943486
0.909963
-41.062294
-15.452418
-28.018083
-27.487478
-7.028512
-2.657968
-0.413510
16.005330
-7.428120
26.371330
4.622159
21.957126
17.922248
2.450043
29.843594
23.363848
22.895202
45.174211
19.701640
45.181681
47.081344
33.784099
67.482648
35.344935
51.386138
37.622224
22.805337
37.092457
27.500971
35.549059
64.765893
36.161180
71.837552
43.462594
54.263494
59.914931
52.585089
56.614295
63.302290
41.522726
72.891559
32.754698
72.380005
57.644306
56.897517
69.885781
67.805683
68.534483
73.354924
31.758419
67.102724
47.686834
55.151876
50.952990
25.092628
31.323348
23.329642
11.176492
25.153740
-10.054510
8.095683
5.355971
-10.181413
5.064278
-32.915519
-12.922056
-21.943053
-30.806876
-6.672394
-24.573398
-36.776838
-35.908540
-73.826684
-32.653057
-60.820835
-44.583877
-44.850113
-48.163819
-34.935732
-32.097734
-50.676207
-10.715468
-42.925766
-7.029486
-29.733318
-24.404084
-19.635477
-33.172621
-22.632310
0.609849
-27.509473
10.518158
-15.553239
-4.156317
-0.687951
-14.189772
5.470549
-4.753181
-17.150408
2.241547
-23.040968
8.202998
-1.976452
-14.995087
1.361318
-29.845581
-20.115495
-31.416804
-37.544123
-13.567803
-23.938565
-16.169359
6.574217
-14.922625
18.171714
-2.214093
16.206791
16.478024
14.922828
23.761655
32.312588
13.963585
36.582350
-6.058873
21.572128
5.694211
11.090908
11.205609
2.262097
10.187404
19.079313
-11.695713
17.178852
-16.365095
10.057882
14.471094
5.840247
22.438767
18.009583
9.572100
29.060585
7.727760
28.717303
13.151957
12.494248
27.459922
7.458841
14.612745
-2.001083
-3.965134
2.024446
-8.790197
-1.160442
-0.020265
-13.595489
9.036854
-13.862078
9.287843
3.030911
8.829902
3.563695
-0.030259
-1.570516
21.278460
-2.220566
18.454395
-7.858757
8.306033
4.147392
17.229605
14.331306
21.674245
1.476257
18.832921
-5.037050
19.371242
3.596059
14.717674
18.356869
18.047307
19.076206
22.445859
5.208995
22.480560
19.453950
29.310643
21.927607
13.235347
17.300848
-1.551793
-0.924194
-4.112309
-18.294166
-9.503279
-5.937379
-15.831610
9.436641
-10.540983
9.678237
2.688384
6.867336
9.861940
-0.764835
-21.541045
-18.447707
-45.341710
-24.594062
-49.978507
-42.163501
-49.894229
-49.566924
-54.944617
-49.550771
-69.787871
-42.266483
-69.018964
-40.044581
-54.706128
-42.946707
-34.367847
-39.028708
-48.769830
-51.333754
-58.203786
-19.197719
-34.234398
-17.659720
-13.350085
-25.181136
-9.960886
-24.779153
-21.216074
-10.077916
-26.362759
-7.966328
-12.811063
-26.566626
0.756662
-18.409571
5.186299
-4.215400
-7.784026
13.667135
17.912497
19.251516
39.094288
11.780194
40.368849
11.405839
29.905812
18.738473
10.957888
11.049712
14.131899
-3.340936
18.480968
-17.714053
15.598194
-9.525564
-7.044416
7.923402
2.466142
0.743830
10.754578
-15.666382
12.901885
-18.917376
-6.696924
-8.020083
-19.553879
-1.612373
-19.227749
-19.144809
-8.352439
-34.874404
-19.071694
-25.076826
-32.148833
-7.685006
-39.453899
-8.010943
-20.879126
-22.375043
-8.112379
-18.589047
-3.574798
10.979653
-14.119383
14.549311
-30.093032
-21.619262
-23.969649
-31.652112
-23.281140
-28.095765
-46.510185
-18.826243
-53.381177
-17.285273
-40.011124
-33.368211
-29.885378
-42.068715
-35.275238
-29.326446
-54.864209
-19.213263
-49.862253
-26.360366
-22.719420
-27.429990
-9.693880
-24.899430
-24.127494
-4.880311
-29.911279
0.214423
-14.341529
-19.240683
-8.650340
-43.882784
-24.890646
-42.648324
-42.052328
-20.359843
-25.413883
-10.854960
-3.479418
-22.770504
9.978730
-30.703242
-4.546577
-19.246167
-28.729265
-14.088176
-13.603174
-23.039513
-1.776060
-41.003502
-8.867007
-42.321243
-31.988524
-28.399390
-30.754069
-30.136400
-24.693739
-43.463253
-18.861287
-54.118579
-37.867735
-63.558750
-73.858190
-56.965531
-70.962907
-68.146145
-56.102269
-82.820414
-62.790874
-85.336018
-83.792807
-75.381103
-91.466902
-68.394216
-85.281598
-82.308526
-78.408779
-92.348991
-71.725796
-66.531672
-75.393444
-46.574307
-68.720698
-36.549804
-56.430700
-53.765850
-59.256691
-66.927214
-69.092407
-58.250023
-83.212110
-42.901915
-72.334865
-42.755217
-48.735940
-53.016205
-45.700616
-53.308384
-70.840988
-48.744340
-81.064183
-53.027440
-71.047398
-69.314128
-70.920550
-91.118284
-81.584090
-79.704355
-102.535433
-84.183075
-105.997485
-90.417118
-90.924744
-102.164433
-78.914273
-90.320489
-75.880990
-77.963728
-94.649916
-80.118987
-82.008869
-94.245646
-74.813755
-109.097529
-81.407800
-103.029768
-100.150234
-90.900541
-102.503049
-107.521324
-88.391836
-125.868839
-80.685641
-116.762779
-99.813120
-108.428031
-117.058074
-111.825803
-115.661561
-121.429185
-86.447538
-130.126881
-92.918008
-110.508267
-97.612173
-86.834637
-102.228695
-85.574002
-80.724958
-102.657411
-69.387732
-101.101115
-85.848516
-81.488747
-99.592337
-79.022477
-98.801444
-85.588029
-71.585153
-87.035349
-66.825192
-74.129333
-86.046180
-53.332929
-81.905655
-56.975480
-79.236658
-84.262005
-71.774272
-80.852960
-89.058956
-72.744352
-104.770282
-66.131837
-99.368331
-77.182699
-78.194364
-87.154415
-77.162817
-85.150851
-100.060924
-63.134647
-97.416741
-59.847211
-82.295987
-70.862353
-46.491153
-56.888087
-46.981366
-27.394495
-44.407783
-4.173778
-25.811717
-7.438833
-0.984720
-16.361418
9.758855
-10.342093
-16.200585
-7.003200
-31.158405
-7.392301
-16.193694
-29.104174
-1.300820
-39.536785
-17.326429
-27.358596
-33.512483
-24.499268
-42.753217
-39.922106
-26.925791
-49.622552
-8.629228
-50.588918
-26.037848
-36.318460
-46.164930
-37.852097
-29.709847
-28.972959
-5.531142
-42.579375
-7.322577
-24.359998
-5.895842
3.815779
-13.307333
-12.788452
-3.060231
-22.749702
4.057400
-20.067212
1.312402
-6.853061
-9.919264
6.887876
-10.042205
-4.262633
-0.649306
-12.682056
12.804324
-1.703024
-0.276864
14.168708
-15.668970
7.848107
-12.071769
-3.766327
0.304742
-14.322806
-8.311684
1.189087
-21.136036
-1.436189
-30.986552
0.687582
-10.363010
-1.125511
-8.592051
-9.766392
-18.876394
-7.944082
-37.367913
-7.877755
-35.824131
-18.431638
-16.354487
-8.446625
-6.281387
-5.245884
-13.120371
9.708365
-14.476017
13.080609
1.300449
6.019217
3.848692
11.333186
21.449417
22.099204
12.039363
24.099458
12.362118
15.810341
21.294293
2.818094
17.070764
0.302701
11.818698
4.480099
7.979512
13.651181
21.176433
12.050564
25.420893
10.255741
44.915649
38.651095
57.059782
53.532287
59.410629
56.638294
69.099534
47.677985
73.484098
48.910382
67.584179
56.077975
69.158151
64.282880
64.671871
57.097385
65.035215
39.539625
59.451686
41.320823
46.032679
49.167788
41.116567
50.734218
51.016793
47.699509
59.264868
33.925237
44.291890
39.170274
24.481653
35.112001
15.165152
23.611430
21.185087
12.837103
15.935204
12.218387
11.199219
27.684881
3.613780
29.970640
19.662442
32.603731
29.026480
18.463733
17.615867
31.314373
-4.226697
18.482405
-10.543706
12.782293
-4.282330
0.106081
7.215326
1.502279
-8.785087
12.085478
-18.497701
11.462092
-16.905084
-4.270429
10.721298
0.682004
10.992845
5.402423
-12.652686
9.076762
-12.363032
3.850895
11.678212
-1.723106
23.036387
3.619900
9.133244
6.795000
-12.028860
2.188530
-15.122184
-24.628136
-7.546947
-37.971269
-5.198936
-27.219536
-14.359372
-12.261493
-22.093937
-15.576039
-6.765648
-27.396378
9.172541
-29.898692
2.759312
-7.682661
-4.578189
7.090365
-6.844815
-9.878769
16.353436
-18.994739
12.995378
-20.457462
-6.744277
-10.674697
-31.973975
-20.251744
-29.775541
-50.513106
-31.948495
-61.853396
-48.154653
-54.639649
-58.888716
-37.547821
-51.284535
-36.479087
-27.121408
-40.831270
-27.431985
-38.083850
-41.143752
-24.435819
-54.991501
-18.873509
-40.430408
-27.603982
-19.042439
-38.344096
-30.938033
-26.924426
-44.761666
-8.267193
-43.581198
-7.280251
-30.595831
-30.378996
-23.326185
-35.494786
-39.892500
-26.869919
-65.184320
-22.835578
-59.471283
-41.158564
-45.460907
-57.617478
-39.616703
-41.043131
-46.818555
-15.402234
-42.694939
-13.395016
-25.300739
-29.137231
-11.623919
-31.665607
-27.040677
-39.453857
-53.647733
-30.307561
-44.639686
-40.111383
-29.819936
-49.796655
-19.349771
-50.515594
-30.061612
-27.302393
-29.902771
-10.551543
-13.074941
-20.923926
9.289377
-29.470624
2.333489
-23.964417
-17.714486
-23.908005
-36.158092
-30.214808
-19.975558
-38.803192
-5.507019
-49.006442
-24.570322
-32.116428
-38.319572
-27.264702
-47.496484
-45.450451
-35.056718
-65.335779
-42.191275
-68.113603
-68.112968
-65.199982
-75.840166
-58.951233
-59.666335
-63.143507
-47.068855
-74.421010
-63.816284
-67.030521
-89.694961
-71.739421
-98.377515
-77.991179
-90.891931
-95.851914
-85.566626
-85.216000
-79.004331
-56.604592
-86.907364
-44.747868
-69.274219
-55.422991
-52.752179
-60.076014
-53.583930
-47.030318
-71.609899
-33.370219
-71.151308
-40.248148
-51.652223
-49.606673
-44.378715
-52.958730
-53.289970
-43.093123
-70.461095
-36.244966
-67.852972
-66.385952
-61.944336
-87.837015
-75.096253
-88.811253
-95.397471
-71.805708
-100.964097
-85.891767
-90.479769
-108.781685
-88.290667
-127.764188
-110.158504
-123.611932
-138.217232
-121.173822
-137.214922
-141.715653
-119.726855
-155.206564
-116.113292
-142.036282
-124.670551
-127.182743
-133.691006
-124.853569
-125.712002
-149.855508
-116.472674
-168.538821
-135.284669
-142.032152
-135.669254
-120.933051
-125.894173
-126.587402
-115.767595
-151.102809
-118.559255
-144.718125
-130.949004
-123.209598
-151.684306
-121.037239
-123.984110
-132.489053
-108.998898
-145.805073
-119.623144
-127.507829
-142.169691
-110.214919
-134.050445
-109.509246
-101.680196
-107.603961
-89.495178
-94.823806
-91.158927
-70.922526
-102.847441
-61.296262
-93.051545
-79.968235
-69.029807
-76.836790
-66.927267
-54.746042
-69.846589
-31.585216
-67.031161
-43.763634
-67.088530
-81.796363
-78.581829
-97.043443
-104.042415
-91.582707
-131.000196
-97.188060
-130.753604
-115.430158
-119.186505
-139.289296
-131.848401
-137.050826
-145.152220
-123.362684
-153.170118
-136.650155
-149.830484
-161.873481
-144.358165
-170.481605
-151.166349
-153.598494
-164.848035
-144.712422
-158.313354
-152.786755
-135.622594
-166.142956
-131.310065
-164.865330
-146.508987
-147.993728
-160.401180
-146.165191
-148.334676
-166.170416
-133.982144
-173.990880
-147.026354
-169.317333
-171.056322
-164.727286
-168.029862
-166.434253
-147.782903
-168.806324
-131.397969
-158.694416
-132.592474
-132.110093
-136.470480
-123.536743
-132.391968
-142.379297
-125.680726
-145.420573
-125.189245
-139.405740
-147.389435
-140.477123
-165.188577
-153.708230
-165.111572
-171.375613
-160.515092
-158.846435
-160.276505
-155.987962
-168.794150
-146.595232
-164.197803
-130.739681
-135.385880
-128.891712
-122.949020
-118.964327
-138.169382
-129.197815
-157.951717
-136.735646
-160.757821
-139.862562
-147.354979
-138.068663
-134.995183
-125.735201
-140.729159
-122.268913
-147.951055
-133.160462
-147.629072
-142.993317
-143.357102
-151.811059
-152.699530
-148.481868
-173.323118
-158.819090
-178.564707
-174.943701
-180.040632
-184.557911
-171.164865
-175.035256
-176.679786
-168.405486
-176.198506
-163.372043
-164.665492
-172.375313
-141.518438
-155.015065
-139.243401
-146.681105
-135.810582
-131.405049
-134.961348
-144.222696
-122.003566
-144.279134
-112.938881
-139.356702
-130.878735
-141.511830
-142.899466
-136.136866
-123.006579
-138.520102
-113.068086
-147.392838
-120.332604
-141.302269
-144.603165
-133.757375
-137.670162
-145.905382
-137.295661
-158.558195
-128.944241
-131.171985
-109.734394
-95.421275
-107.273638
-90.041168
-101.234896
-105.543668
-94.913788
-112.725277
-101.362759
-99.284187
-109.786984
-84.366967
-116.770837
-103.373069
-117.965474
-127.278422
-116.761905
-121.551014
-120.938616
-108.024025
-142.012176
-109.886480
-142.088766
-123.507951
-123.324887
-130.773792
-128.403070
-120.508344
-141.856866
-114.526132
-161.090952
-131.424572
-153.584465
-154.897602
-145.410920
-161.834354
-163.312644
-151.373626
-172.758314
-138.429284
-167.425043
-149.670216
-147.299002
-159.716351
-132.212340
-144.225013
-147.539993
-129.847829
-155.006788
-127.604849
-126.976549
-135.874460
-112.346566
-133.266339
-98.397601
-104.991693
-108.659697
-98.770738
-108.490187
-103.030901
-86.230721
-115.550307
-76.706936
-100.363618
-76.157529
-79.864525
-97.436048
-96.980042
-95.883158
-110.679398
-76.969320
-109.971251
-70.034211
-90.779400
-82.019755
-72.330792
-88.958450
-86.489736
-80.842717
-110.357054
-78.782570
-117.704778
-107.319466
-114.248257
-122.306186
-105.299142
-124.221582
-121.890913
-105.201224
-126.978872
-97.431458
-114.376871
-112.815361
-87.038512
-119.253300
-92.720295
-101.413762
-101.170818
-78.508636
-88.591800
-86.192035
-80.848276
-103.372009
-69.260423
-102.853377
-77.342870
-86.359861
-83.967116
-74.706388
-86.101405
-97.492407
-77.544177
-117.397251
-83.805898
-105.589164
-92.988899
-102.397058
-117.526124
-117.321120
-117.248403
-144.222561
-113.084774
-149.419054
-130.085807
-141.672383
-138.670323
-129.628942
-140.722516
-125.603010
-110.856062
-127.879571
-96.699694
-112.452126
-100.821828
-91.127443
-109.751918
-80.167440
-94.396903
-84.933285
-77.436594
-96.253799
-82.400870
-87.101856
-96.816375
-69.305950
-94.717213
-61.127462
-79.143436
-69.197092
-59.544635
-67.517086
-68.309727
-58.130796
-81.680369
-52.932716
-93.385797
-65.276958
-81.147431
-91.469964
-88.554537
-88.904935
-94.162441
-70.631595
-112.326329
-82.933728
-95.327387
-89.046419
-79.525656
-95.417317
-85.336907
-77.945552
-87.889700
-59.606581
-77.015795
-65.205700
-65.607752
-85.264822
-72.101526
-94.488561
-83.530819
-81.074709
-92.923531
-72.004627
-75.914991
-82.049715
-57.030367
-85.098923
-45.189825
-58.905569
-67.550085
-66.738979
-84.743668
-86.315695
-75.356918
-110.891581
-84.356280
-127.317627
-105.009093
-109.449981
-110.257392
-96.182800
-95.230781
-109.117020
-82.561193
-111.599372
-73.063632
-104.597006
-105.668456
-97.201724
-109.986169
-104.936482
-100.390906
-121.039888
-100.111709
-120.167729
-114.732109
-105.456762
-146.044229
-49.702241
6.509330
-2.838974
1.735370
-1.096001
0.819331
-0.501372
0.394043
-0.175337
0.154560
0.000000
0.000000
0.000000
0.000000
0.000000
0.000000
0.000000
0.000000
0.000000
0.000000
0.000000
0.000000
0.000000
0.000000
0.000000
0.000000
0.000000
0.000000
0.000000
0.000000
0.000000
0.000000
0.000000
0.000000
0.000000
0.000000
0.000000
0.000000
0.000000
0.000000
0.000000
0.000000
-0.000108
0.000191
-0.003070
-0.048229
0.090847
-0.225956
0.404392
-0.717024
1.155505
-1.821478
2.987333
-5.096359
26.414505
30.410744
28.896643
37.507473
6.516592
40.605691
-11.407975
5.559897
1.528942
-14.402920
-10.119414
-15.084600
-29.534134
-5.131461
-43.774935
-8.496975
-28.639613
-15.434954
-19.789358
-33.335954
-23.218772
-20.013198
-32.966171
2.547425
-27.113619
-8.580096
-7.900809
-7.928919
14.848358
0.035009
3.129389
10.137617
-6.654378
14.806700
4.111912
-4.976351
8.044813
-19.144481
6.805271
-9.218357
-6.229874
1.750000
-4.809825
3.866771
23.306690
3.577141
30.480603
4.837275
34.859159
19.148806
23.449503
27.683505
35.765178
17.873956
27.683472
4.714753
30.058661
-3.277540
8.970068
0.432443
-3.200784
-10.060914
-16.081395
-25.640046
-7.220102
-33.980868
-8.244383
-16.987402
-19.835609
-13.238810
-14.758998
-0.443382
4.755122
-0.480212
13.121140
7.388226
6.648492
11.407579
1.468150
12.863344
1.001924
9.432379
3.723744
-1.480487
-2.358143
-4.938938
-17.947068
7.116454
-12.506521
3.394677
-18.621631
-3.873112
-7.518201
-4.753619
-9.788403
6.515165
-13.173217
8.176786
-19.337873
0.352878
-10.707433
-4.318462
-2.765387
6.133351
-2.495111
13.188505
-2.385583
17.084980
6.148049
14.617507
18.968837
12.477993
16.428281
10.810886
0.878247
19.857014
7.722973
9.026281
9.400798
1.013261
22.244075
7.373131
17.301905
17.234201
7.505620
18.787986
18.446821
8.099610
36.232835
14.874907
44.019073
25.595001
35.974164
31.606607
27.451457
24.514015
43.218278
22.221114
66.427979
40.408437
68.053588
56.260516
55.720854
56.113584
58.350221
54.838268
86.293842
50.384310
85.293442
68.947235
79.808650
88.767752
80.566689
102.490327
102.767630
88.290165
101.272437
83.208283
96.392824
95.799143
88.249031
113.926785
97.383574
102.205090
99.335621
83.429842
98.917113
96.069942
89.664128
120.902957
77.038148
100.404277
77.514242
89.168958
100.256768
91.026445
92.200604
103.543857
83.106499
111.272544
71.648068
94.011335
84.299453
80.046593
81.041833
70.528879
59.133166
84.080735
50.159525
83.970569
54.239047
62.852301
70.535853
55.275714
62.722951
64.563136
52.740112
84.188425
61.469673
79.429449
77.334861
66.847946
84.418645
58.689658
68.897567
72.589996
58.195145
84.579169
78.647000
76.541536
96.531013
66.356738
102.853606
74.389483
74.490599
75.484122
59.982612
61.715756
66.993436
43.884314
74.366974
39.728656
69.828810
48.675086
37.057509
39.127573
22.975296
18.593197
44.118738
8.891826
49.602966
20.889151
41.131102
52.004224
35.902243
47.691977
40.303381
31.058049
54.388273
19.007693
46.181271
27.331879
16.856796
31.084378
10.993652
25.568226
22.703426
2.744313
10.239346
-8.523361
-11.856791
-7.514438
-33.755484
-3.222354
-32.534575
-27.548124
-27.465181
-45.601197
-35.926724
-33.681741
-41.349190
-6.555842
-41.505366
-6.551372
-35.188054
-22.483854
-20.698761
-30.624187
-24.947705
-13.247768
-41.133320
-8.078471
-43.355421
-16.012873
-17.809363
-21.396339
-8.646434
-14.981809
-14.745830
2.766711
-22.992442
5.885259
-15.969761
-12.236947
-1.209767
-24.641006
-14.228679
-16.973626
-18.020116
-3.456312
-19.352467
-6.299912
-9.491616
-26.526732
-4.166920
-32.024799
-13.931895
-16.887269
-23.753362
-16.300995
-17.927771
-26.607314
-6.581700
-42.262312
-11.726918
-40.530919
-24.137915
-32.724208
-30.722669
-23.385890
-19.150722
-27.175674
5.704561
-27.760499
2.365104
-18.715989
-17.453510
4.679888
0.841368
11.190264
29.837359
1.255293
35.230154
11.204979
24.090831
38.491912
32.635900
44.563559
34.632910
27.460281
34.571056
12.988344
34.754755
33.981492
24.324828
53.717783
20.905536
43.144035
31.989344
18.373567
37.055371
34.120305
30.744156
53.983394
22.096572
54.110751
24.205526
39.942208
39.033234
25.312026
29.465643
28.150146
1.649499
39.948137
-2.590013
28.785842
19.369412
14.607107
23.467858
16.664236
25.904725
48.583635
10.681600
51.052036
26.843083
32.491735
37.750657
14.619656
25.404832
18.747480
8.480113
23.334731
2.877955
25.790542
22.723221
8.867605
32.693256
4.582029
23.568950
20.490505
13.561972
27.565466
16.345572
16.479734
37.709259
-3.128438
27.328435
3.341920
20.173043
21.591510
14.870842
19.957452
24.663759
0.613900
34.952340
-2.446400
35.583734
26.716687
34.575512
46.675048
41.690536
43.953128
63.613056
31.782270
65.733400
32.473551
47.556200
48.873889
25.186617
41.810467
31.988434
23.001951
43.084549
8.128614
27.027745
17.284944
14.068390
39.000507
6.198645
19.034429
1.564656
-6.220624
8.947123
-8.598614
-11.482902
-5.114434
-35.808160
-10.885706
-43.014749
-26.110221
-28.009410
-35.470635
-34.648692
-34.131949
-47.466728
-14.438833
-54.946155
-30.412689
-52.900323
-45.055332
-40.171252
-44.127087
-41.739930
-25.050516
-50.642876
-13.300220
-46.433400
-34.919697
-38.980173
-49.622551
-42.480642
-44.251237
-48.364174
-36.951898
-57.221429
-41.285216
-55.220749
-53.405742
-35.736876
-42.569499
-25.260370
-32.269801
-31.446225
-17.537338
-26.864343
-26.762829
-14.509021
-28.785715
-2.542030
-27.812815
-14.165269
-32.545751
-40.821242
-41.025286
-39.701457
-49.698504
-28.681476
-49.646149
-21.520810
-44.808695
-35.799211
-42.502372
-34.613416
-41.928002
-38.630231
-52.826084
-28.280443
-50.219665
-27.095907
-49.949451
-42.579210
-38.628891
-45.422125
-49.092609
-37.759371
-49.209508
-31.160065
-36.222717
-27.936408
-34.266070
-29.755131
-13.939698
-28.334779
-22.251144
-15.927255
-15.611459
-4.349379
-7.063762
-17.389062
-2.748596
-35.108295
-11.660940
-16.148175
-20.512130
-21.250211
-22.892490
-30.508252
-12.769354
-33.390199
-5.584560
-37.145524
-29.064232
-32.999003
-23.660717
-17.125058
-2.220160
-25.155726
6.489766
-21.970668
2.839161
-17.660986
-6.803619
-3.843643
-12.288641
-13.461425
-13.083497
-38.471518
-10.873024
-26.989724
-23.978137
-24.353158
-47.334128
-38.070173
-46.256466
-44.411410
-37.991886
-55.119308
-41.120490
-49.212671
-70.261634
-48.854431
-80.954048
-62.856982
-75.592116
-73.643023
-62.080205
-67.949522
-72.023970
-44.961478
-72.864182
-38.081249
-64.743143
-40.499521
-41.441759
-46.741262
-40.428894
-35.046266
-48.509769
-11.143621
-47.027130
-17.867505
-30.655565
-25.566045
-21.594347
-28.474337
-29.135479
-15.974272
-40.175407
-5.360956
-35.383712
-23.846921
-23.532464
-38.880701
-18.695467
-33.882908
-31.559490
-11.705351
-34.260416
-13.638150
-16.175979
-32.484818
-6.731194
-34.948173
-13.511176
-25.644438
-28.349493
-19.984133
-38.358740
-29.070554
-18.714811
-44.590061
-4.833422
-44.333504
-26.877231
-24.635592
-32.119786
-21.449563
-13.975862
-25.258129
3.773989
-30.015208
2.640654
-24.488548
-14.699829
-5.607693
-12.128709
-13.078377
-8.759791
-35.422057
2.879184
-23.363123
-3.206804
-9.246135
-23.486781
1.749093
-7.257323
-0.739606
13.523732
-6.357472
16.883425
9.175158
0.360298
6.436325
-22.515843
2.869919
-9.111578
-7.478402
0.396999
-7.424424
0.903715
11.681846
-7.099438
19.495705
-14.069000
13.048939
-4.636937
-5.139497
0.437498
-0.143650
-2.347665
22.013928
-3.157183
35.137534
10.829182
33.033469
31.935479
27.387372
33.757840
25.371029
5.024177
28.592186
-2.341902
26.583368
-1.621162
-11.507474
4.415894
-3.172410
2.146583
0.777423
-16.166291
4.580127
-12.682434
-9.685825
10.449190
-3.840723
20.928549
1.085409
5.664694
8.972801
-6.083636
5.310579
8.827066
-4.317555
23.505479
-8.764894
24.865170
6.096684
8.818292
11.237505
-0.475785
-6.852459
14.965781
-13.582081
19.560392
-13.234560
10.737846
1.378437
-5.330455
-8.978035
-12.156486
-27.610141
5.486578
-27.929095
0.305219
-18.721580
-21.406318
-7.889409
-23.610447
-20.902473
-16.104051
-41.873713
-12.707122
-33.449515
-28.254651
-21.504389
-49.867992
-20.296714
-41.992237
-45.688878
-37.001166
-51.108754
-35.149637
-32.916365
-35.884666
3.471269
-22.252705
23.679305
3.616669
3.292187
24.090661
7.612495
11.954476
30.990806
-3.297780
34.998055
2.923554
23.397241
20.289508
14.029073
25.295982
23.837184
5.856004
26.145873
-15.386008
22.807096
0.385017
-3.871789
3.439187
-6.245881
3.456809
-1.590545
-25.329388
1.804067
-25.797321
-23.671847
-20.539139
-41.069432
-14.137655
-28.743757
-21.563700
-9.004101
-37.224109
-15.163008
-22.234167
-35.710070
-4.903025
-38.385633
-11.402264
-29.255167
-27.049715
-15.670244
-34.360919
-34.087899
-14.256050
-44.724113
-0.770640
-31.533613
-7.628074
-8.608538
-26.420477
-14.408157
-8.378722
-13.077434
21.769051
-12.889994
26.344049
4.569382
7.796901
16.381919
7.744031
13.918680
22.364450
11.854255
39.351463
10.497251
34.795259
41.165809
30.487718
58.336561
50.943550
55.810602
73.235785
57.522598
74.549119
60.737553
51.387574
65.078185
36.375579
60.036990
41.769517
47.489143
50.290107
41.714633
50.575607
62.084272
38.353448
74.701811
49.875972
71.056117
55.189084
58.251197
46.669347
49.716972
39.017529
61.014519
27.052984
59.868286
38.982166
50.763601
33.619834
27.943229
26.664127
25.422142
16.653645
29.534018
-0.045465
19.902091
22.037695
22.196501
29.349757
18.630493
19.317921
26.026220
19.180427
19.893287
4.893505
11.742157
28.148645
8.560804
16.442471
-8.273271
12.339993
18.660604
19.613469
17.092168
22.666599
17.401061
40.302548
18.712721
35.947259
20.598184
31.345807
20.933482
28.324621
24.727745
42.754640
27.985680
51.099809
35.544822
62.721993
42.160956
51.916805
51.101424
54.304260
40.739213
52.217053
30.184853
50.238906
39.130241
41.838789
48.681978
48.259882
65.558411
68.324340
60.300378
77.365715
70.157447
74.898233
81.228034
76.905527
116.073253
115.318215
131.863767
127.374436
121.117514
126.564124
133.325933
126.001577
150.645699
121.211354
149.653392
138.512167
153.727791
159.274033
156.914143
154.773228
169.198367
139.265921
175.358632
144.124626
154.173863
148.463779
147.363226
149.824664
151.480985
144.171601
164.921477
131.935850
155.839486
131.558877
140.156150
150.233597
132.148094
142.074243
137.867171
123.135132
145.915358
126.446999
132.487252
135.897222
118.182820
144.562201
117.288954
125.445060
112.090468
96.665038
107.930557
100.832571
82.483565
104.849496
72.980996
102.675308
83.901219
87.927798
89.094965
83.532612
85.006119
94.699001
66.886575
104.718070
71.370569
96.514982
82.337506
79.909650
90.654565
85.579115
65.583477
80.923640
48.117038
80.779648
53.284613
63.127600
72.036547
51.793080
58.610940
55.002580
37.527453
56.138259
28.440637
38.604200
32.321763
14.920769
46.512723
19.567659
30.009795
33.099050
13.298968
22.684572
4.021899
-6.495550
20.990503
-8.572521
20.611036
-7.205985
4.752204
12.018092
2.105141
6.508443
11.460557
-15.643024
20.000768
-16.779886
17.953511
11.627286
11.702180
16.813320
11.817894
12.113949
33.535704
8.272192
47.896323
23.050711
42.662483
42.398175
31.664492
39.024440
32.484850
22.386157
40.216105
13.427100
26.987863
19.173648
10.130614
24.746480
0.210976
12.411123
5.074574
-6.260094
6.489930
-11.676880
-8.582585
0.159180
-19.432994
16.427387
-6.588439
5.397829
2.599514
-11.243870
-5.904168
0.543652
-12.104223
24.885471
-6.955947
23.359470
4.304425
16.532227
20.263847
21.232389
24.287294
34.695894
6.989443
29.945738
-10.292765
5.703150
-8.503897
-22.764657
-14.995223
-28.261085
-29.421195
-20.478832
-38.393114
-14.638654
-29.660439
-30.368827
-19.706030
-33.950992
-13.394292
-18.225492
-24.017528
-6.982767
-30.067118
-18.929332
-10.554465
-23.593017
12.235281
-21.419285
-9.848854
-12.758575
-11.234549
12.550083
16.255723
9.919494
42.345817
8.159228
45.946067
22.569558
26.571991
31.243318
22.367346
25.362306
33.717744
7.499127
43.549037
-1.036917
25.932443
26.740020
13.797599
27.401860
24.610848
26.436530
44.524431
12.384453
34.297828
11.720184
13.260226
25.586819
0.303768
13.915266
9.559196
3.508485
28.313503
13.662955
31.474147
38.187553
21.927728
51.733817
20.912190
34.433755
30.517094
10.244043
19.460070
17.832386
0.607949
24.180260
-13.986965
17.202985
-11.266450
-1.816475
9.690868
-6.272805
-7.551238
3.108759
-24.383618
8.392510
-30.012211
-1.990761
-18.574934
-21.379951
-4.855186
-15.784057
-21.545421
0.762809
-30.744939
7.063155
-17.521674
-12.191019
4.144509
-23.039482
-3.948038
-11.858373
-25.780367
-2.196466
-28.725668
-12.022692
-14.560781
-22.944866
7.784159
-14.188955
13.980645
13.164651
4.342618
21.111645
23.150161
22.563059
44.595625
10.663002
43.432213
17.827324
25.341406
19.545299
8.062314
10.395038
27.407349
6.196980
34.684336
-2.421244
20.347213
5.416443
10.292198
20.473918
11.000254
3.772977
28.523602
3.885683
33.376343
12.617901
25.689389
17.408476
1.872625
10.581475
-1.020075
-5.329642
9.656865
-1.588148
14.106709
9.246901
-9.094744
4.770540
-12.537149
6.083371
0.501353
2.106058
4.166410
-0.514794
-5.556268
2.856181
-16.669989
3.048341
-22.175925
-6.887234
-10.114491
-2.709050
-12.135269
1.236644
-11.334710
4.461639
-21.761518
2.152145
-24.504606
-9.756794
-15.848608
-16.380012
-19.438014
-17.501950
-33.210485
-11.156655
-36.158759
-18.013244
-23.320829
-22.082982
-15.370850
-17.328003
-20.883228
-6.121937
-25.561041
-16.597732
-19.652531
-20.795985
-13.688166
-30.239997
-19.022420
-29.111962
-24.798142
-8.380509
-16.207205
-14.643965
-10.188398
-30.235457
5.625938
-15.472287
-2.955020
-5.287006
-0.991326
-3.336175
0.227400
-8.555077
17.180066
-12.601876
16.076862
-15.350728
-3.541410
1.696989
-2.719322
0.677983
7.844168
-8.966344
19.531340
-19.258017
-2.587970
-15.312928
-31.202795
-25.971652
-36.632181
-43.546326
-35.467638
-62.809991
-41.582306
-63.067662
-59.123247
-47.412700
-67.936515
-51.268578
-69.461244
-71.653740
-53.927581
-62.818283
-48.306400
-45.285718
-68.881944
-29.688282
-58.379722
-36.955530
-47.531350
-50.019431
-35.037129
-39.084024
-46.785692
-16.385900
-54.819807
-21.145171
-54.376643
-44.679258
-45.534332
-65.188006
-50.408024
-49.817227
-72.366703
-27.435543
-61.067715
-32.191279
-43.993340
-49.512663
-36.715396
-52.389192
-42.521311
-27.658997
-45.204469
-11.808010
-32.590047
-10.542656
13.794636
2.456041
27.211073
8.473851
8.541834
21.828537
2.503452
18.464620
18.454395
-3.466436
23.852449
-20.577575
3.191686
-6.729652
-15.700964
-8.942769
-16.950796
-14.142072
3.188666
-32.245953
2.631610
-27.146724
-1.552590
-8.268782
-21.024947
-16.222787
-14.454208
-25.549701
-5.278652
-42.533438
-8.761510
-30.740831
-22.373298
-14.449415
-20.282110
-13.164601
-8.057556
-25.011080
0.587437
-32.481374
-13.947417
-16.991388
-20.057569
6.449679
-20.032963
-26.163991
-22.777590
-34.907647
-19.564499
-30.201095
-34.966908
-10.704926
-32.135587
7.028196
-2.881665
6.221565
19.587909
16.837651
11.982952
17.858612
-4.387724
27.252216
-7.058163
14.801616
-1.083563
-2.698837
3.234397
-0.315309
-14.529697
5.091676
-27.803767
11.108753
-17.628278
-9.653959
-7.277752
-17.085712
-10.721263
-16.992349
-35.922115
-8.942971
-35.329424
-6.880977
-21.257538
-33.482781
-16.223934
-38.725033
-25.680503
-15.139881
-32.955645
-15.596006
-28.244639
-25.864264
-11.769753
-42.973005
-17.961761
-35.619800
-21.253707
-8.842428
-14.716054
-2.774451
5.625203
-13.528956
22.842900
-9.841090
11.204925
-2.417278
0.099458
9.597459
6.530200
-2.864425
20.056117
-18.100184
17.415406
-17.974633
-15.507401
-13.765732
-32.641894
-20.621909
-18.287759
-38.098548
1.478880
-44.584590
-21.508856
-29.918014
-34.904235
-18.047166
-35.511607
-22.585225
-7.363208
-25.286388
-2.101807
-17.503038
-19.811647
-0.300379
-36.710237
-6.272757
-28.238020
-30.300750
-19.855368
-36.754740
-22.359152
-17.712486
-33.651897
3.510441
-33.389205
-11.146670
-18.778575
-24.477499
-13.963410
-20.741095
-35.893718
-11.568309
-49.477088
-15.803826
-52.052960
-42.882575
-44.419005
-59.641834
-47.911135
-51.218924
-74.013071
-41.760288
-71.395898
-40.468575
-47.593812
-43.159111
-26.102072
-47.792959
-44.315986
-40.114865
-61.958583
-29.092197
-49.194409
-50.657273
-41.969543
-61.424906
-36.399143
-45.426635
-41.867128
-42.716064
-55.389300
-36.972684
-24.127404
-35.335180
-3.194976
-33.207649
-10.604630
-21.414169
-8.411803
-0.017194
-1.147268
-11.075861
5.691088
-19.696143
12.884453
-15.558301
-1.711740
-21.275568
-20.498901
-17.012399
-9.371129
-22.650929
3.629678
-23.723792
-10.940091
-22.464905
-11.694993
-7.654685
-10.486416
-6.895020
-10.072699
-24.499291
-9.321247
-17.935759
-7.073984
-7.783525
-15.804189
-6.246516
-22.155295
-19.556254
-20.904467
-25.236906
-22.464962
-26.751088
-44.403495
-32.046418
-47.069651
-15.585649
-36.794789
-23.263071
-21.528533
-26.338420
-38.045960
-24.847886
-44.348152
-12.541922
-38.558345
-5.053753
-14.708622
-9.263697
-11.063112
-9.893651
-11.599470
11.895931
-18.990287
5.113402
-16.239391
-5.414491
-2.338647
-4.064815
4.025459
2.086193
-20.394176
-6.281509
-30.310824
-16.935714
-15.354572
-35.730025
-23.441745
-47.979106
-35.802994
-28.753682
-43.361151
-29.992518
-39.001333
-48.585540
-31.091601
-57.351827
-25.403757
-50.232604
-32.955487
-26.193795
-31.114270
-22.610432
-14.314015
-29.626156
2.652690
-29.122292
-1.378874
-12.371908
-11.798695
2.118651
0.663807
-1.622826
21.545709
-9.545074
26.608335
-0.817742
13.137732
19.426724
6.533540
16.087880
20.498000
11.619491
23.866961
-15.507403
6.402748
-7.566564
-18.418682
-1.892637
-20.795436
-10.134323
-13.499556
-21.924682
0.457967
-14.860496
-13.143980
9.091662
-21.510501
8.028534
-19.772881
-6.098671
-4.107058
-15.520544
-1.026372
5.794459
-7.388822
30.646561
-9.336521
24.954831
7.319147
13.275341
18.893656
2.380581
0.353105
17.423192
-14.870330
14.963627
-19.201535
0.521981
-10.309091
-22.149943
-15.682768
-16.726209
-24.942389
-8.288836
-38.773628
-14.065476
-34.355765
-44.692960
-34.554558
-58.617514
-44.431048
-55.057779
-75.050959
-69.203130
-87.951736
-78.236534
-70.791635
-95.576047
-66.464791
-89.713521
-83.481376
-92.017377
-104.150717
-94.654708
-91.629116
-100.121278
-84.108503
-111.655135
-71.249168
-90.897846
-75.759006
-72.698303
-82.960359
-86.357135
-74.888799
-93.899357
-62.654379
-92.149851
-70.588633
-87.766569
-91.693009
-82.199906
-86.551027
-89.233245
-71.850456
-98.556654
-71.144674
-89.202769
-84.482858
-80.453642
-104.145454
-89.407711
-92.992101
-95.786601
-73.761520
-93.473104
-76.052994
-80.826869
-97.555928
-72.969596
-100.296972
-80.176288
-87.840053
-89.634585
-81.995446
-95.188584
-100.101656
-78.769878
-111.916674
-74.381927
-87.437824
-65.645272
-65.225273
-78.348419
-72.325700
-65.332806
-92.165329
-60.452219
-102.437966
-70.679420
-81.204999
-81.908860
-68.926368
-64.844055
-63.797004
-42.764935
-76.508249
-39.784273
-59.617996
-47.514466
-35.297741
-45.813934
-25.585898
-38.281104
-50.063720
-29.462987
-62.257094
-40.416701
-35.968075
-57.444890
-21.810706
-42.641187
-24.527590
-22.225844
-28.309301
-11.759122
-33.076756
-31.421203
1.018085
-32.888409
4.764911
-20.919094
-14.251353
-17.177789
-31.623789
-21.287508
-21.680526
-55.396707
-17.269917
-58.871214
-31.906116
-40.786412
-44.314531
-34.535992
-44.648475
-41.554576
-19.677868
-56.164476
-12.523007
-36.355262
-20.679405
-15.174221
-28.268322
-10.318824
-23.140616
-37.537294
-23.353546
-50.843078
-26.473891
-44.384394
-75.068720
-48.828325
-76.392412
-58.976797
-61.595647
-65.515743
-42.056432
-51.088294
-46.154217
-22.180171
-50.378891
-19.699927
-57.217384
-42.115095
-41.541322
-49.036914
-42.889551
-37.590428
-52.998786
-29.679668
-71.474341
-41.544165
-54.610992
-52.553020
-42.698203
-46.700380
-47.870354
-30.158072
-56.882479
-26.586097
-52.179276
-35.857886
-47.358927
-60.488590
-56.277449
-67.231857
-66.482547
-56.250700
-69.678137
-54.555518
-62.340921
-65.484476
-58.036137
-76.823592
-64.215260
-64.881717
-68.779136
-69.389338
-81.168356
-82.969647
-84.601600
-107.025050
-83.845818
-106.888208
-92.198453
-110.174701
-110.498812
-117.283638
-111.955452
-118.677489
-104.246002
-127.170099
-93.965841
-106.385507
-80.267733
-97.231217
-92.879271
-95.729028
-86.357839
-108.710439
-92.195542
-108.943745
-87.352419
-100.869722
-103.624430
-102.431997
-102.811806
-106.390286
-99.914690
-129.349260
-110.813705
-123.011832
-115.227202
-103.465307
-112.874778
-95.564559
-102.095630
-107.572771
-91.901597
-101.298510
-99.447047
-99.725152
-112.197440
-95.241181
-116.369120
-99.467034
-112.800001
-102.180729
-90.579579
-91.292984
-106.819656
-90.080714
-128.639223
-98.421103
-123.200081
-116.138944
-120.646403
-119.000806
-105.437151
-87.724371
-96.327486
-64.468442
-93.547588
-62.433853
-75.111068
-68.575507
-55.538320
-64.686763
-69.082675
-59.797174
-81.501191
-53.783061
-74.316041
-69.200278
-57.151859
-74.125574
-47.934842
-57.242351
-59.311033
-49.492149
-72.120845
-59.788791
-65.979237
-86.419536
-64.617773
-94.490446
-76.268311
-86.774428
-97.781195
-86.873656
-98.672539
-103.967198
-82.990603
-110.502030
-75.714585
-105.927241
-88.697773
-87.119422
-93.817118
-85.830632
-85.190283
-105.821229
-79.547423
-113.493365
-78.708487
-93.644182
-92.517294
-78.055983
-90.090776
-86.671337
-76.230876
-109.037353
-75.933025
-103.724718
-90.987821
-89.834589
-109.890704
-88.960731
-107.745318
-110.404372
-102.662936
-116.188048
-88.577166
-84.768602
-80.896879
-57.812535
-83.166216
-56.658889
-71.968831
-76.552277
-75.284683
-90.106245
-90.981132
-89.774793
-117.407828
-83.843868
-121.303441
-99.720666
-115.412312
-119.899111
-111.571129
-113.388217
-128.296617
-103.707888
-135.396840
-95.182885
-120.170561
-107.798148
-106.448634
-115.589060
-100.975446
-98.783531
-121.630853
-92.556751
-119.407652
-95.023647
-103.944279
-108.580538
-96.584213
-124.597490
-122.758044
-120.667441
-132.155168
-115.093437
-123.215475
-119.830191
-105.696738
-125.890647
-106.302245
-130.770912
-125.213023
-121.951498
-125.557239
-112.483223
-110.309619
-129.576670
-90.591025
-125.021197
-102.003225
-111.605971
-104.806450
-86.954831
-88.541975
-90.163518
-64.003499
-99.884504
-65.108813
-100.282734
-85.763132
-89.049721
-102.195300
-89.499873
-92.497567
-103.008829
-67.236368
-104.121203
-76.146767
-83.285336
-83.523357
-74.293490
-90.575924
-73.011698
-59.163915
-84.434252
-73.195118
-96.619076
-82.906728
-63.605862
-89.591512
-57.657441
-81.482281
-79.261710
-68.497838
-87.442729
-73.360639
-75.164670
-97.111195
-64.729032
-105.108865
-71.952884
-89.957853
-98.036361
-82.789236
-90.166612
-107.445843
-88.805116
-114.382106
-73.976371
-105.135488
-77.459345
-68.324658
-76.952824
-56.901080
-52.069253
-69.358343
-36.337610
-74.714000
-44.403447
-53.816061
-47.699193
-40.310003
-61.701955
-51.111742
-40.620727
-67.121978
-43.545116
-67.038584
-48.666058
-41.011013
-60.480162
-34.497374
-55.863074
-45.150720
-21.561274
-33.335899
-16.788950
-20.315539
-38.499473
-1.879009
-27.597443
-1.513156
-14.636048
-11.546896
0.974177
-6.947768
-12.241080
5.137834
-30.467526
14.718007
-24.539488
-4.812067
-4.374132
-10.169508
-2.841797
-4.175957
-24.428408
-2.628721
-47.309593
-16.889881
-42.448358
-36.584618
-28.354382
-45.238125
-38.728114
-30.401796
-49.002274
-33.479371
-47.364635
-34.665375
-27.335430
-30.123803
-6.935684
-21.227612
-11.691062
0.465467
-7.532779
10.274287
7.616030
-2.165116
12.199875
-15.890460
10.648800
-11.476187
-2.922809
3.301476
2.233493
-1.306770
8.182580
-10.514735
20.688825
-8.107049
11.437698
2.236114
7.280957
11.003030
18.605216
7.143357
26.287570
1.519378
30.245018
7.020977
23.077557
16.922294
20.261836
26.369518
33.349425
21.361762
28.567209
3.415173
10.563592
-1.284142
-4.026934
5.338055
-12.785184
-3.724248
-6.450846
-19.268258
-12.393831
-28.218466
-31.720471
-20.151191
-42.551006
-20.515720
-43.510379
-39.826526
-36.436592
-36.365851
-31.529647
-37.920060
-56.145471
-25.989064
-66.752256
-36.313380
-38.730731
-32.699802
-22.746720
-23.510266
-28.194434
-5.586776
-29.247975
4.969789
-15.197349
-1.177666
3.381422
4.803994
11.905858
12.787488
-3.756994
15.542950
-9.085470
14.205058
7.449574
0.666986
11.955814
-0.676710
16.195786
12.412857
-3.285390
11.404271
1.252285
7.308685
22.267185
-10.570592
13.043442
-11.070450
10.616618
13.877462
1.942093
-0.603040
0.275737
-0.133917
0.054481
-0.030415
0.014569
-0.010390
0.006515
-0.010756
0.000000
0.000000
0.000000
0.000000
0.000000
0.000000
0.000000
0.000000
0.000000
0.000000
0.000000
0.000000
0.000000
0.000000
0.000000
0.000000
0.000000
0.000000
0.000000
0.000000
0.000000
0.000000
0.000000
0.000000
0.000000
0.000000
0.000000
0.000000
0.000000
0.000000
0.000000
-0.000021
0.000805
-0.001643
-0.002730
-0.020672
0.017436
-0.028087
0.005383
0.020831
-0.080215
-0.055406
-0.855270
0.999725
11.212095
39.411011
1.269724
25.269179
15.273448
11.175600
20.482484
9.292378
-2.175793
13.708493
-16.761258
19.548702
-6.411309
7.914112
16.704410
0.189110
17.311197
3.290439
-5.654682
16.118840
-2.138597
19.059876
17.135636
5.519711
30.459610
5.010843
29.390716
18.184798
8.986728
20.040894
6.670136
-0.392323
7.106829
-27.717403
-2.153893
-31.312660
-12.860953
-14.603680
-17.659901
-24.944700
-19.662040
-30.745478
1.972915
-36.825299
-4.491909
-14.703557
-11.038310
-0.957077
-5.607710
-1.511283
14.084557
-10.034621
16.323181
-18.951828
-11.179634
-13.605477
-21.489854
-18.231057
-31.816505
-45.793466
-25.435400
-47.733888
-33.156829
-45.469024
-55.764111
-32.017416
-65.146533
-43.475937
-49.362779
-52.219904
-32.135234
-51.098216
-59.370986
-48.499257
-78.266067
-39.178956
-56.884154
-46.837550
-49.605952
-68.706587
-66.074047
-60.925372
-81.587383
-45.664328
-79.203169
-43.032734
-62.838518
-62.018865
-52.531492
-61.632639
-53.810316
-36.170027
-69.107888
-32.722909
-68.400383
-49.877451
-56.949411
-65.660954
-34.886345
-46.049289
-55.750704
-32.530101
-57.601790
-24.986607
-30.858484
-51.081008
-31.414576
-59.092219
-35.998715
-38.526680
-44.077578
-19.334039
-26.794000
-26.689942
-9.463386
-34.947948
6.900390
-18.681768
2.141126
9.644981
-8.278475
2.855535
4.563809
-17.803062
12.017076
-31.035656
7.219702
-6.843611
-5.924143
12.361427
7.443441
17.290134
38.856919
8.206358
46.757585
11.322432
36.400962
37.692508
27.439956
43.535612
25.625265
18.820851
44.766124
10.853002
34.569228
17.634406
17.340714
47.892830
30.758071
50.170636
45.015077
32.343103
48.821837
32.310242
42.055978
57.648457
36.582880
75.183637
50.159068
71.757919
71.570468
70.751263
83.393908
86.083220
65.242025
87.155243
56.321139
83.498274
62.433821
69.802819
59.214922
52.908105
52.565967
62.235591
36.599604
65.765002
39.329521
57.364498
47.889530
43.429461
50.836682
53.363856
46.988076
56.030315
37.331431
60.637336
39.515342
42.191084
44.051493
29.299674
32.744497
22.967779
23.463940
24.210238
20.256037
26.301283
23.890447
2.946124
14.534028
-3.546267
15.127880
-0.098759
6.848742
2.184066
1.824567
-0.192362
13.106806
-6.972065
15.675942
-8.932989
-4.143876
-12.660547
-15.709824
-26.525552
-24.199887
-42.642025
-18.035677
-49.966519
-27.632308
-43.078591
-31.734011
-26.428134
-32.548917
-34.246381
-31.260354
-57.416114
-38.274834
-62.310110
-63.175221
-61.810433
-64.367234
-54.582162
-64.758448
-63.186520
-48.270538
-60.539157
-40.686646
-31.033915
-45.643031
-20.138909
-32.477146
-13.294183
-22.953277
-23.597248
-9.957562
-13.343130
-21.575928
-0.807618
-24.881807
18.434995
-6.000321
10.834686
11.839849
16.449907
31.975064
39.605260
21.319659
49.877800
18.616516
49.147914
28.810251
30.038782
31.032646
15.295372
11.313761
17.965196
-1.934232
25.678439
-0.915970
10.874048
15.156331
2.327221
21.618266
13.628155
10.867024
22.662889
-3.386560
8.274103
-1.257763
-6.640566
14.254206
-18.681728
3.425594
-2.748427
0.148750
17.322952
2.953241
0.528866
17.148398
-5.766187
29.682530
-4.971493
11.731266
2.453980
-5.190529
3.062022
0.077048
-13.907879
9.755025
-35.895158
-9.953790
-38.366645
-42.607547
-42.142291
-57.878746
-42.772223
-33.441683
-63.276151
-30.807666
-54.111186
-29.635522
-26.202510
-35.413873
-15.680132
-22.681171
-25.352799
-21.090276
-43.276891
-22.380738
-36.527284
-28.552523
-7.140209
-35.120791
-7.456808
-19.415555
-11.995337
2.086390
-17.462521
-7.760446
-4.030149
-29.687333
1.430249
-32.010414
-4.978338
-11.143574
-12.444905
-3.107863
-14.795913
-25.726934
-4.243183
-43.360560
-15.433749
-56.730612
-40.301897
-41.665841
-50.319418
-43.843545
-34.729388
-47.249422
-13.141911
-44.970506
-14.354192
-27.245286
-26.367441
-3.394810
-12.197167
-4.666479
-4.054180
-24.372894
-4.579727
-19.394015
-10.662903
-12.856870
-29.956781
-5.579917
-26.412863
-14.507613
-9.790227
-24.836491
-18.090179
-16.090524
-26.614048
-4.496146
-38.165561
-13.053111
-34.588089
-43.361476
-44.990778
-55.671147
-59.955045
-45.978368
-70.933971
-36.259819
-73.147159
-51.897429
-65.003432
-76.940492
-71.434752
-76.101446
-98.021416
-72.892187
-110.403090
-77.826296
-95.045734
-88.781514
-77.467836
-98.515028
-89.316607
-84.518414
-101.164968
-68.461802
-87.563155
-82.306421
-77.330262
-88.484477
-66.287044
-87.844319
-86.127925
-74.048251
-85.435878
-68.694294
-74.578963
-79.356275
-45.377904
-86.248750
-47.338687
-61.029677
-60.051582
-50.492169
-69.019941
-67.308580
-51.825899
-78.535625
-39.819920
-69.589513
-45.594282
-51.430785
-57.778958
-36.127018
-28.503898
-35.756320
-2.522519
-47.199269
-13.021287
-41.418309
-36.298858
-29.910801
-49.226368
-42.642858
-26.100852
-47.371230
-20.115397
-49.777011
-39.153435
-43.464426
-56.542704
-28.033235
-48.980219
-43.346186
-30.663796
-53.689643
-27.638937
-32.263099
-43.230765
-15.297730
-50.235141
-22.973894
-54.656740
-61.586696
-53.806764
-80.804967
-81.027316
-71.533291
-98.877518
-58.021503
-102.828385
-81.820596
-83.954227
-95.665674
-89.786013
-103.133263
-120.228747
-97.929004
-133.714344
-104.581174
-128.652493
-121.977692
-121.005654
-136.975980
-134.443367
-126.876034
-135.539986
-98.451037
-122.328913
-102.167268
-103.182406
-112.876534
-87.990221
-103.098177
-96.600403
-90.752102
-111.046194
-99.332126
-112.315415
-122.487523
-110.493938
-138.530927
-110.531367
-120.849593
-114.844178
-110.395905
-122.026659
-111.613833
-102.911812
-135.283578
-110.572953
-141.864137
-126.207944
-142.554562
-148.384220
-155.413929
-148.188005
-155.836033
-135.489006
-161.353061
-133.874634
-154.235539
-135.304006
-134.489034
-133.016454
-127.181853
-123.281959
-136.784782
-119.710359
-140.742953
-118.566045
-128.903719
-123.810846
-109.912322
-124.794851
-123.457087
-122.712910
-128.666907
-116.783170
-129.781277
-122.112893
-112.749542
-126.934715
-116.974789
-125.358030
-117.988883
-126.823846
-127.068647
-127.521759
-131.249232
-144.639160
-127.030507
-155.190387
-127.806512
-143.813091
-137.581255
-135.835551
-134.052459
-145.623787
-135.467549
-163.476422
-137.486729
-166.988532
-155.224929
-165.613814
-160.679085
-155.620363
-148.794799
-161.154829
-143.210206
-167.961087
-141.767199
-155.248374
-158.856757
-153.058322
-153.057699
-146.731857
-143.264472
-149.184201
-142.688924
-161.018799
-156.104372
-146.534256
-163.318234
-142.664787
-159.277909
-151.483754
-147.730903
-157.848969
-150.205659
-156.101854
-175.280788
-163.812182
-192.708885
-166.658833
-186.742102
-178.745749
-178.323626
-182.636526
-181.332374
-165.261358
-194.417432
-158.216166
-188.713426
-162.251794
-167.390963
-172.921434
-171.058267
-168.760884
-183.502756
-160.957972
-192.711493
-164.007326
-180.785954
-172.660199
-161.480277
-178.193916
-162.482286
-159.172087
-171.809665
-145.451107
-164.573764
-152.224677
-150.927290
-162.923961
-136.952141
-164.411048
-147.030389
-139.318088
-153.851866
-134.449819
-135.008503
-144.750808
-117.572049
-152.921789
-114.327436
-134.775733
-125.735027
-124.896814
-145.107737
-144.760730
-134.382805
-156.946828
-116.486786
-153.073214
-126.268167
-140.084558
-148.020545
-139.140670
-131.964300
-136.183516
-115.383764
-141.808403
-104.045899
-122.902668
-94.391866
-80.753922
-98.943270
-82.042889
-80.563407
-85.444270
-59.544097
-86.345339
-65.002883
-72.817488
-87.065365
-62.593789
-85.183374
-72.335250
-73.827487
-80.576818
-67.030890
-82.628946
-85.793635
-64.893476
-101.588861
-71.545341
-92.276235
-81.799911
-86.734123
-106.557831
-102.769464
-101.284190
-119.797957
-86.173419
-128.975714
-98.954969
-122.055783
-118.611102
-112.266914
-126.140666
-130.867100
-111.043313
-137.002633
-101.112431
-121.398421
-91.034871
-94.112136
-101.803880
-81.574788
-89.920775
-89.563089
-77.958647
-109.361130
-87.474377
-96.542927
-92.230904
-71.411916
-86.154348
-74.333680
-85.348911
-91.062904
-77.598880
-97.052575
-88.184461
-76.567016
-98.411241
-70.115062
-101.105471
-77.487125
-79.373932
-85.041562
-78.795502
-79.551287
-85.669810
-68.625736
-105.766554
-79.553824
-99.842928
-85.651194
-86.882271
-84.306686
-81.185925
-68.214489
-92.111704
-54.597289
-81.897556
-57.989358
-69.501896
-81.152601
-77.160338
-85.760972
-86.996521
-67.597940
-93.030744
-65.048968
-84.019469
-87.767316
-78.216505
-96.725339
-78.233769
-81.305324
-81.185591
-66.512178
-79.093464
-61.175432
-59.287595
-78.111189
-43.091350
-68.195950
-50.080437
-52.785678
-70.087421
-63.510978
-57.425667
-70.114617
-44.042583
-87.678881
-58.533778
-89.548897
-81.071920
-72.751662
-76.128026
-70.223821
-62.276540
-92.238037
-59.702014
-102.381847
-76.307902
-81.719431
-91.792011
-81.217782
-91.755641
-104.470116
-94.642565
-128.012131
-93.465542
-112.448305
-112.791899
-108.716974
-123.749483
-98.099132
-99.822236
-103.607741
-77.809100
-97.523414
-93.851865
-88.744316
-111.840864
-82.542483
-110.099899
-100.227852
-98.328387
-102.073440
-86.416564
-86.062716
-92.691278
-60.687713
-97.779819
-63.973180
-90.526181
-89.001665
-84.824909
-97.345599
-91.608820
-85.058928
-113.413458
-79.116894
-126.331709
-111.475843
-117.770405
-115.397026
-108.370128
-122.747287
-131.100424
-114.111689
-151.650167
-117.669951
-144.873057
-145.781603
-136.836069
-162.900016
-148.668928
-153.212668
-159.176512
-131.922293
-146.831542
-134.008185
-130.329367
-144.810005
-104.522736
-136.478918
-65.471688
6.124544
-2.843302
1.814105
-1.133567
0.858687
-0.500915
0.391274
-0.161205
0.133988
0.003893
0.000000
0.000000
0.000000
0.000000
0.000000
0.000000
0.000000
0.000000
0.000000
0.000000
0.000000
0.000000
0.000000
0.000000
0.000000
0.000000
0.000000
0.000000
0.000000
0.000000
0.000000
0.000000
0.000000
0.000000
0.000000
0.000000
0.000000
0.000000
0.000000
0.000000
0.000000
0.000317
0.000444
-0.000092
-0.029560
0.049651
-0.123746
0.202031
-0.342828
0.528997
-0.835944
0.485087
-3.197583
5.443603
34.157882
10.843356
35.177252
5.594543
24.551287
2.886005
13.274011
4.075511
4.247202
-7.093010
-1.707956
-14.359450
6.739652
-15.528571
4.165911
-8.653804
-6.141578
-0.068195
-11.310087
-9.792751
-5.499756
-20.824638
-13.647233
-30.014909
-42.214299
-37.933149
-47.471997
-38.705854
-45.909846
-40.594732
-37.001140
-47.006221
-41.865881
-30.627281
-42.290130
-28.167754
-41.238354
-24.428926
-40.686744
-35.688328
-34.226028
-27.371135
-34.508714
-20.730777
-50.880173
-25.728362
-52.883749
-42.519576
-54.699001
-54.781591
-59.443683
-43.737750
-55.654157
-26.831593
-48.977497
-31.855834
-50.865817
-44.672859
-41.278292
-37.429416
-33.847756
-19.594892
-32.428818
-17.004897
-37.261286
-36.841829
-20.455267
-45.249277
-31.286415
-40.376037
-37.774741
-35.738385
-51.947233
-43.534805
-41.672488
-54.905399
-21.147722
-47.440400
-29.664891
-47.829163
-48.414122
-38.466430
-27.554176
-34.700524
-18.951878
-50.631624
-23.132089
-52.765101
-38.926005
-44.596110
-52.625862
-54.768922
-47.849318
-72.194186
-55.395074
-98.965453
-80.051831
-92.426472
-92.378444
-81.344454
-86.670892
-87.528395
-75.528146
-108.008447
-83.747460
-104.677393
-100.743433
-93.732706
-110.946032
-94.826164
-111.205340
-112.310162
-84.677851
-92.589450
-78.458448
-70.974991
-88.156284
-56.714187
-83.880471
-61.269938
-73.557847
-76.876250
-64.978314
-70.806473
-73.806621
-53.779662
-98.532259
-71.740970
-99.419557
-76.908546
-76.283911
-77.793344
-67.135426
-60.200926
-74.796683
-46.239540
-81.581427
-51.626315
-66.181432
-56.015616
-33.334447
-46.381267
-46.926049
-39.471910
-63.845116
-23.109860
-49.758960
-37.257819
-27.310593
-32.127716
-11.326881
-25.800594
-27.896238
-7.601323
-27.856332
-10.807129
-15.933950
-30.980799
6.578846
-24.792334
-4.658074
-10.139612
-9.416336
6.065554
-9.195038
-6.519528
2.394068
-30.544212
4.810738
-24.273431
-7.212251
-14.654749
-30.033663
-28.546428
-29.682419
-43.951909
-9.275461
-44.761878
-8.024778
-33.863859
-31.862211
-20.888818
-42.195412
-38.431262
-29.904270
-51.027708
-13.685574
-40.557785
-18.508345
-16.477860
-29.831402
-11.751280
-27.206647
-19.490777
-0.719619
-21.731605
3.612408
2.429524
-1.947857
10.038174
-26.328652
-4.676133
-21.391999
-10.462935
-5.081308
-25.147111
-21.913516
-11.972322
-33.793666
4.121166
-30.655389
-9.180073
-23.120114
-12.579332
3.192983
-0.181563
-14.472442
13.646617
-16.422265
15.723016
-10.968419
6.411611
3.761058
-6.371592
-3.291344
-4.049711
-9.745978
17.739670
-13.751637
12.491203
0.957992
-4.445990
8.020401
-4.200982
7.276317
12.740734
-1.084324
24.395475
7.551775
15.183935
29.415661
22.838060
49.436879
24.771784
31.428498
28.393955
9.879043
20.263594
23.630798
1.415002
27.876834
-6.613473
16.134730
3.007149
5.306145
4.578401
1.020859
-2.214956
17.979534
-8.671931
20.893182
-6.816315
13.339729
15.041574
16.432159
28.385756
29.253683
12.141235
44.040415
11.733605
29.860019
12.557239
8.992068
18.312061
0.080168
14.265974
19.286852
4.151475
33.264744
8.822037
24.130306
39.589640
12.572765
42.121822
22.770559
23.405966
32.878545
21.702304
42.987472
44.939961
38.100917
68.470992
36.989132
73.816788
59.384179
57.349363
61.776611
55.601141
46.901068
63.960689
40.434436
80.726157
43.442915
57.014573
55.604701
53.265330
59.334469
50.883666
33.701187
58.613615
22.336892
62.385220
39.662675
27.494358
35.495880
13.487277
29.535333
38.556939
12.899713
38.316904
14.767803
29.826587
39.038719
3.786567
24.944832
-3.122313
-5.036008
2.898065
-21.896632
-12.585565
-22.875710
-32.296237
1.219573
-30.941966
8.267284
-7.946130
-8.344499
10.182927
-2.005764
-6.532987
4.489077
-33.455768
3.773388
-28.643502
-9.031733
-11.746177
-23.549568
-14.532897
-12.576351
-30.178567
-9.990888
-53.314538
-13.063073
-30.607874
-22.932588
-13.114234
-27.569219
-10.375321
2.877765
-19.742946
14.211722
-7.797419
12.875794
22.062212
4.516809
23.730143
2.631097
2.783835
8.537397
-4.501499
19.230015
13.340038
-0.477487
27.201429
-5.273767
27.861045
21.155867
19.562641
29.147213
21.198671
27.690513
40.067724
12.418121
43.495211
6.549363
34.832576
22.110299
24.017264
28.514180
23.561678
7.383105
33.667409
10.930483
50.575527
31.401040
29.000379
27.946413
23.923925
33.044758
43.734559
28.470168
43.782823
12.170219
27.952482
23.412893
13.023381
27.490982
16.470393
23.557824
21.101277
12.299678
17.900370
6.578368
1.278319
6.281999
-11.322015
12.331648
1.383473
1.415081
-1.399991
-0.044759
-1.598099
8.422888
-0.844314
31.959391
13.839530
37.447729
27.299106
31.300632
28.461598
37.174342
30.212732
44.626428
22.057662
51.161516
32.225085
50.699841
48.234777
49.865282
43.278856
39.745551
32.162935
49.758676
26.464349
41.551464
28.206270
33.460185
45.826988
28.046335
28.519699
22.540524
22.322196
30.582536
21.133098
28.527996
36.582055
20.908703
48.216152
38.670815
54.194375
51.544260
60.387746
65.355882
76.782441
64.579673
87.763711
64.807099
90.565343
87.454111
107.468313
92.684208
90.012525
78.846670
89.592317
74.348148
109.672198
80.826548
100.054486
98.415609
100.716556
108.584525
121.518437
117.379453
139.254697
119.606837
147.602848
140.984293
145.913249
160.888696
155.234617
160.724555
158.222831
146.389376
168.614926
161.374252
163.625812
163.980287
143.851754
166.176314
160.707362
175.609776
182.121609
171.361392
167.445565
162.277604
148.809411
172.668625
144.070564
172.742062
152.367280
153.613746
152.392312
142.091406
143.636127
152.986770
123.349252
151.004888
120.161328
136.645421
126.947587
127.425512
138.472224
143.709927
135.424552
156.180369
133.212974
160.097296
138.020873
144.695909
156.959140
144.629946
155.218795
152.302631
135.659135
160.330931
135.653035
158.548471
168.837675
155.623200
180.797367
151.989281
160.866498
163.284007
154.309332
160.326380
147.679789
138.411921
161.129580
119.100576
135.790579
107.516474
113.977399
114.258170
96.262198
103.328453
107.363133
69.962834
99.801678
57.182595
82.824591
73.739510
61.092648
66.663104
51.562545
43.260681
72.376223
31.501335
67.439246
42.173302
62.324092
81.756081
70.766203
83.641795
75.251126
57.547293
85.730753
62.025353
90.012926
72.828230
63.335405
94.278087
74.335810
92.325401
98.479352
99.545666
120.315419
111.356295
118.199575
128.663738
102.604290
141.746277
120.558918
135.500709
135.698938
122.158475
125.787989
128.303930
101.519919
133.005386
84.924773
114.382829
93.148269
95.558980
97.501645
85.505134
81.543669
97.714840
73.113615
112.580999
85.533644
102.202576
99.754357
96.455262
108.019560
101.706282
95.332411
112.348588
85.207458
106.722791
97.112221
94.394567
108.397346
93.161417
106.915508
90.495012
80.109533
92.958493
83.575471
95.320971
106.871471
82.731303
109.991097
80.354994
99.644047
92.276568
81.827367
86.487784
79.270498
65.144491
88.127473
55.533796
92.610277
60.272767
62.602392
63.544957
59.316380
60.232623
71.009094
45.738514
69.500786
41.151797
66.825734
60.771735
64.766454
71.079897
60.007203
62.632681
79.220302
63.151265
85.811770
64.630527
64.111579
80.156079
57.868272
73.205759
64.073743
59.913080
68.916264
56.376283
72.254502
82.299052
59.566991
84.297990
51.494131
66.623115
62.221261
58.459518
67.605963
58.261129
51.333372
67.489669
26.463404
67.861145
48.240486
59.094491
67.613292
58.087212
60.440241
67.354032
41.985587
82.171850
45.815787
63.560949
59.385610
52.780440
69.375726
60.726853
53.230314
71.519656
43.215980
71.242245
48.267980
55.125202
66.490843
34.349249
52.494024
45.315233
40.593550
59.490095
31.674216
46.833046
53.951270
34.748440
66.447999
32.582639
53.826713
54.674706
49.178085
60.491754
51.889003
46.607408
72.754590
42.489795
82.959593
51.744742
61.855165
68.742006
50.578411
55.794129
59.495571
36.075099
76.047770
36.256625
63.603218
48.985230
45.615054
61.417069
51.145307
45.678281
65.512392
34.379073
71.498808
53.109149
72.137162
84.339827
66.582557
87.058078
75.436132
71.373483
92.854040
64.141259
77.870495
75.859134
63.267932
85.629566
52.691060
69.477817
69.569712
60.206399
73.925518
60.240329
56.265189
83.381028
48.413319
89.358013
59.302255
72.659765
83.774107
73.631985
81.554990
85.175671
59.365284
100.469521
60.262244
89.971050
70.518609
55.907647
65.751873
57.493845
55.793010
76.787157
60.564611
97.672122
70.202626
88.019381
97.893012
84.398280
99.908616
95.096074
80.924670
97.517686
72.393076
86.675130
81.512103
64.576088
90.939933
58.600951
69.439231
51.515300
45.117738
60.059273
52.919817
56.119315
75.415787
43.070661
75.151485
39.658081
57.596067
59.805475
54.792808
63.664347
70.720107
51.746189
84.234952
51.479268
85.333962
71.979830
77.743269
82.569479
79.803310
71.293351
86.449516
66.203734
95.562092
71.728247
85.492085
73.837235
56.582197
65.169662
55.015370
49.673108
57.758583
48.618889
69.961688
61.234598
59.271363
75.859780
69.110121
88.110468
72.021178
68.416333
64.768481
52.696111
50.562720
59.996184
45.103890
71.052353
51.590221
72.488863
65.307321
67.563161
63.723070
65.257103
55.786479
75.773522
56.841044
90.371366
77.414333
87.026306
90.394906
102.099251
92.213553
98.025937
90.901202
117.527690
93.906102
114.253987
101.053861
104.693376
98.351346
94.449384
95.026079
107.568418
92.348731
111.621752
104.627630
108.780515
114.484509
112.699594
132.546335
117.716214
112.314310
119.281499
109.031710
106.949373
105.280677
84.208715
105.124337
78.218342
95.217473
85.808044
84.861798
87.696736
80.686916
75.845967
97.638343
63.591942
96.997356
76.660266
97.894701
89.792518
85.795651
83.065946
92.267124
74.764812
90.485842
64.714721
93.391548
81.457616
85.950070
92.827210
93.628123
95.607611
108.289566
93.807257
118.563612
101.672622
106.918920
114.221617
93.527277
110.872847
101.819877
103.973156
117.121299
103.969649
118.175942
114.800491
99.650990
126.458894
98.152755
121.689984
104.337816
100.495598
107.387371
104.744227
101.124901
119.095867
85.141616
123.609732
93.481772
107.079662
101.887226
95.565237
101.264739
104.193017
87.064167
119.163331
82.443509
111.752495
85.856796
85.677091
97.248365
83.710586
81.724362
91.282417
70.830865
99.576074
70.640193
85.204897
87.871340
57.670918
74.061195
65.138074
59.815128
72.474145
48.599413
62.743465
50.973042
37.951280
65.974924
33.613677
60.852984
50.868148
39.738224
50.205769
40.869535
36.308597
49.387626
20.733999
50.097408
5.856004
27.744921
24.264174
22.246264
33.325032
27.984899
17.697368
49.526707
11.057556
49.422611
24.710854
26.641814
37.987274
25.101548
32.349805
53.739200
28.397992
62.017671
27.991360
41.668696
32.856137
16.023593
39.451898
24.353735
31.929246
54.947540
34.627115
58.122847
49.688189
45.583756
72.165152
33.361952
59.327946
52.475251
49.395249
51.867800
35.305667
42.037098
52.815453
19.618502
61.159863
31.869302
50.160466
41.926051
37.003374
47.713221
50.804532
45.507375
73.291905
42.623382
82.991314
54.834262
66.757616
70.882829
57.395778
70.363010
81.395399
60.253869
93.118027
64.853517
88.413069
78.429365
66.926733
76.515344
60.139398
63.674023
76.103281
53.006980
69.168978
62.840029
66.799965
80.275293
58.944896
82.963826
72.348202
81.808406
93.250180
79.377346
89.838994
93.252247
72.492362
105.127566
63.983924
94.498874
83.526526
81.477610
77.241061
69.868399
65.662079
79.068890
48.675909
82.213368
43.479505
60.719435
60.009751
61.315304
72.547799
80.435195
68.376932
92.027452
63.251129
85.682765
62.485159
66.484154
78.153025
61.813503
70.639355
79.567678
63.321866
87.374118
64.233353
60.301395
66.760263
44.886967
59.464581
39.206889
48.295564
60.133799
45.670620
59.920209
62.971549
47.244693
70.389080
33.867036
62.575781
47.554166
52.552610
57.093156
47.401023
33.953277
49.960430
21.261812
57.641650
27.353117
52.756840
58.475741
58.656997
65.506971
61.294325
45.578204
81.984925
54.386081
83.368983
54.955593
48.397706
73.410335
67.008913
89.471965
98.213954
75.724890
98.577120
72.717325
79.460549
81.984958
69.716525
96.155814
79.308106
93.865559
110.123627
99.534147
126.578025
121.963777
102.688109
126.341752
97.754910
136.653191
126.813394
133.290129
150.022795
135.665463
133.011695
147.299801
107.042986
145.619930
106.751386
126.573463
120.564766
113.854743
120.332747
120.887621
112.057619
144.346370
101.579535
138.579521
123.046148
134.981893
154.765575
133.214318
141.324729
151.142863
135.015442
169.139431
142.084751
163.188263
170.602824
161.272770
194.801930
179.307656
181.939270
194.196413
174.796529
189.150689
177.284697
159.186443
181.627074
141.351090
161.016977
137.363320
136.914641
147.247931
135.835687
133.816796
140.331240
105.118028
141.987495
95.114009
122.324929
112.484456
99.810991
113.352639
101.994717
93.731567
127.145019
83.289422
112.674491
91.278595
102.665405
118.192322
104.632899
113.745005
122.725933
94.614611
120.216503
86.963877
105.467721
120.569230
107.445709
129.591157
112.235715
116.927800
125.176859
106.601538
127.239097
116.185864
105.447715
122.515835
90.491460
113.858797
89.247914
98.250359
110.257215
100.079718
95.860469
102.020351
77.999440
112.252900
73.962655
95.590174
80.084957
71.930133
75.200817
66.502245
59.456691
74.420178
40.114588
76.611013
57.376837
77.866061
84.164126
79.256001
77.236603
78.409334
62.275783
85.131485
54.805987
59.814768
47.248612
43.984253
57.629188
38.625410
44.318399
45.291033
44.139377
61.649311
45.451462
52.838796
63.457032
49.209884
75.862208
61.970425
73.496565
69.949264
70.490828
67.311396
66.363083
47.908046
70.904788
46.258018
74.338138
60.951207
70.046585
64.625143
64.154271
56.342707
73.362993
54.927008
88.295853
68.896631
83.716736
72.270843
85.930809
91.937647
85.363780
79.342335
99.172530
83.708172
100.243377
89.208998
101.503145
109.047835
102.984407
113.700020
117.382239
109.061914
115.677137
99.520061
102.867437
108.706907
98.117897
110.590058
88.560336
90.483978
85.128717
74.975998
73.907132
62.106691
52.565070
84.695279
53.077689
73.505812
58.725831
66.997224
66.305847
63.026751
56.900616
71.498480
52.892884
81.231476
51.845880
74.816312
66.433199
66.750254
71.159368
70.253762
62.061059
73.609462
37.162874
57.568339
40.065904
40.569856
35.871663
20.946876
20.765382
25.382632
13.390553
26.690126
10.400395
20.994008
21.197437
8.774503
37.046096
24.958567
36.478515
34.783201
26.149378
41.254260
44.218366
34.311973
56.774065
19.598968
42.853815
21.243198
25.921365
33.916298
22.570508
25.971032
46.059901
17.412800
53.419300
18.840608
46.572015
37.388780
33.544483
41.697827
31.863735
16.721206
37.789180
-0.370135
35.492967
13.694816
18.777049
23.189283
10.121149
18.729849
19.103944
13.450143
34.915675
6.674275
20.266436
15.885454
1.846963
30.170033
5.014145
24.613619
29.278973
14.514775
38.161344
31.439354
26.924809
48.004498
22.305007
62.664028
32.076084
39.919862
45.026137
28.466373
35.536101
36.118453
5.904276
39.031766
0.850780
28.329947
12.972680
8.751450
17.540933
-0.193158
-7.302172
12.515686
-22.453887
17.103949
-14.307995
-4.685891
3.954045
-14.147227
-8.913551
-16.772030
-34.381623
-8.988953
-41.958381
-19.060987
-18.474780
-31.249501
-7.540107
-30.934680
-14.201893
-6.772297
-15.883283
1.335012
-6.115541
-1.558932
16.552131
-4.014240
31.657978
0.727259
7.483818
11.735412
-2.694233
2.827379
5.184076
-15.408674
18.640701
-27.859823
7.889979
-15.077837
-23.606033
-20.916780
-36.972059
-35.103355
-13.746520
-41.763170
1.707174
-18.141605
14.087348
15.982381
13.880411
27.017186
23.774187
28.703880
56.249977
33.494278
68.401204
63.028996
58.271129
80.298990
61.654502
72.678434
68.153535
62.819920
85.301046
69.235406
79.617923
87.807093
65.590712
93.189069
63.659314
88.073940
84.233185
78.837185
93.272748
89.517386
80.187282
98.293704
64.533112
96.044400
63.297798
73.919474
75.498931
76.251231
75.774738
85.630565
62.453608
92.421665
64.876069
81.533862
69.449183
79.831007
86.077463
75.963477
70.223822
84.503734
63.207658
97.636769
78.791361
94.821853
105.464012
87.885833
110.567215
96.300492
94.921283
117.225763
109.729982
119.917635
121.157273
102.097705
133.147573
111.800817
134.862992
139.715325
129.753237
137.978048
129.362888
115.556804
134.129220
99.271668
123.761586
86.459792
98.756106
106.635150
97.918636
104.013116
108.381940
82.041079
105.105163
59.991786
80.400930
58.037635
45.144572
52.880865
32.476794
20.235334
36.206273
12.087930
40.515221
12.624105
14.683067
26.386335
12.711904
36.109307
34.073814
27.453367
60.829736
47.699685
71.397611
75.130828
55.657464
78.834875
56.981404
76.255457
71.329994
63.951993
72.219113
63.728746
57.762226
85.346278
48.993218
78.240391
45.876283
52.319449
62.266579
45.477386
53.457328
63.237016
37.751919
75.732252
37.553556
69.473749
56.850607
54.841793
69.084647
64.480258
68.755683
91.254338
57.614767
97.689743
76.538478
97.164575
107.115349
90.086243
110.500135
109.889631
100.346933
123.534541
93.570008
113.507435
115.411758
103.126513
135.621980
106.053870
129.989935
127.156345
123.450184
141.077527
125.390151
120.095325
135.950152
104.939011
148.248115
128.915822
141.865716
148.747491
134.970174
147.093140
155.856040
133.766115
172.412891
130.284750
163.709646
146.014435
145.884465
157.501642
149.064697
144.504261
157.841154
124.497848
155.505291
117.185344
122.140589
116.538915
98.788823
116.991383
109.897644
104.831371
131.043865
105.459243
133.344689
126.124299
113.700666
139.705252
110.653357
126.266796
118.417641
103.215390
116.638828
92.111561
86.711803
100.381011
62.294641
96.257254
73.977162
86.195061
87.371242
79.329782
91.936094
88.929765
66.205512
95.437810
53.341698
85.760842
60.657124
61.351821
66.649150
57.430525
55.932196
66.192262
31.582801
51.939971
18.824950
42.978006
46.559610
34.586778
49.515958
49.629592
55.206560
74.647352
51.751988
83.101316
71.334235
63.072588
76.884043
49.059387
63.035544
59.853616
54.061557
64.284703
46.098493
50.363017
62.275665
39.887729
66.387042
44.309563
59.144747
60.031711
66.998530
72.775011
74.805341
59.717726
85.498997
58.660051
90.437901
73.015908
91.970278
84.021239
80.600309
70.673980
79.851861
61.426390
92.176320
65.246186
82.466822
74.954434
82.354404
82.741701
77.833970
77.519938
98.988277
91.032152
101.059479
86.839200
98.603904
105.265200
97.769155
114.596365
108.178345
106.449371
111.118740
99.633036
99.022195
94.411768
85.493042
98.680233
80.428143
91.570732
77.733587
77.689945
67.480198
58.088196
48.591144
59.756063
38.829215
64.583260
29.245836
45.712962
36.286635
37.637857
30.490447
51.946982
29.562067
57.946682
38.800725
66.476128
51.477718
44.826960
38.982507
36.826749
34.936832
40.587508
30.216627
46.771935
22.378007
23.395731
24.791141
17.760227
35.634653
26.580153
34.758224
40.102066
29.127810
47.235662
42.821660
26.889580
38.423758
14.359240
33.502753
33.460902
35.988164
48.684480
47.091181
39.430830
56.498193
31.586633
68.537354
48.800090
68.456082
62.521134
62.362900
66.245961
60.878879
44.178612
69.877823
41.187961
66.200743
46.581642
45.278946
44.953975
42.932355
46.675664
56.645488
21.633956
51.431414
29.661372
40.375249
41.231722
28.065654
50.028480
39.626326
42.605486
52.237994
25.506009
30.210674
18.347930
10.051094
33.034184
1.780007
24.412967
6.612013
-4.659424
-1.655710
-13.626682
-14.861206
-0.721039
-30.388350
-3.847392
-38.847854
-19.184365
-17.755325
-19.982614
-15.018803
-14.498632
-33.454560
-10.113721
-47.454399
-18.906207
-38.442486
-37.762291
-34.159002
-45.483802
-47.855485
-37.530136
-60.423234
-29.075774
-57.511764
-39.383990
-49.388235
-71.871765
-53.478179
-61.411355
-64.952475
-46.322828
-69.553081
-53.144796
-67.621004
-76.083279
-59.255829
-91.328121
-58.823573
-67.753413
-68.526941
-55.179059
-70.524707
-67.424715
-55.029512
-81.427983
-40.123901
-75.050126
-48.893967
-59.652685
-71.145542
-59.321706
-65.732297
-75.161425
-48.706884
-89.304531
-57.040870
-80.306992
-74.818085
-70.860130
-77.928787
-68.715810
-62.345800
-79.218790
-42.487370
-87.112253
-71.083764
-79.227563
-88.094845
-71.517817
-84.233196
-90.757453
-83.825349
-112.639276
-98.973120
-123.353897
-126.800428
-114.135504
-141.721809
-112.927773
-129.497973
-130.729062
-111.330843
-125.027540
-106.387107
-94.181895
-118.655425
-81.926234
-117.076704
-91.955124
-104.082523
-114.892763
-102.681107
-103.450912
-109.408102
-93.302463
-126.393042
-79.721388
-105.738759
-96.811485
-90.939233
-100.015947
-86.923174
-75.779027
-89.543336
-57.451474
-86.384154
-50.729230
-54.646916
-50.999755
-42.579296
-55.156319
-53.989224
-46.376121
-67.081701
-39.617437
-63.263659
-57.326241
-47.302854
-72.135241
-47.935770
-67.718634
-68.337849
-60.846318
-84.107555
-73.343318
-78.124929
-102.651950
-68.765596
-98.311034
-72.493363
-90.769139
-87.603617
-78.090116
-88.163285
-87.276997
-63.888949
-95.813545
-59.746484
-88.950467
-68.535101
-72.879197
-74.702255
-72.675492
-75.344184
-88.361032
-61.782739
-91.739267
-64.184313
-77.889125
-72.808039
-59.751275
-65.317431
-59.187178
-53.687467
-78.601685
-58.770790
-89.162073
-83.119889
-81.916532
-101.085633
-79.926287
-88.114285
-81.888846
-82.056849
-100.731571
-86.439729
-103.153958
-110.369453
-82.119097
-110.882851
-88.024113
-107.680277
-100.837084
-104.425505
-115.226471
-110.757993
-96.010264
-121.764451
-90.644746
-128.176111
-103.616525
-116.526497
-116.453703
-109.428294
-114.956720
-130.831015
-109.783228
-142.828549
-112.119756
-139.194091
-123.781196
-114.827511
-128.959654
-112.508052
-109.371969
-125.644210
-102.936637
-129.238941
-109.526107
-106.807378
-115.938321
-94.437472
-107.516563
-99.669210
-89.674962
-104.700412
-78.786203
-85.383720
-90.058081
-72.302230
-108.763646
-84.027024
-100.577231
-92.459529
-81.963901
-92.666015
-85.545205
-68.457745
-91.022016
-54.508870
-87.843954
-73.810707
-80.018310
-94.157103
-90.932171
-90.451320
-99.088549
-72.044735
-108.783555
-68.178279
-93.348285
-90.263958
-83.476584
-102.020470
-96.366739
-90.616806
-110.761842
-79.559844
-109.465409
-86.386484
-84.795555
-98.260472
-78.847707
-106.416033
-102.180385
-93.250791
-119.205584
-100.733833
-117.250885
-124.234633
-106.728472
-135.805816
-104.414831
-126.056847
-125.495929
-116.175857
-130.142625
-123.334824
-123.194720
-156.047883
-123.274585
-152.136913
-124.470600
-133.478992
-140.454777
-131.986485
-135.556499
-146.576407
-125.502638
-168.306368
-129.451664
-160.670767
-149.261975
-145.752326
-159.413450
-145.805550
-139.145929
-164.318663
-138.124074
-178.888934
-151.880431
-158.828318
-178.621422
-165.009894
-185.335245
-167.901437
-143.694276
-165.937423
-131.775250
-141.689224
-133.769003
-113.928987
-139.573888
-107.480248
-126.691660
-121.865506
-112.602403
-130.109009
-127.088221
-120.387681
-137.483954
-104.653929
-149.367789
-116.096639
-124.567340
-131.867742
-127.029515
-135.780096
-134.085376
-112.347417
-150.862164
-102.707400
-129.257630
-114.380987
-105.623803
-115.505864
-111.347385
-117.546529
-135.142832
-97.247858
-122.787917
-91.835922
-111.573351
-120.561580
-102.272397
-123.883568
-121.925310
-114.741686
-138.730174
-122.201305
-150.777972
-143.817051
-131.152495
-163.061059
-147.778939
-178.244471
-182.641981
-179.009885
-205.050081
-189.128561
-190.835999
-217.049197
-184.475985
-218.649334
-187.563657
-202.008651
-205.908350
-196.370656
-200.480666
-204.332257
-182.825906
-224.893117
-185.080696
-204.002380
-180.870244
-178.069878
-184.581463
-172.120726
-172.035118
-187.627385
-160.902932
-198.672809
-161.131381
-169.914199
-168.119914
-162.836118
-176.024686
-160.627989
-154.092517
-172.514755
-145.519793
-168.421044
-163.805198
-160.300963
-175.544805
-148.311647
-169.327613
-158.368390
-158.615118
-191.738070
-179.915273
-185.469933
-203.974679
-181.245282
-219.081692
-188.908322
-202.741587
-197.678677
-191.114683
-195.376144
-197.686870
-181.640576
-203.006817
-157.308832
-181.828917
-154.569312
-156.723641
-152.337199
-142.155888
-140.690541
-146.134254
-116.709167
-148.969265
-123.043634
-145.922436
-136.391290
-132.835708
-146.070731
-136.213116
-135.977280
-148.091290
-121.712580
-147.073852
-123.190417
-128.604598
-134.498299
-111.147071
-126.636866
-115.561526
-114.476053
-121.702462
-106.305692
-113.391423
-118.747811
-111.188490
-137.562951
-111.019582
-128.876761
-117.158070
-117.754491
-118.830022
-111.089043
-88.268259
-100.460194
-72.196056
-104.338132
-79.046081
-89.890683
-79.425108
-76.476096
-80.052244
-88.764542
-71.980638
-97.980643
-65.568163
-94.333650
-75.876639
-78.450658
-84.464038
-75.727833
-66.139106
-67.002625
-49.095676
-70.482159
-48.461737
-54.149252
-46.816957
-30.622248
-39.174183
-19.243619
-25.411203
-40.373587
-33.578332
-38.082918
-37.555184
-35.620198
-58.222042
-39.724072
-62.535116
-51.019906
-53.344344
-57.799219
-61.592416
-61.267895
-69.526579
-38.059200
-70.822115
-48.834635
-70.667022
-64.186978
-63.500217
-63.094017
-60.027916
-40.658147
-72.284139
-46.695040
-72.613599
-59.503552
-67.408496
-68.864021
-66.977598
-69.993995
-72.039528
-56.986027
-86.260036
-71.664214
-88.110227
-78.950103
-64.634117
-79.921748
-60.697364
-64.218358
-70.509348
-54.739545
-66.955448
-57.631843
-50.106737
-61.218580
-42.473051
-64.066454
-45.393577
-46.866999
-50.126107
-47.498880
-44.786590
-63.609296
-42.266753
-66.915812
-33.674678
-67.454022
-62.626420
-49.271426
-41.760761
-34.556351
-22.116447
-47.831379
-15.222415
-39.113100
-18.502656
-26.274220
-26.745133
-21.219428
-24.204918
-26.199044
-7.949991
-34.144196
-14.384612
-36.341823
-31.210914
-28.356796
-44.846852
-37.056410
-42.895607
-51.946570
-33.802910
-54.350538
-50.238709
-44.862375
-62.229901
-36.944331
-63.749752
-50.995418
-55.168760
-59.202363
-54.361065
-58.597388
-70.170041
-52.326119
-89.693917
-61.814754
-89.411243
-80.788722
-82.000404
-88.233206
-83.896531
-73.694356
-96.632788
-61.256518
-89.286399
-62.972363
-76.197013
-73.238753
-59.450880
-58.415458
-68.315866
-59.751192
-85.570189
-54.337210
-70.847633
-68.024690
-66.471539
-79.640504
-66.797122
-70.993848
-79.727673
-62.043481
-80.525427
-67.899143
-67.564915
-80.622557
-55.666608
-75.931134
-54.254327
-60.158320
-65.300663
-53.680568
-73.079983
-81.880803
-59.869878
-89.897354
-60.803927
-87.125999
-75.873821
-85.388694
-97.170949
-102.480130
-100.113804
-119.409654
-83.490945
-114.399827
-87.559283
-107.174709
-114.761679
-101.064904
-107.295860
-119.044628
-98.184650
-123.420458
-89.496659
-114.295487
-100.775695
-101.357648
-116.071250
-101.494476
-109.160168
-109.624409
-86.497305
-114.795257
-99.376428
-108.117143
-117.503510
-96.775748
-116.936829
-97.374144
-97.253864
-100.245206
-87.118953
-100.399981
-100.766691
-81.054343
-107.644542
-77.268872
-106.497608
-89.009858
-79.886142
-77.424666
-57.980364
-54.058211
-78.104339
-49.596121
-87.902920
-60.462344
-82.231216
-77.111834
-66.949403
-75.030056
-78.769427
-67.784678
-95.695355
-59.803170
-89.541891
-77.932446
-86.407265
-101.882287
-91.457854
-97.437169
-108.711737
-100.327774
-130.594536
-106.061501
-121.086483
-127.762526
-114.429877
-143.404585
-122.189860
-129.243436
-142.328019
-129.546215
-142.482584
-145.325298
-131.158113
-159.358719
-127.926460
-142.383528
-119.916367
-128.148522
-143.607973
-139.659528
-141.132955
-157.673842
-135.948154
-181.959132
-147.036488
-172.858293
-164.734819
-161.854415
-167.878739
-165.203862
-162.510215
-188.175906
-155.939702
-183.954569
-151.977215
-159.617211
-165.471560
-162.235016
-172.776388
-175.559356
-163.634741
-186.464272
-154.270733
-162.572838
-158.398349
-141.910352
-164.315274
-143.409883
-146.794590
-159.761070
-144.577656
-153.083040
-146.393346
-137.449581
-152.053310
-123.362576
-149.832691
-134.351803
-133.699869
-138.405302
-134.495120
-131.188857
-133.428011
-110.643093
-147.855773
-110.213637
-139.078178
-127.324696
-124.290778
-124.228385
-117.610815
-101.951747
-114.628130
-79.638323
-114.849114
-81.946162
-94.071767
-96.135218
-86.503628
-89.580769
-90.379247
-75.564647
-104.608233
-80.621726
-101.824127
-95.948191
-87.712873
-107.510545
-83.088748
-92.270890
-100.085191
-87.178404
-100.092678
-82.681209
-84.270125
-102.129785
-83.910609
-115.274011
-94.432290
-97.667222
-95.357472
-90.138298
-108.701670
-117.568508
-108.997415
-139.661584
-104.773188
-135.529487
-121.242867
-129.221949
-138.192896
-138.463753
-137.916821
-150.929379
-122.299699
-155.236118
-121.678739
-138.762312
-137.552400
-133.926758
-148.333402
-148.364342
-134.330718
-150.279383
-115.679744
-142.226997
-126.522510
-124.362917
-144.201596
-128.465120
-128.140271
-124.011690
-108.437645
-127.211673
-119.448216
-127.955213
-150.156984
-133.196111
-163.710910
-153.030985
-162.404555
-162.821184
-161.234513
-169.978991
-170.082609
-149.609520
-178.263926
-143.405873
-166.438630
-146.735772
-146.460420
-144.375346
-130.995921
-115.850566
-123.478156
-89.202149
-124.622521
-95.090684
-119.641654
-116.452696
-113.050854
-121.928947
-123.107123
-118.096568
-148.505575
-124.100850
-147.416135
-136.759589
-133.768270
-134.363313
-116.641172
-133.363838
-136.372977
-119.856854
-151.299341
-139.436118
-146.640076
-160.691264
-140.122553
-168.790895
-150.612407
-154.016666
-150.251727
-132.476536
-138.623519
-142.584463
-118.101644
-141.812178
-105.308513
-129.709200
-109.775951
-104.288326
-100.322778
-87.886053
-84.340805
-104.609260
-81.699623
-123.905530
-96.943621
-117.818565
-107.700431
-98.161531
-110.515254
-101.449062
-80.853012
-97.845028
-56.816254
-79.312202
-67.914284
-69.995989
-74.981710
-57.599236
-74.742247
-77.492269
-59.236508
-83.125231
-58.077375
-70.623609
-76.884962
-58.569231
-86.957949
-65.733184
-77.747481
-77.721943
-59.739573
-74.441085
-73.774507
-69.796633
-100.240403
-70.901220
-99.173375
-80.543821
-82.738618
-95.024403
-89.945540
-87.878206
-102.969628
-62.623945
-98.330290
-61.821950
-89.042493
-83.772762
-69.530164
-77.061372
-74.668193
-61.241117
-93.307893
-60.850841
-94.674105
-75.697588
-78.160359
-90.415432
-75.917069
-93.213469
-99.222905
-82.791756
-114.509152
-83.219225
-96.829402
-98.691086
-77.970113
-92.769136
-66.255924
-76.061258
-80.838016
-63.530517
-71.241893
-64.222726
-54.634123
-79.476943
-45.554349
-68.849424
-49.145367
-47.416544
-56.761652
-50.731365
-53.584346
-65.684241
-39.614130
-74.056836
-34.277259
-64.972246
-53.950007
-50.225230
-63.229675
-60.791244
-50.624228
-73.428609
-37.533468
-76.498828
-61.052396
-70.510444
-77.683580
-59.436604
-67.650874
-63.818514
-47.291766
-73.239837
-50.601607
-71.748487
-72.696586
-63.226002
-87.975934
-63.982147
-66.100229
-63.974089
-51.529214
-68.963283
-54.924770
-45.860557
-64.440669
-34.725816
-64.770861
-46.146910
-50.733368
-54.283182
-44.258384
-41.890125
-51.124867
-27.271541
-62.423959
-27.579973
-54.160229
-43.901083
-36.726219
-41.595709
-39.366207
-34.463806
-52.099314
-13.695030
-57.391257
-42.839257
-49.978830
-45.992749
-29.807106
-29.361893
-31.273380
-9.267658
-27.353006
3.946063
-13.798549
-12.590826
-0.804382
-5.779222
17.143444
14.131993
17.455762
39.182477
22.634556
38.910137
46.302749
38.566488
70.507130
56.330987
85.338271
87.111476
90.423230
95.249854
91.974945
88.723338
112.257366
89.741794
120.453592
110.072316
114.873311
85.232107
62.585044
37.701214
34.276856
5.860152
22.960455
-25.146573
-8.262980
-30.281583
-30.578723
-28.614559
-33.082963
-32.675356
-23.246074
-43.677215
-18.672122
-36.043169
-27.707106
-19.085167
-26.206781
-10.487202
-9.258693
-7.294803
13.263694
4.185773
22.466214
24.208457
10.613891
23.780095
-0.803695
18.863858
12.136485
11.429974
17.528463
8.768160
12.833362
31.681524
4.907777
36.089734
11.407525
24.029318
10.076038
20.257769
12.561855
9.340332
-12.754074
10.061511
-17.169653
6.911234
-13.118900
-12.819053
-13.290686
-15.409527
-14.852416
1.017488
-16.979975
2.982315
-21.744533
-7.286603
-9.487446
-4.698907
8.544907
1.329346
0.888839
9.599873
1.022050
16.478764
12.749937
6.870983
16.476036
1.075443
19.910222
15.302008
26.645529
35.243065
37.536148
35.057309
36.959972
19.025450
40.122022
10.076758
31.459874
23.380960
25.233245
20.715808
26.822444
17.201725
34.371372
13.833182
44.865071
27.937727
39.686858
30.493562
23.950615
14.339221
16.505065
0.303159
23.369768
3.351096
17.162177
9.295877
5.938872
17.915605
0.056619
2.601077
19.251558
4.678892
23.090257
14.220153
11.774881
20.318389
1.145448
16.706234
8.571833
19.330400
27.717338
21.131548
20.951398
31.281470
16.628382
31.911190
1.908450
24.406133
10.191565
11.406978
12.786855
21.112573
10.338585
27.469531
0.190547
33.217545
6.525412
18.208596
24.483267
23.161767
22.286328
28.375432
14.791533
44.446108
16.659574
38.656314
35.018050
34.461583
39.096807
28.097512
23.158494
27.607240
0.928785
24.806154
15.105913
19.960990
24.214264
2.375750
24.100109
16.720061
13.653521
29.857508
23.816378
30.272735
35.160672
10.658464
30.016130
6.598351
21.067524
10.456439
8.365371
-0.402499
-2.340617
-12.359100
7.796057
-23.944052
4.955888
-25.854641
-2.898741
-9.093389
-20.431282
-22.714643
-23.782618
-39.555517
-8.853379
-43.918690
-19.224762
-28.243879
-28.732548
-19.352561
-26.527556
-24.319162
-16.000243
-39.058639
-15.244907
-38.409340
-33.911868
-29.694713
-40.787960
-14.078517
-25.682488
-23.684905
-21.763072
-43.527654
-37.501694
-39.738117
-51.259558
-18.156505
-48.676692
-19.944258
-35.117157
-31.719622
-23.371762
-30.778686
-37.021944
-9.547303
-41.278650
-9.147320
-37.999502
-25.000543
-22.935129
-24.418221
-12.199182
-11.739234
-33.017615
2.794059
-37.517744
-10.039800
-30.080195
-27.975459
-11.476598
-13.915221
-11.255579
1.788267
-25.075592
8.318415
-7.197811
6.378393
10.212964
-8.372591
17.044998
-2.087151
-2.229844
13.644042
1.762097
24.037376
19.407204
3.490845
27.484599
1.546692
28.955033
18.331851
11.151424
24.546689
24.535166
30.326254
52.250387
24.047978
65.004520
28.116567
45.892037
38.645239
29.661235
35.313437
38.944136
29.341063
51.593809
17.948176
63.092431
45.885765
53.681411
59.536842
56.258124
57.432678
55.160928
32.140864
54.628600
20.454030
35.812162
30.751916
12.589164
18.554033
-5.705212
-4.686675
5.810221
-23.808100
-14.757318
-27.619815
-32.815890
-7.398535
-40.755762
-12.628740
-22.504841
-26.229944
-13.097227
-17.150862
-13.313104
3.641197
-28.638438
-0.287663
-33.306682
-9.088032
-12.700751
-21.494864
-21.581326
-34.312603
-49.218680
-14.095315
-51.033676
-5.885222
-27.181125
-16.377501
-8.116553
-27.305559
-18.766164
-17.730450
-47.245268
-16.628030
-48.530628
-29.268948
-31.908479
-39.101357
-27.574754
-52.484759
-45.560700
-35.625789
-49.069540
-17.892519
-32.150733
-43.076562
-24.240612
-54.446366
-21.498561
-39.034521
-46.443649
-40.028866
-55.421946
-55.766500
-53.894994
-78.030590
-54.666121
-92.105731
-72.191679
-88.721936
-90.398220
-84.859129
-92.773922
-102.449084
-66.921189
-99.081094
-67.353958
-100.374591
-76.460399
-69.748169
-72.165803
-63.236900
-68.742316
-93.855252
-59.457544
-88.538705
-58.255009
-65.459343
-61.263600
-43.539585
-56.375715
-47.738659
-31.786071
-46.510682
-27.181715
-37.301527
-38.744857
-32.758279
-59.076227
-46.883580
-58.765325
-56.400204
-45.708405
-55.398597
-40.595199
-30.678722
-53.200007
-32.099151
-68.556887
-44.191121
-60.009136
-51.862746
-39.466065
-45.442044
-49.012612
-25.906340
-65.196781
-28.448262
-55.591544
-31.944206
-33.019863
-36.279191
-28.072867
-27.509760
-34.744086
-7.703385
-40.859300
-13.656834
-32.501682
-30.435962
-24.245289
-38.528201
-30.688711
-28.771048
-48.456736
-20.901965
-39.280583
-33.398765
-23.366343
-39.719991
-16.398572
-30.051401
-18.476314
-11.154488
-33.292383
-17.916579
-9.613502
-20.596485
9.621997
-21.554043
3.714984
-8.535989
-9.877446
-6.727862
-7.777181
-3.432503
-2.486378
-39.211132
-2.469495
-37.770454
-19.484749
-32.822427
-40.920938
-32.036327
-39.536374
-59.579113
-36.266918
-66.331852
-29.106505
-52.687831
-43.506646
-35.671286
-52.059954
-42.611705
-47.182176
-64.663558
-34.109162
-51.116546
-26.691527
-16.685003
-25.350633
3.324807
-9.854726
-5.145032
-10.515747
-32.839954
-9.765316
-8.309127
-20.503503
4.958948
-25.051093
4.975107
-7.506531
-5.670082
5.991800
-0.608101
-4.045439
12.496151
-23.299532
6.269399
-37.657665
-15.766306
-27.866867
-34.757754
-23.154231
-22.764565
-35.108046
-6.202400
-38.009277
-5.310889
-33.424206
-33.920332
-31.119872
-42.879260
-35.650322
-36.050556
-52.586042
-24.966042
-56.670937
-35.652437
-35.752716
-52.252020
-25.355582
-46.148551
-40.075437
-34.989558
-50.711236
-26.396754
-31.302893
-27.411734
2.857578
-26.397711
9.096732
-9.033387
-11.312211
-0.760252
-8.977078
-3.663997
6.067769
-22.753466
23.426877
-8.864778
23.983435
15.634496
8.643302
13.129867
9.632800
3.771732
29.910416
-8.829939
21.660254
-5.053436
4.256859
15.549574
4.384655
14.685197
20.651713
3.188805
38.572665
11.413146
37.812943
32.932135
20.353015
34.661538
1.896948
10.378029
22.101047
-1.782869
16.415986
-5.046916
-9.267546
1.492673
-31.107077
2.651061
-13.988819
-11.775879
-5.467540
-21.136204
-7.598131
9.961329
-14.044885
23.628848
-7.108452
28.528127
21.760133
21.638413
38.627766
41.666147
38.524417
66.782117
25.401274
71.061497
43.143745
45.390561
34.435372
10.776549
9.285048
2.185265
-24.587778
2.381420
-38.386484
-21.384323
-39.807363
-52.024592
-35.750111
-57.539499
-48.595160
-34.232928
-43.265496
-13.393577
-31.008244
-27.272522
-10.918774
-37.070957
-12.782610
-32.275591
-33.210294
-30.927639
-39.330982
-31.303811
-25.752631
-39.842621
-7.723152
-45.982988
-13.004459
-17.402192
-18.292525
-9.127833
-17.378787
-30.174639
-4.589885
-43.468020
-13.460102
-42.387377
-24.497630
-35.490976
-47.153247
-32.113028
-26.127260
-50.709652
-29.695727
-62.411540
-32.301076
-42.642994
-47.797758
-33.498864
-40.192529
-26.440029
-18.472011
-33.252453
-7.292584
-26.861404
-24.968067
-18.750408
-40.886839
-8.567721
-23.639395
-9.331275
-3.592685
-19.081337
-1.671727
-1.927547
-20.580244
4.855989
-32.002201
-11.137533
-28.802361
-24.575009
-18.277541
-19.419406
-13.201874
4.720236
-27.286331
11.292923
-19.202814
-2.974909
-13.387669
-16.285144
-7.965834
-2.744727
-17.329408
11.057502
-18.577411
-0.793193
-26.500058
-26.987795
-24.363350
-40.381810
-39.517996
-38.295659
-51.376105
-34.022698
-53.765657
-47.473106
-49.909216
-74.704893
-63.397755
-80.498144
-66.420758
-66.226444
-72.997953
-59.571641
-60.927156
-76.533454
-64.025858
-93.283444
-69.891635
-79.534345
-72.730573
-72.263404
-75.468769
-80.579305
-67.468887
-84.930397
-61.723891
-95.677513
-73.992550
-88.369406
-82.218553
-82.111040
-80.995040
-85.649387
-67.071735
-82.629157
-55.797916
-74.900060
-68.616321
-69.366962
-70.517315
-69.332128
-67.096168
-72.283929
-56.957415
-72.909217
-66.167440
-83.646939
-84.215708
-74.685918
-90.005667
-84.592911
-100.275657
-108.061156
-106.842476
-109.404256
-116.345101
-102.973667
-119.108061
-93.099442
-106.466359
-92.083035
-108.797701
-118.328213
-124.383828
-110.974793
-123.906049
-98.843446
-128.189765
-99.682308
-110.014284
-97.769659
-98.791297
-98.113201
-105.918879
-91.352288
-119.576930
-102.424760
-128.405220
-116.826816
-121.562392
-123.096640
-117.725279
-113.369217
-119.255990
-104.871766
-127.865732
-109.532042
-113.577228
-112.278939
-96.878393
-109.466615
-101.595231
-107.678985
-104.542497
-89.174115
-99.125375
-97.985278
-84.452924
-98.412003
-66.473936
-78.474206
-70.096785
-63.246246
-65.368073
-62.133336
-52.785708
-68.738914
-29.645221
-49.075068
-20.105423
-33.695465
-23.389539
-16.715666
-18.524255
-20.518038
6.385570
-18.306632
14.277976
-19.173769
-7.208476
-0.254181
-4.658404
-2.824396
-0.387893
-8.787249
12.765293
-2.356545
27.587712
17.282362
17.101476
16.602439
1.313809
13.155939
11.862877
7.143087
31.102500
23.058225
26.344070
26.949050
-5.065953
22.182373
0.852369
4.305583
6.103432
-4.290914
5.160724
17.059752
-5.018257
17.612362
-20.616008
7.661129
-12.796054
-2.234840
1.973711
-3.330665
-0.400633
15.270566
-16.887396
19.674526
-8.299298
17.064448
7.599323
2.927005
8.503081
10.443356
10.905981
25.500445
-4.926632
17.135593
-8.498679
-6.161547
12.241391
-8.706976
6.398588
0.655566
-8.044180
12.674005
-8.106480
0.143831
0.052066
-25.820813
6.431523
-17.534656
-11.001801
-8.660204
-23.177907
-17.121719
-28.975794
-41.753621
-17.029623
-54.986064
-21.544601
-35.723991
-28.636706
-20.505899
-28.723824
-26.010764
-7.900157
-32.975634
0.892520
-38.592110
-22.912832
-31.680438
-42.620535
-28.058628
-33.638615
-50.613426
-26.645280
-67.201907
-39.224177
-58.663405
-58.425147
-52.872178
-76.148431
-55.809231
-55.618412
-68.933747
-54.935722
-85.386796
-76.789640
-72.974322
-93.197496
-62.109558
-87.158037
-73.870603
-68.098654
-80.484508
-57.713477
-60.524322
-67.477660
-43.035174
-82.465704
-46.833832
-72.460111
-56.546424
-50.230911
-60.346212
-50.438922
-53.779025
-80.641942
-41.559973
-79.943281
-49.791751
-65.027152
-69.330963
-69.031384
-71.467282
-77.439982
-59.380864
-88.648848
-44.613346
-64.883621
-56.835338
-46.244269
-55.433413
-30.682060
-33.476392
-46.709077
-29.539823
-59.258699
-31.695046
-33.293351
-55.244170
-34.025627
-58.526567
-33.570476
-31.489669
-48.348851
-35.095346
-53.820336
-60.935283
-41.430076
-68.714693
-32.660024
-53.643965
-42.124584
-57.449444
-71.806523
-69.541614
-66.501511
-84.400068
-51.286345
-87.987171
-53.796667
-69.591939
-59.208781
-44.117884
-52.195949
-57.265412
-36.754292
-72.203708
-43.057274
-62.960723
-46.953356
-44.742863
-52.926054
-33.100536
-34.405143
-41.223124
-32.928818
-67.500588
-50.218233
-67.373188
-69.878535
-57.032659
-73.887495
-46.083694
-51.740735
-51.591007
-38.632364
-51.906234
-46.513408
-42.101500
-63.275519
-36.998885
-63.830024
-43.764896
-52.142408
-62.024581
-67.309026
-78.072740
-90.120601
-70.821980
-102.029525
-73.676436
-95.443575
-79.680442
-75.978538
-91.169113
-95.134405
-79.455330
-106.202982
-72.234470
-98.573759
-80.559893
-81.111493
-81.969111
-74.202295
-88.098842
-89.946508
-76.384470
-98.625772
-79.185562
-90.371729
-84.070422
-81.009018
-96.348157
-72.210006
-88.125364
-90.997809
-80.114911
-97.431627
-90.260201
-80.328921
-99.966967
-71.326132
-99.283451
-82.464784
-83.916369
-86.590676
-77.592220
-78.612065
-82.376626
-45.238049
-79.828348
-43.381018
-72.620241
-61.407218
-55.325629
-66.001787
-62.830652
-56.229707
-82.978761
-41.920662
-79.536400
-55.395010
-59.088865
-57.505222
-43.936550
-49.379561
-47.048017
-30.967024
-60.682035
-26.420772
-41.467450
-33.877634
-17.416246
-29.051920
-5.699058
-10.124651
-19.840039
-4.578354
-31.697465
-23.828430
-18.609805
-40.897938
-17.368559
-57.342285
-45.772789
-49.029030
-66.803944
-53.757766
-54.036622
-68.270501
-36.547962
-70.151712
-29.083895
-56.633320
-53.791910
-49.917346
-55.019493
-52.700067
-45.379914
-61.697953
-25.857826
-72.535481
-46.484128
-65.458534
-82.993861
-69.693682
-73.605042
-77.109778
-63.031762
-99.187548
-66.866469
-84.319045
-73.459410
-60.952585
-78.065938
-64.705068
-79.235795
-77.257856
-53.851118
-78.061810
-59.639920
-59.653249
-80.834022
-47.417668
-80.638870
-60.224908
-67.339882
-76.632510
-51.030905
-58.772652
-66.947578
-42.429046
-83.952446
-41.218925
-70.138301
-51.323869
-40.329661
-47.623591
-38.855810
-25.921466
-47.331760
-10.749227
-48.968563
-24.705352
-33.344852
-39.850319
-23.857876
-34.553167
-38.411976
-18.622662
-56.422533
-20.961574
-35.980092
-28.435312
-21.055237
-32.086592
-10.463860
-17.072368
-27.278132
-12.600070
-40.551512
-22.194950
-17.899150
-31.952889
0.348741
-32.969899
-11.018858
-16.400297
-23.322900
-5.313355
-32.115051
-39.239762
-18.954751
-59.817639
-21.958835
-50.721305
-37.716911
-32.727561
-53.299326
-53.124071
-41.637946
-59.874379
-26.999603
-65.332796
-33.991392
-47.697130
-48.646896
-23.907754
-23.225103
-21.847803
-9.496537
-34.525421
3.155037
-19.208003
-1.375866
1.308704
-11.636427
9.421801
2.413846
-6.879385
5.045717
-21.739711
-5.832910
-21.817802
-31.747974
-10.993622
-32.494143
-16.858470
-26.423053
-32.473877
-12.251742
-32.942974
-38.760615
-24.305291
-56.493878
-23.706628
-52.610435
-28.136480
-30.528166
-40.567873
-43.286869
-36.925011
-47.216810
-17.063950
-51.619830
-21.060482
-45.189152
-33.853914
-36.038849
-37.191087
-30.854840
-11.002360
-29.600900
-1.922039
-22.956128
-10.003833
-15.861983
-20.557508
-6.639383
-4.443773
-5.693824
9.657927
-7.254172
12.357749
5.304870
4.443937
7.066083
-18.260056
-5.677895
-22.476065
-21.821559
-14.859601
-21.634494
-17.019093
-13.320381
-31.139997
-10.888735
-36.561812
-21.615506
-30.261022
-26.085433
-34.403508
-32.620999
-40.682501
-22.654540
-47.472200
-22.848415
-50.267381
-36.952204
-43.240842
-44.749025
-46.699762
-41.739709
-55.858270
-34.853875
-65.530818
-44.204692
-50.662595
-48.422594
-39.943889
-48.682583
-46.526291
-39.285132
-53.561113
-32.497455
-48.327333
-51.037909
-47.300945
-67.346814
-59.088536
-63.873493
-56.236106
-55.687602
-71.061070
-70.909531
-70.629446
-85.616053
-72.559420
-104.882563
-86.869210
-99.725304
-95.095693
-92.075095
-96.454624
-103.014618
-87.454218
-119.561466
-100.163720
-127.296186
-110.808734
-119.755791
-116.755728
-117.280691
-104.133489
-115.843632
-88.819522
-120.318617
-95.239576
-114.214772
-111.503902
-110.770500
-112.086008
-108.631096
-103.576436
-127.746876
-106.784601
-126.465168
-116.790841
-110.240122
-119.496600
-100.983008
-108.094909
-98.502470
-85.986177
-95.019635
-85.554181
-88.847519
-103.900045
-90.024857
-125.757803
-106.060266
-120.585033
-122.255876
-109.432677
-113.327562
-113.425313
-96.779940
-127.389782
-92.135093
-115.146888
-91.504451
-91.091943
-87.973040
-86.396370
-74.123255
-84.885741
-50.971161
-89.028190
-65.125116
-90.561538
-94.073171
-86.879228
-89.583005
-89.147250
-72.539661
-101.099371
-71.093179
-86.893564
-73.998760
-66.163927
-75.864246
-53.535256
-54.104752
-51.093608
-27.796349
-45.078146
-31.513304
-27.092920
-34.729199
-6.935708
-40.411454
-18.147384
-27.580198
-49.665096
-33.292718
-34.134003
-39.647778
-2.731535
-41.587527
0.252792
-26.584501
10.339338
-16.248292
-8.930325
-1.996225
-14.147265
-25.096693
14.367977
-28.736379
14.269638
-7.007422
6.027331
22.589564
2.337965
8.880639
24.316887
4.890843
27.625089
3.058382
13.407348
16.369513
1.077213
22.029521
2.678929
8.787390
11.975533
-1.981038
-2.275334
-1.676091
-17.050877
3.470115
-30.293575
-2.951513
-7.572248
-12.911908
10.810056
-4.607684
-3.121320
12.314697
-20.834466
16.512669
-25.819790
4.963158
-7.143892
-14.414275
-5.762389
-8.838012
-28.008503
-1.380041
-47.280600
-11.920530
-51.960426
-49.737063
-48.778411
-61.152176
-65.441872
-66.415806
-85.525340
-55.616436
-86.357597
-64.711439
-62.692225
-67.088608
-59.528113
-84.917313
-85.437883
-69.882910
-100.109812
-82.909539
-99.663917
-93.165687
-70.202969
-95.196523
-65.776706
-77.978456
-72.322588
-63.257576
-80.521340
-77.661214
-72.418347
-81.797091
-50.139660
-86.225483
-59.880633
-73.186374
-81.042111
-77.622855
-84.771459
-98.632999
-76.212275
-106.896912
-73.333026
-96.378815
-77.421353
-80.631122
-92.591357
-83.545862
-80.990101
-95.048821
-65.850128
-97.323967
-76.180277
-97.495211
-95.545912
-84.308255
-98.473519
-95.167442
-87.447714
-105.030426
-77.220019
-91.992130
-88.744759
-94.571573
-117.143282
-96.965228
-122.665720
-121.851913
-114.220428
-126.145558
-119.461091
-125.889977
-143.137588
-112.944756
-136.155115
-97.900510
-107.423525
-106.178910
-105.051806
-114.300200
-114.600103
-102.332109
-121.318137
-79.291969
-107.660797
-82.618396
-82.388608
-74.807032
-58.212575
-64.331000
-80.417482
-50.110082
-80.059646
-54.708553
-69.208278
-64.524035
-53.361890
-64.733925
-57.204255
-57.621946
-75.024864
-52.991298
-79.161456
-57.057704
-47.378112
-55.711509
-35.084802
-55.025088
-47.521132
-51.087823
-65.805493
-52.986750
-54.250799
-57.534521
-33.545383
-58.007465
-38.763094
-60.442037
-57.984805
-51.920658
-55.323477
-55.566550
-37.551401
-60.004885
-29.184492
-63.057446
-37.286226
-47.342491
-42.844721
-40.652438
-42.030352
-56.457434
-31.395026
-57.218914
-24.214247
-47.399844
-41.754773
-28.786312
-40.517137
-29.874322
-21.225642
-35.012009
-3.119984
-33.820844
-18.774995
-17.666602
-31.727223
-5.348553
-20.232731
-11.223566
-8.436653
-36.511817
-16.880942
-16.679247
-21.516018
2.866998
-31.245281
-1.699527
-31.477597
-26.745998
-11.750173
-29.345021
-25.907240
-15.897963
-37.303868
3.273931
-34.392212
-7.308542
-17.031894
-21.125600
-8.357148
-12.581728
-18.518234
13.357803
-25.503533
13.901480
-9.233083
-2.979753
4.451501
-1.960922
1.247927
3.887910
-17.017508
15.944107
-13.687039
5.406458
-6.394861
-26.456625
-5.771126
-21.750171
-11.127475
-3.827375
-20.099011
12.181968
4.430595
-1.378824
26.117755
-1.046147
27.219080
8.449310
8.669270
17.054567
3.496845
8.268639
14.280856
-13.165649
24.825700
-13.582125
15.634991
-3.336451
-12.064722
-1.593011
-12.992003
-27.088710
-6.947786
-40.597465
1.789605
-26.391871
-14.539536
-5.400915
-19.132866
-9.891242
-10.265827
-28.180833
-2.080247
-36.512885
-14.231509
-26.222419
-30.652089
-11.712337
-35.458319
-36.501679
-41.583321
-66.006621
-42.087669
-65.857233
-68.025532
-59.861480
-92.417329
-64.272307
-87.668403
-88.661584
-88.078595
-107.266312
-98.048880
-92.399968
-110.568514
-72.907728
-112.636786
-87.294443
-103.036715
-109.848544
-103.554170
-107.754284
-118.497132
-97.024824
-124.452287
-88.339484
-116.739490
-99.609517
-97.404605
-107.744004
-100.447773
-96.121161
-110.500123
-74.763288
-105.608655
-79.882003
-95.895098
-104.134069
-94.295046
-106.450509
-101.791151
-96.655032
-111.971337
-95.731054
-107.491637
-98.824909
-89.396200
-108.068609
-77.580671
-86.629913
-78.906168
-77.319044
-89.552980
-86.468213
-92.298584
-114.742224
-94.721918
-127.872694
-111.241763
-126.636745
-120.474617
-116.990749
-125.047632
-134.280718
-116.512041
-147.354860
-115.656891
-144.366149
-122.154983
-131.388532
-135.800574
-136.523493
-131.274431
-143.569026
-124.722020
-156.800854
-124.431171
-142.101836
-133.573069
-128.056395
-137.455351
-131.359266
-126.443858
-133.350972
-120.184194
-131.171873
-121.992541
-120.935979
-139.112042
-132.918914
-153.602225
-141.018315
-143.838440
-156.600427
-155.790302
-152.467431
-156.429774
-148.826542
-169.109969
-146.894965
-172.763834
-162.423457
-166.461659
-162.434575
-169.384684
-162.261186
-184.269887
-174.155499
-196.794841
-169.317759
-181.515594
-175.105860
-179.090387
-176.316045
-178.882495
-159.013148
-174.207786
-143.298517
-156.820280
-141.856146
-143.533300
-146.759198
-147.479062
-143.836184
-145.537195
-125.028983
-139.523183
-123.492448
-131.790371
-141.204239
-121.760791
-129.974865
-121.033197
-129.945839
-132.106357
-120.931648
-123.649743
-122.685688
-104.472706
-126.702690
-99.754401
-114.266106
-104.892781
-102.245529
-104.313196
-105.523987
-89.403747
-105.334693
-76.213612
-106.347802
-85.716441
-102.739724
-97.645025
-100.293540
-97.213647
-102.270027
-81.026302
-110.501437
-80.359511
-98.458233
-83.681134
-86.532699
-89.678338
-84.150099
-79.592129
-82.490460
-66.288663
-92.257519
-73.988571
-74.345908
-77.815867
-56.750643
-74.051468
-67.852295
-68.673406
-79.978042
-68.374881
-83.579652
-78.681743
-57.542821
-85.435020
-57.361233
-69.045276
-59.958624
-53.696971
-62.867059
-67.976262
-66.787523
-89.441167
-56.546178
-86.590693
-55.118513
-72.837878
-57.881893
-45.150869
-53.052304
-55.730769
-37.083066
-71.849285
-39.967901
-71.079475
-51.418111
-52.882036
-68.263956
-57.477579
-56.292410
-66.317416
-44.526997
-74.288982
-47.594988
-60.973957
-64.489125
-38.374216
-49.798371
-35.809703
-41.401597
-63.728655
-54.330814
-69.308133
-72.176101
-62.454582
-85.225520
-57.338365
-88.149409
-87.968719
-92.067527
-107.001937
-98.311857
-98.134542
-116.618395
-82.619894
-124.193366
-100.106110
-113.055552
-108.096688
-97.412713
-100.565943
-99.056407
-73.806391
-111.026123
-63.021856
-93.057339
-73.151801
-74.516161
-86.095755
-78.781905
-85.503863
-85.033500
-57.026077
-84.688426
-57.229992
-74.002074
-72.396337
-60.238408
-73.922199
-58.104618
-58.659022
-67.940392
-49.377742
-71.188341
-65.619706
-59.321173
-84.663920
-54.655483
-84.243814
-59.642884
-57.903331
-70.054354
-55.768862
-60.938512
-76.167748
-45.373390
-82.049186
-51.425781
-77.475948
-63.646719
-57.670565
-68.213171
-66.007890
-53.373953
-81.071434
-41.936790
-77.466139
-49.272061
-56.688867
-61.765766
-45.423163
-51.211539
-50.512115
-28.639888
-45.333620
-15.714395
-42.745733
-35.965393
-21.730159
-43.040760
-34.005625
-44.825138
-58.097778
-36.830292
-64.107936
-47.898931
-53.546209
-74.947828
-47.333754
-74.287685
-59.025247
-61.734277
-77.290506
-75.378054
-93.863755
-101.578765
-77.253958
-107.427800
-78.282866
-106.300976
-96.750328
-100.569522
-118.815222
-125.843698
-118.613654
-145.709703
-118.502435
-156.865607
-127.300274
-139.293152
-130.503397
-118.740643
-127.014127
-119.746130
-100.055638
-130.412881
-100.366596
-123.852976
-108.553729
-111.732586
-126.865671
-117.037549
-125.795776
-131.117189
-124.901996
-149.971159
-125.072935
-128.832325
-139.426714
-117.383015
-140.577679
-114.935126
-114.900846
-115.726885
-93.323350
-100.566079
-99.490616
-81.938090
-109.180467
-72.943964
-97.787758
-77.463073
-70.832569
-77.647611
-71.876119
-69.466750
-87.487740
-62.894733
-98.288950
-67.245423
-81.923578
-77.492344
-81.113047
-92.527217
-93.453577
-73.873741
-99.333649
-61.953101
-89.955130
-71.292939
-82.275048
-87.490273
-68.668533
-76.056655
-80.214047
-70.017159
-86.638656
-64.538523
-74.936581
-75.159952
-54.906556
-82.090579
-62.141486
-66.285417
-68.166101
-49.661967
-67.063621
-62.134792
-52.842987
-78.990257
-44.752554
-70.245370
-48.215045
-55.183542
-58.786434
-49.493830
-49.372292
-59.650880
-32.177606
-58.414861
-21.689145
-38.429758
-28.241663
-26.456954
-31.529245
-28.681820
-25.326512
-56.106124
-16.574345
-44.636741
-26.232709
-30.592765
-34.654760
-25.110277
-43.262784
-47.772030
-22.911534
-52.822038
-30.585355
-56.998370
-60.180408
-42.267907
-64.907579
-41.033217
-53.564916
-64.869012
-44.031540
-58.307058
-52.823442
-49.438763
-77.083437
-44.968485
-77.278992
-57.593912
-59.668697
-78.246954
-64.537783
-71.601119
-90.688445
-59.871000
-101.551725
-69.106522
-101.148133
-107.977301
-120.432955
-131.760082
-125.309586
-114.137163
-137.983531
-103.973053
-154.247533
-135.207997
-144.094145
-149.071844
-125.523786
-126.169371
-126.756209
-102.615269
-128.856189
-99.143740
-120.531204
-115.223458
-99.406180
-122.682695
-105.258915
-113.600916
-112.381766
-93.622269
-111.812334
-95.314761
-99.322350
-132.515664
-98.336405
-137.581147
-122.199565
-124.884860
-138.785640
-126.253440
-137.852569
-155.483516
-135.490492
-179.148654
-141.938337
-166.134837
-155.591649
-150.888546
-163.361457
-161.676843
-160.829074
-194.322893
-154.319844
-185.003311
-157.741940
-168.844445
-179.560483
-163.705316
-175.777159
-175.540139
-158.750284
-193.867817
-154.749790
-176.722974
-165.783845
-144.977825
-164.877011
-150.382776
-161.937164
-173.004595
-153.388250
-173.947695
-162.437106
-157.221214
-173.099650
-141.641744
-170.349124
-152.669177
-159.301845
-167.629919
-162.376599
-161.243617
-157.924963
-134.103345
-162.370184
-121.572713
-142.707711
-126.053540
-127.148772
-136.430501
-133.827336
-126.487717
-144.746051
-108.136456
-143.153529
-105.484450
-113.101700
-116.385257
-106.648072
-113.078726
-108.279588
-95.425713
-125.404856
-102.574234
-129.779996
-118.878262
-109.366708
-124.323485
-118.771803
-121.947826
-126.726987
-107.802810
-131.522073
-120.365333
-121.197781
-139.752049
-119.477388
-141.892296
-129.983905
-132.515111
-132.623215
-132.970071
-143.711763
-148.230783
-133.939765
-158.104885
-123.893218
-141.098184
-111.156917
-109.262349
-103.312448
-96.618454
-94.635489
-105.518954
-82.977372
-114.319789
-82.190931
-97.458814
-80.192918
-82.985825
-89.536430
-84.697302
-66.640166
-78.108324
-47.610724
-64.915772
-47.985175
-56.495794
-57.864057
-54.495076
-52.815865
-51.543357
-44.060349
-52.474325
-32.440961
-37.523138
-34.795647
-22.077875
-33.182542
-12.905567
-15.881644
-1.772595
3.405310
0.813200
1.672586
14.385369
-2.214626
20.210664
-12.811622
16.684283
9.445365
12.769037
10.378036
16.852176
8.463207
34.464715
12.308122
48.441054
36.935763
51.668376
47.712821
51.289228
44.336606
59.353367
39.498366
63.177952
46.576451
67.618849
63.490439
60.687796
63.058039
58.091264
60.151607
66.894129
52.126196
57.176348
35.780603
34.054094
43.609614
28.403763
44.912229
26.690353
21.562654
17.825674
10.148044
4.957097
6.173603
-13.265998
5.905236
-20.031861
-2.985209
-18.170868
-20.037963
-19.310498
-23.899429
-40.252568
-16.192736
-43.926744
-22.027735
-51.382114
-41.704695
-54.227822
-61.569900
-64.758809
-63.563407
-88.467025
-64.060774
-91.474353
-61.194407
-78.125353
-87.861919
-81.282325
-91.902025
-91.247632
-77.438278
-99.407353
-75.681266
-98.824011
-90.371338
-76.084742
-91.628705
-69.685391
-86.897796
-81.744018
-65.070376
-77.346729
-64.411668
-63.741755
-84.890071
-54.632455
-83.343491
-57.610028
-63.587818
-78.275095
-80.121639
-87.682019
-93.349284
-71.743699
-100.137271
-52.849253
-73.745901
-56.474732
-52.217239
-51.094321
-36.337830
-29.973072
-49.545060
-23.774648
-68.236913
-42.488491
-54.334805
-50.732709
-39.987940
-47.736830
-40.300262
-31.592831
-58.304413
-34.495097
-56.179918
-44.754680
-45.131878
-58.548002
-35.257767
-46.942184
-50.500251
-41.838242
-63.603120
-46.192746
-48.791648
-59.010897
-29.051706
-62.872794
-24.945211
-29.758671
-32.817055
-15.871455
-18.423452
-16.098137
8.648787
-20.488889
13.001715
-26.703983
-18.929547
-27.958533
-31.069759
-21.935923
-18.090212
-36.078924
-0.687376
-32.333558
6.437000
-10.463460
-7.158225
6.231172
1.317808
14.280788
30.122883
10.779766
40.667139
16.455020
33.214725
36.953421
27.026550
47.792775
32.663449
39.854614
55.750508
30.583804
49.742602
41.104864
30.112631
55.463655
21.271495
47.118761
25.884247
21.826769
34.711393
28.473219
31.203369
34.443841
-0.540761
30.193662
-9.225244
7.212712
-4.996967
-7.422456
-1.376266
-4.764324
-12.520001
17.149720
-23.359382
4.049591
-18.670476
-8.017767
-8.133411
-17.286586
-9.725935
-5.951865
-24.278687
9.426970
-13.357829
13.815314
-0.496919
-6.935370
19.188663
3.101437
11.598251
19.194247
7.999175
32.098601
17.060721
15.914615
29.211097
7.955145
39.672876
23.377480
29.975038
39.038029
27.674680
34.478710
45.045110
25.557998
55.067792
14.472596
34.665000
11.411712
12.573065
14.419407
6.197299
5.313153
30.400771
0.705042
32.791386
6.418673
29.381768
24.026993
18.013326
26.239240
29.228149
14.057217
38.202508
13.440024
38.796509
23.931131
26.426871
36.995292
20.210565
28.768196
34.852149
17.901252
36.693327
22.738800
29.941334
34.377205
15.789991
41.980146
17.421521
19.843087
25.381989
16.641667
23.896078
22.603176
6.904930
34.034765
-3.518248
15.834006
5.627054
15.718528
25.940870
17.482403
18.814968
36.240695
4.486661
47.105791
22.854642
45.707356
42.842827
35.853537
41.148428
42.881483
29.947382
59.922870
30.280938
50.706704
29.499992
24.380344
33.939388
16.757555
24.734325
32.222856
12.558400
34.331115
13.409491
13.659079
23.922810
6.099961
36.491497
25.067292
33.334877
37.927225
25.305183
37.115035
43.118082
33.981209
58.456736
17.452529
51.452148
35.501643
26.703146
31.971397
21.756899
16.632322
32.458782
9.337024
55.475569
18.354565
48.433155
52.199160
44.921244
47.317249
41.935046
26.316482
52.285198
13.020089
48.182943
30.243861
31.431365
40.726655
22.821678
27.433772
39.510057
22.858561
47.799016
23.800457
38.090923
39.664563
18.540384
49.325532
27.158654
28.800745
39.356185
20.460013
36.975503
34.577424
22.991344
41.809160
4.472670
29.941773
10.027690
3.114352
12.621044
0.230964
9.484602
34.006906
0.675398
40.291106
0.619780
29.917760
33.235072
24.380139
40.472164
41.571849
32.653921
55.751734
10.769304
53.527437
34.523739
40.504403
56.840642
39.010861
47.034672
48.257764
28.609858
50.872126
22.760971
37.460104
43.747092
25.932267
51.726780
33.426181
37.743228
44.166310
28.707219
47.130875
35.462665
27.797052
57.700132
21.493770
45.221320
29.852878
35.650312
44.102820
31.555985
37.718020
54.552818
32.385649
73.340564
44.804762
68.436080
56.699482
52.393511
54.177408
51.892704
34.944406
52.635633
11.678642
48.942020
34.264474
46.253739
49.292154
41.390794
50.362402
51.318660
26.675722
53.487544
25.578656
38.605338
28.494671
13.458327
31.237585
13.768265
17.658936
22.487910
6.898895
25.014918
14.436042
14.157026
34.454347
9.619953
36.432843
16.164502
21.519149
23.323953
17.013559
19.410791
31.293317
6.462889
32.384904
4.485164
27.023671
19.061921
20.792626
21.651680
21.508843
13.883373
34.913129
13.734205
47.156869
27.733546
43.218363
38.932198
41.718280
46.760305
47.182571
37.204854
57.239896
25.026626
28.443378
12.948123
15.800988
17.043645
-1.036567
0.102024
-7.438576
-14.948642
-0.492414
-11.286211
-9.555755
6.434876
-11.982246
9.425602
0.529918
5.726270
-1.525070
0.744784
2.263966
14.514220
7.322754
34.945115
16.788925
37.492076
18.578773
29.081920
17.414448
17.560623
10.177201
24.339762
2.574440
24.590145
-6.250791
7.609192
-10.998336
-15.916547
-21.447500
-15.257822
-22.530944
-7.656224
-25.269049
-2.452599
-11.941542
-5.740324
-11.230466
-23.792054
-9.544836
-6.585967
-17.225007
-0.940547
-9.651499
1.243656
10.524732
-8.320050
3.814577
-7.861230
13.315283
13.348208
6.771355
10.392042
15.113012
0.980808
21.839170
-1.482342
30.267783
17.657127
25.917822
20.488553
20.679749
12.744272
17.734276
-3.596665
16.468648
-17.617616
2.469659
-14.597293
-19.967678
-21.408164
-25.688777
-40.717684
-23.560612
-50.175249
-16.271572
-32.846866
-26.137229
-24.561314
-45.650615
-44.003807
-43.741548
-50.253540
-35.385081
-56.537394
-49.239452
-47.033364
-61.057265
-34.889944
-47.773478
-42.143879
-51.344226
-65.043617
-54.060704
-52.842365
-61.673887
-40.151639
-66.937187
-41.127764
-64.599240
-55.914160
-56.855182
-64.989149
-65.859824
-52.323675
-77.672254
-48.145543
-84.755629
-54.818448
-59.168268
-53.978591
-41.476437
-42.610536
-48.018280
-31.750669
-70.137395
-51.656879
-79.124390
-70.794700
-73.240956
-79.824635
-65.115879
-63.497050
-74.977466
-49.458230
-79.066440
-61.393579
-51.844879
-60.147895
-38.945172
-59.912838
-41.457603
-38.191945
-46.707244
-26.639135
-30.459552
-35.003002
-13.189426
-37.500338
0.868561
-24.009087
-6.453099
-1.090239
-10.495411
3.971735
18.769513
-2.771352
27.416367
-9.452575
25.723897
19.748902
31.172003
43.266772
39.422621
32.931858
53.823965
14.680321
41.776833
12.842758
24.300084
25.071525
10.700660
27.930778
20.146602
6.740794
28.130094
-4.566486
5.899621
-17.408656
-23.045253
3.279298
-15.934311
-0.044440
-0.533504
-14.081511
1.875413
-19.087558
-27.392402
-7.164873
-37.494679
-7.019568
-33.441752
-26.898599
-29.887005
-49.472367
-40.936801
-37.922105
-62.842518
-21.924751
-64.160691
-40.372917
-60.796891
-69.280618
-61.384535
-68.730866
-68.200550
-50.700754
-80.817281
-41.488490
-77.441924
-63.035202
-65.208386
-72.365963
-61.586145
-75.226799
-86.673050
-71.326777
-96.089351
-69.061496
-88.835455
-98.515411
-83.368998
-104.139584
-97.921420
-107.130169
-123.644752
-99.958971
-123.754032
-118.162509
-111.765849
-133.854983
-91.701877
-110.549653
-93.050008
-93.700438
-105.287105
-102.373859
-103.840293
-117.336854
-85.461216
-120.993598
-90.651576
-113.283623
-105.606140
-108.914811
-124.192778
-130.903184
-125.619830
-150.536432
-116.741080
-146.482474
-116.117640
-123.323634
-128.921759
-115.824469
-122.301504
-130.697515
-118.448384
-142.938938
-109.757796
-132.083358
-131.159090
-121.815552
-135.121994
-115.905488
-123.562056
-123.437566
-105.579396
-134.936431
-131.031669
-129.636837
-150.333170
-128.757209
-167.891228
-145.548896
-151.703408
-153.905871
-144.598006
-144.057849
-149.186856
-126.212611
-143.814736
-106.318814
-122.066040
-101.537127
-100.549987
-102.949227
-94.776773
-86.921067
-109.747746
-73.177602
-98.857351
-62.290264
-80.256234
-71.704886
-58.697339
-57.602680
-51.876700
-32.209466
-59.303024
-37.325482
-63.256477
-51.973688
-39.315736
-47.571689
-31.517344
-43.099807
-45.409124
-28.401119
-47.929988
-24.976275
-25.764362
-36.680729
-21.219710
-56.739843
-39.231159
-46.175422
-46.400704
-35.904321
-48.922810
-51.867770
-29.520826
-59.102227
-17.793572
-49.730895
-36.987168
-44.735553
-53.758086
-46.959519
-44.044618
-62.025831
-25.775109
-46.244473
-6.264598
-22.601520
-23.140820
-15.827223
-19.976238
-20.600918
-1.581564
-29.655091
6.941398
-15.454953
-0.646360
2.645184
-16.318719
0.746244
-10.516694
-18.279635
-8.068141
-26.820098
-6.441523
-19.586528
-25.174000
5.268739
-12.819237
6.784023
1.742158
-1.365444
10.874131
-1.753877
-5.705499
10.551187
-22.982827
10.653441
-15.053382
-1.931562
-4.333052
-7.628347
8.213325
15.052210
-12.180926
21.190757
-21.791397
9.787160
-14.682007
-17.199645
-13.182535
-25.685389
-29.128657
-16.804452
-48.461173
-14.354084
-38.882294
-15.500917
-19.110205
-31.575010
-14.166261
-20.752445
-28.635530
-16.616857
-47.147667
-20.592475
-30.868830
-37.558409
-16.709168
-42.784461
-13.302744
-17.334573
-30.992990
-19.487690
-35.527788
-29.648336
-22.141051
-63.614534
-27.081362
-58.265803
-46.634259
-49.057244
-56.015797
-42.135608
-38.483109
-56.603452
-31.616222
-75.474423
-33.901626
-51.742325
-40.892922
-31.288691
-40.609196
-41.590976
-27.843564
-47.562078
-13.795605
-42.499462
-18.926821
-24.912667
-33.509199
-8.220853
-13.052348
-20.918823
0.877145
-14.278247
14.615887
-0.169578
-0.208050
16.414596
-10.440246
8.074775
4.092196
-5.787342
11.402705
-4.160173
4.296086
15.263457
-18.229924
15.350093
-21.109194
-4.340034
-4.743166
-19.406452
-13.796732
-20.559621
-38.698402
-15.821018
-57.868127
-25.626845
-55.838917
-56.968521
-63.983926
-75.663064
-85.331989
-74.430979
-100.937757
-72.502702
-111.118111
-87.989612
-96.782850
-107.976021
-97.704231
-114.752393
-123.759481
-107.150051
-139.463385
-118.725018
-136.566520
-136.265093
-122.172912
-151.715212
-136.036200
-135.797096
-145.093744
-126.363905
-144.374835
-133.994596
-118.193318
-131.763631
-99.356313
-128.175861
-107.015580
-116.067593
-121.652479
-108.825842
-106.594674
-112.942747
-91.433657
-123.512784
-93.015699
-118.408757
-103.303642
-95.649553
-100.932728
-95.974207
-84.260957
-109.568529
-79.918345
-113.997701
-87.958653
-102.470447
-105.603771
-99.139695
-106.777105
-113.632312
-106.244021
-134.122960
-111.770095
-128.414441
-118.160866
-118.064722
-135.675972
-113.142421
-120.353522
-125.933481
-114.233044
-130.353946
-116.016297
-116.212528
-134.882302
-110.055003
-133.056422
-119.829807
-132.832224
-127.005459
-114.619973
-114.587650
-121.806938
-110.071835
-144.946714
-112.776556
-136.611332
-114.913063
-108.629487
-105.141965
-106.301290
-106.494301
-125.352547
-105.157830
-136.291619
-110.864567
-126.647947
-113.501874
-120.564373
-130.654824
-139.910634
-132.022072
-153.886357
-135.053029
-157.961736
-144.020442
-146.038454
-157.081790
-159.599639
-167.989118
-159.614575
-154.241809
-166.595298
-153.673507
-154.798424
-153.637697
-144.315652
-169.937651
-157.416385
-162.863483
-157.754424
-164.381953
-166.195124
-173.445667
-159.774933
-173.508141
-150.524971
-166.857700
-143.016672
-160.270398
-158.911238
-156.573804
-147.474660
-153.580655
-127.471434
-143.798821
-105.091227
-125.829416
-109.679127
-113.662469
-119.628950
-118.907644
-105.028183
-114.002784
-91.701297
-108.462764
-92.286044
-101.700053
-103.286624
-95.969628
-103.032715
-100.904060
-94.464420
-110.008874
-98.651648
-111.335546
-119.100704
-104.324182
-120.970566
-98.655274
-104.270988
-92.491391
-85.636201
-90.534424
-86.256409
-73.142444
-94.287746
-75.266171
-106.098871
-87.155109
-96.432590
-94.590694
-88.199060
-80.027241
-92.270756
-65.991696
-94.853767
-68.678653
-89.359930
-77.509357
-73.684531
-64.994326
-53.814800
-42.963818
-66.040029
-34.703468
-57.005405
-38.639144
-50.471871
-48.984443
-41.319738
-53.899718
-48.463342
-41.006437
-60.546110
-40.617283
-43.541587
-40.214515
-40.891216
-56.116725
-34.074322
-40.762862
-35.483687
-23.337386
-30.815357
-27.686768
-22.977654
-36.254757
-7.640758
-39.011266
-17.794069
-27.382684
-22.942568
-13.041578
-12.436441
-33.563265
-19.652037
-51.229375
-19.086955
-47.148816
-39.942107
-43.952581
-39.551180
-38.157430
-39.154807
-60.538056
-25.987502
-48.229676
-21.957366
-26.978957
-25.661765
-10.903962
-20.093804
-19.859203
-12.917283
-42.894160
-21.367423
-35.465657
-28.177253
-7.667327
-17.759361
-8.117585
-23.040467
-23.286505
-15.669233
-28.797910
-11.598950
-0.580494
-12.920755
15.849955
-17.714978
1.403946
-14.604078
-19.391686
-15.865991
-23.828658
-28.815210
-4.593576
-31.048406
3.749754
-29.045627
-13.970741
-12.890638
-23.826480
-20.158236
-10.397675
-32.570142
-0.535679
-36.719390
-10.700663
-22.553037
-40.251100
-40.885900
-56.632692
-61.551995
-57.981450
-79.334258
-51.079439
-79.808389
-74.950791
-75.534404
-94.131625
-72.190201
-88.620307
-89.825673
-81.733545
-94.280938
-72.454644
-67.906198
-79.997259
-47.859876
-75.420771
-56.059196
-69.032305
-65.617764
-61.439874
-79.672153
-92.600042
-84.383037
-118.375325
-79.056668
-106.722027
-83.641261
-79.513657
-76.774214
-68.903735
-59.248986
-75.283812
-42.003540
-75.898448
-41.002701
-52.273162
-44.488290
-27.830620
-47.671446
-40.763119
-20.421330
-41.261289
-12.034920
-33.528304
-20.615808
-11.459241
-24.757464
-5.722094
-21.225159
-19.179810
-3.446491
-20.164635
4.445836
0.588708
-11.187517
9.535097
-20.613222
4.824555
-9.506848
-10.850879
3.488839
-8.219389
-12.472850
-3.919749
-42.288420
-5.218471
-42.013142
-20.952288
-32.944780
-39.304060
-26.420784
-25.338940
-35.215926
-9.981263
-46.740076
-12.455070
-42.862768
-37.580627
-35.248704
-51.711866
-39.370868
-29.582624
-45.839968
-18.715606
-54.341497
-40.919882
-46.159382
-62.104376
-45.698185
-63.454471
-61.878582
-55.383772
-80.445329
-64.929407
-71.840450
-74.477340
-55.356767
-88.489557
-62.700090
-85.107738
-75.829049
-66.308635
-79.556378
-69.721109
-59.039292
-78.984382
-41.220358
-78.924787
-54.519915
-65.073093
-66.474521
-62.980952
-76.798475
-91.168172
-79.159295
-110.228637
-70.657878
-104.789895
-89.806209
-89.589791
-94.269799
-82.149813
-79.176780
-97.574704
-73.972105
-101.460669
-72.556131
-81.927109
-84.124719
-69.644717
-88.254738
-80.544282
-79.297044
-95.483109
-72.767624
-92.930191
-96.398592
-85.082026
-111.094834
-86.526100
-112.516139
-105.199931
-106.106099
-120.885688
-105.800384
-98.854161
-107.562822
-83.872869
-115.407436
-95.715905
-114.275124
-108.120622
-108.987510
-124.742413
-137.386772
-126.673357
-161.280080
-127.899163
-154.268468
-130.225709
-130.776232
-133.666331
-121.674264
-115.995796
-122.397651
-86.066524
-122.568798
-88.556375
-106.184211
-112.331586
-97.593203
-106.622668
-101.767738
-112.222356
-130.582106
-111.287690
-125.923364
-123.512388
-123.786517
-146.558260
-126.073349
-146.565023
-141.223626
-136.042374
-148.217565
-146.273737
-152.123485
-165.804912
-138.399261
-166.350128
-136.713448
-157.403900
-154.626839
-150.247350
-157.689081
-161.862728
-139.368780
-159.363048
-117.611091
-147.058528
-126.745413
-131.945465
-135.567538
-127.658072
-126.548051
-132.682334
-105.907010
-141.384996
-107.735180
-121.917003
-114.588610
-96.525481
-113.289060
-106.498180
-104.004848
-126.434750
-101.338244
-125.615690
-114.276986
-115.878855
-141.304768
-117.230298
-137.663015
-131.574262
-118.155299
-133.841770
-113.152803
-122.532908
-139.568707
-108.676515
-135.528646
-100.813795
-115.769297
-110.234170
-104.536589
-121.193739
-122.314972
-111.755847
-149.445542
-109.793947
-141.081133
-116.182586
-124.268281
-131.022738
-128.684149
-127.379716
-134.174674
-105.400426
-152.066755
-116.303106
-138.567799
-127.002521
-113.660444
-128.221520
-107.369385
-94.679713
-105.246448
-68.488617
-85.855878
-65.653446
-57.853089
-76.493278
-53.066000
-74.718706
-63.224829
-52.838644
-71.309921
-45.244001
-47.599649
-55.359865
-25.962968
-58.291935
-31.286316
-49.635236
-46.194066
-36.151938
-42.635814
-40.593068
-29.170575
-59.934454
-23.130101
-61.118468
-34.565340
-42.019092
-51.705742
-42.435609
-50.760727
-67.067034
-38.057507
-75.664184
-42.958657
-70.230616
-63.658614
-50.221091
-67.108578
-61.344510
-51.461231
-67.488858
-34.594251
-59.303090
-40.083542
-48.631703
-59.648863
-37.118516
-51.924142
-42.732208
-35.307695
-55.327930
-30.482992
-43.047234
-43.731327
-17.884926
-44.539510
-14.510873
-38.429386
-36.435681
-28.335938
-31.588141
-18.527436
-10.212859
-38.035587
-5.332138
-34.054228
-7.750588
-14.897196
-23.140698
-7.970050
-13.228806
-26.873123
-14.816723
-54.989954
-12.867617
-36.901103
-23.686752
-19.701719
-23.233258
-3.140059
5.272617
-12.134627
12.975706
-31.262467
-6.255546
-6.850367
-14.181466
0.969860
-16.841402
-10.016236
-2.289524
-17.425773
11.163050
-3.226537
-4.014713
12.780497
-19.397648
10.051019
-8.702232
-4.712616
1.788888
-9.098767
-7.538582
-0.288901
-19.454081
10.581930
-30.410990
-5.117855
-12.878375
-15.495311
-10.666801
-18.423411
-24.130031
-6.771161
-41.834204
-7.316018
-36.655273
-23.735765
-26.414801
-38.221034
-39.756290
-38.939167
-62.043564
-45.709294
-84.989471
-66.080269
-82.333496
-80.890721
-69.249707
-94.635011
-90.826857
-93.450885
-116.520450
-99.681581
-124.388138
-122.786955
-116.650832
-145.026378
-120.594914
-142.225247
-138.719240
-132.008800
-140.964713
-141.075604
-136.569510
-152.045788
-127.256992
-153.064720
-125.865706
-141.866728
-130.086085
-118.632489
-111.260158
-116.964115
-101.634681
-135.354604
-112.200098
-141.238035
-120.348412
-130.423217
-133.778501
-129.029253
-130.020400
-146.246894
-123.395498
-160.053602
-146.064071
-163.051834
-155.783847
-151.915156
-159.204998
-143.610555
-140.526967
-140.284742
-127.168333
-134.643426
-122.309447
-118.747168
-127.710992
-116.283082
-131.529014
-121.749603
-121.796930
-122.737808
-106.923274
-103.922334
-102.707214
-80.889435
-96.747831
-60.086898
-75.297931
-47.622355
-45.332142
-40.026299
-42.107685
-25.341248
-38.522645
-12.778646
-32.550799
-3.824222
-9.909119
6.868928
15.033063
18.207227
10.968919
25.396050
10.753428
38.417863
22.557790
35.617299
27.332710
22.068393
21.131425
18.396853
16.853956
34.219487
14.499870
25.848423
17.683249
10.727124
23.536821
2.879285
12.588856
6.437688
7.223887
15.765835
10.645525
4.776842
18.160000
-5.704363
18.946051
-4.821365
3.462031
-2.390175
-11.462223
-14.500933
-0.859953
-15.891416
4.983923
-31.298751
-9.445433
-22.788931
-18.615518
-18.608430
-17.473837
-24.511456
-3.565192
-27.723292
-5.656812
-36.976505
-33.947853
-35.902687
-40.755457
-33.135938
-35.443813
-44.567815
-15.971042
-41.846454
-28.542470
-30.858754
-38.899781
-26.654016
-44.068621
-34.098312
-41.805457
-50.173757
-35.343076
-47.534491
-43.139992
-22.667736
-49.147915
-21.893308
-46.673277
-41.718997
-39.852029
-40.854867
-37.489071
-34.889331
-46.849870
-18.634854
-48.253397
-17.568668
-25.496669
-17.868016
-14.089123
-20.526884
-23.884823
-6.604289
-33.383757
11.045941
-9.555443
12.952397
12.274820
8.610419
28.778701
36.172404
31.203869
54.411932
31.933522
64.282136
58.122547
60.304393
74.290671
48.850754
64.525123
65.913527
50.017214
66.133202
46.288896
44.253259
56.207273
18.048334
44.327587
11.787968
15.938655
8.237415
-9.815156
-1.749699
-2.086237
-24.445145
6.115049
-34.911830
-10.032918
-30.539156
-29.635848
-27.401858
-35.493841
-33.430886
-19.822177
-58.661975
-27.669223
-66.244492
-48.692877
-52.610088
-65.227911
-53.897601
-58.788692
-63.780516
-37.944112
-65.590166
-36.463449
-49.822218
-53.402836
-30.447264
-52.196640
-33.155194
-34.975867
-46.561679
-22.314523
-40.452795
-27.347691
-15.773185
-35.353343
-4.447178
-32.066834
-17.220988
-22.868636
-34.237693
-18.702275
-17.535547
-32.348690
-3.891174
-36.076022
-1.162573
-25.533600
-20.648103
-18.021897
-22.108739
-24.493259
-18.799678
-46.488074
-19.417218
-60.628793
-38.145487
-51.745942
-62.374731
-47.369784
-51.835408
-60.377427
-39.225275
-64.172354
-27.546562
-43.370992
-46.217475
-36.029626
-55.512642
-42.050966
-45.230802
-49.485551
-33.391914
-60.468787
-41.855269
-36.360995
-46.644975
-12.559920
-33.092572
-12.767164
-11.981105
-24.541551
-6.956725
-18.459418
-26.301325
1.410937
-29.006688
10.632697
-7.800140
3.378376
2.985039
1.252266
9.468778
29.656747
11.396270
45.055401
5.019792
27.096045
10.291338
14.493022
27.051671
19.707568
14.665507
27.141923
-1.301141
23.228513
-5.039864
2.745230
7.293411
-6.210817
8.782588
-0.303635
-10.756805
8.598947
-11.696842
7.641436
-0.578404
-10.553993
4.676706
-19.429831
11.731122
6.224835
3.682945
13.058698
6.242831
1.557103
13.428413
-2.075661
30.413025
3.633431
22.191944
19.755661
23.244742
30.040667
28.214504
10.797967
45.974810
14.039600
52.336833
30.547669
31.162580
37.754740
27.146128
28.846664
39.494818
19.319627
55.953483
21.277997
41.337394
40.170087
34.141087
54.315542
45.473588
42.736275
50.817073
32.573456
58.760999
39.692558
36.283937
53.852394
26.475168
50.951397
43.931662
33.265009
40.317730
21.423239
26.318659
39.527583
13.181719
48.470436
18.002751
44.857862
38.687236
46.278614
60.377590
58.111742
39.347241
63.484179
28.009056
59.929844
35.189008
47.925863
54.133082
48.575755
44.628983
50.918026
29.761741
66.735317
34.360754
52.390367
46.486980
40.454733
55.587145
44.096522
39.678252
55.887471
19.632132
46.373844
33.907361
22.704095
38.804178
13.393488
38.766403
31.291843
22.034660
40.036630
25.197292
24.434982
31.717340
1.351666
31.182500
-1.964761
17.205245
12.270313
3.411170
24.497208
21.977034
9.457224
39.992483
5.773344
44.154700
20.767553
40.563426
50.566613
43.957210
48.635155
55.555091
35.708602
71.968346
29.434017
51.333495
38.633628
31.885146
44.600649
35.125241
21.570890
26.654260
-2.746492
21.535840
-0.265009
6.914401
29.333120
2.179689
30.236168
17.584742
9.484087
28.888406
-0.852885
5.343133
7.162111
-16.691315
18.008552
-11.498019
2.392127
-7.137691
-16.969539
-8.588447
-14.294320
-26.750961
3.022725
-29.364721
2.741876
-27.478361
-16.278191
-16.869376
-24.423517
-19.891486
-11.518346
-42.510118
-2.841897
-34.078101
-9.417068
-16.754058
-25.002602
-10.204311
-19.882410
-21.180796
1.520855
-26.244880
8.309945
-8.368530
-5.903722
4.385141
-11.104921
5.461640
-0.823344
-11.952685
8.799668
-8.461850
2.433175
7.957438
-9.750657
23.449309
-13.585183
12.870617
16.746593
18.508844
37.313030
30.012005
15.770824
41.864250
9.431515
39.889278
12.366697
24.235005
28.064314
9.843587
12.705731
22.089169
-7.141533
32.337800
8.281173
41.562898
34.761806
34.317450
49.709528
38.669213
42.488828
60.374962
37.122146
75.941308
49.406196
55.048971
67.067730
49.575120
71.347801
64.452400
56.693379
82.953589
62.212879
85.020212
84.901150
71.767269
100.511461
77.476654
91.709909
83.513177
68.331205
71.983691
62.077867
54.101466
77.193210
44.692830
77.069714
56.347306
72.882759
69.470787
62.864832
72.582801
81.910424
57.149977
83.825469
46.579523
73.902256
56.399960
55.135244
59.762552
48.532171
40.043790
51.176992
33.241230
64.747748
32.461914
55.898608
62.441104
42.503236
51.381378
38.381410
25.834435
36.245522
19.415955
44.982365
44.974214
42.369266
71.866110
54.833590
85.009024
82.101821
88.063256
107.988603
108.420006
114.347083
129.241315
104.502993
136.588023
111.801309
129.699966
123.117994
120.294996
124.261320
136.470092
119.739696
143.312128
105.932313
124.346231
99.826839
108.701628
111.051486
116.069644
106.309373
112.610958
93.809123
118.791238
91.202758
111.842858
104.512807
87.999682
84.741775
84.861229
86.331436
84.788654
66.611838
78.917147
73.832767
69.688934
83.287335
69.851712
83.338689
75.311542
67.776721
67.586093
63.316534
56.100370
55.325486
37.109513
53.194799
33.387946
58.897673
44.431114
55.413602
57.721615
63.405256
49.047909
68.928764
38.908782
63.017596
35.310990
52.216874
50.402383
48.555243
45.244548
52.092589
33.230887
57.257190
34.613315
57.283388
43.335445
54.703184
61.082582
63.407661
63.482711
72.224820
56.294824
67.233340
44.578585
39.761625
41.170889
20.775380
36.675941
26.906766
38.886490
33.378660
20.911198
20.602699
11.866298
-7.987826
11.346616
-6.564021
15.677292
1.830787
2.584625
11.074272
24.227355
13.654982
34.393943
10.311290
38.561759
16.360908
28.121482
28.193321
31.764188
30.028163
34.320346
19.067557
40.820331
5.284808
30.575130
18.436199
25.250306
31.662346
19.410465
12.035131
15.887312
-1.012816
29.199970
17.093734
25.418344
29.588012
11.853805
22.502828
7.316173
9.898953
20.608418
5.708269
14.552334
15.133479
6.692993
35.407853
15.367940
44.340722
25.256238
21.598392
30.448078
24.552551
17.899878
34.018144
7.909201
38.879347
9.058942
30.047134
29.445238
22.658079
23.207017
22.471193
6.246552
35.099672
8.428718
53.630414
45.386124
50.009980
50.343798
42.063092
44.275697
50.532524
25.753229
56.403977
31.135875
37.458989
38.773798
23.492039
36.641450
11.915640
24.075274
38.502463
16.623070
28.076648
20.914071
13.596359
40.547972
13.191896
35.939595
20.014788
20.265362
29.698220
19.958421
18.447281
28.869961
-5.663584
34.696347
8.045704
25.951237
21.206679
15.355853
21.634993
16.518807
0.183542
32.087056
-3.880155
29.187162
4.112191
5.594548
11.973416
-0.986937
2.981846
17.482938
-2.953001
30.834827
-1.050688
11.316085
4.121918
-13.197485
5.340822
-5.764287
-1.512199
6.592963
-21.104756
2.126965
-11.044997
-20.732427
0.673837
-33.749056
-12.747789
-29.742619
-34.197096
-21.114951
-35.897890
-27.302704
-14.028443
-47.030716
-8.890404
-42.201566
-20.450792
-27.396754
-42.821310
-34.824956
-37.534336
-45.149704
-10.212961
-49.883070
-7.486144
-34.369261
-21.814276
-10.286174
-22.453663
-12.923476
-6.529522
-29.337563
-2.967992
-37.007525
-15.330247
-18.886712
-24.664569
-10.455520
-26.868914
-24.053411
-22.405862
-48.470983
-21.152638
-33.249242
-31.909893
-11.174252
-41.786727
-10.817456
-23.525792
-20.510654
-13.773527
-28.662078
-17.633300
-6.865920
-27.986174
1.351718
-33.189135
-8.891820
-11.332323
-8.059764
-2.301646
-9.711116
-22.397418
-0.212227
-36.687894
-2.429817
-28.425055
-12.672919
-17.429068
-20.306858
-14.020882
-4.132641
-20.950682
2.412551
-31.412280
-16.467967
-33.716136
-43.358512
-32.243400
-51.674010
-47.539909
-39.882135
-50.850820
-29.155903
-43.361032
-26.736794
-15.155650
-36.659325
-18.031582
-40.601621
-35.189946
-25.758946
-37.972916
-32.591865
-40.955784
-61.528859
-31.680718
-57.732015
-31.654436
-49.449121
-49.086217
-48.219326
-49.985916
-49.623590
-37.317714
-67.435076
-34.313889
-54.486396
-36.012921
-45.718146
-56.362142
-57.883978
-54.564862
-61.721192
-39.272179
-69.713362
-37.725381
-60.266082
-53.389833
-46.201623
-57.944163
-50.182608
-45.822424
-64.780378
-47.131961
-68.179980
-53.286349
-57.532335
-79.044781
-51.884066
-67.963872
-57.814143
-50.523790
-59.643142
-43.711547
-47.056677
-47.495577
-20.784004
-49.910632
-16.038261
-28.634513
-21.983480
-14.668452
-14.531745
-12.864156
3.413719
-17.503079
23.779581
-4.358460
20.129727
14.768617
15.213782
21.110848
20.783341
12.173571
33.554355
-8.434794
18.451944
-8.021043
-8.220625
-4.195283
-16.127817
-7.451921
-6.790830
-23.645959
-1.524703
-30.800091
-18.609463
-23.245792
-38.946033
-6.140481
-24.784650
-9.879322
5.949899
-13.517989
7.973175
5.140262
8.822803
32.557996
1.737435
26.061916
11.337663
17.997009
33.005289
26.405523
30.348649
47.467726
18.472640
58.205064
22.996420
52.171975
47.115156
47.208305
61.308645
53.098937
39.979713
60.160025
22.823419
57.655813
24.819129
27.375022
24.284792
14.882665
25.344061
18.571095
-4.674605
26.304513
-5.393363
8.996738
5.133128
-14.372911
8.445644
-13.650782
-10.742540
-2.538258
-23.502820
0.416834
-7.828618
-9.215764
21.923161
-6.280239
23.908292
4.275098
6.850267
15.463958
1.675498
-0.774498
-1.766949
-38.621055
0.329983
-35.597708
-4.911409
-9.540371
-15.305619
4.368026
4.355688
-7.946440
10.330896
-28.222244
13.425033
-4.759318
5.975337
14.041804
2.854360
15.754090
29.179095
14.637249
46.463421
16.762441
41.755811
36.516884
30.041461
53.199318
32.984716
33.072115
33.065852
9.290113
31.439021
12.829634
8.946668
27.957746
-8.075269
22.052255
-2.182232
-3.072486
5.849501
-8.857576
-5.476413
4.385505
-20.465299
15.962528
-15.247283
13.971294
8.450457
14.457269
28.401391
28.148934
20.710430
35.231481
2.924024
44.056875
17.298436
33.332651
35.078811
24.461835
38.175218
44.997901
32.063547
65.428665
40.112461
65.371373
59.118755
56.077509
60.696849
47.405141
50.337916
48.952377
43.044445
65.555917
52.361413
59.655227
66.307952
44.907913
67.275636
43.871124
52.232551
49.214857
42.243472
47.193678
51.451481
35.265660
60.316080
24.028075
47.764695
27.539013
28.633203
23.841465
23.277193
15.955953
31.423805
8.915405
36.469612
11.200972
36.804654
29.505632
24.331805
29.123453
34.135997
22.703316
39.275251
18.256748
42.541121
30.530485
34.186419
35.747077
23.807472
18.052325
16.672027
6.452231
12.230464
-4.391015
-2.192448
-4.585137
-13.987369
-2.112031
-16.730255
-0.226022
-6.962879
-8.833198
-9.491643
-6.690448
-25.693997
-15.708254
-42.021072
-31.367043
-50.707340
-38.977331
-43.773496
-32.334836
-37.916165
-27.998075
-44.189602
-28.153439
-56.899219
-31.332416
-43.430788
-41.870343
-48.443525
-43.648560
-49.168941
-35.308790
-61.129212
-39.208935
-62.462838
-58.905790
-51.602386
-56.621418
-55.488792
-59.380838
-70.347914
-53.009921
-70.600818
-64.716345
-63.572374
-75.366454
-63.438030
-77.218334
-68.820573
-66.199457
-74.311862
-74.702958
-86.968240
-86.075951
-68.810357
-97.095343
-70.550402
-91.975889
-77.131435
-84.870473
-94.456488
-90.649291
-71.313292
-85.627201
-52.734626
-77.300999
-44.380177
-57.827523
-59.046476
-61.075263
-57.547688
-64.154322
-46.851439
-84.836370
-54.639077
-75.790744
-66.306456
-63.142003
-70.747488
-63.436841
-54.610559
-64.491401
-39.454760
-64.831302
-53.731532
-57.351933
-63.245115
-37.681021
-57.451783
-51.883563
-57.389384
-70.740510
-58.962740
-69.054823
-71.552237
-55.253082
-78.655380
-47.544911
-71.333194
-60.788094
-63.013226
-65.075907
-62.222319
-54.598579
-67.402326
-31.588739
-64.645485
-38.101908
-52.082963
-57.379704
-55.781865
-54.578374
-54.103401
-44.438468
-81.100165
-55.485771
-90.619142
-78.080309
-88.684309
-121.132387
-122.681372
-135.847593
-146.440380
-124.339529
-151.857688
-130.273419
-143.153241
-152.542369
-137.907998
-165.114001
-153.189566
-153.602516
-162.749182
-138.110807
-150.140242
-147.946912
-126.838239
-154.545248
-123.898579
-144.074561
-131.995529
-136.459884
-148.218119
-142.863331
-143.874807
-165.530182
-130.516235
-169.773182
-131.418235
-141.750212
-147.266251
-142.290762
-153.002768
-152.764079
-133.771122
-162.523560
-129.002640
-159.927906
-137.787804
-140.518768
-143.503861
-131.731249
-127.906215
-136.767245
-114.003818
-148.220239
-123.170452
-135.507446
-136.538541
-119.319852
-146.511300
-132.651271
-137.009787
-151.612948
-132.993707
-157.048967
-153.124566
-138.260798
-166.084947
-134.742762
-154.574243
-127.298333
-125.008691
-129.975584
-112.044146
-104.679635
-111.486929
-79.292928
-114.233772
-78.003170
-107.879662
-115.436699
-104.004331
-108.603767
-108.998840
-96.183188
-123.571128
-76.435210
-107.546164
-81.434309
-91.215715
-92.249233
-83.831463
-85.691997
-90.640569
-60.546579
-80.294518
-51.770641
-67.841962
-58.034068
-44.046565
-62.300411
-46.159856
-51.310520
-65.181208
-38.373378
-53.453059
-35.703986
-32.846411
-56.701707
-26.645101
-44.556594
-25.156947
-32.066148
-42.562298
-30.878772
-39.033676
-52.504934
-31.392257
-65.669817
-23.031908
-50.025811
-41.842441
-39.728889
-50.978635
-48.742286
-41.933996
-69.169526
-35.038744
-72.344338
-41.826148
-55.582701
-54.465313
-36.498727
-40.433228
-47.648789
-32.708173
-63.420548
-40.171511
-65.909475
-55.723479
-60.667278
-75.605411
-57.008083
-60.417919
-66.395860
-45.738393
-56.822973
-37.391477
-32.507820
-34.482839
-10.202650
-32.670198
-19.966059
-28.338917
-24.633445
-10.509323
-19.043443
-18.742785
-2.969099
-23.867463
11.405356
-14.643599
5.825567
-0.585020
-6.580193
-0.458292
6.205234
-13.562644
15.971736
-18.447825
8.061325
-15.605624
-15.695011
-10.628306
-11.530958
-11.151612
-6.201230
-33.650956
-12.713924
-49.231864
-37.519433
-41.065109
-55.274434
-39.011330
-43.717445
-42.200926
-24.953307
-47.496390
-29.911966
-44.793882
-53.605496
-44.032775
-70.874009
-56.401028
-68.744893
-73.327755
-61.448655
-69.324094
-69.648336
-63.980131
-84.208220
-48.754583
-73.117942
-51.206166
-45.439083
-52.732708
-52.209050
-48.838420
-60.719666
-28.972183
-63.518857
-34.947956
-60.665443
-54.112003
-51.540152
-58.020724
-56.137331
-53.914266
-81.208426
-45.986336
-80.974494
-51.706943
-47.730108
-49.989416
-33.632929
-40.837090
-43.024062
-30.539120
-51.657162
-20.126894
-31.626218
-36.478824
-19.197245
-44.679423
-26.747113
-39.574669
-40.861996
-27.121464
-42.026624
-29.524859
-11.385815
-18.250939
22.460545
-5.502026
15.617135
19.662864
11.397130
21.208851
17.009787
6.821775
35.144642
-6.340493
22.107218
-4.602741
8.227861
7.440021
-3.721700
-10.917984
3.316879
-25.391917
3.666284
-39.146061
-20.780219
-28.930522
-36.832143
-30.297561
-39.158694
-44.141183
-35.970309
-68.511610
-37.791378
-57.101677
-59.479712
-40.389781
-60.419722
-46.643282
-55.388606
-59.694560
-31.518896
-45.950893
-33.020076
-30.255775
-59.520277
-16.867870
-40.683968
-10.885889
-15.032247
-26.718257
-9.960902
-11.450783
-29.073832
-7.013501
-45.039238
-10.854409
-34.879927
-26.543228
-23.730711
-29.275761
-28.401943
-21.074803
-49.167421
-23.792240
-62.528550
-30.873375
-41.619058
-53.144472
-40.369520
-50.007183
-54.954819
-39.433093
-73.741743
-43.146380
-63.563535
-55.704901
-37.661119
-67.212523
-46.664882
-54.578775
-61.930861
-45.175915
-68.547760
-60.481719
-55.606247
-70.511341
-35.845134
-71.076115
-56.708333
-61.466848
-75.228039
-57.341854
-60.201564
-70.002160
-49.442498
-88.390303
-57.782701
-85.806815
-68.822040
-65.965167
-85.430563
-82.209462
-78.389910
-110.795568
-69.391901
-111.167215
-78.441599
-89.700579
-99.585072
-87.830314
-97.590865
-98.878954
-85.752809
-123.614231
-91.945140
-109.608589
-96.277575
-81.984102
-104.160030
-87.819756
-95.969657
-97.203310
-77.539487
-102.149066
-89.642518
-92.858792
-109.672138
-76.280264
-108.519921
-100.854267
-110.434430
-121.594891
-110.793074
-120.688501
-115.618543
-91.593503
-126.103963
-85.119565
-111.941601
-94.812474
-89.079578
-94.182207
-89.854557
-77.574449
-100.317681
-68.535877
-109.400131
-87.311198
-109.508476
-114.015470
-103.991923
-117.584646
-130.169226
-118.561818
-151.215030
-116.433623
-140.282139
-126.001656
-119.036124
-136.030332
-121.604297
-133.511972
-146.332962
-125.539044
-150.211700
-129.387665
-126.817111
-148.202747
-127.484475
-166.624298
-148.256123
-148.532455
-154.868703
-140.583106
-155.284498
-162.002322
-146.983877
-182.891243
-145.335822
-175.167180
-161.549221
-162.134667
-174.645049
-164.650759
-161.662664
-184.141032
-143.904563
-178.298891
-146.745338
-158.266484
-154.845156
-142.359727
-144.735635
-145.816554
-124.972872
-144.479275
-108.206961
-132.422340
-123.146102
-121.330290
-125.399862
-110.497438
-121.446819
-123.286057
-101.858709
-128.291779
-109.160298
-115.570015
-130.599687
-106.028239
-131.033069
-111.898481
-112.534328
-116.547885
-108.056835
-126.970053
-127.614114
-114.388616
-153.878960
-123.687185
-158.207039
-139.471961
-139.897837
-147.338295
-140.088134
-144.105303
-164.092953
-138.418067
-176.264723
-150.404173
-180.249866
-175.039112
-172.670393
-185.818193
-187.369260
-175.732291
-207.617938
-169.273345
-190.630847
-168.148365
-170.159884
-190.085476
-172.491750
-171.706469
-176.817499
-165.586870
-196.739849
-176.198799
-182.378418
-182.576718
-163.747425
-185.272799
-169.005301
-176.504580
-178.627966
-175.219777
-193.039782
-191.148827
-182.427799
-201.867640
-169.336544
-200.288238
-190.941930
-199.504795
-207.389148
-212.166308
-215.669424
-220.868191
-197.380915
-228.080451
-194.904331
-223.811531
-210.451042
-206.536336
-209.839388
-210.856538
-199.041944
-221.388428
-200.823540
-236.729269
-212.633821
-222.262891
-218.737551
-212.473630
-215.659589
-216.693021
-209.556236
-223.803345
-205.715208
-216.286480
-206.886515
-197.616409
-209.727597
-204.996270
-218.853006
-220.770430
-211.371940
-221.150935
-216.529578
-214.854002
-230.456466
-218.161795
-244.057115
-223.919353
-230.079629
-213.850971
-213.304750
-211.677516
-221.937192
-203.313053
-228.080596
-199.569547
-215.911783
-196.590464
-202.193572
-193.829999
-198.266594
-195.049748
-216.925308
-198.465533
-210.790348
-168.855726
-181.611444
-175.477197
-179.326158
-179.342957
-179.562239
-173.391058
-199.533651
-186.115640
-208.061825
-197.213231
-197.407797
-205.138722
-196.430168
-211.494073
-219.067864
-224.646361
-238.270758
-237.130374
-240.825964
-246.370167
-235.131682
-258.125631
-240.096561
-252.761769
-250.605074
-247.941380
-255.523752
-261.584269
-250.516369
-270.848846
-235.436528
-261.675351
-242.196081
-248.602942
-246.003303
-246.038447
-233.960818
-242.722406
-211.282631
-238.364237
-212.903224
-240.603940
-241.605728
-236.553089
-233.731670
-234.119818
-225.247335
-239.535601
-210.752428
-221.426691
-206.059712
-207.695939
-209.865364
-198.400899
-216.731734
-214.331461
-202.484146
-217.350898
-203.536781
-208.210483
-221.685826
-205.521650
-233.076852
-219.823764
-229.662455
-233.679509
-222.230323
-223.653697
-224.700761
-208.171402
-234.138860
-199.631150
-220.631404
-201.294948
-207.953003
-205.894832
-204.875086
-202.211500
-217.013463
-187.093608
-220.385597
-194.151090
-216.149076
-201.814024
-199.144105
-201.702523
-205.986989
-200.627101
-223.460550
-193.579999
-212.332092
-194.377410
-202.836824
-216.674177
-205.498970
-215.998368
-218.078166
-209.624783
-230.252896
-214.357205
-223.712472
-224.789913
-208.643994
-232.145426
-202.417044
-214.600991
-205.293751
-192.401789
-199.702207
-196.218697
-182.744622
-207.682381
-182.839818
-220.347064
-205.461029
-215.753205
-218.326919
-211.525261
-214.320121
-223.778618
-193.924762
-224.559960
-189.484183
-220.516000
-215.782829
-213.729287
-226.301923
-231.961414
-225.517995
-245.478218
-217.377644
-244.593182
-223.876566
-232.800633
-239.887422
-223.020444
-235.877163
-233.402217
-220.302111
-233.621396
-201.817355
-212.782261
-209.973860
-199.047258
-227.583559
-210.538562
-226.249239
-226.451967
-209.396734
-206.408238
-197.556927
-187.941601
-203.004077
-166.800954
-197.088712
-174.173805
-184.870713
-192.841925
-185.213262
-185.083598
-192.841691
-166.624145
-204.793068
-159.767091
-184.887639
-173.507684
-175.695377
-182.958725
-171.477836
-168.898307
-190.346315
-162.339165
-205.344869
-179.360525
-191.185418
-202.186574
-193.982868
-209.318454
-206.912261
-199.711292
-222.393134
-202.885160
-222.623456
-215.759691
-206.416371
-230.030820
-209.135509
-229.078218
-228.915886
-207.260129
-230.957118
-226.619235
-226.127727
-239.867908
-202.413943
-226.848873
-189.947023
-195.170187
-199.409957
-188.161655
-188.523315
-191.967318
-174.773056
-213.545839
-169.159369
-200.823712
-179.099512
-180.228549
-196.047420
-186.274928
-180.069095
-202.991868
-168.963202
-208.915700
-177.852671
-186.642055
-191.031573
-175.515436
-183.567290
-176.747145
-166.350008
-193.974701
-165.928641
-177.626570
-164.623260
-152.455261
-179.988074
-167.643505
-186.778980
-180.258073
-171.370510
-186.492092
-164.263490
-170.006716
-196.700996
-171.496462
-198.766862
-179.051786
-192.665939
-195.202903
-190.057257
-204.833027
-203.045480
-183.905161
-222.942024
-187.735603
-221.441563
-196.938485
-196.971334
-201.677118
-194.380876
-202.677248
-223.484506
-192.805558
-228.923444
-196.784052
-217.796200
-224.547470
-217.208190
-234.398772
-230.684795
-220.388093
-243.295928
-213.021458
-242.516006
-227.523770
-226.928412
-244.695578
-214.205699
-229.738741
-216.730990
-203.437748
-221.702754
-201.176986
-202.786375
-201.163459
-169.075679
-195.357649
-167.563947
-168.824450
-159.049081
-154.659788
-163.170884
-160.128516
-144.586372
-171.307680
-133.250146
-170.671899
-141.218018
-142.766835
-151.461187
-147.729409
-150.146411
-168.259518
-149.712409
-184.766020
-148.067751
-171.011031
-166.984957
-171.821822
-175.545886
-164.728022
-156.152108
-172.679536
-150.396758
-181.173144
-168.764364
-180.493392
-200.864993
-181.916410
-203.080782
-198.392831
-199.877285
-217.487086
-193.092232
-207.503583
-202.400034
-184.011146
-212.713300
-188.023151
-206.766380
-189.203661
-182.142768
-189.403983
-175.961549
-169.542510
-182.751888
-145.035280
-178.538299
-148.029958
-165.680516
-160.093270
-150.249594
-156.830287
-164.133442
-139.759594
-162.347398
-130.106918
-159.234935
-136.997653
-131.032155
-138.733942
-135.268915
-139.942294
-153.177333
-126.831245
-154.876302
-127.702100
-137.586965
-134.183746
-118.661923
-135.270831
-134.645061
-139.791278
-150.211972
-134.762948
-160.532784
-146.843936
-140.654223
-172.670607
-144.964966
-165.811700
-155.447484
-158.145887
-166.723203
-157.895394
-159.618079
-182.277526
-157.105354
-189.388006
-164.212722
-183.577523
-178.988944
-167.949893
-163.641563
-158.937451
-139.045710
-166.281457
-130.727314
-159.328721
-137.988142
-131.789390
-129.553804
-119.124543
-120.031051
-131.516271
-101.790631
-133.333697
-101.344369
-99.797815
-96.655693
-76.066579
-93.212342
-88.358303
-84.117352
-100.232359
-74.629290
-93.382035
-93.464178
-89.329531
-118.763413
-82.846131
-100.238298
-94.068203
-87.397256
-99.084913
-88.029342
-83.709448
-99.403626
-71.869853
-111.500962
-84.656289
-96.397525
-96.365563
-89.077221
-92.452040
-91.168601
-66.973368
-102.336551
-73.111859
-111.305274
-87.900709
-91.484173
-96.534982
-83.171769
-82.098474
-96.880661
-78.139164
-121.583930
-90.699786
-108.102227
-102.719348
-91.671617
-109.734790
-97.720397
-89.564390
-102.836421
-70.509000
-85.294951
-63.618854
-50.565435
-66.626468
-40.923297
-57.248217
-51.398345
-43.118333
-58.093082
-45.803325
-49.818014
-61.865870
-33.049458
-71.474441
-47.964843
-67.789147
-69.867907
-65.705298
-81.454323
-79.672119
-66.890009
-106.714299
-70.152397
-106.237935
-88.936925
-104.047862
-114.613987
-102.623621
-101.836235
-112.452046
-74.923703
-109.500145
-78.352100
-101.322813
-104.251001
-96.137618
-114.206085
-99.965104
-89.507683
-104.036041
-71.144035
-99.713189
-84.977912
-88.634503
-117.734539
-93.972532
-118.112585
-112.873389
-107.794961
-130.250383
-107.121241
-107.660318
-119.308416
-92.346415
-127.744413
-89.710659
-107.255001
-111.776061
-96.096733
-108.997687
-109.177330
-99.500599
-133.878682
-97.053787
-134.617759
-110.575929
-114.073829
-116.733505
-106.443078
-104.641424
-113.859850
-89.554195
-122.404727
-82.273088
-102.652637
-90.811839
-88.125037
-108.871665
-94.765943
-85.883832
-106.583408
-76.159345
-103.198854
-85.891398
-89.136233
-110.290588
-87.443505
-103.315885
-91.114426
-89.329442
-110.127995
-96.035401
-108.724913
-114.875341
-91.325911
-129.496107
-104.868119
-128.841280
-130.079401
-124.856885
-133.584524
-132.147196
-125.419600
-151.964266
-115.961649
-152.847843
-126.752572
-133.272614
-139.046271
-117.968979
-116.446569
-119.439168
-96.235936
-134.410121
-88.867720
-108.209998
-88.427235
-72.339583
-82.952513
-74.366833
-77.871919
-97.247363
-72.006463
-103.408633
-84.310871
-86.496573
-95.396564
-72.558567
-95.452691
-92.313833
-79.548388
-92.867499
-66.084978
-80.663788
-79.872800
-58.837077
-87.128063
-45.959851
-57.541290
-52.432735
-46.372686
-60.929454
-50.987511
-45.846006
-72.239315
-38.565429
-85.293249
-55.505742
-68.180810
-77.920045
-67.999286
-73.778095
-95.880606
-71.671937
-100.489627
-66.341301
-102.693021
-98.748900
-94.657688
-107.121801
-97.316527
-96.648981
-125.077452
-98.664508
-123.731542
-93.666348
-100.106121
-108.133020
-90.987615
-95.083533
-83.385024
-75.430649
-97.648798
-77.081104
-92.612718
-83.231564
-77.093832
-118.733495
-88.149447
-104.080507
-100.401335
-94.736728
-107.158301
-99.870837
-101.490264
-125.212370
-90.663450
-126.528031
-101.785967
-110.589519
-108.016820
-98.656386
-107.938230
-111.889732
-91.574936
-126.107644
-86.730162
-119.136609
-102.503028
-105.020920
-118.478383
-115.443709
-112.532489
-130.217901
-102.434852
-125.605495
-92.030642
-100.522499
-105.828138
-94.525719
-112.198355
-108.921210
-123.306271
-145.079050
-121.044224
-139.362184
-136.649215
-135.453947
-163.091018
-132.330911
-147.076973
-141.301045
-138.578641
-153.195247
-141.416659
-134.257468
-143.557698
-119.041671
-149.868584
-120.233097
-144.542181
-146.921413
-141.870760
-144.975247
-144.811797
-126.201991
-151.448062
-106.231225
-133.546899
-113.444159
-125.661445
-130.194098
-122.434547
-122.915179
-139.536994
-111.162062
-139.936062
-111.466766
-126.401699
-120.510338
-112.235007
-119.860573
-112.297455
-107.495468
-118.244658
-98.317064
-131.150364
-128.037443
-125.610417
-142.992112
-117.681984
-133.672850
-120.208851
-118.551066
-130.386305
-117.985337
-114.039108
-125.296738
-98.443868
-124.055854
-95.269981
-116.108212
-113.592256
-116.881565
-111.139971
-117.111473
-104.600037
-124.320213
-84.907486
-108.659268
-91.416424
-102.897001
-93.365349
-77.144938
-68.574441
-76.905341
-51.749114
-73.223272
-47.610299
-67.304763
-58.794861
-50.976447
-52.822101
-48.024949
-47.385994
-66.222534
-54.355852
-75.145796
-58.881882
-64.668422
-78.646523
-65.728781
-88.007749
-80.036853
-79.983125
-90.394656
-72.784720
-71.598480
-75.449184
-61.150385
-90.178573
-64.215060
-87.648254
-83.319101
-87.649197
-90.482168
-95.939621
-90.619597
-106.618741
-76.805003
-103.302754
-79.235186
-94.458656
-91.921585
-100.437678
-101.296421
-106.191202
-97.923532
-120.644735
-94.160019
-113.559680
-90.995809
-87.850839
-90.760157
-96.190818
-96.412619
-107.668531
-91.011433
-103.528409
-90.747017
-104.000171
-115.700349
-106.647989
-122.310818
-122.264482
-121.166858
-122.096501
-118.950310
-128.503177
-129.815538
-120.801324
-140.237669
-117.584057
-132.375672
-119.765726
-125.494598
-120.962976
-118.411369
-104.169665
-120.036100
-97.011668
-120.929501
-92.422433
-99.214179
-82.868588
-79.657374
-77.500762
-84.841437
-64.666466
-90.002806
-66.294663
-90.703655
-78.238011
-89.941651
-95.421982
-98.052597
-99.155160
-111.756698
-93.466085
-96.687179
-63.297480
-74.640742
-75.393077
-65.022197
-81.494689
-68.242006
-63.815563
-64.163545
-51.064073
-62.077394
-71.116450
-65.090610
-81.086074
-61.827388
-77.225018
-63.079960
-66.139059
-66.774010
-60.454278
-53.571674
-63.150719
-48.688840
-82.603619
-58.055178
-74.946006
-52.711276
-45.144635
-41.774530
-50.484285
-36.687489
-62.369550
-36.323560
-62.044369
-42.386167
-56.129028
-59.021983
-58.712873
-62.038586
-69.492080
-53.497593
-73.119784
-52.764751
-68.609715
-64.973902
-55.956995
-70.830389
-66.121150
-64.897196
-71.518630
-63.780683
-77.000189
-67.262316
-59.315829
-80.931692
-56.174120
-76.953072
-60.292327
-57.767027
-65.662270
-56.202620
-51.771041
-62.671300
-44.165805
-67.139956
-32.664026
-54.636562
-52.956838
-51.688397
-54.666529
-54.257145
-36.053976
-57.124907
-31.921569
-59.885739
-30.743475
-41.111135
-36.674526
-31.630783
-34.990566
-43.733355
-19.300583
-47.571370
-18.325452
-27.047019
-25.685437
-18.977123
-27.666575
-12.752058
-15.890612
-23.350475
-3.923502
-20.768015
-3.645875
-0.178259
-12.665265
6.914284
-5.874464
6.866066
5.850980
0.086211
4.099330
-2.578745
-17.059699
1.464219
-28.696629
1.698831
-17.493874
-5.636370
-0.834247
-8.538015
-15.116866
-5.453208
-38.332229
-9.065294
-42.099295
-14.325600
-19.507388
-32.604648
-24.720897
-30.703821
-33.351560
-24.909727
-48.540158
-1.963102
-26.830238
-5.590441
-2.259349
-14.821077
0.152214
-7.701461
-19.328513
-5.980908
-33.364137
-18.595286
-19.633338
-33.871131
-13.744061
-38.398328
-27.941535
-19.580510
-31.095074
-24.591795
-31.222509
-39.880400
-16.281306
-44.961579
-17.095330
-35.235084
-21.861623
-33.334364
-42.405371
-45.379462
-35.345319
-63.018674
-26.105207
-55.314225
-34.634959
-44.485320
-42.099260
-38.126428
-41.990284
-54.298060
-44.813746
-72.557154
-45.670732
-71.760844
-48.237040
-46.529002
-55.159355
-49.200155
-51.365374
-62.577143
-34.114843
-59.138418
-32.709371
-38.224441
-43.598643
-18.559479
-41.294448
-20.736342
-22.283655
-35.863299
-16.696871
-36.269669
-31.937321
-20.852685
-62.449998
-34.553491
-61.048010
-52.817782
-49.448566
-57.943396
-43.409044
-28.376574
-42.981046
-7.562532
-35.235637
0.609409
-8.459429
0.341284
13.158493
8.049672
6.928812
26.341526
-6.327419
33.048260
-0.180422
16.668018
15.606287
7.749957
28.598164
21.637533
15.918084
43.634511
17.904533
35.682104
14.403629
3.388867
25.354612
-1.107412
19.239103
23.056536
21.016685
40.262652
28.855715
31.120854
38.631666
8.906107
43.655873
19.818369
29.711084
35.761295
34.990690
41.574762
44.580034
23.137702
54.716528
18.021950
52.353352
28.706650
25.259369
33.019190
17.287368
10.459192
33.243623
7.459146
45.000047
14.813361
41.049598
41.339009
34.984679
54.421940
54.592596
48.041162
71.076009
41.087143
72.290440
59.633828
48.669125
56.633842
31.762090
57.419876
52.609465
39.661725
52.192513
26.252119
39.696226
53.118601
25.983637
62.786298
39.702840
62.666262
67.107674
59.150076
72.255276
79.908201
72.374222
110.295410
73.281635
107.087627
91.570335
101.118513
104.099943
96.813136
100.788644
114.831489
81.428756
112.915345
78.081385
100.583395
90.971213
85.163479
99.143559
93.777315
80.877062
97.093530
68.164337
98.538002
77.803305
75.504721
89.340657
63.086408
76.467904
77.856526
65.304747
83.565495
65.179878
78.991294
87.638344
69.305403
95.071666
75.706765
94.084697
91.345288
87.467383
101.081220
96.870142
80.457897
104.157521
68.836763
103.331404
79.026607
87.579226
92.450207
81.084609
84.748295
92.802526
65.372863
99.771143
67.372222
98.058802
76.241278
74.898627
93.212279
84.375452
76.737811
93.304037
60.132218
88.821961
58.186137
56.956449
62.481305
41.337798
53.735580
48.483498
44.121252
63.721480
43.899603
57.092039
59.199700
34.254255
55.294345
33.152576
53.939560
52.398419
38.730332
50.130938
35.085136
26.369811
45.799852
20.556128
59.984956
26.271468
44.084349
48.633765
39.897569
48.478172
48.065142
33.387159
65.001899
16.447471
35.602983
16.204553
17.855569
23.030751
15.819671
16.054760
32.523972
7.813285
47.352701
28.785871
37.412675
30.484339
16.771339
29.681925
18.715447
10.773817
24.437227
-0.587436
17.880119
8.468591
8.727199
28.993809
0.377109
18.591245
10.568453
2.864606
11.603032
-0.102273
-4.617643
3.089723
-26.354112
3.467401
-33.208818
-30.997725
-38.534363
-36.157801
-25.720859
-17.881764
-34.653813
-7.690717
-40.233510
-0.304069
-17.519130
-8.290712
1.994028
-7.453184
-7.896239
8.315526
-17.810014
12.593153
-15.615055
11.211262
9.617096
-0.380552
6.446803
-4.402973
-15.750296
-10.004900
-32.673684
-10.488008
-26.653159
-30.783306
-12.855683
-32.938718
-16.149283
-31.416777
-38.520359
-32.403689
-52.447512
-56.192428
-53.683709
-78.090395
-55.318384
-89.055475
-67.305561
-71.186576
-69.192224
-67.069575
-72.177487
-82.940323
-54.201373
-87.835846
-54.093773
-76.460396
-78.378006
-77.592218
-86.249486
-88.312100
-81.288031
-105.923173
-71.391997
-93.626946
-70.189948
-78.037100
-83.216558
-78.743450
-89.290994
-82.115076
-61.367307
-77.940094
-50.767432
-68.626449
-65.914079
-54.714666
-72.484697
-47.030035
-51.132908
-55.887072
-47.190052
-68.308770
-58.172945
-54.666268
-75.113319
-41.081943
-71.767828
-54.194269
-56.949889
-55.021731
-39.237165
-46.363279
-52.871088
-25.119116
-57.403800
-16.983000
-39.012215
-24.824912
-17.441648
-27.693114
-32.075874
-23.046843
-51.686211
-28.769596
-69.438528
-44.822549
-54.382959
-60.960554
-49.378920
-62.829575
-66.990513
-54.102568
-86.878666
-61.196332
-78.944371
-73.798654
-59.756440
-76.024366
-50.967805
-55.055263
-52.074545
-37.216136
-60.451264
-51.269265
-41.022461
-60.271913
-33.781564
-68.766883
-48.766557
-50.027676
-52.188957
-39.048943
-56.491066
-69.178734
-45.854652
-84.413764
-53.574659
-84.156855
-69.311164
-67.652233
-80.183661
-74.312647
-67.510877
-94.139044
-57.581853
-86.385540
-54.860046
-59.450806
-56.258438
-35.683262
-39.410571
-34.187128
-13.498566
-44.650799
-15.989509
-37.986908
-22.217842
-15.460245
-36.020334
-18.489096
-30.062498
-39.015407
-24.517103
-52.419491
-38.250386
-40.762277
-62.597322
-41.983121
-82.532420
-63.976331
-70.533001
-78.619140
-64.430360
-67.017452
-71.582888
-51.730920
-80.738400
-35.912796
-63.417676
-46.520379
-43.687667
-57.325133
-51.948614
-42.885934
-63.883111
-37.896228
-79.211251
-44.898885
-64.407708
-70.375523
-56.579561
-71.145074
-76.424003
-59.545998
-92.341049
-52.837436
-77.876775
-53.780820
-46.755474
-63.797668
-38.263652
-48.561090
-55.356738
-29.179851
-59.530605
-42.935159
-47.167849
-61.629516
-29.268539
-63.467265
-43.000888
-46.703227
-52.610824
-35.915072
-52.860824
-54.646611
-32.655388
-64.644680
-19.268039
-50.131560
-36.768811
-33.500202
-51.193923
-38.898035
-35.555353
-59.109436
-27.665276
-65.607045
-32.746343
-52.097538
-56.336274
-44.377601
-50.381328
-50.564356
-28.659942
-59.197265
-29.315435
-58.309285
-45.092660
-44.645824
-59.600506
-45.670455
-54.714684
-62.118462
-42.332118
-74.822954
-46.549238
-52.223619
-64.793827
-45.812164
-74.832781
-51.751639
-54.848195
-59.855194
-40.748945
-54.773481
-51.941259
-38.578129
-78.021582
-45.154782
-78.206819
-65.931019
-65.468536
-78.499748
-75.838230
-76.602596
-100.474404
-62.619711
-102.612615
-70.826195
-91.056004
-83.424094
-67.075549
-74.620230
-72.333244
-51.581472
-91.036779
-54.583979
-79.734345
-59.561968
-54.691135
-61.713810
-41.451219
-47.718963
-46.490082
-21.177347
-42.416204
-7.037940
-10.936953
-10.166015
21.885029
-0.914220
18.668914
3.340261
-10.809390
4.923916
-16.748559
-17.240234
-8.815046
-47.941134
-13.855315
-39.065985
-22.621085
-11.885401
-8.493279
8.348345
4.741719
-9.748954
21.191403
-20.356654
19.340617
5.534052
21.153310
32.861679
23.276226
25.285720
34.936182
8.363802
40.530215
7.488149
29.210966
32.038266
22.924361
43.635376
36.137789
22.760461
43.369863
11.379930
34.728540
11.155831
8.790601
27.606548
6.591025
21.286796
12.505566
5.803557
18.395602
-2.326986
10.192144
17.932033
-6.033600
26.502495
-4.385210
13.636943
8.831403
-1.277587
1.091601
-5.886623
-20.503250
7.151974
-27.245922
5.231884
-20.572201
-17.312036
-15.126232
-25.147454
-24.846473
-23.519419
-54.791088
-19.790156
-60.214566
-36.434765
-45.699386
-53.039652
-42.880997
-42.191196
-41.717112
-32.429778
-53.514916
-20.905029
-41.522132
-37.902497
-25.286812
-47.727808
-30.584194
-35.372504
-46.342934
-27.979615
-49.138447
-43.456903
-39.127306
-61.152224
-25.092676
-53.893576
-36.832990
-43.901950
-50.490261
-32.732452
-31.813444
-44.198838
-19.957034
-54.474063
-21.737705
-46.282576
-32.621914
-28.450926
-28.387857
-22.968994
-18.555471
-51.448885
-19.697884
-61.735287
-40.285705
-53.352815
-60.156362
-52.843698
-57.326973
-59.463692
-38.408360
-62.938380
-31.384912
-47.844436
-35.197828
-24.356380
-43.963422
-34.843927
-42.570747
-44.775779
-27.534726
-47.458715
-30.651401
-33.544650
-55.021011
-30.225063
-62.756623
-43.169108
-47.839657
-62.414521
-52.919019
-55.375194
-63.718407
-44.835667
-69.790428
-39.214138
-68.325294
-48.772583
-48.642741
-48.605466
-46.773454
-34.815632
-48.802107
-9.442948
-39.914593
-9.407894
-19.317372
-17.665026
-9.347308
-18.089291
-15.431655
0.419758
-24.765805
5.179854
-11.075073
10.390534
6.398737
-8.721202
2.508266
-7.483299
-9.621233
2.171265
-14.292878
0.289330
-2.369163
-8.278476
11.807271
-8.311348
1.722542
-12.097528
-11.312034
-5.658562
-13.799192
-12.481512
9.897767
-12.180756
12.669040
-20.915648
-2.496809
-15.327584
-20.018331
-22.865012
-20.479420
-37.200900
-7.053925
-41.362948
-19.505632
-39.353945
-34.917135
-36.878924
-41.818553
-41.671312
-27.525972
-54.077562
-29.275690
-49.254278
-33.434060
-32.900951
-43.029232
-35.458138
-40.589375
-50.018631
-37.292155
-53.170719
-45.729797
-53.996217
-58.490993
-49.915824
-65.536604
-49.271277
-62.775734
-69.953703
-72.198599
-76.852033
-78.456767
-72.869702
-90.567007
-61.315482
-80.731247
-59.435878
-68.938755
-57.082338
-51.747185
-44.582859
-64.176187
-45.332465
-71.437514
-38.568999
-58.836751
-45.005927
-47.809408
-42.758523
-35.325593
-28.763419
-53.393712
-21.329396
-38.119039
-15.154468
-27.216262
-31.269850
-29.761437
-34.087355
-31.806849
-26.822600
-45.828985
-28.572214
-29.180263
-24.963400
-21.544752
-34.474581
-18.767774
-29.205034
-30.456497
-30.345125
-40.066241
-35.440039
-35.345768
-50.386007
-36.748647
-74.032220
-48.586977
-59.835834
-54.543960
-55.928993
-52.471835
-54.153649
-34.550026
-55.270618
-29.209001
-58.611854
-42.788491
-54.604600
-51.144665
-55.349070
-47.917657
-62.383154
-41.618852
-66.928321
-43.688492
-58.264492
-61.338703
-58.954822
-60.574274
-62.872980
-48.042409
-68.965562
-66.174006
-79.576445
-83.986041
-88.704863
-105.809985
-93.634258
-99.214131
-101.478075
-95.218374
-99.334655
-93.495695
-95.770740
-110.456637
-88.167326
-109.546774
-93.060343
-106.315444
-106.434055
-99.500815
-93.380731
-102.387637
-88.781819
-113.564737
-87.415340
-107.356556
-88.049155
-94.213588
-90.053173
-81.201629
-67.953802
-82.459946
-60.507546
-89.827499
-65.744055
-80.478651
-74.829583
-69.067706
-69.485222
-70.494623
-58.448114
-78.388598
-63.091286
-84.478556
-73.098245
-60.673879
-69.213813
-54.651949
-60.420226
-51.580164
-35.862544
-43.698991
-32.571091
-30.502698
-33.787703
-17.723103
-42.347792
-21.652616
-35.060318
-31.902155
-30.624783
-32.869944
-35.606640
-27.503396
-58.342473
-32.827407
-63.727251
-51.257416
-66.789414
-78.368408
-78.409649
-82.002311
-103.645811
-77.809908
-107.250906
-76.307562
-96.535292
-90.477198
-86.547600
-88.355472
-77.273945
-63.898796
-83.303185
-60.330953
-73.186575
-52.477008
-51.001649
-56.994123
-39.546523
-44.197496
-36.109661
-25.054749
-45.882277
-31.859078
-35.720843
-47.595391
-25.981211
-51.274721
-29.366335
-34.913566
-31.035076
-30.915857
-42.101835
-47.412380
-41.467010
-63.680017
-28.377574
-55.391793
-32.725134
-31.182081
-25.493583
-16.999111
-15.101419
-25.677363
-3.078488
-34.817746
0.740867
-16.148681
5.552915
15.135785
6.192609
5.285248
16.695292
-0.023872
27.869679
7.863969
27.719416
24.577311
15.145427
33.424480
20.065992
21.324258
30.060620
11.596756
26.919839
16.397975
10.716283
24.869026
0.226575
19.059446
2.433872
6.330289
10.995053
-3.111706
5.137800
9.688262
-24.598147
7.510083
-19.971292
-3.246675
-11.695100
-12.494904
-14.749863
-13.569390
-29.790341
-3.921493
-29.944671
4.745877
-15.550843
-2.235824
-0.545777
-18.405560
-22.919773
-19.753365
-38.242176
-10.013428
-44.059803
-24.729514
-32.114854
-44.151980
-35.203805
-49.041547
-46.534235
-35.398065
-58.509368
-40.606448
-57.808365
-59.835648
-46.153106
-62.916521
-46.311369
-64.251974
-65.759930
-54.970851
-68.894751
-62.594017
-54.721067
-86.444621
-61.934283
-97.082276
-71.399715
-77.762701
-76.175477
-71.162111
-75.981854
-85.999400
-62.037573
-94.275148
-61.977382
-87.988580
-74.339628
-73.371683
-84.243095
-84.020883
-80.929362
-113.980130
-88.706978
-120.671977
-93.908526
-100.256348
-103.260608
-91.139048
-105.268809
-101.308079
-100.350534
-128.691650
-106.982600
-136.562877
-137.404315
-119.047558
-138.782246
-115.206977
-130.286612
-128.143987
-107.085625
-118.880148
-104.476757
-91.469124
-110.118772
-88.090145
-124.291254
-102.737885
-117.189503
-122.924885
-115.935554
-123.409689
-136.900337
-118.154734
-152.869962
-109.856174
-139.291704
-118.886081
-116.281108
-115.981714
-104.828334
-98.095959
-112.404879
-84.980626
-119.099009
-91.962808
-111.747234
-116.166119
-108.205291
-128.284752
-124.841434
-109.191231
-131.824187
-105.271908
-123.988288
-109.992584
-100.066128
-119.114454
-98.035060
-111.279586
-107.772537
-89.957440
-101.934307
-80.298566
-72.305086
-84.158426
-54.377941
-91.982049
-72.231382
-81.562042
-80.529071
-72.859091
-85.903258
-92.453520
-75.208418
-118.309452
-81.752443
-112.906052
-91.144706
-89.585734
-98.788700
-89.245212
-83.969784
-99.143170
-67.985531
-99.707020
-61.893236
-77.706810
-83.203053
-67.440678
-77.494394
-77.359437
-68.128147
-86.507629
-53.402313
-72.687960
-55.872743
-54.674188
-66.646978
-44.143712
-63.630776
-61.233988
-45.953761
-69.548754
-56.573192
-57.199284
-63.170776
-33.673062
-71.768675
-43.820700
-56.685162
-54.742969
-35.666608
-44.378755
-41.015070
-33.833454
-71.936758
-34.222069
-68.595780
-50.857129
-57.479969
-69.651735
-68.252216
-58.851167
-68.755336
-34.156458
-75.003571
-45.030216
-70.655288
-70.235711
-61.700691
-76.236667
-69.522434
-60.399264
-88.172475
-58.964051
-78.383336
-49.476005
-40.225327
-56.434360
-36.878254
-44.095660
-40.439718
-34.393151
-57.867839
-37.610158
-56.112973
-70.994394
-48.784225
-74.644714
-38.884838
-51.570435
-51.727164
-36.537713
-45.311126
-38.474241
-20.887901
-41.858023
2.600123
-25.458946
7.880130
10.574896
11.071448
26.808350
26.399665
18.714225
52.686468
23.840334
63.976097
42.618293
50.117787
61.186062
52.527430
60.569453
67.882280
43.122874
67.700339
38.457211
57.208038
50.647195
40.852192
53.918787
32.756652
37.282544
56.356070
24.346862
35.757024
22.332043
8.383596
20.935533
-12.149187
16.345840
4.409862
-8.812604
-9.809573
-36.470202
-34.735970
-32.554519
-68.553780
-36.465049
-70.321656
-41.279131
-50.372243
-54.727196
-55.643216
-64.663809
-75.816053
-51.074945
-94.483551
-58.357075
-80.581667
-75.586465
-76.506525
-90.910315
-88.374148
-85.167707
-111.784472
-86.117406
-124.852317
-96.529155
-98.323231
-99.579893
-80.270004
-96.041358
-89.581975
-81.765934
-95.967457
-77.923667
-98.758041
-103.845791
-91.005027
-108.662064
-79.631241
-101.019350
-96.923729
-82.219282
-98.834686
-83.168669
-77.192706
-103.731702
-67.303460
-102.167886
-84.336582
-105.719556
-113.987709
-104.955478
-124.438961
-137.893527
-118.982673
-155.677403
-117.297453
-144.155037
-121.292292
-125.431425
-134.272709
-122.330256
-107.874032
-123.664942
-89.727459
-129.226391
-109.319561
-121.336858
-123.324583
-102.556207
-115.559245
-100.756722
-103.283066
-131.213537
-107.313993
-132.367036
-117.145202
-104.047859
-127.408802
-103.344843
-121.808808
-116.696573
-106.545667
-120.028167
-102.482797
-95.901167
-116.066711
-78.290813
-104.084684
-72.880620
-85.916278
-94.683471
-91.535766
-100.108729
-107.273645
-92.955537
-124.636376
-83.280709
-114.415537
-98.773591
-93.460705
-98.423658
-92.001323
-83.627940
-100.668775
-61.430809
-98.741249
-63.622233
-81.153775
-83.048618
-65.699557
-82.560769
-76.042433
-69.801359
-82.591927
-59.507620
-81.213328
-69.629126
-61.157848
-79.114050
-56.204094
-70.070007
-61.675706
-49.791015
-73.207495
-64.394053
-59.065510
-76.895235
-47.591763
-65.060189
-25.443939
-32.751540
-26.584969
-5.487723
-6.141624
-6.615185
6.320895
-28.429258
4.024307
-32.714182
-14.350647
-18.724285
-28.667598
-20.560260
-12.660958
-26.209235
5.359586
-32.097591
-2.324658
-18.413973
-7.321815
3.321183
-3.907046
4.585530
7.211236
-12.305693
8.008304
-17.593063
-5.128493
-16.013103
-31.949013
-8.590792
-20.954187
-14.970760
-2.861138
-20.230747
-0.588379
-12.140495
-19.254423
12.530026
-16.895042
5.496237
-11.672085
-8.992429
5.652260
-7.618327
-11.305167
-3.447436
-30.745729
7.357632
-35.123615
-9.741057
-16.998138
-34.978898
-25.726545
-21.268632
-30.679483
-7.972226
-38.922850
-13.535589
-40.636241
-35.496160
-29.482182
-33.306585
-35.519555
-34.104341
-43.222747
-12.343789
-43.528906
-13.339819
-16.708614
-27.263402
2.881911
-9.220957
8.136122
18.791495
-4.515225
14.822143
3.939736
17.827854
42.240838
16.608088
52.215648
32.913226
36.806663
50.101701
49.358082
64.183558
79.816721
58.388822
92.357035
50.752709
72.624281
56.169934
52.048929
56.062394
51.481893
40.714915
54.656883
14.068418
52.205315
31.128800
41.361886
44.938335
31.614048
37.625212
37.285207
24.768715
44.179862
18.201690
43.950005
32.883280
22.658212
35.097356
18.159740
18.639302
29.588067
6.655613
19.888067
17.373771
23.046448
42.710378
19.341975
40.529632
13.807224
13.886795
23.989543
15.229239
27.124237
31.808381
11.221149
42.418594
5.191346
37.452962
29.068472
33.081438
42.750696
50.266298
59.614880
84.453428
44.015864
85.046350
53.930442
59.807381
62.609811
62.900336
79.741566
85.848689
80.669904
111.313756
73.007746
97.852678
87.315952
89.598870
98.042034
75.878675
87.157777
86.017545
70.474241
100.155353
95.341280
103.720319
116.979887
88.163183
113.750360
96.526109
101.309659
110.399841
92.941131
99.963409
99.075425
84.903657
114.617030
81.415779
111.924387
94.569072
102.306943
113.649591
102.250468
93.197097
118.322060
84.111821
116.566852
82.860288
105.356553
109.426095
97.688525
100.445421
104.051953
88.261823
113.698638
83.469775
110.659082
95.715252
100.685603
116.239304
108.459566
110.409324
114.629470
99.155504
121.825966
101.955764
104.845231
107.923440
83.136754
102.035748
88.132226
88.857236
82.940765
63.425761
72.075843
74.935944
61.839369
80.051581
27.211248
50.115596
33.393008
34.425933
39.928344
26.146609
23.931217
38.708649
8.648081
44.890884
15.937049
25.544950
8.476775
0.383135
-3.219926
-4.153187
-11.112566
13.015092
-14.894475
10.377627
-15.031144
-19.751838
-18.917593
-29.988629
-20.138986
-25.944221
-47.795902
-30.409046
-61.279117
-57.202712
-62.438037
-83.207491
-61.340338
-78.746566
-71.331917
-62.147402
-80.004725
-69.434320
-72.155842
-82.660866
-64.092725
-99.591674
-74.129456
-88.653914
-79.314687
-67.395501
-80.790474
-82.987291
-66.398002
-97.943140
-54.361626
-73.623179
-44.618793
-60.554133
-56.367836
-54.311797
-54.678211
-68.137829
-47.258502
-86.636926
-64.492263
-78.851892
-69.065923
-68.407646
-77.983634
-70.218906
-64.672266
-70.983918
-41.149980
-54.335754
-45.370182
-51.108436
-59.956228
-38.652902
-53.858774
-46.347092
-33.821216
-52.661177
-37.138423
-42.638364
-50.784498
-27.501787
-60.120196
-34.000591
-55.382813
-43.763858
-37.718474
-45.418360
-46.404546
-30.785573
-50.823374
-13.685097
-43.454355
-13.838217
-26.772054
-32.653466
-30.193074
-31.518375
-43.356359
-14.507196
-42.764746
-7.848428
-28.944707
-24.664505
-14.563110
-14.705329
-4.471475
-0.643015
-8.567961
14.674599
-8.118395
19.992183
11.428331
1.290832
17.722361
-1.685202
10.526922
6.460387
-14.616032
4.085236
-10.913910
-14.725002
-4.174722
-33.149895
-4.040189
-24.024556
-12.383293
-7.294578
-9.334249
-3.449144
1.589584
-19.007954
3.064464
-32.082948
-3.369200
-22.817250
-32.632332
-21.316923
-33.138010
-27.544412
-10.891630
-40.112376
-6.733916
-32.632398
-12.538698
-12.140366
-26.226177
-27.226643
-35.307813
-56.392442
-27.390558
-48.637151
-33.588526
-54.142852
-53.503459
-29.500707
-40.888267
-35.682829
-34.891749
-52.581695
-44.185869
-58.483885
-60.418654
-45.758239
-67.483876
-31.155013
-56.942976
-52.131155
-45.944209
-63.343674
-54.639898
-48.114139
-67.014902
-38.114070
-70.965350
-41.070545
-56.705648
-58.746273
-56.897724
-62.522918
-69.042815
-57.129475
-84.517446
-54.166184
-88.000278
-71.765351
-80.210067
-93.033155
-95.499816
-101.336326
-116.654032
-96.315010
-125.672135
-96.750064
-111.432565
-111.194256
-93.452536
-97.054425
-86.631136
-85.996228
-97.893191
-68.995299
-90.150907
-90.035411
-83.290209
-106.384009
-85.528337
-110.769028
-100.204024
-97.220530
-110.896485
-105.835881
-113.888272
-128.793332
-104.576648
-137.577737
-107.453043
-118.544523
-117.891544
-111.283100
-113.304783
-118.932678
-106.529167
-140.648011
-100.989939
-133.473019
-113.169651
-112.536137
-112.356386
-105.728740
-102.232352
-116.767633
-93.277752
-124.101525
-93.908547
-110.080071
-104.484332
-96.221505
-117.811476
-103.143798
-94.840119
-106.455797
-76.852793
-94.095199
-81.454901
-71.160578
-93.549640
-83.857021
-101.747132
-91.669042
-85.055063
-92.293088
-81.116722
-83.390569
-90.039691
-64.285318
-88.595102
-58.743374
-84.265940
-87.671548
-85.534025
-93.477226
-96.309062
-79.382532
-104.384397
-67.967224
-104.148633
-95.358317
-109.056291
-115.347371
-108.389551
-117.747014
-133.698270
-110.862500
-142.940327
-108.443189
-125.974214
-123.357698
-117.730238
-122.968602
-105.840086
-95.498040
-110.329957
-88.260722
-110.924923
-104.120901
-100.904813
-110.331491
-91.239118
-103.148683
-92.509734
-88.117131
-99.890613
-82.648332
-93.704249
-105.634991
-71.731613
-96.743200
-56.494322
-70.275686
-59.487995
-45.871860
-57.483913
-56.453000
-46.896305
-79.284145
-53.503731
-97.155557
-74.736200
-81.346607
-86.464848
-75.358573
-75.948405
-83.444890
-61.709519
-108.957583
-84.131389
-102.130250
-85.146281
-69.309749
-78.181272
-73.517908
-77.377196
-104.392333
-82.985791
-118.442755
-104.976507
-100.884966
-116.742477
-97.734312
-115.097920
-99.384225
-87.163089
-104.498867
-90.282012
-96.320274
-96.778626
-77.702911
-111.682781
-84.501773
-104.899879
-96.639945
-91.461932
-90.294180
-83.786281
-76.694983
-96.693940
-55.826518
-94.139470
-74.789371
-84.360627
-91.680132
-85.941155
-98.627443
-109.258639
-81.364343
-114.826811
-80.928956
-113.959008
-104.804088
-107.047221
-115.390891
-107.499902
-96.404017
-110.974554
-82.453450
-99.370683
-72.760624
-78.488743
-76.503605
-55.991457
-67.387396
-55.692593
-52.527254
-64.092745
-55.419432
-75.729293
-80.369821
-68.889530
-95.878023
-69.981395
-91.253510
-86.325297
-79.724632
-91.754491
-90.287019
-84.704644
-101.307290
-75.030524
-110.250399
-67.137674
-80.011819
-83.357990
-79.140414
-92.473814
-103.362915
-89.675252
-126.708119
-91.134859
-117.709255
-104.003084
-106.280367
-124.059448
-116.151222
-108.330269
-122.258416
-95.018305
-126.698810
-109.563689
-113.964335
-131.007202
-125.301764
-153.230708
-156.348666
-153.333891
-172.681077
-153.146069
-170.669485
-175.590547
-161.780663
-188.424143
-165.861906
-187.411225
-181.983876
-176.007236
-193.122628
-184.595665
-182.329844
-207.571347
-177.801520
-222.828285
-202.253336
-223.776035
-219.684047
-206.005809
-216.780138
-231.691067
-212.021563
-247.133565
-213.022353
-248.713895
-240.885890
-243.072127
-252.197178
-242.612177
-237.778384
-252.482751
-219.690138
-247.749956
-218.204636
-223.883899
-229.695855
-205.190326
-220.580445
-213.332990
-196.945196
-218.845119
-193.296323
-206.712950
-203.145972
-191.076953
-209.599075
-185.644032
-210.762608
-206.192359
-194.026125
-207.187446
-201.811854
-203.434207
-225.660299
-196.937586
-229.864493
-191.304897
-205.454010
-200.509953
-192.473668
-194.161994
-188.559107
-169.467514
-188.263627
-152.307436
-181.240451
-154.331008
-148.689450
-146.099887
-134.411624
-134.168867
-150.465720
-118.064195
-147.871879
-115.515860
-134.820875
-130.946402
-116.646077
-144.208869
-142.874138
-145.395895
-163.670663
-133.168996
-150.809088
-134.818655
-128.698844
-147.936858
-123.671676
-155.888691
-147.592952
-136.940125
-143.956157
-126.255233
-129.328967
-127.141267
-97.460756
-126.266112
-88.049322
-111.569667
-111.457539
-93.038385
-82.465234
-75.475645
-57.694163
-84.642113
-46.395559
-83.298181
-66.103837
-67.004281
-73.338982
-68.951838
-68.791022
-89.000666
-61.264177
-103.801691
-70.452153
-90.483556
-87.423665
-73.181512
-90.984718
-84.471938
-87.289722
-108.031830
-81.346683
-114.809428
-99.505035
-87.848357
-106.187609
-81.607907
-95.980132
-79.270561
-56.636101
-67.083405
-40.523287
-41.146410
-54.253617
-21.690921
-51.084686
-19.897174
-27.048879
-22.075095
-10.386112
-23.638334
-26.979246
-9.912850
-47.250560
-11.823092
-45.013198
-15.493599
-26.103415
-36.134731
-27.847053
-22.338365
-31.332625
-5.609442
-40.659139
-8.789321
-24.119080
-21.210717
-13.961528
-24.879154
-14.392919
-6.943542
-26.408400
6.194948
-30.202972
-22.758033
-28.221376
-40.601446
-17.822894
-40.949572
-27.521325
-27.744486
-53.339890
-40.696040
-53.174030
-59.953851
-38.486759
-76.860927
-51.713670
-70.885250
-62.313104
-48.998247
-52.218009
-52.936439
-39.706120
-57.731500
-8.823820
-37.860978
-4.368513
-14.634438
-17.940605
2.662687
10.082848
1.852079
32.815597
-8.494366
27.900412
1.395269
11.312751
18.100211
3.486651
13.055179
12.993283
-1.564988
25.456342
-3.469407
13.355140
11.779031
3.048872
31.230965
15.467483
28.243927
35.658431
22.037501
47.040149
32.747133
25.479280
41.482163
9.138708
39.960465
27.856349
32.054329
45.912198
38.768313
42.939564
49.017658
22.175205
61.351294
23.365165
47.464033
28.530824
22.647054
28.240991
26.879608
31.617901
56.483196
21.179996
51.004425
16.157838
30.055002
37.046572
31.737333
41.506199
45.092111
25.602031
54.544173
23.010895
44.929137
39.383948
36.202702
59.663137
43.581084
55.243849
73.126183
58.250278
85.681687
65.618669
65.502988
76.670869
58.521169
90.551687
67.089490
75.768219
82.511369
65.669066
71.887158
75.620465
43.258767
69.618977
25.239329
52.899243
40.983877
36.107846
47.355814
32.904349
24.142272
49.961078
17.636991
60.696518
35.241802
47.933160
49.023915
39.442060
46.687095
47.387023
35.096209
63.859368
25.857695
51.743422
44.099664
44.400726
66.238051
57.340427
68.235748
88.537917
73.411237
92.399803
78.318578
83.007262
89.251428
60.642375
86.560386
61.054917
64.868317
72.837216
49.964320
63.998545
67.598304
37.543651
62.626576
17.727532
41.365514
24.272440
26.931033
42.781016
39.675503
37.677088
57.337453
26.027834
56.026956
17.951640
38.349174
31.799863
18.801458
23.579610
27.179106
13.284766
41.649689
11.573896
48.581428
34.944130
31.108139
38.608612
21.107381
30.676784
35.056817
15.593208
35.560396
2.909875
6.949092
14.985952
-12.500179
16.258400
-7.368766
1.497654
14.790388
-3.115295
4.938426
-2.504344
-18.435318
5.709778
-34.362156
-8.904651
-34.579145
-34.537996
-22.273411
-31.796556
-39.420323
-30.892059
-63.994913
-22.733094
-54.607525
-28.243167
-28.105827
-36.497973
-28.211735
-30.627876
-46.464709
-21.488512
-60.093504
-28.252303
-49.250918
-50.708949
-45.979596
-58.819145
-54.926909
-52.265311
-68.250656
-31.581268
-61.872120
-54.152514
-57.195790
-75.137667
-48.192186
-66.254235
-53.954420
-44.495714
-59.332822
-45.431889
-52.612808
-56.660827
-26.080113
-56.049211
-15.151454
-27.252454
-18.460446
-5.846787
-13.383597
-9.139168
11.197865
-8.886871
33.738080
4.014159
21.268203
5.302804
-8.532723
-3.806789
-15.556219
-34.542012
-11.984278
-53.257809
-23.210022
-53.104235
-42.415936
-33.090333
-48.070943
-36.971671
-41.211879
-59.545695
-28.506229
-55.275074
-40.465885
-35.171870
-39.011830
-11.082619
-31.681535
-27.066620
-16.568743
-33.098944
-11.314076
-8.784067
-19.971585
4.865368
-27.834759
-6.442698
-34.973977
-31.007732
-21.066025
-35.827290
-36.575855
-23.886954
-43.982648
-3.709775
-32.072393
-7.933913
-24.371219
-31.018065
-21.343240
-25.763725
-36.759599
-8.249114
-47.261662
-5.551951
-30.750418
-22.414661
-12.622867
-29.756273
-28.674174
-18.154877
-34.331474
-5.000540
-33.958015
-7.400043
-8.611429
-16.884058
6.054030
-13.200162
-3.110148
3.687729
-14.424441
10.311364
-1.624251
-0.291558
20.382040
-17.580111
5.540236
-19.169292
-19.544576
-19.624567
-33.028993
-25.547496
-25.171728
-58.388507
-34.071049
-68.996190
-47.218921
-64.411805
-59.092928
-48.155378
-51.442441
-55.106698
-25.778826
-54.543148
-22.687385
-55.138155
-45.410934
-41.786661
-55.603309
-52.275520
-60.288701
-78.186639
-40.353977
-71.126880
-43.314511
-62.788199
-75.051701
-61.076670
-89.100672
-85.313709
-83.236564
-100.044221
-78.855673
-87.838673
-81.090013
-67.298443
-87.893842
-60.711369
-87.960858
-83.916898
-80.411935
-96.756737
-85.284069
-87.422037
-107.812923
-75.191626
-119.032813
-96.508281
-104.585393
-102.201350
-90.560686
-95.411156
-100.268205
-85.788333
-116.408325
-80.956561
-106.027891
-80.623956
-83.666548
-97.398483
-88.849516
-95.203032
-114.828838
-82.742611
-111.754551
-82.004787
-96.372178
-93.766936
-78.519712
-95.334615
-82.684697
-82.204061
-105.894028
-78.404799
-96.971164
-86.386174
-76.708282
-101.339730
-80.094181
-113.954649
-113.015330
-103.716542
-116.988402
-104.826936
-103.603927
-132.936991
-103.530642
-144.431804
-120.386606
-136.160170
-133.874965
-119.031218
-128.871933
-135.154918
-115.886596
-149.702579
-117.792798
-157.269921
-146.889463
-152.710024
-154.970720
-146.844132
-147.013673
-158.122041
-133.971589
-153.660800
-109.366516
-117.094990
-115.210276
-96.799823
-108.346317
-99.115242
-93.006102
-108.990380
-69.022471
-86.142004
-70.763192
-56.959186
-70.468669
-36.519893
-54.202834
-51.394490
-40.564315
-45.766253
-30.489722
-31.319592
-43.280743
-9.847829
-38.185433
-8.217566
-22.630952
-24.352302
-23.574249
-25.779263
-24.549750
2.916404
-20.351916
15.284086
-20.143080
6.567198
3.380703
2.852424
20.473709
17.428165
9.750026
38.937656
6.510868
42.738149
26.048368
35.346045
39.761768
27.701885
31.536466
35.034282
17.608051
42.407660
8.107941
21.231824
23.721319
6.368650
26.194194
-0.000900
7.099757
9.018954
7.733931
33.847182
34.033199
23.877948
47.684536
18.768264
49.365571
35.962357
43.120699
46.469578
33.298823
39.506571
52.404718
18.634226
50.369787
14.710646
36.620588
38.178529
38.979330
37.313060
34.629436
18.300506
32.746978
-10.472338
17.289950
-6.869205
-0.600748
2.991005
-8.962939
-6.600534
-9.248176
-31.818924
-6.604039
-34.038244
-25.077416
-24.921263
-33.638419
-13.472180
-34.184098
-32.083377
-36.932004
-52.261812
-32.995946
-42.351552
-41.111819
-21.110732
-50.273270
-16.255556
-31.120900
-25.424837
-22.991816
-30.745405
-33.311598
-25.402636
-49.729135
-13.779613
-47.880682
-32.170031
-44.601904
-38.861807
-28.882656
-21.754592
-24.709837
0.544096
-32.795426
0.064791
-28.004798
-20.201467
-17.976385
-26.385943
-16.246821
-13.327290
-25.013359
-0.937018
-36.008679
-17.449732
-28.075629
-42.793031
-26.811753
-46.797134
-36.163213
-29.840051
-45.728811
-27.079774
-39.401999
-44.733742
-30.084151
-66.861677
-42.063160
-56.384758
-45.496311
-36.742435
-45.278870
-35.766301
-31.462124
-58.634182
-24.372408
-57.714508
-30.175819
-47.769323
-45.802333
-38.031677
-40.710280
-46.052770
-27.338603
-57.652535
-21.884296
-54.309627
-32.589573
-31.417803
-42.826876
-33.064709
-27.559174
-50.166595
-29.267166
-56.426601
-37.514568
-56.758961
-65.455739
-44.832465
-60.451231
-54.859618
-59.359709
-82.883570
-64.579567
-80.491518
-78.244344
-59.768636
-84.571890
-58.950876
-89.054456
-82.269527
-72.095142
-89.762011
-82.201248
-80.597410
-96.976243
-63.447568
-99.077114
-70.107101
-83.517008
-84.704887
-80.413840
-90.721391
-93.129663
-74.222294
-102.403610
-63.016541
-87.931190
-68.783794
-73.879358
-82.456508
-73.328517
-70.514000
-80.972539
-52.471567
-80.489734
-50.444733
-68.230376
-68.382401
-53.400186
-75.086173
-67.777172
-59.686103
-66.753361
-44.107298
-59.266488
-55.956622
-50.943058
-73.591058
-50.743600
-71.844157
-65.235681
-59.308990
-66.482981
-50.101494
-50.197435
-65.227205
-36.729191
-63.588427
-30.764819
-37.649027
-31.979477
-26.298407
-39.463249
-45.689155
-28.799644
-57.470808
-16.894236
-52.414538
-35.641876
-41.916316
-41.180982
-27.638351
-27.962302
-32.805545
-9.876135
-41.449357
-8.968000
-27.609576
-22.610626
-16.381661
-32.639457
-24.639279
-23.671565
-26.875169
7.174807
2.439642
12.299378
5.021528
-12.039425
4.298279
-21.983101
-21.275957
-26.788719
-48.484032
-47.157791
-53.243450
-65.927035
-45.478213
-77.019039
-40.454963
-57.790387
-42.956962
-39.728211
-39.266762
-28.161780
-11.627702
-38.511876
-8.924987
-45.204453
-18.857268
-27.641760
-36.385357
-29.569680
-27.844117
-43.306018
-20.920383
-57.117019
-28.493503
-54.759364
-52.576702
-44.320228
-52.496197
-38.410661
-31.230194
-40.736563
-16.237098
-41.887780
-36.465112
-32.593469
-47.028549
-30.006987
-51.749458
-42.457355
-33.731209
-60.896694
-44.486842
-47.911496
-65.709426
-55.674258
-72.582059
-54.026037
-72.795289
-77.029075
-76.468394
-73.898208
-76.715154
-62.735685
-95.761022
-53.168263
-90.776859
-73.698758
-78.669105
-85.457622
-73.366255
-86.947234
-100.978461
-70.961299
-86.799725
-54.263732
-71.161461
-53.610982
-37.706817
-48.319957
-34.727442
-28.015036
-46.518534
-21.450598
-45.256857
-21.810390
-15.947202
-19.348642
9.170282
-0.284008
1.943827
11.030563
-7.443581
0.415351
-5.519999
-7.011946
18.487509
-15.886623
0.131009
-23.096069
-17.803638
-10.915305
-12.141364
-1.526382
13.763984
-8.418062
31.670451
2.840642
25.413086
0.394993
-1.154748
7.931935
10.337265
2.137855
22.333577
-11.374032
11.315957
-7.835700
3.790575
10.795601
14.179360
23.856536
39.251492
27.855425
59.885525
40.411609
62.660535
58.951490
63.752828
89.494671
75.402126
84.651370
86.046843
65.700862
85.719347
77.177835
73.222024
79.888479
53.641277
70.267697
56.013515
56.356390
53.376854
44.544831
43.114629
50.529390
21.845626
43.040339
3.017609
24.403703
15.062760
22.658986
33.990209
33.342904
20.562843
38.567560
2.749427
33.468425
13.287186
32.425535
30.785242
25.929163
36.312064
36.649159
25.837407
54.131558
30.026316
47.061087
33.158362
35.080106
55.775396
44.882390
59.125450
71.712969
64.636582
80.321733
73.811961
82.002219
96.851349
81.786442
104.064754
95.617054
107.050887
109.318117
101.483123
114.500417
116.928401
101.665742
131.550385
97.737458
125.371113
108.311323
107.173661
121.154835
127.885511
121.331016
135.070576
96.356955
129.308941
99.574840
105.949304
94.158006
79.195820
75.251685
74.203515
55.573999
87.007647
61.452697
85.412812
71.097309
65.729741
76.310728
59.870896
58.829475
64.328031
52.887742
73.141722
56.724977
56.789580
63.317659
38.729491
64.385098
49.258408
56.443935
60.895710
51.341768
59.499425
65.870175
53.741145
84.677340
46.570242
72.038476
60.651343
57.983363
55.905044
44.959494
33.304443
54.570887
27.838617
65.842036
34.208694
45.277219
39.355507
28.299452
30.913727
41.512512
23.844320
45.593923
12.457136
49.107366
35.230462
33.366609
46.588227
31.612998
32.323530
35.456788
19.049241
47.622802
31.599651
35.840812
47.028923
25.023879
49.594594
32.204094
40.341005
53.072940
38.681534
53.743758
56.441449
40.346196
63.258661
29.777442
55.050102
32.387271
34.113943
38.210417
31.531414
21.505585
41.649283
13.271758
47.684036
22.834135
45.219906
41.241966
43.413760
42.484118
40.826255
34.165511
56.343991
16.676194
53.612781
37.147649
40.123530
52.690857
35.150891
41.192566
45.550683
32.453585
56.324245
32.648952
52.916134
60.380920
39.236880
62.348095
43.356247
47.343081
52.880644
37.845630
59.305349
59.676661
50.916130
79.187698
53.313615
77.359874
60.117689
61.910867
73.035591
68.822513
68.933926
90.615747
62.253932
97.308905
56.358935
73.679495
69.026847
67.985479
67.122315
71.087094
59.024548
83.934943
54.142858
87.743580
69.402650
75.833160
86.103239
72.692978
73.399811
76.464146
53.118306
79.229590
48.555313
65.223032
64.613122
49.424296
75.343517
49.387092
53.068081
60.354135
51.123760
65.564091
57.225240
47.305396
64.479314
30.944230
55.613816
46.441618
36.572428
47.068230
33.203636
21.591656
37.051097
9.305036
48.743255
15.281291
35.201848
25.661260
17.128158
26.216126
27.159932
5.361152
26.816493
-13.676893
13.786697
-6.752268
-7.727613
-5.234503
-9.239776
-7.306884
-3.878482
-21.338748
15.417834
-4.236798
11.905712
1.742187
-15.702895
4.555520
-19.272847
-20.458968
-9.996481
-35.938446
-15.838346
-25.352974
-35.506007
-10.493054
-40.471038
-15.268481
-28.754039
-21.084738
-13.518772
-19.820114
-15.014099
-3.807109
-29.268261
3.520184
-34.668158
-8.059003
-2.642837
-2.879870
5.548640
-3.854630
-23.850859
9.528548
-20.096246
17.978665
-11.210963
-2.058774
0.587983
-3.614819
5.817748
13.524471
-3.448715
28.695114
8.479940
18.839935
12.496061
6.813122
21.900624
2.105726
4.446263
16.070693
-8.943818
9.305508
-8.940310
-12.536677
10.036598
-15.533113
6.701765
-7.526236
-0.965426
19.104377
7.906625
16.492719
28.483735
7.555292
44.096223
2.103655
27.409938
16.098369
20.379321
24.866217
23.762619
13.809287
36.561271
-0.162006
31.307336
6.401436
14.383615
16.471563
8.236085
28.189877
36.029193
11.448825
44.549935
18.766761
50.003896
45.703625
32.004081
47.198483
17.836701
15.554105
32.761339
16.469227
46.624518
29.793090
30.742436
51.563467
22.861897
44.940261
26.077212
21.607600
34.962698
14.762542
22.767833
27.778507
4.498652
37.069312
5.799306
32.631944
17.710389
9.285044
15.219385
10.656791
0.104902
31.261807
-6.362470
31.406971
7.577662
26.379406
28.003689
16.945581
29.826785
37.564673
9.250059
39.524268
9.934074
38.467670
31.614025
25.908683
46.539092
37.307173
55.183003
77.644576
51.973587
82.245938
67.353060
70.032994
84.256927
61.135737
88.805322
72.782834
65.626025
77.778529
48.012190
60.203167
63.984258
32.077252
66.674858
28.493736
45.150340
34.153373
28.720365
43.540182
42.122195
35.570714
58.599210
18.625634
56.930503
17.957073
34.625270
30.886702
18.118926
20.186872
20.712680
-4.803403
12.095887
-30.445822
-4.737534
-9.885538
-7.069503
10.199460
0.531946
9.644691
21.255117
-9.798690
9.324634
-16.755986
-4.702981
6.959512
-18.480637
12.216615
-4.802709
-11.594502
3.289810
-14.580012
0.733326
5.630938
-16.002812
17.396890
-14.402413
13.431354
8.364916
10.364232
20.979413
11.352514
-1.890388
11.452653
-30.058712
7.698374
-23.545460
-10.329590
-10.728341
-30.729820
-23.348483
-27.375857
-54.216292
-23.220442
-64.908617
-37.940760
-53.699529
-58.244619
-40.419371
-46.678460
-33.101373
-20.621087
-46.118658
-15.198119
-40.616241
-39.266063
-34.611447
-57.789714
-34.096605
-42.654398
-45.683844
-32.050451
-51.087420
-36.714619
-45.270585
-58.056467
-35.366448
-68.730253
-36.133563
-53.109102
-62.151294
-49.137860
-69.884017
-76.034360
-57.614488
-78.009996
-25.387007
-58.507231
-41.653132
-37.810903
-37.396823
-16.522769
-12.701303
-24.539812
6.128069
-36.163425
2.716806
-11.716131
-9.210524
2.075929
-10.491554
-8.432105
4.946051
-19.346581
15.916647
-6.390342
14.153797
27.412726
13.614937
37.468234
21.060389
21.123790
37.457398
11.464748
27.919482
19.478457
12.565043
39.756886
7.923466
32.049164
23.038762
26.271751
27.826224
13.744504
16.817497
31.363030
3.620923
35.213117
3.199162
26.593336
19.939263
6.153674
13.083320
20.576626
15.840704
39.816653
-0.555877
45.975668
28.975656
39.999881
54.064830
40.822186
46.348940
58.469713
28.592054
56.232835
25.770819
40.180684
33.103229
5.575578
25.353741
7.123686
4.256333
17.856831
7.143125
40.314402
36.083044
33.659993
65.108780
36.496894
53.809671
42.574486
44.474779
57.719426
48.691157
41.127198
51.283751
23.398687
53.197005
21.141775
36.244277
23.656242
18.194465
22.714054
33.880804
25.096870
54.324536
5.210616
38.139111
16.066179
27.108825
33.292422
23.375416
28.610861
40.354010
8.561386
47.138484
10.399621
28.351196
13.165603
-10.958288
1.257487
-17.718340
-23.187729
-14.646909
-44.769001
-25.280063
-40.814501
-39.530381
-27.547693
-57.998474
-32.461859
-41.822368
-51.982421
-37.683038
-58.509475
-60.404921
-54.636210
-72.324331
-36.631433
-65.536428
-39.438195
-42.184991
-51.307292
-45.343098
-55.246521
-67.359987
-39.161121
-74.322631
-27.869484
-50.862637
-47.095872
-46.322249
-53.736785
-50.040689
-46.508141
-67.254514
-45.067070
-67.339219
-47.103766
-60.705488
-60.005658
-44.702644
-51.133733
-48.867360
-31.868799
-47.621133
-29.090188
-29.373556
-26.059269
-21.364658
-42.698121
-21.094202
-24.166742
-32.431111
-24.076494
-31.646101
-25.634727
-27.781314
-43.037822
-22.266782
-52.342828
-21.840611
-34.504192
-31.373013
-22.149507
-22.104142
-30.958945
-12.861354
-39.566986
4.801512
-18.240017
-4.235118
-6.366225
-23.735704
-6.466882
-0.255456
-15.772927
9.433979
-26.673472
-5.275490
-26.827635
-30.479299
-26.876834
-42.873692
-47.074691
-38.724303
-66.652746
-35.632186
-59.466986
-48.199880
-38.457807
-59.502435
-32.856183
-48.448023
-35.399987
-27.557808
-39.398568
-30.348436
-37.289758
-47.793054
-18.233985
-51.622954
-41.433760
-38.885309
-51.742904
-43.028746
-51.882061
-49.950711
-35.000337
-62.041480
-27.349598
-64.475894
-41.680354
-37.335251
-56.982690
-46.102472
-36.535171
-64.507062
-34.722364
-73.414402
-53.837361
-62.062158
-67.566361
-48.581554
-61.217278
-69.740244
-42.495702
-64.716418
-36.265731
-57.023533
-55.569804
-42.584404
-64.738711
-45.459973
-52.632502
-47.171398
-34.485256
-41.173688
-14.568135
-18.915735
-48.792779
-26.989816
-58.637884
-43.936773
-51.932537
-45.735846
-45.419968
-52.717427
-50.879587
-39.904367
-72.958598
-40.340670
-78.632818
-54.027253
-68.390620
-75.983411
-69.179689
-61.888613
-80.233104
-54.538523
-89.114025
-61.091201
-79.669510
-82.304616
-67.967715
-69.960079
-72.474387
-57.198323
-74.374739
-41.933613
-50.553046
-45.300001
-57.865342
-68.527623
-46.844294
-62.211695
-66.607574
-60.711653
-68.525498
-49.942498
-54.622879
-60.229079
-33.013061
-64.977374
-40.716049
-56.448994
-43.833419
-42.241828
-46.063347
-56.063537
-46.378055
-73.987675
-39.476590
-67.432299
-53.716926
-68.475375
-72.973378
-65.244601
-55.639511
-66.195340
-39.936942
-70.768216
-44.562979
-55.023512
-52.534494
-49.911871
-66.571941
-66.952726
-53.653619
-74.955124
-57.602174
-85.089972
-56.907381
-59.902413
-70.209767
-50.677760
-57.392870
-57.257974
-48.220064
-69.821185
-48.455036
-53.481472
-57.919314
-51.711241
-70.077187
-45.710246
-57.183957
-53.109965
-39.600072
-39.858982
-49.098176
-39.631867
-66.627889
-27.904969
-66.139872
-33.568552
-43.223241
-45.482852
-48.439540
-35.770387
-47.440051
-18.105742
-55.769574
-29.107578
-40.202227
-37.169213
-20.537715
-23.226677
-52.260488
-29.539569
-30.916362
-18.869052
-20.369743
-12.257105
-22.454537
-9.210850
-6.638614
-6.818244
-16.680111
-3.525947
-25.715531
-13.815926
-15.074376
-5.288488
4.449288
8.664347
11.898473
8.831498
2.514408
10.082933
1.308000
2.682499
6.354941
-11.905435
29.989465
-12.830366
3.725658
-5.833212
3.320087
12.074054
10.186238
5.898577
26.773743
-2.371860
28.761213
10.569996
14.477765
13.400428
18.330685
12.575349
15.055949
-6.504726
10.997633
-15.159574
14.805262
-3.333196
0.111260
8.856135
2.695682
-3.217930
6.410218
-6.927917
10.645490
-10.514658
2.855252
9.404407
-5.979919
8.852151
-7.120988
7.449707
5.302900
1.981016
-1.386868
6.329139
-17.347922
2.094047
-26.507530
-18.562153
-26.275501
-24.686215
-13.376040
-10.378733
-17.814113
-8.348677
-38.093226
-10.045416
-34.800113
-16.756726
-6.142707
6.571751
-1.762962
20.994304
6.695585
30.131967
7.024287
26.954687
-8.773056
-10.376325
-9.801354
-6.121412
-8.165713
11.483918
-5.220783
10.439172
0.566712
-3.386177
-3.366042
-11.374579
-9.486953
-14.102841
-10.887039
-0.387978
0.672263
15.123422
9.662501
-3.260384
22.376696
-6.088878
20.441440
2.442875
5.897283
5.033087
10.414528
-2.947439
7.745099
-4.297262
15.074779
-17.244445
-0.359591
-20.190980
-9.588788
-22.438194
-23.519701
-39.549115
-16.794712
-41.208368
-19.556457
-39.636500
-35.753255
-34.547910
-34.179008
-36.663232
-35.474320
-49.578151
-30.324667
-51.371148
-50.471146
-58.515163
-71.435244
-58.263126
-73.053996
-71.184391
-64.815033
-71.186104
-72.065741
-66.025435
-79.918204
-59.993314
-73.033567
-58.835067
-72.876694
-63.566418
-64.608153
-70.324675
-81.070581
-67.509437
-89.086435
-56.667274
-76.220767
-55.923001
-61.957404
-54.245266
-63.131772
-39.305541
-59.609097
-31.107115
-56.013578
-41.020082
-50.558211
-41.539379
-41.438678
-34.715291
-41.647438
-38.867541
-59.342830
-39.363166
-57.141624
-45.191824
-43.970386
-45.201901
-35.901648
-41.904759
-43.199619
-36.947564
-48.541966
-44.428528
-41.936223
-48.709147
-35.882812
-57.456016
-36.412892
-45.817202
-39.148455
-38.325578
-40.620459
-54.905493
-47.272886
-72.022695
-47.712945
-77.634285
-60.732491
-72.219794
-78.954232
-80.076669
-69.886244
-83.315443
-52.842167
-86.397471
-60.921338
-70.025670
-58.468737
-61.956911
-57.931158
-63.030923
-54.465996
-74.593876
-60.452715
-85.365508
-75.797878
-84.759442
-95.210933
-83.247381
-94.727252
-100.799533
-87.788565
-108.754964
-94.927499
-84.958902
-94.360440
-80.813238
-93.481689
-73.055932
-77.378002
-69.434851
-60.574337
-68.935342
-83.550356
-69.014287
-86.051325
-53.634027
-81.325491
-65.700974
-75.313789
-77.442005
-76.698850
-72.709735
-93.961652
-63.875088
-101.477182
-77.407239
-100.710863
-102.235726
-95.003736
-97.773014
-90.276722
-72.182355
-96.001077
-58.965088
-81.484785
-65.299177
-50.815895
-57.089298
-40.159999
-36.773768
-46.513505
-36.794330
-56.146584
-35.769837
-37.400753
-54.416488
-46.355282
-73.360627
-54.431677
-63.414870
-64.465575
-48.639853
-48.332973
-48.201873
-35.637124
-64.272579
-30.101681
-52.800549
-36.799134
-37.788622
-42.954683
-32.932492
-24.296360
-45.332521
-15.386175
-51.807475
-22.420252
-38.451396
-44.593944
-51.401348
-53.709611
-59.238232
-49.441244
-85.675773
-56.161179
-86.195532
-76.140349
-75.973990
-86.089892
-75.111978
-86.494607
-95.443709
-68.737748
-98.914469
-79.558783
-81.650876
-92.244850
-77.912732
-97.131091
-78.232500
-86.900308
-99.653496
-77.650387
-83.635092
-78.957073
-63.454525
-88.581804
-50.851378
-75.459611
-49.422127
-45.702319
-55.336317
-48.739306
-43.200491
-57.481125
-20.754556
-57.256929
-24.714515
-45.056689
-39.713694
-26.085976
-33.566965
-33.250767
-23.988916
-53.623989
-21.643423
-49.354933
-21.452741
-22.600419
-38.124066
-26.678231
-41.888857
-51.604857
-33.241380
-61.484032
-33.611631
-51.313553
-51.211897
-32.680390
-63.958955
-41.422428
-57.826023
-72.314862
-45.626963
-64.335743
-60.066151
-57.445666
-78.763610
-35.003536
-63.800238
-53.178302
-47.145955
-63.632490
-53.775677
-54.468087
-69.113025
-33.312957
-74.616083
-32.057968
-48.852440
-31.377840
-22.700338
-27.330082
-24.168868
-3.219563
-22.236176
16.822319
-19.445412
8.209442
8.540495
-0.051312
13.041841
7.624132
-2.745663
12.269167
-18.143642
10.667344
-8.148951
-11.210634
1.927016
-21.727056
-7.513746
-13.211534
-24.595533
-4.536994
-32.935727
-22.387982
-16.866525
-40.906650
-6.008077
-33.804537
-17.443089
-9.632283
-22.816932
-14.763829
-19.941412
-27.961147
-2.131447
-37.368472
-0.624911
-24.586276
-14.732629
0.633142
-9.318007
-12.129869
4.622621
-22.133301
22.972503
-7.562470
22.767436
16.466426
6.839259
20.199320
4.883232
5.556781
29.432133
-1.983039
34.703670
11.465133
13.378748
27.950648
9.522972
27.322733
19.067105
10.518238
35.164041
13.348939
28.283414
38.712100
20.490211
47.127227
26.070260
49.046177
55.045119
45.450181
54.495407
50.309157
46.732607
81.026291
42.839572
78.856595
52.708048
57.209756
59.236010
47.403120
49.156467
49.580911
23.717808
55.069567
0.497379
21.515360
2.560561
-4.027955
0.264731
-14.048902
-16.715989
2.460133
-38.412319
-1.922636
-35.219633
-30.944887
-21.611861
-46.372361
-27.749507
-48.041945
-68.657567
-50.414111
-79.058560
-67.952546
-71.975870
-84.565475
-55.547331
-82.255335
-61.434265
-58.822677
-56.122696
-46.237350
-60.903874
-55.953546
-34.154550
-72.012828
-23.120231
-52.700123
-31.596087
-24.890575
-33.463495
-20.837199
-15.466195
-35.158768
-6.897502
-42.614206
-8.756762
-21.523395
-14.379637
1.911623
-1.858043
-4.302400
16.689303
-3.364673
34.955026
1.819272
4.197262
7.778608
-0.063651
5.611070
5.111522
1.469764
30.812658
5.734427
26.578786
25.850534
16.650309
35.511255
-0.683874
17.222352
12.475416
-1.261694
18.427762
8.951682
10.580704
26.825063
-0.300700
31.273007
1.233061
28.103378
30.611203
25.313722
32.280355
27.467840
7.522187
42.107394
6.257024
40.125457
22.468219
25.936360
29.376979
27.550248
20.745415
31.810068
9.437720
37.832450
8.509185
21.769982
19.054395
9.264919
22.805102
11.496299
-5.183687
14.785660
-11.623157
2.652696
-13.293983
-23.195955
2.739345
-18.902086
3.531778
-6.835133
-19.407252
-1.663745
-10.494254
-8.752238
3.357574
-22.284644
19.079001
-6.064942
4.305760
6.465263
-1.522074
1.120213
-3.808212
-22.260159
2.231498
-35.015836
-3.078006
-31.470513
-25.277584
-25.510320
-37.749926
-27.529034
-7.260092
-26.195113
5.984056
-19.426479
-6.169177
-15.671917
-10.439026
10.915598
2.825497
6.369858
29.089443
9.244884
29.806526
19.419197
25.838450
42.098496
26.078648
55.162443
44.931127
43.566182
60.636970
51.500590
56.176648
64.461632
44.371129
71.368324
46.904450
62.201820
60.251700
55.135640
68.162724
71.441939
50.394722
76.278773
39.347043
76.839852
49.628472
53.339286
44.442549
31.278418
31.033207
25.685183
-6.873711
18.270237
-15.752413
10.131098
-4.508325
-4.745620
7.524208
2.270579
2.235786
9.518254
-23.698487
0.332303
-11.022357
2.978104
15.956802
-8.622030
10.596255
11.991713
3.748202
22.032897
8.357450
22.324675
24.860135
14.224671
47.741231
20.995341
37.486795
28.345134
19.056180
34.621962
31.767330
26.287745
56.278936
18.488726
54.262889
29.584250
41.153849
46.562758
42.627659
43.707165
48.136105
19.389676
56.481509
23.508970
49.472317
40.604559
46.712882
65.466201
62.761170
56.438063
83.775768
62.072135
88.475304
71.299116
70.123344
72.550291
45.129059
66.795759
67.486341
60.886615
82.183849
53.964671
65.076973
67.103634
50.225610
68.454426
46.275438
66.173904
64.388290
54.205331
64.351352
57.432856
44.503608
68.792560
27.820508
51.604745
23.131238
28.754542
35.138745
28.067252
28.005103
38.921040
8.037215
47.812917
5.594907
32.562497
19.498267
7.148309
28.116441
21.973802
8.534190
22.253546
-12.125682
19.273266
-1.861036
-3.691406
-5.936410
-36.741234
-16.156812
-18.134353
-30.454365
-15.214850
-42.988004
-28.512434
-23.237583
-40.253748
-13.914559
-38.795103
-26.734939
-27.039205
-35.548645
-18.888906
-24.855791
-28.042215
0.315901
-32.094741
-2.291264
-19.722370
-12.430194
-1.009077
-19.204023
-19.155987
3.282461
-24.399211
13.201800
-25.471913
-2.230667
-7.742354
-7.436144
8.583194
-0.680490
-14.349941
7.684482
-31.384560
-4.274615
-28.004387
-22.833835
-15.240803
-38.567706
-27.070388
-21.922185
-30.575451
2.502676
-26.968225
-8.589332
-8.546362
-31.706691
-3.866072
-23.106831
-4.594782
-0.012220
-11.750114
9.500511
-1.808002
-8.441718
13.426901
-25.256491
9.492439
-8.695183
-5.685112
5.521063
-6.689966
-3.420129
12.322306
-14.762696
24.934138
-17.866633
-0.092494
-16.450469
-24.406491
-18.487519
-27.464544
-35.907765
-18.428064
-49.510256
-17.973317
-39.862613
-28.445566
-25.649135
-43.292433
-24.798872
-23.573959
-37.670284
-5.111342
-40.572953
-17.391941
-17.645852
-38.585200
-14.406163
-37.982973
-29.160930
-31.730407
-48.876693
-35.482898
-40.025698
-42.998239
-21.348755
-50.395553
-15.743272
-36.120373
-22.172721
-10.099317
-16.047353
-9.875760
0.816097
-16.075148
16.979666
-17.581769
11.154404
-1.428038
6.392781
6.279853
-2.441104
-12.888350
5.940457
-26.245156
15.455107
2.748824
21.117466
23.796508
7.148084
9.506545
1.908642
-13.244449
10.502645
-27.489453
-12.828693
-18.269479
-33.457012
-21.938503
-39.996792
-30.556567
-37.726665
-52.363307
-30.583794
-39.726345
-38.518187
-13.334456
-29.343547
-7.477600
-34.884634
-18.293744
-18.981973
-24.790107
-14.594910
-2.458727
-17.305631
13.204582
-25.003713
0.523131
-16.072979
-10.992652
-3.666022
-4.132389
-9.180270
6.692953
-27.172490
-3.565536
-32.877608
-16.558263
-17.380426
-20.988926
-15.783795
-18.566732
-28.213255
-3.996654
-29.856208
-13.901962
-28.427353
-30.165502
-16.610040
-16.668550
0.846128
3.209025
-2.862428
13.313111
7.610025
19.115879
33.607922
20.884740
36.306556
15.518027
31.442857
28.368213
28.651979
27.746929
34.931111
24.688819
55.882715
32.937297
57.323152
41.171735
51.450892
46.909430
45.220533
38.443806
50.494618
29.022314
55.646972
33.734554
49.566838
37.840200
40.220027
38.996367
40.863288
27.720821
39.424321
12.669425
17.986397
0.226620
2.287965
1.565423
-13.103984
-3.582048
-1.755031
-18.223548
-12.087898
-26.165625
-18.600344
-11.240860
-19.903777
-3.800391
-20.220375
-9.180385
-15.474956
-11.288740
-12.377663
-7.590271
-16.819778
10.398019
-14.795377
7.998788
-10.859769
-7.831390
-7.567675
-9.564805
-25.775941
-10.811197
-37.411442
-10.064873
-29.705810
-14.643237
-20.344062
-15.226649
-15.730327
-11.752335
-23.018939
-4.489801
-27.480384
-10.841706
-20.367230
-15.049307
-10.751035
-15.673949
-12.580709
-12.195763
-23.742042
-7.441086
-25.293647
-22.349561
-14.361690
-33.537629
-16.375480
-32.159369
-24.461759
-24.090926
-30.004259
-20.276472
-20.434784
-38.389539
-7.046693
-39.419369
-4.824765
-11.212168
-4.107197
-0.956587
-3.389302
-7.104698
15.299100
-13.396493
30.489058
10.378050
25.712159
20.112581
11.567540
20.529932
23.515822
10.676452
34.102958
-7.450446
25.734140
12.024580
17.853869
40.134111
27.587752
28.666942
26.150150
1.909083
26.906287
-12.051312
-6.138974
0.361329
-25.835135
2.050249
-22.311336
-21.053908
-15.817149
-35.493212
-14.863072
-15.291368
-36.509356
-8.729007
-59.043178
-37.756568
-49.400048
-60.598899
-47.673389
-55.292289
-48.673102
-26.299299
-63.043481
-32.503414
-69.268167
-54.522456
-62.429736
-71.245311
-56.914312
-59.518885
-74.111044
-38.493014
-66.184482
-31.230497
-44.199716
-45.163971
-27.629139
-44.178209
-36.408665
-13.972948
-40.071909
-14.868481
-44.787908
-29.030342
-21.432657
-40.934129
-17.545093
-37.337039
-32.019065
-31.359086
-53.924368
-25.451123
-35.703005
-47.681247
-16.816213
-48.402957
-14.497958
-27.615485
-23.296926
-4.304714
-18.521190
-17.983843
-10.747698
-28.325608
18.148718
-6.326315
19.908825
20.219553
5.274168
18.590716
23.812186
16.559321
55.747667
2.303966
41.952673
14.555962
18.363250
24.723176
12.075552
29.285738
26.603991
2.700768
27.421342
-0.417036
6.393329
2.670444
-12.417609
5.597545
-24.364277
-23.176134
-20.699145
-43.263957
-13.464756
-33.764897
-45.399154
-27.310116
-63.597052
-37.976970
-57.258483
-55.612115
-47.380905
-71.183276
-75.268729
-64.613382
-90.613181
-53.588730
-94.262118
-78.669185
-91.550691
-96.031334
-83.289738
-79.956701
-94.745843
-63.863500
-95.089337
-62.695941
-96.739803
-82.626275
-75.210192
-96.883601
-90.925091
-96.524665
-109.108239
-78.893222
-106.083625
-80.719144
-90.557175
-85.434716
-73.808739
-87.534518
-82.562493
-70.869298
-81.093102
-62.195340
-72.268368
-70.558568
-41.026686
-62.236333
-37.319518
-48.525090
-62.579903
-38.453624
-51.382426
-50.836743
-35.697948
-56.519026
-28.350222
-60.847606
-41.430089
-52.930000
-45.715505
-37.626884
-37.158173
-46.145562
-24.588976
-52.998618
-13.640680
-39.898090
-19.888821
-6.721494
-17.654507
12.160140
31.461083
11.586355
40.926702
5.242085
37.451618
22.688498
13.231552
32.336068
12.471645
17.332409
9.436498
-7.503358
13.431378
-9.944476
-22.361415
-2.639126
-31.536165
-19.246759
-45.776405
-34.136277
-26.199552
-41.655041
-22.600249
-18.092454
-24.369410
17.626820
-11.894648
34.411904
18.647695
8.724960
19.802255
12.752321
11.542383
37.921607
1.273647
35.606283
6.764960
12.908520
3.928229
-9.621970
-4.056048
-5.565425
-26.320543
2.700333
-45.121786
-13.764892
-19.371513
-24.965499
-8.434209
-31.670655
-18.548890
-11.071199
-43.675491
-19.104048
-49.591555
-38.146979
-22.705753
-49.095053
-25.552392
-40.392806
-41.283414
-34.141527
-59.941494
-61.323808
-61.434881
-93.958638
-49.978160
-81.974907
-51.188351
-63.459647
-61.219157
-47.037117
-57.225143
-60.806500
-36.335872
-76.620067
-44.829765
-77.508136
-70.342627
-63.836593
-73.537194
-58.708212
-55.018344
-75.319840
-34.002432
-74.033058
-50.328977
-66.256364
-75.093076
-53.700156
-69.618723
-69.135904
-54.949240
-86.758334
-53.725517
-65.597238
-56.176061
-37.418123
-57.154955
-21.258568
-29.067602
-22.739780
1.841787
-25.529665
-20.493013
-15.380528
-39.073177
-8.572190
-39.321753
-4.473477
-17.102245
-23.312490
-10.000364
-20.293331
-25.020195
-0.251613
-38.953569
-1.812057
-32.027625
-12.162302
-9.559708
-22.926756
-17.935912
-12.390248
-24.498726
9.184188
-33.049676
-13.299158
-36.669465
-45.617938
-34.174305
-42.176927
-26.019282
-12.116269
-36.848021
-9.738928
-34.857855
-29.289935
-18.290322
-35.118884
-13.412163
-24.602761
-22.709988
-8.251735
-30.128155
-16.829880
-20.772258
-40.546592
-10.706680
-37.247292
-21.277914
-28.393116
-24.349462
-12.690509
-13.648990
-13.813243
10.553269
-19.583808
19.741890
-11.489882
4.474537
1.772390
2.277584
15.047514
24.322797
-0.423200
21.700379
-14.168910
15.028560
-1.000670
7.539839
12.112861
1.617843
5.046324
14.817453
-12.145371
13.397469
-4.806069
6.710729
5.971833
-8.528894
9.624048
2.026898
7.457249
15.892648
6.390508
13.739171
16.032462
2.447743
25.675901
6.793132
38.952617
30.209523
24.978560
30.059938
23.572741
18.948017
33.886384
7.732656
31.905387
7.783480
26.727694
15.456504
10.158089
6.647728
19.430825
0.526524
17.490487
-7.958257
11.862865
-8.529460
2.904912
0.986488
2.351567
1.628555
3.103611
-17.775835
-3.796638
-25.174912
-15.479882
-16.116391
-19.964870
-7.206888
-12.590762
-15.509561
-4.509104
-15.599411
-5.311903
-14.471713
-16.469724
-8.191641
-26.077453
-10.599970
-18.496072
-6.029947
-4.392651
-3.480500
-6.666201
11.261249
-1.833045
29.566019
8.252648
23.172129
11.121303
15.999686
12.502455
23.321187
5.874423
19.657525
-15.889905
3.293181
-21.764893
-14.612477
-24.627529
-31.832698
-29.105410
-17.354323
-33.656750
-7.629774
-21.911706
-11.925702
-18.514602
-27.572505
-23.016720
-32.286777
-44.701354
-39.050895
-62.191849
-48.540234
-53.299587
-59.912110
-42.270024
-66.945903
-54.792477
-60.396560
-60.596664
-52.949125
-56.633726
-59.921183
-40.212777
-68.398813
-42.568730
-71.648305
-57.840940
-53.236581
-63.321011
-60.155611
-52.960950
-70.392986
-47.661355
-84.709513
-62.277102
-82.588744
-84.144020
-80.804637
-91.295868
-95.920484
-82.019956
-108.990740
-70.621816
-98.437203
-85.397600
-81.020731
-92.212447
-78.118038
-82.006712
-100.513595
-89.448205
-125.707550
-108.698418
-114.042921
-130.785758
-101.136472
-131.496753
-105.468436
-114.393482
-126.725659
-114.798419
-149.908621
-152.970270
-140.435493
-174.032343
-137.039489
-169.704671
-155.201109
-154.637049
-166.741119
-152.507504
-149.220423
-167.165482
-132.023305
-164.063376
-113.059711
-125.994266
-116.802047
-109.183385
-130.867810
-133.440656
-118.120264
-155.040709
-120.320688
-159.381052
-138.635715
-136.056828
-166.247420
-156.153061
-169.626983
-186.410575
-166.962103
-199.606721
-175.628386
-190.789963
-194.391077
-175.138318
-205.564023
-185.804748
-185.809330
-197.573444
-183.086671
-209.393279
-201.164934
-191.444067
-228.997912
-191.638637
-231.728798
-223.929964
-222.506609
-231.313701
-217.120936
-213.873876
-228.843634
-191.395806
-236.253068
-196.579404
-218.707702
-210.462707
-205.072488
-219.334184
-215.929433
-200.432610
-226.758519
-189.599575
-228.788192
-208.950693
-213.891570
-224.036487
-203.915887
-207.381156
-211.728213
-187.422783
-214.846694
-184.885393
-193.975432
-196.402298
-173.416625
-189.442310
-164.545317
-179.116857
-186.667449
-170.706113
-188.802566
-175.325463
-166.201942
-183.150408
-147.811768
-176.368298
-155.330246
-155.467021
-158.233552
-139.574783
-137.889547
-151.957332
-135.702451
-178.381778
-135.033516
-158.285266
-159.624766
-163.467021
-165.145689
-163.135360
-158.592090
-181.713114
-149.821955
-188.433149
-168.544228
-181.284627
-185.910187
-176.977245
-180.868048
-174.935829
-157.596673
-180.334835
-140.245083
-158.919304
-155.367574
-143.362480
-159.189712
-129.400123
-141.719677
-146.184754
-134.607706
-143.920163
-138.403026
-126.407025
-135.366794
-109.492069
-129.030722
-111.772938
-114.093878
-117.469621
-108.798755
-104.758144
-113.966510
-80.711388
-112.543781
-69.348904
-82.706836
-74.509570
-75.762837
-80.953795
-84.306272
-75.042380
-111.629825
-67.286823
-101.830033
-63.323773
-80.013572
-79.529200
-65.205949
-77.639905
-82.026140
-58.901828
-88.203010
-50.389873
-67.957317
-65.277985
-34.761607
-32.723018
-39.292399
-24.158067
-33.138952
-10.482692
-33.447885
-34.932413
-29.607334
-43.517482
-15.135052
-36.153216
-26.100479
-19.440385
-39.090327
-32.700306
-38.198165
-45.966134
-26.536599
-62.998375
-26.881629
-44.530703
-46.076021
-24.512266
-35.420750
-35.197337
-24.335146
-51.248562
-9.674956
-53.417402
-30.484475
-41.191621
-43.212473
-30.167028
-31.528209
-55.919227
-29.626972
-72.769523
-43.157531
-66.248625
-59.698602
-38.152205
-67.311777
-45.228014
-57.721937
-63.423637
-36.609497
-74.449238
-50.389133
-66.271638
-82.387741
-35.029016
-58.494039
-42.258162
-29.332708
-56.255663
-56.650877
-56.534415
-63.708503
-39.703969
-79.162230
-46.824101
-86.664172
-95.423595
-71.332856
-77.233755
-62.025466
-72.213452
-64.944760
-52.182685
-54.484723
-51.342748
-65.613036
-58.411286
-53.351205
-66.142994
-59.694896
-61.108849
-91.667861
-49.802468
-69.674216
-76.509729
-60.404746
-82.024027
-58.847629
-64.430334
-79.511988
-61.939218
-95.532032
-76.074361
-86.936133
-97.252769
-78.575317
-90.852823
-75.737598
-78.687773
-93.932640
-56.035673
-68.955851
-91.181986
-58.750706
-97.232687
-64.158740
-93.109473
-84.202068
-75.341151
-83.324788
-83.629676
-67.244488
-101.316260
-67.386609
-91.927296
-63.807398
-81.574461
-60.724162
-66.573966
-69.078887
-79.319271
-54.905416
-84.651010
-39.796221
-56.443557
-56.329585
-49.800519
-63.202586
-62.247505
-51.518791
-58.666920
-28.734243
-58.577287
-37.339967
-33.017510
-44.590074
-27.795213
-45.895376
-25.997149
-31.953748
-38.088096
-40.897764
-40.803312
-52.882858
-25.917525
-53.659287
-25.629266
-43.213723
-39.189420
-42.431587
-47.026281
-37.963837
-31.116649
-52.353011
-22.986004
-62.764186
-30.721834
-46.517378
-39.183904
-33.458859
-28.327324
-35.912169
-13.511865
-41.069882
-14.362443
-38.968148
-21.581744
-17.184116
-18.589733
-13.385782
-13.124969
-23.434208
-6.044373
-8.413336
6.528977
8.173341
6.721438
4.614088
-8.310202
4.069199
1.534584
-2.364458
11.337987
8.070645
17.239063
31.579243
22.882678
47.532104
33.130909
42.358484
42.068086
41.866015
36.905960
44.224826
28.169305
49.988733
24.570319
45.090581
29.040437
32.025224
29.471631
34.649187
19.460126
26.958900
-0.558467
31.952767
8.525886
24.223055
15.435329
11.626539
18.433196
14.671148
0.200575
23.189471
-1.628467
25.233294
18.140027
13.548134
33.968849
16.245554
18.276119
24.964209
7.314139
21.414235
15.242603
11.416408
27.754240
2.720947
23.776235
7.554759
1.443148
13.537389
1.095150
3.588212
6.664164
-17.382836
16.118114
-29.321283
-12.301739
-27.110411
-33.201221
-29.598840
-39.124975
-56.509308
-33.638741
-67.055672
-37.899227
-67.390102
-54.173062
-46.007257
-57.427472
-53.986626
-41.594977
-61.127404
-31.391561
-63.965360
-42.125426
-48.544204
-56.917995
-34.983352
-46.444358
-34.700813
-24.199757
-38.221953
-15.395203
-34.338348
-32.852587
-18.216650
-50.244668
-18.811421
-35.699589
-22.955695
-3.381117
-11.278199
13.293996
16.989686
-10.633121
26.634749
-13.981215
16.071820
5.405618
-1.292569
9.956482
3.774401
-2.774085
20.822956
-10.790170
32.964302
4.725579
19.865673
13.263007
5.355652
22.649020
28.484578
3.691974
33.856779
-3.801056
35.525201
22.190721
11.587596
30.316076
18.733732
41.639148
51.496490
31.072336
64.439711
37.738202
45.630734
60.140297
40.422020
72.625743
50.890202
48.798337
65.758520
52.746267
62.421465
58.489038
41.261369
75.167606
38.729652
70.712258
62.834258
57.577006
71.781823
67.746942
69.973196
91.710431
55.717343
94.045344
59.941182
76.740899
64.749698
61.237087
67.929694
64.061483
54.866503
88.501477
53.647160
83.434019
70.105696
70.909541
84.502825
80.875205
92.016942
102.387561
91.811011
122.917774
104.063627
125.737767
138.465881
128.819536
153.685710
138.313352
150.483014
152.333314
137.315888
157.677027
149.786612
134.812281
151.037875
119.045622
143.555513
125.490174
141.349613
148.582834
141.033496
143.163742
158.330763
131.793654
166.501617
137.639521
163.847800
158.698448
162.245930
165.541821
165.956717
150.436332
178.013795
147.640658
179.222663
160.686213
170.390641
180.905201
155.291465
141.072974
120.824877
89.986238
100.129544
65.155375
72.485323
71.493766
51.240669
80.024669
59.328554
52.115648
54.778656
26.468447
43.122813
36.948584
24.272724
46.047041
8.788492
30.439346
13.986411
11.651879
16.716565
2.775432
0.757759
11.265997
-24.225831
5.923306
-23.419608
-1.674463
-8.726750
-24.935907
-21.433178
-21.309084
-38.400901
-8.324488
-52.500106
-24.161923
-40.992750
-35.459080
-26.104464
-39.583354
-29.518878
-18.468204
-45.000012
-15.570757
-39.785915
-23.365227
-17.569132
-32.870350
-12.172720
-24.787950
-22.135884
-2.722284
-19.208835
-1.076068
3.854993
-0.775657
31.598601
-0.754183
18.486364
8.160051
4.993522
12.960442
-7.584975
-8.075645
14.974808
-13.119919
25.802954
-8.561488
14.966810
17.068550
16.805302
22.550191
32.488578
21.276490
58.401171
19.182665
48.754990
29.455832
24.082452
32.247862
10.438694
9.081471
16.039758
-14.171133
11.426268
-13.910275
9.711558
8.768281
-0.372695
21.783354
6.077617
5.595590
19.188954
-5.483143
5.993304
2.145071
-11.155594
6.218759
-26.239491
-6.422320
-10.378199
-9.495243
-9.836458
-17.032279
-5.595133
14.653539
-12.723669
16.971744
-10.732684
19.417364
28.311868
22.563231
15.283022
14.167535
0.304425
21.368082
-12.553574
15.977432
-3.225694
2.482110
-3.107339
-4.103343
-5.425332
5.630035
-7.763727
11.630501
-9.098371
6.036761
-2.516126
-9.931105
-7.132908
-26.869238
-31.869776
-17.002384
-37.714575
-20.884837
-19.618193
-22.897787
-8.158233
-23.395095
-2.010293
-14.097698
-18.505704
-22.058122
-31.763728
-34.870135
-19.289993
-42.227366
-19.116587
-45.247967
-21.836186
-34.160556
-33.604973
-40.511266
-38.034685
-48.168228
-33.673061
-54.113897
-28.861845
-48.362810
-28.002369
-35.958885
-36.124999
-36.163232
-18.974286
-39.639586
-23.998147
-37.566418
-14.538674
-22.085498
-22.398873
-12.586563
-18.606091
-19.477381
-14.259253
-23.951383
-5.794597
-14.012697
-11.705510
2.531924
-18.242223
-2.111808
-6.153480
-2.830828
-1.853761
-14.444718
-14.524464
-9.074453
-38.624878
-7.729180
-38.953249
-12.680660
-14.894910
-16.101147
-9.312799
-11.555494
-31.653002
-7.164990
-39.662072
-4.530563
-22.296662
-6.546138
-6.029043
-19.519742
-30.713500
-26.348692
-47.963441
-11.263686
-48.386277
-39.839440
-44.059003
-57.565850
-46.797218
-61.478751
-73.949270
-51.109518
-74.631293
-44.489400
-58.336101
-58.451274
-45.111351
-64.210496
-44.243240
-51.563435
-58.638169
-38.399694
-51.118760
-41.934156
-28.214977
-55.814424
-27.306459
-60.102797
-43.164781
-42.711817
-50.805067
-30.407768
-29.700186
-40.899134
-9.136631
-51.746716
-13.330610
-40.023759
-35.006177
-28.061818
-30.405548
-44.076119
-23.665361
-53.991233
-13.480318
-46.576356
-18.226861
-35.074789
-55.599898
-41.914995
-55.453476
-60.603877
-32.124999
-63.884739
-32.893994
-44.350680
-49.041590
-25.593167
-41.799191
-15.863592
-19.114096
-39.228117
-24.735787
-60.414988
-52.233267
-45.863196
-82.083296
-48.754140
-85.079430
-59.137894
-58.530168
-61.842821
-46.227723
-54.064788
-75.074894
-42.281006
-96.377013
-56.542377
-70.186155
-65.876661
-58.221419
-75.015027
-74.152327
-60.052638
-93.578911
-61.148706
-93.305356
-64.848537
-58.635058
-70.428329
-57.602284
-64.177163
-62.014833
-41.994892
-78.405171
-58.363853
-72.235217
-77.131677
-57.131186
-79.820864
-59.569662
-61.976426
-68.638038
-53.374404
-71.551862
-61.921024
-51.770458
-72.075752
-42.185459
-70.746201
-66.865901
-71.031785
-79.708319
-71.618881
-79.899873
-84.804230
-62.968678
-90.325964
-54.943443
-76.536216
-57.601642
-66.272515
-71.184679
-62.444818
-48.286422
-69.074451
-39.003663
-65.228882
-39.547622
-51.052881
-52.169684
-35.789646
-37.855005
-35.567900
-7.284466
-31.587124
-10.739786
-34.320480
-23.034115
-23.259114
-37.690613
-21.543334
-41.091596
-55.289933
-37.314734
-55.032306
-44.028312
-47.233238
-66.864758
-38.365892
-70.907340
-57.054206
-70.180520
-65.735626
-58.909286
-67.511968
-77.512339
-60.203980
-93.599172
-60.784616
-99.929527
-94.101612
-102.278544
-103.383978
-103.022434
-87.357717
-111.320980
-85.645949
-124.991687
-91.339023
-98.531250
-106.204719
-87.226073
-93.441366
-96.841059
-71.623737
-99.169663
-50.860978
-79.464534
-64.977659
-40.436037
-55.752050
-28.878788
-27.551351
-37.199884
-13.294514
-40.788334
-28.637137
-28.503623
-47.244535
-19.939414
-49.104981
-21.955368
-18.812566
-32.497331
-11.591665
-14.622597
-26.896292
-8.958189
-57.061996
-19.749666
-53.732244
-45.874362
-35.724711
-47.865032
-41.461293
-27.924163
-53.025831
-19.227226
-54.521633
-17.791766
-30.260793
-43.064080
-36.981711
-37.640310
-44.391132
-20.731638
-55.549721
-21.259944
-44.927451
-42.715579
-33.403219
-42.273183
-28.356093
-28.740217
-43.390726
-16.280583
-41.873833
-25.282768
-17.552460
-38.660742
-11.839404
-38.725843
-18.100935
-5.953505
-0.633893
19.297355
0.564892
2.090765
29.624643
1.961128
37.146955
19.605340
33.037552
30.763762
21.789623
15.074821
14.782015
-12.648309
16.356815
-28.707079
-2.804717
-15.249741
-19.636937
-19.931952
-25.943578
-39.468316
-18.985222
-51.850054
-27.618673
-53.185063
-45.123052
-44.247866
-52.124294
-53.663378
-54.123966
-68.553819
-55.382219
-79.748899
-71.510978
-78.572531
-83.273976
-74.519686
-95.349891
-96.959211
-105.117821
-113.649469
-109.480272
-116.659872
-127.482945
-117.464733
-143.218472
-121.583348
-136.767185
-119.766342
-123.539489
-126.015663
-117.541912
-107.755034
-120.150193
-105.520640
-129.890972
-105.462970
-117.596064
-113.940399
-116.643381
-108.806143
-108.047932
-91.102174
-113.479479
-84.963103
-105.332274
-81.325308
-74.546880
-67.054838
-72.651498
-66.324768
-70.301149
-60.790381
-76.741984
-65.832389
-73.342612
-75.765042
-74.717405
-82.889464
-69.483643
-77.705587
-89.612734
-75.163953
-82.694884
-87.115405
-71.951960
-94.410077
-74.227388
-92.471909
-79.547934
-77.209984
-80.795815
-85.565657
-87.987708
-117.608016
-91.118730
-118.914582
-94.921109
-105.472605
-114.564848
-104.897911
-102.131467
-109.307010
-77.982544
-102.198680
-65.236979
-89.660805
-76.279102
-78.273087
-86.344988
-74.934848
-73.641247
-92.967450
-64.380628
-82.064696
-63.400570
-75.000721
-79.123411
-55.608120
-64.916848
-58.125541
-57.160823
-81.081019
-52.915859
-62.502859
-55.501370
-42.253935
-69.185204
-47.473933
-77.003623
-97.072908
-62.641170
-114.655323
-115.592601
-115.225350
-123.561182
-96.807960
-144.899665
-103.784570
-120.506550
-127.638949
-110.737964
-116.598367
-110.612386
-92.511821
-124.892133
-80.101056
-109.969873
-97.054035
-91.374201
-115.484153
-95.304704
-88.970806
-113.094721
-82.189453
-113.384171
-95.231039
-100.491984
-109.679598
-90.003738
-113.271891
-103.658972
-88.655456
-114.075559
-87.532363
-107.319142
-114.709086
-85.306378
-115.991809
-93.198156
-104.260905
-101.356108
-76.603593
-98.935569
-85.115760
-77.648342
-101.152226
-61.959213
-103.587117
-74.642627
-91.105345
-85.931065
-57.495848
-56.121616
-58.842056
-36.763316
-66.845603
-24.209239
-59.039320
-44.953576
-38.559128
-42.024096
-41.166864
-34.208023
-39.322954
-10.304621
-41.405788
-14.700206
-22.072454
-25.267736
-11.748926
-27.964739
-16.131071
-3.040372
-24.683781
-1.883569
-12.265012
2.808282
21.723382
3.899668
38.506831
31.497607
39.141204
42.439555
16.343120
15.220426
1.174234
-27.340207
-18.835826
-66.971307
-47.068078
-70.076144
-71.057113
-71.880080
-76.734987
-76.147525
-55.771048
-78.832606
-35.181930
-61.387462
-37.855546
-42.557354
-48.715290
-40.088718
-33.385647
-46.847447
-20.456078
-54.694969
-28.957026
-42.025182
-36.804572
-31.787412
-45.693023
-42.432165
-42.827568
-58.311218
-38.822047
-61.820073
-42.137281
-33.160350
-56.588491
-31.292076
-42.041591
-36.749574
-22.579324
-32.955829
-17.533785
-16.031660
-34.121112
1.734050
-34.986425
-8.833996
-21.379264
-21.883912
-9.912846
-23.686730
-29.367103
-7.550248
-46.149185
-19.957019
-50.887086
-35.568663
-38.302574
-47.863792
-37.924373
-31.094097
-53.509234
-27.376797
-76.610968
-46.875068
-70.675131
-73.829733
-54.381928
-74.354562
-63.332152
-37.396573
-57.587738
-27.064503
-52.967090
-40.365267
-23.779894
-37.537643
-7.681888
-21.582655
-26.405691
-10.518600
-32.057210
-12.076182
0.085538
-12.843914
20.462993
-5.844355
27.727657
19.738514
18.119595
28.381256
22.569619
18.122715
33.741922
3.103940
35.750240
-2.535380
12.735951
10.873155
0.337841
23.538639
26.293052
14.116728
49.438525
15.990619
41.091741
34.804596
18.988836
45.811717
37.243639
38.416932
52.550678
27.604399
65.404586
43.742072
46.868168
58.113894
52.418898
67.022444
61.638494
68.996520
68.984256
44.856666
76.625340
76.246381
81.118692
108.416809
68.750770
102.549816
94.017472
76.701762
89.145941
72.571999
57.083088
76.778012
51.244870
79.977752
38.325237
62.779306
55.922484
65.267846
71.192803
66.301796
55.936540
77.384700
59.269096
80.637221
77.469672
83.005424
91.194855
93.636922
88.864123
108.924210
83.578196
115.097364
97.164159
104.679569
96.576868
95.413748
74.385475
82.858069
78.065450
85.904567
84.919520
76.562713
67.777948
64.943383
88.991257
47.816376
59.154412
70.975680
60.221644
54.720465
61.424177
69.935946
71.298675
49.818891
75.343447
47.140640
75.252605
75.537274
67.554438
46.769209
63.470692
47.232846
54.764029
34.639302
52.452240
53.904488
42.957688
51.768283
51.600274
21.787314
43.746709
23.701669
56.338561
25.066184
27.080050
30.841382
11.527107
18.516679
10.262947
7.007416
25.673939
-1.822304
9.952259
-5.412315
-9.287045
29.258929
0.326040
18.991659
26.461715
-0.650144
14.301666
0.443929
-14.300157
4.996044
-31.158528
0.044631
-26.498244
-8.606999
-15.984211
-21.490709
-21.440432
-33.296462
-46.339794
-15.905821
-66.124284
-37.588228
-66.495329
-50.872715
-42.506782
-40.482940
-47.366307
-32.050234
-64.054361
-34.071056
-60.394905
-47.295086
-50.070981
-65.036219
-50.918398
-66.339758
-63.267172
-38.901107
-71.840538
-56.403685
-69.266079
-81.762479
-64.435278
-105.700914
-77.943477
-83.694381
-89.982676
-82.467137
-81.161279
-95.142818
-87.282371
-110.395144
-75.662363
-116.597424
-97.512192
-93.296404
-99.191213
-96.399058
-87.738399
-109.258612
-82.442491
-102.676981
-67.879206
-82.918031
-77.272762
-71.011527
-79.977646
-76.755120
-57.700176
-87.521522
-62.071003
-87.659948
-79.749642
-90.280017
-101.417902
-93.466820
-97.961310
-107.411535
-81.060601
-101.084300
-74.063319
-83.091087
-77.109946
-47.667932
-67.765933
-35.078167
-42.978597
-51.261410
-34.888109
-46.641766
-47.035452
-40.349331
-67.100092
-34.456848
-66.861064
-51.982626
-62.521942
-71.889167
-72.612740
-77.449471
-89.689327
-67.546110
-105.881995
-67.554544
-95.551409
-80.260147
-74.599804
-76.510406
-82.189637
-73.491701
-92.913014
-64.349427
-86.383357
-77.503172
-88.525955
-97.514666
-84.200175
-89.758421
-96.822523
-78.193493
-106.047008
-81.371396
-93.934961
-90.235332
-87.361416
-104.747295
-91.814714
-109.399600
-114.207545
-91.820520
-109.122561
-105.284285
-101.167684
-111.275651
-78.871431
-91.846846
-69.455973
-71.874233
-82.168067
-70.062014
-68.727280
-77.298203
-42.231192
-74.885773
-42.635624
-72.067458
-65.032622
-57.170102
-68.614732
-72.185378
-61.122711
-81.843368
-50.674021
-87.825184
-68.449518
-77.068229
-90.863763
-84.111183
-90.097675
-99.941340
-78.104931
-117.249019
-93.991777
-112.812358
-110.967124
-95.695895
-118.133217
-107.092391
-110.511592
-119.699906
-93.802791
-114.161295
-113.464290
-94.141090
-114.274506
-80.754663
-110.660456
-91.345985
-83.401989
-98.388040
-83.603172
-92.744007
-115.103031
-85.046262
-122.568604
-94.117133
-122.251176
-121.293825
-113.684325
-135.802818
-141.787046
-136.715512
-175.208170
-138.576436
-178.172460
-163.782493
-171.140799
-173.116118
-151.802947
-162.042986
-174.200782
-151.574014
-190.498891
-160.440468
-185.657716
-177.153521
-163.525128
-178.620832
-160.288255
-166.063782
-174.098791
-146.232363
-163.236801
-142.745892
-132.074702
-147.786008
-115.747370
-143.748772
-122.430697
-97.364800
-101.142110
-89.993535
-90.124864
-99.912101
-76.986225
-115.336327
-84.066703
-106.561905
-97.557474
-91.205813
-93.848850
-94.595919
-83.699438
-107.679934
-76.209384
-108.097836
-79.813116
-82.310649
-81.792595
-79.001015
-70.549177
-74.836684
-52.224257
-74.123394
-45.360817
-63.617799
-48.929572
-39.752193
-50.789827
-36.529084
-35.214521
-46.652822
-31.706925
-52.139746
-38.544068
-36.967592
-39.977570
-18.337620
-34.958422
-18.368474
-17.864135
-24.370331
-12.964849
-3.293747
-7.391721
8.044335
-18.075045
-2.812966
-30.615984
-19.781794
-28.802943
-34.275302
-34.499708
-31.451986
-57.487431
-31.135191
-54.739707
-25.910166
-37.923782
-33.110670
-41.596426
-55.951877
-66.058476
-55.236900
-73.992287
-47.465906
-73.303679
-68.504524
-70.087756
-76.766712
-71.031918
-75.094382
-94.368459
-72.170448
-83.497462
-76.974635
-84.442662
-92.331091
-73.477899
-79.714613
-70.533355
-64.732239
-78.274614
-69.939928
-76.976395
-88.236026
-65.622940
-93.564678
-71.893140
-97.415631
-91.036583
-82.102513
-89.004131
-85.372049
-64.596387
-93.778619
-58.372790
-99.628544
-83.980942
-84.385822
-91.133430
-79.975604
-77.971858
-91.313212
-52.035312
-88.309711
-53.163081
-77.340185
-69.531541
-60.673995
-72.307667
-69.105277
-71.940832
-83.245227
-47.194540
-67.738963
-49.599815
-52.517819
-69.802011
-38.515837
-52.266044
-45.627160
-28.959476
-45.695518
-25.096934
-26.355423
-33.792450
-1.328895
-20.591285
14.886004
-4.170756
-15.815272
-9.840910
-25.296639
-17.425891
-2.842121
-38.910628
2.543329
-38.423069
-17.364733
-29.924221
-44.787142
-31.028931
-34.432883
-46.617875
-13.542443
-51.543498
-9.696781
-43.487450
-36.793346
-28.533695
-46.280644
-38.154219
-35.350159
-62.752597
-34.274085
-75.249700
-58.069534
-56.892416
-78.974531
-50.994030
-68.632614
-59.488655
-54.692784
-80.635168
-50.443616
-55.029310
-48.265726
-20.004539
-50.711014
-19.474911
-34.689938
-29.009694
-11.003677
-14.761684
-12.234876
1.429290
-20.916050
19.466735
-20.689171
11.715185
-6.533460
-9.023216
1.110432
-3.949210
-12.017751
8.855022
-19.735782
19.080257
-10.942282
5.250167
4.966151
-4.117454
2.688104
4.816762
-16.081787
6.926496
-22.250444
-7.115586
-17.887435
-22.779038
3.681105
-7.348957
-2.739506
-1.043551
-20.887275
-2.168407
-19.141544
-15.607485
-7.528272
-39.937892
-14.282414
-33.357712
-26.793125
-16.586829
-20.681199
-8.135445
-5.083956
-22.063506
14.890711
-24.829531
-11.635929
-15.351942
-15.543179
-6.675003
-12.809681
-25.413584
-11.770988
-43.165822
-2.760179
-29.928140
-15.186915
-11.455595
-22.440776
-5.843134
5.880771
-9.551845
25.304213
-2.859571
20.500082
18.058635
6.992203
14.513722
4.835467
13.228975
30.280816
10.485918
35.227015
22.028130
22.830527
37.977389
14.547234
36.844921
30.229462
28.101580
36.459307
13.093042
17.997825
21.514648
-9.789332
27.704932
-2.549760
22.079225
15.465302
4.654448
6.354667
2.547407
-4.708218
21.652827
-16.856862
32.862703
13.000933
24.323985
18.852009
6.447545
11.526574
28.700990
14.033921
53.115258
13.870359
41.863671
34.960299
24.579140
40.706830
31.010805
35.427313
44.151862
16.656914
37.935641
17.973040
12.055791
32.829704
2.791495
32.048970
22.202386
16.578054
31.778956
13.178388
19.734108
24.504052
-5.303505
16.846726
-20.863101
-5.721405
-24.352124
-39.715328
-43.603888
-40.416042
-46.595497
-26.344524
-54.638683
-13.067510
-37.421251
-20.869128
-25.307381
-33.850970
-36.771075
-19.952208
-30.201078
-2.075879
-43.208562
-21.651568
-24.228540
-25.877414
-10.041396
-14.026442
-16.045697
-10.150675
-42.251580
-28.173729
-37.850132
-26.255101
-22.204381
-45.676007
-35.651268
-48.745824
-49.380746
-37.843749
-43.341527
-34.470861
-37.046216
-47.736519
-25.194691
-39.759331
-15.316768
-24.679766
-16.879649
-15.618783
-20.121920
-30.341393
-3.462314
-15.290559
16.023093
-5.063048
7.942507
-7.726412
-3.002234
-8.214872
-3.232494
-20.540548
0.204843
-29.540718
-5.334351
-19.110001
-15.044947
-18.367459
-24.230345
-32.944328
-22.683988
-52.568331
-49.154388
-64.787414
-67.938403
-47.875737
-64.550046
-58.042514
-68.000309
-73.364374
-63.316292
-87.001054
-70.573785
-67.465658
-85.456657
-57.344342
-85.545698
-76.107497
-81.433753
-78.720412
-78.416725
-79.433544
-100.526133
-83.033968
-117.896269
-85.770688
-111.142872
-104.853789
-103.672262
-110.373060
-105.769136
-96.904278
-130.744535
-85.225126
-113.241059
-86.241554
-81.607900
-91.305548
-77.032121
-82.464439
-86.121348
-59.816719
-95.321884
-57.850226
-78.818542
-68.667657
-59.885331
-87.227996
-79.067212
-87.094745
-104.280540
-80.002093
-97.962604
-89.265514
-79.785245
-93.885740
-65.441363
-91.595347
-63.025522
-71.745932
-69.798424
-41.869282
-59.402790
-60.092750
-25.750655
-63.012574
-22.356270
-42.757110
-26.040816
-22.069195
-36.540238
-31.855143
-12.502150
-40.065528
1.595687
-43.946072
-11.401945
-11.616196
-32.091399
-21.883503
-41.386599
-48.322503
-38.012242
-69.993493
-43.787661
-65.926639
-60.973685
-54.359682
-78.573090
-65.139503
-68.318914
-69.310128
-54.854706
-67.343195
-54.749860
-60.186523
-82.379305
-63.100763
-83.267001
-66.933140
-71.213106
-76.472007
-64.421793
-68.368357
-72.167936
-45.297246
-70.589032
-30.637582
-55.102554
-38.973572
-37.427274
-40.719425
-35.740886
-19.926268
-45.393852
-16.093033
-55.928711
-28.468288
-57.643419
-60.748053
-53.263284
-58.653694
-57.676232
-44.229286
-69.460815
-31.945711
-63.495165
-43.299158
-37.186459
-46.336003
-28.952170
-33.725042
-40.394218
-15.768549
-39.351718
-15.538170
-14.412894
-26.476296
-9.571785
-45.638447
-26.865028
-33.861280
-54.371376
-32.160862
-45.628441
-51.789780
-29.604822
-64.060659
-24.082879
-50.126651
-39.782831
-43.625126
-53.644891
-38.782405
-24.868157
-50.915632
-14.023058
-53.763474
-18.843951
-32.750452
-32.216470
-16.437128
-23.677667
-21.952521
6.660150
-26.157775
19.208225
-9.714593
2.135978
17.384469
-1.518056
6.615950
13.361955
4.783402
27.552877
-5.702147
14.740108
11.442306
-8.905632
21.247939
-10.498432
2.969034
5.893401
-13.232059
-0.683267
-25.534707
-28.551682
-4.822625
-37.381529
-10.365113
-35.957921
-22.996435
-26.074047
-36.324658
-35.013546
-28.106727
-57.773935
-25.687696
-62.114052
-41.007851
-54.093133
-58.327266
-47.404219
-56.593815
-61.695547
-54.522465
-85.961556
-56.079805
-87.774501
-74.789986
-69.783143
-79.199754
-77.958823
-83.222698
-91.761909
-67.010443
-88.781225
-63.924637
-68.086132
-79.363992
-56.329457
-76.075607
-67.457101
-63.369668
-71.289179
-54.855632
-69.380437
-64.424019
-47.258269
-72.470728
-42.201584
-55.330360
-53.259845
-56.934562
-56.437031
-39.693256
-26.672407
-40.846926
-6.395810
-29.283935
0.346363
-16.426187
-10.799385
-4.774320
-7.013133
-15.986792
11.198733
-12.271330
7.279304
-19.171346
-0.971377
-5.619685
-2.303078
-0.317924
3.446604
3.185273
22.381531
5.430125
15.680919
11.628108
8.596938
10.418089
-0.260159
1.731383
-10.837125
-18.741632
-14.328668
-25.769980
-30.782703
-20.883643
-49.714609
-38.928913
-61.085172
-51.059244
-44.024915
-38.260353
-36.537278
-25.651640
-48.802901
-19.495888
-35.505236
-5.388132
-14.915501
-8.093181
-10.031631
-5.780414
-10.636166
19.229737
-6.602140
29.925097
12.358891
29.309472
27.636508
16.863089
20.090267
24.566817
5.592548
29.396765
4.801302
29.254641
21.506286
11.705106
33.493350
12.890289
20.428586
31.169951
2.125583
17.315003
0.319969
-6.135491
11.612578
-18.320712
7.126107
-19.232233
-20.691059
-16.732072
-33.825843
-19.772073
-13.480829
-38.074146
-1.564626
-38.707450
-16.613078
-29.809635
-42.368066
-31.004502
-45.538916
-73.547404
-46.149745
-75.864444
-35.059129
-56.708691
-48.381657
-52.539652
-73.911504
-69.247626
-72.900487
-98.035037
-63.555436
-109.716419
-88.472868
-95.262649
-102.678105
-90.235397
-113.340664
-109.133331
-93.400992
-124.108037
-113.031456
-139.184695
-143.520469
-134.529204
-163.870413
-141.957435
-162.126841
-159.579856
-157.097142
-176.344031
-167.394730
-174.491090
-194.439105
-164.144043
-202.684986
-173.472056
-191.256769
-189.656033
-184.027225
-193.448281
-189.573159
-177.252335
-211.742265
-173.093778
-198.502893
-177.213195
-173.475096
-175.744879
-166.386483
-158.279709
-168.309890
-148.975577
-177.445405
-142.524117
-162.107927
-160.088685
-163.675217
-179.278523
-162.924278
-151.893211
-158.494773
-141.572516
-167.841849
-167.007099
-159.618347
-181.574955
-161.806040
-184.237234
-181.105590
-171.359499
-181.100030
-161.778570
-159.768382
-167.909590
-139.883321
-174.298071
-153.326026
-167.884448
-173.074459
-177.581373
-182.230492
-180.691208
-157.800121
-188.349593
-148.742919
-187.043826
-162.945270
-159.480053
-164.148390
-158.670713
-154.163349
-174.287241
-154.397989
-188.370432
-153.689021
-160.913466
-172.028034
-149.006925
-168.116542
-163.665500
-151.910325
-167.195767
-140.168440
-161.290802
-153.280822
-146.592559
-165.602503
-133.884389
-144.292297
-148.194870
-126.313709
-152.408936
-137.356632
-138.888822
-164.197379
-133.000288
-172.148306
-152.438901
-158.883500
-165.725057
-150.122454
-156.328208
-164.533359
-148.145302
-189.595794
-148.840601
-179.344494
-170.611817
-175.218676
-182.353693
-175.589277
-181.935586
-208.640464
-173.307256
-210.197315
-179.318722
-183.663203
-175.106735
-160.825118
-166.381787
-162.247345
-143.377807
-173.793155
-155.482935
-166.615492
-147.243905
-144.396496
-152.685388
-127.576202
-134.615558
-136.656827
-118.627726
-128.895612
-104.475508
-95.096554
-105.794999
-82.309944
-102.550964
-86.893835
-100.924139
-92.408027
-91.180235
-88.077600
-89.713349
-67.322859
-97.195328
-72.361069
-85.271192
-62.423925
-67.852377
-64.044792
-63.510647
-61.968291
-80.522693
-57.636525
-80.005739
-54.756060
-62.156216
-47.607099
-50.110179
-55.172124
-63.875915
-49.603443
-67.671508
-46.706187
-63.969293
-57.527973
-66.052758
-83.118295
-71.541281
-87.689647
-95.079232
-85.278885
-109.367527
-96.532526
-98.588217
-110.809955
-89.932880
-125.663193
-113.531166
-122.366701
-127.137587
-122.216669
-126.087792
-133.370805
-117.409479
-147.483820
-118.549834
-134.557320
-123.271667
-116.712269
-116.874365
-114.019356
-103.226295
-127.026524
-99.666859
-137.044232
-106.959148
-117.915581
-117.535691
-109.126144
-112.403691
-123.549093
-102.968099
-133.649733
-93.517047
-121.769693
-126.940815
-113.597972
-129.819607
-101.249712
-106.232248
-110.392200
-78.969971
-105.842830
-91.310086
-92.179723
-106.242098
-78.755700
-105.438097
-89.348153
-85.482779
-89.958109
-71.965889
-86.676996
-98.379095
-77.275321
-125.928587
-93.597772
-114.968917
-112.222622
-115.676075
-132.307138
-124.642659
-128.263888
-151.661896
-114.320856
-158.949402
-125.706353
-138.148925
-147.456615
-142.069120
-152.402370
-156.065748
-139.634324
-173.017490
-135.059809
-158.541325
-151.049208
-156.785781
-168.868876
-151.008069
-157.719212
-156.439907
-132.329649
-165.357138
-136.061696
-142.779444
-152.367300
-122.851710
-147.645615
-127.435524
-133.005857
-140.810494
-129.285428
-140.647016
-132.713797
-121.781310
-144.599862
-104.468521
-131.791917
-114.173653
-126.892679
-140.553877
-132.014706
-129.488691
-140.961235
-105.470029
-146.138861
-106.578063
-126.179869
-127.874684
-130.192403
-134.326514
-153.403435
-146.076921
-172.416578
-140.055511
-167.481606
-150.895983
-150.371037
-164.458946
-143.855233
-145.777033
-155.155157
-129.295291
-152.345816
-139.531757
-139.913717
-150.191405
-130.556952
-169.394123
-145.688718
-146.893142
-161.518874
-137.161720
-149.560135
-151.915260
-134.230940
-160.267575
-123.762918
-147.032812
-130.953430
-145.490195
-159.770464
-156.656060
-147.971845
-187.847752
-147.805132
-183.581975
-161.317397
-179.005123
-183.692242
-184.093326
-183.054262
-186.773742
-162.711394
-195.045943
-152.320660
-180.738875
-166.902608
-160.625152
-174.207304
-150.856115
-150.210776
-169.271842
-130.948252
-171.649118
-141.821173
-146.062420
-149.501526
-132.759170
-138.738857
-127.329732
-137.828829
-152.589955
-147.387743
-153.027856
-155.075905
-139.936205
-184.385192
-149.278968
-169.673642
-163.541576
-153.371103
-160.554419
-161.636482
-143.965374
-150.497429
-151.982737
-172.358598
-144.838934
-153.108031
-153.177930
-148.496268
-154.937246
-171.756411
-145.857013
-174.257651
-133.677715
-160.516656
-135.548224
-133.994498
-125.295171
-129.062546
-126.364528
-134.419495
-126.322338
-141.279526
-119.647199
-143.307575
-133.284634
-126.970007
-127.607639
-126.523100
-114.908734
-126.949120
-119.440033
-124.184172
-141.947174
-122.415617
-140.418124
-124.773103
-143.889494
-127.423584
-144.139502
-143.453782
-145.905775
-153.455432
-170.163035
-138.124870
-167.639342
-132.405107
-181.058428
-148.185028
-182.090460
-180.401830
-185.540794
-156.354344
-173.667548
-124.336393
-189.249424
-162.209917
-149.979290
-172.344784
-168.655889
-154.722607
-181.585084
-173.236451
-177.287581
-157.156574
-167.463214
-155.118581
-146.619730
-156.048274
-152.615751
-130.512550
-147.532645
-133.011703
-148.156053
-143.634206
-127.093407
-153.247728
-135.074322
-144.844481
-136.796464
-130.476781
-133.025184
-141.169879
-150.102996
-145.649370
-115.320968
-156.975451
-108.630048
-122.996265
-124.777186
-109.904505
-88.374111
-125.320031
-85.195567
-138.718901
-87.381465
-101.870722
-100.385999
-79.819616
-102.920045
-92.463904
-89.631256
-106.861715
-76.882498
-109.197461
-76.555432
-85.080828
-96.961596
-81.622392
-89.695835
-86.762290
-79.767992
-88.594140
-76.465212
-99.683759
-93.090548
-89.857710
-122.026918
-89.109638
-111.195265
-98.858339
-107.267440
-117.539677
-103.045005
-108.524114
-115.271572
-88.974154
-131.203812
-100.495163
-114.335333
-109.163596
-101.385395
-110.892998
-108.270621
-84.994604
-124.547956
-90.653324
-119.188330
-93.643651
-101.725147
-101.799087
-97.014936
-93.277489
-115.774002
-88.846826
-119.499447
-99.642342
-122.094703
-125.195928
-124.252803
-140.366611
-131.535691
-126.634475
-145.645556
-127.979474
-138.711640
-138.941795
-131.739552
-157.921915
-133.736084
-144.958192
-147.112843
-137.377351
-160.595046
-155.549529
-165.660945
-190.002585
-157.545999
-192.812228
-165.554866
-177.953694
-185.371398
-163.456248
-156.418682
-147.891352
-119.821339
-153.867553
-120.310838
-151.319161
-122.999226
-124.170115
-131.681503
-132.667793
-131.687620
-159.684640
-129.975228
-166.551467
-143.905494
-155.391736
-154.254814
-136.273746
-151.207743
-149.782822
-126.343354
-151.234810
-127.966074
-140.738389
-138.476663
-134.454950
-156.497421
-129.839258
-142.677030
-140.896860
-126.482411
-136.018180
-124.051994
-126.232416
-137.069650
-98.899386
-132.068064
-106.602250
-104.305028
-104.249958
-90.756643
-91.162754
-94.196240
-76.930494
-118.656071
-77.718241
-108.345312
-97.797386
-101.440998
-108.530990
-103.382556
-101.592438
-124.382620
-100.348836
-134.741687
-114.783482
-141.622221
-142.839278
-138.962965
-145.629167
-142.329782
-130.487469
-144.376542
-122.698344
-133.749959
-124.131946
-124.943811
-127.773958
-116.959102
-119.263752
-113.064766
-104.765937
-110.119422
-102.979580
-105.065061
-116.700567
-98.435094
-117.028397
-102.585303
-122.485712
-122.888151
-132.775119
-135.299817
-134.983115
-122.093289
-151.243168
-117.297328
-143.458690
-122.085557
-118.575861
-114.813404
-110.740960
-103.344822
-131.167994
-99.408947
-124.993806
-94.472382
-105.190816
-104.724273
-97.669849
-101.009584
-105.174922
-84.462632
-105.541243
-69.073206
-95.715313
-98.861482
-90.204564
-114.669247
-104.854218
-115.256934
-131.948796
-114.474475
-130.591284
-119.329342
-120.286072
-142.450182
-116.866781
-146.342801
-129.123939
-131.771545
-148.025384
-127.961647
-140.985684
-150.760105
-124.631182
-159.969059
-123.786195
-148.087885
-136.328470
-125.703386
-132.966310
-132.239468
-124.678470
-150.392025
-111.144009
-156.627592
-126.671967
-143.588312
-142.890014
-127.778758
-139.845687
-138.670592
-119.092365
-147.662666
-110.585914
-131.458017
-124.115881
-123.619353
-142.355751
-128.631987
-136.571749
-135.713191
-112.337224
-137.204397
-109.585635
-121.064711
-135.474660
-106.172072
-134.884513
-116.598986
-117.048119
-120.102301
-102.075631
-106.729504
-109.828895
-85.134763
-115.566120
-72.870552
-97.893902
-86.118728
-84.561888
-88.150477
-68.363169
-64.693330
-84.853211
-59.197273
-94.402749
-72.092319
-100.033671
-97.063816
-95.426960
-105.710823
-108.423503
-86.977690
-111.126783
-80.401918
-100.500955
-85.514934
-83.461010
-103.024133
-87.434743
-92.553167
-95.128007
-67.088994
-83.370598
-54.149496
-52.645173
-62.887391
-39.797047
-60.657230
-43.696710
-41.294435
-50.813157
-23.783905
-32.290130
-38.067874
-19.634920
-59.762371
-28.494320
-50.220687
-34.118134
-32.594948
-37.440843
-29.643818
-21.225698
-36.503793
6.358181
-27.792308
-2.162302
-15.797637
-20.856710
-15.523053
-21.317956
-29.855313
-5.758030
-35.948909
-7.418479
-35.563279
-33.713833
-30.155161
-42.142140
-29.244583
-32.912723
-47.466779
-23.051530
-47.968858
-36.192528
-36.030109
-40.330837
-23.489753
-53.496448
-48.267331
-50.062560
-73.873201
-71.435012
-85.548956
-95.646105
-80.386863
-106.634654
-84.524578
-103.792521
-88.570105
-85.069284
-88.606745
-82.376970
-78.416387
-107.641232
-77.679801
-117.619951
-100.166004
-111.427203
-108.831760
-100.644196
-88.310844
-81.013477
-49.919493
-71.158930
-44.754152
-67.410476
-46.052226
-50.385055
-59.799097
-54.487728
-49.377581
-56.292149
-37.863430
-56.372230
-36.422737
-39.086423
-36.109395
-27.248333
-45.426855
-41.816820
-42.657459
-49.636926
-41.602396
-45.246887
-48.020786
-37.735293
-59.777573
-33.315120
-45.560640
-34.352566
-29.303228
-32.413111
-34.946721
-33.205686
-65.024274
-39.714676
-71.652700
-51.299374
-66.488522
-64.551574
-64.596276
-57.990187
-65.586516
-44.378923
-74.502721
-49.002546
-70.385045
-57.897629
-55.668909
-68.267504
-55.836538
-58.396384
-72.974599
-35.726324
-65.508798
-40.065787
-45.294070
-56.051742
-32.709018
-55.253946
-54.200249
-45.907403
-64.685036
-43.366575
-64.198858
-64.876385
-37.127756
-64.451884
-37.327143
-55.999289
-54.031973
-47.293679
-65.345946
-64.297862
-65.155362
-109.310462
-71.053698
-95.813205
-77.516072
-94.504775
-92.974033
-86.397225
-88.871301
-96.850110
-75.965626
-113.993147
-76.696744
-105.404539
-86.466997
-80.033411
-97.354582
-95.088076
-99.912091
-123.528471
-95.931067
-131.444516
-115.172515
-121.433774
-132.430723
-116.911137
-136.635665
-120.465757
-113.455298
-132.434708
-114.112728
-129.467077
-124.254277
-112.697801
-123.071184
-93.931351
-118.324030
-103.971600
-87.348795
-94.786856
-72.965968
-62.744487
-68.117319
-31.987640
-52.701302
-21.233316
-25.238294
-8.694209
-0.165807
1.785639
-0.201053
17.072142
-2.673462
37.167606
5.102539
26.213183
18.873366
6.534354
15.823379
14.477914
-3.104158
25.070626
-14.088385
7.002197
-5.913360
-17.247575
-10.491378
-34.368601
-36.454064
-25.552298
-53.848565
-26.286906
-52.041508
-53.833839
-37.146210
-62.311602
-24.142413
-34.317707
-34.978260
-20.207066
-37.719498
-24.763930
-13.158175
-35.575230
0.640573
-26.262214
8.953368
7.565690
5.199987
19.695246
18.158990
9.678076
44.681251
2.084025
42.637670
16.190260
27.605825
31.614327
16.459910
25.749594
29.672772
6.612604
35.415534
-6.769894
19.939908
14.400139
-4.742393
3.483146
-17.164976
-24.592045
-19.539032
-41.029418
-16.815099
-38.028625
-30.804222
-20.094336
-41.470426
-32.322750
-41.628729
-34.367779
-24.268356
-28.377925
-21.041101
-15.661587
-25.357589
4.729841
-16.528568
4.632545
-3.174620
-5.232107
-10.345892
-11.973590
-23.584393
-2.639527
-22.672676
11.700833
-11.307786
-0.873777
-2.350615
-1.478262
-5.533313
1.520305
-23.892955
-6.375745
-29.088633
-8.503861
-13.727077
-5.273636
-1.808208
-13.159355
-26.126870
-19.753316
-42.675755
-25.883314
-39.162187
-34.502616
-30.469369
-48.188816
-29.708681
-41.261905
-44.328072
-29.115725
-58.849195
-48.940966
-49.961172
-78.160698
-40.760994
-70.797885
-56.101088
-55.456266
-65.196790
-52.740520
-53.872539
-66.123532
-32.839445
-75.637787
-32.318272
-57.058512
-50.364554
-30.256095
-40.385572
-32.589837
-28.751158
-59.863474
-26.689450
-59.857749
-21.364951
-24.381972
-20.440174
5.604006
-2.895990
-5.567969
10.302421
-11.087671
18.541742
-12.216080
-6.539069
5.095141
-20.663016
-2.866890
-5.314726
-16.522475
11.114852
-13.300965
-4.180449
5.274306
-11.697985
18.216276
-10.900322
3.104097
-0.644010
-7.698995
1.281118
-6.393168
-5.863156
13.168960
-27.632413
8.319907
-22.885836
-12.899373
-16.533117
-13.559835
-11.920373
-13.377213
-27.142565
10.630002
-21.449759
11.430921
-3.026797
-0.042026
5.389671
5.758316
11.682699
27.564998
4.013477
26.357059
1.187763
10.876861
14.565850
0.087372
8.094258
-0.321401
-9.036177
15.392257
-8.139934
2.833788
-2.073608
-22.431041
-5.104847
-33.760993
-18.168320
-26.371809
-44.757502
-30.639375
-38.033763
-50.184087
-25.553593
-56.635059
-25.470420
-48.535586
-47.515300
-39.469156
-48.328125
-54.258625
-42.761664
-82.163495
-47.413873
-91.998625
-73.485900
-76.104888
-76.166655
-47.831904
-47.071921
-60.482383
-34.875476
-66.303279
-36.685187
-55.883739
-47.247904
-34.288811
-41.386702
-29.589201
-22.235680
-36.871874
-14.989973
-35.959914
-21.516882
-17.582948
-57.798657
-36.938448
-66.683103
-59.580147
-57.667173
-68.523459
-57.896843
-65.392644
-66.618033
-32.918057
-65.075594
-32.309369
-56.691952
-52.496630
-47.889846
-52.061362
-43.489471
-32.951173
-54.092930
-32.986359
-65.135548
-47.777449
-59.414588
-55.967487
-59.446379
-51.629898
-62.084094
-52.976405
-78.273642
-58.659306
-75.422309
-72.526404
-73.889491
-78.872321
-81.412667
-81.850086
-79.031655
-65.854630
-88.875534
-75.933390
-69.323004
-73.489779
-54.353799
-64.971333
-56.305988
-51.626382
-54.153020
-46.796005
-52.925636
-66.466716
-43.738858
-77.259040
-55.033275
-73.749411
-69.355837
-57.681821
-58.777750
-64.392345
-44.689872
-74.492112
-39.282698
-73.006723
-54.866146
-58.781467
-62.347324
-57.240984
-56.980457
-77.134107
-48.049511
-95.010453
-66.165803
-83.409252
-76.116222
-60.397023
-77.861935
-64.175860
-60.196831
-80.850840
-43.587622
-67.557700
-47.426826
-43.506954
-64.447370
-30.276725
-52.027127
-51.004010
-40.739362
-60.802514
-44.128984
-57.286897
-69.039365
-42.573542
-78.565986
-48.698841
-67.153705
-74.262586
-73.662430
-86.043149
-87.034186
-72.211239
-107.062431
-68.805504
-106.093936
-85.072803
-94.571278
-103.438390
-90.257597
-94.068856
-101.800451
-70.479089
-109.176102
-71.923382
-100.347481
-89.280724
-80.542128
-89.126709
-79.720161
-82.442537
-92.736753
-66.461071
-100.131389
-70.272068
-70.543659
-80.307530
-74.725315
-99.433991
-91.236071
-78.876862
-89.935999
-72.028853
-75.313422
-78.314527
-62.529362
-96.700304
-74.877795
-88.093553
-86.090151
-74.768493
-81.596457
-78.485445
-66.907392
-98.097875
-57.119494
-92.728920
-72.504661
-81.987966
-87.070514
-83.519492
-84.029202
-102.247795
-76.305439
-115.126743
-79.404160
-99.414416
-89.195542
-75.908782
-90.068493
-88.218649
-89.824793
-110.644371
-73.007044
-97.947574
-77.048458
-77.260362
-96.075404
-81.065045
-101.197789
-109.066962
-100.356588
-126.783653
-103.280663
-106.164128
-118.112657
-96.961114
-122.343637
-99.242666
-107.858436
-105.929978
-96.686781
-102.053166
-106.148498
-94.793091
-126.666074
-92.169651
-125.282361
-102.744683
-106.682031
-108.834727
-97.330977
-91.473084
-107.579272
-78.211176
-98.730036
-66.737273
-84.108495
-69.520076
-69.290212
-63.895549
-57.365117
-36.602602
-45.961957
-22.647132
-49.189527
-42.662926
-54.688950
-52.737335
-52.728343
-61.948087
-64.967001
-69.763914
-70.987612
-53.590848
-64.859470
-70.583715
-62.841369
-70.578277
-50.065044
-57.155727
-56.358219
-43.655814
-35.740014
-31.513377
-13.803797
-23.166345
12.189271
0.145217
14.628960
7.105727
6.934694
18.860712
29.548697
16.364375
53.064944
14.123622
49.060851
34.362471
30.477468
39.007511
31.131060
40.404563
57.332698
21.567819
53.729271
23.314947
41.692877
39.025042
18.362680
23.823411
8.881964
1.512838
19.293154
-15.812273
2.375688
-5.531530
-15.701352
-0.902429
-29.496929
-13.088700
-24.941977
-45.591768
-32.433937
-49.121389
-54.353442
-38.271326
-72.766258
-47.442847
-77.919405
-65.090861
-61.957745
-71.540399
-61.954708
-65.909560
-89.276288
-56.585060
-95.912759
-60.713483
-87.540780
-98.271881
-94.347992
-97.340304
-94.016599
-82.072708
-105.979367
-78.857765
-112.343427
-87.448297
-95.915362
-101.612136
-83.419468
-90.325118
-84.682212
-60.874618
-77.249088
-45.050730
-53.550286
-47.205203
-36.406062
-56.768123
-41.509314
-46.148058
-43.179375
-24.908415
-40.198744
-29.305300
-25.576554
-41.289427
-13.375573
-41.650976
-14.133980
-10.578508
-16.551593
-5.951785
-1.348942
-33.727413
-11.337431
-53.859903
-18.143574
-33.753945
-32.350547
-24.072121
-34.283203
-39.979917
-19.462878
-52.158088
-15.473983
-52.065112
-31.389522
-21.285462
-37.517660
-16.823458
-14.771193
-28.412405
4.317972
-23.185317
-4.038895
-13.466891
-11.681736
6.942517
-14.412484
7.249507
14.179286
4.455864
28.269237
5.577418
8.999567
19.604411
-6.493437
25.756245
2.178717
7.603626
4.362261
-6.802974
2.042368
-0.685513
-18.518852
17.325469
-14.201516
19.331019
0.476266
11.321132
14.865628
2.700031
-4.870604
6.384462
-24.569212
-1.578818
-31.899032
-14.948743
-21.730232
-13.144358
1.319772
10.875156
-1.170276
13.197238
-6.168098
19.429136
5.418064
4.771396
16.141716
6.152175
13.305562
9.445073
0.678921
17.216917
5.419474
3.238696
8.009466
-11.366848
6.449562
-10.257782
1.981724
-3.365725
-9.170869
-2.479886
1.928181
-20.191116
5.838431
-18.502743
-1.201692
-11.315464
-5.767755
5.301113
4.186991
-5.305001
17.575965
-19.952502
13.793067
-20.506161
-2.370972
3.977761
-6.668952
-6.051385
-3.396467
-17.875453
3.960389
-30.599252
-3.034909
-7.874802
-16.577354
0.139037
-26.785547
-19.728745
-10.256019
-40.224238
-13.185523
-29.584734
-18.444270
3.419511
-24.419013
3.696573
-20.416447
-14.379068
-2.650349
-22.073115
-11.229226
-12.886418
-37.989110
-2.756116
-39.433333
-1.245723
-11.585252
-15.122709
-2.052552
-6.503134
-6.437345
16.353203
-16.666703
21.024455
-25.188014
-4.121150
-5.559865
-11.682564
-8.463070
-14.256033
-31.700856
-8.333482
-37.568185
-10.705850
-29.971360
-39.313964
-34.086876
-45.337315
-34.256095
-39.220428
-50.434416
-25.645359
-49.203366
-40.991875
-33.657082
-52.433162
-26.637904
-39.643864
-25.579289
-14.987715
-38.227884
-31.322609
-31.106590
-49.456103
-24.801082
-62.932985
-40.388478
-57.689849
-61.076687
-54.765303
-60.722119
-66.862203
-40.861919
-73.186961
-35.493547
-64.291295
-45.735776
-47.128153
-58.321374
-48.074989
-40.159673
-55.228460
-23.229844
-64.518296
-36.818131
-46.168112
-49.519484
-32.083402
-44.874525
-40.248424
-28.669814
-48.897221
-17.500831
-45.821332
-44.744560
-33.726904
-56.939931
-32.862961
-41.348649
-37.206071
-9.605778
-22.983575
-8.464288
-1.671344
-21.963325
9.070500
-23.576644
-5.949828
-7.544877
-4.265188
2.346692
-1.113333
-9.072323
5.343460
-28.903527
3.897294
-24.907213
-17.259456
-17.680719
-19.714469
-21.021308
-19.981391
-43.525929
-20.160644
-46.848157
-25.484949
-45.733044
-43.505472
-43.436738
-47.893929
-49.584225
-40.568102
-53.959655
-31.627498
-54.423820
-55.184653
-59.817863
-71.921864
-61.640373
-68.555384
-72.205805
-70.850544
-77.355156
-70.884863
-72.161114
-82.943974
-58.527372
-74.240494
-57.584827
-63.336265
-65.185531
-65.492073
-62.301747
-82.875538
-62.719633
-100.471943
-71.727518
-95.014563
-86.761551
-77.501846
-87.492312
-78.367545
-66.480219
-92.592681
-52.471230
-86.403830
-57.101677
-59.094569
-63.399334
-47.645539
-56.553826
-64.030335
-42.263646
-67.582440
-38.515433
-59.945679
-50.299634
-41.712637
-62.346451
-42.955552
-36.660379
-48.684351
-25.913139
-49.342609
-37.942865
-33.776345
-63.617710
-30.407147
-53.314729
-23.996311
-29.536377
-45.236470
-33.058453
-44.186087
-55.981139
-29.643256
-66.272052
-28.637723
-57.879681
-48.958282
-45.411885
-51.699419
-53.246394
-40.579679
-53.503506
-19.664833
-60.446199
-24.151439
-41.626016
-42.434499
-32.247759
-42.807772
-51.192746
-41.196570
-70.904001
-33.534185
-56.031376
-50.203605
-50.149580
-57.415907
-39.909767
-55.021403
-60.897698
-47.753662
-63.661458
-42.162244
-45.351937
-51.873882
-27.205333
-62.455144
-46.499653
-45.311712
-50.103758
-35.108010
-40.382189
-47.369463
-19.745981
-55.410004
-16.359656
-42.065352
-32.774533
-31.388927
-46.480054
-45.010370
-41.895933
-81.347595
-50.323882
-91.999226
-77.859190
-95.869493
-103.967180
-99.576589
-104.443733
-112.439096
-74.204625
-106.522721
-79.382682
-108.826653
-109.814892
-96.231934
-111.740144
-90.568898
-78.614345
-89.461704
-73.915278
-97.759000
-78.253777
-63.123668
-68.391571
-47.836627
-65.913961
-55.627334
-55.840864
-63.835495
-51.311472
-58.396478
-70.846373
-55.465984
-78.595988
-48.674000
-61.698807
-43.806838
-42.821375
-46.818489
-45.676680
-38.554733
-54.703932
-30.876039
-67.847568
-48.490796
-68.703962
-69.548139
-70.540010
-62.083507
-72.516470
-54.105119
-77.677178
-55.574227
-76.091256
-62.783000
-59.474442
-61.661072
-57.967591
-50.257130
-54.419123
-43.884639
-58.764818
-43.492920
-32.954682
-40.289237
-17.207404
-33.899925
-29.011091
-23.944329
-40.403589
-33.904506
-36.750163
-45.028123
-27.628163
-54.390863
-23.333742
-30.312015
-22.784290
-14.517027
-23.432498
-27.684146
-8.188905
-37.351226
2.227136
-33.771337
-18.878929
-27.280467
-31.206211
-21.858372
-25.761044
-43.754772
-15.372519
-55.724772
-18.387408
-37.796021
-37.311726
-19.797434
-34.366424
-30.996348
-24.424912
-43.554944
-15.112835
-41.297199
-15.432677
-22.692870
-34.244871
-8.384762
-26.298999
-12.614775
-6.403143
-21.416523
3.064474
-14.380040
-20.761818
2.124862
-30.343212
-0.861580
-17.005335
-13.066277
-10.484940
-20.746627
-12.426540
-10.603672
-45.149566
-7.190098
-42.330320
-9.235882
-22.863264
-21.187190
-14.408472
-22.055199
-31.229499
-10.413377
-40.195005
1.292280
-24.661710
-19.707943
-28.307318
-38.008232
-37.273481
-25.282257
-38.750288
-11.892900
-45.146609
-26.414210
-28.809284
-43.903205
-20.740682
-30.613675
-13.799596
1.533610
-11.540619
11.042005
3.507230
-1.992705
27.130606
-0.491836
29.355594
11.361040
8.409907
20.380792
10.076324
2.339655
20.118605
-11.841571
19.194326
-17.393370
8.572151
3.956462
0.674897
17.025143
18.109084
10.683215
37.021205
-1.201136
31.221452
8.348803
7.863418
19.180743
4.496961
10.181144
27.037994
-10.841236
9.894011
-8.674939
11.019689
13.723005
11.209874
28.677702
22.896702
23.097429
33.871544
18.465334
37.985297
28.945519
28.024446
52.312295
32.545357
52.888793
46.416337
49.625752
50.608330
55.400957
51.988871
65.071298
46.553491
65.755690
39.574334
57.773254
35.884116
29.316900
25.949964
36.010043
23.621025
40.182393
7.419844
26.785437
10.093383
18.263782
8.889121
9.816845
5.486594
12.425774
-17.118630
5.374188
-26.022215
-5.839731
-2.936439
-14.329082
-0.845921
-13.439120
-21.976497
-10.936385
-34.461677
-14.697358
-16.127839
-30.853644
-7.328529
-35.266666
-20.083659
-25.168145
-28.845698
-11.342387
-22.637033
-29.288534
-14.591253
-47.668041
-3.191421
-23.753279
-12.080255
-12.112867
-28.361552
-17.852165
-7.886123
-26.639447
2.838234
-38.414580
-5.793705
-26.233832
-21.282979
-7.825149
-18.709842
-14.759926
-0.038537
-38.278645
-8.249818
-33.315583
-9.418759
-12.210622
-29.871006
-8.695370
-20.835266
-26.081753
-3.299439
-34.265922
-11.862936
-18.403143
-19.169179
-7.654910
-32.520228
-11.225190
-13.221788
-20.084138
-5.009726
-25.562221
-24.187770
-15.398133
-38.089723
-19.535197
-54.277415
-24.852313
-30.026149
-34.729520
-24.036137
-18.698394
-34.975230
-3.581601
-34.422913
-0.300283
-14.021788
-6.366201
2.061597
-7.840039
-23.835109
-16.718470
-54.328209
-18.392064
-54.418067
-42.158406
-36.530824
-50.849848
-44.216191
-56.884987
-76.193230
-43.649285
-73.445150
-56.393443
-63.903531
-76.590286
-58.741497
-80.570713
-67.369718
-77.455514
-89.276336
-72.229355
-87.201793
-85.593778
-71.400068
-104.387288
-70.747695
-106.533946
-99.043228
-93.328154
-101.906684
-89.723158
-89.698459
-113.069726
-89.697251
-133.851228
-99.805235
-113.746359
-112.621361
-99.305377
-98.385102
-104.470500
-82.035113
-114.334071
-86.570279
-118.272545
-105.351089
-111.234096
-110.939412
-95.518271
-96.820956
-107.476782
-86.647576
-104.560777
-78.376625
-76.906431
-78.352368
-66.838908
-74.224701
-59.682350
-54.139427
-56.770416
-56.358232
-63.013605
-48.701253
-36.670867
-60.311398
-51.635959
-71.257046
-64.543847
-61.173897
-72.005560
-78.566446
-75.328425
-102.514410
-84.912762
-115.861891
-95.366893
-116.322421
-114.891138
-106.015844
-106.667424
-115.459716
-93.935702
-125.658259
-86.325694
-107.344484
-105.171990
-101.827120
-120.722436
-110.631792
-99.804036
-122.064711
-90.072430
-129.713279
-109.620764
-124.617637
-136.580448
-119.500485
-139.809900
-128.489478
-122.521192
-141.392921
-105.008234
-117.990752
-110.701747
-93.225609
-121.241724
-85.033497
-110.741472
-105.649075
-86.295488
-102.437513
-93.109685
-90.705644
-123.516313
-92.345521
-123.219281
-92.355047
-104.161875
-96.334693
-90.762316
-92.394325
-102.802225
-86.799942
-113.499631
-72.324387
-110.199334
-100.364384
-105.357120
-123.228702
-120.399410
-119.884446
-129.384973
-97.373992
-130.939029
-107.346060
-120.600602
-126.413272
-120.268377
-134.390372
-128.409449
-126.911281
-147.069816
-128.581331
-143.513542
-134.873329
-125.618171
-160.262796
-136.113962
-146.702087
-144.791192
-134.932964
-151.924931
-145.749006
-137.447844
-148.096942
-112.475711
-142.200765
-116.745480
-130.458113
-143.769024
-130.321657
-125.621535
-135.212701
-109.354532
-150.568324
-116.995359
-156.573675
-137.269941
-126.018282
-138.121475
-132.792265
-136.150437
-166.765905
-143.262797
-178.001417
-154.460564
-157.681345
-164.745669
-152.591478
-172.828162
-170.275058
-164.088588
-188.102875
-162.402229
-184.785814
-182.580206
-170.643212
-190.172847
-170.844343
-183.417608
-183.794127
-171.813504
-182.404973
-181.684465
-174.303642
-187.418888
-158.567539
-183.211319
-163.430274
-174.468584
-164.825981
-165.162287
-162.678435
-185.208987
-168.827840
-197.783694
-166.606100
-185.796865
-168.463705
-179.720829
-173.000748
-179.591711
-170.818324
-184.968255
-158.875180
-181.093632
-170.825733
-181.889627
-169.207237
-162.892632
-164.621584
-160.105611
-153.725646
-175.749763
-143.233794
-163.619866
-170.709704
-167.105534
-190.450094
-182.664453
-188.231203
-195.622006
-181.009343
-196.208151
-193.587413
-190.069792
-213.313296
-182.225931
-211.529575
-203.375713
-201.501611
-211.572981
-189.301414
-182.314912
-199.622956
-163.584179
-208.466995
-174.909630
-199.290159
-190.220335
-178.319782
-185.498918
-183.262535
-173.793286
-199.131385
-160.467562
-199.057944
-176.310736
-184.108551
-198.576113
-186.084808
-199.730054
-208.643203
-191.262800
-226.084802
-191.069565
-214.144693
-213.190731
-203.596051
-227.466200
-211.076962
-222.304711
-220.489235
-197.173186
-215.932710
-200.483205
-201.577971
-221.509006
-188.261218
-218.507348
-190.510856
-188.748272
-197.520339
-184.296043
-177.834894
-181.059213
-162.158081
-192.129278
-153.357014
-178.319009
-154.011111
-147.541726
-152.628671
-156.222512
-141.102221
-161.055602
-129.034511
-158.280493
-130.165077
-147.148999
-144.671976
-138.218785
-144.100865
-155.549330
-137.647225
-169.257019
-137.564584
-162.216495
-163.867207
-149.814087
-176.092391
-160.819672
-171.977105
-187.271810
-161.694182
-191.271796
-185.827815
-181.029450
-204.250646
-176.056113
-204.667253
-195.901103
-191.962449
-204.152837
-191.079888
-185.168595
-197.789773
-171.394882
-205.904498
-181.249193
-203.487321
-191.272285
-191.252159
-200.538068
-198.044242
-187.747983
-216.558790
-190.804573
-224.450206
-200.883880
-209.293606
-209.005885
-207.037479
-215.192424
-229.648425
-205.257144
-231.617051
-207.800570
-223.862160
-220.787395
-217.331918
-221.850262
-219.724179
-226.539308
-233.573150
-216.915949
-234.187478
-226.445609
-229.468700
-237.380786
-220.452390
-232.590760
-218.889437
-223.291515
-220.325849
-216.777890
-216.904885
-228.960659
-205.089033
-225.566780
-206.482268
-223.810228
-215.633183
-215.755364
-217.337091
-223.483109
-205.318606
-234.344196
-207.949100
-245.146377
-232.436782
-240.320679
-250.125399
-236.666965
-243.976531
-260.613834
-230.003857
-266.630393
-233.045715
-243.529091
-242.226949
-216.711001
-223.345055
-209.167642
-196.695832
-224.722081
-200.294124
-222.654206
-209.357555
-207.478370
-232.696046
-210.306154
-234.953925
-228.352677
-213.140570
-226.038731
-205.673113
-205.750496
-215.623709
-184.915888
-220.166578
-195.459175
-208.757812
-214.894589
-207.992122
-222.047322
-215.411950
-197.846457
-227.254583
-188.947633
-218.933086
-192.448261
-194.511494
-196.780279
-194.124058
-202.297646
-217.667207
-202.913452
-231.807714
-200.227327
-218.066455
-212.309806
-207.459795
-214.192103
-198.184771
-193.175630
-208.669413
-181.024276
-197.976162
-188.463614
-186.483560
-202.584819
-184.395000
-209.689764
-205.301255
-191.328057
-203.848994
-191.380618
-194.485159
-201.290740
-171.912551
-197.508928
-173.425501
-183.537805
-180.929522
-161.702415
-172.281091
-173.925367
-159.632144
-187.513661
-146.182486
-175.528423
-149.746346
-158.128940
-167.365441
-150.034061
-141.375571
-158.341771
-121.254150
-161.744626
-144.009942
-156.383896
-154.118506
-150.642219
-166.390962
-155.858341
-135.286810
-156.520138
-122.845145
-142.737665
-136.050164
-124.720705
-129.853183
-105.595309
-119.531756
-130.122374
-126.401921
-139.890618
-121.143319
-122.185606
-132.206388
-102.959166
-120.452211
-103.192192
-114.113122
-110.686962
-105.954954
-106.312058
-110.110479
-96.312541
-119.047253
-90.733432
-111.828188
-91.548674
-103.461611
-99.279638
-103.789685
-97.778335
-116.192649
-86.260417
-113.298401
-81.542683
-102.336558
-98.919919
-98.622860
-101.510841
-106.227523
-97.223423
-119.186610
-90.272905
-115.194844
-106.934989
-96.959416
-120.710510
-108.085161
-112.905810
-135.377982
-116.140983
-130.507408
-109.447241
-101.366884
-121.729070
-85.133959
-109.217391
-95.654675
-99.306601
-102.771410
-105.530626
-114.765760
-135.304854
-68.173540
-132.956323
-87.485389
-118.726189
-108.190922
-112.282957
-123.004369
-107.900335
-89.035943
-114.580465
-83.229359
-126.949956
-88.731759
-106.213845
-108.209459
-100.164582
-102.248791
-98.767626
-91.268201
-103.136937
-86.485637
-111.196241
-99.679932
-93.984583
-120.368212
-105.563704
-107.516795
-132.802831
-107.858033
-130.002272
-104.002481
-110.664173
-116.865832
-97.231005
-113.277740
-88.722398
-79.834659
-104.436218
-81.176490
-87.547905
-85.613193
-69.856091
-112.572466
-76.588648
-96.572226
-80.864420
-85.842521
-81.602316
-90.633074
-88.476517
-115.799352
-79.689425
-117.456261
-90.210402
-97.758618
-108.737834
-90.569367
-84.175810
-81.375523
-54.764991
-78.819378
-42.466859
-55.567623
-57.993000
-49.780621
-64.935652
-57.027116
-66.064163
-80.292849
-63.721773
-90.979141
-75.143965
-79.659075
-102.247083
-80.685186
-105.259859
-85.488924
-90.012816
-103.784009
-93.294072
-106.610177
-112.042790
-98.030581
-130.300641
-106.717606
-139.997030
-140.055197
-137.057338
-146.408819
-141.472101
-129.927605
-151.220858
-127.551296
-158.501347
-137.722699
-160.444732
-156.291602
-163.799632
-158.031076
-163.269670
-145.680188
-159.183047
-126.501485
-143.175045
-135.200604
-135.117780
-130.188838
-120.609510
-114.181477
-122.137126
-99.025007
-113.115834
-96.111375
-97.063414
-105.390936
-77.725634
-81.502442
-67.999705
-69.086877
-92.933218
-89.971420
-98.266579
-112.614995
-103.483503
-146.626124
-135.557040
-158.204965
-160.585728
-150.158102
-158.287371
-162.168547
-146.718651
-180.097715
-137.570563
-169.923625
-148.899963
-152.203131
-161.054952
-148.013798
-153.661413
-173.169691
-135.562458
-172.852174
-138.150048
-161.510553
-158.288747
-143.719799
-143.852001
-128.875011
-126.136789
-144.086311
-115.337649
-154.679634
-143.915852
-148.741011
-161.301933
-137.662538
-156.325316
-141.882065
-134.425463
-152.468138
-134.472809
-145.405367
-142.934379
-121.118844
-140.639271
-110.209392
-127.114072
-113.258401
-100.976711
-110.779043
-105.582973
-94.462290
-115.009986
-84.933054
-118.866542
-96.822963
-115.280814
-120.690107
-115.979120
-116.725144
-127.240604
-96.091482
-128.080002
-89.165290
-116.187628
-113.691259
-115.230009
-130.031240
-123.600641
-111.072816
-130.347950
-98.044932
-125.947332
-107.290296
-103.560052
-115.733692
-95.170762
-109.858448
-110.290676
-99.622570
-126.573734
-106.306507
-115.748088
-125.196480
-95.109764
-122.494846
-93.887505
-106.513714
-115.599845
-102.529680
-112.625726
-113.365648
-101.800692
-132.917881
-100.348349
-131.484754
-114.797539
-118.742698
-119.007105
-116.855171
-115.638783
-128.851319
-104.400389
-136.050744
-101.567846
-126.733388
-118.222903
-116.503210
-119.818855
-116.154764
-103.681302
-126.765928
-96.291836
-114.701568
-92.033586
-98.692328
-101.573836
-97.983086
-107.718025
-105.530164
-100.922944
-106.646319
-87.905526
-96.302751
-96.978127
-76.730233
-94.883715
-76.871090
-84.822074
-83.141953
-76.510091
-82.311067
-85.611311
-77.987090
-104.956394
-68.974740
-92.401956
-76.000755
-66.625186
-71.783148
-66.964267
-66.514116
-89.688064
-56.190899
-99.557786
-67.453159
-86.281542
-84.942416
-75.355528
-81.476494
-81.851549
-67.532364
-92.293412
-45.977371
-73.401993
-60.516949
-54.832864
-68.055823
-44.851751
-60.090337
-71.446812
-48.734134
-74.583379
-49.109721
-62.648189
-74.389978
-50.114967
-77.019816
-52.940134
-58.753900
-63.462449
-44.660318
-68.695057
-57.043972
-42.127871
-71.318046
-36.503977
-69.629819
-53.471955
-58.358419
-63.909053
-56.358551
-51.465895
-65.491536
-40.743531
-71.664512
-39.456735
-63.843988
-56.964364
-46.818747
-47.404772
-38.543167
-28.338849
-56.092691
-2.719423
-19.149172
11.197127
14.935644
0.886450
19.541895
7.333395
-6.728035
10.019151
-30.776320
-10.074987
-20.296038
-28.705911
-6.044294
-27.151452
-12.848640
-16.329520
-35.928156
-17.732452
-36.494900
-39.953476
-22.287449
-49.348075
-20.047126
-49.805393
-46.561095
-48.477992
-59.545937
-60.272416
-51.036476
-64.887391
-31.416700
-66.355204
-29.614000
-50.798025
-49.150051
-44.905304
-59.214128
-66.572268
-58.872780
-91.227145
-56.423150
-90.931516
-74.422990
-80.707068
-79.271567
-73.309441
-70.541597
-79.874823
-58.725911
-80.318166
-61.557146
-62.675975
-58.409682
-50.521770
-72.160756
-75.849521
-76.055362
-81.296394
-76.602351
-79.446383
-74.726857
-66.204228
-86.595766
-66.066698
-87.287505
-76.799792
-73.091454
-79.748439
-77.531627
-65.754531
-87.226339
-57.383389
-87.568536
-59.994631
-73.555628
-71.749972
-71.933708
-75.923081
-82.452372
-63.958886
-100.157152
-72.876092
-100.821654
-90.967509
-85.448363
-87.757091
-78.300652
-79.313204
-98.688935
-69.324910
-100.377019
-70.274647
-88.561143
-95.528294
-69.815324
-96.501639
-85.967389
-87.584031
-107.386417
-85.668687
-102.130194
-98.142731
-91.437171
-116.411368
-84.250241
-105.754347
-101.560463
-90.802008
-112.127890
-107.832220
-90.845704
-118.523339
-84.405747
-122.756245
-93.602411
-101.042539
-102.896573
-90.942572
-94.216279
-94.638737
-69.689340
-98.528609
-61.329917
-87.697363
-67.846707
-64.831494
-69.311487
-57.606310
-54.795361
-72.780561
-54.684708
-81.659215
-59.394858
-69.875559
-71.410450
-56.304410
-73.138326
-64.051252
-55.939390
-82.772574
-58.305098
-84.128378
-74.824201
-55.212708
-74.377727
-45.741703
-60.903171
-56.003142
-50.351233
-62.754051
-45.905726
-30.181001
-52.973443
-14.351210
-42.027001
-11.581279
-14.220450
-27.000555
-13.390072
-11.937199
-19.297450
0.553715
-31.825590
9.340802
-14.411470
8.783250
24.475450
15.241449
23.938242
35.777363
14.998847
52.687195
25.503578
41.368769
28.613844
17.205935
21.354890
11.528072
10.291697
14.872364
-4.492747
7.992598
-9.010064
-7.070722
-4.510169
-26.873068
-12.444600
-23.214553
-20.666904
-15.173605
-16.785801
-8.398850
11.403359
2.848086
18.323683
-0.120361
23.189824
10.766790
12.533731
11.474548
3.675203
-6.910308
14.403656
-19.087218
11.975743
-6.467884
2.265964
9.161737
10.256867
11.484837
27.823251
1.303328
27.904440
-2.365112
24.117676
28.270719
24.677987
40.863366
40.408762
32.244074
54.794296
26.072468
58.673777
43.869399
35.687981
56.314550
29.088853
48.547901
47.104256
40.246789
61.407939
41.848798
42.257788
55.179771
27.181835
62.068922
26.431486
50.969644
50.544913
36.483817
41.625221
29.929826
17.427342
52.687629
23.947350
61.967043
47.209353
55.004573
60.986547
51.070353
61.210041
75.319048
50.628204
79.926961
40.813525
59.163159
53.725788
50.415463
56.219268
48.499847
42.887738
55.964420
29.313347
58.826325
36.918183
49.318149
58.059631
37.791170
59.569326
50.450364
51.566373
74.188436
60.088052
66.672263
77.741607
51.627976
82.204727
59.210942
71.956941
69.327456
56.545526
72.848766
70.997011
57.562621
89.315984
47.769815
81.951567
65.385343
67.214980
73.331770
69.942916
66.176552
83.969065
45.582513
85.966206
58.947381
71.961503
61.056302
48.960203
63.944409
56.659540
40.901543
62.196660
28.840808
52.195842
36.479978
38.145863
54.098899
32.959070
39.637595
42.279783
24.879537
39.648675
19.025918
28.550481
27.955934
5.513638
26.337230
-2.094480
10.155236
16.741126
17.714810
16.191189
11.788311
-4.775475
21.916545
-6.042953
20.614929
9.211132
20.414839
22.087668
31.013524
30.449721
48.938732
25.756545
45.207801
14.395426
32.731199
25.028807
27.108118
30.023385
31.926225
16.004579
32.947877
9.425002
43.812753
33.642009
23.626007
32.973294
19.420792
32.499743
34.159145
14.592900
44.056855
30.165487
41.534056
56.267777
24.048194
52.860623
40.145582
43.509763
45.527206
19.744826
24.266021
29.019323
12.317803
53.163936
14.149831
37.787774
28.860938
28.730283
40.418925
29.861640
20.372357
37.608056
5.963328
44.261956
8.955901
24.626270
21.002657
8.164820
20.910694
22.780808
11.439129
38.540905
1.472726
27.821121
3.443005
3.402948
17.314834
2.487139
12.567369
16.928175
11.621522
42.114197
14.077130
28.299781
35.716479
19.705027
45.267509
24.178171
33.415358
37.465913
30.010251
47.143429
48.975631
36.008213
62.153832
35.840803
62.468735
47.398816
45.775735
52.021659
43.847681
30.559586
56.236925
18.569914
61.627861
38.034382
55.351400
63.030192
51.536385
62.952671
78.755358
61.609987
100.948001
74.660700
104.402251
96.232647
91.313109
103.498546
88.904803
94.605032
109.438778
89.109599
118.371334
103.936169
110.573779
120.378403
105.444345
134.637374
122.032027
112.799737
121.668980
106.022252
110.566439
99.011639
83.100229
106.460473
73.143722
97.136725
85.091809
82.244751
82.467538
72.263015
63.432267
84.677932
57.154774
81.124316
56.889861
72.621367
64.548730
64.916748
64.179643
72.117792
55.182634
86.550107
63.100933
80.664855
67.211742
72.072712
74.787588
75.175356
74.482368
84.027410
62.002430
77.855421
62.627387
60.741941
61.411933
48.994020
63.220196
62.643592
62.252251
77.338995
65.973849
75.665349
88.032639
71.074913
101.881087
69.241113
82.168012
74.268957
56.466061
63.759889
61.453037
50.699700
76.660408
32.728362
66.099274
34.175951
34.236569
39.435143
29.774976
35.940427
49.133152
19.306051
58.873169
25.202121
53.210454
43.701139
41.389735
59.809917
43.311826
30.264853
42.596090
7.407344
41.196435
16.660160
12.422463
31.095949
13.848480
37.801446
28.816875
20.984473
45.858009
26.408121
44.827869
37.288570
4.394649
23.146754
-9.109186
10.151188
-1.545612
-7.581872
2.835124
-9.967161
-21.689698
-5.438351
-36.661833
-2.987341
-24.799193
-8.178139
-9.248545
-5.567880
-2.592983
4.934385
-11.796133
23.375230
-5.845446
22.239606
16.690978
19.298687
29.685628
30.100586
35.885420
56.589524
26.046302
58.060524
37.250004
38.106953
39.318613
19.539254
37.792123
37.740845
26.607907
50.367327
17.291362
19.628386
25.187888
5.418939
34.760094
6.688561
19.865215
23.689959
11.019762
30.669852
32.092361
28.876414
53.364671
9.358727
38.375096
11.873233
20.989218
32.301826
21.136580
24.528403
37.568161
11.111918
40.478648
6.166196
26.873870
20.691221
33.588302
40.641189
37.632731
25.481692
42.910598
14.387970
37.872113
21.382985
24.134948
20.643558
13.371098
21.089558
25.112247
10.964195
25.915358
6.139194
5.231992
5.559166
-0.988971
13.488942
-0.298362
11.566049
12.272653
6.067778
12.866722
13.621652
1.409325
12.731461
-17.375501
-0.333074
-23.881107
-21.966025
-17.404005
-21.386935
-29.033378
-25.877836
-59.747398
-25.488992
-56.059765
-39.108411
-52.724399
-63.803628
-56.741401
-54.297494
-63.331124
-31.177445
-68.799147
-36.468475
-50.265250
-48.691117
-38.559548
-59.169904
-53.392475
-51.880366
-82.002112
-56.266880
-85.116527
-65.396590
-50.514460
-64.983644
-31.319989
-59.421254
-54.119277
-37.100351
-54.849704
-39.929381
-47.878261
-58.110179
-23.820601
-57.916869
-33.658986
-41.876978
-38.768380
-22.938849
-35.637172
-34.232450
-22.983973
-52.222600
-12.526858
-53.933145
-40.325786
-46.495506
-43.890355
-40.714129
-42.634045
-43.618479
-15.598122
-53.936359
-20.034250
-43.998807
-33.058409
-27.194970
-33.054733
-29.603133
-25.182437
-36.109171
-10.547271
-37.065285
-19.653840
-19.710039
-36.185808
-15.399669
-33.966310
-26.348696
-19.269418
-44.275480
-32.955503
-48.202079
-63.254915
-38.989131
-68.735607
-46.379760
-58.819528
-64.745981
-55.109523
-66.522652
-70.331331
-48.234810
-77.776509
-40.857182
-78.618080
-57.311084
-53.660647
-66.377005
-58.204327
-48.250603
-68.465375
-47.269491
-87.287050
-52.859772
-69.325514
-61.067666
-53.865324
-69.412837
-68.871066
-59.129886
-82.482733
-50.713405
-81.826803
-78.442763
-82.159380
-97.686589
-83.339821
-96.239931
-97.455199
-89.980445
-108.501116
-95.935480
-104.086934
-110.769440
-93.464963
-123.046392
-107.326627
-119.048816
-114.295551
-109.017068
-113.320359
-112.945712
-94.577095
-109.057189
-72.711503
-96.050056
-76.086536
-82.980647
-74.290596
-74.813691
-69.860773
-82.856590
-57.532349
-83.510738
-59.527714
-75.348905
-64.602763
-65.345672
-69.537907
-78.972986
-66.742515
-87.797426
-63.824187
-89.205075
-77.306834
-77.862355
-90.857135
-79.035308
-91.187130
-98.104698
-81.586282
-101.612854
-88.468224
-88.156117
-91.676031
-62.492341
-83.974075
-62.091187
-58.382054
-71.636800
-55.227629
-71.301188
-77.474160
-62.902706
-106.925316
-63.300630
-95.777190
-78.070283
-67.966135
-83.713118
-76.886975
-74.029030
-94.611098
-47.967036
-82.930401
-49.470646
-57.486988
-57.394051
-42.808609
-48.811849
-52.195990
-40.160912
-74.088079
-44.178244
-79.103937
-63.085054
-62.157722
-76.505074
-53.470922
-69.623934
-83.272938
-66.090554
-94.130597
-65.902292
-72.416230
-86.351027
-77.968639
-105.178024
-93.474080
-109.463030
-109.927277
-104.933821
-125.352478
-124.402094
-112.444271
-140.982738
-108.219597
-140.241759
-127.337987
-131.393252
-144.363510
-143.921522
-148.615103
-160.436908
-126.111901
-164.415637
-123.329611
-141.932231
-148.855945
-143.154251
-149.529877
-150.768104
-136.924142
-168.774002
-136.410291
-172.509169
-167.594336
-163.391602
-170.986342
-146.346666
-146.153236
-155.470798
-130.520341
-156.744510
-132.843147
-142.812232
-155.554471
-134.331517
-162.935709
-150.815644
-144.643040
-144.975017
-117.809539
-122.058127
-116.308036
-87.221556
-109.429990
-75.115341
-95.491034
-82.617046
-82.298116
-77.527737
-59.855985
-49.137341
-67.841496
-39.518880
-83.355887
-58.029955
-79.192568
-74.408380
-65.735250
-65.932644
-76.414249
-64.307221
-84.507319
-49.921970
-70.864158
-60.724565
-62.449509
-58.335561
-51.551605
-45.997584
-50.077383
-23.264427
-36.834798
-27.287896
-34.409411
-33.102068
-18.566498
-22.352381
-12.467685
-9.046758
-5.115270
4.932826
-1.414145
-2.253456
5.478308
-15.993869
10.876050
-1.893675
10.639405
17.957202
15.117319
19.779776
25.871649
5.316583
39.872917
0.193108
29.425470
20.499116
18.908156
34.030882
27.569424
16.016726
46.738380
17.223438
54.557761
23.374375
34.417606
46.186723
27.636546
30.419732
24.176290
2.163527
27.934715
-17.330119
-2.212182
-7.659737
-22.851700
-0.528112
-17.630190
-9.854061
-2.236115
-26.803742
-8.462692
-23.859326
-28.738915
-6.408944
-32.764845
0.201136
-17.180733
-10.677643
-3.216451
-23.610242
-17.807529
-2.577944
-25.069982
1.416067
-37.615216
-7.706771
-24.723212
-28.662178
-14.931408
-20.606205
-25.162023
-2.822108
-33.292644
5.531695
-20.708449
-1.104550
-8.683408
-26.721825
-22.475519
-20.389030
-30.517655
-5.278428
-37.527714
-18.226180
-35.291329
-46.005116
-27.741696
-43.280089
-39.088964
-35.767678
-56.006193
-37.981611
-56.932710
-62.158352
-50.769588
-83.274861
-59.175779
-73.821652
-71.619551
-57.763265
-74.460862
-59.169528
-50.983643
-80.421339
-44.177523
-78.656869
-56.558974
-62.440355
-70.978279
-61.651321
-62.907423
-76.071083
-51.255787
-87.198327
-45.747235
-68.882434
-55.516000
-45.169598
-62.688848
-61.707033
-56.430714
-82.057209
-46.935259
-78.255221
-52.611916
-55.869197
-56.235296
-43.737718
-52.050865
-53.027675
-42.547186
-57.828501
-33.851017
-42.625665
-52.500572
-47.079693
-67.368273
-54.544064
-74.705183
-68.537397
-59.402628
-65.176384
-58.629528
-52.607551
-64.290528
-37.016417
-65.924452
-51.309407
-63.907849
-62.098095
-60.123479
-55.349441
-64.659228
-48.821552
-79.839228
-52.662226
-66.647514
-48.550157
-56.665047
-58.206932
-61.901936
-47.938865
-56.478513
-34.673455
-53.187518
-31.931066
-37.948212
-52.141557
-50.020693
-61.607487
-75.696898
-57.532421
-85.575284
-57.368471
-65.190715
-72.862314
-52.772826
-83.757416
-67.647737
-76.529248
-89.990074
-65.636515
-83.429814
-83.902819
-68.273521
-98.492658
-63.482386
-95.857648
-77.472277
-78.735897
-96.272381
-84.377790
-86.912331
-112.312199
-86.805842
-126.845250
-93.335352
-113.416796
-103.748193
-93.578138
-106.933647
-102.582565
-93.032169
-121.561138
-82.791471
-117.449081
-90.855669
-91.706773
-98.041055
-77.475784
-83.728446
-80.857381
-58.542373
-90.880891
-64.941158
-83.093349
-90.469717
-88.063405
-111.911274
-95.589135
-97.653605
-99.327856
-83.801132
-103.215160
-100.977408
-94.215440
-107.881401
-70.339520
-98.347111
-71.796241
-79.729232
-81.249951
-63.889473
-57.558803
-65.503850
-43.417183
-75.774591
-39.589391
-65.008895
-55.609396
-48.877137
-58.001071
-60.573033
-45.966907
-75.993036
-38.926937
-65.890699
-38.342235
-36.529326
-44.474125
-31.686885
-34.723950
-40.084589
-18.275498
-55.697231
-26.037419
-39.975347
-33.912308
-5.907059
-26.331884
-11.626563
-9.443872
-20.516883
4.976503
-3.638803
3.593246
10.770630
-12.272742
20.020600
-5.296396
8.138240
10.512820
1.426297
14.422047
14.735083
-0.727755
25.235263
-15.044039
17.010642
-1.852773
-0.604788
3.338861
-8.396765
-16.766592
-8.055284
-43.169459
-7.089100
-32.966613
-21.496809
-33.238601
-36.890318
-35.994587
-35.706633
-48.014826
-37.098483
-64.696416
-47.607931
-68.756347
-62.325628
-59.238057
-70.158560
-59.873705
-67.292319
-73.104006
-56.737895
-65.437222
-60.269609
-49.940050
-56.969319
-42.713566
-59.714045
-55.431553
-54.970482
-61.803877
-58.903390
-47.810213
-63.415527
-37.229267
-67.784076
-41.874602
-53.437714
-45.233461
-37.416215
-39.879664
-42.723471
-19.388229
-57.704437
-17.559023
-44.621002
-24.224326
-21.184784
-24.501816
-8.554688
-4.714818
-21.614914
16.596358
-10.011579
16.484340
8.094143
-3.641047
1.379970
-24.558103
-20.594714
-8.145275
-28.382721
5.230032
-23.067162
-8.694026
6.139582
-31.568229
2.023341
-12.894137
-17.674642
-12.555492
-29.107023
-8.340647
-14.981944
-29.932470
6.438437
-24.501315
14.001010
5.528585
5.944004
11.462308
4.817537
2.898644
21.814293
-12.896804
17.060200
-15.982920
8.419094
8.122813
13.229710
27.964055
26.438235
9.915262
21.757632
-4.628787
33.712370
23.870034
35.084959
45.602055
30.717586
34.888200
37.620526
16.026532
41.814822
25.333719
33.981239
43.131843
19.892553
41.187802
21.258112
25.276578
42.519865
25.253285
41.309520
43.391421
25.275369
59.380098
32.274458
60.114865
49.119159
50.388378
57.366121
47.635534
44.416331
72.326975
32.487480
72.359699
45.474485
66.784193
69.448228
61.554363
68.553436
77.780415
52.979131
82.806313
45.009263
65.501373
41.555897
33.878134
43.211712
26.816612
21.435378
24.844940
-3.580067
18.061285
-3.455748
8.275342
16.256371
1.018523
18.594409
4.875590
-1.458363
2.645853
-6.573685
8.480063
6.259594
-11.771229
12.082137
-14.959987
-1.969208
-21.752107
-28.983030
-25.417866
-28.594881
-33.695030
-16.253838
-43.133523
-15.670554
-26.577591
-6.821565
-17.787312
-15.872785
-20.690501
-8.870739
-29.676897
-4.317529
-36.975467
-18.898988
-32.885548
-29.300859
-9.070208
-7.945188
-18.413920
-4.433432
-32.166413
-5.145697
-28.889651
-25.122390
-12.646715
-40.482184
-17.443122
-17.094724
-28.094672
-15.511163
-41.522106
-27.406000
-17.022370
-32.564836
7.435972
-19.984992
-8.147111
-12.950734
-16.347345
-10.351543
-28.565496
-40.117991
-16.052470
-59.121349
-28.303963
-57.183489
-48.584986
-37.339819
-53.845186
-45.161692
-39.522100
-71.263958
-32.455481
-70.666913
-39.431241
-54.542596
-59.160797
-42.709181
-50.914717
-51.299844
-31.140700
-60.785543
-34.048035
-52.494119
-36.053245
-24.295985
-47.164702
-33.039742
-35.771378
-39.384941
-35.498569
-54.795101
-40.223171
-55.704416
-67.051244
-43.186678
-71.930910
-45.232231
-49.034411
-54.937804
-40.477393
-46.952998
-53.061572
-32.113006
-62.338587
-22.164738
-51.840429
-37.724879
-37.865040
-48.776558
-51.177802
-55.445172
-92.833738
-62.798637
-102.866201
-80.095352
-87.335906
-92.298625
-74.949947
-82.907626
-93.873863
-65.849858
-102.232806
-69.815302
-89.420894
-88.816244
-79.467251
-99.690023
-79.477943
-78.269308
-87.646897
-62.019475
-84.557559
-66.264197
-60.322876
-79.279399
-51.370513
-73.830889
-54.745954
-49.866875
-54.133196
-39.779122
-40.904936
-49.343246
-17.491675
-44.648021
-12.876805
-37.139691
-30.775700
-21.902202
-31.163558
-34.411003
-19.368750
-43.772722
-20.671568
-53.361277
-27.782241
-39.192880
-36.489486
-35.123640
-38.546906
-51.001493
-35.381179
-54.589588
-26.895508
-45.300966
-41.381212
-45.691138
-48.606585
-52.622749
-56.594135
-59.745875
-32.254953
-38.442767
-21.793830
-23.005381
-26.555401
-10.295474
-20.084758
-14.740549
-8.286278
-10.795165
7.651116
-2.565294
-7.950897
11.912630
-25.774496
1.406031
-12.712684
-4.615657
5.379122
-2.811938
-2.944540
12.463319
-27.440383
13.359556
-17.469257
4.581501
4.107030
-10.865640
-7.982880
-15.910297
-35.801615
-4.669638
-51.592827
-16.068237
-38.177729
-32.324391
-21.256063
-38.990558
-26.194762
-25.485414
-43.707376
-16.538986
-43.165654
-29.118602
-33.646594
-51.553275
-27.864817
-56.108642
-47.886983
-26.875053
-48.500747
-28.838637
-40.478263
-46.947943
-19.200844
-47.670621
-19.147889
-37.942354
-30.928404
-17.475207
-34.091912
-27.223057
-14.699114
-44.728625
-6.825393
-45.245882
-18.527796
-33.752491
-31.779519
-15.251247
-16.292168
-27.686726
-2.017045
-39.429012
-8.537941
-29.197265
-15.152688
-13.657759
-14.174139
0.756831
10.869003
3.146953
30.399710
6.233869
27.148567
25.390948
5.655283
23.275900
2.159064
0.837314
6.886299
-20.709727
-11.082516
-17.457570
-21.655744
8.046228
-22.484946
-2.136838
-9.868040
-11.820809
2.404243
-9.006025
-6.622040
9.465853
-20.005127
16.850923
-11.230594
9.663073
7.772822
-1.256117
5.050692
0.155266
-19.218895
13.387220
-24.324311
8.475592
-12.638837
-8.469086
-1.685603
-15.357239
-14.439242
-5.674734
-30.208740
-3.806990
-35.611242
-24.318934
-26.474174
-27.335021
-8.621708
-21.628027
-16.785826
-3.114105
-14.320267
1.301227
-7.695575
-6.976321
13.879021
-1.958010
17.788975
2.854163
3.586469
2.730353
-3.903237
-2.815800
1.085881
-17.562342
14.382805
-18.166007
4.571754
-9.600454
-7.237725
-5.973992
-0.154506
-6.098460
14.682173
-9.363000
11.972725
-4.566324
-1.564309
-1.428586
1.840861
-4.107277
10.224170
-16.952705
12.394566
-18.571081
-11.181224
-12.619329
-28.704931
-18.309013
-26.788795
-34.247671
-15.848080
-49.356459
-34.266253
-40.067959
-53.856649
-41.430504
-78.744043
-69.163025
-87.223229
-96.737913
-87.640123
-108.944952
-104.211396
-77.199516
-106.336353
-62.099719
-89.085317
-75.386199
-60.923518
-63.932725
-56.054891
-38.480201
-48.128091
-7.488439
-42.691957
0.298044
-13.235606
-14.434320
-12.617640
-30.028414
-34.944375
-25.931831
-57.257805
-20.591041
-46.505636
-32.270467
-37.191306
-44.878849
-17.848272
-18.279495
-20.125874
1.670172
-26.381638
0.900967
-5.055988
-7.136937
10.889034
-13.354296
2.423143
-12.438657
-24.662004
-25.038756
-49.000255
-46.646301
-40.232826
-67.665045
-39.753133
-72.230043
-53.102991
-58.147306
-62.582506
-48.626129
-47.087493
-60.628493
-27.010469
-66.769789
-40.593623
-60.036851
-60.424774
-60.946813
-71.475140
-71.143537
-47.672463
-77.784875
-38.061893
-67.400160
-52.842952
-48.930934
-64.598668
-51.447647
-63.277387
-79.527632
-58.788773
-96.513390
-79.819245
-82.257053
-95.938612
-74.206410
-97.820438
-80.045746
-80.009758
-97.986987
-88.831004
-106.607771
-100.838490
-90.805213
-127.268925
-99.470942
-121.854728
-114.455095
-111.773922
-123.300051
-115.298312
-110.920908
-118.811146
-85.272670
-121.571543
-88.907018
-115.904054
-116.561131
-113.834418
-128.616770
-143.154232
-118.531324
-147.928909
-111.470544
-135.984176
-113.473638
-117.229523
-124.241308
-118.871881
-121.486220
-133.114297
-110.692738
-132.670087
-111.464029
-117.311355
-120.016343
-115.745439
-122.949312
-112.478043
-109.770170
-115.126365
-105.297843
-114.664397
-112.976117
-105.933306
-123.915765
-96.955532
-120.124558
-116.214134
-109.962334
-113.387784
-112.470194
-110.223544
-129.159153
-94.926248
-130.198029
-106.535811
-126.426837
-137.573133
-129.456327
-131.420789
-145.831508
-115.069828
-152.072654
-115.870559
-143.086560
-130.913309
-119.273594
-130.985276
-120.572734
-124.858826
-149.503718
-111.653124
-149.658769
-120.987771
-116.545577
-131.596975
-109.025955
-136.501507
-119.895608
-108.358147
-125.868282
-86.512695
-98.138314
-103.541141
-85.272843
-108.044805
-75.739743
-98.898256
-90.995135
-79.137522
-98.122168
-92.911954
-90.960452
-121.077790
-87.837850
-113.532639
-81.439415
-84.864015
-91.157478
-77.702925
-83.988093
-90.096854
-64.643697
-97.029355
-60.046707
-92.744001
-71.998362
-79.112045
-91.458954
-75.188788
-76.449381
-89.949077
-69.783275
-102.600638
-83.110766
-96.280899
-99.109785
-84.890036
-100.539473
-93.203224
-96.766109
-109.686135
-81.743547
-102.181288
-106.967344
-93.275374
-121.213068
-99.621209
-107.581724
-94.408190
-78.636929
-99.235377
-88.613440
-79.445707
-99.480628
-59.985773
-94.508829
-74.960314
-88.050469
-98.763121
-89.352336
-97.287878
-109.749055
-83.302758
-122.022689
-85.081175
-118.773014
-106.079883
-106.045223
-120.394506
-112.788695
-112.621180
-133.141568
-97.578235
-128.990033
-100.077634
-109.901384
-119.997622
-104.582047
-115.206215
-116.787022
-98.253788
-120.340251
-98.918196
-110.790201
-110.381706
-96.795155
-119.036755
-96.244262
-108.466633
-111.251642
-107.290341
-126.450488
-121.515566
-121.887298
-140.549789
-111.778122
-141.334457
-121.592726
-127.589843
-123.034518
-118.153011
-110.541621
-121.276088
-109.279723
-128.153751
-99.092374
-115.882433
-96.201869
-97.786798
-85.812830
-83.679183
-75.464998
-89.975040
-59.974603
-85.273685
-66.006912
-66.203196
-62.874062
-53.630495
-48.981087
-44.194859
-33.781621
-60.459250
-39.102794
-46.644330
-43.256336
-23.565076
-37.177476
-14.404863
-6.696139
-9.400031
4.690060
-2.837097
0.595479
11.336933
-18.029975
15.503091
-7.898202
9.033705
12.873615
0.819548
7.294473
0.961391
-22.928004
8.113229
-33.136691
5.373403
-15.203765
-4.870084
8.851998
2.428203
1.992286
23.477775
-8.800477
38.045271
11.895142
39.118078
35.872947
22.765355
43.780197
30.516701
16.374268
29.033694
2.927252
22.637871
0.577781
6.411146
17.792613
2.215460
19.026108
12.190926
5.954076
19.504193
-0.842418
13.962076
19.585952
-3.492935
22.117578
-3.024026
13.353269
-2.257743
1.753762
12.860934
11.823290
12.670429
41.180543
4.205930
26.608252
-0.640050
9.237116
9.502005
-0.796040
1.440836
14.101598
-15.244380
18.555961
-18.859161
-0.785661
-12.882629
-14.449140
-3.727685
-13.672906
-19.547212
-1.755307
-36.075582
-8.072393
-28.572739
-36.953399
-25.162796
-45.957677
-30.431278
-26.089177
-37.745927
-11.161614
-30.193439
-22.247343
-15.202099
-34.602654
6.918217
-14.644268
-3.263847
-0.013999
-8.469324
7.530293
8.058424
-8.377857
17.682958
-17.421072
9.493954
-7.006887
-3.365068
5.400745
3.364253
6.182471
22.345734
-2.982014
25.075402
-5.032598
14.809540
3.821793
5.572767
5.241932
14.084793
4.929534
16.412095
-2.091898
12.121132
-15.060175
-8.289897
-6.588711
-12.692494
-6.058001
-7.212883
-12.300182
-2.101550
-16.995997
-16.733654
-14.962021
-31.214087
-21.844227
-47.213192
-41.988053
-34.116621
-34.965036
-29.160744
-31.161683
-55.608799
-25.652107
-50.673741
-26.217753
-50.105904
-52.299669
-44.845380
-50.971674
-52.204499
-28.493625
-64.787697
-11.396814
-44.959078
-29.132527
-29.460646
-41.324917
-25.780402
-19.288112
-25.917666
11.225961
-30.052397
3.823922
-14.708601
-13.829145
7.511089
-12.372314
-12.175401
-4.944103
-30.653187
2.711303
-11.373709
0.301202
10.035454
-11.321667
22.974095
4.354147
14.185402
26.279503
7.805039
20.816661
20.849127
7.258757
27.111326
-3.746642
30.136369
9.446190
16.265343
21.595187
9.580662
8.533616
13.681752
-21.368587
23.762951
-6.525425
9.582643
-4.434024
-10.647974
-0.155661
0.852582
-1.522203
25.844733
-7.179764
17.424821
-16.050550
-14.965438
-17.129643
-30.834753
-17.852392
-7.158594
-29.302156
-3.255611
-28.866342
-15.318576
-7.613771
-37.303764
-18.522330
-36.784534
-42.008569
-28.761914
-48.288223
-26.807968
-18.402261
-30.392867
-3.902674
-34.053365
-8.498851
-15.654639
-17.403422
-2.216540
-2.974561
2.305793
18.817088
-14.291307
25.091333
-11.086664
-0.522069
-6.058357
-10.049538
-4.892098
0.275476
-19.858663
8.311745
-16.813034
16.220021
1.506347
5.755438
9.305927
-8.927588
-4.276892
-1.267893
-20.592626
12.658933
2.500939
15.916975
14.682263
8.562017
28.573552
24.128024
37.507942
52.402261
47.953742
58.458494
51.291686
46.031010
66.479294
54.810875
70.263479
52.268161
52.051063
52.616968
53.595652
44.349297
48.009234
16.241046
46.575850
27.050166
48.754524
58.754463
55.631513
51.161017
57.062813
29.973947
64.707491
32.974037
65.451576
50.155367
49.297535
57.518061
43.480062
34.988260
57.675412
34.591763
71.943038
57.178371
62.889446
84.658892
65.085023
86.445380
85.580763
64.033522
84.201357
62.159582
82.546002
86.963644
71.295798
103.791111
69.054651
85.854644
77.947089
64.152249
74.926751
66.133629
57.430667
75.453824
45.918820
90.701018
60.074706
62.616991
61.291883
43.053954
40.031757
42.941572
19.589171
57.609434
23.544210
51.974080
39.362099
45.995988
58.203620
49.768692
50.886421
63.659766
39.308534
63.970658
38.610559
57.786488
63.953723
61.602582
79.152130
71.602830
74.120976
92.592796
77.926941
97.445129
90.437027
78.030338
101.955524
72.188972
90.732404
87.060174
64.545465
80.514735
71.257339
65.728278
84.324538
42.513863
66.252061
43.032912
52.052107
64.189652
58.763128
65.028458
80.383061
58.578267
104.771361
63.687707
90.927481
74.704498
62.426282
80.863880
79.379998
74.859692
94.638439
67.695717
94.018381
73.549154
77.589443
73.311317
65.050212
72.194111
68.004092
52.366532
62.452614
40.623712
56.573304
54.699497
34.466964
50.540978
39.905517
46.412662
41.551355
30.625658
45.502352
29.471722
34.791286
31.828674
18.937474
58.153220
19.030811
39.109980
19.166149
30.539955
22.148023
48.678273
29.697167
55.378488
17.823885
44.448772
34.172519
40.296453
38.528681
34.458551
26.044799
40.502007
18.901645
44.503286
22.311133
21.556269
30.405751
22.459376
21.483051
21.015838
-10.599793
15.891281
-6.568808
10.296961
13.349550
-9.474771
18.379094
0.276341
3.251650
17.792299
-6.934190
15.190032
0.285857
-5.989087
16.974509
-18.999648
12.470158
20.941936
15.424040
38.794244
21.595827
13.329315
30.807371
2.497814
32.046468
2.372787
25.971629
14.219769
8.079794
12.799317
10.013170
5.245612
26.058971
-19.376347
12.723504
-23.590739
-13.587086
-9.043465
-24.774091
-25.671497
-22.067747
-38.396044
-6.573905
-34.695570
-20.576935
-23.770346
-38.491269
-26.108832
-41.401389
-28.001304
-27.087638
-41.010649
-26.919082
-37.273170
-49.216136
-43.958932
-71.212385
-59.371961
-81.082545
-79.892410
-82.848097
-102.059257
-104.867271
-79.879924
-109.559787
-75.407347
-110.271564
-92.202338
-102.225880
-118.206432
-115.368337
-117.956166
-128.630075
-89.648714
-129.208315
-90.869005
-115.712019
-109.739058
-101.923943
-119.202930
-119.106854
-100.879385
-126.887940
-87.685543
-117.902237
-105.113350
-108.541625
-124.149682
-109.086446
-131.573861
-124.328024
-102.209565
-122.210915
-100.477200
-107.917408
-118.111270
-90.433432
-108.549918
-92.148433
-101.414524
-93.770111
-82.812021
-88.875318
-96.356058
-80.023805
-106.914313
-76.602969
-102.772926
-83.777356
-88.967462
-92.012603
-90.722881
-84.225407
-96.262236
-70.418391
-99.840020
-83.568812
-109.670485
-104.263958
-101.072495
-99.199579
-93.554992
-83.569049
-97.086996
-81.239782
-99.433325
-81.785516
-83.412846
-83.477679
-81.238222
-86.629461
-96.030504
-81.122638
-102.687874
-86.726868
-88.672190
-93.377955
-68.621319
-96.139238
-77.951073
-81.430017
-105.553156
-93.135585
-108.543682
-112.869999
-91.514560
-124.372455
-86.928751
-112.278249
-89.467607
-83.119939
-102.663073
-90.631476
-81.426674
-109.409288
-61.951267
-97.970049
-60.733400
-77.935032
-86.093968
-70.948727
-83.297306
-87.326296
-68.073897
-103.455953
-74.224174
-107.152270
-100.732968
-100.788728
-115.994357
-93.755117
-104.056704
-113.790692
-92.352801
-119.553617
-92.452064
-108.706692
-114.709959
-95.855182
-127.659466
-114.315028
-129.011998
-131.746146
-116.436765
-129.526986
-123.352244
-118.833104
-144.789420
-107.706322
-131.471953
-117.850550
-127.622177
-124.326457
-117.802828
-117.677925
-138.682537
-108.022605
-144.941252
-109.276562
-123.372457
-115.582136
-108.341870
-111.505128
-109.527347
-91.019353
-121.945361
-81.462080
-101.715848
-85.361942
-80.087223
-89.893309
-71.116679
-77.050315
-85.489531
-58.562465
-74.870114
-51.371905
-59.905750
-77.587688
-57.813212
-86.849262
-83.396760
-91.438106
-113.448640
-96.396433
-106.344570
-99.436753
-78.391291
-104.601169
-65.976432
-82.022492
-69.499259
-60.081491
-71.476128
-61.564295
-54.069081
-76.453171
-40.379392
-76.568554
-41.233780
-62.557757
-69.726238
-65.013062
-70.976549
-75.516127
-60.415628
-90.392273
-61.282046
-87.781067
-76.030997
-79.198104
-88.741837
-86.645553
-91.943104
-109.187496
-99.011121
-121.884146
-115.613090
-131.040235
-127.269745
-119.405506
-133.689363
-113.900705
-111.088769
-119.234439
-109.126203
-116.958546
-120.681272
-114.447633
-139.893163
-120.467859
-132.770010
-114.371258
-112.733912
-117.545214
-113.838726
-103.049125
-131.654798
-100.566892
-136.340866
-111.438977
-115.194668
-110.868117
-99.071652
-94.240921
-99.209189
-68.262090
-101.516186
-67.710578
-89.540797
-80.109687
-72.791669
-86.831373
-84.887323
-83.788612
-103.518812
-68.622120
-108.009523
-90.086955
-87.731731
-100.601614
-73.878147
-93.649162
-84.747713
-77.884619
-100.048641
-69.919492
-87.064961
-89.603440
-74.895385
-102.519603
-63.857749
-84.491267
-79.191778
-66.959862
-84.816134
-77.992643
-71.833385
-95.517280
-60.388359
-88.830702
-57.428913
-70.237639
-68.562920
-58.449184
-70.849097
-85.188794
-63.576301
-103.572928
-67.706162
-94.265427
-78.225710
-76.490393
-78.782345
-60.619399
-56.062511
-68.711517
-37.436221
-64.692414
-43.532157
-45.635634
-55.232992
-46.417040
-56.519829
-48.290430
-40.076051
-61.250524
-32.986432
-50.661190
-64.998885
-50.998970
-83.608778
-61.515715
-77.599994
-87.871974
-76.420904
-97.560554
-92.520246
-84.099338
-110.022853
-75.144510
-114.870895
-95.145329
-105.451224
-112.391570
-95.265910
-91.458000
-98.438314
-64.696410
-107.569929
-77.358980
-91.425699
-76.345103
-74.158944
-74.238966
-62.997396
-55.038733
-69.794984
-39.141411
-72.470223
-49.037228
-49.529432
-50.610098
-45.068613
-61.714675
-64.403601
-54.682150
-71.236366
-56.534433
-70.109913
-78.550870
-76.051257
-85.636401
-66.735685
-75.693540
-75.709537
-69.892153
-74.030300
-69.484265
-64.281513
-81.942034
-59.633040
-79.836333
-65.282928
-75.997721
-75.170770
-84.057091
-82.573539
-98.614567
-80.730075
-113.949368
-84.836770
-108.039626
-95.594557
-91.809814
-93.824895
-87.925643
-67.162456
-86.054473
-53.061365
-85.758596
-71.977938
-74.998325
-79.724440
-55.275543
-58.340484
-70.002422
-54.988914
-91.146707
-70.865605
-81.522873
-77.052804
-53.690968
-87.336814
-68.863837
-78.801636
-97.597680
-83.098583
-108.079810
-107.607820
-108.232569
-139.231024
-101.634037
-130.478643
-109.962619
-105.056783
-114.294466
-110.254644
-120.141614
-135.401679
-109.934253
-148.716077
-109.748542
-129.464098
-116.293596
-109.906701
-113.506408
-113.129132
-103.192432
-127.140320
-95.802304
-129.039713
-115.528681
-127.894641
-131.173844
-123.477456
-143.593372
-142.993343
-126.422097
-151.273676
-120.169530
-137.484942
-130.475352
-112.160457
-136.753132
-128.816368
-132.098136
-148.297486
-136.931156
-158.545130
-151.347936
-138.174707
-159.194805
-127.502019
-156.434440
-139.046253
-129.245863
-134.361538
-121.303424
-114.128531
-129.277178
-95.076525
-129.652079
-102.080309
-116.463757
-113.641032
-104.436302
-111.495653
-113.644091
-96.200781
-120.715018
-78.451027
-119.733150
-98.876796
-105.634483
-117.757717
-111.491791
-113.252997
-123.717236
-101.381424
-132.969027
-114.314521
-122.463384
-114.713024
-92.716631
-106.387015
-97.250667
-102.646661
-113.921428
-97.406582
-103.479623
-95.793365
-88.993701
-107.536335
-83.223837
-101.564632
-85.726580
-73.207009
-65.790264
-66.257628
-63.279364
-75.692553
-59.706744
-85.650369
-62.610311
-79.662363
-71.756250
-74.824866
-84.519347
-95.278832
-70.766952
-97.580955
-72.840746
-101.744759
-89.743483
-96.324472
-99.085085
-97.123121
-90.287435
-98.701638
-67.859181
-99.852113
-66.860630
-74.041519
-83.133034
-69.097943
-86.712698
-81.899018
-77.189560
-101.294478
-88.950291
-116.972821
-119.955593
-105.576461
-126.234616
-93.253768
-107.573928
-97.064999
-86.844879
-109.687107
-97.246581
-93.243824
-117.189204
-79.547140
-117.859171
-85.119585
-93.326736
-88.535688
-71.155362
-74.494743
-80.378754
-52.737496
-91.938343
-54.618500
-92.013561
-72.219933
-67.166310
-81.623839
-65.394361
-64.893436
-85.053717
-58.884496
-95.213298
-67.280934
-95.457456
-97.443966
-82.250935
-100.179016
-82.556131
-84.709671
-107.810983
-81.762212
-100.882268
-89.856656
-85.031774
-103.709438
-83.887623
-105.438573
-102.740639
-87.765151
-103.654555
-93.082033
-91.287960
-113.598717
-87.341201
-123.174600
-94.893517
-102.895683
-103.473872
-97.926485
-93.759406
-104.539058
-79.743354
-114.100784
-72.980168
-106.058670
-96.020737
-87.163733
-101.548614
-95.276969
-88.343702
-112.773914
-78.120289
-112.853827
-86.622484
-97.779732
-97.455263
-75.187958
-85.823284
-83.940672
-76.587903
-101.062552
-76.174241
-89.391730
-80.439471
-69.558671
-93.817269
-80.373307
-94.166708
-91.373751
-84.052682
-98.733053
-90.475105
-83.159467
-99.270346
-76.552193
-100.919563
-81.427213
-95.225369
-90.544691
-102.440177
-108.828506
-121.230120
-92.701414
-113.278428
-99.133492
-124.242358
-103.362124
-119.076842
-121.042999
-120.914815
-105.108403
-121.252603
-90.037225
-116.033545
-91.926619
-102.187918
-107.680829
-103.117344
-104.793914
-105.954939
-81.326698
-98.481049
-69.819162
-76.689860
-70.158329
-53.092331
-71.201429
-51.597437
-55.368480
-66.807468
-45.899764
-68.885991
-66.205613
-61.223708
-79.136126
-43.831715
-77.894055
-64.837099
-67.069973
-76.087885
-61.575180
-65.379943
-82.697470
-52.308977
-93.087643
-54.361692
-79.738777
-81.654384
-79.075699
-87.350432
-76.280228
-67.078664
-99.044966
-62.151643
-100.110986
-73.458830
-87.273093
-88.636595
-71.514624
-79.835979
-82.063903
-57.995975
-79.140658
-56.608897
-70.616278
-55.980536
-43.874299
-60.500792
-41.229916
-50.843648
-61.606226
-46.748738
-72.216948
-65.580448
-69.221034
-86.105152
-57.936114
-85.010694
-69.717895
-69.502820
-76.010672
-62.767530
-66.534211
-81.657006
-55.089805
-87.723040
-59.805735
-80.401589
-78.142347
-70.943414
-78.035339
-84.663119
-76.195044
-105.105689
-58.850406
-91.438780
-62.529653
-74.237458
-80.311772
-61.670919
-66.132159
-83.088446
-70.435953
-104.807063
-67.134611
-73.370521
-69.259159
-55.710237
-71.820831
-62.519703
-58.832196
-62.556784
-37.557311
-63.925342
-61.552435
-54.354670
-77.575812
-54.018109
-78.226113
-61.379332
-54.465739
-61.716192
-59.668609
-67.089595
-79.580872
-59.237754
-85.109522
-53.279542
-68.037337
-59.636155
-64.793259
-64.853672
-64.084969
-52.739587
-73.012144
-41.388082
-71.606236
-48.480729
-73.605809
-72.269623
-71.658544
-73.582881
-74.784740
-52.489251
-73.546054
-52.188778
-63.531055
-62.424788
-54.282508
-53.484912
-46.526947
-40.772018
-54.608929
-33.614309
-51.067642
-48.440205
-33.833672
-52.669388
-30.553242
-46.380482
-37.660023
-27.394342
-46.819988
-30.351702
-35.575683
-61.625211
-32.059131
-66.859742
-28.138941
-35.381642
-32.169593
-15.299124
-23.551506
-20.784337
1.440986
-33.177515
11.943763
-18.558276
7.369250
5.246708
-6.143784
6.337330
6.477080
-12.209897
14.908802
-25.767940
13.315218
1.790748
2.094342
9.193744
-11.797581
-0.378784
10.755663
-12.841884
2.673952
-24.789582
-19.748523
-24.321877
-43.280673
-18.356869
-36.060584
-32.459167
-22.417733
-31.051049
-17.976932
-20.197600
-28.968684
-17.193755
-49.012991
-18.365877
-35.043474
-29.247481
-32.650684
-45.380501
-51.309366
-34.373605
-60.766125
-21.764275
-54.117478
-42.428967
-53.680239
-64.756964
-60.377602
-62.412558
-81.172838
-44.086924
-80.917584
-51.989708
-70.714510
-68.941520
-55.719486
-66.172852
-57.992363
-46.263194
-61.464818
-28.726288
-60.025753
-49.473509
-45.073788
-69.969011
-45.009414
-61.397427
-62.759207
-51.333237
-69.320826
-51.866062
-53.967927
-73.234661
-54.889619
-92.050735
-67.123166
-73.657626
-71.150142
-70.928891
-83.591196
-86.059597
-63.268665
-89.207111
-66.544345
-97.318296
-82.350927
-88.181406
-89.878112
-89.936334
-84.199779
-100.759940
-83.042015
-107.972023
-84.747399
-94.689888
-78.391393
-77.096550
-75.062626
-78.393777
-70.959262
-89.675557
-69.368061
-80.493973
-73.468925
-79.277882
-94.773920
-94.168486
-101.388240
-102.916153
-91.299576
-110.728920
-103.086935
-103.775327
-118.127357
-92.290047
-121.345314
-101.869658
-105.147795
-114.137908
-98.267143
-106.709171
-103.404543
-78.625256
-118.403022
-85.849389
-113.565065
-105.423789
-95.672941
-105.346778
-100.494107
-100.425021
-131.844442
-96.173879
-135.751062
-105.424004
-127.588431
-133.938211
-121.186878
-128.016217
-122.302051
-94.515526
-126.575771
-91.990089
-112.526167
-94.598558
-80.111900
-104.483393
-85.138168
-89.791114
-97.160407
-74.028109
-89.664525
-64.893481
-75.025065
-99.430530
-82.976509
-118.377687
-104.741227
-116.150016
-127.183583
-126.482345
-150.322239
-160.362437
-143.205262
-180.264528
-147.577859
-172.715669
-163.956412
-167.536075
-166.957678
-167.042369
-165.491285
-183.245828
-151.071224
-190.662697
-156.945769
-170.129192
-167.520057
-161.350730
-166.229956
-159.716962
-138.507051
-172.507012
-130.241950
-161.697679
-161.360915
-152.788547
-168.528478
-156.524506
-162.176662
-178.859656
-149.448861
-167.783742
-148.368151
-151.803045
-173.627196
-142.824415
-160.810467
-148.007034
-148.486583
-160.107786
-149.274089
-164.976353
-173.378518
-150.416867
-183.647525
-155.196978
-174.059948
-173.083824
-167.583051
-172.557530
-181.993671
-179.581550
-203.617956
-175.331308
-209.062812
-180.446366
-189.903743
-187.117243
-185.123434
-175.992010
-174.370755
-148.847072
-176.412060
-154.004649
-175.116990
-161.963977
-173.740669
-178.809284
-176.021366
-178.093179
-180.848085
-163.442361
-176.650306
-169.834564
-170.224924
-178.428424
-172.513230
-186.714170
-178.409762
-169.642382
-180.894187
-169.903184
-169.245491
-177.949069
-153.520405
-176.385581
-148.136750
-166.124287
-165.026758
-162.209296
-177.355857
-177.714522
-155.495033
-189.722955
-147.049982
-168.993311
-144.336575
-142.303791
-147.787714
-140.549870
-140.263955
-153.647358
-119.087894
-158.439568
-120.252207
-145.945329
-141.705695
-124.118976
-141.956372
-124.825552
-111.276116
-128.297771
-98.063309
-125.405783
-107.023582
-107.160128
-117.526893
-88.832889
-109.695690
-100.615040
-89.650114
-120.512844
-110.117757
-125.546372
-137.128195
-110.113671
-135.532065
-105.534411
-127.086656
-124.580545
-115.474441
-124.339962
-121.634533
-112.353811
-135.881988
-103.152545
-138.894649
-108.982533
-122.645196
-122.816198
-114.634709
-112.637226
-123.006281
-106.253270
-140.792374
-110.037273
-140.183561
-123.637114
-123.269120
-137.229315
-124.876010
-111.456451
-127.968659
-94.045311
-125.194938
-110.093459
-112.336009
-128.553960
-111.716226
-127.152207
-126.392678
-117.896237
-144.982413
-115.642118
-122.650016
-129.408592
-98.072739
-130.117612
-99.221350
-116.743035
-119.165979
-101.638375
-115.387701
-122.384484
-117.443887
-146.947849
-112.980329
-148.797099
-126.864777
-128.682821
-131.338996
-126.653600
-120.847396
-129.059256
-98.835643
-136.325670
-100.244698
-120.028590
-111.775659
-106.341100
-103.636812
-109.727900
-107.112980
-126.966379
-108.845790
-136.725227
-121.489672
-132.569138
-137.189428
-126.830254
-124.662891
-122.831125
-106.701993
-114.916836
-95.310839
-90.591948
-91.894924
-69.679184
-77.453302
-55.893767
-58.671667
-46.746438
-43.778219
-41.732195
-42.736937
-28.677505
-62.451979
-24.850221
-49.678352
-39.341457
-31.226755
-44.108722
-43.849154
-39.106834
-66.364502
-30.537876
-75.193013
-49.071562
-65.459757
-65.349253
-50.509153
-49.136474
-54.989174
-42.636562
-71.193693
-35.014938
-66.593548
-55.341678
-51.760214
-71.970750
-53.976819
-62.479652
-78.581387
-58.150024
-90.608188
-70.388027
-75.354993
-86.241826
-67.804531
-98.540648
-81.324515
-88.554642
-98.376631
-87.893976
-103.397080
-100.232758
-77.879813
-105.904086
-69.470130
-99.234249
-77.368786
-80.405230
-87.772296
-76.395453
-79.782836
-98.220327
-72.551045
-101.272020
-63.465033
-87.891944
-78.616675
-73.129063
-73.239963
-64.839890
-45.615349
-66.512247
-28.357767
-64.388790
-53.428489
-59.119220
-73.818021
-59.841706
-63.622385
-78.280799
-66.633885
-95.507771
-70.757711
-74.914928
-85.732112
-60.999368
-82.050219
-61.084818
-59.465049
-80.122872
-62.777764
-74.976362
-74.927756
-50.240959
-89.312045
-54.435704
-76.422729
-70.645956
-68.048830
-90.208630
-80.760959
-82.732286
-112.162809
-75.692148
-114.189011
-87.447246
-101.064009
-103.872264
-89.387786
-87.973016
-91.678628
-65.592797
-89.146786
-56.082793
-74.219311
-55.606521
-54.438043
-71.548130
-66.248284
-61.147445
-66.104838
-41.535625
-69.159038
-49.016257
-54.222960
-46.085354
-33.338304
-44.255795
-36.848869
-40.884293
-42.874959
-38.391311
-37.505441
-35.471797
-33.286197
-46.368251
-19.672888
-38.499257
-22.551651
-21.269621
-20.815833
-24.550317
-14.691987
-25.353727
8.051837
-22.618672
-6.388049
-16.237443
-9.128208
-3.687921
-8.343777
-14.406558
16.408143
-19.978150
24.393291
-1.702820
3.903730
9.162583
-2.240059
10.623019
13.267359
-7.021217
27.196166
-8.089032
12.138660
7.648547
-9.224363
10.894540
-12.333470
-5.928304
3.148152
-20.203816
10.686761
-6.463329
-12.061285
4.876534
-29.792414
2.435186
-21.223122
-17.470833
-8.024963
-15.170074
-6.546213
0.368479
-29.464887
-4.275759
-43.669026
-19.918709
-35.918985
-33.078079
-19.840506
-17.506946
-26.215363
-7.397784
-36.924938
-8.376220
-42.195345
-36.210821
-41.512153
-58.432587
-54.572083
-66.525542
-96.142632
-74.322774
-106.127519
-94.684959
-110.848373
-120.037814
-103.859845
-119.238547
-113.760630
-110.767558
-125.632020
-102.214746
-110.760699
-105.148471
-84.843244
-111.928257
-85.734172
-100.370934
-109.429790
-94.003187
-105.465351
-99.981195
-83.612178
-112.791844
-81.732287
-124.585403
-107.766731
-109.448438
-112.523295
-100.563507
-102.048159
-110.135406
-91.058292
-128.866026
-87.341633
-113.493180
-103.458739
-105.157841
-116.288711
-115.262252
-101.180605
-126.001314
-107.611382
-138.608718
-109.267303
-114.590810
-117.268036
-101.319230
-109.165312
-105.609647
-87.930622
-105.136355
-88.588011
-97.475596
-96.059027
-80.335861
-93.175740
-69.481252
-78.828781
-83.449537
-85.941621
-87.183066
-87.180877
-80.050405
-98.273824
-80.779646
-100.123498
-84.404611
-101.290829
-102.128907
-105.736525
-100.636555
-116.280922
-105.119296
-138.835353
-109.666743
-126.049697
-123.843191
-123.391064
-135.159008
-139.709871
-123.680052
-151.017793
-120.081612
-149.096494
-132.502520
-134.790159
-145.977122
-132.725159
-135.752152
-142.268926
-119.932087
-152.313083
-126.908643
-135.697343
-141.577065
-119.923081
-147.021345
-120.258538
-123.121010
-133.254029
-108.475892
-127.404667
-119.940814
-100.721365
-126.632497
-88.303028
-121.238768
-106.419643
-104.113640
-111.426268
-99.368782
-92.577309
-104.711749
-78.411087
-120.997812
-89.540499
-115.309486
-111.033283
-102.055497
-109.156384
-109.718436
-95.662814
-119.116848
-86.834408
-120.104509
-99.604172
-107.646920
-113.119913
-105.712967
-115.227340
-119.004944
-114.712585
-140.953861
-120.952123
-134.493546
-124.502475
-112.917198
-120.334923
-97.719792
-108.211942
-108.923181
-91.756018
-105.799991
-107.657951
-105.199793
-134.104588
-104.642736
-127.154607
-114.924062
-119.881370
-135.037282
-128.025434
-129.806767
-157.975629
-126.227663
-163.637460
-138.041296
-155.564125
-154.823644
-150.309988
-162.566202
-160.443696
-139.635204
-178.519870
-143.351190
-173.759202
-158.225228
-161.453543
-169.890024
-165.379625
-170.689550
-188.890404
-164.562627
-193.007516
-168.889661
-185.805543
-194.480714
-182.927516
-205.010264
-193.704523
-193.899513
-201.028235
-197.711302
-223.420994
-221.765310
-216.865549
-243.806973
-223.854637
-238.983462
-225.783768
-232.241064
-240.979870
-237.591210
-235.605281
-244.351417
-224.236487
-251.448221
-226.239403
-243.389315
-233.559524
-230.907998
-224.075115
-227.184427
-211.326796
-234.809857
-209.380667
-241.585350
-221.712792
-223.022065
-232.521125
-224.882526
-216.079813
-234.970394
-202.827441
-232.545894
-213.830328
-226.560449
-233.764587
-219.032379
-232.274726
-225.024518
-214.210221
-239.395119
-217.610470
-235.273584
-221.893321
-200.704539
-221.425244
-191.666554
-207.687558
-201.928422
-187.815094
-196.655325
-173.755896
-164.384673
-193.674699
-149.713690
-187.635506
-163.991539
-173.577711
-186.374884
-177.201382
-184.841099
-192.875872
-173.834561
-217.567594
-174.997613
-210.830496
-196.628225
-195.061619
-208.953423
-194.743763
-193.639761
-200.139464
-162.851723
-199.164572
-178.560012
-202.620524
-203.431089
-192.279356
-212.958430
-199.764794
-191.015621
-209.113498
-190.087083
-207.973530
-194.746212
-182.619556
-201.648277
-174.836378
-190.984624
-183.611492
-171.705570
-182.132201
-168.458574
-167.238378
-181.759413
-147.682243
-182.623699
-151.329932
-165.294180
-170.277534
-155.206579
-154.301458
-172.516297
-148.242105
-184.926315
-156.493777
-193.045083
-176.505606
-163.818868
-171.612412
-157.795261
-142.731568
-158.129778
-111.291269
-134.193141
-101.562661
-107.184774
-108.912358
-99.203622
-114.292237
-102.978998
-93.882427
-110.616533
-77.454250
-93.887926
-87.583743
-66.778173
-84.423847
-50.900733
-60.703024
-66.161292
-63.616794
-72.436245
-57.124592
-51.115831
-63.564030
-37.308107
-59.438921
-34.354129
-41.966784
-46.224062
-51.426042
-43.753746
-53.791086
-36.538730
-62.360462
-36.198022
-63.672817
-53.506619
-57.151876
-48.690961
-59.663917
-53.841689
-70.044016
-45.900188
-68.635778
-50.254263
-60.846529
-64.110200
-56.903452
-66.622565
-76.193667
-55.179015
-67.080405
-42.263746
-54.024025
-58.416554
-48.408966
-71.654386
-63.151453
-67.686259
-85.143475
-77.002052
-102.690493
-93.160254
-87.334110
-110.035930
-87.775805
-121.820997
-104.605996
-107.376055
-118.965325
-107.869028
-117.764569
-135.537580
-111.152878
-154.472511
-114.683280
-144.338171
-137.620785
-129.412882
-149.573441
-153.499798
-143.583467
-179.713362
-146.149989
-190.093057
-156.458581
-163.818359
-167.989488
-154.511751
-161.258678
-157.614505
-127.896679
-154.896891
-121.548536
-139.542274
-137.874393
-131.082020
-166.633970
-157.856696
-163.551762
-165.934575
-151.860228
-176.657288
-162.594847
-162.746574
-175.330392
-148.176428
-174.037414
-158.734086
-168.209569
-177.094249
-173.023048
-174.379429
-176.426678
-151.614435
-183.500648
-142.187353
-166.071950
-163.583883
-161.644255
-177.793873
-170.297435
-157.237799
-195.037145
-157.700249
-200.341102
-177.227127
-183.487474
-191.652951
-174.074407
-177.294200
-183.402929
-156.511210
-183.020594
-146.519433
-171.218346
-165.481083
-150.959268
-172.958324
-156.663174
-158.071010
-169.682270
-149.225304
-173.711110
-157.653075
-149.333841
-173.392148
-147.177346
-164.303488
-145.055716
-142.934621
-151.721089
-151.077287
-152.489863
-167.745555
-154.444226
-188.660534
-165.713908
-182.801586
-164.396716
-160.245831
-168.579684
-168.792209
-156.336463
-176.412309
-142.453827
-166.669255
-144.954840
-154.031301
-149.208062
-146.779177
-135.071810
-133.900414
-115.098002
-122.134794
-100.907312
-112.859241
-104.857522
-101.864042
-106.092335
-108.413224
-97.567846
-101.321421
-82.088808
-99.112790
-98.082962
-90.685352
-110.151630
-91.397685
-106.215249
-100.671940
-93.604564
-105.656842
-94.188311
-104.170153
-129.132439
-99.617160
-138.573703
-109.117067
-121.511065
-118.969537
-108.240870
-111.978268
-120.201833
-104.453652
-141.243840
-107.137797
-145.025584
-130.040787
-126.161168
-132.705527
-113.866897
-104.238770
-120.555917
-82.220952
-122.034271
-91.510861
-111.366309
-115.329263
-99.859492
-125.167594
-116.934423
-117.687754
-144.738173
-115.734911
-144.586279
-128.194162
-122.198373
-138.547788
-115.103224
-126.846905
-118.842485
-112.680995
-129.556712
-114.100785
-116.441910
-124.965757
-93.501122
-122.954791
-93.699622
-102.994289
-97.018459
-91.473696
-100.374778
-103.724255
-98.606821
-130.119639
-88.159264
-119.802292
-103.316271
-115.423296
-127.427028
-120.272410
-128.285771
-144.500373
-113.488763
-155.028842
-121.215326
-138.639582
-140.974162
-129.015076
-138.922885
-130.764868
-113.308932
-133.895417
-97.826955
-119.939416
-101.646908
-82.577377
-91.262560
-58.211167
-65.931351
-64.248640
-46.673243
-73.136120
-58.158207
-55.271320
-60.423570
-32.613786
-71.030070
-56.454188
-73.433728
-80.217244
-63.436838
-60.544665
-57.364757
-34.841988
-58.878497
-27.889994
-58.797229
-46.085209
-52.831296
-54.035135
-58.404109
-53.291265
-66.896735
-38.742703
-72.786212
-44.907048
-54.469390
-50.411608
-51.994662
-54.304100
-51.468655
-42.761152
-64.575334
-46.193432
-65.716808
-53.695493
-56.190039
-65.315915
-55.065345
-55.568553
-66.174066
-65.195860
-80.081488
-76.234572
-71.384895
-81.208416
-63.381714
-89.876162
-72.775787
-73.010240
-78.675002
-64.759899
-75.860456
-77.665953
-48.344711
-79.616588
-35.674369
-64.081009
-56.015877
-55.342417
-73.154546
-76.475720
-74.279142
-95.223513
-56.246287
-95.880759
-67.400616
-89.166577
-98.218891
-88.897667
-102.793012
-105.035901
-86.821617
-122.276501
-79.536829
-106.559436
-98.502508
-84.758375
-103.651570
-87.683897
-97.030782
-101.594349
-80.867107
-97.695906
-83.381185
-87.933290
-103.638495
-83.511001
-108.897547
-84.897702
-89.666338
-99.473000
-83.860211
-86.357728
-79.302767
-61.282477
-83.943641
-48.984904
-81.495401
-60.223824
-66.807125
-64.258988
-59.463610
-50.432819
-67.493116
-37.224060
-70.946574
-40.536173
-58.952450
-57.282122
-39.257731
-46.509520
-47.201820
-25.398468
-59.644481
-33.284886
-57.022037
-48.803848
-39.586004
-55.829766
-36.663443
-31.237883
-40.422331
-18.487666
-42.616442
-24.948759
-25.708717
-46.052842
-18.279309
-50.685283
-47.380474
-53.360506
-66.324891
-46.765101
-55.462347
-64.929020
-41.495581
-75.665523
-53.271334
-76.887341
-63.903161
-52.618441
-61.388799
-56.333657
-43.075604
-68.045319
-26.910542
-60.087221
-36.771623
-45.554418
-36.169884
-33.725779
-32.656782
-39.474384
-24.931998
-55.541094
-41.085024
-62.264789
-51.799373
-57.856879
-63.243123
-55.279387
-48.816966
-45.604840
-30.499897
-41.874801
-32.051507
-35.609703
-51.761630
-47.800950
-63.262237
-54.827491
-49.869309
-49.566556
-34.309144
-35.207847
-43.778202
-23.131491
-57.961849
-30.977678
-37.109406
-35.468762
-27.810668
-45.085944
-54.253371
-40.457667
-73.955467
-39.498781
-68.883357
-38.848289
-32.967299
-36.848399
-28.928249
-36.843865
-53.950825
-27.035635
-66.239655
-22.733750
-50.834108
-45.821004
-36.450755
-52.469367
-38.681667
-32.777850
-54.012499
-22.850924
-47.092359
-23.707093
-21.656327
-37.317581
-12.404577
-37.904725
-28.227026
-24.929368
-39.988650
-21.286613
-27.674037
-33.894978
-3.547751
-29.835015
4.883208
-15.174590
-10.808668
-2.103536
-10.991148
-5.540769
14.986327
1.074403
30.180284
-2.305522
35.663309
18.071813
23.218908
29.870399
27.995172
24.544135
43.555433
5.930133
37.762415
17.215572
22.870951
27.842601
14.875750
25.545156
41.495214
27.754280
62.618852
37.080875
61.278305
61.015588
41.448753
64.153716
44.919920
42.365367
54.707616
25.154513
36.014382
33.521726
22.272563
54.411068
25.346652
56.212654
41.237285
32.569966
35.640818
24.326649
22.462710
33.530249
3.699417
33.674409
-10.850827
9.567402
4.863102
-14.819050
-10.595984
-4.253852
-18.792767
4.000789
-22.103593
11.908226
-3.512047
6.123364
13.486927
7.174621
3.434966
12.533735
-10.531752
19.939001
-7.557354
13.297708
9.161536
2.129376
15.774777
2.267786
-5.084618
-2.543441
-10.709131
-1.633528
-12.588082
-29.356029
-16.627280
-33.440508
-10.641368
-18.577660
-27.652920
-31.031303
-44.589238
-36.540513
-12.451179
-45.703100
-15.940183
-40.697509
-28.729814
-27.786289
-29.114246
-22.828615
-9.827696
-31.837732
-0.466927
-35.787508
-4.241080
-27.538031
-29.776584
-21.568478
-29.885950
-32.803223
-4.984433
-22.506316
12.407614
-12.736034
-1.683658
9.502542
-5.007873
10.851929
3.699005
0.589364
29.450938
-0.540022
27.545086
16.680111
-0.043447
22.400182
-5.512282
17.874494
12.545249
-3.899563
10.232486
-4.466216
-9.723112
8.226457
-18.053582
20.991718
-11.659044
-8.554477
-22.697491
-33.860677
-29.942980
-40.427736
-50.239428
-22.987984
-65.661244
-35.330581
-62.139183
-62.546487
-61.689364
-72.988431
-70.395256
-54.554489
-82.837961
-56.768620
-85.734497
-77.954141
-91.255684
-110.902878
-99.998558
-108.310052
-119.268767
-97.813154
-121.044686
-94.593667
-91.637476
-92.353873
-69.508863
-99.336339
-84.510922
-86.912155
-105.077491
-81.492567
-97.101727
-97.167297
-75.809226
-107.309184
-69.535478
-87.266291
-71.295362
-58.694636
-67.264258
-65.446188
-67.024123
-98.278469
-56.420459
-85.226263
-56.458056
-62.915715
-59.386987
-49.172862
-57.921566
-65.428092
-41.015281
-74.004410
-42.948581
-72.054496
-60.089970
-64.317891
-71.462612
-62.451127
-60.245374
-66.352355
-42.372356
-63.139468
-50.101256
-61.463465
-61.526042
-50.259000
-60.366501
-44.250928
-50.181800
-63.035075
-55.629207
-59.267795
-61.016892
-47.589871
-72.663807
-51.031945
-67.900375
-54.668201
-56.899146
-55.120038
-58.577668
-44.786609
-62.972417
-34.618915
-64.656292
-40.196674
-52.355618
-60.991649
-58.638542
-53.969206
-57.810605
-33.421270
-65.687548
-31.236405
-63.012048
-53.417773
-38.327601
-51.371570
-41.057909
-34.554351
-63.876445
-30.810849
-62.419361
-47.330631
-53.530643
-76.527170
-50.674878
-69.579986
-72.454687
-70.780008
-82.675636
-60.197225
-67.730226
-76.914868
-59.793439
-93.385140
-68.332562
-88.838856
-94.642271
-83.883589
-100.966018
-100.162902
-93.026178
-111.246987
-72.280084
-111.738102
-87.820902
-98.012870
-95.877041
-82.280853
-90.931903
-97.424099
-73.382592
-106.507896
-73.562877
-101.926272
-79.634980
-71.466932
-87.068427
-74.782254
-71.750365
-84.271891
-62.195094
-91.662861
-65.463769
-81.294929
-78.623585
-69.236381
-83.434227
-71.481788
-72.616706
-84.348152
-63.188131
-68.335656
-65.173083
-54.536852
-81.190822
-53.324132
-67.049059
-57.363203
-49.471397
-63.133687
-57.033571
-54.905414
-83.101173
-54.118002
-83.587511
-54.940559
-61.013766
-71.185580
-56.909164
-64.062650
-79.645356
-50.108282
-87.603155
-50.993247
-74.191658
-69.033388
-58.387297
-75.651764
-77.152101
-73.418231
-109.557617
-84.843091
-111.159702
-97.886775
-108.269261
-115.296869
-105.227397
-122.171429
-125.667616
-120.908649
-147.035325
-132.276940
-152.536222
-154.564692
-138.823704
-161.982013
-144.108359
-158.858391
-160.383531
-154.716679
-163.495121
-161.279039
-152.698485
-168.579940
-139.105928
-158.663650
-147.821191
-157.803280
-156.228673
-144.045193
-142.256200
-156.153831
-134.088398
-155.796916
-130.368896
-155.181133
-140.642629
-145.697454
-136.261385
-134.354588
-126.812969
-141.327438
-107.158776
-127.523740
-105.416601
-113.315274
-111.710201
-92.552036
-111.606974
-112.088270
-93.867466
-118.403784
-93.494267
-108.516344
-108.607439
-83.862825
-98.074768
-79.133797
-82.404836
-86.973374
-71.314012
-86.952554
-80.785489
-66.604449
-90.632095
-59.311867
-89.647840
-73.051466
-68.396618
-76.982061
-69.255363
-76.307152
-98.682217
-66.302325
-104.165997
-66.648068
-89.202703
-85.774637
-85.922355
-95.129571
-89.073273
-68.379058
-93.807304
-48.972543
-78.257247
-58.104444
-66.014955
-78.485885
-67.546405
-81.294965
-91.591558
-74.004318
-102.335369
-82.045123
-99.011226
-101.782345
-84.038830
-104.882232
-92.882629
-97.944597
-105.953510
-94.858299
-112.553028
-109.126096
-95.610851
-120.368351
-89.692145
-124.417882
-107.866446
-119.339807
-132.215801
-123.482359
-132.148750
-145.469729
-120.205972
-159.997733
-127.561169
-144.883229
-141.915503
-136.412595
-151.982757
-155.910149
-139.064417
-166.969141
-131.108131
-164.050745
-148.293468
-153.561873
-164.894759
-151.359590
-149.205526
-166.015189
-144.305614
-175.775360
-151.821596
-168.387554
-177.623698
-154.191703
-170.557993
-151.327691
-145.114415
-160.891456
-134.752512
-156.199855
-152.804384
-135.219878
-156.685678
-125.000016
-149.381829
-144.975963
-146.119498
-165.157445
-157.208701
-156.286269
-166.129214
-135.011849
-166.996780
-134.622165
-148.256181
-140.875033
-141.663247
-141.355466
-141.625809
-127.182779
-155.732513
-129.365159
-155.669898
-132.538859
-142.757076
-139.633662
-135.143653
-132.345379
-142.244174
-118.688467
-139.051362
-122.002923
-132.308277
-129.248469
-125.339514
-132.215667
-124.686984
-116.124476
-123.150058
-111.059891
-131.900934
-135.873356
-126.820729
-151.553288
-118.450107
-128.307286
-119.659551
-103.343546
-112.392915
-105.904884
-103.936683
-126.393173
-88.649248
-123.810629
-99.560096
-114.156723
-118.403250
-104.552824
-111.095502
-117.408247
-92.553230
-132.776531
-96.542262
-129.897071
-114.177499
-114.727589
-133.890203
-123.609955
-122.713652
-137.434003
-100.750547
-138.189908
-115.475855
-126.723724
-134.248223
-118.732233
-137.952652
-130.916311
-126.083124
-143.994104
-113.549432
-131.292670
-125.780676
-110.066346
-132.914622
-90.911057
-111.892080
-108.183079
-98.059020
-114.154394
-105.182175
-105.898693
-115.783799
-89.817231
-120.582376
-91.174212
-111.302403
-111.132629
-112.760026
-120.334015
-120.256043
-96.116138
-119.958543
-89.128952
-128.655519
-114.598637
-124.478725
-135.418705
-128.013676
-124.637953
-145.364275
-115.394041
-155.990479
-135.308202
-157.697213
-165.921922
-145.223699
-159.126606
-148.635232
-137.615701
-164.295858
-139.462813
-159.113058
-159.401587
-140.369625
-160.335235
-137.849037
-150.231973
-159.588813
-131.885585
-142.858783
-136.164910
-124.662589
-145.341978
-112.485526
-134.257023
-102.405678
-115.665552
-113.167085
-89.261473
-91.802116
-97.204106
-76.038159
-103.368110
-72.759376
-94.012909
-84.271552
-87.526118
-98.820620
-95.598571
-93.059933
-113.432617
-81.083856
-115.568077
-86.574861
-92.921824
-93.050382
-83.848534
-78.713724
-73.841772
-61.732972
-80.455445
-63.180604
-79.680725
-64.984377
-53.912139
-57.896610
-45.613262
-60.542365
-55.207530
-52.429899
-64.936094
-57.776898
-46.903524
-49.047888
-30.715061
-43.106618
-23.177749
-33.160051
-30.984900
-25.555714
-25.100907
-34.935182
-12.735058
-44.845780
-19.855775
-53.763554
-45.106927
-36.929181
-47.613580
-43.002678
-21.468248
-47.461524
-13.353292
-43.723495
-20.001346
-21.727824
-27.315062
-10.079774
-5.346811
-2.207287
21.449153
-4.314251
30.754869
5.719735
-3.286541
10.480918
-6.762019
11.082565
10.601695
-1.880825
18.970299
-5.730212
3.282427
7.386170
-20.153833
10.698186
-24.018995
-10.671785
-11.875906
-25.913340
-21.440015
-34.917730
-53.108546
-30.839785
-75.145342
-45.058750
-73.223811
-65.683145
-72.598929
-88.985055
-83.080507
-78.976581
-105.206640
-66.231131
-98.037142
-65.454506
-83.361541
-83.388992
-65.938789
-76.808932
-81.267122
-68.071598
-92.206192
-66.193495
-95.571378
-81.180211
-82.504913
-107.390805
-84.973576
-87.805578
-89.055689
-62.539154
-83.183135
-76.009078
-74.085243
-90.514782
-61.486641
-94.100303
-79.301352
-79.100990
-100.584543
-78.888191
-81.826654
-102.593996
-80.555391
-127.579109
-91.922478
-113.431589
-103.012947
-87.716187
-102.568695
-100.065304
-85.400621
-122.019933
-90.882594
-133.401370
-111.350038
-120.008097
-126.791022
-110.994164
-120.843454
-146.941256
-136.712437
-174.124432
-143.207170
-164.652675
-163.493875
-154.053535
-164.661688
-152.913818
-157.808231
-167.950692
-160.018068
-186.491200
-178.863392
-177.720849
-193.793471
-170.851035
-185.225277
-171.105637
-166.890164
-168.718792
-162.969472
-157.003742
-165.402296
-145.880168
-168.487417
-148.837229
-165.716675
-146.809547
-150.217850
-151.591353
-152.146755
-138.548711
-167.966279
-153.124246
-183.173404
-169.881461
-181.220004
-184.061185
-187.191261
-189.330940
-196.414349
-172.819304
-195.476544
-163.690505
-176.510905
-172.744405
-164.230581
-186.124266
-184.435973
-167.672064
-182.978708
-148.570469
-171.144516
-165.284808
-154.361144
-177.196574
-153.695931
-174.822557
-167.107584
-155.933731
-178.844845
-152.993688
-154.460981
-165.432886
-138.740491
-176.231787
-141.477146
-156.824262
-155.714904
-144.908410
-159.422067
-159.747216
-146.666241
-174.162113
-136.532489
-168.535889
-143.032243
-148.396948
-153.170890
-146.225999
-146.840247
-159.377301
-131.661873
-169.765261
-135.940622
-159.124742
-151.955479
-145.921697
-150.062983
-144.310559
-145.563842
-155.029921
-130.609812
-151.052572
-132.233752
-135.858143
-151.128678
-127.534452
-137.908291
-129.226967
-119.802276
-135.029754
-117.754170
-125.501356
-132.281377
-110.261499
-137.672833
-113.628142
-134.733781
-140.950519
-130.076176
-137.308221
-135.423752
-116.816539
-150.504270
-105.841271
-138.571455
-126.484265
-128.738613
-136.094216
-123.503059
-114.077074
-137.390892
-110.653585
-154.130532
-131.500615
-150.289734
-139.662075
-130.111101
-145.933758
-142.872242
-130.226207
-150.676457
-111.394838
-134.234205
-125.634601
-118.925312
-138.495332
-117.563358
-131.470327
-128.966317
-110.332737
-125.532899
-112.839982
-114.080223
-126.007304
-100.551184
-118.347499
-95.170659
-104.021438
-102.987646
-102.321854
-105.336732
-117.859120
-101.230921
-126.953375
-98.840035
-131.705189
-117.825894
-134.791835
-131.640954
-127.525639
-129.384781
-145.350789
-123.422919
-156.369861
-127.218182
-143.876713
-135.498738
-130.567799
-128.451509
-131.510457
-116.593723
-140.034539
-118.358633
-141.526604
-129.578209
-121.080440
-140.670369
-126.924037
-128.714250
-141.060442
-116.720105
-138.384968
-127.902672
-128.064776
-142.435891
-110.544942
-135.111301
-123.277899
-125.558264
-133.540504
-118.546827
-136.580513
-143.425773
-116.908596
-152.929061
-111.731402
-132.253403
-113.524741
-104.218964
-121.162429
-111.390099
-110.587660
-129.596321
-81.039045
-120.830600
-90.058147
-99.292585
-100.403109
-87.645409
-97.650288
-97.040588
-71.397856
-101.902540
-62.218764
-90.223352
-80.706394
-80.810384
-86.415797
-64.387195
-61.749734
-67.145171
-53.823637
-79.922198
-61.572743
-71.359582
-78.544444
-53.208126
-80.449063
-58.745637
-67.928733
-70.558487
-57.746160
-76.667215
-78.118029
-55.278280
-77.835035
-37.833923
-64.490240
-57.033013
-56.533781
-65.349387
-64.221523
-49.623919
-76.787391
-42.410344
-81.368913
-47.081863
-60.476083
-70.235882
-66.346191
-80.233694
-86.305104
-75.034061
-116.759830
-88.906703
-116.966459
-117.190137
-106.785044
-126.745052
-116.214072
-119.682876
-131.538704
-106.034069
-139.090156
-121.665624
-124.485394
-146.837217
-126.883446
-163.988799
-158.661714
-165.259202
-183.284947
-168.697877
-181.040937
-196.893957
-176.370660
-203.370949
-171.322061
-194.505822
-188.443697
-192.015733
-195.944956
-188.020891
-174.384718
-191.056911
-153.255686
-179.973082
-152.256716
-166.992465
-156.297015
-162.875520
-161.940943
-159.505172
-143.864541
-159.105744
-130.537883
-152.659705
-139.955919
-149.860781
-147.753185
-144.070468
-141.903496
-141.158043
-120.591914
-140.889838
-127.840891
-138.992289
-151.526694
-142.034146
-158.111210
-143.216279
-141.557570
-160.596353
-145.845040
-153.028639
-159.637542
-139.223148
-172.108785
-140.097989
-160.511476
-164.836178
-155.409876
-160.122971
-161.585814
-141.576277
-165.061135
-117.623804
-143.406447
-122.440216
-125.535484
-126.026015
-115.480397
-116.414595
-130.195597
-89.633113
-121.972741
-85.265620
-108.995335
-106.467588
-87.121202
-99.706349
-85.421142
-81.400636
-98.466760
-67.366148
-103.643049
-85.950361
-89.814498
-112.498594
-97.439877
-111.342521
-106.562859
-100.344479
-124.372260
-111.227586
-126.525553
-138.413056
-126.897250
-162.693649
-136.098296
-158.365214
-145.817383
-135.693176
-142.735490
-138.079531
-135.213890
-155.863242
-131.053879
-165.852550
-138.352076
-152.023003
-151.578049
-141.470505
-144.159955
-155.860320
-139.822396
-173.588798
-131.483693
-165.175178
-153.032535
-145.709546
-149.140449
-138.707491
-133.304066
-149.544682
-118.212966
-152.838333
-141.186118
-143.317874
-157.376069
-140.273081
-151.687796
-144.295096
-127.407734
-148.579228
-131.124127
-140.765430
-139.014565
-114.122555
-130.283915
-102.543711
-116.831272
-122.820133
-104.869341
-115.894246
-115.246323
-97.595452
-131.504597
-93.447621
-120.122754
-100.704375
-106.788484
-113.068152
-103.121424
-99.697725
-110.951775
-82.099202
-117.514411
-84.718550
-107.007659
-106.771807
-104.485213
-120.347005
-123.470309
-106.790940
-134.210157
-106.464391
-141.317768
-123.494284
-128.854026
-134.717167
-128.490267
-140.332913
-148.993498
-143.345273
-161.269424
-153.751541
-164.995598
-162.926424
-152.164374
-167.882521
-149.671056
-154.311808
-139.621180
-139.291305
-144.896112
-146.948919
-143.738475
-165.984779
-140.733955
-164.570926
-147.721225
-147.870998
-131.333412
-123.671717
-118.388452
-130.336213
-100.304642
-124.633706
-91.896336
-112.189598
-104.366694
-104.662400
-114.058769
-115.330779
-98.612877
-124.599784
-88.177411
-120.250119
-107.893433
-103.801968
-132.161348
-119.552664
-128.587387
-137.669239
-119.042525
-151.786338
-126.985597
-138.609110
-144.981069
-122.728367
-145.969745
-118.613838
-127.254784
-142.035547
-121.887180
-150.170857
-145.887613
-124.269659
-153.147553
-115.591462
-153.254579
-136.905226
-127.669763
-137.519451
-123.332237
-126.231220
-151.005178
-119.534077
-159.628060
-123.542878
-147.648704
-141.768264
-133.218424
-143.013803
-133.606055
-119.181474
-139.929077
-99.788484
-134.139680
-116.914143
-113.003307
-118.224254
-107.652274
-118.148840
-116.420447
-97.351353
-119.468268
-90.844321
-104.847357
-96.139572
-89.126501
-104.020925
-93.336996
-109.409068
-113.394941
-100.546723
-114.441984
-107.629467
-96.835093
-119.010725
-87.547834
-114.066197
-91.635297
-100.067456
-116.776462
-106.982031
-108.984156
-131.093012
-95.987923
-135.850561
-104.637646
-117.202035
-115.231531
-103.602146
-104.403558
-103.532082
-81.830551
-108.845491
-67.513405
-102.496598
-91.534423
-89.799702
-103.299489
-85.712205
-91.803422
-103.443156
-80.854091
-116.013729
-84.732046
-94.888625
-108.645253
-92.269772
-110.551050
-101.989986
-108.549466
-125.702571
-107.963031
-129.126194
-126.294552
-109.579067
-127.602604
-92.516384
-113.218225
-93.889046
-96.181648
-102.198239
-95.806586
-91.904180
-107.100351
-86.026219
-115.653192
-77.209574
-85.271980
-84.329975
-86.856930
-79.210375
-82.256195
-66.271863
-89.326369
-56.096442
-77.652292
-51.410977
-61.962368
-62.265307
-60.944745
-51.384438
-51.094384
-34.953106
-53.531462
-39.529682
-48.034642
-39.116385
-28.645634
-39.116734
-35.179814
-32.957064
-44.559155
-29.929545
-42.349097
-37.631050
-29.417303
-53.872627
-35.526890
-59.560035
-58.725576
-57.392005
-75.403532
-68.639586
-68.628608
-95.857519
-59.414264
-97.805571
-69.914332
-75.892746
-74.552095
-70.705579
-76.586926
-79.800362
-49.739704
-87.338393
-42.749268
-68.488286
-52.359197
-41.397292
-53.709063
-35.141073
-35.506374
-61.540395
-39.733526
-76.771281
-55.812516
-70.342605
-70.081706
-46.480419
-62.261433
-53.879698
-42.874109
-62.191415
-30.917318
-47.047007
-51.127521
-39.103115
-68.874539
-47.037132
-71.042575
-63.211808
-55.097570
-75.351373
-74.158486
-81.989249
-94.089997
-62.767318
-97.731777
-66.574745
-88.921571
-87.838745
-79.383295
-79.650130
-84.797712
-68.785320
-100.972706
-63.965875
-93.009103
-77.942950
-78.450042
-83.829412
-80.871325
-83.553575
-99.663710
-77.001098
-113.119811
-79.533657
-86.874983
-76.872760
-56.424554
-67.268153
-55.036210
-42.692253
-60.090037
-34.854274
-57.900926
-53.085296
-40.005810
-66.811838
-49.820130
-74.289527
-80.174389
-67.312383
-85.386269
-73.003747
-74.667222
-94.413918
-59.638891
-92.739642
-65.080300
-75.795692
-88.857049
-70.031917
-71.555444
-73.922528
-44.902271
-78.904685
-45.848966
-71.057739
-54.494997
-57.845739
-66.171106
-58.472225
-48.425823
-64.881516
-25.616927
-65.293546
-46.578128
-56.458144
-64.689359
-55.290697
-69.570674
-65.695070
-54.804455
-84.782274
-69.096810
-96.952888
-92.480350
-88.366048
-108.271598
-93.223512
-98.756000
-95.585118
-88.479219
-96.855078
-89.207094
-79.389226
-91.012547
-68.816403
-92.793765
-75.466227
-84.292406
-81.116827
-77.231029
-70.866588
-75.709545
-60.544312
-82.770083
-50.308437
-72.103344
-53.798153
-57.813477
-61.058413
-64.772851
-56.110482
-69.574166
-47.526160
-76.151923
-44.222193
-50.332731
-43.734933
-31.032054
-39.773188
-44.023266
-33.581019
-60.836141
-37.187509
-55.952462
-44.862286
-28.319385
-44.726801
-28.237603
-28.191069
-32.685742
-5.887645
-25.244223
-12.760761
-13.976821
-40.016629
-7.818559
-35.777243
-18.605119
-21.581636
-25.378675
-16.519797
-19.254358
-21.545314
12.476622
-24.272405
12.313056
-13.025672
-5.698282
3.900130
-4.977468
-5.154375
8.660971
-15.471879
28.494457
-11.995008
7.542341
-2.414142
-12.763490
7.642904
0.249330
2.055151
30.968455
2.009465
39.387722
17.773245
22.516003
29.758536
8.151937
24.715452
12.295504
5.075837
32.068002
9.593312
15.320761
17.935316
1.494420
25.963383
-10.763483
2.762925
-13.900266
-22.979583
-10.083233
-20.812132
-24.409641
-8.282059
-39.221977
-6.659198
-35.902436
-18.978542
-17.379739
-24.980409
-23.606689
-17.332121
-28.008760
6.499826
-21.110550
9.020989
-10.057325
-11.841373
-3.179962
-9.010623
-10.150896
8.085052
-32.435051
-1.400792
-24.726465
-14.664281
-1.452789
-24.845027
-4.238745
-5.105928
-24.417855
1.356107
-13.897121
5.665053
9.301310
-4.787153
23.466013
2.199147
22.640559
22.838030
18.957050
33.274858
31.539404
14.303873
36.215457
-3.807341
29.097295
1.112657
2.411142
-0.742405
-24.883212
-24.967702
-9.148791
-36.473688
-1.105762
-30.292315
-9.017596
-27.208342
-35.008882
-33.201640
-47.837190
-63.177199
-37.165007
-68.814709
-42.377053
-68.684684
-67.207379
-64.579363
-77.278010
-73.047617
-69.957224
-70.437990
-50.658149
-72.659651
-62.276296
-69.506653
-72.484691
-44.769970
-64.008240
-55.979835
-63.821162
-71.552611
-65.728633
-56.537648
-50.947081
-33.424524
-51.530152
-28.191022
-48.559992
-45.076037
-53.763129
-56.964271
-64.417545
-51.646294
-84.183410
-56.488548
-85.084853
-61.996503
-77.171988
-83.113623
-88.834950
-91.561469
-107.876812
-85.026437
-119.657321
-93.513277
-111.641096
-113.810024
-103.506675
-108.303953
-87.283941
-76.566465
-91.582614
-67.582093
-94.726257
-85.405314
-82.138601
-103.358965
-86.112402
-110.977743
-123.735903
-112.685748
-133.565514
-118.003880
-117.342986
-123.118831
-90.477188
-117.557251
-84.281383
-97.567047
-94.499662
-83.431162
-84.921225
-76.551323
-59.456079
-88.572618
-46.186837
-81.475950
-59.877351
-56.400787
-63.907514
-57.303287
-62.344288
-69.807204
-33.732115
-74.015620
-49.287985
-83.900073
-78.678023
-70.100562
-92.743239
-84.591382
-80.565391
-90.438970
-71.331474
-100.057862
-81.599543
-80.857211
-88.066840
-67.250527
-75.953336
-72.025155
-79.380133
-83.323169
-62.213890
-69.163677
-74.208625
-53.219179
-83.189495
-55.959002
-69.962541
-72.169291
-60.183584
-69.893913
-59.335550
-44.870669
-78.868563
-54.850121
-97.789826
-82.163120
-94.779069
-102.702897
-97.494330
-96.697148
-115.381354
-86.130482
-121.991251
-84.653445
-108.340474
-117.095196
-108.001086
-118.464162
-116.773567
-119.567825
-149.663362
-128.130380
-155.921112
-132.245295
-126.886780
-145.061799
-124.589312
-137.997542
-142.829313
-139.109905
-161.449230
-136.060266
-130.800942
-139.727465
-118.924937
-144.472385
-127.274719
-142.052993
-150.611031
-144.747111
-149.662297
-152.895341
-133.963561
-158.930616
-127.671077
-158.320782
-142.114476
-152.675170
-160.284697
-160.958452
-159.013411
-168.214348
-134.905573
-164.561835
-134.678346
-153.638295
-144.344154
-147.516888
-148.800064
-148.955685
-138.598363
-153.856844
-130.191318
-152.127713
-140.708636
-146.436268
-148.077993
-141.191843
-143.127454
-143.820511
-136.064900
-143.248514
-131.381272
-129.337613
-135.867708
-124.554939
-140.022203
-125.059630
-134.145436
-137.619753
-114.425490
-113.044053
-108.745119
-91.458522
-114.112973
-78.725053
-101.970998
-88.627629
-91.954350
-97.389859
-89.811294
-84.436854
-100.985955
-69.500730
-109.400309
-81.590531
-99.668302
-95.327400
-78.675188
-90.848682
-92.989872
-79.270510
-113.617775
-82.299264
-110.159964
-91.052179
-87.566871
-103.181163
-82.954659
-92.258526
-96.223165
-72.447069
-95.845591
-64.100196
-62.264897
-65.249597
-38.176816
-65.156232
-34.567244
-45.186753
-55.985190
-40.288474
-55.297179
-61.525903
-62.502589
-100.498753
-61.761412
-85.279590
-58.717937
-55.594876
-59.315508
-47.626524
-48.629603
-66.257764
-37.982735
-84.269621
-55.398842
-76.856487
-64.134519
-54.308224
-53.863935
-46.495134
-36.069455
-62.703524
-36.941780
-67.696430
-50.343287
-61.925935
-73.464748
-61.997374
-66.164476
-60.963167
-36.733735
-62.417938
-34.860434
-39.930789
-46.290189
-33.333280
-58.258487
-40.547394
-42.449816
-58.274696
-46.580052
-59.002070
-53.607456
-35.445815
-64.674204
-35.626664
-56.584152
-46.988475
-47.908168
-60.236794
-50.261271
-43.431537
-64.572204
-24.066040
-65.988000
-42.123485
-61.883518
-70.232367
-57.688424
-68.666387
-69.644490
-46.051739
-82.412630
-45.865353
-73.550929
-60.948881
-63.426205
-72.616312
-57.312964
-52.989364
-64.188156
-52.246406
-73.832323
-47.608124
-55.803092
-54.338339
-34.348807
-42.606086
-35.447030
-38.888929
-45.255345
-30.301442
-42.147828
-36.572056
-21.736470
-34.045648
-10.998292
-31.787163
-20.054366
-26.136754
-18.019753
-16.591006
-12.549265
-16.753732
11.355739
-8.229363
10.990048
-9.198235
-1.925742
-5.000982
-7.212108
-21.335013
-11.687628
-37.223780
-9.250373
-40.908891
-28.232478
-34.628417
-42.235436
-37.816498
-38.311672
-58.673303
-32.313715
-54.395805
-31.930061
-29.199659
-42.064367
-19.327927
-36.202929
-34.809880
-33.060820
-51.033282
-19.176214
-19.646883
-16.848554
5.125589
-38.437609
-4.684380
-14.071459
-7.071776
10.651656
-6.950609
2.045320
13.395203
-10.767765
32.282468
-2.337188
29.498301
23.046930
13.690024
18.186754
8.555315
-3.749197
17.035918
-17.917430
26.439217
-9.713355
-0.878706
3.595355
-10.958984
6.878291
7.064513
-9.262478
23.965009
-8.299467
15.622199
6.668700
-1.205517
8.334586
-0.087313
0.752609
1.755081
-20.024005
-2.295409
-16.656017
-10.567144
-5.361758
-26.395540
3.128786
-21.197520
-3.905107
1.427868
-7.542908
2.955465
2.703266
-17.536184
20.858982
-14.498535
11.098020
-4.502616
-17.886004
-13.571488
-16.756908
-19.151037
9.787242
-19.452633
26.818689
4.129135
9.771914
10.307341
-8.124000
-15.136878
-15.790710
-43.833833
-8.497861
-42.581820
-16.114753
-17.271598
-26.617659
-16.799247
-29.127319
-26.072201
-17.926070
-45.995634
-22.347938
-35.764425
-43.000433
-33.954629
-58.359434
-29.675848
-47.634703
-47.118392
-34.279353
-55.592316
-50.610525
-41.062396
-62.843320
-35.927703
-68.382157
-42.929683
-50.518425
-50.138899
-53.242757
-55.965239
-62.925868
-39.645879
-64.932120
-34.221684
-56.043655
-30.394703
-32.060681
-27.632317
-24.519167
-16.374635
-32.938555
-8.598670
-32.608568
-7.090566
-20.520786
-20.968528
-13.722461
-18.601118
-18.800406
-14.124655
-22.590768
-0.477882
-6.883714
-9.366574
2.926413
7.749614
24.939578
10.981409
13.966605
20.926942
16.156591
15.534538
27.457779
7.270284
33.507561
1.245755
13.293836
13.411812
3.902037
9.721055
8.603059
-13.850374
2.839390
-34.574518
2.867459
-20.892867
-14.900569
-4.419584
-4.951102
-1.975078
5.771506
-22.413623
15.332207
-19.726516
2.542694
-2.170490
-12.350584
0.544786
-10.254552
-30.719336
-18.185173
-47.191647
-16.562591
-28.242224
-27.682549
-5.081772
-30.796353
-8.333218
-15.923556
-22.776083
-6.505397
-28.646593
-22.623660
-17.487259
-35.605145
-3.951436
-40.365531
-20.312726
-23.718763
-39.169952
-26.883648
-32.245793
-27.143601
1.662333
-21.434920
8.091205
-12.251260
6.288758
-6.073183
-8.655550
-11.691699
1.990133
-24.035068
13.776917
-27.891298
-4.734498
-14.948663
-9.865759
-6.873812
-19.140132
-22.390305
5.612212
-33.084266
-8.485336
-36.238106
-40.098831
-22.709917
-41.498993
-15.732628
-22.732395
-38.041103
-24.606367
-21.408293
-29.826479
-32.892414
-45.230324
-17.167422
-43.254265
-23.658080
-33.987477
-52.681933
-33.050015
-46.380415
-53.176016
-23.346976
-40.305915
-29.049791
-32.176222
-25.989449
-17.609374
1.520881
-31.286860
1.095518
-52.963299
11.245490
-46.659793
0.057613
-6.810056
-21.072762
-11.546101
-7.149938
-2.651009
-1.381237
-5.043888
-35.069429
-42.704664
-24.402855
-23.001392
-40.289913
-22.329061
-20.210081
-20.500928
-25.612666
-52.232264
-16.289801
-12.380816
-27.920293
4.126963
-43.819636
-23.401717
-14.952205
-13.516395
-24.685633
-1.569256
-19.094641
8.799155
-27.275215
8.172957
-16.078126
-8.053786
-1.677947
-12.007518
-18.713710
-2.859143
-32.372575
-0.744677
-36.561853
-14.643969
-47.872825
-28.895417
-51.242827
-21.022198
-42.135054
-25.064254
-45.947145
-34.564621
-44.736847
-55.742618
-51.670559
-59.506027
-50.897115
-38.793097
-70.572295
-54.267056
-72.304110
-71.532828
-63.621585
-84.651818
-52.332118
-73.815620
-54.660583
-44.253820
-64.310277
-46.935035
-44.537802
-62.784474
-33.882523
-60.381501
-26.592892
-44.288634
-39.256220
-25.538986
-26.190850
-23.681899
1.026842
-42.040225
-3.006169
-32.797347
-14.995835
-18.177862
-23.127640
-9.513662
-3.909059
-14.931396
11.151544
-22.604570
12.523305
-0.957661
-5.573908
9.149431
-3.378776
10.750048
18.502077
-1.538536
22.328761
4.239861
20.980968
33.784425
23.531956
42.836972
20.907930
24.908264
24.286260
10.424045
25.139150
14.941569
-0.137366
16.554928
-9.731762
22.918502
6.983684
6.927728
6.572517
-2.338911
-3.324403
9.337984
-22.318157
10.985007
-21.602051
-0.082227
1.664510
0.329320
15.104659
24.161625
6.082114
46.021184
3.919622
35.011904
15.423015
8.845660
25.155608
15.455729
19.695096
36.454327
16.551347
48.915205
26.462001
31.508941
37.891830
14.843707
34.075194
15.526515
6.886194
16.120651
-2.681195
16.907264
15.774510
-3.881114
23.977721
-1.773726
21.177653
16.753658
14.544425
17.230421
15.333533
11.871345
29.133143
-3.082575
29.763683
1.783740
17.137335
12.818464
13.950526
16.394791
19.651082
5.502835
34.452014
7.076413
34.164273
18.569797
26.492844
25.615611
22.052874
22.137749
32.465310
24.429435
44.823788
20.969573
31.243184
28.932642
24.680851
38.613767
24.434097
26.461798
27.476049
8.901916
17.508618
15.543477
0.344064
28.214224
4.176748
21.187634
16.363899
15.355450
25.536247
24.781559
18.023930
43.554813
5.947644
32.002823
7.083062
18.084602
8.078779
-6.885092
1.490450
2.725472
-35.749932
1.318812
-32.112790
-0.621200
0.059637
-11.478870
1.847375
5.851267
11.425138
48.207769
28.417901
77.737848
61.151443
69.926530
91.756065
71.421768
97.031252
90.283317
80.947220
104.221280
79.824558
92.783484
86.513621
62.439625
89.044813
53.131719
64.443953
56.048025
42.969940
57.484457
47.697165
43.118890
55.315843
4.923409
32.147532
0.874622
12.433305
6.616737
-5.803705
-5.169547
-0.328133
-18.261912
10.782342
-28.942177
4.932692
-14.003026
-6.845341
8.045990
0.876996
11.470267
25.500430
-0.541654
25.218570
-1.048664
17.749236
23.730051
11.322777
19.015795
7.367970
2.010164
24.142363
2.706116
20.273468
18.085080
7.522023
32.162195
-2.442695
5.677630
0.583598
-18.338540
-0.938145
-3.087486
-4.543536
24.756629
-7.588241
20.646687
-2.095829
4.628437
4.908194
-4.274778
5.973203
18.592751
-5.778725
40.050523
8.894223
32.962164
26.183132
22.748049
40.805048
34.061067
32.868945
56.346963
24.208856
59.513463
34.622074
43.419974
51.570027
43.429628
57.412627
63.616233
58.799489
80.128153
53.785557
78.135822
80.114793
70.874798
93.644458
76.227577
83.853245
79.128583
70.364808
87.572971
84.174617
79.782720
90.073511
69.313830
94.252916
86.762531
105.459472
107.556833
109.306510
114.070033
124.402621
106.961668
137.477016
108.452967
137.093373
127.361517
129.872720
123.773015
122.902307
99.218118
112.115859
88.631908
116.408031
95.802208
105.603013
110.315524
103.278084
107.547019
112.542029
98.081809
128.212924
102.476259
118.312440
111.206839
89.023043
114.004402
89.095734
98.714206
109.746615
89.311525
107.706307
103.554644
96.239893
120.892132
85.958607
110.659696
90.907009
97.195720
101.027159
79.127870
86.604081
99.940916
65.609826
104.972550
63.606080
89.979603
84.471715
75.089899
84.891372
76.646034
65.300473
94.260681
48.148083
86.321091
63.476135
71.878188
85.938082
75.502975
91.961137
86.805218
64.506446
97.970468
70.284942
97.546764
96.748606
74.512228
92.445888
75.403721
92.874316
94.171549
73.981968
85.913356
65.763736
68.011579
93.347833
65.106991
97.277239
77.680390
87.902577
99.132244
91.557233
103.506700
110.721176
78.540816
114.171260
75.653864
98.132987
86.448809
85.455768
91.935515
86.219812
74.706988
104.253987
74.121928
114.472868
91.861709
106.451905
117.870219
101.258180
102.559571
110.406817
82.872720
109.395272
78.116862
108.691423
105.763472
96.220957
118.892806
106.301420
110.704289
122.736782
98.999964
123.015995
120.571599
110.248164
134.684473
105.685960
126.000270
106.700151
96.584518
117.235390
115.439976
113.745498
123.709309
93.699208
126.866215
95.235313
108.582106
108.418484
111.782431
112.195668
120.154537
108.457966
139.870131
100.863239
132.182428
110.297629
120.435091
114.897847
111.247463
109.813416
120.318072
106.771215
133.344501
109.659651
130.066617
132.940864
129.615440
127.472031
122.269669
121.816105
119.791726
104.804822
116.059341
107.963546
96.660663
108.412306
95.503564
109.143271
102.651333
101.758117
110.050753
100.422819
99.912262
114.193272
95.908854
127.432517
99.958324
116.534505
113.780973
103.803505
114.437119
124.755287
104.916946
137.186841
98.253812
133.125495
111.834385
112.471738
119.668431
107.506464
104.607529
119.876617
80.090209
116.798252
77.984062
74.141017
62.598679
30.941849
51.430500
41.900989
23.157224
47.516381
22.971339
46.093541
33.664982
25.151045
53.452785
33.349764
55.098781
44.377827
37.616188
53.164266
32.422369
40.350679
52.707281
25.254929
68.216880
37.778103
59.610908
64.535632
56.868506
62.252996
58.523664
38.839142
57.806465
7.965581
38.607868
15.254014
17.924833
24.169370
21.383751
21.626974
28.178010
9.115464
40.660946
10.218836
34.770652
29.815236
27.193881
35.966795
27.133061
26.448241
46.752534
15.356447
44.104315
29.449900
23.200273
36.622327
14.920741
28.946915
22.927009
5.439776
23.891287
14.180392
20.511691
43.256624
15.983091
50.522137
27.296877
33.618528
34.965553
27.487627
40.630153
49.228858
30.884378
74.612532
41.077062
73.084663
58.892841
55.732942
60.811519
49.278959
46.417867
69.251986
37.319572
77.422087
44.028603
55.280852
54.388404
37.287992
37.542885
40.402759
30.629094
52.177318
23.494467
43.478811
38.037615
32.447387
49.786351
38.269882
48.734233
52.147241
44.016937
57.141932
51.206269
66.130014
85.292662
67.559873
89.955522
72.088021
79.779168
78.099489
76.403771
76.069834
80.794673
72.929080
103.939848
84.425844
118.717593
105.072312
117.786255
109.659714
107.463403
100.503131
124.045577
96.644628
128.744666
107.939206
130.818828
143.270465
139.524944
150.769527
159.609638
139.066230
164.299829
141.998848
168.382614
153.962362
142.570940
158.929242
143.090932
156.587565
167.490690
147.352303
165.022389
148.496181
153.891355
162.295362
122.745982
145.617459
117.557113
110.675647
119.975222
106.946552
115.109572
112.195894
84.394120
121.749349
83.562481
110.652539
90.654916
80.699796
85.168564
80.487000
84.037071
115.904332
85.871521
127.440848
89.595427
99.318716
104.412970
91.471161
102.838329
105.879430
90.205761
120.648845
89.375778
112.696877
102.420254
102.846266
115.050548
93.945085
103.005908
104.163411
84.812028
101.965606
81.620158
85.016364
92.898644
79.350946
106.777644
82.401932
86.386724
91.426144
78.120347
83.100847
84.027279
64.628575
89.923728
63.693100
90.478001
74.996324
65.441695
67.788972
66.660677
55.859017
79.648010
38.014401
75.685340
47.280415
51.606318
51.739256
38.762631
52.249860
66.581762
48.358869
82.704089
55.081617
83.956455
82.754577
84.374765
107.198676
95.305939
93.917842
105.989321
79.436320
108.127344
98.912106
112.191621
135.466742
114.443073
142.019996
139.319177
141.131982
163.693125
152.060744
161.990317
171.356263
160.920745
190.376324
160.132891
179.060724
164.449415
161.219886
164.498779
166.590171
149.699044
166.247050
141.618116
173.714178
152.554218
164.814476
155.668661
154.149966
152.648282
156.299409
139.369352
167.705269
145.763116
171.032220
164.211544
167.941266
166.490399
160.073453
162.137473
176.515704
160.220637
168.172366
157.204909
157.274668
161.607408
145.599915
158.938575
149.472098
145.013614
166.573731
150.973843
156.672531
174.416010
151.470161
183.402730
153.215359
175.832230
178.955084
173.242523
187.916380
200.046252
194.088122
226.012615
186.726471
222.763451
202.922461
207.288971
212.947820
197.126435
202.943295
214.474991
189.670264
225.381054
190.482215
209.986166
205.533402
187.399346
197.548066
177.540242
162.715653
174.575597
132.835144
160.937801
134.750384
128.801280
145.376376
123.414583
140.167995
130.641424
120.241781
149.753333
126.918339
129.582352
131.997854
115.099594
152.294164
126.822837
148.047291
136.674135
132.668885
143.146360
136.912813
127.461499
146.501046
108.135909
143.036448
119.914347
126.461391
117.128763
98.427074
95.450011
106.540023
81.072261
115.300155
82.043395
99.865065
93.469096
92.465435
100.688361
90.503189
78.497516
94.332477
61.406717
89.387624
74.030926
67.739751
76.526687
57.740465
72.959875
66.670000
48.677025
73.477281
54.511340
62.400708
77.042312
54.806938
79.493915
48.891526
56.167256
58.139511
46.545092
53.450818
50.596337
29.270946
52.846403
16.188469
45.033095
19.127636
15.195767
21.107805
14.073091
11.991216
26.646008
-4.747000
32.573497
4.636095
29.333779
28.202082
25.830194
40.871966
44.482899
33.688884
52.077145
29.235688
58.962808
49.664810
57.995835
63.189045
50.146043
54.134194
48.452901
34.811529
45.823869
28.193998
33.867354
37.657642
31.283995
44.683292
26.619905
43.246311
30.917133
31.007200
35.016938
32.706913
23.206940
34.474988
8.115693
29.314960
10.446451
17.666081
27.003055
35.175696
36.788944
48.607434
15.017326
51.775435
19.829864
35.574528
33.029891
24.749784
30.106759
29.299422
9.594205
45.444279
6.291266
34.424767
12.013173
1.112063
16.831947
-2.725142
5.082152
4.327035
-26.273750
7.514857
-19.042846
-4.829815
3.745301
-26.492533
-1.584088
-22.178972
-16.584710
-4.384723
-27.821482
-10.847571
-13.050829
-35.042061
0.757155
-42.317148
-18.847287
-30.573726
-25.637735
-13.680197
-23.067246
-30.419840
-11.520490
-50.260328
-8.799029
-38.833931
-20.710250
-24.557030
-38.450599
-32.649942
-36.182032
-44.905705
-14.300714
-57.169298
-27.989924
-50.383741
-49.094357
-47.174883
-62.668270
-55.601507
-51.165169
-61.549589
-32.023400
-57.480652
-45.062875
-48.248556
-65.040158
-47.093253
-58.313820
-44.617879
-30.009156
-40.576786
-26.046128
-33.850731
-48.350737
-18.777337
-61.318084
-36.497300
-51.520600
-51.915734
-41.992575
-56.431516
-60.149522
-44.465218
-77.905889
-41.245213
-72.324224
-56.584150
-57.118772
-54.750493
-42.626064
-40.266449
-63.869670
-25.098893
-56.418754
-26.805214
-32.323125
-35.233909
-30.427052
-43.644739
-45.605289
-37.891362
-57.489088
-25.846068
-45.228182
-34.037698
-28.680117
-52.195783
-36.529730
-46.948217
-39.654386
-25.554336
-36.576863
-24.203387
-25.939451
-34.932732
-9.026907
-32.357559
-14.522226
-24.680586
-27.720719
-33.710141
-32.096056
-32.892588
-15.698696
-32.937971
-5.467374
-29.499559
-20.808416
-31.357498
-26.426954
-25.155061
-9.509525
-27.117548
1.150246
-28.057434
-2.278087
-17.516656
-13.635901
-10.096942
-20.181864
-31.465372
-16.496399
-45.942242
-28.039816
-51.401822
-43.734937
-34.368195
-55.153970
-40.979603
-52.858084
-51.522324
-30.989687
-59.599905
-50.975885
-51.460255
-75.304024
-45.822644
-68.740484
-53.338756
-55.656581
-64.782894
-56.358622
-66.839654
-75.025498
-52.000818
-91.946780
-53.572176
-81.443013
-63.191066
-61.332879
-74.404263
-66.837062
-56.393507
-77.801488
-48.767900
-79.353928
-49.800158
-62.068515
-63.941312
-51.698317
-60.708752
-63.915246
-45.605237
-77.993299
-47.836811
-78.130226
-66.492285
-63.931707
-75.612060
-52.588557
-60.783107
-61.387185
-45.121478
-67.040199
-49.901774
-55.118367
-60.842994
-31.881140
-55.961363
-36.611678
-45.282151
-52.392526
-43.125033
-48.810879
-43.421434
-13.583460
-37.349499
-3.663663
-26.322303
-9.674976
-15.552549
-19.442234
-11.965746
-4.324145
-21.752282
20.528081
-22.535117
5.479866
-4.487165
-3.042070
8.078631
-2.284647
-8.381912
7.287744
-30.497787
-0.429958
-27.161958
-24.898980
-24.369142
-49.199626
-41.499860
-41.688613
-47.139693
-11.356708
-33.450920
-14.770791
-9.750696
-27.852373
3.750606
-17.798998
-12.820842
-13.879420
-30.884018
-16.057092
-19.562586
-34.426448
-15.769494
-49.228754
-20.092890
-42.442109
-41.117956
-37.667551
-36.251793
-35.214529
-32.580326
-58.694766
-44.623465
-78.437760
-60.357820
-81.794500
-84.602974
-86.870063
-88.433319
-110.555351
-98.256298
-121.899155
-96.343403
-110.171521
-101.753129
-113.157947
-114.663420
-106.569211
-105.672227
-106.572087
-87.504795
-103.245952
-79.615965
-70.256603
-79.272419
-59.178687
-77.014254
-70.392770
-66.269382
-88.831677
-76.804850
-79.632617
-93.322626
-78.509007
-109.643013
-79.265036
-99.479814
-94.664191
-80.993634
-86.949928
-88.303080
-69.428339
-100.441237
-64.252250
-98.561066
-78.079817
-77.834028
-83.265345
-67.295299
-65.743637
-75.254566
-37.531807
-81.029322
-52.475161
-75.431417
-62.597545
-60.792397
-83.474074
-75.390829
-74.245746
-97.636187
-61.287722
-95.703768
-76.105534
-76.831176
-98.174042
-81.067174
-105.928036
-102.361677
-96.577427
-115.734496
-92.496070
-106.963846
-111.472226
-93.778296
-118.626375
-96.490989
-116.390880
-109.238212
-102.902633
-116.926987
-108.998396
-92.718724
-118.271609
-81.329314
-113.789280
-85.894808
-95.322536
-88.606848
-78.505647
-77.378060
-77.455690
-49.864183
-69.912541
-30.251122
-54.358135
-51.153603
-49.186834
-68.041626
-67.502420
-55.440103
-73.628510
-47.994228
-81.012178
-62.390368
-53.268634
-60.394558
-48.693426
-69.797671
-71.453985
-57.458023
-71.148560
-54.051382
-64.911085
-83.086981
-69.613503
-108.337716
-89.825308
-108.659059
-121.118922
-111.862647
-125.681543
-133.002574
-121.272203
-147.154594
-114.169058
-147.614950
-132.680945
-129.858186
-117.010458
-115.786799
-114.033246
-128.480070
-104.517190
-133.286242
-107.649718
-124.238595
-118.411823
-119.467656
-125.585085
-132.034479
-119.402625
-144.568258
-118.803182
-140.819282
-134.248548
-140.481203
-146.432833
-138.712925
-147.223615
-148.430195
-148.760873
-169.363233
-163.487172
-174.124567
-183.441204
-171.364468
-187.219534
-173.810328
-189.007980
-193.604035
-192.585723
-200.432857
-216.204928
-203.812658
-225.877286
-202.333762
-239.341554
-232.304929
-231.295493
-239.405556
-225.412108
-219.671032
-236.794154
-202.694574
-241.808213
-210.883329
-233.276999
-231.102787
-219.963966
-222.142092
-212.955349
-197.706376
-234.007541
-206.452392
-228.516658
-212.337151
-209.062433
-230.430445
-213.865263
-215.052751
-220.229127
-203.479731
-235.345908
-204.852831
-210.309702
-218.474335
-189.833238
-219.888408
-197.759181
-201.570275
-211.772548
-190.146785
-211.165926
-202.628444
-186.501932
-209.724999
-169.399591
-191.463894
-168.025484
-164.597271
-172.626232
-163.100756
-169.839820
-186.749341
-159.963471
-208.433355
-170.894132
-192.205723
-194.681271
-186.595395
-187.210198
-184.731579
-167.310008
-185.870057
-142.278250
-166.254362
-144.251835
-148.702286
-157.770368
-149.466983
-166.353636
-176.796817
-148.666666
-172.803301
-143.192071
-139.646964
-147.314980
-130.948170
-151.899048
-127.863950
-129.010504
-148.382758
-126.553701
-140.036230
-140.065662
-123.632503
-149.942033
-112.354317
-132.239731
-119.615260
-107.622999
-112.887328
-97.811991
-91.112500
-107.960785
-73.001750
-112.466574
-85.424656
-98.467266
-92.588867
-84.286938
-91.882507
-97.175569
-69.138284
-104.568891
-67.973698
-87.885954
-73.448083
-69.811398
-74.525133
-60.839867
-60.602456
-78.646099
-67.509373
-90.220411
-71.154844
-84.315475
-95.620167
-84.476665
-95.723891
-82.161653
-81.145013
-93.206934
-83.056471
-96.815132
-96.797670
-90.185442
-105.314902
-76.172907
-93.176660
-79.883707
-80.660040
-79.468312
-77.689142
-74.542412
-91.921194
-76.967480
-91.164353
-64.473229
-78.333686
-71.497928
-80.951890
-79.152122
-87.571195
-73.655290
-97.448390
-68.283936
-97.965959
-81.501940
-90.146320
-98.283601
-93.839741
-91.477715
-107.958908
-85.787058
-107.537625
-84.456499
-89.639978
-102.649786
-87.044830
-105.683134
-105.093595
-99.375601
-116.349919
-93.232519
-111.601437
-111.488488
-90.212735
-122.051393
-87.029167
-96.665949
-90.414566
-81.259709
-96.841499
-91.863164
-79.584739
-99.323594
-56.928493
-92.693489
-65.517509
-77.959193
-83.727063
-76.350350
-87.843389
-97.937308
-74.051922
-109.551844
-76.835998
-117.000374
-103.016817
-94.799634
-107.068649
-103.092243
-111.271743
-134.334156
-114.537427
-159.372118
-144.325390
-159.295147
-162.648769
-152.281458
-170.385088
-162.543132
-150.824023
-169.055618
-147.298572
-158.705540
-145.380628
-139.547854
-166.609093
-145.858481
-168.952658
-160.753323
-155.157681
-166.563547
-160.649040
-151.674472
-165.272353
-129.765500
-164.888801
-142.468042
-152.864617
-147.914270
-129.777865
-127.963970
-137.760636
-111.704226
-155.311474
-122.268858
-151.946158
-142.676153
-136.394623
-142.814771
-134.107084
-123.785863
-142.061183
-100.234268
-125.604609
-103.783595
-112.445362
-132.707701
-113.102556
-120.657815
-118.113551
-103.347745
-128.964559
-103.394115
-128.234627
-126.277803
-109.453909
-134.326029
-117.588188
-134.271967
-137.693940
-130.850795
-153.702740
-155.322992
-144.680083
-164.368097
-133.704851
-159.983326
-143.310846
-153.715978
-152.611010
-148.027223
-137.059620
-136.952716
-108.654683
-139.064807
-108.998137
-135.410865
-131.989083
-143.028032
-138.836969
-131.520830
-133.313261
-151.886264
-129.314750
-162.888289
-146.189408
-158.411842
-159.121589
-155.294238
-153.134057
-151.391412
-138.995073
-144.819510
-129.199488
-147.814378
-156.258205
-144.322299
-163.642883
-145.851144
-153.672134
-156.826877
-136.602723
-146.389619
-137.446254
-121.850415
-142.008442
-112.970139
-135.954108
-113.416609
-113.982663
-120.573319
-114.117211
-108.107163
-126.170905
-99.510601
-131.818242
-92.536234
-120.185705
-119.407344
-105.872495
-112.960588
-107.293495
-93.806730
-124.316287
-85.649229
-119.602743
-93.121265
-90.787784
-99.378766
-79.206838
-73.542345
-75.699086
-43.154860
-71.263524
-36.287738
-49.504971
-55.171554
-40.460945
-65.046890
-42.904896
-50.933155
-68.768628
-62.224822
-94.279413
-93.562554
-94.490994
-122.175979
-97.248136
-132.660895
-112.772737
-117.436081
-122.604203
-112.654853
-114.430155
-115.597690
-87.920218
-116.900749
-85.204371
-114.901215
-101.800762
-95.926002
-102.455668
-100.868026
-89.960064
-115.311722
-79.549219
-104.411868
-80.330350
-81.321583
-84.757074
-71.138259
-79.550013
-82.403886
-54.695499
-88.025822
-63.609923
-81.640143
-90.210264
-75.326542
-95.875949
-86.142609
-89.110772
-99.676375
-72.849631
-95.390213
-92.273121
-79.580623
-108.759578
-85.341146
-111.489714
-98.340256
-95.683695
-108.053109
-90.305135
-94.530052
-111.640338
-74.835172
-110.368920
-72.355606
-86.699201
-83.432322
-81.490388
-79.217484
-78.244884
-54.369365
-86.386386
-54.619828
-86.676564
-67.703552
-77.778095
-80.547169
-67.027650
-72.343496
-77.615361
-59.958768
-89.026717
-66.873908
-72.636826
-61.530231
-59.935562
-75.337495
-64.767041
-62.413336
-69.690894
-59.142887
-75.286471
-66.744394
-65.255840
-70.164921
-56.360797
-74.056135
-62.443478
-63.053948
-63.407315
-59.980804
-66.826124
-84.786033
-59.238993
-84.395914
-65.300251
-76.064385
-60.131840
-61.829937
-74.929978
-83.458749
-66.773496
-97.069607
-64.797484
-101.522484
-92.038319
-103.817164
-115.742819
-108.910038
-100.795069
-120.303785
-86.107305
-121.633327
-95.652976
-113.604293
-111.902648
-91.855608
-96.437983
-82.395759
-76.024395
-93.109698
-55.668028
-75.212294
-70.103758
-59.640525
-86.024964
-47.384002
-59.275549
-52.880495
-39.230238
-58.463332
-43.801163
-41.380022
-61.274023
-30.600992
-74.868975
-48.543803
-77.002110
-87.093303
-90.719639
-101.384868
-100.187206
-78.440193
-103.535635
-67.973559
-105.551365
-80.699467
-87.036600
-94.563310
-87.985761
-87.346825
-92.218816
-74.199547
-108.283832
-71.033134
-78.985741
-66.755498
-56.166318
-70.824928
-59.611661
-56.966293
-76.941602
-56.078694
-86.569765
-70.376283
-71.292927
-96.720460
-72.612188
-89.711806
-80.827416
-70.940507
-86.884603
-68.730763
-70.533899
-90.083256
-63.633428
-100.334464
-71.435886
-78.439609
-87.633468
-74.198027
-79.030063
-85.708250
-61.161682
-93.028680
-58.266723
-91.230069
-80.170708
-76.291398
-82.982789
-71.862327
-64.965661
-96.514543
-66.499107
-109.202937
-77.882355
-98.500020
-99.345565
-83.547996
-92.510322
-99.665899
-95.475782
-123.024273
-106.376650
-123.411774
-115.445998
-102.992943
-121.721387
-100.807075
-101.680037
-95.106168
-78.750009
-98.742314
-94.148287
-94.369191
-107.961827
-81.676571
-101.810482
-78.594282
-87.326735
-84.021510
-88.661817
-90.264273
-91.781305
-75.375280
-96.456773
-72.727888
-100.458026
-87.324160
-96.563201
-96.017891
-90.964690
-77.501215
-89.058057
-64.749372
-93.134570
-70.250534
-85.347803
-81.856909
-72.712147
-74.696585
-73.934138
-65.273994
-94.245127
-63.942130
-84.065590
-74.669700
-65.464740
-83.909102
-69.721499
-78.032776
-88.540377
-74.317539
-101.968484
-86.977440
-78.813241
-90.488213
-56.439286
-86.253832
-73.548158
-81.740765
-93.735091
-77.630658
-89.138400
-98.303675
-76.260356
-115.777148
-75.508396
-102.482101
-99.340469
-96.290479
-107.103256
-103.192087
-93.360408
-121.328713
-75.897792
-100.603193
-64.459654
-76.728762
-79.982733
-56.682378
-67.960832
-78.224307
-65.604664
-93.476098
-63.112634
-90.160586
-79.569327
-67.914044
-80.904852
-57.365484
-67.776421
-71.494520
-53.137664
-75.903501
-59.534378
-70.838481
-81.112229
-54.367396
-75.898555
-48.855402
-48.770080
-52.499289
-41.898924
-51.488785
-53.962829
-32.492068
-55.830031
-16.435835
-37.741259
-23.190413
-18.595571
-21.287312
-10.434711
6.266487
-22.171471
12.585470
-27.826706
2.143469
-1.206517
-16.360827
-7.599777
-20.146200
-27.075102
-1.765012
-42.320254
-10.201793
-25.724402
-14.802047
7.998790
-2.026844
15.561013
23.649261
12.048085
47.396425
27.601662
43.915320
47.112229
29.665817
49.715918
24.294842
30.266529
29.179481
21.796011
30.772142
26.177936
14.593845
44.319080
11.873117
37.524855
15.645989
22.072912
36.237963
42.493544
43.750304
60.699251
41.952490
73.048814
43.852798
55.755104
39.764511
42.932474
36.660739
31.001297
19.460140
31.669752
6.552686
29.240254
2.958954
14.216366
4.230326
-2.483999
0.753281
0.852363
-8.700535
-6.673040
-27.177027
-13.273795
-15.797774
-25.439497
-1.538926
-12.499220
-9.934498
0.815220
-6.267279
10.162230
1.980077
-6.888501
7.791658
-28.198028
-2.944156
-25.275024
-27.900507
-23.057129
-25.598407
-30.838176
-12.559488
-33.882767
16.457588
-8.495875
18.603350
10.136084
-2.307865
4.856856
5.281304
-12.516234
27.227246
-8.572175
19.137445
-2.290108
4.861128
23.833573
10.417226
24.568187
26.092874
-0.354194
31.391980
3.990071
18.571372
18.270686
-0.772868
18.925969
-1.911050
7.055385
26.283453
16.183830
44.331074
39.852384
26.208523
51.467957
23.562051
51.044636
34.770407
36.773469
39.136845
27.963407
26.894733
39.108495
18.471861
51.773433
22.820515
41.939285
26.638037
26.326064
34.743685
32.210834
20.318161
48.749382
18.403266
54.781513
24.938754
35.617414
38.461854
27.115049
30.638411
31.774115
15.480829
43.735994
23.846177
40.584382
39.594848
26.950696
47.535610
24.374572
33.361270
48.305879
31.032528
54.628907
49.141092
39.171778
60.849242
29.590346
48.989518
38.211911
31.766420
39.546574
31.556524
32.763540
58.906850
36.682738
82.405048
51.498685
68.418992
61.194323
56.781099
57.190056
55.907780
37.912800
61.346754
19.831606
45.046858
13.514589
13.120626
13.882517
-2.262511
-7.337181
-4.244470
-24.939510
4.796259
-19.157137
-13.749184
-31.401131
-39.504217
-28.130793
-44.142022
-41.271538
-30.557834
-46.490216
-35.877908
-45.576651
-48.344319
-29.726644
-42.214036
-24.016936
-30.518595
-30.758316
-27.170208
-31.135493
-27.446193
-15.531297
-32.636159
-7.583967
-41.462719
-27.196104
-37.585432
-36.400454
-34.901988
-33.364306
-53.023443
-21.251139
-63.814624
-31.415863
-59.365642
-65.282995
-58.099156
-67.438383
-72.648702
-55.480746
-80.371475
-45.084221
-70.889457
-57.159253
-56.072405
-67.773813
-50.363847
-53.028367
-55.388634
-21.447097
-45.591005
-25.989064
-30.810249
-40.820629
-7.442110
-38.515634
-18.560100
-21.194433
-33.828696
-24.411547
-40.183262
-36.048495
-8.147751
-32.071403
10.430295
-23.913245
-19.416487
-30.761993
-44.127875
-35.666070
-29.832037
-51.183855
-21.317135
-52.860095
-19.446602
-45.670208
-49.352319
-37.851868
-50.953118
-54.703369
-38.325105
-62.733018
-34.174246
-69.577296
-46.771023
-52.568336
-59.487319
-45.194764
-60.087470
-66.287423
-56.533906
-79.179237
-55.058125
-71.748384
-71.698828
-55.659745
-74.721887
-50.364464
-54.178238
-58.888702
-39.288963
-52.079611
-46.979354
-38.119650
-70.258758
-38.632989
-68.911706
-49.067998
-50.979508
-70.387071
-65.433691
-67.231622
-94.428718
-67.970482
-109.541828
-87.874024
-108.570139
-104.710277
-100.660088
-107.499854
-121.357094
-107.990087
-136.923178
-97.902458
-128.248375
-113.383267
-106.991023
-119.508005
-110.004572
-116.659664
-121.689428
-93.601726
-123.990911
-109.844264
-117.588499
-126.979170
-107.452063
-125.168660
-122.763154
-123.231179
-134.403816
-116.455643
-125.448170
-130.974247
-121.784673
-151.336411
-126.517787
-142.849291
-123.169842
-118.702568
-119.451325
-112.871323
-97.937558
-113.292309
-85.792241
-105.268408
-64.659239
-77.567161
-67.414351
-69.336891
-58.353820
-61.157847
-50.816782
-72.156384
-48.688405
-59.541870
-41.882730
-48.640751
-46.542618
-40.132573
-37.098624
-45.943209
-24.471534
-52.590491
-30.829036
-37.228148
-42.368673
-33.653907
-53.218424
-49.532397
-48.513918
-64.800681
-49.790443
-63.974170
-66.359427
-45.728661
-68.261280
-41.819202
-58.583327
-55.455367
-55.043214
-73.317565
-68.407443
-57.561998
-78.594131
-44.189292
-83.461650
-64.249189
-72.127004
-79.444765
-65.745139
-69.461367
-84.744667
-58.597161
-99.725479
-56.870726
-79.587994
-72.872213
-68.198779
-77.828125
-68.201574
-66.794017
-90.080375
-67.760724
-94.258714
-71.454527
-77.332768
-91.703601
-79.904714
-85.354407
-73.906430
-66.724658
-84.484860
-58.454319
-85.271226
-80.130212
-64.800829
-91.380553
-64.561381
-87.607313
-77.813377
-67.427095
-77.240150
-64.882721
-55.672399
-70.119808
-35.912205
-68.771989
-34.535504
-41.892157
-37.028902
-26.912029
-32.668476
-30.539266
-7.794342
-37.896228
-6.714702
-37.502548
-20.280862
-29.096155
-34.467380
-27.860695
-21.275689
-40.141195
-11.989544
-55.956799
-32.148906
-38.186045
-38.291641
-24.016069
-45.744235
-43.889527
-33.592440
-49.767544
-23.523637
-38.427444
-42.684038
-23.904000
-49.954472
-22.696862
-34.256998
-35.627815
-22.531742
-42.648894
-33.320138
-26.908925
-53.123842
-20.670431
-63.910178
-44.561376
-39.331479
-42.044339
-31.013997
-28.381011
-35.800599
-8.684977
-45.236035
-10.760374
-31.348202
-23.884703
-21.666084
-32.837676
-27.182050
-24.186934
-46.665056
-17.949688
-55.642594
-45.109733
-60.607282
-65.407096
-56.801475
-64.429081
-65.754489
-54.044772
-70.489507
-42.871287
-63.964740
-66.009175
-66.491884
-88.649319
-81.749078
-90.431105
-82.700148
-75.325543
-80.884477
-78.565102
-74.597740
-87.608455
-66.551806
-90.977863
-68.646811
-83.130646
-80.991904
-82.059891
-80.932820
-89.954135
-68.751917
-97.763863
-70.602556
-91.142045
-85.028444
-91.259331
-86.178382
-96.894852
-87.426927
-107.337774
-71.948985
-109.212986
-87.406547
-93.802802
-96.312197
-81.281028
-94.384524
-96.003126
-72.832694
-99.770141
-78.039387
-88.696397
-93.723198
-80.095746
-107.003863
-90.939758
-92.383980
-97.368565
-76.991473
-86.828681
-80.814044
-71.945243
-94.463415
-56.149680
-89.223113
-76.597718
-76.833273
-85.828600
-64.739901
-68.532112
-91.267332
-64.480430
-91.729235
-50.332969
-78.266153
-69.797674
-62.981471
-74.255976
-66.850953
-48.807862
-70.064790
-23.799719
-59.875036
-23.127856
-23.119370
-29.480322
-9.698737
-5.149411
-0.050084
19.112579
-3.742271
29.402146
10.037557
19.649849
25.606472
12.554292
44.177013
43.713288
46.765042
61.637684
43.086430
56.527157
46.181633
20.114896
41.738853
16.429400
39.307312
29.578118
20.149970
25.389723
23.621655
12.178960
33.059797
4.231364
39.616739
7.377724
12.433966
15.523354
16.091218
14.843026
22.091312
-4.789961
38.379676
-0.740844
17.427258
14.401404
8.152910
24.956859
21.032981
10.045726
34.610179
0.027141
28.613091
17.039474
16.519458
39.654699
22.780097
30.445606
20.698441
-10.826004
-1.095467
-21.208135
-24.756678
-19.690085
-46.020781
-26.713619
-61.754613
-54.553232
-43.312967
-53.237643
-40.219862
-42.292483
-52.233846
-25.108603
-57.010827
-31.388128
-55.676904
-47.890778
-43.007223
-55.369308
-57.077583
-34.432444
-61.502903
-26.467428
-56.409082
-31.935913
-39.163563
-41.503018
-43.866637
-45.075643
-55.294342
-39.690371
-64.952619
-44.162384
-59.171719
-49.675919
-50.757998
-68.965045
-70.456143
-79.206803
-91.595569
-89.087107
-105.082158
-98.467693
-97.768273
-106.739992
-92.543616
-106.558390
-100.565183
-99.722047
-107.678357
-100.603264
-102.092051
-119.238084
-98.139685
-134.606736
-114.162344
-139.784148
-142.433477
-142.231787
-152.367791
-162.898144
-147.942291
-181.107457
-143.335643
-177.116634
-162.077870
-160.935442
-172.280696
-160.448778
-153.470191
-173.439898
-143.095198
-187.840986
-157.260923
-166.557841
-178.025813
-158.686894
-158.777831
-140.830677
-127.031499
-142.750295
-107.904695
-133.048704
-122.769051
-116.702517
-146.069481
-119.849008
-129.526379
-130.617153
-123.534260
-139.995440
-116.023529
-115.698192
-130.739164
-100.971336
-128.825995
-98.731081
-115.361793
-109.890647
-95.044106
-105.053875
-106.305702
-89.655209
-116.446183
-78.810864
-110.716305
-86.921034
-88.023729
-88.424099
-84.608898
-86.501724
-96.521789
-67.118168
-91.551903
-58.708776
-76.236243
-70.638916
-64.155814
-75.479116
-74.625335
-70.435708
-90.417392
-60.475191
-85.679319
-77.005528
-79.559738
-97.129787
-77.864273
-98.531393
-94.969998
-95.844269
-108.914858
-93.873491
-87.620976
-98.267734
-70.735505
-98.471815
-75.879390
-85.796721
-92.773097
-73.874833
-76.429936
-82.066803
-60.015425
-91.649626
-45.105883
-68.543652
-43.713436
-42.227078
-47.862965
-47.075286
-40.181037
-52.283654
-6.979966
-37.481463
-4.326125
-6.614149
-3.836364
7.694255
-1.632798
1.361049
9.865819
-14.501524
6.385273
-19.934820
-19.066905
-15.960153
-28.344979
-8.698193
-15.454529
-15.542266
3.157300
-11.918932
3.039543
0.077970
-16.297539
1.740629
-26.233625
-4.103646
-11.145914
-5.946210
0.729359
-5.188944
-15.944412
-0.854521
-18.541044
7.158765
-12.228288
6.356119
-17.203465
-10.108452
-13.469961
-3.866668
-18.220727
3.144940
-20.975976
1.232515
-17.428391
-17.421922
-15.878078
-22.120976
-28.980059
-12.406080
-31.986988
-3.369767
-35.858801
-31.987411
-26.741781
-35.111977
-24.768836
-35.633496
-44.568875
-31.504174
-48.334811
-32.721336
-29.011344
-51.342905
-30.493907
-53.151191
-32.437810
-41.660911
-52.830052
-31.706069
-36.548240
-42.221737
-19.231368
-56.712957
-30.509394
-59.215349
-49.093364
-37.492575
-51.395620
-40.587288
-42.610225
-70.606172
-30.343316
-65.108827
-28.417020
-42.126502
-46.699447
-34.895954
-46.058971
-44.037452
-24.816597
-53.884760
-14.945445
-40.761744
-34.548895
-35.247614
-57.324028
-43.402957
-58.818425
-60.827094
-38.631089
-58.661915
-27.799653
-36.062820
-54.494629
-43.540160
-71.998326
-55.714316
-59.242491
-72.264892
-64.536491
-71.112468
-80.731697
-58.610412
-86.612903
-59.230396
-88.532616
-76.808726
-79.942403
-79.967621
-79.694535
-76.401050
-101.125992
-71.127732
-103.032283
-62.041891
-75.273588
-77.406501
-66.221612
-72.390401
-81.173316
-74.262942
-110.427821
-79.716906
-105.005994
-93.673802
-88.235886
-104.122263
-79.344083
-68.364549
-69.298327
-29.739411
-54.467215
-35.867357
-35.373580
-50.208694
-24.297797
-53.776747
-48.902269
-50.818179
-60.735321
-48.268382
-61.780513
-67.417837
-47.159980
-74.104413
-44.506927
-67.600071
-55.259968
-53.795811
-66.073904
-64.954177
-47.967464
-72.587999
-40.733733
-68.920372
-43.734818
-57.896630
-61.456452
-61.710276
-62.337799
-62.266800
-38.169078
-67.811481
-43.945106
-59.391109
-49.823031
-54.240646
-64.611714
-59.978336
-56.522465
-73.826399
-51.251476
-72.553892
-59.525467
-70.089532
-82.674476
-68.715226
-83.009885
-75.451041
-82.263560
-84.599820
-67.369587
-69.974911
-71.712431
-65.356751
-87.457330
-62.871870
-72.862824
-66.427427
-70.812896
-75.049715
-73.033850
-61.755438
-88.944286
-51.696561
-83.754226
-67.161084
-86.329271
-87.653383
-78.794221
-80.536790
-91.010933
-60.926571
-99.439399
-65.033141
-87.903414
-83.073772
-67.927071
-79.442272
-74.633583
-71.984353
-95.457377
-62.295687
-80.492525
-62.526743
-62.444784
-77.578348
-57.576483
-77.075249
-74.321624
-65.972291
-79.544345
-58.943144
-65.745247
-70.362922
-53.734068
-96.375575
-63.379329
-81.403487
-84.390089
-71.575136
-82.169591
-70.647462
-58.825789
-84.273382
-35.767080
-67.624401
-44.529490
-52.680395
-56.870818
-51.013282
-46.129423
-54.272406
-37.152006
-66.987137
-37.619423
-62.068008
-52.271496
-50.212054
-52.035451
-37.594472
-37.989599
-55.283327
-31.117589
-69.152878
-27.441736
-42.081614
-52.604311
-28.938173
-44.830326
-22.571058
-17.189340
-27.048753
-9.312134
-14.286067
-21.879451
-1.034402
-20.139402
9.435058
-13.409731
-8.776423
15.072357
-6.911265
-4.865784
14.112618
-21.150218
14.245557
-12.182919
10.714407
4.959796
-6.590092
8.145595
4.300231
-7.582988
38.093544
-5.927541
28.143278
10.755192
38.104583
18.924091
1.456113
-3.020010
8.810176
-15.721908
22.994471
1.977606
17.101416
5.886163
0.235053
-4.327477
-7.201816
3.815504
-10.690525
-12.093725
-29.862675
-3.588343
-37.856338
-14.907556
-62.611411
-10.933122
-31.846496
-42.254594
-16.267049
-20.860269
3.303048
-11.303343
0.759148
15.863665
-35.458989
10.925793
-19.419335
0.824545
7.431861
6.794816
5.425066
42.103128
-13.914111
13.818280
7.369770
6.639057
21.717988
4.283485
-2.004598
26.761110
-2.389987
17.988572
-15.516352
0.808040
-7.870999
-1.395184
-19.224665
-13.832353
1.745221
-2.550013
-15.903085
5.956068
2.164099
-13.324602
-13.633481
-25.017165
-30.643412
-8.044047
-31.230603
-33.371508
-27.032468
-38.178736
-0.908403
-14.875440
31.113373
-34.095186
0.522688
3.521745
-3.536736
24.057381
-14.838520
-24.425602
19.680350
-36.811149
40.952486
-6.790192
26.677561
13.928577
24.080203
38.644961
48.612043
15.215664
56.001478
2.208870
33.395267
22.118406
16.433665
24.835479
-0.362416
17.028098
28.104499
13.068501
29.485186
49.951263
17.867020
50.323665
19.673620
48.676050
60.600147
44.353888
39.835154
39.183599
25.763659
52.791297
24.079072
49.059049
25.719460
36.548883
34.963596
27.105203
32.728875
36.193618
17.458845
37.067740
-0.855704
31.390760
27.738432
36.964742
45.570115
24.846969
45.096892
36.797119
7.802668
55.323257
22.160522
39.596889
31.346928
26.728989
37.264939
28.740635
26.173403
50.052819
18.479832
51.728923
40.011868
37.074303
61.731618
44.007699
62.370832
55.575662
40.517291
62.627769
53.646574
56.115281
73.621238
48.910845
72.685450
55.524562
66.060886
68.539292
47.959933
55.545853
59.903714
41.432506
79.499331
43.046704
70.202907
48.915175
57.139340
60.103671
57.283473
50.221284
65.506822
31.776987
59.392704
31.447451
51.432121
55.891406
54.844641
61.460163
53.363846
37.838605
58.707489
43.135441
65.868797
51.143375
45.075097
47.299055
40.490788
43.858153
44.209807
42.496040
55.762877
41.197193
48.330314
58.116651
41.079458
60.324051
43.981186
42.133556
31.383645
34.775622
38.362128
48.592841
42.015347
59.144608
36.116716
62.630683
48.662533
46.708166
51.712187
59.066640
48.145772
63.901991
37.942700
76.413552
46.943401
66.208039
64.024220
51.807929
50.145277
50.067231
31.898305
60.858273
28.408607
49.487153
40.332303
31.986630
44.982707
35.263741
43.891986
53.589753
23.094010
42.517648
15.814220
21.596070
40.393342
12.271790
44.064929
18.460139
17.483173
27.025106
13.545407
30.241037
38.041543
11.492667
52.819800
16.643560
44.691530
25.454950
19.599453
24.191664
11.458473
9.116244
29.005774
-11.783759
32.190232
-2.802847
14.319463
16.428823
6.462193
16.114209
19.545112
2.242334
33.579014
4.508496
41.247073
20.189619
14.304171
35.851428
17.634861
20.010616
25.676479
5.059614
26.552210
8.319902
5.090134
-0.926735
-23.534517
-3.081631
-25.484247
-15.990436
-5.136195
-23.716667
-5.830305
-1.434776
-27.883299
5.163883
-17.997706
4.652962
-11.654051
-22.420845
-0.831604
1.743553
-9.375763
16.870355
-25.611764
9.957195
-26.897140
-3.436322
-12.206177
-23.515749
-18.217578
-17.192401
-51.597805
-19.036281
-63.312281
-33.109427
-57.766561
-59.995378
-52.854692
-62.562779
-66.700619
-50.295556
-80.587846
-46.490957
-64.859342
-71.982798
-54.603339
-88.840025
-65.961834
-64.733282
-67.838625
-44.029972
-61.565786
-54.216865
-44.593663
-68.333619
-39.938232
-75.516940
-28.832013
-32.669554
-46.021960
-21.117282
-25.570836
-11.729353
15.252578
-26.631187
11.917809
-4.032085
-12.964779
12.487667
-5.396220
-23.078486
-1.388464
1.146428
0.383149
-11.235982
5.142955
-5.482585
7.230671
-10.712898
40.732855
-26.461600
8.951320
6.260766
45.674920
-1.261824
11.805817
44.485009
42.481126
-34.153400
-1.837159
31.781681
26.291241
-7.789969
36.269762
-8.196550
3.950827
33.370159
-26.177339
28.871636
3.700392
-42.009566
42.338955
-26.663546
2.517605
29.931574
-66.249978
-8.622339
-44.675780
-1.602880
-14.585516
-79.515847
-22.862047
-17.275016
-38.510151
-50.568820
-83.650661
-17.044976
-67.733815
-51.029395
-26.196491
-76.811489
-33.873029
-123.887719
-61.957284
-32.476293
-130.476839
-15.225246
-63.334060
-102.423108
-27.314271
-33.883214
-69.409087
-71.779965
-36.349013
-69.668519
-32.620507
-49.812543
-52.685678
-71.750670
-58.080171
-48.517720
-95.581300
-39.265886
-37.492034
-82.913319
-31.199747
-101.626535
-36.839832
-94.755719
-114.488921
15.638274
-98.543927
-84.615309
-54.097577
-82.163154
11.502501
-90.508446
-21.580581
-73.462957
-53.418047
-13.396656
-35.187456
-95.100654
-70.223183
-49.294355
-70.917892
-70.841822
-66.369916
-72.482871
-44.850075
-74.932342
-31.391376
-94.951288
-68.134730
-62.719570
-100.732428
-21.477983
-97.836803
-22.553893
-79.807724
-53.369847
-48.151583
-58.077961
-57.519060
-59.721611
-30.599775
-72.686303
-16.715613
-27.092070
-42.956981
-3.468620
-22.873326
-29.845334
-32.998148
-12.318141
-13.065937
-9.339142
-38.524271
-30.604306
-34.359715
-15.319311
-1.852465
-27.918875
-24.529752
31.645607
-10.998949
4.128547
-64.836652
36.869386
7.508787
-21.014901
-3.219660
-41.982757
28.779535
-34.680770
8.590314
29.243336
22.282668
-47.440669
-11.592608
35.224463
-5.467885
-6.621141
-6.674108
15.173111
-7.942628
0.440506
-26.657673
-29.669711
28.885129
-11.217405
-2.078354
-37.309261
-13.303748
0.666253
3.505971
-53.950119
3.397247
-44.220288
-19.839570
-23.193528
-75.856119
-76.852524
-45.667811
-38.171992
-68.985277
-80.982781
-111.460080
-35.884692
-98.411071
-73.780536
-96.657053
-129.543601
-22.744740
-83.808251
-129.002745
-79.600094
-96.429634
-86.598486
-108.348908
-18.239830
-77.408429
-70.875299
-76.509926
-76.475722
-52.896222
-82.218249
-76.131056
-65.549643
-82.548006
-43.776711
-40.910168
-50.325251
-59.923069
-77.572727
-6.314585
-41.981419
-65.155035
-40.464551
-58.867122
-13.931153
-24.846618
-65.531980
-40.264405
-60.839024
-20.584784
7.284476
-75.471170
-19.999054
-106.784219
-48.037020
10.407955
-87.601615
-55.609412
-79.654260
-17.433012
-15.006556
-83.164361
-19.910336
-42.586817
-86.143060
-38.057449
-56.781876
-62.616432
-42.091784
-71.935671
-50.971501
-47.553397
-47.414564
-29.100878
-47.238766
-61.411778
-38.388215
-89.501820
-41.298823
-41.301291
-45.870729
-21.459141
-57.280927
-37.064873
-36.781144
18.872020
1.241947
-31.115247
-47.681713
26.249946
-5.393329
10.189303
-12.956769
19.020231
-10.483157
-35.625084
20.650021
-20.083096
-0.217283
23.585307
-36.738642
34.273376
-19.656800
-42.394244
18.009774
-27.603542
-14.790975
20.786668
-15.078423
-11.992896
-7.584902
11.074291
-23.255453
-47.812258
5.758340
-23.666661
32.117589
4.943060
-1.007397
16.971042
12.853194
-5.738886
19.786877
0.228294
-41.726828
-10.036995
-11.950572
-25.894180
-43.574078
14.527512
-12.273658
-21.393822
13.545407
-26.809040
0.529878
-4.923204
-0.438842
17.900634
-5.658870
33.588542
53.220731
2.931833
56.879019
25.580997
37.826330
-3.015927
42.137737
16.074724
12.107118
10.848361
10.532928
-1.169135
-13.695655
2.976153
-15.272603
-14.816058
-33.978261
-21.291695
-12.260784
-14.995537
-6.755916
-16.744289
-9.758279
7.807743
-8.600215
29.831369
7.648421
27.682251
25.735113
20.484583
32.418773
38.018905
21.467280
63.210878
29.237748
64.817316
48.877917
48.061149
59.434681
48.980874
47.978560
70.910203
37.051630
75.458331
45.038188
60.148413
70.588342
53.612758
67.274103
45.478355
36.439960
52.735860
23.225504
46.858375
32.545053
25.671094
50.369887
23.743970
46.425438
41.148420
38.645421
59.030384
42.401328
46.255154
60.475976
22.205333
56.010651
19.052400
24.766842
18.254040
6.578682
18.666935
18.995379
0.061050
30.451132
-9.431610
21.761701
6.809092
17.371615
27.156425
21.129098
22.327262
36.534886
15.589916
51.370102
23.037618
43.454949
37.034678
27.366195
41.685395
36.341246
28.589259
46.469362
28.270334
51.371044
48.017151
44.883425
56.594536
33.773118
51.113291
36.099864
25.820930
35.331127
20.412932
19.708635
28.974303
-1.149469
25.116700
-9.705914
-3.650903
-3.857818
-14.822291
-15.542697
-16.622803
-35.550603
-1.856995
-50.925098
-18.378144
-25.919547
-21.743774
-9.700586
-24.502756
-29.479286
-9.337997
-46.774813
-8.015993
-34.963936
-18.860100
-20.311962
-36.095074
-14.423030
-14.526047
-21.167869
7.188074
-24.068097
0.176818
-5.650893
-15.709962
11.465578
-8.819879
4.196303
6.718058
-7.467855
1.151298
-14.369147
-18.795383
-6.425319
-31.131746
-1.382020
-21.589128
-16.101802
-23.976178
-30.578559
-25.588494
-14.456808
-37.047912
-10.393475
-44.490672
-10.676149
-22.657143
-22.779178
-14.771882
-14.766245
-24.944537
-9.151258
-29.907879
-6.359834
-33.613694
-12.494317
-14.132325
-11.535934
-9.411931
-7.271233
-25.843013
-14.660842
-36.666835
-29.979085
-36.773782
-36.708426
-17.998177
-24.274766
-23.317712
-31.062349
-43.332924
-21.815301
-21.405247
-21.128503
-3.590755
-28.643931
-1.712923
-14.489832
-14.611524
-3.305543
-12.785221
-7.608075
1.306654
-21.516461
26.427290
-2.117124
21.059912
5.540926
-1.745302
1.120826
-9.627109
-17.610136
11.781489
-24.075017
15.885581
-11.922826
1.940351
8.130736
-4.270119
5.911668
5.858170
-14.642438
20.171138
-13.396044
10.682831
1.928134
-15.402992
0.636655
-23.134635
-8.469138
12.499630
-8.456679
23.459879
10.612293
14.962120
34.734204
16.838799
54.310289
30.755825
37.300174
43.646453
30.358715
35.615482
35.682981
6.702738
32.387519
0.079264
17.147779
-1.735036
2.966974
8.878509
5.012473
3.152771
21.748616
-10.989521
27.225999
-3.492635
9.766071
-1.153169
-7.650474
-3.596642
-4.255855
-12.366803
11.686751
-19.746614
8.845317
-10.668192
-12.418016
3.707792
-12.873727
-2.167825
9.495043
-9.762529
23.361912
11.439879
17.176436
32.191339
8.266047
27.326745
10.878962
14.596199
24.201072
8.881018
14.611904
10.358473
-19.109457
9.809281
-24.541841
-5.320179
-17.353465
-22.355601
-10.068306
-12.963628
-25.514305
0.380941
-32.973255
-1.100675
-26.640891
-11.650078
-15.837170
-31.942518
-33.279982
-30.720570
-46.814606
-16.958025
-51.219403
-22.327768
-31.735966
-35.745260
-17.918885
-35.091580
-32.185776
-19.438169
-41.824522
-27.424587
-48.544119
-53.078077
-37.108577
-50.861343
-31.521692
-44.922312
-45.457339
-36.329867
-46.053688
-35.859285
-29.536838
-46.272333
-21.701717
-46.326781
-26.756403
-29.179183
-36.637050
-39.786263
-38.995590
-54.002655
-39.082866
-61.998966
-30.493654
-52.744138
-34.278158
-35.995865
-38.844438
-49.225484
-47.273072
-68.493647
-49.703472
-80.362951
-55.776642
-64.134623
-72.177536
-69.074501
-69.651560
-71.611925
-67.293864
-84.224806
-62.536122
-77.194073
-80.568247
-69.949838
-96.315171
-81.529200
-86.622171
-99.417059
-79.914455
-102.530227
-90.872931
-79.633358
-105.604212
-75.054381
-108.981030
-92.851202
-92.183926
-98.188353
-87.957199
-90.694087
-103.237417
-67.307452
-98.893750
-56.041440
-79.315337
-76.522212
-67.643700
-73.894651
-71.572833
-63.386876
-93.355095
-46.674801
-87.155129
-72.060906
-87.910957
-104.153502
-93.041949
-101.412972
-111.506328
-101.143065
-137.900358
-112.106166
-137.531326
-137.644568
-131.882758
-170.636462
-159.568098
-163.753443
-165.384992
-144.142766
-161.733634
-149.589748
-140.419885
-154.854801
-121.802235
-149.920395
-136.465782
-143.995715
-155.679680
-144.486365
-155.495908
-161.850909
-136.785604
-169.135802
-135.186391
-154.286982
-131.718029
-131.139853
-137.149346
-132.478726
-129.515670
-158.263254
-131.361676
-157.601829
-128.748812
-132.886571
-134.699807
-116.188895
-120.568333
-126.782950
-98.094373
-122.770591
-83.749888
-97.795597
-86.989937
-72.239386
-93.939504
-76.619614
-75.428393
-88.305072
-66.715033
-79.963589
-68.391410
-61.166364
-81.488314
-46.906866
-69.008299
-57.390488
-59.958001
-75.005732
-56.282469
-51.366841
-63.735106
-39.671498
-83.372709
-51.844467
-76.205885
-75.918335
-61.370260
-71.338342
-67.420148
-51.402153
-80.449000
-33.789798
-65.012528
-39.477363
-43.733248
-43.316418
-35.592286
-30.738096
-35.903254
-14.643790
-41.756667
-13.608750
-21.812047
-20.418592
-12.881812
-29.339242
-21.910043
-21.001666
-22.870517
-9.553637
-24.478161
-17.220336
-16.622077
-25.587728
-8.472876
-16.544359
0.417130
-3.961398
-16.454649
-15.121579
-18.978181
-29.184270
-8.052650
-32.542747
-2.386445
-13.629270
-4.289212
-19.551186
-20.395043
-23.464560
-6.420112
-31.944261
-6.724207
-32.498826
-12.489476
-24.821572
-28.951876
-25.804752
-25.303567
-34.415948
-9.451417
-47.569850
-19.972024
-35.211158
-38.699487
-23.191997
-40.702575
-44.298967
-38.012413
-57.023281
-22.820812
-41.095056
-25.119540
-16.217136
-38.742071
-14.103874
-34.939372
-34.883703
-21.004093
-32.110479
-16.889873
-20.374906
-35.972143
-9.810760
-56.575577
-25.577704
-34.354828
-40.985885
-31.411669
-42.111161
-41.973811
-25.120599
-59.959903
-23.505286
-64.110406
-47.890429
-60.585581
-67.522600
-61.401183
-60.964954
-81.681651
-50.107384
-87.420320
-61.043627
-85.762046
-88.612738
-79.590762
-102.514848
-95.884303
-91.556913
-107.236347
-78.662143
-107.806626
-89.272398
-88.192645
-103.407831
-77.804365
-92.044800
-80.575687
-85.379785
-102.358320
-81.946171
-89.734679
-96.275777
-74.369579
-102.010373
-67.707621
-86.145303
-80.913389
-73.186622
-86.134234
-82.684566
-61.314605
-92.804308
-57.455648
-95.643301
-74.850578
-80.512148
-87.351143
-72.774684
-72.895407
-83.990213
-53.035439
-91.544000
-55.687820
-72.559361
-74.484124
-62.427062
-72.175827
-60.892008
-53.243324
-84.704034
-42.449951
-68.362013
-56.767122
-59.246363
-81.249028
-75.455379
-99.897157
-101.881177
-91.296989
-107.753057
-71.475517
-67.441776
-75.398589
-45.836082
-77.737560
-57.217020
-72.708685
-74.770995
-64.974520
-76.298956
-79.617989
-63.129015
-88.327701
-64.034336
-91.195924
-65.546699
-62.297661
-65.271697
-56.754920
-51.304679
-70.696168
-40.498812
-71.843622
-39.328303
-54.732013
-46.071825
-40.454761
-42.515784
-32.578647
-24.288622
-40.826625
-12.574172
-27.912821
-18.341075
-18.540712
-25.579489
-13.578862
-19.350641
-29.297235
-31.693708
-41.113271
-21.507496
-23.379944
-27.400193
-10.789691
-28.485316
-22.308805
-35.420520
-41.970003
-35.785750
-37.096520
-43.624001
-29.075628
-58.620192
-28.721523
-65.721271
-50.637298
-52.544574
-48.155626
-43.193006
-47.100347
-71.294597
-43.421799
-76.085786
-41.868779
-56.512040
-63.737449
-58.687892
-63.866897
-60.266735
-44.718579
-83.018294
-45.635255
-72.773451
-65.408237
-62.594389
-78.441381
-60.898293
-71.683321
-84.854023
-56.590055
-86.579514
-64.059931
-66.924014
-79.533215
-45.315153
-64.621844
-39.882645
-31.388503
-45.143262
-28.281654
-34.193159
-35.611797
-13.964482
-51.804933
-22.930492
-64.367065
-56.730677
-57.683723
-70.982841
-63.148746
-59.690814
-76.365598
-49.648161
-92.697839
-54.967435
-80.080956
-82.145054
-80.947660
-84.412383
-83.625482
-73.389222
-106.721729
-72.626202
-103.896838
-87.181940
-90.060523
-97.435417
-83.178658
-89.525553
-89.712891
-82.212370
-105.237950
-85.010257
-90.536545
-97.394932
-73.372833
-93.518844
-75.458817
-85.100663
-92.960772
-87.757498
-105.510682
-106.693791
-100.947092
-143.583049
-111.324408
-147.910600
-134.093105
-127.423895
-130.979714
-121.961885
-123.991135
-148.336010
-121.769406
-168.304243
-144.653559
-165.871963
-166.044329
-155.093119
-163.024057
-158.390532
-130.426853
-155.427423
-116.602389
-138.803851
-120.056126
-112.843610
-127.565161
-113.577163
-123.793214
-136.289207
-107.347668
-141.436575
-123.127386
-133.724874
-151.457869
-137.689748
-162.329795
-148.034626
-138.149787
-143.456917
-124.389616
-132.123511
-124.636872
-110.079978
-135.961912
-105.182434
-121.245979
-108.494830
-111.003410
-120.628797
-116.140447
-108.994459
-123.136099
-85.948287
-118.039728
-94.339157
-106.730399
-96.717212
-91.948551
-94.264438
-102.631920
-94.666229
-130.638406
-101.950376
-118.201047
-106.954628
-113.122983
-115.060382
-117.974163
-110.287255
-109.390232
-85.927099
-95.578083
-73.093254
-78.721933
-73.822157
-56.986021
-57.542976
-45.281449
-50.350518
-47.055724
-29.974599
-30.989436
-30.122405
-11.272997
-28.268131
-8.877754
-31.698003
-22.860942
-22.052200
-33.734666
-32.406112
-26.465396
-50.267228
-15.415343
-59.820367
-33.663307
-42.798365
-46.676961
-37.997947
-42.140425
-49.788120
-18.245013
-47.567889
-5.497824
-27.951127
-12.171781
6.218157
-6.211720
0.130188
4.938114
-17.084256
18.256289
-14.530086
9.080958
-0.185440
-24.783050
-4.803050
-25.408709
-17.032477
-7.784208
-28.899029
-6.250711
-22.190099
-25.610497
-8.583047
-37.497407
-3.575902
-25.124184
-19.197588
-5.567812
-16.715103
-6.760139
6.806286
-18.432551
20.945240
-15.437362
21.719456
13.738737
20.157132
28.095988
23.064448
17.471138
33.096729
-4.066057
32.982540
10.128608
18.343306
13.223305
2.232317
10.671773
11.162919
-4.910559
19.221067
-11.668156
12.264825
2.659863
6.717920
28.636588
6.332912
9.209607
10.290103
-0.035678
26.503940
9.591553
16.018672
37.019312
18.082801
48.701848
38.502527
38.714005
38.309515
21.662901
24.647321
31.592473
0.639479
39.007871
5.829288
32.570629
21.266727
9.369168
24.305732
26.705614
22.283210
47.959801
13.088463
61.097256
37.326784
50.828132
57.926971
45.091081
50.182679
64.098847
47.284879
83.047618
46.138288
66.444422
57.333363
42.425629
58.517692
38.813778
26.256286
37.658748
9.589783
35.113809
26.945881
22.355886
25.049869
-12.775251
15.823455
-3.179371
-4.193620
5.793777
-11.371678
-8.724355
-4.752492
-30.366884
-7.097910
-34.251744
-17.006822
-28.410651
-25.461363
-12.279367
-8.502207
-21.308563
-7.490357
-40.230312
-2.166392
-20.421686
-1.260799
-9.943643
-16.909041
-20.977550
-17.033759
-43.375051
-30.540095
-54.341161
-30.121122
-45.879723
-47.199920
-46.780021
-48.083618
-46.121678
-42.491370
-57.834442
-45.243556
-59.128114
-55.271441
-50.902823
-61.630226
-44.718194
-63.632992
-65.122126
-57.821491
-65.224462
-53.291999
-45.925456
-59.178869
-30.364420
-57.052343
-38.646784
-46.163492
-52.827839
-58.706381
-58.391794
-71.779069
-50.151440
-91.343519
-52.947234
-72.496210
-66.299831
-52.756206
-63.959983
-61.756965
-46.179577
-69.008099
-28.015206
-59.281624
-37.421260
-40.661523
-50.599784
-34.161463
-41.250562
-48.995601
-26.567757
-62.155235
-36.009141
-49.038777
-51.300900
-33.056343
-58.232839
-42.880681
-52.887914
-63.225546
-29.915765
-49.820852
-35.527007
-26.824319
-59.080950
-24.795973
-50.639369
-30.385036
-32.485064
-52.826938
-40.814470
-42.208154
-60.855760
-34.620064
-77.587329
-48.360767
-63.739440
-55.277830
-54.877311
-67.206211
-58.985499
-47.233953
-71.389640
-21.659565
-54.738793
-29.640618
-39.738607
-43.716513
-35.600857
-43.269551
-40.508992
-21.673336
-46.900887
-26.497255
-53.258242
-40.669849
-34.863421
-54.061954
-40.442664
-49.659679
-58.536827
-49.205508
-69.040785
-58.477616
-56.201201
-88.523224
-70.534788
-98.170195
-71.506164
-72.342346
-80.456627
-59.525025
-74.313931
-92.370754
-69.656218
-107.159987
-76.312552
-100.131457
-92.670014
-88.551964
-98.471653
-97.574081
-84.029271
-106.237254
-65.594854
-90.137243
-63.245432
-75.278149
-73.542972
-55.408272
-54.908267
-62.909235
-34.047280
-60.102184
-29.581548
-52.811887
-42.823965
-20.570504
-34.952687
-17.623487
-9.645846
-12.479057
15.788097
-9.260123
-0.581359
-0.022886
-18.676417
8.777317
-19.874595
-14.326052
-19.108887
-24.724605
-16.417996
-24.222945
-40.739248
-14.223904
-46.830072
-21.364238
-53.194859
-46.845607
-45.617343
-49.333770
-53.460763
-38.421329
-59.847994
-24.658377
-56.544609
-28.061761
-37.361088
-38.169274
-35.372345
-29.446362
-34.724263
-23.904244
-48.328742
-24.864921
-32.338105
-22.796617
-27.512812
-37.339047
-31.227966
-37.942737
-49.952573
-41.035706
-48.593339
-39.070198
-42.305653
-49.387496
-36.238745
-45.860476
-25.034288
-22.410596
-31.118166
-23.108726
-20.858659
-37.528653
-20.030827
-57.498941
-43.968049
-58.839535
-60.030972
-67.965487
-74.756144
-74.449457
-61.017317
-91.902240
-54.675200
-89.660039
-68.722869
-77.010746
-80.684503
-68.032965
-66.279287
-84.212871
-53.588652
-97.243518
-68.404543
-85.809011
-82.913475
-61.392151
-80.842524
-76.482066
-64.155836
-90.134450
-59.913861
-81.680324
-63.937352
-57.426351
-80.584426
-40.973612
-59.332926
-50.998210
-32.024940
-47.009573
-24.310209
-20.541278
-31.772410
-5.542243
-37.956987
2.920939
-11.727270
-18.773735
-12.361124
-20.859457
-21.330210
-8.836296
-49.336005
-17.755497
-61.853763
-45.203872
-51.401396
-64.195322
-52.228612
-48.444039
-55.747782
-31.771479
-64.931033
-27.168412
-43.359915
-41.075734
-33.730448
-48.127878
-36.187415
-32.039782
-48.368402
-27.097635
-53.856667
-35.954150
-39.942988
-48.312702
-30.236355
-45.286623
-33.238724
-27.352744
-41.691330
-31.937392
-38.361364
-49.185607
-34.038217
-66.687124
-40.481475
-62.942626
-62.314413
-51.985049
-69.130578
-67.814310
-46.602124
-71.195870
-26.179713
-51.573352
-21.732378
-28.972523
-38.515243
-32.810859
-35.076535
-43.735929
-16.278558
-52.556951
-8.242224
-26.300113
-25.954211
-9.993083
-17.585945
-7.244738
5.035037
-16.476229
19.166685
-4.473758
8.504955
19.569555
9.381682
40.784089
36.340082
36.558266
56.256684
33.509603
59.215346
64.003229
49.461112
71.038962
36.597312
53.426292
45.734084
40.345218
46.818685
33.993362
31.927903
44.240791
9.332868
44.764536
8.259272
21.093355
11.220372
4.969339
3.286356
2.935318
-13.460430
4.451632
-31.176144
-0.707657
-14.457727
-2.770724
3.069984
2.592253
3.410171
14.192556
-5.726701
18.137532
2.750953
23.803279
18.642889
15.190140
26.463442
17.774067
22.608539
22.059193
2.634657
10.931247
1.588801
-6.299699
7.154526
-11.630558
3.939949
-7.615264
-1.078916
3.271668
-0.815509
-9.022883
11.129805
-5.508950
26.335603
11.345981
24.713074
18.628748
12.423391
16.366647
19.941933
-3.097066
27.933191
-15.341975
9.854123
-10.268621
-12.599037
0.748744
-3.175995
-8.933278
13.311058
-29.300873
5.204703
-26.089937
-27.882699
-25.681678
-48.912805
-32.955760
-44.947716
-50.142111
-37.450714
-67.339146
-47.121002
-48.884392
-59.817017
-37.301996
-64.974321
-43.403550
-42.836045
-50.591699
-29.363585
-33.294392
-31.231997
-3.955602
-43.763908
-2.342204
-23.348861
-7.361958
-6.566905
-17.441594
-6.963840
-9.675339
-33.290273
-1.295969
-45.280182
-11.167914
-31.349080
-39.293893
-27.473276
-34.941620
-37.657861
-25.655541
-54.610456
-18.742701
-46.620390
-26.419218
-21.248035
-34.250177
-25.178082
-37.756199
-38.966665
-15.043626
-34.803373
-14.666460
-32.754542
-33.501795
-7.353487
-36.419590
-16.051183
-26.164140
-35.845935
-23.599096
-37.439522
-23.584794
-7.943006
-33.346196
-3.611733
-34.642168
-8.890127
-16.780390
-25.825776
-20.204806
-26.686373
-44.518441
-18.920169
-56.146933
-22.351405
-42.962542
-38.989229
-35.289333
-39.977780
-35.794372
-23.074817
-53.289877
-18.180282
-44.537492
-22.987234
-15.736802
-23.484370
-1.032349
-1.662577
-11.317957
13.308150
-19.552028
4.111253
-7.709387
-11.877702
9.745832
-14.541206
5.908525
11.486115
-8.246534
9.381661
-8.829205
-16.759517
-5.273209
-35.256760
-0.730355
-28.402538
-17.894343
-17.831754
-32.791216
-24.139476
-21.450853
-41.549288
-8.169584
-45.648546
-18.081596
-32.654418
-27.103717
-17.055804
-29.153989
-35.184624
-13.708503
-55.095775
-20.529683
-42.850264
-21.984364
-26.837877
-34.071315
-30.627259
-35.751733
-45.012288
-26.055273
-49.356897
-29.946659
-45.297935
-55.024667
-42.372564
-53.664941
-42.344496
-39.599773
-45.470416
-33.639014
-43.053571
-41.299895
-33.612891
-50.178973
-28.121541
-40.093107
-30.918034
-38.834626
-42.274216
-49.885150
-42.616936
-57.410248
-37.397579
-67.155486
-51.852537
-70.956508
-63.519444
-65.722696
-56.381202
-59.174797
-45.405614
-69.499807
-37.822907
-60.770783
-46.345742
-56.155046
-67.204172
-62.982675
-64.680443
-87.351253
-65.180070
-92.888673
-67.952523
-78.557153
-85.285676
-63.853110
-84.009896
-68.368400
-55.798747
-78.350080
-51.216355
-65.922447
-63.988365
-31.752076
-52.192484
-28.102023
-46.131393
-40.146731
-28.472912
-44.806666
-43.340820
-38.109830
-61.881688
-17.148066
-51.456609
-24.605798
-36.226410
-44.452975
-32.040415
-43.643991
-52.400579
-31.697208
-75.008596
-39.051220
-69.295207
-55.376176
-52.551173
-70.799687
-55.202784
-52.633056
-77.270180
-50.545576
-91.316151
-65.571066
-74.214303
-80.244851
-59.142285
-79.135630
-69.416363
-57.775135
-80.139311
-48.220881
-63.563504
-47.847384
-31.633823
-58.541522
-32.682700
-52.942805
-47.266469
-37.552805
-46.277755
-29.950031
-30.686574
-42.193061
-14.283155
-45.743361
-10.090694
-20.936168
-15.550852
-17.058105
-22.762875
-23.517438
-5.726968
-23.225828
15.594760
-14.788902
2.776932
3.085520
1.985802
5.847724
2.100775
-11.193510
12.622234
-16.269601
18.393509
2.367319
-5.496336
2.096406
-12.930992
-8.428961
5.018342
-11.257028
3.315608
-13.409321
-8.969773
-2.987445
-30.012219
-4.558789
-24.315752
-29.847567
-20.365391
-37.703035
-20.825527
-10.433549
-24.224286
8.909037
-28.862478
1.298620
-5.280733
-7.830434
12.929274
10.790142
2.852098
31.786386
-5.581834
30.531470
0.174344
14.151521
3.962128
-15.535421
-9.702943
-4.194368
-18.687321
13.521301
-28.258333
-10.291306
-23.567001
-38.392966
-28.524515
-44.138441
-52.072586
-44.448860
-67.849081
-44.613963
-69.343452
-64.120713
-61.885799
-90.923805
-72.677762
-87.096856
-89.131779
-71.819411
-82.525289
-69.042386
-61.890321
-74.856059
-58.348923
-85.235150
-68.621752
-81.031358
-83.844234
-90.706417
-95.405823
-103.093391
-83.402309
-110.533300
-82.876425
-102.339438
-79.498893
-84.614437
-80.527012
-82.936745
-70.838786
-89.627416
-67.710963
-87.114338
-66.060509
-70.418813
-59.513441
-53.983813
-46.556344
-42.539252
-29.053918
-46.405970
-36.618735
-51.146847
-35.991689
-34.042607
-45.911557
-31.657576
-30.401580
-30.876769
-20.473394
-28.459755
-21.478611
-12.358237
-32.558100
-6.566007
-30.536995
-22.593954
-35.558295
-42.245239
-39.518731
-45.565384
-52.401217
-23.290959
-58.960957
-21.668501
-43.540725
-33.570983
-27.223095
-41.249770
-35.330470
-28.142244
-56.140805
-19.274819
-54.313554
-26.251998
-36.191131
-40.777473
-27.073575
-46.075405
-46.176995
-15.893324
-37.576694
5.435440
-14.791484
-14.009810
1.595429
-10.717864
13.125010
12.914516
7.418383
25.397838
6.600658
18.838916
21.167268
10.365076
44.217727
6.652036
26.043800
28.673484
16.041860
25.481233
16.495726
1.627693
21.935797
-20.625969
17.897395
-12.417644
-0.733992
5.092001
-6.275945
5.178685
9.559982
-19.160849
8.289584
-25.977759
1.126656
-20.162119
-19.774739
-9.924460
-20.504992
-24.613707
-6.604437
-33.703423
-0.144815
-21.837222
-15.491706
-14.569962
-30.907802
-21.416449
-27.754771
-39.676786
-23.779994
-42.051483
-26.162357
-29.396997
-43.671735
-11.536101
-35.757958
-13.298189
-17.142830
-33.453385
-24.717722
-36.367492
-40.913111
-15.847725
-48.170971
-20.306193
-39.072751
-25.435943
-14.934889
-20.388828
-7.066570
6.765921
-21.017200
13.168064
-28.160352
-2.140962
-16.966156
-14.883070
-7.027222
-22.404015
-34.056842
-9.944138
-36.272778
-8.324430
-34.981018
-33.903909
-25.057555
-42.150915
-25.303536
-17.325310
-26.022033
-2.975345
-26.130034
2.479486
5.387977
-2.070586
35.396796
20.058572
38.474826
34.136626
23.961319
39.339954
21.948771
8.520529
27.480092
-10.803797
14.573329
-10.439810
-3.725805
5.960047
-6.773254
-9.557108
0.639471
-29.085495
-0.324433
-42.181497
-18.219199
-31.601113
-27.242526
-19.406414
-16.354342
-26.221396
-11.636588
-33.537327
-9.510130
-34.497291
-29.417201
-26.975148
-30.444672
-30.274283
-32.148572
-39.264831
-27.323377
-41.842945
-43.237280
-50.241707
-55.697340
-39.816870
-45.834336
-41.424993
-51.114442
-58.582534
-54.493225
-56.497300
-67.060591
-50.275554
-66.583942
-47.534221
-70.240462
-63.889782
-62.582693
-58.814168
-56.409330
-44.338438
-65.323146
-28.353507
-56.683743
-35.518831
-43.218091
-44.063056
-37.633304
-35.917714
-54.545747
-28.905588
-65.613845
-28.861770
-49.909002
-50.989151
-42.341005
-59.299740
-57.311919
-57.510904
-86.974972
-61.899148
-92.696017
-79.787036
-78.480013
-96.970940
-66.802281
-81.052929
-69.602664
-54.780859
-66.058901
-47.775877
-70.504712
-83.125751
-57.120073
-89.317470
-58.497545
-80.669658
-79.886935
-67.442290
-84.101730
-76.050760
-54.060252
-91.503761
-51.882789
-90.540997
-65.045224
-68.432328
-72.964337
-58.925237
-65.350054
-74.697549
-45.775775
-87.106268
-45.920504
-67.984063
-51.376974
-41.864410
-55.243757
-46.481940
-42.705815
-51.982039
-20.712724
-50.091264
-28.041581
-41.963145
-52.095690
-37.967566
-51.768285
-49.695313
-44.703820
-51.422536
-35.780723
-50.222465
-55.720786
-45.069305
-68.969748
-46.142595
-73.636043
-72.216591
-65.261778
-78.339341
-73.580885
-68.018852
-90.703468
-62.411604
-93.154959
-66.810098
-82.055561
-81.677821
-80.219848
-89.893563
-95.908979
-64.470494
-105.129986
-62.272651
-84.633521
-75.494162
-56.044502
-65.088044
-52.955913
-49.108520
-71.389524
-34.698946
-66.238216
-48.947820
-51.079376
-56.850169
-38.178354
-50.928346
-49.704508
-38.059620
-57.031555
-29.779247
-37.047825
-39.982713
-20.235112
-49.206601
-20.742509
-37.285017
-42.831234
-23.588134
-31.216312
-25.460514
-13.990641
-39.591930
-7.594679
-42.375723
-17.295979
-26.345196
-33.832410
-32.654627
-31.156434
-46.158222
-21.012319
-56.761056
-21.417522
-48.747865
-45.201646
-50.963584
-61.439204
-67.208721
-61.705459
-79.105153
-49.675476
-71.863025
-56.031731
-55.533509
-44.129452
-28.852724
-34.291617
-27.758881
-14.987884
-30.822737
-16.497613
-18.494048
-17.312092
-9.415554
-21.974056
-1.043551
-9.132857
0.215881
6.883612
1.293226
-4.473903
3.195152
-17.403936
1.397166
-14.288259
-0.066672
-9.559460
-4.943883
-6.620076
-1.736346
-11.148908
10.119071
-20.937930
7.969518
-12.644940
-4.428662
0.018000
-2.849784
-9.735313
0.944855
-27.223876
7.071946
-23.408174
-12.528339
-14.063902
-27.629587
-15.003103
-30.547179
-43.880306
-26.743734
-56.183406
-40.731436
-52.213880
-61.881270
-40.200790
-62.368099
-42.929418
-47.169121
-54.768879
-29.586786
-43.777161
-40.319064
-31.939807
-59.585422
-19.371417
-52.211399
-30.909860
-29.170701
-37.745146
-24.445913
-19.209696
-48.773276
-18.744528
-59.903018
-22.937006
-44.010528
-38.619965
-19.694435
-20.578272
-11.018280
13.734070
-21.767134
12.273152
-16.010040
3.733486
-6.225139
-18.890460
-2.593115
-8.760646
-11.911011
7.589109
-21.639398
8.441820
-5.541565
-5.887783
7.392893
-21.097052
-11.066254
-32.164215
-41.503105
-29.164195
-49.283041
-45.342355
-41.618392
-59.281868
-35.245502
-57.523868
-41.225222
-48.838202
-55.551856
-57.453290
-58.554233
-61.990298
-34.776348
-74.062478
-38.629235
-58.350698
-55.819687
-49.931256
-60.467728
-68.657589
-57.487569
-88.988511
-51.402132
-90.963551
-73.967477
-72.630910
-78.530512
-68.421135
-79.768183
-92.543901
-67.953782
-99.461961
-76.845487
-83.860761
-88.165882
-71.679047
-92.752668
-76.736245
-70.494726
-84.115015
-55.532135
-78.594979
-78.362406
-73.329458
-98.016998
-65.814764
-90.117824
-75.736673
-63.257379
-72.050655
-49.890704
-45.292365
-67.496025
-34.680012
-68.262526
-33.575666
-47.358336
-39.020885
-33.254700
-44.516612
-43.150620
-28.733023
-64.973318
-32.309703
-65.695588
-49.650006
-49.119281
-53.478718
-49.282149
-62.797864
-77.861168
-49.888998
-77.129892
-49.151671
-59.480373
-54.167014
-38.130385
-57.493824
-46.028403
-54.521157
-68.463657
-49.568932
-60.752899
-56.454959
-50.082888
-60.856874
-43.222845
-60.832538
-50.621934
-55.438253
-60.249209
-61.555818
-56.321567
-63.835328
-47.715398
-69.442234
-47.034623
-60.279315
-57.944219
-67.858036
-66.907924
-73.010215
-54.415919
-85.683823
-57.216376
-84.677787
-70.521129
-74.471606
-76.838486
-73.462239
-71.812886
-88.848409
-69.420235
-108.487541
-87.820661
-96.899048
-103.857336
-91.922033
-101.244710
-90.424946
-86.009148
-108.267775
-76.683154
-93.185047
-92.852414
-80.642161
-102.826833
-73.291357
-93.788824
-95.667684
-89.753083
-110.999254
-96.634569
-98.423504
-125.764956
-93.583298
-135.134078
-107.865837
-118.341083
-128.161134
-121.069759
-124.607045
-135.369432
-121.412637
-157.141194
-118.593734
-148.130545
-121.688685
-118.937269
-128.880486
-106.780324
-101.346631
-115.520731
-75.200903
-104.903521
-74.383666
-82.529291
-77.439982
-61.661582
-76.637188
-63.985750
-58.332067
-75.443423
-47.797987
-76.288950
-75.945453
-69.792894
-91.617489
-78.714274
-103.412798
-98.842865
-87.263000
-95.745732
-76.129114
-79.870866
-98.878940
-73.377048
-104.468139
-77.396108
-87.293250
-75.439474
-63.445445
-71.072261
-75.101653
-58.556769
-80.431991
-42.482361
-81.244309
-72.596821
-83.624269
-87.140863
-77.147790
-66.735077
-74.987812
-47.711891
-80.332059
-43.615297
-55.252415
-65.741837
-61.105558
-70.176450
-72.344803
-62.492515
-87.567701
-69.584724
-96.554381
-98.461363
-96.292160
-122.018615
-111.328566
-136.327936
-133.456049
-118.911708
-141.133901
-132.585916
-138.896475
-150.949401
-126.171268
-165.657178
-146.843137
-157.710034
-162.495127
-151.826187
-165.964641
-170.900330
-151.611103
-185.003185
-144.543021
-178.268765
-165.588988
-169.716473
-176.087922
-170.262356
-161.097510
-180.345967
-145.551403
-180.996992
-151.849701
-164.366721
-171.725234
-162.012313
-171.559544
-176.210254
-165.791541
-192.708829
-171.088450
-193.596180
-184.977489
-181.741241
-192.056299
-171.331867
-186.658505
-183.090525
-170.590146
-183.111080
-180.908864
-188.623972
-208.060243
-187.176727
-209.334380
-196.633564
-213.561094
-209.971582
-210.451767
-212.588829
-211.962112
-195.938620
-213.674981
-186.591761
-205.122447
-180.540835
-181.069520
-175.753778
-176.626838
-167.359373
-186.416550
-167.517601
-194.338846
-164.986365
-177.011977
-176.775738
-173.402123
-171.827691
-174.606854
-157.868514
-181.290959
-150.696165
-163.089665
-152.811577
-143.065746
-159.517883
-141.183829
-150.730464
-153.614491
-135.725908
-161.402022
-149.832203
-151.037514
-173.830724
-149.361274
-183.599366
-170.411220
-175.642952
-191.160064
-177.233013
-187.093455
-195.431822
-167.423015
-203.035560
-163.399543
-186.285494
-175.866956
-174.649218
-179.242416
-163.781018
-153.603178
-178.624304
-133.735553
-180.800825
-141.512980
-156.388886
-160.769817
-145.024563
-154.433410
-156.904041
-137.381365
-170.996677
-139.094221
-170.662696
-163.847466
-155.733044
-174.028910
-158.453486
-161.867331
-172.553826
-153.429595
-175.096046
-156.523794
-164.241759
-171.736838
-138.557399
-156.956027
-138.461217
-139.386892
-148.944351
-131.325633
-146.010447
-154.438837
-135.275919
-167.401761
-130.830687
-166.267112
-158.544301
-164.627417
-172.084076
-168.133648
-172.115986
-186.711260
-150.350303
-170.855492
-137.836135
-154.001271
-143.913284
-130.622821
-138.281883
-145.243700
-127.329547
-160.301904
-128.923485
-152.993501
-137.035160
-132.144356
-137.072480
-119.172733
-117.994457
-118.890420
-95.077389
-115.986406
-96.247520
-99.875449
-107.113921
-79.911184
-96.730208
-76.766925
-79.872487
-101.819755
-82.239986
-90.317305
-90.813710
-71.933011
-103.781336
-66.810747
-91.923016
-82.925393
-80.098703
-92.584798
-95.044511
-93.266955
-110.854561
-68.035038
-111.303300
-87.839911
-99.414674
-95.921989
-91.180612
-95.088087
-91.204849
-71.324720
-101.995302
-67.764877
-92.438002
-77.951267
-72.845493
-79.066308
-59.241594
-60.821122
-62.299617
-30.327037
-56.014368
-40.103473
-46.355467
-48.938285
-31.675333
-45.636734
-28.015735
-34.688862
-48.928579
-40.470790
-47.214780
-52.513821
-41.169542
-65.373525
-39.203300
-59.647821
-45.365193
-51.673443
-59.159353
-65.863668
-65.511119
-83.631432
-63.462151
-84.762623
-65.862804
-88.595676
-83.296809
-89.863937
-86.627047
-97.594939
-87.731386
-105.289954
-79.277175
-96.326072
-89.457678
-90.301760
-79.985405
-73.626704
-61.626849
-67.412666
-42.849038
-59.557899
-35.467140
-37.380438
-46.166812
-29.244088
-47.360736
-30.036314
-23.136752
-35.258404
-19.990061
-31.646540
-46.594433
-32.826784
-63.475970
-36.654154
-59.972183
-57.250783
-45.611945
-56.403671
-52.363512
-37.674266
-65.137451
-35.400819
-66.630977
-36.398874
-38.326531
-44.363345
-24.533432
-27.790600
-34.312720
-10.058917
-48.466196
-6.049032
-32.724141
-20.637840
-16.579666
-35.630579
-29.952591
-27.943738
-42.224489
-1.152496
-31.910958
-8.726557
-15.998061
-28.924876
-13.059997
-35.173435
-26.760685
-22.444033
-44.346245
-13.050366
-24.529612
-28.385597
-11.090352
-42.305927
-9.007867
-21.737111
-18.534376
-11.865994
-26.713833
-15.390090
-0.525921
-24.672514
4.857754
-33.118584
-4.950809
-21.364557
-25.135360
-21.426452
-17.984168
-22.819120
0.203401
-20.617947
28.975521
6.736465
22.960824
17.555994
-2.854565
8.001966
9.080973
-8.514755
12.277933
-19.459730
1.049846
-19.385632
-26.753248
-9.581940
-27.408290
-26.572653
-15.972955
-38.364748
-24.690109
-38.943817
-37.811173
-21.861163
-47.825339
-15.202547
-20.510587
-19.370000
-10.558321
-27.947661
-24.938215
-20.417367
-46.985078
-6.257650
-43.249203
-22.210880
-23.084938
-32.786633
-19.418088
-25.073517
-45.295575
-20.387468
-64.374454
-35.136369
-64.221438
-58.467273
-60.304223
-71.409839
-68.157873
-70.098371
-87.023499
-46.538982
-78.810198
-51.270420
-56.468634
-58.511376
-37.812753
-56.825858
-53.457806
-44.599089
-67.038716
-38.649095
-52.931832
-56.068644
-36.671023
-53.732683
-27.268086
-29.628682
-22.852742
-3.653502
-9.986163
-1.961298
16.538494
-2.646991
22.331081
-3.771959
10.956286
-3.327185
-1.662727
5.292446
8.046509
-5.386094
17.981421
-4.269383
19.292229
-1.637596
12.922601
14.756511
18.759776
7.426674
16.833430
-1.117713
14.904868
-12.142426
5.105430
-15.658132
-22.669670
-20.740378
-24.949526
-27.400497
-12.597891
-30.286718
-21.378324
-39.019593
-35.654724
-30.737492
-46.059724
-30.673281
-42.954258
-44.013028
-31.424489
-38.921138
-34.806512
-25.968146
-53.151248
-28.883353
-52.044902
-28.413501
-18.576204
-15.078360
-8.558836
-6.292536
-17.582842
13.886988
-18.461867
17.295672
-1.169312
-1.498522
-1.008197
-8.338590
-8.410330
11.068626
-14.171597
30.398674
-7.624903
18.305668
20.598594
16.341618
31.910018
23.629172
12.276832
25.504946
0.199627
28.122770
13.537488
-0.382955
7.670623
-24.257224
-16.407397
-32.220573
-41.241726
-15.656657
-38.050640
-38.204495
-33.978356
-55.357157
-26.981497
-64.154390
-52.779688
-56.448051
-72.386814
-62.230294
-63.246535
-76.502823
-54.391200
-86.720456
-45.670941
-64.379364
-46.495458
-39.450895
-54.842460
-58.312733
-50.827923
-72.871629
-46.106333
-77.048422
-54.968186
-70.761381
-73.284809
-82.100216
-93.364611
-100.323461
-84.985572
-98.279967
-79.360636
-101.153973
-89.262591
-83.200173
-101.597216
-89.935623
-97.474766
-98.210547
-73.229100
-89.879520
-78.301465
-65.712949
-93.858335
-62.455831
-85.084724
-66.992568
-62.345079
-75.366545
-53.161513
-52.362261
-66.570305
-45.899987
-93.847137
-60.563856
-90.500858
-90.656805
-81.498720
-93.240086
-89.063182
-70.000331
-96.175386
-53.047890
-85.511775
-65.901961
-75.229202
-85.600271
-73.224359
-74.695923
-82.579293
-56.213247
-86.810494
-49.043635
-61.283394
-53.707767
-35.666609
-65.174298
-50.393228
-40.411737
-45.580926
-21.796734
-44.446422
-46.741056
-39.361008
-56.743322
-29.025625
-49.436901
-38.917623
-38.065164
-44.369272
-43.012621
-45.532120
-62.671587
-44.332951
-75.310815
-45.467330
-54.519322
-34.271307
-28.543158
-29.865241
-33.655134
-18.729995
-34.921619
-7.637577
-35.736203
-7.463668
-13.697239
-8.473787
-4.607706
-7.140846
-18.552327
-0.927663
-20.520551
9.902497
-4.489658
6.885712
21.542654
18.083757
26.699013
24.893312
-3.011956
5.942762
-5.326138
4.573470
9.286372
-7.613492
9.131980
-13.669907
-9.250266
-4.445110
-17.415064
-2.587007
-1.724173
-16.952067
12.245337
-17.838939
-1.853457
-23.771105
-32.058916
-21.983454
-31.167340
-40.099333
-18.821985
-55.098583
-22.314185
-52.121627
-24.908815
-27.747913
-41.971345
-28.172539
-17.997526
-38.933789
-2.621158
-43.667662
-10.051078
-33.278133
-36.968413
-19.938820
-40.448036
-41.029771
-33.953183
-52.453712
-17.373963
-44.393727
-34.254281
-26.117689
-45.777047
-23.897875
-48.128630
-52.905197
-49.247527
-68.267901
-44.591862
-37.618117
-50.345170
-27.268264
-61.166648
-38.929206
-56.462139
-49.651355
-35.311229
-47.181803
-43.104776
-31.540023
-60.211659
-27.394930
-61.391700
-44.079029
-54.564162
-58.320645
-52.372242
-52.224794
-66.005656
-43.373457
-68.064385
-38.319169
-61.688048
-58.934327
-56.432905
-69.484765
-57.304728
-49.006584
-71.097297
-42.108403
-63.214514
-41.357419
-36.305825
-47.267775
-28.629618
-45.275851
-42.491099
-32.529794
-42.373975
-26.726724
-40.809102
-51.617489
-21.048620
-50.827242
-21.653157
-33.746178
-41.846579
-30.898394
-42.719216
-45.539729
-29.643793
-62.683000
-29.815208
-61.387607
-41.616978
-42.834321
-55.338637
-55.378834
-46.418877
-57.866498
-23.323289
-61.086374
-30.395707
-48.321146
-42.049752
-32.956634
-43.500123
-31.922581
-18.778422
-44.347769
-11.557138
-31.422059
-15.094407
-18.371150
-26.692887
-8.679205
-21.847502
-19.813647
-6.515707
-17.643411
0.557870
7.297119
-1.969015
27.948963
7.715573
21.529380
16.981244
20.853951
28.972059
31.008205
31.032084
46.097087
23.919748
55.893884
32.407111
53.553259
45.171315
52.652797
49.791835
55.053766
44.303954
63.756716
40.100029
57.154631
35.905430
46.715180
37.783119
40.652710
36.947737
45.497216
25.676960
47.934158
27.567207
36.540219
30.803366
27.639659
30.512059
26.072816
21.433604
35.034451
19.916869
35.737945
27.768070
6.067761
28.025164
5.098286
21.965211
8.216393
-11.077581
-3.427043
-12.989314
-18.063688
-0.458852
-32.698233
1.762650
-23.530102
-5.898114
-8.139791
-25.802435
-21.421110
-16.914703
-45.309006
-15.247904
-51.063249
-23.895476
-37.679339
-43.766616
-37.866561
-49.628241
-54.941839
-33.154074
-67.586824
-41.642589
-72.750346
-66.044527
-53.907476
-66.519943
-46.420171
-43.853666
-46.512247
-19.782582
-44.231530
-20.996378
-24.445256
-37.249308
-19.504479
-51.473772
-35.400745
-39.711851
-49.559993
-32.629710
-42.270176
-51.932752
-38.110575
-79.398523
-46.443219
-79.868721
-68.934240
-65.342606
-76.150237
-73.561936
-71.827541
-84.725769
-49.427672
-82.285454
-52.690218
-70.434063
-59.421059
-55.699072
-49.691535
-46.617614
-29.276656
-45.436150
-10.354958
-35.837686
-15.821426
-15.326384
-25.961430
-9.816992
-10.837925
-10.978647
14.943682
-1.078985
23.928585
18.754088
8.064731
30.610020
7.891041
27.462272
22.790205
9.444170
27.325502
19.461989
22.716217
40.844433
2.630602
38.522160
12.211050
14.004650
13.883927
-2.183603
-0.872194
5.995700
-22.081332
14.851813
-26.730879
5.223039
-8.186258
-8.432684
5.810572
1.428324
-4.348658
14.527729
-26.113185
8.080579
-12.819349
4.439432
10.410097
-0.912423
5.825355
2.674487
-19.524046
-2.129379
-20.262417
5.317619
1.082184
-9.368888
13.850382
-4.795356
8.217787
2.526257
-3.831799
18.313200
6.714580
11.070661
28.078342
9.115445
38.304791
23.988297
36.957247
33.090278
28.929377
33.137559
38.786881
21.328747
50.418957
26.692058
53.893428
38.607583
53.322704
50.643690
51.214498
36.742424
49.053080
18.897511
40.768989
23.502035
47.196566
40.573148
47.182093
60.103505
58.205044
52.037384
75.828183
49.192458
70.654749
66.238911
70.872252
75.926923
63.670272
72.076487
72.356637
62.632711
73.516992
61.079421
57.194457
73.455680
42.508474
60.186971
28.761594
33.982498
44.365334
23.363300
21.794124
34.395960
-0.837431
32.252481
5.710453
35.845169
30.136773
30.033013
41.471926
41.627843
33.685744
50.387768
11.589969
57.096127
24.596965
31.528241
37.721299
27.860719
44.436156
54.734577
36.743155
70.985246
37.796531
55.282394
46.525685
27.666609
40.881384
9.856586
5.895501
-1.870151
-25.154706
3.454978
-11.709687
-12.907073
6.971753
-22.035398
5.063247
-14.237251
-27.355999
-14.460766
-29.540085
-21.666602
-20.909134
-52.397732
-24.024101
-52.100673
-20.973739
-33.761413
-33.615856
-30.419326
-39.360252
-39.517768
-25.548738
-59.304043
-26.239861
-61.434610
-45.490713
-49.636705
-57.637031
-48.209731
-47.281278
-60.712852
-33.832042
-56.991965
-33.009205
-46.558853
-44.733567
-31.719311
-41.933182
-29.541571
-18.477386
-34.211637
-8.550907
-22.894385
-24.230240
-8.550140
-19.786542
12.697975
-11.782300
-12.095549
-0.648268
-14.155529
-9.757538
-4.842988
-31.385115
-8.054834
-46.257930
-19.438290
-27.201907
-29.073850
-5.691293
-7.587074
-26.001814
-4.563525
-52.372694
-20.764054
-56.190874
-47.334427
-34.650815
-45.580774
-43.655654
-38.346136
-60.543272
-30.463423
-66.426918
-49.832574
-59.800666
-69.934078
-63.002393
-73.623131
-68.595842
-52.644520
-75.293370
-47.801411
-63.004849
-64.976522
-54.143698
-71.494810
-42.923460
-45.926181
-46.940823
-40.555510
-55.386349
-54.082237
-47.535772
-61.606499
-34.845026
-60.144426
-33.948810
-45.538732
-42.109717
-41.166460
-45.372043
-59.136675
-38.356278
-70.950882
-40.831740
-65.378668
-47.856000
-53.151111
-54.757302
-60.281873
-51.894094
-69.863202
-47.056042
-70.537683
-41.743918
-51.030275
-52.528791
-52.911547
-54.021873
-49.797664
-43.189179
-63.611230
-45.831221
-56.944074
-57.647215
-42.179116
-49.301310
-36.280458
-40.449986
-36.970048
-22.147801
-29.978569
-31.998376
-21.279167
-35.617650
-6.374779
-29.978998
-14.405221
-19.892542
-29.597327
-24.049317
-30.410795
-50.038374
-15.416374
-50.544532
-22.741477
-42.504845
-28.912595
-20.804043
-36.660291
-37.854523
-29.715994
-55.937315
-10.897919
-49.003477
-33.075952
-41.805799
-50.336965
-32.869152
-38.543907
-38.640309
-10.183547
-38.074110
-3.031817
-16.127987
-14.871561
4.145071
-14.504198
5.673229
3.766180
-3.300185
23.714734
1.805749
12.610063
20.726438
-6.000467
27.988165
0.521463
16.488295
19.114123
7.333267
14.830079
0.896362
-23.870845
3.213095
-33.729839
5.606447
-23.793451
-26.956564
-22.746436
-29.668813
-25.069608
-18.171792
-37.271906
5.895569
-35.721322
-14.851579
-25.064981
-20.060339
-6.954579
-11.267643
-3.988203
24.972988
3.654627
32.829437
18.270427
32.231144
34.952664
16.232003
22.486752
7.099715
2.701357
17.716125
-2.491498
13.609583
17.672502
7.377319
35.791865
9.996767
25.800656
19.716535
14.730200
32.511028
28.146325
17.139819
36.845962
-0.853687
38.381693
13.521751
11.951609
27.065161
22.848615
24.401506
28.670701
-1.284112
43.305391
16.227805
40.964952
35.980140
26.680227
33.657967
26.083114
20.047419
44.702641
11.280926
36.368775
13.248544
20.170858
38.559972
20.580505
29.647869
30.849864
23.777065
45.223055
18.555059
39.921865
48.179411
36.456328
63.176880
32.101911
48.186242
50.377971
39.952032
54.762370
48.967712
40.216873
69.064861
37.703438
66.263556
52.505711
65.770422
68.761974
69.025475
71.990347
78.376802
53.483975
83.171196
45.599877
70.579635
60.173750
63.899645
62.653106
58.571047
57.702258
71.555989
45.309293
75.630738
52.347691
61.133778
60.745409
57.435794
63.381466
67.808648
61.289104
82.740457
76.570241
85.282289
86.496973
79.002553
99.159829
92.333091
102.116607
99.696414
101.048979
107.553923
97.529210
78.569459
95.238339
71.466308
95.320869
74.061859
83.225697
79.712115
68.044875
58.030868
74.371222
51.628139
84.915404
60.608067
77.795777
70.860588
64.267839
66.947124
65.397246
43.998069
68.278516
36.869376
77.192675
62.432232
79.933256
95.917369
89.877020
104.286363
115.033855
100.904895
137.320875
114.363846
116.839574
116.563688
100.012101
127.020705
107.591538
106.579360
115.727605
93.571022
107.723766
105.157902
98.258544
130.459606
94.224391
132.513129
123.327006
130.031755
146.703637
128.776557
129.279220
149.086508
116.014002
154.875188
123.462837
142.819489
133.375317
121.004091
124.196155
127.772494
115.989971
137.772408
103.812430
138.512430
111.516116
113.610502
120.889145
115.923576
129.478646
124.794132
101.290505
121.818101
92.452506
104.033093
95.032409
80.150655
97.824160
78.869550
79.700423
81.041111
65.323221
79.504517
68.121648
55.087725
69.169664
37.994984
60.317602
35.675209
32.603558
28.918758
16.815498
16.400498
28.022673
-1.310077
27.439454
-5.226979
13.485702
3.785016
-1.617586
2.246597
5.989056
-2.795171
38.848466
12.947575
49.122045
26.660457
25.212640
28.258901
4.498138
3.761571
15.853135
-13.648387
10.208232
-26.110588
-11.610952
-7.579612
-29.521121
-9.697220
-22.228804
-19.067570
-6.002884
-23.276878
-0.635437
-6.225494
-14.705579
5.037295
-24.457109
-3.954923
-15.837170
-21.981895
-2.234654
-16.930241
-21.847622
-9.664435
-46.731432
-10.261342
-39.584332
-21.051494
-24.813865
-35.162225
-22.405278
-15.883412
-28.485442
1.735926
-35.087763
-3.709310
-25.319798
-19.477739
-19.685562
-37.309226
-47.167826
-45.249018
-71.464948
-44.148694
-66.745533
-50.000059
-50.016859
-60.827920
-42.147965
-52.100824
-53.090311
-39.833333
-55.771408
-42.790333
-41.742122
-38.984791
-24.941491
-48.482212
-26.493408
-38.332835
-37.135225
-26.717765
-33.713273
-34.617955
-19.102184
-35.022104
-10.459768
-37.340322
-10.659856
-15.523446
-9.067049
-18.651653
-17.241145
-30.114640
-13.023124
-39.510072
-14.582053
-35.904074
-25.161168
-23.212981
-10.765187
-3.304896
15.110631
-7.898370
6.719459
-20.771887
-3.412511
0.933932
-6.977688
8.954281
7.568559
0.375646
26.005670
9.689591
27.625900
18.224116
8.434484
27.335837
11.372952
27.920588
20.232116
9.201375
23.131497
7.586110
9.876199
29.125855
-6.569244
33.372521
6.171869
24.872217
31.155670
24.024317
35.472371
42.440045
17.756577
51.615136
12.587878
42.646932
26.239670
21.962926
35.712875
32.904277
32.852454
50.866808
22.573964
55.978060
28.565158
52.307870
58.064997
45.392986
64.211931
59.847639
43.673632
63.341022
39.670661
74.862845
62.680523
55.720003
82.148801
67.436297
88.660123
88.083873
83.080027
104.097041
90.385514
88.798341
104.535324
76.480081
109.585839
80.793678
96.465634
87.510945
73.704212
85.247457
77.025384
54.186262
74.289638
39.248990
72.071454
42.299241
45.508477
52.702121
41.430990
44.257397
60.389618
38.512520
76.413040
43.784957
51.439296
54.718816
59.473818
80.566492
81.817779
73.046090
90.150772
57.926132
80.431933
68.371349
63.621775
75.216655
48.478432
73.851786
73.019839
56.424353
74.204765
52.816332
53.444088
65.185111
39.287575
71.383589
48.785759
63.048393
68.386413
55.860957
58.803316
56.278281
35.877576
71.653272
32.699299
57.399982
32.079305
24.103179
32.729110
25.265286
24.488841
35.969226
2.835703
48.336122
15.383927
28.736181
27.339737
21.912871
37.524199
37.927934
27.308473
53.087754
29.715686
59.264478
52.222003
39.782826
59.835943
44.861700
62.142498
74.224285
65.261044
92.636674
80.371560
83.300235
106.527467
89.371951
120.368951
101.393954
111.912810
105.636769
97.735730
109.674019
119.419463
111.607001
142.376397
117.227217
147.208988
127.746495
133.059542
131.449450
126.778890
114.461445
126.662747
99.228139
131.371996
101.639187
120.957718
115.568794
120.493664
125.806932
118.754027
101.601864
118.888413
102.732206
121.264894
107.394478
119.628150
123.380606
119.742869
135.122370
131.796022
125.033893
141.152695
133.035988
133.304174
140.385795
129.642298
151.094963
132.251012
139.629756
138.004163
127.434893
134.627001
137.848044
116.483852
149.151306
120.467598
147.551306
132.483167
141.317561
148.361234
143.260558
141.550446
164.802844
123.235512
157.536191
125.269994
133.083331
129.811790
118.316008
125.398206
123.547211
104.861553
141.993085
99.808334
117.755573
103.959011
94.108018
106.337134
89.561502
102.663971
109.366291
78.511483
110.811703
89.323367
87.316259
99.229983
67.635006
92.305713
74.877477
83.002667
95.835468
80.024589
95.591911
94.524907
72.852732
103.011951
64.965099
89.046628
76.382035
76.587068
83.282683
77.947933
76.444280
92.958628
53.200326
89.070731
46.909157
63.845730
55.719076
47.753766
60.332549
76.101770
71.221821
112.015128
76.826793
106.796916
86.969051
86.176950
89.271227
72.600693
73.862677
76.052343
61.487745
88.030674
67.600575
76.173101
83.900864
69.091110
92.829020
78.881153
82.517806
80.966591
62.782717
65.023397
53.477069
37.993438
58.833924
17.405704
43.548544
30.024460
30.663940
30.238419
25.441897
20.793394
34.438150
6.424058
38.070259
8.232062
21.649567
14.988664
7.027532
19.230751
21.978893
0.463158
32.646967
-6.022240
20.256311
8.319165
8.820108
25.517872
14.830855
28.748735
44.302952
26.429049
57.115798
39.915296
55.568612
69.660398
43.230147
62.297772
48.988186
44.492586
60.626968
33.951304
51.334878
55.443300
50.385380
84.642937
45.993949
73.170758
57.543940
54.339084
70.767446
53.779578
47.657067
66.341399
25.839432
64.135601
33.261540
41.815778
34.389921
18.215687
23.125866
25.996944
0.467940
27.451384
-7.796734
10.842166
-3.421069
-1.795431
6.022102
-3.188483
0.914991
11.689018
-9.662181
18.280062
-8.784765
-0.641297
5.357781
0.451872
7.807815
-4.998616
-8.012052
-9.231183
-21.321107
-13.457686
-16.730022
-23.403550
-7.308679
-32.155387
-10.875915
-17.844952
-13.857032
-17.033109
-28.360479
-48.964289
-44.431416
-69.294511
-44.372137
-70.727807
-52.428736
-65.803457
-60.516221
-62.124946
-47.417443
-62.450945
-32.166317
-60.894412
-36.238847
-49.416528
-37.987068
-35.285351
-41.019038
-41.461195
-31.705602
-56.139259
-22.006617
-36.086970
-23.438030
-3.759485
-11.326281
-1.251948
-10.786983
-14.741057
-0.591220
-26.526671
-13.316051
-13.296529
-32.656996
-9.143071
-31.455343
-17.172877
-24.014371
-36.565139
-26.082039
-27.050828
-32.568120
-16.274355
-53.437968
-16.066136
-35.116916
-23.353457
-11.059589
-23.796085
-23.249550
-8.932217
-28.725991
10.898864
-28.587446
2.560683
-9.374954
-22.268437
-13.594260
-22.940064
-30.633538
-10.087057
-38.597229
5.786884
-24.331477
-16.330082
-8.978531
-25.753013
-3.519644
-19.565529
-35.157540
-15.130712
-53.840926
-44.884461
-55.053093
-80.429917
-56.451786
-89.030744
-70.106263
-75.472346
-90.262446
-69.660416
-83.671876
-90.745494
-77.314619
-114.437222
-75.965321
-102.832509
-85.046680
-74.893241
-91.601951
-84.115523
-74.108022
-90.453820
-63.418332
-99.374893
-68.207838
-87.672794
-83.018324
-79.582012
-80.972562
-79.037842
-70.607458
-92.459151
-58.773198
-91.499655
-75.523408
-67.976230
-76.219097
-68.950003
-76.339829
-84.976810
-66.643189
-97.030142
-83.898056
-94.489617
-105.672565
-85.875310
-109.177883
-85.657536
-89.263774
-98.972905
-82.256727
-87.863454
-86.607393
-71.423229
-96.294207
-56.020765
-87.648257
-75.352323
-74.938607
-82.104732
-70.509238
-63.198082
-92.474362
-63.261239
-108.239072
-91.080420
-109.362344
-110.240750
-95.656113
-103.893072
-107.718166
-86.054848
-119.665314
-82.840254
-113.843167
-99.219208
-89.221946
-100.185245
-88.191636
-94.294876
-105.351629
-76.110004
-100.420951
-78.220742
-84.273193
-97.663506
-72.109892
-90.510444
-81.315565
-80.981343
-97.611206
-85.586559
-89.938371
-80.112397
-61.076411
-88.691848
-57.397145
-78.436631
-67.994007
-59.991442
-63.819990
-57.944083
-51.580187
-70.075484
-41.113804
-71.165422
-51.995439
-76.153261
-70.101140
-66.365980
-64.289140
-71.107370
-55.375967
-75.966220
-40.771344
-64.206012
-49.442048
-51.208175
-51.001539
-38.277604
-32.231400
-42.122895
-29.377581
-43.310974
-23.648453
-35.357440
-38.625471
-28.461686
-32.511483
-19.547493
-12.179825
1.156387
18.367014
25.826925
27.047550
35.985670
25.834965
48.484007
37.622103
44.142561
34.304711
40.356713
37.297116
46.927465
34.636278
66.196325
50.387929
74.142517
66.900146
77.607918
84.244236
89.966913
76.017582
101.939130
76.776790
104.931761
69.278294
69.287302
68.530017
50.808598
55.299458
56.119554
29.694376
60.607189
29.776460
49.477628
49.376418
39.758968
57.456444
32.094833
32.876711
38.351626
10.877654
30.480537
15.104962
11.768862
27.379995
0.687497
29.496875
8.160525
8.836139
18.879203
-5.142551
-4.552334
2.086521
-22.689997
14.118861
-21.828523
8.299782
1.093806
-1.193209
13.140377
6.781795
-6.127113
17.295638
-17.275372
19.520615
-9.286370
0.030401
3.148000
-16.918594
-4.285276
-1.911567
-26.666220
6.238137
-32.360892
-12.092522
-23.566908
-25.668890
-4.958755
-23.993871
-13.992231
-5.268894
-25.190352
-0.547158
-15.384376
-10.121502
0.344320
-30.138847
-7.103912
-39.446267
-40.948058
-35.377791
-48.881347
-43.678254
-42.475300
-58.278351
-33.634554
-64.757287
-30.306459
-53.657085
-47.146876
-40.139355
-45.294463
-40.861569
-14.759370
-39.131049
-0.149073
-27.487237
-5.343923
-10.501852
-15.729438
-6.193703
4.165129
-5.688260
27.709947
-4.541644
18.210427
10.712535
13.367591
34.618024
18.992086
26.299132
41.697759
19.469632
46.870244
20.612786
20.338225
36.177554
8.352697
35.113568
24.519935
29.456819
40.639773
20.925273
29.886619
37.124583
16.255841
53.973602
12.894771
32.383980
32.640309
22.903088
37.493947
33.889626
20.445483
51.963408
17.864635
55.072850
28.961898
36.146968
33.423050
20.581360
25.446653
33.008291
10.835938
39.579881
0.387529
28.776610
20.757832
14.732106
22.803347
11.390413
11.119222
17.746407
-12.509095
10.534204
-7.419830
-9.776314
1.575917
-23.442060
-4.211635
-10.537476
-18.358024
-10.043015
-19.043189
-4.282817
-2.346971
-22.145084
12.568569
-11.391937
6.565555
-6.420676
-4.532476
-0.081073
-3.901701
-11.525946
5.904895
-26.849215
5.684165
-18.309370
-6.838458
-9.139550
-6.875897
-8.241423
7.846488
-13.384946
10.037582
-15.048994
11.384345
4.851225
14.898233
16.557256
14.313156
11.368938
16.662168
2.298776
18.518182
8.144014
5.077783
4.135286
-2.841512
4.620260
-5.361113
-7.561688
1.000894
-4.725743
-1.525458
10.350451
-2.262803
23.340545
-3.558384
11.828766
6.588836
-5.608562
-2.220143
-10.443836
-28.182443
-7.256452
-41.411382
-3.481670
-23.436810
-11.679818
-9.810474
-21.426908
-29.328189
-17.332681
-49.851404
-18.679077
-52.662632
-32.164171
-47.225497
-52.065895
-34.580713
-41.797592
-48.118714
-21.905284
-48.082727
-11.748942
-26.548379
-35.786170
-26.177428
-46.223208
-28.915177
-39.678112
-56.097165
-27.384939
-51.662530
-44.422871
-36.471692
-70.219682
-37.379395
-61.402700
-45.228549
-39.656738
-51.901280
-40.411410
-43.053689
-54.715452
-28.536275
-57.296989
-19.006191
-48.206042
-41.385037
-30.973389
-39.490028
-39.951355
-28.537371
-47.950671
-5.692568
-37.207129
-13.625452
-23.108234
-27.207426
-24.912373
-34.685003
-39.571074
-20.375306
-46.597723
-12.297099
-38.368782
-25.896157
-27.226199
-44.675382
-27.392253
-39.990248
-47.639513
-35.691729
-62.858784
-50.872986
-51.394500
-64.185175
-39.291514
-61.415291
-43.050938
-52.673144
-64.276428
-59.023510
-71.089604
-70.121518
-48.974582
-74.940616
-41.604558
-67.507821
-54.158805
-55.610553
-57.028182
-54.414238
-46.038327
-63.869989
-28.680436
-58.831026
-26.146276
-37.870245
-33.055888
-18.303534
-28.004118
-32.901876
-13.742957
-42.473102
-7.270743
-29.775633
-18.645827
-11.942878
-28.586851
-7.543045
-12.283089
-22.006383
-3.035700
-23.681409
-13.468845
-21.024119
-39.781493
-10.838164
-39.098988
-31.741638
-32.028387
-45.175737
-27.222620
-30.045998
-39.697459
-23.312193
-65.729103
-38.523009
-64.901540
-51.098844
-38.995460
-47.709010
-41.599292
-18.846767
-46.603860
-15.423004
-48.237982
-17.814425
-28.754561
-35.128320
-20.482719
-27.304357
-35.843804
-16.850196
-55.231762
-30.932917
-58.471516
-56.355595
-54.285809
-69.288227
-56.273955
-51.628261
-65.951614
-48.758750
-66.707825
-53.905571
-52.745437
-62.834112
-45.668254
-68.507920
-57.281943
-60.798354
-79.326683
-63.087868
-76.169978
-92.544859
-73.091660
-91.237071
-52.743243
-66.914209
-59.707406
-58.120123
-54.598527
-56.747242
-42.244967
-65.437420
-42.110949
-59.428002
-32.065735
-43.707866
-33.268246
-34.388166
-20.941679
-29.694959
-17.064070
-42.803621
-26.389811
-46.929348
-29.576331
-31.925605
-36.692628
-34.286591
-35.180872
-55.132145
-36.795479
-57.223847
-46.453514
-46.710237
-53.529193
-41.349767
-53.402439
-40.596652
-33.972784
-41.635917
-17.534846
-20.719309
-33.877582
-14.323713
-44.835164
-25.218834
-54.848897
-50.580429
-45.859999
-61.366814
-67.060142
-53.760746
-77.602680
-44.454737
-74.725063
-51.441794
-59.779075
-69.622948
-61.880280
-67.139836
-74.770704
-39.785428
-75.308968
-39.253513
-60.167582
-49.490910
-41.018434
-60.262940
-50.779920
-47.206046
-74.159431
-39.402111
-69.286603
-47.876545
-45.149392
-62.310116
-38.946581
-57.020917
-45.999522
-27.922043
-50.804905
-24.925223
-30.912256
-37.004747
-7.827495
-32.446011
-2.492608
-18.890925
-19.345153
4.233805
-8.157953
6.859588
17.642633
-9.413654
29.429633
-15.356763
13.133760
6.759633
-2.326811
8.624675
1.753282
-11.328077
16.989880
-14.183148
24.551784
-9.561773
0.024695
-2.754480
-15.584065
-1.967689
3.634936
-15.176770
8.549478
-22.586935
-0.370872
-10.452997
-17.266501
-4.858849
-22.367744
-14.320386
-8.942143
-25.534417
-10.675954
-28.909967
-20.040563
-5.983413
-32.944711
-7.401130
-30.309426
-18.464849
-14.084124
-20.714237
-11.770799
-3.521867
-18.627236
17.144548
-7.428874
20.086645
7.857592
15.362878
21.079441
17.585714
8.103893
33.063572
-5.265371
17.031998
-6.782499
-0.609471
-2.551167
-10.997585
-7.699764
-6.665767
-32.835391
-2.665876
-42.888744
-23.306098
-21.984715
-27.458433
-5.498747
-22.543250
-15.519497
0.167202
-25.996153
-6.920686
-19.100256
-17.270650
4.681673
-21.301406
13.846661
0.172763
-3.931992
17.573599
2.991293
14.921424
25.450168
-1.412126
35.291538
2.074081
32.628130
23.713132
18.691452
28.383835
29.452593
20.628016
54.238815
19.981081
55.443873
31.717497
46.822439
52.173474
43.258250
53.486076
66.208283
42.475980
73.933988
45.094832
64.275646
59.027481
55.054577
70.674760
62.809519
65.666873
79.950821
57.391678
74.158727
54.779011
60.458320
76.934566
50.391443
67.153423
60.764201
57.235320
62.096987
52.717143
56.113040
60.063818
37.970186
56.173662
15.586570
32.235326
23.147380
25.762601
31.323960
35.471659
32.550028
50.890526
19.335468
47.284492
29.807542
43.595675
38.957269
40.045067
43.149504
50.440880
29.145256
58.137020
31.360989
57.004684
41.403766
44.870976
45.204789
30.461014
30.919769
43.173784
27.374980
48.208560
39.617942
40.505883
44.117611
26.290473
40.448976
42.146410
36.979702
42.326481
36.059981
44.168200
49.804906
28.285352
57.880825
35.517948
38.800530
36.545626
30.491522
31.403601
28.992636
13.470792
32.271339
-10.615923
22.701861
-9.961488
-7.723567
2.149923
-1.466571
-0.033484
11.678800
-25.897381
13.396511
-15.954232
8.151079
0.684007
-12.269282
4.534315
-3.189086
-3.873512
25.358759
-13.511244
17.190531
1.811339
-2.999502
8.728724
-17.130047
4.485261
-3.162403
-11.970310
6.114780
-12.556552
3.188696
15.894646
-8.297319
23.169809
-5.685631
16.327884
17.152785
1.531529
20.380420
19.614930
11.411504
42.828396
1.816246
41.100358
19.297916
27.476452
39.584372
32.780117
38.192229
58.111174
28.365344
68.961719
31.348670
47.118184
30.787614
13.930420
21.865332
14.690018
9.476949
21.904034
-8.353124
25.591838
2.563413
1.510593
16.482869
6.158150
34.997715
30.142727
20.550668
28.687283
7.721247
30.618727
34.749781
16.262131
42.808076
11.070992
34.205013
33.979798
28.602580
38.969614
36.676900
22.170828
35.554345
15.902019
45.799764
12.449378
11.915766
6.059688
8.415137
9.767940
13.745512
-6.257014
25.697196
-12.259581
6.631467
-9.623172
-15.616162
-18.433760
-31.443764
-40.545163
-22.068599
-44.517763
-13.178884
-33.537305
-27.885781
-19.956553
-37.043524
-15.893803
-25.951378
-40.501211
-20.593239
-58.791415
-44.598724
-35.683254
-50.127132
-18.965678
-43.740745
-28.607229
-22.033333
-32.934779
-15.477759
-20.434798
-28.319817
1.563118
-26.583626
7.496113
-9.993130
0.584015
15.913066
7.510159
9.449048
22.656803
-5.332027
38.801214
5.205447
39.949919
37.724696
31.552107
39.202219
31.673375
27.078981
61.780602
28.104172
60.751448
39.497439
47.811004
58.261886
41.927315
50.951468
54.710645
38.528044
61.844581
47.051564
70.177599
73.861742
54.617441
82.237682
65.211806
71.961159
77.309180
71.984533
83.329492
81.435136
76.229376
93.168937
58.257115
85.245020
63.049106
66.654610
62.573258
67.050466
69.953545
85.020528
66.145255
93.808746
60.903865
84.087050
76.744529
81.948993
80.054452
85.249321
76.501618
93.046256
68.674429
89.119532
71.138877
83.204248
85.291969
86.469232
87.294314
94.807088
94.165427
114.832908
104.763074
118.499429
114.224211
95.708983
103.224135
95.089425
110.852653
117.237330
106.334661
107.125692
98.809415
85.279731
105.114742
83.473535
109.334106
85.391243
86.365495
88.061941
80.870757
74.041726
82.227462
55.457173
89.548588
53.882469
69.677592
67.433822
62.012551
65.479805
56.160034
45.318410
75.502912
34.865971
66.769449
53.764564
57.966125
69.636917
63.561603
71.930104
78.294863
51.027092
86.259113
60.854260
74.518940
79.015436
56.276022
79.901949
56.482500
59.126413
74.641107
51.012555
60.144532
53.525766
50.202218
82.125452
50.243556
82.297991
64.172117
62.457751
68.903295
49.355760
50.154206
63.088706
39.428405
83.403547
47.150449
70.607503
70.707868
61.133193
69.783387
61.510756
36.323959
58.678067
11.484315
52.644518
33.508690
39.715828
50.588851
32.085597
31.579689
29.194717
4.711756
33.854828
6.742633
21.070539
13.418672
2.449027
23.389944
5.948291
21.492496
33.996281
17.109167
45.108167
47.164247
51.838686
82.455373
58.163294
91.277676
77.468362
78.777997
81.858041
75.223328
83.865153
83.304694
55.886089
83.635802
55.368259
86.673711
73.587483
74.861823
84.686712
80.573778
69.721191
95.407664
61.238003
91.390347
61.252588
75.390376
67.123985
59.217191
61.192516
64.898621
46.634168
74.528013
51.190184
68.037028
58.217851
40.768882
56.149788
42.925690
49.915673
59.814735
34.467029
54.788477
36.460313
23.823362
41.438510
10.069356
37.775222
22.184444
23.804950
40.563196
30.945443
33.100741
38.165199
6.411606
38.202616
8.531716
32.870218
27.654614
23.706420
32.648364
28.956710
16.324345
44.443277
7.697209
41.706578
12.389249
18.977594
29.579360
14.008511
22.463135
29.805304
9.067970
43.811937
8.948507
27.570747
29.498911
21.613476
38.568506
28.376847
30.678589
37.494600
18.210178
35.921938
19.896799
10.775056
16.468356
-11.950370
8.765057
-3.043487
-12.520440
-8.554022
-24.688590
-23.619489
-13.658061
-28.607817
3.787812
-27.433597
-8.041498
-24.908947
-35.424892
-32.093171
-28.317713
-43.698778
-18.996930
-46.794475
-20.100373
-49.986098
-39.504113
-33.490552
-27.770127
-25.275447
-15.800174
-34.634157
-14.335714
-33.195927
-18.810196
-26.252953
-23.896563
-15.621503
-25.651477
-26.861849
-20.191083
-39.176469
-21.931119
-30.868644
-33.244199
-26.983082
-37.633130
-27.860252
-39.513497
-38.378911
-32.965056
-31.969543
-28.786338
-11.616317
-29.487194
2.958991
-19.965826
-8.582293
-8.864900
-7.892598
0.302086
1.947905
-16.143105
14.650555
-14.325769
14.038925
-0.617859
17.208197
29.691816
22.552820
20.104778
38.351369
5.692406
44.361304
24.205248
47.418637
43.378376
35.198622
50.425730
40.519181
35.343716
59.216875
24.817293
56.699584
46.410631
36.995762
54.915388
32.729222
51.707350
49.978582
35.924731
52.831862
34.724707
45.756918
58.568982
28.798678
63.794898
40.136386
57.370092
59.493033
52.957641
65.258599
60.971897
44.933387
83.188093
41.909832
71.493848
39.707072
46.835670
60.876748
46.478463
46.446216
50.737187
15.650376
49.513971
11.334679
29.614669
14.766435
-0.554420
10.489452
5.769596
-3.359057
16.866121
-15.062346
19.740638
6.043895
7.295809
23.391655
2.415193
20.734174
11.925876
8.024743
33.397402
24.994132
33.074626
44.114639
29.322344
63.473319
44.121066
57.510121
53.273135
43.848604
54.719718
55.434632
52.086961
73.034468
31.920263
66.791015
47.027248
58.012894
54.811725
48.096594
41.179167
42.991848
24.307141
54.267902
19.057593
51.222889
44.452380
44.224616
53.370645
50.132486
48.147088
73.826893
52.527437
85.097027
69.894235
75.013112
91.350508
71.266116
88.459177
78.584892
57.203820
76.688739
65.094632
83.828814
85.149968
52.112415
78.600324
53.470328
58.955425
58.174707
40.065026
54.373060
47.402427
38.340858
69.376127
30.512234
66.139065
43.119375
40.872619
46.627019
30.977613
24.151431
31.018664
2.310915
36.565546
-1.052096
20.518594
11.589104
2.500516
4.256825
-1.838659
-8.926236
17.515388
-5.168578
16.940770
1.042491
0.252127
3.160755
-12.238011
1.679945
10.970083
11.835361
36.798465
21.670251
31.069966
38.216918
21.877510
47.754326
29.430095
42.464578
36.077305
26.936462
34.542164
34.989131
24.069511
40.550549
2.468096
21.105987
-0.054514
1.990692
-1.575540
-5.834634
-13.863616
-1.435083
-31.985902
-4.362099
-35.772833
-18.607845
-33.938542
-32.482224
-31.658873
-23.844121
-34.256225
-26.560755
-53.489559
-33.159231
-56.646895
-58.633298
-60.017269
-68.583113
-67.197145
-65.914606
-77.050889
-65.811181
-81.973343
-70.046055
-65.256962
-72.093203
-57.477396
-77.134260
-68.250096
-68.073656
-74.565301
-61.052149
-64.964937
-75.918095
-58.015350
-90.879568
-60.211944
-70.083461
-62.128682
-56.390031
-70.560637
-80.007294
-55.825225
-77.654241
-28.550652
-51.385292
-28.867288
-28.543348
-32.347188
-25.458833
-23.171928
-37.292957
-8.768105
-49.796174
-9.820033
-19.438155
-27.389475
-8.628827
-21.483061
-15.897897
-9.492959
-33.684283
1.710131
-22.130434
-10.284588
-3.051067
-28.437604
-2.877915
-21.536654
-12.426981
3.930371
-18.227260
5.167331
-0.786965
-15.816139
15.064480
-24.590750
1.339908
-21.676266
-23.238591
-6.514556
-15.352434
-19.667720
-4.519180
-38.890358
1.973743
-32.458168
-22.187127
-39.802686
-53.114354
-43.310498
-42.007995
-47.922968
-18.628015
-58.401468
-17.836508
-38.194997
-29.197343
-15.109730
-16.862016
-4.784719
-1.750264
-15.176826
12.026757
-10.907070
0.884789
-7.580751
-18.930609
-9.099633
-28.427052
-14.855753
-6.369634
-20.510045
-15.126658
-26.046937
-33.261468
-22.978707
-50.534429
-25.024923
-37.649287
-24.595173
-20.723935
-33.049136
-27.230227
-19.268255
-52.099945
-21.119835
-54.474493
-23.332809
-33.020080
-43.831202
-36.890775
-45.403764
-60.637587
-29.560911
-64.075757
-24.127246
-44.392497
-34.188547
-27.113838
-40.079934
-31.613906
-21.692767
-47.504668
-21.421502
-44.984597
-26.095900
-15.210545
-34.479368
-18.125591
-34.109366
-31.692485
-16.856886
-32.831357
-8.201535
-20.300423
-35.708679
-2.308846
-32.947403
-4.036715
-13.641227
-17.484308
-4.515204
-17.941203
-8.144591
12.173599
-12.718980
17.549985
-12.372549
16.276442
20.225712
19.884433
22.306223
21.789437
-0.158840
28.760532
-10.286449
12.403947
-10.679114
-3.538512
4.247502
0.011169
6.024050
14.792416
-7.838676
19.858984
-7.058995
9.124932
1.327715
-4.667394
16.788856
18.159930
27.003529
38.951925
19.283790
33.917870
28.349571
20.618157
38.025281
14.910513
32.165866
23.760694
29.304396
32.292727
24.019142
14.577036
36.336907
24.901694
54.035329
26.942542
48.859884
42.801223
49.206465
39.458890
46.370160
37.385348
54.282435
29.111008
53.040825
38.408883
56.757064
56.063289
53.224281
51.910729
60.519584
42.809164
54.173937
30.986900
38.786002
27.402553
18.060416
31.800818
30.336394
27.357608
39.421792
14.473624
28.299944
15.623730
4.653499
24.628604
1.284676
17.315081
12.367973
6.301180
16.823127
7.153170
3.300611
16.744601
-9.587536
27.865219
5.065213
17.549184
17.766487
5.924497
17.326238
25.656774
11.932282
41.938001
-4.977134
26.561970
2.677472
2.561151
14.063222
2.767596
-7.448266
9.264794
-22.522003
21.845314
-5.519971
16.514568
19.193865
6.731404
22.321133
12.019389
7.331085
29.253833
6.593512
36.370591
32.645083
30.064630
50.512111
23.828904
41.535322
35.328603
22.677278
39.104106
22.514925
23.536056
35.472994
4.731119
41.486656
3.643779
13.958093
12.472858
1.930086
11.774227
13.959529
-5.558710
22.209877
-21.840954
12.549371
-17.809181
-10.472956
-0.079167
-14.528364
-2.909126
10.037139
-12.493831
27.468609
-4.278826
16.071908
5.273491
-11.336972
0.913281
-5.628084
-7.931417
5.039549
-23.391866
2.824690
-15.868905
-10.338221
6.400613
-11.909038
5.236419
2.948354
0.111578
7.437572
-9.142230
-1.233764
6.418049
-11.509960
22.185822
-2.897406
20.817290
19.452381
11.271604
16.083445
15.035565
6.450430
38.849122
-0.025142
23.820386
1.895181
8.713419
20.871599
19.452917
24.476076
38.457005
3.144088
45.515931
15.468278
34.257690
36.479242
19.454100
27.746415
15.761914
7.077129
28.182555
-0.769065
30.237655
11.301066
-4.346684
6.316455
-18.871846
-11.992227
-20.138873
-36.631040
-18.523106
-36.781232
-22.461968
-6.128432
-33.420299
3.849692
-18.762169
-8.766144
-9.325015
-17.091613
-7.088131
-6.377409
-25.355102
7.681483
-27.689041
4.698788
-6.641149
1.215001
0.327262
-14.766578
-15.513392
10.080214
-17.846755
20.908632
-16.874643
-7.308992
-16.881799
-29.874456
-18.948750
-27.109257
-46.121263
-18.935920
-43.655511
-18.365283
-28.143966
-29.857873
-24.311779
-34.443426
-27.568064
-23.901858
-33.438656
-21.505635
-32.642689
-30.503559
-28.789171
-45.651773
-26.593552
-44.632551
-36.950434
-39.459597
-53.892391
-53.168860
-48.202445
-55.197087
-24.435849
-49.989022
-30.848164
-48.724304
-45.993024
-56.038589
-49.348322
-55.369121
-38.176164
-60.269998
-37.823843
-66.414000
-55.481085
-72.123489
-67.234110
-64.307872
-63.624322
-70.445076
-41.825549
-62.509814
-36.811435
-43.340796
-38.188025
-33.566690
-49.019963
-40.395619
-31.208938
-42.944692
-25.178622
-45.597837
-41.504493
-33.631054
-56.972511
-29.829122
-46.922119
-49.314611
-33.483208
-50.576627
-37.836304
-37.731647
-57.405566
-27.760261
-64.334641
-34.431636
-55.868268
-64.105958
-59.027905
-69.206262
-73.386808
-44.822951
-80.254895
-44.962308
-85.146757
-66.021426
-61.711026
-76.328669
-68.513625
-71.354899
-95.936251
-72.908451
-114.409559
-90.257976
-111.496087
-119.311066
-102.271167
-117.888687
-115.745638
-108.015633
-129.606246
-102.449043
-127.891708
-124.521413
-103.486936
-118.254789
-90.549426
-111.648163
-103.116751
-84.190402
-97.313645
-84.226419
-83.453108
-85.943502
-46.533835
-80.077789
-46.398476
-52.200876
-46.375538
-34.851236
-39.847322
-39.276892
-16.875054
-44.663947
-11.675369
-56.550903
-42.869172
-53.537197
-61.964480
-54.397197
-52.782215
-68.660971
-46.846969
-87.125721
-63.517598
-86.705061
-80.495815
-70.920710
-78.729842
-69.651819
-65.788767
-82.855597
-58.219227
-70.862993
-63.200196
-67.928512
-84.259505
-66.152073
-90.613350
-88.812479
-89.585364
-109.624722
-100.034042
-105.737554
-119.495493
-92.993889
-131.094398
-108.497814
-133.084325
-141.836686
-137.220277
-157.436165
-164.469384
-157.877546
-186.517860
-143.273326
-172.182698
-153.813379
-143.894916
-135.911711
-121.313175
-117.926014
-129.660996
-95.677169
-134.663331
-96.561080
-106.447264
-105.803807
-91.296461
-105.489731
-96.881671
-80.848666
-105.085208
-68.889301
-95.470309
-82.934322
-77.387719
-97.847360
-75.462538
-91.554312
-88.738306
-71.033186
-89.315883
-64.282515
-71.016970
-84.398389
-66.904363
-99.708284
-76.149402
-83.176439
-76.012616
-67.861178
-76.215248
-81.727591
-65.687976
-93.026280
-59.101307
-90.532066
-75.440744
-80.349226
-91.100957
-87.185086
-77.415195
-97.802611
-69.695967
-105.533289
-74.686264
-88.504500
-84.937167
-78.470375
-85.526520
-81.547961
-69.029389
-87.606185
-68.838199
-94.644487
-87.387778
-87.449980
-99.431890
-82.412824
-90.397782
-85.225595
-75.064868
-92.400449
-77.267475
-77.085879
-79.061251
-62.016203
-82.446295
-69.650578
-84.466060
-74.070000
-71.180697
-76.593316
-77.959843
-66.527912
-87.514523
-66.769251
-82.601502
-59.046502
-65.303936
-52.989092
-49.300290
-38.286404
-48.270575
-26.910045
-53.802050
-37.051655
-49.021964
-30.873373
-26.499271
-20.319688
-15.860595
-8.201804
-28.212351
-14.504858
-45.588337
-34.724605
-34.381585
-43.910519
-36.562793
-52.120313
-61.615392
-44.811775
-64.739669
-51.946600
-41.688369
-51.457874
-35.546020
-57.534595
-44.009424
-46.502842
-49.174595
-25.951725
-22.715322
-24.768155
2.563053
-29.028911
-0.725251
-27.032143
-13.173387
-6.809047
-12.160856
-3.302107
5.800804
-14.283600
15.688147
-28.846894
-0.015728
-22.473176
-26.550444
-12.702313
-17.146161
-19.694068
6.919661
-14.710413
28.475099
-4.781041
1.393779
5.751332
-16.887491
-5.606272
-14.857358
-23.087282
5.940620
-18.174513
6.681500
4.105515
-7.629152
23.127722
-7.270225
12.716181
15.828001
3.074521
9.882844
-3.041333
-5.468060
11.520744
-26.617600
5.486079
-24.353535
-10.004530
-11.122111
-17.852010
-6.846283
2.509808
-8.603924
23.683583
-22.848666
5.187308
-20.395497
-11.252268
0.142781
-9.102089
-8.064634
5.046641
-24.081132
7.481445
-32.110838
-8.494537
-5.323319
-14.220713
0.063331
-7.495366
-13.403186
6.843007
-17.597377
2.433878
-12.929460
-17.744325
0.367632
-18.044010
2.779127
2.947030
3.982498
19.335487
7.151475
5.139244
6.846903
-11.512513
14.579503
-16.527794
-0.728534
-8.008845
-15.039279
-9.130407
-7.758225
-24.692072
-4.370701
-49.842714
-13.778570
-33.798286
-24.833486
-19.880888
-26.908207
-27.523064
-17.961464
-46.265004
-4.434602
-36.746676
-20.291406
-20.574145
-32.899437
-23.096345
-27.961274
-39.490620
-21.859652
-57.973210
-29.633229
-54.629192
-68.791648
-51.416971
-71.549791
-49.215047
-48.139962
-56.181877
-37.621925
-44.269222
-33.089635
-21.391920
-45.952271
-19.446838
-52.109516
-46.590863
-43.397815
-58.264961
-45.080756
-51.909470
-75.076890
-40.611579
-83.519083
-49.324315
-73.958169
-75.471779
-71.248693
-77.304283
-82.063490
-66.031290
-100.589380
-63.199510
-93.408335
-79.215878
-80.956749
-94.820052
-82.636278
-84.397627
-92.055607
-65.330846
-89.895061
-65.879078
-79.054914
-76.224540
-53.942053
-71.100919
-60.539527
-58.027697
-69.516340
-41.750977
-51.646105
-45.356383
-28.345405
-46.534822
-23.687680
-39.754474
-19.377946
-18.817407
-24.804924
-29.790611
-25.092444
-37.489894
-14.883760
-44.396541
-16.465567
-27.548274
-19.958167
-23.759254
-26.793637
-35.237797
-24.085758
-48.522732
-19.146196
-48.096404
-32.220247
-42.212121
-49.910348
-55.380507
-53.009430
-60.302202
-39.928558
-55.945631
-40.936090
-45.770576
-33.585381
-29.229494
-32.294493
-29.866099
-35.854282
-56.465722
-51.893014
-73.977496
-79.298064
-79.949790
-96.151569
-76.089100
-92.625412
-91.066579
-83.765415
-91.733769
-91.466199
-89.132014
-108.248611
-82.129458
-113.803967
-97.679855
-117.722317
-115.365409
-99.066488
-97.136295
-107.253191
-86.678640
-121.250602
-85.447291
-120.582961
-103.073537
-97.553632
-100.814052
-94.025013
-90.598284
-111.840926
-82.536560
-116.726871
-83.928278
-92.301663
-95.486300
-77.458108
-97.417221
-90.678482
-81.685994
-99.248894
-63.659256
-92.168375
-89.469695
-76.370283
-107.932302
-86.357857
-108.496388
-103.581486
-89.561151
-111.894271
-100.277798
-105.810173
-126.472659
-87.884112
-127.265972
-99.245231
-106.616182
-106.948406
-85.308143
-90.819294
-94.932026
-74.102654
-105.766172
-52.654448
-93.544768
-80.273913
-80.922609
-92.431240
-89.443093
-87.475048
-100.113733
-60.750255
-81.700623
-45.747847
-56.951049
-57.305958
-37.825710
-47.118527
-38.842185
-30.003718
-53.441493
-27.792222
-44.720075
-34.470980
-26.415152
-38.916387
-24.684688
-40.057893
-34.496935
-24.011264
-42.286596
-24.411728
-21.067756
-40.720284
-21.882441
-58.971121
-30.081540
-52.817912
-57.303613
-48.180506
-58.755078
-66.439677
-60.608370
-89.061901
-51.551789
-83.604925
-65.729432
-64.303409
-63.517276
-65.726264
-70.735067
-91.495387
-62.834492
-90.554776
-58.158431
-79.910352
-74.644429
-68.897119
-78.746464
-70.692590
-60.033224
-84.085994
-57.809005
-82.473889
-78.297698
-70.208128
-90.098041
-69.544705
-91.366984
-84.002880
-75.630243
-97.014467
-87.986518
-94.965580
-108.995612
-83.237630
-117.615781
-86.604987
-95.199997
-97.749388
-90.049774
-97.213512
-93.707246
-72.636948
-101.453302
-63.182676
-87.026377
-66.302139
-67.198702
-81.418770
-81.416859
-83.342355
-113.794407
-93.016427
-121.788668
-84.446781
-102.812220
-105.130499
-91.948990
-105.986364
-96.121095
-78.659575
-103.347253
-75.465502
-98.874235
-86.567801
-73.747802
-93.067285
-76.882221
-87.062101
-86.234000
-69.488674
-88.379986
-72.941922
-66.596351
-76.971441
-61.861115
-91.204704
-67.623071
-78.747279
-89.534665
-83.378695
-85.762212
-88.650745
-71.022440
-98.165117
-68.291797
-94.389645
-77.069217
-79.580573
-75.750589
-68.263754
-66.732875
-92.663749
-73.003670
-103.120372
-79.185565
-97.489093
-87.000096
-87.324940
-92.169528
-104.961718
-100.999732
-125.045576
-104.360643
-118.391989
-101.342914
-113.511140
-121.950657
-113.084183
-114.550593
-111.571805
-108.099990
-122.745539
-120.279875
-121.335284
-126.721983
-111.874195
-127.990083
-110.610844
-124.236025
-124.135839
-129.158961
-132.260354
-143.518491
-129.331624
-157.717951
-132.738069
-156.580791
-152.118357
-156.292130
-167.940596
-165.389970
-158.576895
-177.238439
-140.718459
-172.455898
-143.183116
-165.961802
-165.805769
-152.929616
-162.958344
-168.854665
-143.315256
-168.782751
-132.229890
-157.703555
-152.523489
-137.313451
-142.646162
-118.970647
-115.700929
-133.374115
-114.106412
-137.567546
-121.343325
-129.690626
-147.952714
-120.454729
-141.191388
-119.133905
-128.807119
-141.676816
-131.285847
-147.519776
-147.810756
-127.782711
-164.383710
-121.597169
-143.259885
-124.773915
-116.886787
-115.809509
-101.889181
-97.775381
-115.507057
-72.501845
-108.372610
-80.705263
-100.705786
-106.351828
-95.218125
-105.918788
-111.083153
-90.733686
-120.794098
-85.112319
-120.239695
-99.679717
-94.405000
-106.790533
-85.875636
-97.105472
-111.322409
-100.707820
-126.962505
-102.130187
-110.042859
-120.778865
-96.558548
-129.484121
-105.544984
-113.189720
-126.628943
-112.821925
-135.018512
-142.030638
-129.322874
-154.907351
-118.655938
-140.982692
-116.897905
-121.314610
-128.524956
-125.020358
-124.746364
-130.855222
-103.033491
-137.086816
-103.061956
-127.485676
-112.601247
-103.015430
-104.686092
-94.779016
-83.071186
-113.365489
-87.350841
-115.697311
-90.534452
-79.526713
-72.135479
-57.350137
-60.040904
-63.322789
-48.881596
-76.787357
-53.240741
-63.160067
-73.086766
-52.802098
-73.409214
-53.474954
-52.923892
-58.234188
-36.851257
-61.734852
-56.956602
-39.918939
-62.871066
-23.628568
-49.161423
-32.667273
-34.593692
-50.653974
-45.786567
-52.527478
-72.361358
-33.718753
-70.286560
-36.285106
-48.725563
-43.112226
-31.611334
-41.680500
-34.075715
-8.476623
-40.512315
-5.181396
-38.299542
-26.370048
-35.997681
-53.870990
-41.552216
-38.848653
-51.400661
-30.004926
-66.856460
-43.599861
-54.406793
-59.762980
-29.913038
-50.285976
-27.520538
-18.131704
-33.269264
-15.981213
-25.544014
-27.136799
-10.758611
-34.847971
-11.438500
-32.056150
-19.568319
-23.308071
-29.575965
-26.307032
-30.135797
-54.536708
-32.714972
-66.631003
-27.298774
-47.168181
-45.935995
-47.727972
-50.177593
-55.764717
-42.354979
-72.589489
-50.933821
-76.569666
-55.266047
-62.377070
-69.223578
-71.924936
-68.749157
-76.008148
-62.051086
-90.480686
-78.691105
-88.572034
-84.998709
-85.189461
-92.563724
-85.899920
-87.329799
-94.518556
-89.487441
-95.914954
-93.638683
-89.935151
-99.858220
-83.170561
-102.980101
-92.811308
-92.286319
-98.453195
-99.473831
-97.529966
-103.507640
-72.696200
-98.611379
-66.492484
-76.047213
-74.523785
-73.721898
-65.159875
-68.955494
-50.659514
-78.373358
-43.716486
-65.694630
-46.987738
-48.319973
-54.018586
-40.865083
-30.912931
-39.584595
-14.757493
-47.792213
-24.051172
-27.742175
-34.424331
-15.490920
-26.587476
-16.673042
-11.869942
-40.025796
-9.700323
-18.356800
-12.386807
3.152478
-23.158063
9.625529
-8.417816
-3.032800
7.997646
-20.122463
-14.751858
-10.000913
-28.071761
11.318169
-29.749251
-3.917766
-22.062393
-27.606105
-15.275918
-24.232320
-34.162858
-10.296307
-48.253909
-8.833566
-40.758954
-13.799219
-12.138536
-22.562815
-8.535310
-5.087271
-16.927707
14.925343
-11.268452
28.020279
16.085742
17.289201
40.737563
28.786211
47.734590
59.571653
36.132615
61.551066
43.154926
51.646245
68.925061
46.270473
72.422965
48.214267
47.129927
51.511267
34.575606
44.260504
44.754861
29.407297
58.541360
23.044194
56.062367
50.797417
59.866129
63.688014
55.150171
52.308110
68.753974
34.580450
64.279987
28.477091
50.074000
56.127914
60.475529
70.016728
73.622263
56.578310
73.761178
40.761271
69.961993
53.945248
49.269984
54.104833
36.663187
33.904313
35.205619
18.399990
45.588176
13.596294
18.835817
21.300032
4.300061
31.004546
12.539581
19.500462
34.609983
15.044323
27.053059
21.472013
1.653759
28.396343
-2.545889
37.257716
26.712611
31.166923
51.060937
44.988643
41.203898
68.026380
32.075995
72.886151
43.826763
65.499909
67.725497
65.830568
75.067381
77.994149
51.010266
81.569809
42.275013
74.759821
56.499181
61.063513
71.181803
47.072027
55.351734
61.712800
32.674320
65.425794
36.383756
46.193731
51.561992
26.359802
55.891185
41.543646
43.619150
65.968610
51.355449
64.145987
56.913625
34.744104
58.032698
15.946678
38.303532
30.344931
27.444328
32.991469
23.666350
30.035599
56.093263
27.802447
71.767354
41.518251
57.977826
54.887257
46.731224
44.381548
51.825215
32.224065
68.530436
36.819742
62.690198
48.761111
48.051643
60.482191
54.264212
61.090787
75.985394
56.758447
88.119738
66.649462
79.642276
76.560087
55.298494
66.180807
58.544741
59.339610
70.060905
56.328657
60.482187
49.604929
38.930716
50.891231
32.235693
44.945641
25.236438
32.503532
35.498247
36.760564
32.953101
48.720394
32.297194
54.668863
30.657886
47.146154
31.351467
34.485146
34.459322
44.375577
35.418765
54.585784
23.273009
47.083561
26.944219
28.616989
30.492956
26.351814
22.763238
31.321084
9.214074
25.439949
6.545887
20.424898
12.423756
-4.741439
-2.570733
-19.346093
-29.464520
-19.694470
-34.070728
-8.553530
-5.749926
-17.573073
6.714894
-22.497596
-2.727479
-5.034565
-9.093915
1.394839
3.708615
-5.483613
8.983167
-25.380353
5.170633
-12.607007
10.933427
21.509650
16.952674
24.569758
42.603108
18.063598
53.744249
16.751706
41.875160
27.172197
32.455199
39.932107
22.831327
23.279486
42.691383
14.420747
42.300537
16.820357
13.872352
9.828702
-12.067801
0.404496
-12.837149
-15.472342
9.937595
-20.588636
4.202766
-4.054024
-24.489559
-0.345634
-24.168436
-5.937194
-13.377515
-35.096032
-20.150102
-36.641998
-45.765605
-29.445729
-64.030756
-27.879917
-61.543052
-42.292840
-44.135035
-56.284998
-41.603681
-28.810866
-39.985642
-2.763555
-40.379810
-7.324009
-23.403617
-13.857514
-6.507686
-14.392980
-15.155764
2.903412
-29.633436
0.789219
-21.510852
2.045595
1.306018
-11.188136
2.727116
-7.506685
-7.460816
11.654143
-12.523871
20.150437
15.045783
13.737533
27.566432
-1.407037
20.085952
9.207534
-0.440472
17.020597
3.471897
-5.282757
3.344924
-20.257858
16.351126
-15.902423
8.650298
8.733724
2.818977
13.836833
16.371550
4.274250
36.074067
3.042610
32.888380
18.229714
26.069033
25.218402
15.690239
4.286574
14.613178
-16.352485
17.654205
-10.830645
12.549331
4.875670
-2.352192
12.749398
4.712001
3.569501
18.878196
-8.101279
22.472594
11.710879
9.020566
23.408712
-4.623010
22.015789
10.732806
-13.204534
6.570090
-3.639734
0.497715
15.405644
-13.790100
24.736663
2.189354
13.052292
14.104488
1.085274
9.005659
7.974535
-7.544749
23.224146
-18.712810
12.473027
-8.765210
-3.235874
0.960673
-9.508872
-8.465605
9.740761
-28.946700
3.261697
-30.559964
-11.384138
-7.598087
-16.829679
3.245790
0.015236
-11.028002
15.048131
-17.281270
9.725647
-8.407674
-25.955266
-7.772069
-26.178584
-5.326142
-2.406160
-19.438065
4.143630
-12.153587
-16.431570
-9.092254
-41.988646
-9.218732
-35.303820
-27.391258
-19.572620
-28.743798
-24.855206
-22.858963
-37.851198
-9.542628
-42.505306
-2.630234
-11.834962
-0.769216
6.857925
5.565290
1.932821
17.986149
-12.439825
13.494156
-12.717597
5.472715
4.204360
0.235702
-1.993421
-9.142041
-15.407949
10.731931
-18.607504
2.532667
-3.813680
-0.582207
13.020094
3.212834
12.032184
11.598691
2.414960
5.874555
-6.346616
-7.229951
-12.183274
-29.286277
-14.354813
-26.942240
-13.253533
-14.122950
-1.649157
2.014984
8.615444
-3.512065
19.071686
2.969832
32.330915
20.482806
38.131704
31.154516
25.204089
18.950617
27.559214
-8.169429
21.088265
-1.309100
13.977784
6.092688
0.814413
4.293271
8.363740
-8.338485
17.281266
-9.756865
6.942278
-2.661616
-6.821188
-4.747876
-18.198613
-9.970893
1.893239
-9.076517
12.120658
-9.604854
-8.258771
10.748478
-13.424382
11.667003
-4.455751
-7.528423
-0.391891
-18.392295
-14.596536
-11.430131
-34.491522
-0.089029
-30.819003
-4.126537
-15.733881
-15.907523
3.916199
-0.690190
-4.873653
11.428068
-32.858089
5.914032
-34.940591
-12.469225
-12.297478
-27.346117
-18.260916
-22.930655
-44.351618
-10.020020
-57.749027
-29.041557
-42.475308
-51.994238
-33.550492
-49.428501
-35.879412
-27.109078
-49.468939
-24.483520
-62.250234
-60.845002
-48.766591
-80.053706
-48.545956
-77.245486
-67.958895
-52.851016
-80.774500
-69.419981
-76.099299
-89.349740
-52.651286
-83.824914
-50.757618
-62.714953
-61.547192
-50.166279
-61.197430
-67.977858
-56.357613
-92.771935
-51.670046
-86.619427
-60.646848
-65.199312
-74.133621
-64.352098
-71.646558
-84.878522
-59.899219
-95.293324
-67.761513
-87.110338
-80.251884
-67.856514
-80.833502
-79.339316
-71.906607
-95.618412
-70.946736
-85.421827
-70.035535
-61.793595
-71.037163
-43.050421
-58.171605
-47.638768
-34.925972
-41.538024
-18.857328
-28.069701
-35.217897
-9.433684
-37.476864
-15.932984
-37.990951
-35.910509
-33.496484
-44.729738
-46.007958
-33.472327
-64.187587
-30.673690
-67.898984
-46.884696
-50.836119
-46.439066
-39.693332
-38.688760
-58.585097
-30.445141
-58.738475
-33.499931
-57.326042
-67.263171
-59.157137
-75.998950
-68.224471
-57.016690
-79.497687
-48.470788
-77.004314
-63.053765
-57.615629
-75.905542
-45.174783
-58.038775
-51.348108
-40.910405
-64.652860
-41.143530
-40.297481
-57.638778
-31.825803
-71.388972
-50.634219
-65.668134
-69.346026
-52.454676
-65.592239
-66.104167
-44.518508
-80.906929
-47.677062
-83.126105
-70.012910
-76.392826
-79.067234
-69.311050
-70.959843
-95.124807
-63.209225
-110.143061
-74.465362
-88.245183
-92.869121
-89.419416
-103.595181
-106.209092
-103.382866
-131.179100
-97.512946
-125.121470
-110.224457
-110.066607
-125.337071
-111.451590
-134.424030
-137.010453
-123.752118
-138.130746
-122.047981
-128.884575
-136.765451
-111.813286
-137.257802
-116.144160
-125.172668
-129.888459
-129.307540
-138.814502
-139.901149
-121.336516
-146.205047
-120.021545
-149.873820
-128.219363
-137.154988
-137.208646
-137.840523
-128.771593
-146.980901
-129.254039
-161.266368
-135.006331
-154.463424
-148.849778
-153.741962
-154.312821
-152.699209
-135.548371
-148.495483
-125.907551
-145.807020
-124.708394
-123.088695
-123.959856
-110.800569
-117.019624
-118.842815
-115.634660
-128.885333
-111.664373
-117.930370
-119.688318
-103.169288
-121.988511
-105.388729
-113.740797
-116.425467
-106.636842
-107.265550
-110.858565
-95.895715
-116.110597
-94.200384
-118.128736
-106.691047
-109.762860
-110.727313
-113.589297
-94.997828
-116.890795
-89.627702
-122.601795
-100.190212
-120.228420
-121.398306
-112.348890
-118.551952
-121.831877
-103.933332
-132.768651
-95.681754
-120.383888
-104.613760
-93.672157
-108.028974
-88.366682
-94.073170
-96.264276
-73.348604
-104.026873
-84.711322
-91.894430
-97.734894
-66.370270
-93.151068
-75.531515
-78.274340
-90.426317
-73.855689
-91.855070
-94.965646
-76.533869
-118.110534
-76.643756
-104.213150
-84.520537
-83.763082
-94.285657
-81.680175
-72.960882
-97.090237
-54.739962
-89.139214
-52.235749
-61.603795
-63.972171
-56.226573
-71.873688
-78.189632
-62.696795
-102.174430
-65.952706
-101.708485
-83.620489
-87.100069
-110.767517
-92.270097
-100.480573
-107.381622
-79.259311
-118.364169
-101.418633
-115.984297
-120.253757
-92.606029
-116.141783
-99.135049
-108.704726
-128.794197
-115.714646
-123.608954
-121.568173
-109.868393
-148.065203
-111.874492
-138.365259
-118.884384
-115.922673
-120.778706
-109.671045
-104.979186
-115.121153
-78.456560
-113.630854
-81.642899
-100.707103
-90.855918
-92.686125
-96.517115
-80.310426
-61.340454
-82.116620
-55.077997
-93.698931
-73.896888
-83.084783
-93.555060
-85.488235
-94.388371
-97.257151
-77.876554
-98.243258
-59.331589
-68.525652
-71.471716
-50.142321
-65.853555
-44.534311
-48.981561
-52.929380
-30.530474
-41.336929
-40.525161
-32.565989
-57.385489
-27.989919
-55.019918
-41.704799
-41.971748
-51.196350
-37.710744
-36.774323
-52.026448
-26.396148
-63.532610
-32.996939
-54.122690
-46.360364
-36.493920
-40.513417
-39.201469
-22.075554
-58.638652
-25.670421
-57.303867
-36.017027
-34.799406
-46.945722
-29.398210
-30.424880
-35.880632
-7.257665
-42.764448
-18.074031
-35.135383
-42.085211
-29.578913
-55.288103
-39.336158
-41.061693
-54.972516
-33.578964
-48.423747
-35.773549
-16.739768
-41.167375
-13.263979
-40.173620
-26.962530
-23.252248
-37.930933
-28.067647
-32.342072
-48.366831
-9.888859
-43.572794
-20.619763
-44.800405
-43.715110
-37.351889
-40.068224
-50.682805
-37.400911
-67.940298
-31.006242
-59.630523
-43.478949
-47.164238
-55.016796
-61.239733
-66.138352
-87.587330
-73.327636
-102.536924
-74.489091
-87.376617
-85.834758
-71.451830
-86.277072
-81.200603
-81.701496
-89.805615
-71.531074
-88.010397
-84.952146
-80.307573
-95.764809
-65.811828
-83.816657
-75.481862
-87.674031
-80.088351
-68.661188
-61.024891
-66.211276
-40.426570
-59.384285
-34.953969
-53.058061
-40.965229
-40.454775
-29.829030
-35.575778
-16.026211
-40.706278
-16.962666
-29.734162
-16.299973
-29.558452
-25.168767
-29.621922
-28.446345
-41.882398
-24.697883
-49.596218
-31.148433
-42.643851
-41.932700
-34.040607
-43.961582
-35.661778
-34.485464
-47.354847
-22.910740
-36.080385
-36.559862
-30.815944
-47.567928
-24.545704
-37.662937
-26.957434
-16.669307
-28.390668
-19.098393
-15.998443
-37.543908
-3.617371
-35.913844
-11.906045
-28.211088
-25.800166
-21.335695
-33.156292
-34.790437
-9.150978
-51.095891
-12.527545
-43.712016
-36.273450
-40.340538
-60.636372
-59.843785
-47.553023
-62.772455
-36.290332
-74.645749
-46.313246
-64.673365
-71.188199
-56.573235
-78.736225
-80.486496
-76.039280
-98.120962
-79.739350
-99.416756
-97.476241
-86.653553
-116.318436
-90.098652
-114.584104
-117.026386
-104.673736
-123.318344
-106.863819
-104.288658
-114.663225
-82.956521
-122.703630
-94.705383
-109.493076
-111.727954
-97.536466
-107.474362
-98.400814
-76.808272
-109.116334
-61.383415
-90.607229
-76.076866
-81.874308
-96.617848
-89.393536
-80.087670
-90.042028
-56.265965
-94.546656
-58.809922
-86.301250
-90.568824
-80.194406
-99.035260
-86.715138
-88.055033
-111.874416
-82.981087
-106.255193
-95.256516
-94.088146
-108.235637
-83.107976
-100.685383
-96.842081
-92.124568
-101.446597
-85.282974
-89.863837
-101.451118
-85.318939
-120.585438
-97.563006
-120.050959
-120.196348
-122.385650
-134.639294
-132.103077
-118.866761
-158.916034
-129.915983
-157.708821
-131.298716
-137.843627
-142.180685
-144.325841
-138.792993
-142.686652
-119.598152
-159.549768
-122.766175
-143.114325
-138.367510
-128.029331
-132.293856
-125.652286
-117.247785
-134.716851
-106.396954
-136.376017
-122.497996
-121.189079
-143.352393
-117.811626
-131.595533
-122.618873
-108.005165
-131.608362
-113.114423
-120.536581
-131.211080
-106.793715
-138.509636
-115.493567
-142.246187
-153.827266
-150.949079
-174.365955
-181.019105
-162.964570
-199.379100
-160.441307
-193.708372
-180.780017
-178.748972
-185.175953
-175.171159
-164.798020
-185.948347
-162.660745
-202.744296
-168.608062
-185.004372
-182.217360
-182.373439
-199.806312
-201.510747
-190.797565
-213.573709
-182.723849
-216.300136
-201.796822
-205.916831
-228.125623
-209.618498
-226.385395
-225.852299
-211.082948
-236.686694
-227.598055
-233.055140
-246.450840
-229.320800
-255.803530
-222.332548
-238.037254
-235.009260
-218.618573
-223.920140
-226.992920
-212.742713
-244.036614
-207.262597
-246.685245
-226.322137
-233.987378
-241.117975
-244.245550
-240.939674
-254.693144
-238.583039
-274.423032
-240.223746
-254.202917
-240.732702
-230.539010
-228.726031
-224.090211
-214.515821
-238.273160
-214.151007
-235.730078
-221.768853
-220.507150
-228.566659
-219.858030
-228.642644
-226.944767
-214.541193
-229.800633
-210.622097
-217.549989
-223.054377
-201.352516
-217.483959
-196.106954
-194.112986
-177.695524
-166.775635
-161.943698
-161.857520
-145.424081
-160.823888
-144.980620
-173.548810
-157.438585
-175.044189
-167.603562
-172.145416
-169.845650
-167.453381
-143.530872
-165.736222
-140.682503
-161.246561
-149.463622
-152.952319
-147.508006
-141.468101
-123.866213
-133.698891
-116.824776
-136.063280
-115.803401
-130.714711
-136.443282
-130.003604
-134.501066
-137.255965
-127.341240
-145.974657
-123.700502
-119.631999
-121.792095
-104.358837
-122.970456
-98.516752
-97.151319
-105.322445
-94.257513
-108.373947
-110.848190
-90.057137
-120.872236
-86.179858
-106.310555
-86.084666
-79.805201
-87.519394
-77.914739
-72.134119
-97.978284
-61.229494
-97.322668
-63.482888
-75.968814
-61.807926
-51.813018
-66.953966
-73.122292
-52.590354
-78.613728
-32.736206
-58.881207
-46.169631
-40.522163
-50.719628
-31.732970
-39.936062
-46.258371
-15.998623
-51.824207
-32.279462
-47.260137
-59.215013
-41.443861
-70.729729
-55.298633
-57.327958
-65.616351
-48.640263
-66.811620
-66.918004
-65.463480
-97.335820
-59.622116
-90.033237
-82.435268
-82.278887
-94.439018
-85.232496
-91.879665
-114.063902
-80.290172
-117.560932
-77.574311
-96.979305
-88.561252
-82.920761
-97.393228
-96.192847
-83.532159
-116.453223
-81.777440
-119.449365
-95.593992
-94.983516
-102.348307
-86.879086
-92.286124
-94.194834
-68.878522
-96.046506
-63.506659
-66.261152
-62.155308
-36.871756
-59.278602
-38.677990
-45.734205
-54.247595
-35.544300
-53.520736
-40.848086
-29.588365
-50.525271
-10.739396
-36.630014
-22.354153
-28.228660
-39.968151
-30.906025
-33.720819
-46.533146
-19.053667
-55.489151
-16.695845
-41.539385
-26.426036
-25.648892
-25.145420
-15.475082
-4.612271
-10.644682
29.628850
-5.052139
20.704923
8.881823
-2.873992
3.429216
-1.287277
0.773963
22.379762
-4.796020
14.535745
-13.987296
-13.308108
-1.395747
-26.443119
-5.649762
-9.359029
-6.232715
14.979701
-5.602022
5.078231
14.053412
-7.227311
21.952791
-5.560582
12.821604
14.260894
-1.915235
6.675600
3.158710
-6.933268
24.175054
-10.364413
26.249217
1.605363
4.953377
9.450159
3.299068
-0.296004
17.451246
-10.898982
21.567048
-16.694008
6.630817
-2.772788
-13.141500
2.684321
-5.713546
-13.596316
11.790556
-22.045570
9.185154
-5.499345
-2.437950
9.853714
-11.517682
6.677174
13.332407
-4.313543
15.877605
-2.951763
6.037385
6.263609
-16.356385
17.961341
-5.368028
11.995813
20.803443
11.505253
26.706804
32.058614
28.749979
64.411393
30.122918
64.609277
47.655841
52.869557
60.097001
57.080799
59.799959
75.376361
39.841166
67.281808
32.757458
56.350777
45.861776
37.774475
49.865336
47.142911
33.800314
55.118313
22.402904
49.329342
32.235179
26.177629
36.150196
26.476515
32.814180
34.720197
28.740218
57.997340
49.111080
67.977913
72.101893
59.302963
87.540743
64.785991
80.196599
90.841342
90.692747
102.378948
102.584913
89.871242
108.164588
76.360924
100.662412
86.959432
102.565974
102.365972
105.008234
101.029507
112.586930
94.694509
116.831161
92.832708
115.066472
101.828515
108.940003
105.630332
102.779131
89.571947
103.754632
84.599727
111.609040
103.074816
116.789454
115.423932
114.527247
116.431748
119.357377
116.790258
128.187063
117.535103
128.587313
123.406736
113.001921
132.093002
119.338620
118.691151
116.478943
112.318966
120.261396
115.630282
105.569664
112.413102
78.342451
104.191986
84.233251
89.700716
84.424869
84.467390
81.551651
99.227480
81.530979
123.533846
95.621314
122.938520
113.116503
109.834023
121.794652
112.183276
87.252883
112.147445
76.553135
97.580583
77.298399
74.554265
88.100637
77.031393
79.168968
83.901891
59.813884
91.318413
67.117221
83.009235
88.694762
71.382408
89.015905
69.002347
73.301182
76.972359
56.860152
73.163322
67.005955
61.882637
89.268829
53.960900
80.643541
57.497869
49.060014
57.067126
39.480730
43.679525
52.869064
10.723419
49.081905
6.243655
28.504667
19.518177
1.744027
11.422980
4.212907
-12.637164
26.300662
-14.596816
11.858880
-19.135573
-27.541541
-16.428961
-32.089816
-18.586846
-12.645518
-32.644510
-1.804997
-32.383394
-10.941926
-5.884940
-21.360311
3.844733
-24.451957
-25.558368
-16.879988
-37.364645
-21.501893
-35.270678
-45.260433
-24.614096
-63.941855
-39.354400
-53.920666
-55.126487
-43.012486
-52.533892
-45.021386
-30.753738
-56.895153
-24.556511
-63.071238
-38.011707
-47.764631
-53.503804
-43.219919
-44.787690
-53.993580
-30.816720
-61.133884
-23.640824
-52.750105
-47.700684
-49.125980
-63.892249
-62.446210
-65.116739
-88.448231
-73.424790
-112.160958
-101.112387
-109.678349
-110.449326
-95.677763
-122.565022
-109.810243
-106.179297
-124.641557
-109.251797
-120.948122
-119.966738
-113.873172
-141.062247
-116.175022
-131.603742
-125.163347
-113.977227
-116.928131
-103.413147
-91.421685
-114.409587
-78.131293
-106.513500
-71.277977
-80.154615
-87.679659
-83.156476
-95.732676
-113.137490
-85.316504
-128.034787
-94.557376
-115.328109
-101.910955
-91.090584
-96.711497
-87.295994
-82.040002
-95.911426
-61.180550
-95.044932
-82.748593
-94.744726
-101.993603
-86.121383
-110.838760
-107.409419
-96.972039
-120.348293
-92.514945
-102.738871
-111.378762
-98.535946
-130.968991
-108.118619
-119.560611
-116.413071
-95.115418
-103.290676
-98.815029
-93.396505
-123.837726
-86.919112
-125.782418
-110.732691
-127.984236
-142.112089
-133.251342
-133.521283
-152.640971
-130.705858
-170.065960
-133.013512
-162.056379
-157.352834
-156.100739
-169.779912
-172.364447
-168.034408
-191.980459
-167.992358
-201.766551
-180.814434
-189.106362
-190.574714
-168.009392
-174.811546
-172.394858
-163.333907
-186.098677
-162.367296
-183.238812
-188.173662
-179.599589
-208.831771
-193.222007
-210.602486
-213.227578
-205.272837
-223.137134
-212.584197
-196.753852
-217.066263
-191.466570
-226.229378
-209.718646
-218.265632
-215.689120
-214.026119
-209.237668
-222.632457
-195.751700
-221.895981
-189.838319
-203.055756
-185.125481
-189.061123
-191.657281
-194.362207
-193.933256
-214.448720
-193.847681
-209.704532
-182.013226
-192.219698
-188.643140
-181.839702
-188.322314
-187.836305
-181.987641
-194.366978
-178.105857
-192.037928
-188.946050
-181.416757
-184.100546
-165.963787
-175.529734
-182.944093
-184.223473
-183.499136
-174.156934
-163.207377
-171.471490
-154.930743
-178.536076
-161.306636
-167.281747
-162.670312
-164.601463
-158.962428
-163.700363
-141.774490
-164.388925
-138.135583
-165.160927
-156.392057
-162.725869
-161.202236
-164.329548
-152.442219
-182.166880
-157.975596
-189.423467
-176.510371
-185.288579
-190.717003
-179.537098
-178.922288
-175.725571
-153.570493
-172.262659
-148.259393
-164.575367
-175.900562
-164.887728
-173.943387
-146.560093
-151.617784
-156.045230
-133.160665
-143.468640
-130.062003
-123.663579
-150.219700
-116.861800
-142.014182
-131.316145
-131.684432
-136.455384
-125.404760
-125.405739
-140.732122
-102.998602
-139.629349
-101.352641
-122.582673
-109.710921
-101.825076
-115.402047
-114.815213
-100.511624
-131.728915
-102.138003
-145.550896
-116.930636
-127.420723
-130.768259
-110.086100
-120.109429
-128.630126
-112.838605
-142.573173
-116.934067
-140.027226
-135.031253
-121.758113
-151.586611
-126.744066
-129.610420
-128.884069
-98.915675
-118.227759
-102.891670
-87.965902
-112.427160
-78.121704
-107.409965
-85.902442
-85.460869
-88.824764
-71.216821
-79.585647
-100.524779
-75.914071
-107.819943
-66.106829
-96.683245
-93.274014
-91.321280
-108.543784
-101.492035
-93.195113
-122.292554
-91.813613
-135.036494
-103.670690
-112.362730
-112.279421
-109.383034
-114.339473
-112.448606
-88.343357
-118.913287
-89.454074
-111.455424
-106.236939
-103.435699
-122.125635
-107.454168
-117.902081
-117.337686
-97.201762
-117.569710
-102.556748
-102.242470
-117.239473
-91.451733
-119.936688
-96.526410
-104.201429
-109.383067
-97.554344
-100.762805
-98.273491
-72.512440
-93.599121
-54.512920
-76.763854
-58.084355
-53.424647
-57.937299
-56.696754
-52.157157
-73.310286
-47.902749
-85.961507
-58.525116
-77.770695
-79.344317
-77.249437
-85.612447
-88.287358
-72.098393
-96.975261
-61.307638
-93.557898
-88.869888
-84.582107
-96.959996
-81.482263
-88.200191
-94.221373
-76.207802
-107.733398
-93.188664
-98.326137
-108.357091
-78.567576
-104.567776
-88.792537
-87.780408
-94.299480
-74.259224
-80.579958
-90.942356
-68.275793
-106.827666
-67.411388
-83.289646
-72.844525
-67.655517
-79.867891
-81.914238
-77.178919
-108.997932
-64.182579
-92.204368
-58.710714
-70.742324
-72.861601
-54.570890
-58.229209
-67.254017
-49.137955
-86.448368
-58.219321
-92.591059
-89.605685
-83.958998
-101.845412
-88.046465
-92.727280
-107.747188
-87.306949
-116.705012
-97.394556
-99.113605
-116.880953
-102.704587
-127.651009
-105.871375
-95.616132
-107.531746
-93.167321
-102.645714
-110.528807
-79.015286
-107.015210
-68.609858
-89.201489
-73.581249
-68.922685
-82.383772
-83.266698
-80.209608
-101.545011
-65.430384
-99.027001
-72.028645
-84.461126
-75.928394
-58.168785
-57.142531
-66.643350
-46.375088
-72.632944
-44.111341
-66.273853
-46.460614
-43.297075
-47.548921
-35.786239
-41.658215
-44.780408
-15.154729
-29.990433
-6.896180
-11.448141
-16.320354
3.991451
-19.212792
-15.775156
-23.980240
-40.735381
-32.077354
-41.773663
-44.174766
-23.025180
-38.144882
-8.598731
-34.348503
-24.362211
-28.774310
-23.958378
-14.489842
-0.014427
-11.690423
13.461532
-16.886014
12.409068
-5.259183
-1.001593
-4.123936
-11.199938
-16.627705
-2.389372
-35.437633
-14.975666
-40.563710
-25.269443
-28.969223
-26.249716
-29.093349
-39.220946
-43.831490
-23.913951
-43.771983
-22.381006
-42.872892
-41.156398
-30.251064
-49.634465
-45.080986
-43.894766
-46.254777
-37.493733
-47.744930
-45.329424
-45.542757
-62.992298
-47.188752
-60.047525
-47.951600
-49.387344
-52.193808
-55.353607
-49.036789
-56.725672
-28.660768
-51.883834
-28.272214
-42.936652
-35.377644
-38.307190
-47.969224
-54.694151
-31.436707
-58.225981
-32.922983
-60.013202
-57.517708
-63.510949
-65.389483
-63.730526
-66.553332
-88.688419
-63.646798
-93.927906
-66.865574
-70.374657
-75.648895
-52.110454
-62.287583
-57.599798
-51.149671
-64.779482
-39.015934
-56.028675
-56.234232
-45.911419
-72.485127
-49.275142
-69.252768
-67.349840
-56.600131
-69.743083
-66.174233
-57.015761
-82.347324
-45.468045
-78.383603
-51.369070
-55.489717
-69.832303
-67.322954
-78.232146
-83.125339
-53.655609
-87.084422
-56.529772
-92.770963
-80.201642
-72.647393
-91.120715
-87.855934
-78.575327
-107.004762
-64.082147
-100.745929
-74.906332
-78.890637
-87.976992
-61.696668
-71.649073
-60.501746
-50.844117
-81.009107
-62.067421
-74.816737
-78.043878
-61.932152
-93.320134
-61.759752
-89.090943
-86.514816
-75.802767
-87.213124
-73.624173
-73.951425
-111.075038
-83.378736
-119.264771
-88.951900
-96.878393
-102.634151
-88.298021
-93.681201
-101.795228
-73.247402
-115.132263
-74.572916
-107.593326
-97.819709
-91.793638
-102.518803
-86.729861
-73.552209
-93.702250
-62.472641
-99.913429
-73.763704
-90.310848
-90.571303
-72.608257
-83.653989
-69.327986
-51.585673
-68.504646
-43.147169
-62.349332
-56.836902
-52.920053
-85.770752
-68.642781
-88.865967
-82.353435
-80.192209
-94.501165
-71.372994
-63.801979
-81.040515
-54.715500
-91.977997
-63.899545
-83.334063
-84.586135
-69.200007
-74.500871
-69.558256
-51.419149
-83.276517
-44.230004
-75.389934
-55.015926
-56.827464
-52.099410
-38.498903
-38.093323
-52.324454
-28.502990
-57.270336
-26.005520
-43.611268
-40.226542
-37.759000
-44.760596
-36.364041
-39.558844
-59.040985
-40.576198
-59.282589
-44.022320
-34.513209
-47.722449
-26.756323
-42.010958
-30.004958
-14.433916
-23.421554
-9.291278
-16.038520
-36.178640
-9.608657
-43.912350
-24.024069
-45.436317
-51.816399
-49.077207
-54.681604
-57.933307
-38.613578
-68.262991
-41.178347
-88.845551
-70.184059
-72.607356
-75.863666
-66.103698
-67.265604
-84.585478
-43.667211
-83.244048
-47.991060
-56.037886
-57.999266
-46.610469
-57.442119
-55.203641
-46.338823
-70.881949
-38.514456
-59.925741
-51.277968
-45.554425
-64.315930
-42.252243
-76.726833
-80.308101
-56.177098
-70.651200
-48.499898
-58.668523
-74.780317
-43.634760
-77.413017
-47.792626
-54.794791
-61.916659
-46.540731
-61.009181
-71.819158
-57.880987
-95.700477
-56.937814
-92.287868
-74.269402
-72.775528
-75.205488
-61.772648
-58.292335
-74.822022
-42.612423
-78.171115
-41.848842
-59.261108
-52.285531
-43.029933
-59.227049
-55.795413
-50.654206
-76.789967
-48.021165
-74.482797
-71.345426
-70.618101
-93.670640
-71.247988
-78.389325
-74.209841
-58.452614
-80.561956
-56.036696
-50.750500
-65.450937
-37.443905
-60.458651
-38.545173
-55.652497
-62.070902
-54.684753
-61.410683
-65.248205
-47.406313
-77.209751
-45.093198
-65.977643
-51.518490
-57.159118
-60.223408
-52.983193
-44.090947
-59.922118
-30.097027
-68.501048
-39.311022
-62.420277
-51.632315
-46.086661
-52.921259
-48.599306
-31.215296
-42.676565
-12.891197
-33.804872
-26.278603
-31.157962
-42.521746
-26.151476
-39.457746
-46.289429
-38.312442
-53.911309
-41.942952
-49.531528
-55.753077
-42.222504
-62.825829
-38.658873
-53.197104
-53.825770
-51.196927
-55.092279
-58.740768
-41.761440
-70.195998
-45.143921
-70.333680
-47.052053
-55.648895
-53.036729
-55.014754
-50.873234
-63.237565
-45.231383
-70.734544
-47.755086
-65.078935
-51.941204
-50.614497
-53.007986
-54.066607
-42.519171
-52.604962
-39.723344
-54.390172
-44.762521
-59.832347
-52.201633
-54.640267
-58.670170
-59.290947
-45.446399
-58.356191
-48.868591
-53.288100
-57.179781
-34.245795
-49.935275
-36.162097
-47.877949
-48.480799
-39.398260
-52.217525
-66.609123
-51.075196
-80.211981
-58.401740
-80.781235
-54.709560
-57.628647
-43.308236
-28.271788
-37.665695
-49.736441
-21.843832
-50.131967
-28.003862
-41.698593
-31.200335
-19.497681
-33.317814
-29.718382
-13.843121
-49.708424
-21.352970
-42.204994
-23.814664
-25.159385
-37.047492
-16.390964
-27.555318
-31.746544
-10.216964
-42.853563
-11.183420
-20.714393
-19.897563
13.172254
-14.017682
19.423882
4.797977
16.498437
23.377657
-9.982461
10.997044
35.828779
15.043468
46.269343
22.983266
47.714682
46.805731
39.340692
48.503358
44.522013
9.281142
49.781575
22.814009
23.263815
6.436262
9.941450
16.260687
20.548737
15.247579
33.956131
-3.362424
37.809015
0.929306
10.137676
9.550787
-3.452411
14.581109
13.157320
1.809231
9.631768
-12.065169
18.352819
11.089059
0.851826
21.127003
1.507417
31.327337
24.564024
9.999756
21.339963
11.298914
19.814003
26.224354
-9.466607
30.732319
-3.402765
16.135216
22.956231
12.418732
23.111718
22.510703
11.516199
50.823084
18.615843
56.269053
25.723740
36.333265
37.709102
23.795950
25.241969
36.985081
8.810926
40.170661
9.285333
35.733764
34.999063
38.809341
51.372070
36.492647
32.736174
50.830508
21.955106
37.524631
19.695357
15.580025
14.370659
-6.918730
11.100284
-1.596408
-7.003084
2.511532
-14.938747
-3.304921
3.028216
-8.598048
22.588126
-2.514952
12.601626
9.376767
9.318474
14.627284
12.386090
3.051845
14.885753
-16.189993
19.208471
-3.102878
6.547904
4.268999
5.786496
-0.721597
9.435443
-5.663926
27.313772
-7.709186
20.120188
16.797056
10.690497
16.745424
11.124639
15.715998
34.411963
0.519427
29.522054
8.175331
10.680891
19.954834
-11.627945
5.567251
14.014402
-0.963577
17.271183
2.383331
15.478817
25.757744
2.801026
30.779602
5.646974
28.195241
32.939090
32.863029
39.988600
31.828913
35.452041
59.173994
19.102212
64.855016
39.587628
48.670786
57.053053
35.827512
33.577081
44.514518
2.160456
39.965124
2.556549
20.648622
15.806770
9.150333
26.020266
16.259377
6.461254
38.556539
3.716882
40.405153
18.946760
8.942478
14.970068
-1.566125
9.963541
1.654810
-9.833856
12.166618
-2.654458
12.369116
16.476414
-7.501761
21.348530
-6.696975
-0.258412
-4.139851
-16.560609
-2.906057
-5.381410
-21.102197
4.756933
-26.205571
15.172309
-7.636945
-0.651480
-3.567546
-17.809446
-14.574357
-0.632062
-28.725066
6.412018
-22.917321
8.710548
7.504164
8.465362
17.530259
2.321433
-13.847729
5.183045
-20.820704
10.701813
-13.834115
-4.289375
7.270270
-1.351930
3.489452
8.501738
-0.194488
18.217708
2.423330
15.562692
15.527410
0.090038
20.587541
0.230984
10.942971
9.236537
8.519325
18.801259
18.179935
11.514749
25.728199
-3.888548
24.053688
9.295807
28.359824
23.193029
19.107488
23.257678
37.822178
23.725385
53.055641
28.350595
61.958044
49.796375
54.276754
58.460469
58.501012
48.216825
64.681141
40.794544
62.769641
43.244572
58.100603
56.099998
61.585687
65.351490
66.821019
61.297705
77.855033
66.334469
76.893177
77.837408
62.278798
76.272367
63.517026
72.852608
66.916149
63.487887
66.966505
69.604368
56.412542
66.471112
41.928080
59.468038
41.818588
48.444687
42.906374
34.036531
27.222599
39.529521
18.960895
47.835237
10.719316
38.448020
26.361521
27.869260
31.155105
22.969756
10.501871
33.360893
-1.339897
28.255023
10.287925
19.070562
25.655711
8.123053
14.011566
20.314183
3.331687
29.231914
8.074441
25.098298
29.325870
13.526389
34.080723
15.440811
15.740160
30.612244
10.191809
22.701615
23.799250
8.709832
31.329246
0.302121
25.443891
7.717795
1.322894
19.896001
17.203559
24.218526
43.023575
16.916653
56.425089
28.834518
56.514345
54.132326
46.552947
55.105805
52.170215
38.477362
71.049591
28.847659
61.366472
41.723242
52.537988
60.883337
35.625312
40.160932
41.700434
16.719296
54.332226
31.024884
45.192238
40.809250
22.556358
43.872384
22.684742
34.332732
33.915109
-0.655965
24.490123
5.182210
-7.253419
21.203791
-8.205950
15.800978
-3.054025
-3.319893
6.129559
-10.608557
-5.398449
2.521243
-25.269632
7.226551
-30.075996
-7.180666
-17.661604
-26.032629
-10.060192
-12.970542
-23.941313
2.205362
-36.274251
-1.623953
-32.625702
-20.987941
-18.911031
-32.779041
-14.859293
-11.098520
-28.857260
-0.052539
-32.575825
-16.648766
-23.507451
-36.091731
-22.177335
-40.242915
-32.035917
-28.878940
-46.042262
-27.508930
-38.351864
-37.596888
-28.517014
-53.395192
-24.443356
-42.584461
-34.967259
-22.264602
-32.952075
-30.260553
-29.411698
-42.264229
-7.727895
-34.705128
1.432524
-4.298195
4.831286
12.550048
11.493290
7.170439
31.688594
2.308426
36.354020
4.167905
16.215346
10.985729
2.494747
4.870792
2.237377
-11.498786
12.519534
-18.638777
2.488222
-6.624555
-14.983531
-1.661799
-8.723712
1.825788
5.056925
-17.542572
2.210655
-20.140081
-21.866025
-10.259262
-43.821669
-25.898852
-44.283001
-50.337578
-39.524799
-53.339738
-47.177529
-38.109613
-60.761754
-38.915499
-72.203198
-42.035976
-54.285786
-54.983667
-44.094520
-54.647593
-50.336387
-24.247325
-54.626580
-15.652328
-38.370576
-34.197632
-39.686345
-40.654335
-40.407100
-5.616010
-48.631925
-27.022132
-57.730205
-38.301609
-36.885151
-27.682204
-12.824888
-47.750706
-48.923335
-24.068355
-27.033353
-33.926978
-51.755647
-36.138841
-7.518620
-70.977757
-6.717363
-43.355447
-44.813471
-16.005174
-43.674478
-50.278892
-72.287025
-81.205776
-28.467233
-48.615302
-42.892069
-84.461459
-37.847455
-68.861804
-42.492120
-47.891161
-57.542865
-71.774929
-52.981449
-51.933247
-65.770997
-19.177458
-41.765162
-8.292784
2.867240
-55.706631
6.808687
9.867583
6.240761
18.487229
-11.510153
37.731203
15.479651
-4.167715
23.089358
7.349271
7.972781
-9.000148
9.558284
-6.890157
-21.689737
-21.075458
-71.136123
-13.042326
0.939611
-84.660246
10.608634
-62.295566
12.653849
-21.449708
-116.457709
17.441629
-35.761479
-75.927662
-27.664678
-26.598097
-103.805773
-33.096563
-127.869493
-41.239534
-78.593840
-118.182083
-84.336459
-96.435737
-157.659207
-94.329836
-162.044500
-117.890349
-140.635663
-121.338114
-153.888304
-141.838280
-101.956615
-157.846369
-128.540158
-91.443352
-102.183713
-89.524854
-49.513960
-110.897354
-90.910335
-37.017768
-101.559003
-92.841253
-57.791054
-91.490678
-44.797739
-105.677132
-73.875297
-74.770939
-78.865261
-99.116217
-76.424931
-84.428988
-86.042093
-77.325360
-89.931739
-126.977342
-56.563640
-138.603731
-47.772778
-52.153261
-123.875473
-100.816543
-63.770943
-95.653804
-60.571063
-111.936911
-49.128658
-101.755110
-57.090439
-109.618106
-84.944780
-83.592635
-62.250412
-65.815709
-75.106410
-122.040907
-48.006616
-13.076053
-85.905437
-42.401004
-97.927205
-40.367944
-82.698475
-33.973319
-50.006253
-39.885553
-16.024771
-42.364919
-23.770436
-10.651564
-88.777189
-25.156597
-16.651855
-31.941845
-38.461018
-11.238437
-28.007036
-18.115864
-45.902690
27.194513
15.225190
-17.360800
8.611238
-16.730656
-41.887934
-85.132760
-56.210411
-41.726761
-70.433166
-65.132245
-86.734469
-80.440577
-38.627965
-56.185201
-25.009404
-65.651585
-43.352557
33.306829
-37.951881
32.596181
-37.224081
-0.736422
-31.643359
7.697449
32.262416
9.925401
-24.204275
41.662617
34.253279
3.823770
41.860642
24.224822
-11.489409
26.099494
10.027063
22.463589
6.266973
9.367233
-8.474529
-42.817738
-6.568680
-31.325890
-40.233924
-5.668334
-35.946568
-29.167483
47.603034
-47.392413
20.690089
-10.507164
-1.335948
5.321644
-28.192652
50.881754
-1.424972
1.083289
16.309646
-46.471359
21.914468
-45.461037
-8.698709
-2.763977
19.110744
16.016497
-28.628860
-26.799882
1.916941
-2.224378
36.392044
-4.668548
-12.288158
29.303181
-46.754614
9.810591
-27.028308
-29.939177
-16.968541
-55.797088
-49.771348
-40.090582
-38.758031
-20.046144
-43.272249
-60.608804
-60.530546
-9.327944
-45.682039
14.701682
0.117399
-16.297389
-50.461593
6.915184
-22.092652
3.684680
-26.097260
23.207181
-22.937084
5.313846
27.912401
26.997805
-6.807839
14.872201
-7.110713
-17.649980
16.716873
-34.279620
-16.039726
-3.666851
-81.826751
-30.252988
-56.457864
-72.088173
-58.424194
-90.536072
-63.075477
-63.506353
-73.625817
-66.966724
-88.364375
-48.263742
-52.366940
-51.369535
-61.671514
-66.426295
-14.767011
-72.992079
-58.914611
-55.901129
-22.220895
-58.919713
-15.250618
-85.767753
-51.202542
-64.943239
-67.582960
-77.939596
-77.241167
-65.600676
-96.010125
-120.655436
-54.288200
-140.470123
-61.197617
-94.402765
-86.049210
-104.421162
-78.514686
-118.408370
-75.366830
-120.109745
-90.121029
-98.030709
-112.519554
-69.319362
-117.043263
-75.969456
-73.792661
-83.744632
-70.266460
-90.049147
-110.808274
-51.959994
-105.431083
-51.951658
-93.107449
-74.452875
-66.472011
-100.946651
-61.370193
-101.474005
-107.543801
-48.416021
-136.667036
-55.746717
-75.739281
-107.067311
-57.905414
-94.766976
-78.297281
-72.779089
-118.542026
-33.944682
-127.955175
-83.497578
-79.495157
-100.793391
-100.448580
-94.401351
-108.164274
-80.448944
-101.802341
-83.935061
-92.429314
-118.020980
-76.927421
-95.453826
-62.697901
-73.548311
-87.003068
-53.396107
-79.395282
-71.725834
-28.863516
-82.262379
-59.267741
-83.379596
-58.151080
-49.416672
-71.283058
-53.209339
-41.018631
-45.000777
-12.445765
-51.111200
-21.390496
-35.464637
-35.061203
-20.557417
-29.934552
-22.470895
3.362700
-30.843187
-7.629425
-48.504055
-35.495530
-34.409202
-34.050676
-27.285477
-22.871409
-25.268411
1.057784
-33.443356
-17.538016
-34.469997
-36.204925
-29.268524
-49.428669
-35.986119
-37.685349
-50.126127
-32.690241
-56.158322
-50.454985
-51.409530
-71.845449
-40.472587
-54.324227
-41.283178
-37.570104
-44.034382
-35.897205
-34.696888
-52.090299
-22.425097
-55.014329
-16.099964
-32.958646
-14.244763
-13.079753
-11.686685
-11.395362
2.042173
-19.221133
8.934950
-29.502087
-9.471042
-20.018393
-19.491028
-13.824969
-12.649327
-25.492993
0.474813
-20.426444
7.073627
-2.572466
-0.988030
7.644758
-1.694270
3.134859
6.962884
0.544455
5.849698
-10.352143
2.550746
6.900088
-8.318629
-5.317769
-23.909761
-6.452894
-20.086300
-24.150533
-25.463645
-25.714775
-34.782813
-14.569001
-35.121978
-3.452958
-23.883307
-6.584030
-10.966690
-12.515809
-20.877957
-4.792810
-27.634104
-7.663087
-37.213697
-12.977858
-24.857535
-15.755385
-15.676321
-10.553594
-19.250873
-4.860101
-23.311465
8.035539
-0.386820
11.585396
14.374482
4.973341
14.618732
21.956725
15.875304
28.605541
3.800687
8.551380
9.903807
3.026069
28.253762
11.950952
16.112746
21.760530
9.459574
15.302957
9.616508
-13.832906
7.274958
-23.282713
6.046475
-6.190688
-2.201400
-4.407213
-10.272880
-12.114981
4.073514
-28.100744
-1.117311
-34.802509
-23.505211
-30.988199
-40.775788
-43.774907
-45.035575
-63.197605
-39.096050
-80.581503
-55.526182
-79.398097
-75.985758
-68.976037
-85.821381
-75.873920
-67.886636
-96.787612
-77.671306
-109.492364
-95.803700
-90.504867
-112.223198
-88.926930
-109.451850
-116.474576
-106.473883
-120.618368
-98.616143
-98.340194
-109.387324
-81.678488
-122.574472
-94.038144
-110.231332
-108.658808
-97.994405
-112.045693
-107.732061
-83.353748
-110.862152
-71.422074
-110.234964
-90.692594
-96.433507
-107.499579
-101.348820
-110.601434
-127.368488
-103.127330
-137.912602
-99.953292
-117.998543
-105.175649
-81.889530
-87.845281
-83.755502
-76.370926
-96.740243
-57.603362
-79.656590
-67.986370
-59.127669
-72.526775
-46.086083
-63.815940
-48.810213
-23.082464
-29.609347
-8.827591
-22.109048
-39.641311
-10.230961
-34.813880
1.890977
-14.681967
-16.757837
-4.806259
-16.195992
-18.454217
-15.177659
-41.868616
-0.158153
-34.301318
-2.840636
-5.898009
-14.859647
-9.173044
-20.628020
-41.722365
-17.624204
-55.691096
-17.049350
-38.771822
-31.009461
-25.076170
-32.891105
-17.290396
-3.759447
-18.187611
16.858853
-10.638409
5.152179
1.464981
-5.952092
12.102693
-5.128404
-0.046994
-0.383109
-13.255124
10.519549
3.625473
11.246185
31.918853
9.650105
33.265621
13.619456
16.260975
23.900436
11.096217
15.575210
18.617100
-9.450548
23.921950
-10.207962
8.762999
-12.933549
-7.555581
-0.199012
-4.567112
-7.931022
15.316928
-10.851757
25.013701
0.755733
11.649747
6.862176
-7.458056
-9.672794
-5.590032
-18.505413
6.377721
-23.200715
0.584441
-11.115481
-22.602413
-7.421377
-23.202085
-21.736966
-16.835167
-31.880327
-10.780421
-24.542594
-17.850313
-2.655809
-31.246765
-3.418622
-15.348051
-15.643209
-9.533556
-21.962774
-9.310872
-0.167343
-22.035077
17.581273
-13.245137
17.299864
13.176691
18.105133
33.031156
30.939023
22.804504
40.822684
-1.913784
30.116687
7.279342
23.974827
32.303119
14.459368
16.301123
25.708668
0.198089
28.524889
-7.310271
8.261570
2.793826
-8.662220
-0.177932
-15.600364
-12.718771
0.926893
-26.244237
-7.144519
-20.782179
-29.835164
-11.445110
-44.434205
-22.477503
-38.303436
-43.494076
-36.405328
-57.439144
-49.637769
-44.009864
-63.944791
-21.362611
-51.616634
-27.955497
-29.926075
-36.960528
-23.601716
-25.327771
-35.898884
-6.470887
-33.260437
4.800723
-21.027230
-7.232785
-0.987864
-10.760680
-7.378431
-3.384119
-25.549096
7.816571
-25.016226
4.553010
-5.658944
-9.370007
13.632110
11.243718
16.567749
29.524467
12.564315
39.305614
23.994912
25.643481
46.537215
24.192384
39.515318
23.826986
17.715239
21.475288
8.482621
16.398841
14.587755
-7.563556
17.837839
-13.757022
7.397632
8.164148
12.733757
14.173310
0.492792
-17.453967
3.721590
-23.917588
8.678987
-20.414231
-14.337188
-22.916058
-30.426679
-29.919393
-23.034337
-44.419602
-17.707648
-47.008638
-24.821190
-40.751678
-35.767158
-32.978762
-38.210341
-31.391842
-21.993677
-38.959715
-19.609024
-39.472912
-35.262088
-33.668295
-52.269861
-45.439086
-62.714320
-65.570224
-56.062029
-61.346939
-59.525510
-60.593657
-81.682000
-60.060600
-71.298942
-47.980094
-61.418451
-53.235603
-52.818755
-53.231562
-59.665526
-40.663670
-63.496568
-33.249550
-50.917632
-27.639557
-32.958107
-22.061490
-22.321878
-16.051323
-25.348613
4.178366
-17.395886
2.759115
-10.187910
1.141093
12.813133
10.051631
10.049530
18.524827
0.528591
23.255150
4.088995
8.839614
13.936422
3.746873
20.016284
7.306948
-0.831103
6.285074
-9.851054
-0.820782
0.903200
-14.079912
8.464661
-10.360338
9.077034
10.488359
12.184108
16.829316
7.445875
-3.369094
20.787709
-6.058661
29.169373
4.405927
17.270077
18.628087
12.179215
14.064516
20.815378
-3.133981
37.818917
11.436027
44.207812
33.027854
30.733415
41.290646
24.629440
17.397533
38.272383
8.565525
36.799656
18.806513
22.061525
40.484018
22.224024
43.253173
46.881363
41.131822
64.434393
45.706022
57.058283
55.136060
40.751347
80.933134
61.381974
74.382395
66.814455
59.830180
80.217219
70.657785
65.954897
95.550261
64.309929
97.728348
76.039990
89.421337
88.856473
68.160796
66.444646
74.649167
49.014296
88.956981
44.206469
73.197046
63.523014
61.096512
83.138503
73.901771
77.756319
101.544209
69.220986
106.038718
82.329541
98.440075
113.149476
87.126666
102.745893
93.276718
90.900234
115.966857
96.482914
111.630214
105.343874
89.268452
108.746357
77.353425
97.099236
94.864771
81.547254
103.146658
92.669414
89.326789
109.408807
78.554054
117.306458
84.729103
96.820184
87.374179
68.924777
70.906446
79.525583
61.703557
100.767060
54.856916
87.542416
69.726464
69.718840
78.555148
60.419938
55.964019
64.479985
37.347100
66.265318
31.131820
40.616533
33.791780
17.505218
35.961640
32.839546
33.244099
48.336793
20.624544
33.826435
22.096967
17.267437
41.907717
21.164166
43.761597
45.754207
34.095475
45.362531
38.686544
45.242433
61.643992
33.442062
60.574394
27.276304
41.313278
36.542281
32.192338
46.215060
47.526904
29.067830
53.815090
14.617031
45.635329
28.470124
39.835150
43.039325
40.655110
51.996768
61.383398
35.586772
73.813642
55.250428
74.873978
61.365980
46.958996
58.211858
51.732650
47.925163
71.924848
56.007634
71.626242
56.615445
55.727581
76.150748
57.095861
82.191332
84.909758
82.564170
99.511615
85.743663
85.873475
92.585744
63.379761
93.158817
65.568551
73.432703
69.805693
60.339955
65.293715
70.279283
49.656083
77.956964
44.978664
80.787830
63.915947
70.756330
76.589090
62.493857
53.298669
57.032203
24.836333
61.426413
24.322623
35.635046
35.056448
22.548241
30.478520
28.447759
21.277076
45.458074
14.310187
40.493258
30.784728
14.595231
31.401364
7.685246
28.487297
20.552795
3.969182
29.315568
12.921372
21.531262
33.844484
2.403202
32.276139
0.232874
6.150040
4.733546
-13.311229
0.588133
1.783301
-21.465004
16.023183
-16.399298
15.057041
-9.305869
-8.156125
-3.136343
-9.907387
-9.046866
11.493905
-16.456584
31.875181
1.154186
26.189480
34.528926
20.917938
38.601202
37.066791
37.579163
66.696366
41.605879
70.494177
56.851417
57.138463
78.349338
52.057483
61.640689
59.621152
50.927580
68.021708
43.622569
46.010073
53.989327
28.152097
58.978624
28.854443
37.657662
38.261158
24.219083
29.312323
22.525686
1.267170
31.389071
0.286372
41.606212
23.443029
29.586805
39.045293
30.871137
19.447422
42.373976
11.359770
50.481224
28.754121
54.901975
50.870410
46.332636
59.460230
64.389607
66.069802
91.431909
56.619364
79.068377
59.232906
64.704176
73.358182
51.806874
56.804226
60.366895
55.184642
69.301148
54.376566
56.971246
63.345599
42.165851
64.729683
46.008099
57.352958
59.201020
50.078310
54.262976
61.714900
50.866266
73.734814
47.565388
80.462751
60.792739
66.655866
60.791555
57.366319
48.740793
66.862530
39.987768
67.333508
37.861672
56.726572
43.668877
49.659352
52.745617
52.809673
49.606692
64.922984
52.136453
69.845391
57.892555
62.504692
54.287569
51.586109
65.280256
64.037390
56.546180
63.704389
44.632156
49.642251
54.852594
47.806788
63.437532
49.293938
53.563684
54.378593
58.607782
54.334388
53.803877
42.284700
55.709681
31.595386
59.905988
45.144112
56.421540
47.890407
46.934595
39.715252
48.388863
23.001640
37.091157
4.383123
27.475894
16.163254
27.592943
22.049932
29.249597
22.437836
45.865780
26.997476
49.567150
34.444692
38.389350
37.001848
29.379687
30.738010
40.249151
43.774991
66.749870
54.483259
63.267710
60.167376
48.510589
66.560089
46.652731
49.716008
48.571107
41.628097
60.456353
66.100755
53.986292
77.247324
50.172215
74.961270
60.267166
60.712667
55.553142
39.055732
27.704786
40.123095
21.570092
61.922549
38.630107
62.263407
52.205234
46.865095
50.903703
50.186709
33.712706
60.894538
21.111460
54.775093
41.207534
43.283531
57.092575
34.145366
32.786031
36.337786
23.768281
48.193087
16.278218
21.040724
21.417731
1.244115
18.703660
-12.500211
-11.977913
-5.659349
-32.534576
-11.572555
-16.975004
-35.777154
-10.929232
-45.656190
-15.697314
-37.924602
-30.921154
-26.821511
-52.621340
-50.220535
-33.244307
-69.214789
-34.936734
-77.316545
-65.424518
-63.326507
-69.988244
-63.961777
-62.061271
-71.627240
-32.165954
-65.562715
-27.937265
-47.319716
-40.339521
-22.942141
-33.657655
-23.110856
-19.573835
-35.671738
10.097163
-12.930121
4.530725
9.118954
-3.287270
27.970517
7.218680
17.693653
25.061452
2.187098
28.380378
11.962780
-0.734891
15.014484
-28.673001
3.040744
-21.028613
-34.824234
-26.158597
-34.889465
-32.041886
-19.117798
-48.135168
-5.615257
-33.959752
-3.667939
-16.855741
-30.500277
-18.328617
-26.758949
-45.003690
-19.213096
-57.092101
-18.699525
-49.153890
-42.731585
-30.697296
-44.161234
-37.032561
-25.659213
-43.380204
-10.967010
-44.912862
-23.425507
-25.924630
-41.466060
-16.804352
-38.486846
-26.067127
-19.024267
-41.362697
-14.268510
-28.187429
-37.106629
-12.310676
-41.343219
-13.643803
-30.489363
-32.400803
-35.268652
-52.075484
-42.250764
-30.207359
-56.121127
-28.788193
-74.567101
-53.400978
-60.084260
-64.033328
-47.887319
-50.643186
-67.535529
-44.579587
-79.883722
-42.879328
-72.530923
-57.885829
-59.909098
-68.422407
-63.015127
-73.211972
-87.172012
-53.193243
-84.159908
-55.510383
-59.584819
-63.731517
-43.528519
-64.384137
-55.116875
-50.241955
-65.994272
-42.227422
-54.097320
-48.793810
-38.933987
-62.163557
-35.425500
-54.479267
-44.731660
-36.257006
-48.323434
-46.855368
-41.351347
-56.962063
-23.384476
-55.598428
-30.309787
-43.225027
-36.580614
-34.964426
-46.490669
-58.941404
-41.384199
-75.617709
-39.243896
-61.675832
-45.994033
-48.762081
-56.707315
-47.066289
-44.309799
-65.707272
-45.045067
-77.157775
-55.994764
-75.333312
-72.823902
-59.201045
-71.918789
-60.966959
-57.449665
-73.502874
-50.917465
-62.084578
-54.318101
-44.851492
-62.046910
-39.565156
-55.130052
-49.638229
-42.552531
-57.307354
-44.590924
-35.258321
-51.360824
-14.746865
-46.060953
-16.368989
-37.219623
-38.049693
-32.756138
-29.655428
-37.281474
-19.105300
-43.292264
4.513348
-22.275220
-8.851410
-9.993940
-11.979352
-3.863733
2.584379
-9.233947
29.419666
0.893560
33.260350
32.589052
35.087706
52.623290
39.417959
45.894489
55.490756
38.351911
65.479367
36.987176
35.931404
51.715680
35.022387
62.999414
47.558725
44.966833
53.313045
33.312088
50.623765
59.573938
44.162318
82.280360
47.463788
70.614598
63.526440
66.392318
90.663099
78.691729
70.855440
92.844313
53.999689
91.271300
54.330622
61.095577
58.736238
45.143108
49.819705
45.302010
23.940783
66.958641
29.213993
58.524043
50.799452
45.815889
60.364248
51.801776
62.101063
72.972822
44.945287
76.916336
54.917036
69.607178
77.133047
60.706006
93.929651
78.672861
73.311350
79.903749
57.150109
67.321096
62.800180
38.778210
61.188462
21.819355
45.703206
30.037284
28.829312
39.659092
22.336384
11.764472
27.007728
-15.658668
23.812379
-2.657006
12.166611
8.039797
-2.212855
1.511206
6.101429
-14.432797
14.886716
-21.165618
11.185039
-1.848938
-6.537187
5.209356
-1.151120
6.165559
17.787397
-5.997192
19.618480
0.805680
9.841918
16.913457
1.630566
25.478520
15.088526
17.093802
24.541096
6.121070
24.564015
15.188034
-11.786298
9.254940
-16.000947
4.645011
-2.744256
1.829321
16.562357
22.232819
28.428057
53.880551
37.021959
79.138376
49.770493
65.785953
60.010519
52.685808
47.432814
59.117066
45.126993
73.633834
38.458504
63.826650
47.336092
53.262008
56.014634
48.075021
48.632651
56.896314
34.549489
61.069704
38.780449
57.074734
51.820236
42.669559
57.114278
42.494813
45.602468
45.664699
28.798884
40.016612
28.261247
13.526342
35.184674
13.552100
31.274398
12.243435
10.852149
14.846420
11.139021
8.567229
19.815377
-3.961450
19.550420
-1.973646
20.046915
10.676589
3.289719
-0.210490
2.954908
-16.588576
6.910934
-17.210392
-1.013867
-22.421019
-12.084349
-15.287895
-21.970188
-25.017968
-19.473955
-35.512727
-11.883292
-30.816380
-16.052921
-27.676076
-32.229279
-22.306651
-31.710617
-38.764377
-32.447612
-35.469689
-16.903198
-18.638956
-12.591064
6.628939
-9.096840
7.257016
-6.269742
-6.141153
-14.626018
-16.519551
-21.275681
-18.289812
-42.834667
-21.777347
-44.585483
-21.838681
-29.807407
-29.591606
-31.766129
-30.456931
-47.363911
-25.891114
-60.841117
-37.639866
-59.977847
-58.863358
-61.532122
-61.195529
-65.105890
-55.289335
-74.978812
-44.168909
-67.617060
-58.251492
-76.695740
-86.936590
-72.511297
-74.152736
-81.630675
-71.036923
-92.354801
-77.101518
-84.227887
-90.002635
-70.693566
-90.719061
-67.047081
-69.740820
-77.790503
-66.989681
-77.563990
-78.520489
-59.736635
-98.001676
-71.728498
-93.842109
-78.881248
-81.678832
-93.725068
-93.230898
-92.851045
-113.623365
-78.148452
-110.804433
-84.377925
-104.053964
-101.920073
-100.291960
-111.741131
-110.712209
-94.463911
-122.752842
-99.006325
-130.494994
-107.642853
-104.544126
-110.508904
-98.398200
-104.286476
-112.928756
-92.858382
-119.952846
-91.838648
-96.427812
-99.309907
-79.624864
-114.695276
-101.900750
-112.536239
-124.000236
-107.449842
-130.340727
-129.075451
-109.531327
-135.519977
-97.949849
-128.290222
-112.231625
-110.903541
-119.897780
-102.953974
-91.511919
-99.086814
-63.821621
-100.350773
-58.850350
-79.802696
-73.745716
-55.381967
-55.944847
-45.726075
-19.350898
-41.531466
-4.188638
-43.276423
-27.156122
-35.303999
-40.910810
-16.427434
-24.476572
-29.580027
-5.224429
-41.366515
-23.315422
-49.373504
-62.859949
-46.330094
-75.535829
-62.384178
-71.585023
-86.861303
-67.538639
-94.351017
-95.763617
-94.809621
-124.866352
-80.548787
-100.143676
-79.866916
-78.522352
-89.173906
-81.338321
-87.976344
-101.752302
-78.308861
-122.642449
-84.004201
-113.072111
-106.451159
-98.424194
-116.056445
-117.099140
-103.568869
-131.655342
-90.136475
-130.201940
-109.138857
-115.822750
-123.956865
-106.722661
-115.445435
-113.168164
-90.790865
-123.277374
-94.452879
-113.322818
-99.878148
-83.984667
-104.249079
-81.993185
-89.928552
-103.369423
-83.854199
-112.305957
-114.865062
-114.720438
-141.374621
-110.032840
-141.529271
-123.271042
-122.897818
-135.048302
-124.722024
-134.860690
-149.904745
-125.902980
-164.357361
-123.657635
-149.374323
-140.777831
-134.434747
-139.710297
-128.929984
-118.939699
-140.333359
-106.493619
-145.537841
-120.383929
-133.175351
-134.578735
-124.803526
-139.708932
-150.626540
-137.444366
-154.990242
-119.787926
-143.611719
-139.981712
-131.587194
-148.532215
-135.520823
-157.162307
-168.213004
-151.277169
-173.427364
-152.051788
-148.893731
-162.193109
-139.652406
-165.197672
-151.039902
-161.761483
-165.642684
-154.033715
-151.393788
-154.666562
-143.786647
-174.028532
-141.184809
-166.582396
-151.628173
-150.028642
-150.977729
-140.321946
-124.796930
-142.659073
-112.932107
-144.691737
-113.355724
-131.200396
-126.501383
-121.934166
-126.324326
-120.602005
-110.311454
-142.327937
-113.834685
-137.307931
-119.717345
-119.965739
-131.999209
-118.504769
-136.521543
-146.468162
-131.113958
-149.215264
-142.297391
-154.823953
-169.351691
-153.241240
-178.798755
-162.643510
-166.589586
-176.221512
-164.218609
-173.563902
-184.525690
-166.545337
-201.151024
-172.636494
-196.952274
-187.855381
-183.923149
-191.209110
-185.467528
-175.019536
-200.681918
-168.559911
-209.942717
-183.194549
-195.202674
-201.601217
-197.681261
-203.574942
-208.530654
-187.011684
-215.341993
-178.321505
-204.135836
-200.918410
-204.703808
-222.109871
-205.673630
-217.555407
-223.600257
-196.492329
-225.706278
-208.289018
-211.787957
-228.032528
-201.569939
-223.225415
-209.068493
-206.148246
-215.314414
-191.941891
-194.221037
-200.048929
-181.238434
-207.561940
-165.638915
-189.704664
-176.413306
-175.363583
-185.973297
-168.782440
-159.923215
-186.920960
-147.823936
-187.052795
-155.055916
-168.899387
-171.644161
-159.893172
-180.212211
-189.665471
-175.764872
-212.970668
-180.875873
-210.864476
-196.682675
-190.281125
-204.043114
-188.770814
-185.867760
-195.649939
-173.069828
-207.730716
-190.929099
-197.210059
-211.518798
-188.214676
-216.471209
-209.738157
-209.794620
-225.357384
-205.068506
-216.239447
-219.220471
-198.193107
-228.991208
-193.514657
-223.618793
-216.035737
-212.524803
-231.822371
-227.566159
-219.725943
-243.044578
-209.389686
-250.635643
-222.028127
-243.238694
-246.739196
-231.115646
-235.684890
-245.262126
-231.445116
-268.831435
-233.234686
-259.639356
-243.214715
-241.841094
-254.715590
-240.536807
-245.153303
-246.508400
-214.466906
-237.353108
-213.053652
-220.434419
-225.062714
-201.039410
-220.271492
-201.473875
-198.915279
-211.226956
-192.262711
-211.112948
-211.003227
-186.063110
-205.452460
-173.500946
-193.426610
-181.649217
-182.853411
-187.725636
-172.316690
-164.655552
-179.082213
-144.695310
-176.817382
-150.197860
-166.569580
-166.239106
-164.926427
-176.361051
-187.194736
-164.344835
-182.075327
-134.367654
-154.360256
-140.010777
-134.804201
-141.444973
-125.977912
-121.078099
-134.148675
-115.433148
-144.550242
-125.755624
-143.329646
-146.685232
-141.179943
-168.099485
-163.144724
-156.843832
-163.344181
-152.392486
-169.307148
-170.802412
-167.871066
-190.108141
-164.926159
-184.878535
-172.761362
-177.757048
-185.450924
-177.530070
-176.922815
-196.677962
-176.543831
-197.165934
-161.286593
-179.846108
-167.555704
-165.772819
-167.233499
-174.249682
-155.302861
-173.786014
-146.144997
-174.720520
-163.449994
-171.591762
-171.836344
-168.951864
-167.618540
-176.804100
-163.416391
-182.456278
-155.825531
-161.625567
-153.571648
-149.401623
-159.437339
-150.392743
-151.559633
-157.999119
-147.662299
-159.802220
-149.990423
-138.455038
-148.558932
-136.796455
-153.957805
-138.963879
-140.681138
-138.728137
-136.010171
-125.340112
-135.351062
-121.386864
-141.056652
-115.353285
-132.196462
-126.978880
-142.912425
-144.181752
-150.167267
-134.551392
-149.488653
-118.328145
-148.779413
-125.277854
-132.446669
-126.180150
-113.343376
-102.957548
-116.101617
-95.903753
-114.576229
-97.194586
-114.637791
-101.426792
-92.665537
-108.352400
-105.583204
-102.615232
-113.712118
-90.510717
-102.761829
-88.934563
-84.814409
-102.761511
-87.540769
-110.466063
-108.064582
-111.194794
-117.782880
-111.644807
-114.789439
-127.447019
-102.339557
-130.866634
-112.357363
-126.828109
-122.299280
-121.401897
-116.176469
-118.483203
-106.650938
-132.897410
-97.047722
-129.424968
-102.227487
-101.739816
-106.151742
-98.898369
-96.047546
-111.591047
-91.462199
-131.557476
-110.075147
-132.060631
-129.054113
-122.213677
-134.693993
-129.835554
-127.834695
-142.834139
-119.866507
-151.011627
-141.770612
-135.703949
-164.977231
-151.995198
-170.592948
-160.273347
-146.061359
-161.696342
-146.586696
-147.262418
-162.317380
-133.836222
-162.561076
-130.453969
-138.870134
-132.026769
-118.990694
-124.849213
-123.566957
-104.639336
-129.991855
-77.783526
-102.514232
-79.774887
-73.629933
-77.768303
-57.994152
-58.676489
-70.563074
-29.464945
-61.153238
-28.599471
-48.110154
-45.543533
-35.873324
-49.210437
-40.038265
-36.837012
-54.330143
-23.259745
-55.343710
-41.750233
-34.351285
-50.568415
-27.137495
-53.341870
-45.580685
-37.015939
-58.901891
-38.606796
-44.747266
-60.514562
-31.467797
-68.939406
-46.365225
-64.149929
-65.236322
-50.508401
-59.741941
-53.931867
-36.495860
-71.500485
-33.134675
-68.835827
-58.334161
-65.767892
-76.305744
-67.295023
-70.931826
-90.475586
-65.959593
-110.703488
-77.884357
-99.685274
-89.228517
-75.017294
-90.607403
-85.081996
-82.205396
-108.596366
-68.480424
-97.562654
-90.854442
-88.689148
-96.179863
-60.405399
-77.390401
-62.914173
-43.906810
-59.090001
-33.330346
-43.441984
-54.342283
-36.443912
-72.444422
-48.686246
-74.573959
-77.093733
-73.659916
-85.133203
-73.461321
-58.445515
-78.381076
-32.484549
-72.793509
-48.201408
-53.694290
-67.604179
-59.928007
-68.718806
-81.962515
-54.248800
-89.547562
-55.331874
-86.566034
-85.163320
-78.680404
-95.913985
-77.774567
-76.150518
-100.361743
-76.887444
-109.385055
-85.567943
-84.946260
-88.770625
-57.210953
-76.884276
-76.944837
-73.610432
-90.583596
-70.573761
-85.310504
-87.665156
-70.674313
-98.090414
-64.848614
-85.485392
-78.524693
-64.368243
-77.718317
-64.391579
-58.952622
-87.740742
-55.447291
-91.353456
-68.477774
-88.603187
-92.064852
-84.881550
-85.511954
-85.865143
-63.301576
-95.717062
-64.520496
-96.799514
-85.626820
-88.648781
-100.107732
-94.436154
-97.591412
-116.830040
-86.959094
-122.046611
-99.652080
-111.380814
-116.821900
-114.733363
-129.611806
-119.432941
-114.975827
-136.685734
-121.907336
-144.381629
-147.538425
-137.811132
-153.388780
-125.569718
-146.045899
-131.521109
-124.161645
-137.585821
-126.879367
-121.561537
-150.768837
-128.097764
-166.082091
-134.461936
-143.570241
-144.252748
-144.540242
-146.694518
-143.700377
-119.354441
-143.804320
-110.016496
-135.415148
-119.242050
-125.507723
-131.657729
-124.075260
-119.764483
-130.874518
-96.598411
-124.157918
-93.992310
-104.056408
-108.636147
-90.016663
-103.870532
-93.992856
-81.086568
-99.741844
-71.520686
-80.375388
-67.062249
-58.464621
-77.690705
-49.532140
-68.371737
-70.260429
-62.064660
-78.757746
-72.224592
-62.293547
-85.174972
-53.856065
-85.204803
-56.186042
-70.177025
-83.776140
-74.846776
-85.460097
-95.922268
-72.740522
-103.201684
-64.603386
-94.837734
-83.031254
-75.098202
-78.133845
-66.064094
-58.376285
-77.728899
-34.703352
-63.265162
-33.872628
-44.928961
-54.049630
-33.808077
-44.910131
-49.198911
-32.138440
-46.480670
-9.782143
-20.791810
-20.547768
-16.978559
-39.976594
-13.639389
-30.115236
-33.380419
-24.118731
-45.556063
-31.434786
-32.444930
-57.182532
-23.018897
-60.241773
-36.877920
-47.436225
-61.199860
-52.586340
-67.705142
-72.703797
-41.857328
-71.739321
-32.870639
-69.017343
-44.437069
-36.886826
-51.190439
-48.769476
-48.377198
-68.986432
-33.068372
-63.396245
-36.356209
-50.773099
-50.164165
-38.045242
-48.355355
-40.240394
-30.051236
-58.696293
-37.986773
-57.474572
-50.885406
-44.223316
-68.339357
-48.269948
-61.547014
-60.213393
-44.289465
-68.204326
-53.717654
-44.652405
-59.965371
-37.601353
-78.929478
-50.421642
-55.710953
-54.580689
-54.485455
-64.983708
-75.725940
-55.001986
-85.717631
-49.279136
-83.297890
-72.024835
-76.122079
-98.592282
-91.442258
-83.761086
-104.855030
-78.394244
-116.631260
-83.665449
-98.618656
-97.691128
-88.714205
-95.714160
-91.670554
-78.694761
-91.863324
-59.821376
-81.853315
-65.697150
-52.541342
-61.750691
-39.577087
-43.721339
-48.431297
-32.693320
-49.015756
-36.644436
-38.326099
-48.183861
-23.768915
-45.744183
-22.372416
-36.095959
-31.613050
-27.671672
-23.270984
-22.509095
-4.221829
-27.049777
2.842539
-30.410532
-16.937918
-27.395678
-26.994839
-27.812172
-21.705811
-41.620379
-14.088417
-45.038276
-24.259935
-42.246642
-38.344014
-33.862528
-43.516180
-45.688541
-29.090450
-42.123618
-22.540018
-48.547379
-30.179020
-28.363654
-34.198077
-18.461754
-26.320531
-17.713284
-1.675083
-12.467811
-1.581633
-7.755586
-10.494012
0.064316
-21.718377
2.072874
-12.183550
-8.838058
-15.280138
-16.868047
-16.377555
4.503204
-17.488912
-0.776406
-19.075235
6.566744
3.240594
12.597893
11.153648
18.712243
7.822938
25.581826
1.126766
22.706330
4.173538
14.071319
2.894437
2.611791
-5.563096
-1.526167
-18.906080
0.913981
-15.704887
2.662117
-3.969221
-8.193160
0.709560
-8.042071
-4.599534
4.193864
-13.256860
-2.228519
-4.665781
-5.666004
5.863212
-11.230716
4.625250
-1.278622
-0.541076
5.114965
0.277671
3.373191
21.979100
-2.022126
24.192047
-0.652121
15.341406
5.446958
5.497042
-1.648279
-0.463381
-24.192769
-9.150627
-44.199823
-18.201661
-39.785185
-32.213734
-29.135544
-31.522534
-30.019703
-8.116241
-30.917417
1.272856
-26.522881
-1.726315
4.564560
-1.720017
15.441213
12.140902
4.345241
18.762696
-4.883755
18.190975
18.799685
10.343944
35.581589
19.278652
41.713236
42.727212
32.470796
45.162912
38.142984
37.409557
53.289926
27.607859
58.308272
32.930694
56.328855
59.356408
46.139650
57.235746
57.281620
36.385105
66.927625
23.161136
44.834266
18.812147
23.950268
32.538438
20.320090
21.719245
38.986257
2.278710
41.790275
2.435467
15.716708
16.449485
6.926421
25.492917
13.846039
3.258467
21.651852
-7.742254
22.735145
6.295963
-5.342810
18.339315
1.378175
32.506161
37.617889
32.314264
55.547340
38.974600
49.729803
66.899359
34.073901
68.246890
40.072753
59.499399
49.826806
35.717142
53.351222
46.392038
27.335302
61.488310
14.853394
52.492336
23.395171
28.357080
46.467983
43.331017
53.456976
78.052271
54.089083
91.905894
55.706799
78.352090
79.888784
73.300706
94.852438
90.482523
85.747997
107.991707
79.500544
115.570762
104.167743
102.671083
126.908537
101.725635
120.915771
116.511137
106.936198
115.598173
94.020822
95.328909
102.192398
70.595792
100.977622
74.036867
93.384981
88.532990
73.723934
89.063632
79.848849
60.728571
77.576033
31.338081
69.074014
43.570061
54.664141
66.108345
59.764280
67.895676
80.371709
45.756453
79.748988
38.322147
62.426773
53.338844
51.632663
64.305696
54.971123
56.568674
68.647374
33.881988
59.486469
37.543682
40.216371
51.246795
27.235298
40.352779
32.295572
28.211337
41.743461
22.752722
35.389029
38.307876
28.784777
52.085894
22.397106
36.515777
31.487931
33.035414
43.002454
43.052494
35.878948
58.686495
31.313684
62.094227
33.421697
36.290976
30.125423
20.175451
22.283849
26.352024
9.496678
44.221828
8.026904
31.335687
13.117033
18.325458
23.823906
15.289542
17.020307
30.348065
4.472146
36.786477
5.376684
11.656792
10.934994
-11.444422
8.227391
4.904895
-4.236659
7.675988
-8.750005
12.478019
11.073269
3.322561
32.492185
13.145170
33.188239
25.688468
26.022587
39.977871
40.685287
43.089868
71.729528
48.023414
88.037308
67.698628
86.529618
92.570765
88.111719
99.856313
110.577162
88.107875
120.859034
90.632356
114.637464
98.251543
102.972718
106.188721
94.933909
88.546795
106.472406
81.924617
116.845057
91.965270
96.491388
97.588301
70.446992
84.019187
74.177970
57.136555
75.612301
56.572048
72.854292
71.010959
46.179138
72.576380
35.127876
40.755266
37.960589
29.281264
49.123264
28.586923
20.082942
38.447972
3.929402
44.595955
20.562011
31.275123
30.249191
14.269971
22.840369
34.262140
5.367473
43.943355
5.494144
32.836591
20.641788
19.252407
29.405203
22.747496
19.505121
42.328960
9.348128
52.328278
26.882860
34.004145
43.064689
25.494983
46.104009
44.248310
35.443265
68.458620
37.406123
56.889863
50.986798
38.700098
68.492095
40.771603
51.863582
43.650517
29.591178
59.170120
51.418214
49.340387
77.595233
45.214816
77.536754
49.272523
56.004703
62.144213
42.232010
53.299001
71.371855
54.024760
91.225009
47.681569
79.471014
68.919946
57.538086
63.240613
58.856923
48.633008
61.827221
30.170834
72.010339
46.856105
59.953126
63.864320
46.506024
56.819500
47.884756
43.276025
69.405113
34.595928
55.822326
48.758052
33.364593
51.009810
28.534894
44.097007
40.800074
33.158949
48.336301
33.143598
28.736415
41.421160
15.772350
54.785321
35.598271
51.023405
55.390167
46.901000
49.789104
54.370193
33.534494
63.787569
32.483571
59.439599
39.040740
41.046558
43.610780
39.052398
33.808632
56.900923
34.657196
64.898006
38.010529
60.114586
62.857120
54.479045
61.928571
59.879012
56.914018
79.261578
59.761524
86.283328
84.807426
91.877345
110.007196
91.178391
102.859902
103.424061
98.221334
118.704701
113.930767
112.857032
120.485489
95.386824
116.438166
100.790046
108.433819
104.609373
99.009777
97.343492
99.255419
86.137409
114.292686
86.663585
113.862505
93.474332
102.550603
97.211506
100.083734
84.893814
89.523527
68.320831
92.343210
67.423514
84.846505
76.734668
93.805746
101.801107
107.438240
102.678807
111.379137
94.402301
107.097332
98.967497
101.854488
102.935991
93.400969
100.102793
98.181395
90.921632
92.716523
79.304724
84.828974
88.636602
74.300283
90.072690
67.661518
73.568133
61.189113
55.940503
53.885778
57.724282
43.266394
71.358375
54.829065
75.047496
47.955210
58.194283
61.321144
61.685803
60.860069
75.514714
47.834326
82.751505
64.537567
83.354383
81.145736
83.157744
93.538387
100.880115
76.913386
89.681551
57.874806
76.167561
60.048161
57.237305
76.075375
67.014894
67.497006
77.508287
60.952661
69.538240
42.307755
40.221839
53.716920
33.058797
58.686580
42.045798
48.707606
55.233624
46.609692
51.541375
53.817394
24.519451
35.521732
-8.249460
14.449706
-0.435415
-1.085636
0.690102
-4.682639
-6.152059
14.780449
-20.971180
18.350575
-14.585141
-9.587788
-8.964425
-19.364001
-4.685030
4.312457
-11.501167
19.227995
-11.484211
26.234916
12.421961
13.628614
31.508961
10.186893
10.148121
23.752457
1.090033
20.854852
-7.236477
-8.250337
5.493054
-17.086087
16.363177
-5.940542
-5.613849
8.635627
-11.611987
2.883386
0.463651
-24.872206
4.653572
-35.752652
-11.208725
-27.449337
-34.110790
-23.234153
-21.897484
-26.469061
-2.681258
-48.045114
-6.628192
-34.532417
-16.269439
-12.804138
-18.626301
-0.579581
6.235148
3.160805
49.793870
16.169399
58.515818
48.029370
53.527954
77.404721
59.440146
69.055115
77.595818
55.793880
80.597187
58.303040
69.437965
70.583260
52.276812
84.011798
62.764232
58.257895
69.764195
48.241823
61.305294
48.531959
29.130403
58.623362
26.886261
64.626986
50.683550
53.874269
63.488847
53.589120
46.915710
61.147386
29.224545
69.952062
31.501467
49.928574
49.705955
38.188551
45.389020
46.847144
33.170880
62.596693
28.779807
55.780849
36.993313
49.037948
54.985448
38.805657
50.002356
55.992310
32.265011
51.653862
20.587808
31.487201
27.931735
9.875539
28.513523
1.528046
-0.287787
-0.811418
-10.213517
8.212932
7.410560
-0.377559
18.720853
-15.197782
15.872094
4.629615
7.681090
13.066144
0.887391
4.784571
10.681714
-15.472115
15.769051
-25.601040
-9.448915
-28.218129
-23.231520
-19.048581
-21.531244
-23.074918
1.956241
-29.198542
-3.431961
-36.175828
-28.455848
-18.880028
-26.871153
-19.764701
-12.013413
-18.935797
17.927269
-5.461043
9.913288
10.784133
4.881978
34.173000
13.565469
14.207173
23.125317
2.520436
23.243399
12.900566
6.590473
24.145948
-14.913487
6.586312
-21.264091
-29.164459
-21.234831
-31.162969
-30.900706
-17.230905
-52.747474
-16.215267
-57.323108
-37.626824
-41.703894
-53.895580
-38.928144
-42.887570
-68.475966
-44.171803
-84.597184
-49.992195
-78.693139
-72.290926
-64.369988
-85.880011
-79.389576
-66.835569
-87.402907
-50.966446
-72.080572
-55.838316
-56.338385
-70.105680
-44.124180
-55.153273
-45.959625
-36.840487
-57.302042
-29.265202
-34.794661
-32.212405
-9.974304
-46.764322
-27.570679
-46.736505
-53.199430
-40.863150
-50.924813
-42.657871
-23.377645
-46.160320
-3.534993
-32.526078
-2.494589
-8.257934
-17.800236
-7.076325
-12.701750
-29.262173
-4.077708
-50.263870
-17.722890
-40.109164
-32.797596
-26.434978
-39.456252
-36.174376
-29.237987
-53.694022
-25.623635
-60.679704
-53.453759
-57.103061
-72.888532
-68.293034
-86.952766
-78.075787
-69.158423
-86.306724
-59.177777
-67.246823
-62.238367
-44.372033
-68.399559
-42.662449
-53.045063
-54.535665
-41.259149
-43.787872
-36.502490
-26.644528
-49.419638
-17.635959
-46.821690
-19.544138
-23.324433
-21.688539
-11.015593
-15.457202
-32.343098
-16.431144
-58.034610
-29.935569
-47.012650
-31.583083
-34.916134
-44.777224
-42.767633
-36.071993
-62.699107
-33.435349
-54.439053
-29.374315
-37.551314
-37.136093
-25.112760
-30.820506
-37.336543
-34.047138
-46.501693
-29.580918
-37.128633
-33.059655
-18.935927
-37.588159
-27.377056
-36.332340
-30.907589
-31.428626
-34.194963
-29.425302
-26.799394
-48.447448
-39.732456
-66.919299
-50.768553
-69.806047
-63.683133
-72.027378
-72.610232
-77.832580
-55.911818
-76.881102
-53.363547
-78.965967
-69.823566
-83.370450
-83.724602
-79.522731
-71.670094
-89.891665
-67.759428
-102.807857
-92.806186
-105.366326
-97.559391
-85.706240
-92.151880
-92.172170
-83.117610
-108.411748
-85.791605
-88.404829
-83.897612
-72.473916
-89.371383
-77.710702
-81.949680
-89.818755
-69.326885
-83.399707
-84.683378
-77.451206
-109.722316
-86.356424
-117.448635
-98.461849
-102.556388
-106.041194
-96.614792
-102.392763
-116.637100
-80.753126
-107.355278
-75.743265
-97.682868
-88.431285
-85.185587
-93.508879
-89.447097
-69.277177
-95.670094
-64.847803
-102.612151
-72.478908
-73.544995
-83.168332
-74.308924
-85.848723
-87.783783
-61.570710
-86.585797
-52.895477
-60.551718
-64.026512
-45.367589
-71.696050
-56.749329
-57.860710
-64.258466
-30.975494
-46.654810
-31.237603
-17.700987
-39.095592
-8.396151
-36.624494
-19.729909
-18.367960
-32.686872
-23.054112
-22.153843
-40.215474
-16.518147
-53.845809
-11.489754
-35.808217
-27.495579
-18.806634
-33.599170
-31.704678
-18.641119
-49.981988
-9.196836
-48.503496
-22.502579
-30.413974
-39.947522
-26.289861
-41.341501
-37.267143
-14.101733
-52.892993
-23.498165
-47.257646
-46.681352
-34.186091
-57.539499
-39.571887
-44.343852
-58.651553
-46.535007
-66.937335
-41.958950
-31.054524
-53.334980
-20.035012
-47.505450
-32.444582
-36.300746
-45.277282
-29.336049
-39.292068
-48.542002
-22.832684
-65.516069
-31.314298
-51.148945
-32.183494
-24.740804
-30.031692
-29.695915
-14.830151
-32.666557
-1.715471
-37.298430
-17.000053
-29.208876
-29.360593
-24.347499
-32.595182
-33.120135
-18.973239
-46.035514
-20.642280
-55.854604
-47.525529
-47.192894
-69.601276
-56.810633
-71.853826
-72.567260
-55.551969
-75.671419
-57.411196
-62.421495
-72.316209
-44.718169
-75.553262
-62.393119
-71.256003
-76.120914
-67.426562
-88.335813
-93.928231
-79.188261
-106.465375
-77.091287
-101.740121
-85.539787
-90.621916
-96.445637
-92.135122
-82.639669
-92.225320
-49.259644
-85.867681
-55.963083
-70.127622
-72.642399
-62.549411
-71.951058
-77.039347
-59.491579
-87.838858
-49.693760
-71.703289
-61.668078
-59.096565
-77.265352
-62.540331
-67.013204
-76.692141
-55.100472
-79.867404
-58.740740
-59.986257
-73.062417
-49.775724
-72.161261
-44.816933
-48.072522
-58.356357
-32.874207
-44.788437
-47.525777
-24.431373
-60.141328
-19.209585
-43.183100
-33.667190
-24.420930
-41.032120
-37.584903
-35.575474
-69.682371
-29.615247
-59.282563
-26.428639
-42.734935
-43.934934
-29.280055
-34.247892
-46.265793
-22.651896
-45.554179
-3.687284
-25.495914
-13.653114
-5.213759
-20.657353
3.899291
4.442971
-3.878408
24.413076
-2.183614
9.506246
5.099398
1.725168
35.362875
12.687550
26.454376
25.131296
8.381936
23.359288
7.830654
-0.752105
20.285353
-8.737857
22.244815
-1.767594
3.275415
13.537706
1.361475
2.938153
7.045966
-17.730830
23.534754
-12.769146
8.911931
-6.292937
-14.686157
-19.686972
-29.442175
-40.151855
-26.756811
-54.109519
-23.363636
-49.782184
-43.050886
-52.663727
-62.916786
-61.727073
-69.181716
-79.652059
-56.812408
-77.092093
-68.521897
-76.803595
-86.957877
-73.720094
-96.906001
-87.187100
-91.913725
-97.072857
-79.545961
-87.767018
-91.256664
-83.072758
-112.384010
-85.450735
-103.941180
-94.222490
-91.960491
-90.355080
-87.142156
-84.480211
-105.585784
-83.610404
-110.193833
-82.451449
-109.496609
-104.102634
-104.931520
-102.009428
-107.964743
-94.602725
-115.470557
-88.176488
-110.212210
-90.663885
-95.660885
-91.362299
-88.620243
-93.114128
-101.453416
-88.494206
-105.809806
-94.700744
-107.487403
-111.333211
-108.354902
-117.587795
-102.819104
-102.119987
-106.782192
-87.763769
-87.876932
-97.340587
-96.600389
-130.040017
-116.648645
-132.731613
-122.235484
-127.090675
-135.053974
-133.173953
-132.321861
-146.411544
-123.093876
-156.075687
-129.185874
-153.186121
-161.331619
-163.841703
-164.720931
-180.931133
-168.737070
-200.579432
-169.028044
-192.987993
-184.940169
-184.302920
-182.518632
-176.245339
-171.337730
-192.611450
-171.446943
-200.921985
-181.853975
-190.865903
-200.449226
-187.433706
-201.256855
-200.521435
-200.951646
-219.950984
-198.419974
-210.260687
-213.602587
-194.175674
-227.547549
-204.838546
-226.268899
-216.530427
-215.805852
-228.988691
-220.572043
-226.979164
-248.592240
-193.113271
-244.789090
-213.037804
-213.171222
-229.216854
-201.943710
-220.661684
-214.385747
-183.675524
-224.538828
-186.358692
-229.029851
-192.950017
-188.965041
-202.037846
-183.261356
-185.453016
-234.371834
-155.236032
-205.781513
-169.572776
-172.598348
-170.729680
-144.483482
-186.764888
-148.465328
-144.356606
-169.327293
-149.629772
-130.434329
-150.961591
-133.381033
-167.575005
-95.288351
-140.614907
-146.796979
-116.561245
-159.832534
-136.005611
-127.922413
-148.997808
-115.477570
-142.073889
-131.144696
-106.613611
-114.278707
-94.572606
-106.113438
-110.445764
-91.859464
-114.278407
-70.251375
-123.810292
-89.330062
-93.226990
-115.097674
-100.914699
-82.034613
-102.461928
-78.461457
-97.627995
-105.430142
-147.339601
-96.921561
-80.346620
-87.281140
-116.121554
-98.740416
-104.126651
-133.884217
-139.210368
-86.691049
-152.008842
-109.138589
-139.967409
-128.078913
-99.503961
-159.182892
-93.591489
-83.528935
-132.141805
-85.461477
-101.757322
-104.688433
-89.353390
-104.568523
-100.360338
-60.418954
-111.527091
-86.850945
-62.830278
-79.260493
-79.988453
-103.605314
-67.700177
-69.782885
-125.886434
-70.646903
-105.438396
-164.410676
-84.850257
-106.646664
-91.758034
-97.638679
-129.181600
-106.883636
-77.812256
-151.208910
-72.863484
-155.472997
-109.060421
-84.638026
-162.718474
-103.910112
-148.319756
-114.450004
-161.569078
-157.021548
-193.081407
-156.424760
-120.670674
-118.357390
-197.192297
-140.913256
-150.373795
-147.103233
-179.499458
-142.147448
-132.754805
-153.809480
-189.499381
-111.912553
-164.716076
-149.007074
-181.489688
-134.985691
-152.136120
-136.969069
-115.184164
-123.415843
-124.150927
-114.727247
-148.916305
-93.451828
-109.940922
-126.343224
-128.552023
-73.642567
-108.085182
-94.534184
-133.889336
-83.990378
-114.269313
-103.872194
-84.942172
-108.821993
-84.895684
-101.884409
-102.048197
-87.897032
-112.526500
-94.590187
-91.899524
-104.274425
-70.344793
-92.175101
-67.108697
-69.527712
-62.362956
-47.368428
-59.740428
-66.406854
-44.389628
-76.306581
-38.971242
-73.837145
-60.045796
-69.929573
-77.253152
-67.266369
-64.554084
-83.416434
-55.671789
-97.532227
-64.843519
-80.104853
-88.933246
-84.484831
-94.187288
-89.608275
-74.150231
-102.021143
-73.755688
-90.390946
-76.580161
-66.379378
-78.832491
-56.217921
-60.791930
-50.735894
-34.859765
-54.316120
-26.992067
-29.544840
-34.416435
-12.120649
-41.198518
-22.725021
-35.555506
-45.657055
-30.274887
-34.268836
-39.423950
-22.324518
-56.537013
-28.503417
-53.045359
-32.258469
-37.657648
-35.002500
-31.556318
-28.798804
-37.910859
0.074353
-27.332356
3.861938
-9.521460
-1.064327
8.355472
2.392297
0.464814
6.379263
-15.910024
2.531030
-20.572926
-6.100067
-3.666443
-2.863856
-0.160853
-4.084419
-17.735825
3.310429
-20.017995
-0.966310
-16.904508
-21.398476
-2.442535
-30.727172
0.218647
-26.499111
-24.388673
-16.668108
-12.898991
-10.713602
-11.080501
-25.436440
-2.476588
-19.707193
1.583856
-9.995579
-10.157801
-5.761216
-0.546222
-13.260792
13.836961
-29.276644
-23.414908
-37.362479
-4.714952
-21.774913
-17.004004
-35.808081
-28.079090
-42.621486
9.027980
-45.714672
-54.454982
-19.116928
-62.103359
9.391793
-45.491064
-55.836653
5.474514
-99.394360
-61.956967
-25.238759
-60.814584
-72.962369
-67.374478
-68.622963
-61.447429
-68.971294
-133.166489
-79.838103
-91.922093
-97.287949
-94.787451
-67.721993
-74.315629
-70.764180
-89.727975
-90.404115
-83.047083
-90.555886
-100.075418
-88.227810
-70.236738
-45.815432
-84.152619
-57.627506
-58.707315
-55.302495
-61.051235
-21.723275
-82.255958
-34.950652
-47.205561
-36.072384
-43.193087
-72.091155
-17.587667
-54.312705
-62.259038
-23.209191
-54.742669
10.728696
-82.391194
-33.666584
-19.771807
-62.959649
-12.747292
-63.300254
-55.818058
-31.030051
-52.820934
-56.593247
-55.223399
-59.019932
-76.316852
-47.364398
-97.285071
-34.749207
-78.555871
-50.616093
-51.144233
-26.921827
-59.586615
-58.589418
-27.324232
-19.683820
-62.315543
-49.175683
-27.903127
-84.035103
-30.494567
-70.048748
-48.182372
-87.579933
-41.915507
-100.512461
-87.118420
-61.560029
-102.151657
-82.793134
-66.742566
-182.232326
-46.475015
-85.123216
-109.455576
-109.898129
-149.293668
-130.562514
-96.673437
-143.475747
-147.561641
-108.552639
-181.235943
-120.983582
-139.964416
-122.444096
-171.409791
-133.213465
-122.561106
-142.114245
-95.086895
-132.790808
-116.813412
-131.764191
-148.861154
-139.562940
-138.610826
-105.436786
-127.333476
-139.668754
-156.106465
-142.040611
-169.236992
-67.656553
-204.289107
-142.849870
-120.052159
-141.477613
-176.531429
-139.511521
-93.722811
-166.660021
-132.131828
-80.294752
-163.423854
-123.000605
-78.673312
-146.140459
-95.563664
-116.149721
-92.880338
-83.318837
-110.587878
-77.942879
-83.437694
-89.596406
-85.592325
-89.823275
-79.134874
-106.923581
-83.408573
-92.953324
-81.649946
-67.894975
-122.842367
-85.449168
-74.447643
-108.256906
-104.851313
-98.676997
-115.804639
-131.208218
-96.602248
-129.084279
-89.020323
-155.340499
-84.941769
-108.725439
-112.287293
-93.871963
-145.640364
-90.225353
-91.557061
-77.934690
-129.107599
-75.467005
-121.650595
-78.866831
-104.262382
-106.878208
-69.925284
-153.396627
-96.515042
-93.091203
-101.463571
-123.933583
-98.525580
-115.889777
-163.267514
-96.088059
-95.125516
-123.401504
-140.691705
-104.031264
-134.667103
-94.150486
-146.812380
-76.185279
-126.996636
-91.505956
-104.130203
-139.262978
-105.852920
-104.455294
-145.083323
-82.482728
-152.026618
-118.860366
-158.661670
-111.322745
-119.226384
-109.834193
-120.076933
-77.769934
-131.504396
-100.522216
-111.667745
-118.904358
-79.234694
-124.768685
-81.744331
-127.383729
-109.312408
-74.970855
-106.328587
-90.699185
-157.387200
-96.851630
-87.431676
-133.827474
-93.050371
-95.978946
-131.333757
-60.937410
-81.432235
-90.143611
-60.096126
-79.651930
-65.821774
-88.349429
-79.905274
-70.576014
-78.110087
-88.043164
-94.398557
-108.824332
-83.382257
-121.493177
-96.313970
-123.312772
-119.794334
-112.676596
-102.920855
-107.967478
-84.070355
-118.366503
-79.672115
-106.569862
-102.453951
-92.585118
-110.421734
-104.170592
-110.264812
-125.691027
-104.943412
-121.324867
-110.647720
-109.873488
-124.574432
-101.850714
-122.976527
-117.578879
-117.657665
-122.284763
-105.341900
-103.391559
-110.700875
-91.371223
-114.154922
-90.453332
-113.390558
-99.640758
-96.104687
-91.276435
-85.911439
-67.890380
-85.653686
-55.622705
-81.520574
-56.950216
-71.634870
-57.402078
-51.659311
-55.551532
-59.670691
-38.552287
-61.587565
-33.504743
-60.840893
-56.475656
-57.755140
-54.893340
-52.858334
-50.345830
-55.635627
-41.746437
-49.169418
-36.286493
-41.611939
-42.281570
-32.431959
-49.467855
-37.754499
-45.049907
-55.641284
-53.165035
-55.843874
-66.377486
-54.160366
-77.461336
-57.294932
-76.898228
-64.692145
-65.232816
-60.808891
-64.205696
-50.702765
-72.342090
-46.483151
-72.561848
-50.121820
-62.396756
-58.818034
-59.954606
-57.955749
-66.156431
-34.765848
-67.513244
-37.196427
-53.882118
-51.258827
-48.610019
-64.445291
-57.615517
-41.874270
-59.524169
-34.796106
-63.256705
-53.658309
-58.260391
-80.307632
-65.837868
-91.655253
-90.988213
-93.244848
-117.553085
-99.794551
-104.869132
-106.549868
-83.716571
-117.430912
-86.270211
-99.039873
-102.968216
-94.997842
-106.067533
-102.079993
-82.114041
-106.499690
-64.452984
-96.125956
-77.071833
-81.510503
-89.652003
-76.839868
-74.131236
-85.745322
-56.783872
-95.866048
-57.619808
-83.026511
-73.703982
-67.177110
-84.847757
-73.779427
-73.953246
-99.673589
-68.210834
-103.293688
-77.499066
-69.302667
-83.961909
-61.756646
-85.167634
-87.565876
-77.510986
-97.654607
-79.861146
-89.777297
-92.010385
-67.702707
-95.719343
-68.119437
-88.347462
-94.664855
-87.037589
-105.913211
-99.057121
-87.135072
-113.487574
-78.742830
-119.284876
-96.842853
-103.246924
-110.357829
-95.439304
-106.298252
-124.674920
-97.964338
-135.168962
-103.714782
-143.561451
-134.608857
-138.116650
-157.526345
-144.742287
-140.972634
-157.128679
-125.595141
-163.112006
-144.831315
-157.541110
-169.151797
-149.540664
-169.414918
-163.227526
-158.318873
-180.827796
-157.570658
-169.924248
-175.689204
-159.201337
-187.443307
-155.879981
-172.430978
-160.634071
-144.555166
-156.048289
-146.221420
-145.463163
-167.394071
-133.649167
-160.680481
-128.548996
-141.252573
-134.336834
-125.849647
-125.585849
-127.853175
-107.679375
-142.676336
-110.697228
-147.329683
-128.642478
-135.173568
-143.238871
-137.209374
-130.585221
-138.698793
-120.111807
-155.015780
-126.759298
-142.277939
-142.010999
-130.074995
-157.086727
-157.740826
-151.180009
-170.892498
-153.459184
-176.545518
-170.572084
-151.948988
-170.930942
-135.001458
-156.905351
-145.393413
-123.486213
-136.050748
-122.980985
-110.446020
-127.574005
-95.267566
-132.132121
-102.677490
-97.600934
-98.295494
-84.040949
-78.133157
-87.424725
-65.901315
-109.055059
-70.447523
-97.851000
-80.480717
-72.654005
-80.381166
-64.177498
-49.368218
-73.487038
-39.431571
-79.378120
-49.978249
-59.546929
-63.614358
-48.381256
-71.140642
-78.171981
-67.485598
-95.507535
-68.739456
-80.515842
-74.108417
-55.390103
-78.065193
-50.672370
-63.695937
-64.287160
-38.535289
-46.537557
-32.470537
-22.296060
-47.702429
-14.031970
-43.428730
-8.455855
-9.118528
-12.128264
1.627803
1.816763
-5.672617
14.097007
-23.718806
15.161306
-14.968673
0.521701
-5.205181
-20.366497
-17.225717
-19.210307
-35.760604
2.726681
-26.025612
8.049875
4.189118
0.624437
12.802802
-1.098364
-2.563220
12.207023
-11.244604
17.948255
2.312030
-3.052857
4.276428
-18.565489
6.776906
-9.734901
-15.881920
-0.402526
-12.641691
-2.696711
9.988401
-7.947680
19.743559
-4.238983
24.376755
7.068649
0.156455
12.027635
8.177989
3.643730
23.211264
-4.463059
21.993504
-7.103914
0.199988
-3.329448
-5.000949
-13.702047
-9.203432
-33.420623
-8.869958
-32.048417
-10.294926
-21.564955
-10.223741
-5.029068
-3.018889
-9.696218
-7.389462
-22.312971
1.658486
-15.914195
-8.286738
-7.327009
-19.962108
-7.197578
-14.778836
-13.819008
-6.661836
-13.451266
-7.630374
-5.920014
-18.706856
-2.889920
-21.321697
0.192427
-8.912847
-8.008338
-6.426588
-11.784645
-16.558875
0.947390
-23.681798
-5.132138
-37.064692
-17.068506
-20.873496
-18.819091
-17.691372
-11.517535
-30.087907
-6.252643
-34.530380
-14.225648
-31.753355
-23.590631
-23.109475
-28.926060
-31.940572
-24.107272
-53.043357
-37.220065
-53.387722
-49.779828
-46.541288
-59.683376
-44.206249
-53.900846
-62.036231
-38.979559
-52.379144
-38.426589
-40.967620
-59.235149
-47.374492
-77.372605
-64.170031
-70.948681
-74.574840
-63.797636
-68.890366
-88.617452
-65.227772
-103.925402
-65.715665
-95.582574
-90.926943
-83.420015
-88.412251
-72.170519
-62.760482
-92.561200
-53.376047
-93.001844
-73.616795
-87.392297
-97.743400
-85.058753
-86.565917
-85.810332
-75.113392
-110.185415
-70.507785
-103.950649
-97.858843
-89.986379
-102.131651
-89.100083
-101.710919
-106.594428
-88.207409
-115.118130
-92.534797
-102.610243
-117.544273
-94.693549
-131.888709
-105.149329
-109.293592
-128.252026
-105.659799
-106.182129
-121.029264
-103.030061
-130.904054
-96.269609
-124.565375
-110.514012
-98.172714
-116.658870
-109.658786
-102.879542
-128.116381
-98.354621
-141.455411
-100.740060
-116.038980
-121.372456
-105.333969
-114.063137
-112.497327
-90.634831
-130.103795
-87.429468
-122.266503
-103.718571
-93.981660
-114.887026
-94.333531
-99.864730
-95.905940
-69.241220
-107.692398
-80.452447
-88.850932
-94.606702
-72.681600
-94.030628
-71.443998
-87.409836
-96.414928
-87.364466
-103.910929
-114.852914
-97.400443
-122.335702
-82.702168
-111.601146
-96.329302
-101.269973
-110.133402
-94.098687
-87.059024
-96.128471
-64.803676
-91.618069
-60.528024
-76.514069
-79.358167
-73.989919
-69.646118
-72.478350
-66.200071
-94.815826
-56.395106
-93.081665
-70.294700
-79.064411
-73.680819
-42.397774
-57.842393
-65.036632
-50.662927
-73.678009
-57.828104
-79.931017
-81.729216
-65.921493
-94.370831
-76.257173
-79.322462
-81.040056
-68.655932
-80.203628
-77.122020
-69.369531
-87.866574
-59.968266
-92.930594
-80.215061
-81.547077
-85.028540
-78.206155
-82.260574
-93.433682
-61.146774
-97.097855
-65.580127
-80.552233
-76.686553
-73.986282
-92.639263
-82.138816
-58.342515
-90.667550
-60.713761
-91.458180
-81.861846
-74.660230
-86.775234
-74.356495
-73.887271
-84.169397
-57.510720
-95.972517
-72.076549
-85.393252
-97.164978
-76.220585
-100.615186
-84.860310
-90.657068
-87.350481
-69.392351
-84.085547
-64.766309
-47.202962
-69.877028
-39.761978
-67.071849
-49.938191
-35.366264
-48.626539
-41.909752
-29.077259
-52.131371
-22.749717
-64.997169
-31.952350
-52.759440
-48.698684
-37.786469
-45.908031
-45.937746
-26.148122
-51.975704
-10.900640
-40.968781
-30.160658
-34.035624
-42.745036
-32.350699
-48.637820
-57.768662
-34.733874
-68.779047
-48.078435
-59.733371
-66.974714
-42.079907
-58.579597
-48.104964
-42.613669
-65.999291
-52.390668
-65.900229
-68.060729
-57.694442
-88.243035
-61.370488
-88.267490
-73.741872
-73.722188
-87.766758
-89.240836
-86.343423
-101.054097
-73.485503
-102.375919
-66.383742
-76.757412
-70.351514
-63.204864
-66.378284
-74.455940
-61.204285
-87.165204
-51.438561
-71.134804
-51.541475
-68.294456
-72.298013
-68.560320
-82.702458
-91.998263
-75.790182
-98.796587
-77.178328
-93.529199
-87.508746
-81.508148
-89.139552
-74.526579
-71.033779
-68.209469
-49.763600
-68.461223
-63.909888
-60.828113
-82.659708
-64.078706
-75.513830
-59.103470
-60.292029
-60.383189
-62.881236
-54.539061
-67.753685
-38.632058
-64.086561
-47.379028
-67.752588
-67.365453
-68.988079
-61.411929
-69.904591
-66.608518
-84.879260
-56.477222
-83.731850
-60.930766
-73.059509
-75.341063
-70.368024
-70.212765
-74.045404
-59.283896
-78.795001
-46.176493
-63.308301
-65.311437
-60.981561
-65.080355
-61.529308
-66.587667
-76.231059
-71.915045
-87.141657
-81.581149
-82.089958
-97.109513
-73.077934
-80.643749
-81.402244
-93.909887
-97.817652
-95.951987
-89.735180
-110.167544
-83.157233
-107.341272
-85.375111
-95.766060
-92.545946
-94.186658
-99.980568
-101.102591
-81.693573
-115.731632
-77.970646
-100.070735
-78.373266
-90.724294
-98.902791
-100.145830
-94.186309
-111.901744
-89.194242
-128.978669
-97.140602
-118.313116
-120.803480
-111.364723
-137.051290
-121.941533
-113.888227
-127.131694
-109.076840
-124.104074
-111.127785
-100.065644
-111.667078
-81.446144
-94.988198
-90.371917
-70.524266
-88.013706
-69.979590
-68.329275
-85.916629
-58.277351
-95.106873
-65.305680
-80.146809
-83.766779
-72.312424
-86.847684
-83.055045
-72.697489
-109.191945
-61.602763
-97.195144
-75.328852
-79.356783
-78.983436
-75.071422
-66.813930
-89.394351
-54.804362
-82.789067
-53.042519
-65.252876
-67.698884
-41.131198
-58.194865
-41.783017
-26.661175
-50.342797
-23.720800
-54.492507
-47.920578
-43.182834
-58.942737
-37.154979
-59.718664
-63.182626
-47.998123
-63.918853
-50.273468
-54.136229
-63.214042
-26.483577
-57.919769
-33.675544
-46.219235
-37.931500
-20.558213
-34.247156
-21.755785
-9.973209
-45.403286
-15.945575
-56.622827
-43.802440
-49.046266
-54.200085
-50.162237
-48.896500
-62.932270
-37.147126
-76.900156
-46.224096
-66.038741
-57.181171
-53.253831
-70.266840
-62.996804
-59.744617
-88.639466
-60.155004
-89.226670
-77.400125
-75.615721
-88.050604
-65.084301
-89.114798
-74.142508
-66.218668
-83.331521
-59.917237
-72.725478
-87.768183
-74.722565
-103.811826
-78.792563
-105.086045
-98.269676
-88.417717
-94.550945
-83.954172
-81.141050
-117.289730
-88.281890
-132.434723
-111.477001
-111.644015
-119.251016
-118.246954
-125.431423
-137.631628
-112.684685
-146.062758
-108.712517
-129.233204
-112.159552
-113.360901
-116.456555
-110.213896
-97.837332
-110.048010
-79.665877
-98.231185
-69.369318
-69.793298
-80.856511
-63.095482
-80.453999
-71.908736
-60.346371
-74.470444
-57.560503
-63.503615
-68.172225
-42.656473
-73.088542
-40.631198
-65.038554
-57.433892
-41.270330
-55.416005
-52.828152
-47.640468
-76.490388
-34.752549
-69.318439
-44.809475
-49.717241
-52.237473
-43.711875
-44.269374
-51.923831
-21.667352
-54.967343
-19.162152
-40.510914
-33.925941
-19.368368
-33.008739
-31.441927
-21.833822
-46.605615
-10.635442
-50.556911
-28.427085
-22.810940
-38.195038
-14.922491
-31.036297
-19.192913
-3.819020
-30.561482
-12.524966
-31.695391
-34.436441
-16.362251
-55.668708
-33.101105
-51.586170
-45.466857
-45.972198
-52.210613
-54.857607
-37.857360
-61.561340
-19.109288
-59.681025
-43.424050
-43.305969
-59.765816
-49.542780
-54.205227
-61.123979
-32.223354
-62.320737
-24.504740
-45.729953
-41.796430
-33.809833
-41.347327
-38.445034
-32.424244
-51.148536
-10.591383
-43.628806
-21.461237
-23.176366
-25.059286
-7.356903
-30.115338
-28.129340
-12.166924
-35.070609
-6.705135
-16.586414
-17.672748
2.666339
-20.991171
3.651266
-15.117502
-13.489148
-0.672606
-17.818036
-17.919901
-1.918227
-25.963958
4.871087
-31.845235
-14.114559
-28.121561
-35.485209
-24.461860
-22.907384
-29.450871
1.539117
-28.267444
9.741449
-13.262936
4.442667
1.926458
-0.204380
-7.555812
5.169264
-10.992031
16.517159
-17.698851
-4.660991
-12.154908
-10.104890
-5.602672
-7.152289
-16.505436
-17.668002
-38.558512
-20.216054
-40.729594
-48.351206
-49.147452
-62.145671
-42.723600
-61.502279
-53.485174
-50.258431
-52.562263
-46.622500
-39.373782
-51.302528
-33.811213
-66.548325
-46.561386
-70.751710
-71.832617
-75.811631
-82.218662
-95.025657
-71.736011
-88.532246
-65.280452
-89.894909
-68.283709
-78.196086
-83.939420
-82.092227
-77.204112
-105.865081
-76.861889
-92.982841
-80.504371
-93.823008
-85.274145
-83.677152
-91.061117
-91.334831
-86.380049
-106.737416
-90.980815
-99.184455
-96.440919
-90.026110
-101.680380
-86.495106
-93.923483
-98.964268
-78.460892
-89.571051
-87.783303
-76.508995
-90.481076
-63.573163
-93.857695
-68.919962
-75.547429
-84.317568
-75.119269
-72.707459
-79.688892
-49.487296
-86.587958
-53.004854
-74.572806
-66.598091
-57.478877
-72.794819
-77.263806
-61.884819
-104.539776
-66.039385
-94.999674
-74.253401
-84.648886
-90.883587
-75.678707
-87.818750
-83.171246
-61.176818
-98.743465
-62.145786
-75.924324
-79.115803
-56.540054
-72.682568
-49.548648
-52.396694
-65.074990
-36.866401
-51.927270
-46.361197
-38.747172
-65.906196
-21.907520
-54.994258
-36.860527
-32.027981
-38.272798
-21.495140
-18.941881
-27.176173
5.830437
-28.740327
1.093584
-29.012966
-15.653934
-4.223666
-11.152031
-6.851587
2.463464
-28.534203
5.412793
-35.155162
-2.717263
-12.978929
-24.607761
-9.909681
-25.308543
-33.490747
-10.438056
-51.217468
-28.111047
-61.857032
-65.286660
-61.529702
-71.923242
-51.893427
-64.383550
-64.194530
-46.742517
-79.246139
-67.442654
-71.206107
-79.742019
-58.838161
-91.400485
-69.144295
-76.214697
-92.631623
-86.992443
-80.065991
-87.184858
-54.426568
-75.589066
-27.251284
-45.866459
-22.997728
-24.763013
-35.262752
-21.191888
-10.990030
-23.205860
13.751102
-24.699166
7.943138
-4.362230
-9.320526
3.936167
-3.787426
-3.234570
14.192431
-17.929297
8.724870
-14.173669
-0.776705
3.149645
-9.906319
-2.995420
-11.382578
-8.956176
-4.995796
-21.511223
4.407464
-2.429811
-15.339753
13.865831
-19.851205
3.824443
-8.141124
-16.530049
-4.399959
-15.190772
-10.557046
12.045999
-21.466027
16.256457
-8.838464
4.992660
-3.359810
-10.174615
-6.997806
-2.039230
-16.421866
14.127833
-27.935594
-1.970122
-18.191491
-32.959396
-19.460882
-33.178997
-41.645780
-23.573970
-62.925115
-19.641274
-44.309006
-30.121256
-31.001537
-50.868363
-40.588405
-48.397264
-63.824366
-36.610309
-65.187660
-42.352290
-42.247302
-51.362444
-20.311781
-33.915719
-14.206395
-10.246075
-23.167250
-0.495111
-9.553111
-14.107755
2.069360
-34.974422
4.778189
-23.264723
-19.531084
-17.415742
-23.932048
-11.153200
-3.855388
-35.226145
-5.470902
-40.130949
-19.041493
-24.824450
-29.052169
-20.883701
-27.258613
-28.524711
-5.072192
-38.451484
1.339992
-22.595578
-13.633557
-7.164857
-22.885258
-15.888568
-15.871808
-25.587020
2.908049
-14.098365
10.007074
7.649289
-1.240365
18.693547
-5.843385
5.793402
-6.813008
-17.683262
-3.783697
-17.331741
-18.637142
-7.989638
-36.364728
-8.035380
-34.319451
-25.209168
-22.830790
-21.844186
-23.722401
-21.678265
-41.656681
-9.152137
-50.987483
-23.091828
-36.754194
-45.711191
-43.773935
-46.650562
-54.870520
-29.084339
-53.723400
-29.085446
-59.443094
-52.321246
-59.881252
-69.445166
-63.293333
-69.344768
-85.527922
-68.033682
-85.119849
-67.221799
-79.025793
-87.076960
-77.750776
-94.128241
-79.836326
-81.852445
-89.590018
-74.025550
-85.890433
-85.871279
-74.517272
-95.217095
-71.625405
-82.534889
-64.942008
-74.531702
-77.103647
-81.702204
-77.571975
-85.045602
-53.644952
-75.039067
-48.862151
-64.501850
-46.212701
-47.952348
-45.664678
-53.846836
-45.508432
-71.487465
-40.081487
-68.226775
-47.616252
-49.113887
-55.573076
-49.771571
-53.900299
-54.105594
-36.973566
-53.393662
-31.713127
-36.029868
-34.598420
-23.090032
-33.786057
-29.450500
-25.077199
-40.349084
-24.632757
-31.104639
-36.721198
-32.850630
-63.469206
-29.830990
-40.305776
-38.993330
-28.094684
-20.746786
-12.155718
-0.296598
-20.525731
7.451090
-24.513531
1.354950
-18.462318
-17.980208
-9.988446
-14.663978
-25.663732
-12.186501
-48.678347
-7.190988
-39.255342
-9.546001
-13.905171
-28.174484
-23.474428
-25.115395
-41.608578
-12.514161
-42.289943
-23.364051
-36.080871
-33.993855
-13.869754
-27.189699
-17.160429
-10.631028
-36.631466
-13.396057
-35.259446
-35.321886
-15.881955
-37.212093
-10.476535
-30.895190
-23.659598
-8.061852
-22.031506
-11.599645
-4.270747
-24.418743
11.705822
-31.397364
0.573801
-4.984087
-3.938129
11.345739
9.998504
4.945655
24.104057
-9.540960
32.669223
-0.881753
15.338028
14.733081
0.638792
12.490111
18.204588
-0.934187
31.562987
4.175785
44.299436
26.557446
27.159231
44.084420
26.592025
31.964186
32.812353
9.579199
34.668623
3.815378
12.511366
23.592726
0.608738
28.533434
-3.962068
-2.720949
0.778637
-25.901614
-16.364876
-18.812032
-31.000491
-0.789360
-23.951046
10.603065
-6.044988
0.800075
8.571238
-4.194864
-8.505760
11.531913
-23.368980
18.760358
-15.385638
-7.459469
-4.365701
-7.790185
6.262643
11.123152
-2.828748
22.507337
-1.673058
30.705103
18.953427
22.990855
31.552796
14.375007
12.361904
13.946674
-4.645479
17.514225
-6.056073
-0.543601
7.029587
-13.113804
13.647573
-6.232057
4.353600
14.062681
-3.425485
21.108609
5.697630
-5.871713
23.702573
-9.151893
30.518527
7.035689
10.255422
9.925565
-6.650053
-16.615278
-1.656661
-27.048521
6.728695
-17.130573
3.247104
-4.086046
-8.205872
1.303576
1.353275
-4.935107
17.387530
-10.202775
30.495486
12.970209
25.762240
45.042403
26.922483
42.888564
54.069053
23.325639
53.707543
25.625163
46.119047
46.287194
27.303962
51.558704
34.849834
36.170366
56.428200
38.222852
50.442467
40.339763
31.653176
58.271094
16.520110
42.440401
25.346103
17.256753
24.718511
8.002778
0.118799
12.949543
-16.614205
18.374749
-23.791093
3.529093
1.060110
-2.959647
5.568940
8.734238
-11.172691
31.868957
-8.821905
27.297340
14.390909
16.441134
28.945036
19.344819
28.416503
55.453187
34.224646
64.383922
35.527026
49.868853
56.678448
40.896906
55.049537
43.746702
46.453007
51.995356
39.723385
61.959238
63.083639
55.870286
80.862236
55.315810
86.986359
80.288802
72.768173
88.420486
71.571040
68.760638
97.586700
63.947006
113.113511
88.706052
108.059006
108.687617
103.797987
101.805759
107.876584
85.845082
117.478844
79.532801
109.922894
93.187755
84.687319
96.511746
80.044284
73.893835
86.883184
61.219543
77.175559
57.105204
66.126885
64.096945
51.118358
68.169612
62.794596
61.502154
90.663276
71.049719
81.771802
65.923748
53.794305
68.766184
39.653452
62.950574
54.163510
54.088621
65.998469
61.454277
66.560153
78.234984
55.021193
85.326944
66.347511
89.756858
78.474111
82.044755
86.870362
101.525174
80.141872
103.081913
79.860818
110.785577
90.519509
105.550620
97.597839
86.783354
73.772262
77.117095
57.479697
85.192260
60.437753
71.951699
67.697746
73.332213
73.307955
66.017506
64.213288
66.092757
57.749071
72.582928
53.046969
49.318729
59.771361
40.429482
53.219047
48.820545
55.622317
63.043498
59.496378
59.121169
73.461474
52.408913
69.917882
44.850605
54.277545
51.287615
52.901165
63.050963
81.820587
56.689466
82.913189
58.460501
85.024890
65.725133
64.680191
60.859719
55.121361
42.609184
45.731006
21.255663
49.686653
20.879402
24.314173
13.713655
0.762146
17.288661
13.802989
0.262728
17.686281
-11.423046
10.359274
-0.135165
-17.455655
2.548182
-26.729073
-10.554928
3.858504
-3.280836
13.225946
4.211596
7.268960
18.744848
-18.466632
14.307540
-14.553318
-7.335979
-3.290334
-9.782260
-0.846198
13.415373
-4.663688
30.887249
-4.097445
30.244310
13.423063
11.098955
22.166819
2.840112
-1.873992
20.720703
-18.714596
10.644480
-17.637580
3.448724
-6.985805
-21.122174
-4.240373
-5.373802
-21.509108
-5.628588
-49.287942
-32.934568
-46.650828
-54.029792
-31.019003
-62.677719
-33.663302
-42.547211
-57.698190
-34.041302
-60.013583
-56.497181
-51.504049
-90.174362
-50.188438
-78.005948
-62.713527
-62.240057
-74.323332
-59.391125
-58.058245
-71.983721
-40.845489
-81.542541
-43.993575
-69.526371
-73.476807
-65.170306
-80.435864
-73.706392
-61.938273
-103.483123
-74.901760
-113.549435
-87.216623
-93.965004
-99.369949
-94.186966
-107.323338
-112.269442
-95.136231
-123.686575
-96.946426
-107.650803
-110.878398
-95.160251
-109.822385
-82.524861
-80.481841
-90.887144
-81.461391
-97.622099
-92.962646
-81.451821
-104.947565
-65.364771
-94.938466
-67.963214
-73.153187
-75.098566
-60.070936
-54.349812
-64.510309
-41.449341
-75.987358
-41.657976
-55.761776
-53.759894
-55.786654
-55.388934
-48.373407
-36.953936
-55.086405
-18.738518
-39.812661
-12.874464
-33.286366
-41.511540
-34.797576
-47.473298
-48.381812
-34.173778
-55.506010
-26.065200
-30.193416
-15.272070
-14.642227
-33.420428
-17.110829
-31.586227
-46.711151
-33.025649
-49.825230
-40.213686
-40.945227
-64.232175
-38.950688
-77.243673
-69.711138
-73.133915
-81.125213
-69.490646
-73.523705
-85.249221
-56.923087
-89.517941
-55.466732
-83.187364
-76.494560
-78.015876
-85.149298
-80.992398
-71.755090
-94.161977
-46.521138
-88.122909
-56.783082
-64.311862
-75.416969
-67.068899
-79.536021
-89.549406
-67.694937
-103.093237
-65.173164
-81.656779
-73.708724
-64.843021
-88.907540
-83.902021
-97.207182
-112.052117
-96.499925
-115.865518
-99.944860
-106.718875
-127.435808
-102.569303
-131.168741
-113.260772
-113.988876
-123.489380
-102.060505
-114.176834
-121.377922
-94.227211
-134.304029
-91.292175
-120.859624
-112.815811
-97.819239
-105.835476
-107.728188
-96.469987
-125.194592
-72.172100
-113.981011
-82.747810
-79.140469
-79.147243
-54.208438
-48.643856
-59.046679
-22.841678
-59.868848
-21.444092
-38.310522
-35.544055
-36.699064
-61.480729
-44.160208
-50.279863
-52.174549
-32.743401
-64.986021
-57.236981
-50.729110
-67.011854
-47.006528
-70.024121
-52.875975
-44.603027
-54.319831
-49.022999
-51.450192
-65.809603
-38.215273
-76.503272
-43.269563
-63.173371
-55.870667
-46.090007
-52.413250
-65.856685
-50.003111
-81.622874
-53.490140
-86.548502
-62.434357
-75.857375
-75.075880
-63.815780
-68.663414
-70.696983
-39.059791
-63.580494
-34.265569
-45.249565
-33.124791
-30.135115
-42.694924
-30.993093
-31.756828
-35.933384
-25.580924
-45.415870
-27.153370
-34.822696
-39.027221
-29.157672
-45.392824
-35.471213
-39.722582
-46.421765
-30.168117
-33.272815
-33.909817
-11.010294
-27.735188
2.945935
-11.252322
-0.257420
-1.861718
-0.173619
-2.706128
-0.626828
-14.277154
14.992869
-9.491597
12.282402
-0.235173
9.423858
6.800026
14.013882
12.547820
22.310914
-0.340825
30.818928
12.819425
18.117895
13.195409
12.724153
16.319490
21.564329
8.061360
30.768261
11.280706
27.741106
29.910486
21.717607
36.829915
16.725830
24.710183
35.233773
27.911906
46.860904
39.266900
25.944084
41.289045
15.321728
30.736988
8.803251
9.472455
10.329002
-0.091287
-0.563844
11.071576
-10.549164
26.886976
-1.755682
25.885139
18.415815
14.664662
18.954516
15.941546
4.160874
31.094845
-4.685053
25.017405
2.420530
10.839222
20.816534
6.998907
16.128464
13.874685
-10.742558
13.429654
-20.457922
-4.280461
-10.862146
-29.590294
-18.492009
-45.172265
-39.069620
-30.541448
-50.665688
-23.808268
-37.354527
-48.415779
-23.169163
-57.714013
-28.344102
-45.878014
-42.063460
-39.073586
-51.496251
-43.387055
-25.293953
-53.744941
-17.791594
-60.189547
-33.737907
-39.770739
-49.873911
-46.225403
-51.543815
-62.998290
-35.067848
-78.409301
-43.046376
-83.144885
-70.727248
-66.716212
-78.138807
-67.975012
-74.306121
-87.428798
-55.797262
-87.726541
-54.161056
-59.755511
-85.199895
-66.563968
-73.905303
-70.451640
-57.066533
-75.374074
-62.053899
-72.444644
-69.816483
-52.244962
-86.095411
-50.642397
-70.250419
-69.242772
-45.588572
-71.148161
-63.580185
-49.704595
-70.687452
-44.488125
-81.045292
-47.276443
-61.057263
-62.123645
-58.546632
-66.887696
-76.395827
-55.801603
-83.777062
-55.536396
-86.160072
-71.761836
-68.038030
-80.203444
-59.453269
-54.400745
-75.137587
-43.870671
-67.180919
-38.159880
-48.917297
-53.202314
-39.358156
-51.733465
-42.083027
-30.728197
-54.648544
-32.184652
-54.161252
-49.508639
-40.126242
-61.281303
-32.584773
-48.981971
-34.898932
-36.140724
-53.517906
-33.931225
-27.190696
-42.478019
-13.430701
-46.776208
-26.595268
-44.066860
-42.402047
-42.418040
-52.068211
-55.201904
-36.992996
-72.564566
-31.636995
-59.112934
-29.356132
-30.155372
-32.495925
-25.331468
-20.040469
-31.891517
-4.249580
-31.394453
2.631884
1.201899
7.132041
18.756140
2.805050
6.184635
9.461734
-12.796903
14.999304
-6.371658
-1.409843
14.005032
-5.243152
26.993583
18.736006
24.890967
32.576146
15.591504
28.589600
32.928695
7.223613
31.890696
-4.635034
20.210732
7.359235
8.827635
21.788001
11.755328
-0.908039
24.622960
-13.451307
24.192315
-8.141618
2.887640
8.339973
-5.518938
-2.586439
-1.536408
-25.284446
3.614767
-30.965791
-11.290921
-25.774515
-34.165356
-16.686214
-30.984479
-29.873099
-18.249076
-46.042315
-21.248863
-43.525110
-33.270104
-16.925454
-39.341432
-10.818417
-32.093432
-30.544363
-13.767686
-31.685645
-14.200550
-7.252881
-26.019134
2.438215
-32.440189
-7.750120
-29.056053
-38.661844
-30.470067
-36.110390
-37.576653
-8.030317
-41.247808
2.799187
-26.587026
-14.126028
-14.830136
-24.376065
-18.004581
-6.392713
-23.282739
9.067710
-32.612709
-8.524913
-25.370019
-32.443994
-25.361707
-35.134832
-39.372490
-21.107072
-41.238401
-23.301968
-45.136512
-41.814012
-39.036159
-53.042641
-31.613247
-48.533755
-52.865179
-50.770018
-70.630040
-54.735229
-56.636095
-73.076009
-40.261702
-62.377074
-40.464853
-48.898989
-39.389132
-27.705389
-30.467321
-33.880772
-15.187881
-49.480353
-19.643175
-48.888028
-37.640885
-43.395123
-46.680527
-39.723861
-36.376452
-52.317863
-27.929967
-54.243258
-22.105979
-37.829179
-31.125598
-23.011883
-31.275020
-24.497122
-16.320253
-44.551911
-17.712379
-32.291456
-18.580182
-18.140846
-21.143235
-7.369340
-20.712554
-12.769620
6.073966
1.345013
20.389728
25.868770
15.445737
33.208639
21.401395
40.598566
28.283154
31.192458
27.632209
23.644719
18.783774
28.587596
6.105055
26.765310
-1.273009
18.142112
7.721235
6.798484
-0.217282
8.885701
-0.668896
20.454751
-0.420759
36.801571
22.934812
39.014678
43.616923
47.789202
53.218010
62.128602
49.706581
68.351269
49.557907
66.903329
65.573924
60.529717
68.275801
55.389791
51.638233
60.373588
39.993257
48.759624
45.943507
30.721648
42.843563
22.658109
45.795039
42.684051
36.769627
41.472983
33.720693
27.297342
50.516747
25.775247
54.107447
31.688123
48.142061
56.856624
63.990937
80.970653
99.958226
84.114034
117.832374
59.583604
58.944702
23.385141
7.903045
6.912729
-5.168366
-11.406607
8.046777
-22.418229
9.219670
-20.481325
-9.074247
-11.386471
-32.433897
-14.458246
-21.046575
-38.749108
-22.569055
-48.494249
-27.794202
-34.819036
-50.085554
-26.392495
-56.063377
-36.148607
-34.184350
-43.614354
-25.118666
-33.905829
-43.359209
-26.984067
-62.404655
-23.057180
-53.925725
-40.537169
-36.557401
-50.887065
-46.485304
-55.614756
-79.054180
-37.521063
-70.195510
-34.381147
-46.774469
-47.111311
-35.800275
-48.982952
-48.316199
-30.409029
-68.030254
-33.790200
-69.989544
-62.898884
-62.609842
-77.340193
-63.769017
-79.780282
-81.362955
-57.273020
-88.432038
-68.675272
-74.356870
-80.103848
-54.770589
-78.318346
-55.563586
-54.224755
-59.797829
-43.545995
-59.684290
-52.129801
-28.576595
-52.502590
-16.639573
-53.408951
-37.387252
-39.643184
-49.213170
-33.255347
-35.613594
-53.763722
-21.659501
-59.268661
-16.820711
-32.761066
-20.310029
-4.524694
-11.794220
-11.619449
3.513146
-24.281652
14.112574
-17.126476
8.755352
8.155618
-8.293309
6.177956
2.146935
5.476499
25.655402
-4.770831
12.967864
-13.878151
-15.242998
4.264725
-14.361237
1.296442
-8.629783
-17.729270
-5.201353
-26.532019
-17.911772
-8.877185
-30.027353
1.695831
-31.576686
-14.484400
-18.828143
-17.238225
-8.272366
-12.717567
-28.140679
-10.194808
-45.320675
-13.954511
-47.571645
-37.545207
-34.679766
-42.511824
-35.406423
-22.392193
-50.399435
-18.371867
-49.035468
-23.556669
-24.297269
-23.860735
-20.516603
-31.731939
-30.963394
-3.467279
-26.257095
5.395161
-5.189233
0.235775
10.514061
-11.378726
11.047360
3.417584
-10.241784
11.765412
-6.023002
-3.081564
5.097913
-14.051212
10.234006
-19.095046
-3.124210
-10.251223
-17.092811
-0.877890
-4.384851
-24.467445
-1.053257
-46.129204
-10.692280
-31.865073
-33.116569
-30.708529
-46.668611
-46.816603
-28.309256
-60.554205
-21.240979
-57.133327
-27.083039
-33.149113
-42.619076
-27.199131
-44.621729
-56.321078
-25.463647
-65.817403
-35.642857
-46.032843
-45.055567
-27.613458
-50.913882
-36.743256
-40.160659
-54.587658
-38.567521
-73.304073
-63.197546
-56.243772
-83.232505
-48.898825
-73.892339
-60.147783
-57.618520
-78.498223
-66.379783
-67.059922
-84.318522
-54.297364
-92.954648
-58.394984
-85.589697
-88.056486
-86.467850
-93.891007
-103.917354
-102.261167
-133.439108
-88.171874
-116.820245
-96.403781
-100.396772
-105.248123
-95.262244
-99.437198
-101.141402
-73.189587
-108.942424
-89.654083
-115.035495
-115.885239
-94.451759
-104.911635
-83.970604
-80.578222
-99.643030
-76.649534
-96.495711
-89.889382
-81.285644
-102.898013
-73.400719
-94.689386
-78.409659
-71.087969
-80.016103
-66.767734
-63.293756
-79.704229
-61.203632
-96.883568
-67.164964
-88.979146
-81.581333
-71.736487
-72.202430
-68.918914
-60.170161
-90.917552
-63.004578
-101.070961
-76.976082
-91.828315
-99.049319
-95.144134
-89.443628
-92.692718
-73.555645
-110.195634
-91.440501
-116.150209
-111.708832
-104.679949
-109.955129
-99.444396
-94.649185
-100.110274
-77.882534
-93.295453
-86.485668
-85.471795
-94.181663
-73.799309
-88.743549
-75.436942
-72.462209
-74.874029
-67.337366
-63.268904
-66.021485
-49.368764
-73.772062
-49.900011
-71.156813
-53.544784
-57.204512
-51.736420
-51.436327
-35.071544
-57.471869
-35.432784
-65.531155
-42.602897
-49.116769
-30.355715
-23.249378
-18.526782
-19.939679
-2.652185
-27.858627
-7.915488
-32.654042
-24.913222
-30.248886
-31.122721
-17.271520
-13.107402
-14.736137
-0.860808
-21.075579
-12.648806
-14.164261
-27.329401
-18.577032
-38.936421
-33.491993
-38.666431
-46.306739
-34.209001
-40.775655
-54.663557
-31.189622
-50.679474
-25.444568
-44.825033
-42.287420
-33.900691
-38.159643
-44.699514
-33.642170
-59.982251
-28.850299
-53.995937
-28.650798
-44.812796
-42.300912
-24.899910
-22.834290
-34.953475
-4.229021
-39.527780
4.109318
-8.197909
0.019264
1.758740
-16.693131
-15.371068
-6.011547
-24.991713
-6.660349
-38.322401
-17.010244
-11.818448
-26.110539
-2.132678
-24.551010
-12.545781
-2.574610
-24.892043
-10.733748
-18.815402
-30.978369
-1.523642
-30.847462
-1.103114
-22.926733
-19.717277
-4.001416
-15.804616
-14.173011
2.690288
-21.220015
19.990151
-21.549297
-9.699777
-11.926480
-20.949701
-13.872511
-15.664808
-29.290115
6.198807
-31.739589
6.532410
-23.827394
-15.194806
-4.664814
-16.578546
-1.402585
7.755952
-19.086745
6.738579
-28.907297
-8.104302
-1.788846
-16.350148
7.661708
-14.156622
-21.355585
-9.672819
-30.753537
-15.081549
-34.059502
-44.825231
-23.786808
-62.158221
-29.836414
-55.906325
-63.232939
-59.282148
-80.607407
-75.478859
-65.577720
-93.203087
-50.861685
-84.844641
-57.027128
-64.159757
-73.836571
-64.784860
-72.861205
-85.785835
-68.307180
-110.889562
-71.132782
-95.781646
-82.010432
-72.295133
-80.201679
-66.859256
-58.849437
-67.882354
-41.237403
-75.519213
-56.743902
-75.333862
-92.016911
-67.783724
-81.326506
-69.018287
-67.467942
-91.464867
-68.544792
-86.199136
-85.996080
-65.069915
-96.488138
-67.713201
-96.011838
-95.279290
-88.820193
-101.642997
-88.947501
-78.533491
-89.996256
-53.496819
-86.070030
-60.605590
-78.289784
-77.101138
-69.335958
-79.222279
-94.072002
-79.818242
-123.044707
-85.573050
-122.258496
-103.041160
-104.547861
-105.402876
-86.309434
-83.873265
-91.849197
-67.036510
-98.267076
-73.716451
-98.074864
-90.931076
-70.323583
-84.873742
-65.404723
-60.606538
-79.733345
-63.738687
-82.373330
-66.955173
-52.565230
-71.213651
-40.091068
-59.246387
-54.304748
-54.423104
-61.442432
-51.015986
-58.993058
-77.373643
-50.839007
-83.776502
-46.688838
-60.191371
-64.797144
-64.250188
-74.255915
-76.757823
-56.518780
-103.265618
-68.122218
-99.664672
-82.041344
-94.603234
-104.159074
-91.461606
-85.765996
-108.074061
-80.383606
-116.042741
-89.088346
-97.785722
-107.390356
-97.506767
-110.158357
-100.485242
-93.959449
-114.991251
-86.767134
-104.399204
-102.519506
-88.966467
-107.693783
-76.866825
-91.575733
-89.198789
-79.201573
-100.773641
-86.353797
-79.959386
-96.636455
-66.557785
-102.510458
-78.093499
-97.721771
-103.486501
-88.590405
-98.447541
-104.825680
-84.198674
-123.388478
-86.691257
-120.086333
-111.764662
-111.688064
-121.561785
-112.746883
-105.356200
-129.197343
-95.398690
-126.388806
-91.342360
-102.470951
-103.500204
-83.308859
-93.591775
-86.343110
-68.970016
-88.507945
-62.600754
-86.160843
-78.852404
-60.830950
-74.572477
-39.895038
-54.278303
-47.667513
-29.033187
-43.568811
-24.954796
-21.885179
-38.468312
-10.773291
-57.887729
-38.333165
-45.202698
-51.366974
-41.359525
-50.282093
-58.179668
-33.975879
-68.843552
-36.368424
-66.929557
-47.822923
-50.929399
-66.811081
-59.090155
-49.549806
-64.418495
-32.873133
-65.190881
-32.643370
-48.274767
-53.444452
-56.723575
-74.080096
-68.380029
-54.499661
-80.622789
-58.147577
-82.825288
-75.042217
-68.148128
-86.961512
-62.219994
-72.431624
-74.371504
-57.247723
-76.956105
-73.981782
-74.266150
-87.648058
-54.509932
-81.430046
-55.147692
-64.740624
-61.952614
-53.721299
-57.515707
-63.214882
-46.689053
-73.395622
-36.909582
-70.285570
-54.488189
-64.921226
-75.912655
-82.312032
-84.649398
-101.750110
-69.952470
-95.523724
-63.418544
-78.431724
-67.685187
-57.472075
-66.047209
-70.314019
-70.943737
-91.692031
-74.784498
-98.883536
-87.621764
-87.846296
-100.640675
-88.622411
-91.023622
-85.110819
-77.068809
-87.007597
-74.507869
-76.425253
-85.155740
-71.376548
-93.662750
-73.607207
-89.147501
-88.022446
-83.231970
-83.548689
-83.966980
-77.986467
-103.864272
-78.265836
-103.659942
-78.938070
-88.410380
-78.509490
-78.267298
-70.647750
-87.199455
-69.367561
-88.805591
-61.961346
-75.891513
-58.139386
-58.728135
-56.090908
-60.371837
-48.785666
-52.923084
-27.401932
-49.228063
-29.679716
-38.444275
-44.687063
-25.294493
-32.478764
-30.639496
-13.051356
-21.465013
-9.456750
-9.573433
-11.058487
8.778241
-10.169063
6.264183
2.519147
0.885171
10.453052
7.144405
13.507118
34.315670
13.502580
49.174374
29.820002
52.820322
46.659527
28.847550
22.585512
29.531884
15.198764
50.140857
21.734182
53.110225
29.045633
21.028065
16.710211
5.478183
-2.001065
8.322834
-16.665223
12.219681
-18.130923
-6.601407
1.479288
-4.409483
9.926438
1.054684
-7.803413
12.274966
-11.799671
12.556435
11.434847
-1.114790
25.967064
0.680969
19.265073
14.561217
2.398099
20.727945
11.242199
12.040278
34.528239
-7.816923
23.308978
-6.773650
1.065430
-8.627570
-22.758825
-26.764186
-30.431013
-47.347297
-11.442673
-54.397365
-22.107671
-38.976870
-27.834830
-22.934574
-40.020423
-37.290530
-21.417063
-50.265482
-15.634705
-54.355787
-40.005223
-39.265210
-51.316015
-41.227084
-51.552225
-53.181727
-35.666816
-62.259997
-36.711798
-48.091699
-55.292672
-32.359409
-58.928047
-33.663745
-38.468852
-42.934343
-12.771951
-24.489051
-15.695833
-3.905824
-41.277767
-6.281268
-41.499803
-28.621510
-27.400367
-31.967229
-26.488118
-31.030518
-47.882386
-20.741489
-65.822819
-38.156075
-71.768734
-75.043462
-65.596875
-75.345866
-76.993441
-61.252372
-93.293300
-55.571089
-86.719634
-66.810413
-65.204425
-72.832410
-52.212745
-56.326715
-60.142047
-40.300883
-59.582744
-25.112566
-41.335270
-46.831306
-26.215190
-54.466966
-29.986350
-40.712127
-55.670884
-32.374443
-47.637106
-40.154484
-35.871111
-60.577218
-24.233459
-52.489835
-32.179040
-30.862366
-41.552301
-28.526281
-29.917699
-43.065929
-17.583621
-53.300691
-9.252374
-27.188479
-20.284529
-20.310573
-34.003649
-34.188362
-32.137403
-52.983349
-20.686286
-57.068888
-26.392818
-42.024408
-52.582841
-44.227894
-61.511101
-59.797211
-37.184765
-60.558144
-38.786994
-62.587791
-56.001341
-39.931096
-59.895759
-42.240699
-49.284888
-52.107667
-39.647169
-59.544883
-49.381032
-48.491709
-56.513366
-22.888910
-44.916468
-19.990595
-34.247858
-35.604751
-29.052314
-35.688574
-42.631177
-12.162346
-41.924918
-11.922476
-45.627182
-38.431783
-41.242052
-45.767113
-36.329042
-22.381414
-42.342662
3.237273
-24.414659
6.218035
3.590758
6.327787
15.457796
5.974674
-1.919543
9.875582
-19.900482
11.762980
-13.365188
-11.168174
6.278458
-12.167356
3.750309
-7.327083
-12.453875
6.406841
-14.593195
4.351971
13.420761
-3.935875
22.419757
-11.947167
-3.385665
-6.344866
-6.790066
0.592905
-13.283643
-23.855474
-2.802958
-38.651250
-1.121557
-19.036648
-11.551864
-9.652754
-22.028727
-21.475279
-13.981466
-42.435110
-6.480411
-48.503329
-18.013041
-29.425709
-41.485159
-33.008562
-33.748551
-38.448286
-18.741330
-42.140600
-6.644956
-20.562268
-17.095553
-7.152754
-26.846671
-5.534057
-2.970177
-12.177014
13.859784
-10.883350
3.681954
13.230029
5.402639
34.419157
8.458822
37.050586
41.308101
28.260999
51.873673
41.306294
34.320072
63.986470
20.732577
56.147371
30.382740
35.715414
44.477127
38.744308
33.188102
36.976629
6.872988
37.854183
-7.188653
14.858378
3.937777
-6.407281
7.249674
6.508863
4.616844
29.145460
-9.535224
28.341505
10.581404
20.093476
34.899604
24.114544
42.191600
42.284768
25.442258
54.132213
34.613721
46.105447
43.352098
33.545745
59.768635
34.894152
47.064228
49.673148
39.530272
50.028701
43.722204
33.418638
45.297048
11.209888
47.481848
38.035742
54.879957
59.960913
51.237935
49.978644
59.337530
39.590954
83.892211
52.890191
85.416957
73.505897
64.827286
73.297509
70.112899
61.603953
86.005651
46.729783
83.971185
67.080979
72.253713
83.955229
71.828254
82.359492
83.081546
76.075431
96.184417
69.410540
79.297394
77.985877
70.618051
91.233312
80.439791
95.283790
87.678070
67.395292
86.237902
86.466702
82.448315
100.047835
72.916235
94.795055
69.688205
75.768265
75.872995
75.549332
80.642433
94.346991
71.512938
94.358092
62.019290
88.324354
70.951154
70.586622
68.141059
60.613476
43.730445
58.398001
36.272045
62.275130
37.885655
50.121168
42.699395
39.273352
43.244548
38.979268
24.555100
37.523969
18.550857
32.389152
25.086334
26.637614
38.407131
31.641209
43.621106
38.033608
34.779702
23.898946
12.724883
17.028366
24.848324
3.944157
27.648039
5.140392
8.301835
-2.189529
-1.881632
-0.060477
6.173643
-7.289196
14.612647
-16.746785
14.610271
0.366192
12.374737
3.207485
0.024033
-1.711979
16.113305
-8.449668
12.029134
-13.250458
3.481097
-3.497009
-2.057697
-6.382543
-10.398422
-18.784266
-8.304340
-32.428214
-15.940725
-29.603078
-40.463895
-35.250523
-51.952103
-44.058635
-44.882380
-54.417544
-37.478314
-39.852271
-30.409191
-15.181036
-35.339519
-9.464297
-27.693077
-11.986547
-6.150910
-12.449524
-9.948851
-1.341919
-22.661420
2.891620
-33.422596
-6.201237
-17.282779
-12.616091
-8.260759
-16.890623
-25.348686
4.992078
-16.472963
18.341819
1.585444
26.850195
32.474366
27.865323
44.304715
58.293563
45.652487
69.353194
32.689471
57.560558
53.979940
49.138271
69.590887
53.894420
62.219838
75.763624
57.187524
75.074485
68.287591
70.755307
92.161885
64.587555
92.369644
76.688837
76.667075
81.434479
58.282866
68.686339
76.553601
59.924157
93.651193
56.981030
79.890417
58.360018
54.660007
67.978601
65.118727
55.666480
76.383697
37.056588
63.303927
24.691655
36.620122
40.755997
28.566007
27.282027
27.250518
1.454118
31.110883
-0.611359
25.146999
12.483568
7.870214
30.263471
12.180964
10.886071
14.618126
-4.756889
23.683334
4.614724
2.633168
16.246213
-1.710640
38.192444
21.842040
24.431852
32.210738
12.039230
22.832187
18.370308
-3.353115
31.777327
-1.730528
27.923162
13.982222
11.924007
27.506802
20.454310
16.010636
37.342906
-5.606591
22.511260
-19.810107
-14.451985
-13.312612
-20.064735
-8.127248
-14.707253
-33.994782
3.622956
-39.949982
-13.005642
-33.200000
-39.103815
-32.929916
-60.933174
-58.172686
-52.002927
-70.201420
-45.033534
-64.032728
-60.833959
-55.497664
-77.843749
-44.248980
-63.660348
-59.890116
-45.779220
-66.565570
-57.028584
-62.960791
-77.153325
-46.955318
-75.210559
-40.720833
-54.712660
-52.703329
-44.202117
-51.032942
-46.442714
-31.229082
-63.110116
-18.449720
-55.430285
-35.250653
-35.210582
-38.330917
-21.624123
-15.010540
-32.149370
-7.315052
-50.400182
-23.675478
-47.703164
-40.772461
-30.311155
-59.432363
-52.305295
-51.148064
-72.860136
-45.689870
-74.197932
-55.360283
-61.737290
-75.646826
-48.052521
-70.917203
-52.919536
-44.039216
-53.593336
-39.057735
-44.323837
-45.903434
-15.298107
-55.481376
-27.938637
-47.744046
-48.261098
-40.669591
-45.589748
-31.384494
-16.059180
-39.164926
-7.306730
-43.238697
-14.988757
-26.304964
-27.826227
-21.035255
-17.012179
-19.975998
9.473856
-19.761366
13.775682
-6.106930
9.245014
17.382323
8.432726
8.021039
-2.237563
-16.849751
18.520140
7.275458
29.183793
24.517598
16.868979
37.341839
24.961517
41.264335
42.452524
21.762270
32.440166
21.135911
19.589505
34.416766
5.410301
33.367519
12.029462
9.848447
14.267943
1.366696
0.737157
19.442292
-5.757719
30.770594
-3.376028
23.563552
9.199763
-6.554229
4.255252
2.367266
-15.985056
9.361302
-30.617439
1.202574
-17.454096
-2.541804
11.275804
5.280250
17.716950
24.067755
3.747694
40.369801
14.991530
36.526915
35.767990
20.863987
44.033191
23.342300
19.616745
25.767969
2.243201
27.007870
14.730115
10.735729
35.792737
5.809756
40.698715
26.975424
21.700851
27.018033
17.996004
19.794922
31.660138
3.647010
47.874408
13.213894
29.888376
26.272933
21.535506
36.472474
39.853323
27.832636
52.012787
10.192258
41.866088
21.537312
29.490156
31.107988
8.141754
3.900104
8.076372
-24.490005
2.830276
-26.112980
-1.953576
4.595854
-11.459066
5.300900
-4.937461
0.180319
12.343554
-9.458849
15.473702
7.839159
-3.083855
16.166201
-15.289680
8.433375
5.242277
9.689448
27.527362
16.806192
26.127839
42.332395
13.279317
54.907922
17.507137
37.299018
37.249890
31.771194
35.098211
31.073124
23.186305
52.885978
11.485562
46.422271
19.190869
25.818118
31.335754
23.499475
32.320086
44.012805
24.936336
56.811450
26.442648
45.531026
37.174666
19.701982
31.508620
17.546942
17.241674
33.720403
15.553216
37.799691
29.423122
37.020027
59.311263
40.982508
67.351223
59.758738
61.823283
72.709287
60.317552
59.199252
63.266500
38.132236
70.043315
32.005835
46.178540
35.055406
28.807787
38.485045
38.624596
21.058478
37.299732
4.875144
39.824016
8.221856
15.959555
8.110996
3.404674
3.929715
7.502572
-12.684138
17.678688
-7.681525
10.480812
0.671416
-0.097660
7.341619
6.613813
6.306075
20.271571
5.595300
22.550486
5.261217
7.722479
21.649921
4.546427
31.877718
26.192250
27.189842
26.102411
19.401662
24.942701
22.389223
4.748356
24.583593
-12.099366
5.216562
-5.534655
5.654921
11.266098
9.441563
3.466097
29.497431
9.234244
39.084955
10.942600
18.655770
2.080668
2.031603
0.131186
2.160365
-16.730108
-1.521170
-27.767285
-10.110789
-38.028951
-38.398954
-41.397202
-46.898291
-44.172373
-43.611393
-61.687174
-48.397344
-61.544787
-51.589209
-49.531725
-62.708200
-51.443440
-64.509683
-62.346004
-62.367114
-67.674774
-61.068775
-61.905963
-75.389459
-50.378493
-68.323191
-52.409540
-66.792445
-66.223160
-70.715367
-71.854247
-81.989770
-63.691325
-83.289768
-45.459107
-58.645130
-36.439271
-44.253039
-38.843172
-40.128534
-34.771136
-51.486241
-24.157414
-56.444050
-35.906140
-48.161350
-40.621115
-32.440127
-27.360916
-27.466337
-14.534874
-34.902784
-15.340480
-34.522841
-34.219947
-28.492036
-42.611054
-29.975287
-42.766113
-49.392828
-34.358103
-49.933432
-37.301489
-36.230102
-56.854780
-34.840604
-66.982536
-49.450002
-59.293843
-69.040771
-62.201693
-65.228872
-72.023728
-45.138363
-82.597932
-50.552656
-82.406789
-74.823711
-75.094027
-83.981405
-83.753054
-73.856138
-97.520195
-63.030927
-99.594047
-78.806293
-86.804633
-84.621065
-71.283735
-76.670973
-73.849755
-56.499562
-88.496668
-61.075442
-84.859518
-76.907323
-64.569116
-78.082176
-63.559404
-77.100395
-79.967532
-57.691346
-82.325251
-69.418387
-67.499750
-89.903269
-63.574912
-96.014828
-79.607972
-75.498373
-85.302811
-68.485658
-69.318092
-77.621631
-52.852763
-89.752037
-50.267686
-79.465763
-63.841120
-48.780818
-57.996356
-51.999036
-43.522696
-64.255758
-19.876765
-60.859150
-33.429687
-47.670366
-52.143754
-34.854662
-43.942439
-49.204047
-31.470593
-67.606025
-38.748165
-62.561021
-51.056997
-42.958074
-58.467843
-36.477003
-39.156624
-37.348021
-1.022666
-30.485441
-16.059604
-17.905760
-26.451145
6.278875
-24.911719
11.880608
0.509806
-7.996886
18.604288
4.482686
-2.131997
17.851471
-27.023795
6.867651
-14.781642
-14.407946
-12.866326
-24.541500
-11.669563
-5.471484
-33.937924
9.339931
-21.689274
3.211059
4.364100
-1.188412
6.995400
-3.444131
1.413659
20.297497
-15.897076
33.892734
4.553696
24.703971
26.148509
-1.705135
25.816927
21.400327
9.600336
29.703931
3.938402
26.848717
13.595095
-0.360451
10.460300
-28.439749
-0.183668
-13.767012
-17.791070
0.600514
-13.452889
-22.902192
3.374687
-30.559340
4.098701
-26.726099
-6.094270
-13.121205
-33.030444
-7.122799
-25.662838
-27.116330
15.334751
-18.753090
3.514291
-14.100905
-12.666708
9.095584
-3.400057
-3.652588
2.468034
-14.175536
20.677301
-5.108693
4.731936
14.195452
0.125032
13.244020
11.910804
3.039492
26.821226
5.353076
29.023723
-6.860164
2.830497
18.191228
-16.170259
13.749758
-2.167240
17.164916
27.716189
7.035762
12.808870
23.210627
-19.487218
11.523365
-17.205157
5.215005
-2.870519
-10.738158
22.241693
20.172995
19.000391
48.415947
15.270067
42.029050
26.418932
28.315057
30.034467
23.081631
21.501365
37.540532
9.300028
42.161028
8.600029
26.497889
24.997725
24.815577
27.747583
34.174814
22.956274
43.720285
25.732513
41.160484
34.566924
44.390031
46.014117
19.591054
35.910384
26.218124
12.546797
12.050759
-6.831932
-9.203131
-4.864922
-34.801144
4.980126
-42.194120
-12.206792
-25.139077
-5.771321
3.184941
-0.102391
17.288330
41.679730
12.175238
74.024492
45.458945
58.034872
60.034321
66.445341
74.484314
80.670097
65.444567
82.743586
77.973056
101.030135
83.694380
79.084684
87.364249
66.736517
44.194557
78.293344
45.040934
63.740567
58.091015
39.229358
62.851447
26.910991
42.577862
49.887323
28.509510
43.718734
20.106812
23.619798
28.469279
5.733037
34.303250
7.245668
25.884706
38.114365
5.672556
19.996534
26.801390
1.428082
40.388111
5.504440
45.215758
5.794783
27.006462
39.564345
29.250632
54.279285
63.225777
33.429449
74.248963
41.801389
60.032715
63.881412
57.861943
75.206307
78.365138
84.990073
94.110709
55.564379
107.486037
89.915307
96.673447
106.705189
90.342855
117.171000
108.363302
105.615145
110.285749
102.474349
108.436332
107.111741
94.424124
129.502750
105.069537
110.178719
118.808947
110.034806
119.515962
131.824656
91.145179
133.103513
81.847448
113.142906
91.434494
78.004056
86.061139
76.455196
72.860673
86.332422
62.212438
109.893307
71.585855
81.241236
86.416695
72.962284
72.716855
78.216083
75.786003
85.450553
63.845372
99.337264
82.117052
75.844830
106.794102
80.811331
104.774784
105.715490
90.625032
107.306839
84.088718
90.314695
97.730514
68.263049
86.436464
78.294012
72.164938
75.946665
62.735480
67.455524
58.952797
48.042717
69.663660
42.847656
75.866457
56.848007
46.130249
68.503612
54.396069
54.179874
64.130149
33.344819
65.997713
15.790780
53.548095
35.790370
42.001414
62.749319
40.139277
36.090976
64.612812
38.605292
62.588530
32.161251
42.053686
34.743409
16.603403
22.988313
17.157440
15.324549
25.867669
11.547551
7.816782
6.078976
-21.914578
-7.643706
-28.787361
-20.493156
-30.994278
-20.878137
-3.896680
-15.240125
-11.921152
8.618091
-30.293055
12.533893
-14.028198
14.518995
19.402324
9.405555
0.697965
4.290093
-5.854473
9.620090
-19.493018
5.729020
-6.682509
-0.934645
-8.298940
-3.501668
-14.988570
14.535003
-8.598998
4.592865
-27.184137
-0.086603
5.450773
-16.267918
-0.275732
5.948379
2.953981
21.967676
1.590733
31.025031
18.434256
15.524050
36.711964
17.321639
26.551233
16.349231
28.935310
29.220372
19.390396
36.223453
43.775159
25.116079
45.940124
22.393239
49.128267
38.763125
23.243672
19.609554
26.950021
-3.708143
30.689159
-18.785121
13.250688
14.003970
6.243676
1.200921
-7.480939
-18.376485
4.674966
-23.352084
-5.943723
-24.599452
-22.252620
-6.912021
-10.139564
-9.567493
-3.790094
-19.794133
7.759761
-16.708441
19.687057
9.609256
-7.786752
17.158184
5.991589
10.972136
17.045589
17.981222
28.886696
38.384218
29.334970
49.890196
20.998968
60.495739
46.936846
39.669850
54.396975
35.135996
50.216797
48.764132
47.674801
71.122722
23.481930
39.517836
31.801179
19.574749
28.340836
33.471836
16.844647
30.583530
-7.047915
41.672948
8.891454
25.209573
21.250729
17.782350
21.777513
14.466858
6.013844
23.556406
-20.314467
4.469142
11.676356
-15.861874
11.052482
-9.561428
-3.122277
9.110436
3.184478
3.553823
3.017171
7.119314
18.912698
4.713698
20.838464
-0.928749
8.288078
9.222889
4.342804
14.204425
9.376877
-0.867355
43.540001
6.261292
39.283452
33.821653
22.562494
39.820048
29.749946
36.551517
52.888777
29.090416
54.018739
40.390846
53.876693
49.096446
37.845687
59.402898
57.296836
53.481296
81.423016
45.624684
59.178884
50.317787
45.157322
59.043120
41.749106
57.888247
58.995942
42.868057
77.603053
65.988253
52.231158
74.528955
40.597559
71.793100
59.307953
44.194042
61.644392
30.405482
53.087675
44.633582
22.910682
57.020505
20.385558
57.679380
30.764833
41.128116
41.785108
33.676157
31.849668
43.757757
17.051183
56.931815
12.114740
29.376825
41.651254
13.903161
37.524332
29.767048
6.867631
49.269998
5.914391
34.653676
34.812831
29.740693
42.079251
3.044922
38.350417
52.032522
14.608814
51.645285
24.614757
36.004086
47.065159
13.350783
49.919159
27.021355
26.598498
43.301202
29.166872
59.832798
43.152243
32.294446
61.966143
25.069337
62.872442
43.082070
55.898200
54.631122
60.232825
54.879294
86.079055
39.139452
71.547364
46.336368
54.943991
60.178912
51.049772
56.649825
68.410674
47.542533
85.829324
49.695773
73.690402
58.260870
45.964165
60.783733
49.668348
60.347240
59.820245
51.320575
83.972293
78.271408
95.488772
95.372430
78.005970
98.750938
85.135229
84.846686
104.626818
86.083916
92.479532
85.775711
69.966660
90.565019
48.419505
77.968200
53.084002
40.036105
56.566614
51.124378
34.859843
54.466712
11.960181
62.907967
25.578441
53.258859
44.759256
50.683592
39.743206
48.324168
60.854419
76.381192
40.682491
77.145746
46.605315
52.461091
63.890788
42.468477
55.457558
35.247924
38.085389
52.553976
39.273865
41.968787
43.082865
21.647512
38.453765
32.592547
23.485679
36.078775
18.142727
19.243547
24.269391
-8.257032
30.784329
-11.935743
12.340845
-5.116168
5.335221
9.456421
-1.107090
-0.251335
7.704162
-9.354993
24.974851
-17.218454
20.153712
16.494002
-2.245799
-0.029526
12.033228
17.896433
30.823793
6.518225
41.299341
25.931667
42.078102
45.878789
42.903956
58.247866
66.765795
60.096961
82.897833
61.013574
78.957843
83.010390
61.410910
112.457430
91.514740
100.841834
96.332722
77.540885
96.981046
89.838831
96.488322
105.969842
75.839323
123.828092
104.377947
98.845656
107.089902
89.552420
96.255121
110.379078
81.511231
130.479520
95.402728
130.770454
110.455454
117.949826
137.608159
129.942918
116.237001
147.157471
113.427088
145.257977
129.380535
133.424556
146.416135
134.438235
130.705518
129.838138
101.462125
130.071120
97.553545
131.038865
115.243316
102.654276
123.062937
105.216483
110.739549
112.483012
105.289278
118.824006
128.058334
101.975148
143.131910
119.755074
128.465099
119.979506
125.726183
126.349136
122.032770
114.540929
137.187057
110.141822
136.653671
122.726804
127.013312
130.431798
103.245683
113.319095
106.961502
84.845370
119.005963
84.775989
99.710712
83.093065
83.089213
76.635257
62.071372
66.899472
74.960830
45.798101
83.626613
70.588156
87.093152
85.680895
78.707598
105.398331
76.883774
79.301296
92.414418
66.872701
85.435934
88.586894
72.026246
90.149590
57.590446
96.781218
88.661739
80.567731
89.285220
67.564211
73.695382
81.007710
59.559145
104.197261
52.513901
90.236299
83.035551
77.382739
97.845599
103.805395
82.790420
121.705075
72.760998
102.146093
93.112872
101.638298
111.703148
111.512085
106.365694
122.480207
79.325841
112.292676
86.741992
107.533902
100.387963
90.108905
111.627180
91.827570
101.602263
99.471128
68.486553
85.701306
81.692796
85.864045
107.646523
86.106025
113.284432
84.010999
92.837929
94.700064
67.669209
79.218571
69.807938
46.400848
76.057615
25.597917
49.560503
44.518369
45.536788
48.479562
51.761558
46.534843
70.350677
38.035717
75.458090
44.430415
47.852790
70.909996
43.153550
69.088793
66.904577
53.240919
86.851563
63.737143
74.458274
70.055812
70.874525
68.844029
62.101399
54.578536
67.396032
49.094214
68.889044
47.145446
62.556719
75.109324
60.993608
75.969063
57.798516
53.780454
58.361097
41.019805
50.493299
42.450410
31.377000
75.050276
51.250407
57.102414
55.418515
54.245087
60.259190
51.805912
38.511616
63.864076
29.601700
69.236077
22.582178
49.010193
48.914684
43.503672
41.996120
43.467301
25.418956
45.010870
11.198370
37.200070
27.572900
25.562950
28.084238
18.395846
21.183097
44.208925
22.551060
33.719914
14.501816
18.131773
31.667614
29.482562
52.817200
39.173863
36.013813
55.257885
31.217250
56.612056
58.709888
40.151657
71.800172
45.184117
84.552289
64.636026
67.593463
71.996497
73.968888
63.158003
71.641332
58.076513
68.076824
51.988868
67.510638
58.996966
45.269390
34.277496
37.697273
34.250808
35.790072
26.588486
58.708658
32.110139
52.526174
36.245588
25.506441
41.660040
38.364313
28.413095
58.931561
33.782023
58.364718
70.392754
59.835882
78.389469
73.171851
77.210044
83.061178
74.888918
84.866170
80.058822
78.739330
94.666828
81.900235
97.423618
95.154890
103.446363
107.726404
103.116982
97.698506
105.691606
93.573314
120.929752
104.156823
119.901936
116.002219
133.283345
133.708566
137.290953
109.267459
134.898455
103.512246
132.933438
115.681509
125.755373
130.370414
128.054617
120.109523
123.484923
108.820199
130.958319
100.836540
122.818170
102.293581
98.227095
112.174081
101.845546
98.475367
102.302856
96.187365
109.418697
113.583141
94.018207
131.770045
107.894542
119.300829
114.003853
115.621629
135.397852
136.235798
139.746593
164.810431
142.126203
166.885043
150.336351
150.194507
139.829075
139.925022
132.713119
141.695508
113.839459
137.396177
91.102786
116.239168
96.909901
91.307292
102.371000
85.891317
69.969232
93.908409
61.521087
84.821345
57.577379
69.224934
66.149420
61.295814
82.003000
75.354257
57.431113
77.216784
56.389577
67.769032
52.879043
41.683845
71.082833
32.175104
56.813666
48.198784
26.989455
32.868476
31.000873
27.388589
57.166253
26.564782
64.546347
41.977904
60.856827
71.407254
54.735731
60.396016
65.542010
34.650330
61.237456
8.708349
49.379871
44.067981
48.119080
61.473409
49.774157
51.274270
70.006427
41.968446
66.861669
29.603060
40.813161
55.512778
33.472605
48.602369
38.040358
26.292780
59.592562
20.579259
42.317400
33.306424
18.186060
47.313552
9.703018
32.741027
26.359357
14.590923
29.413747
31.839886
33.944998
54.745000
19.320595
60.748268
43.353637
43.248601
69.545392
60.077745
67.829430
65.424048
38.432291
60.583002
14.937526
40.098262
24.506562
22.136312
21.086313
6.043834
-8.211186
12.175773
-31.381620
12.572594
-31.609812
-3.169949
10.521938
-26.927022
3.956509
-4.501306
-15.687005
7.479828
-9.607337
17.437758
4.562876
-4.273858
15.418923
-16.967475
6.921606
-9.802638
-24.305754
-3.306808
-13.581771
-13.604401
-9.696822
-46.743851
-5.028498
-27.021855
-7.846649
-5.677044
-7.181992
-4.808338
-15.670065
-22.272745
18.073121
-31.786214
11.638815
-11.041756
-2.784991
4.261951
-0.557515
10.701023
19.581947
-10.085417
35.784231
6.601789
28.402037
23.587165
22.821041
32.904336
13.972362
-0.276234
18.590381
-7.703549
25.933434
16.788911
13.907432
35.324270
10.114327
45.276159
40.778392
30.593446
58.182485
47.947998
44.311340
56.112271
26.296970
60.612934
22.959191
36.191494
35.922859
25.892703
42.361738
38.527363
31.589550
61.232430
32.779489
69.222965
45.998802
57.203827
63.081090
55.586416
55.156260
60.145309
43.286235
77.555163
46.548255
71.708761
60.393960
61.473370
75.048143
59.497302
53.649843
67.367945
36.492254
50.428387
27.849237
31.134835
38.796968
21.846776
44.002668
39.810031
36.315256
49.158810
24.951606
32.935165
35.974611
17.242857
47.875027
26.406530
51.495062
57.528539
53.710371
65.952756
57.818759
52.643825
73.493576
41.737291
81.502284
57.885451
75.178287
77.323082
74.840403
80.962597
93.212724
74.586647
114.346030
81.127399
111.199176
102.635145
101.782435
103.271618
90.311522
86.352001
103.788773
75.108916
94.948738
71.335416
80.085935
79.664227
61.815412
81.946901
68.606890
64.232419
77.485823
57.774663
72.849035
71.250023
59.966278
81.712576
56.169704
69.148680
61.816847
57.329892
67.431064
61.362927
58.357810
73.698902
32.443728
58.222988
33.872935
51.636367
59.354649
53.594133
57.241303
68.742228
34.741596
60.730992
20.477392
39.337719
21.437254
21.036200
29.612170
14.179765
6.779750
22.276416
-12.961387
22.203670
1.899108
11.109121
15.886849
-0.759965
15.521347
5.426195
0.642590
22.753868
-3.878927
12.517665
0.336999
-14.535203
20.558896
-4.826187
17.410110
19.135419
11.578062
39.378074
36.188571
34.389272
60.436326
23.046907
62.447701
37.807085
41.500328
43.154498
35.916537
43.082619
52.174461
21.156842
56.937516
16.942653
47.756616
30.402223
21.979050
37.886618
34.982720
32.487187
61.798043
27.855995
61.859295
35.753954
46.064053
62.633790
47.750872
56.006049
56.012196
42.211618
62.231697
46.977605
70.960216
69.448504
45.858082
68.019076
36.536727
48.925376
54.372971
26.732164
51.235641
35.446499
23.628896
44.770972
8.668586
50.335626
27.820701
30.853388
38.246837
30.508138
42.553297
50.335071
26.856831
67.201804
24.818119
61.788696
48.897581
39.432913
53.131409
47.727720
44.848535
70.280770
34.544202
66.543103
41.614706
48.833355
53.984291
46.787070
59.498733
55.334029
41.440352
70.585501
41.886093
58.856422
51.587831
28.916226
45.603614
21.344312
34.377269
37.150799
17.617506
30.807464
17.925287
16.105110
29.164827
-0.904018
37.891861
14.724458
29.963451
32.384105
17.962234
18.377221
24.756922
9.567691
42.541496
10.091374
33.039244
12.686472
14.696274
13.234932
10.965367
5.651286
18.394357
-13.482074
5.227387
-18.411605
-9.750586
-3.005212
-9.468175
2.403683
13.142853
5.045542
20.207032
-9.177204
20.323201
11.975387
10.025575
30.724980
15.506014
31.168521
30.751379
30.268343
52.675448
40.688099
46.493577
54.426893
27.838535
54.501977
36.677665
55.132938
54.208245
53.442212
51.678115
48.728515
23.346477
52.037175
19.018386
57.385213
40.673926
58.575304
62.506795
55.250022
48.009392
67.035404
34.751295
59.476261
28.211423
35.367593
28.883122
22.811312
27.325772
20.309840
8.185744
26.049100
-0.750783
22.808607
8.201354
10.861999
16.319762
7.706514
22.266894
16.117553
6.712780
13.133731
-3.086368
4.351409
12.878510
-0.784239
21.339025
4.766708
21.294084
14.543590
5.094318
4.717070
-1.893093
-19.203073
-0.291014
-32.980643
-8.550041
-34.236040
-16.495449
-18.967219
-11.652294
-15.052698
-1.427889
-16.015658
5.704364
-20.459644
0.179555
-4.486155
6.003846
11.704107
18.181008
9.570579
24.965930
-1.339525
16.707095
2.277156
3.515213
11.166615
-4.010730
-2.094507
-7.082072
-21.633581
-14.056313
-33.563743
-34.420954
-36.367439
-45.599165
-25.447658
-39.904156
-25.251598
-19.427035
-21.512571
-21.457528
-17.296987
-35.969945
-11.245168
-37.542171
-11.410193
-23.480310
-13.328688
-14.860433
-5.515027
-9.405385
7.081588
-25.966599
4.409519
-24.931663
-8.202336
-8.212568
-15.250279
-7.734722
-6.401659
-30.399199
-14.358515
-59.179500
-36.276152
-47.981455
-43.508214
-26.845268
-42.594554
-35.352590
-31.857200
-42.905090
-14.818780
-33.168694
-25.677693
-14.178646
-30.681233
-1.081796
-19.952667
-7.533005
1.756875
-17.923376
-3.482073
12.851002
5.850265
42.753002
10.109247
37.070032
22.717449
12.384359
21.545280
15.694312
13.779730
33.195871
-0.431701
41.670397
8.315693
30.704212
42.180163
33.581864
48.768107
43.667513
25.039139
53.112308
11.471235
37.486322
20.024999
22.588748
41.168197
17.457417
25.851878
36.977708
14.449995
43.130176
23.029219
35.312560
45.056847
14.650615
35.427045
16.488105
17.070188
33.493514
19.206217
38.515960
37.504512
30.805158
63.298715
23.058813
49.209614
44.068734
42.381115
49.095454
45.362699
48.530545
64.036976
33.411782
78.494830
37.585181
58.198609
55.426050
50.102139
57.598672
54.954392
38.488543
65.233219
27.891118
62.782288
34.864251
36.549457
54.112041
40.352746
58.645851
65.382076
48.254828
82.585721
48.991885
60.695893
60.870108
34.877970
72.266110
60.551275
72.564838
83.931871
56.043046
80.838945
71.838569
63.072622
94.346236
68.806171
101.224690
82.546564
89.365450
108.086687
97.368155
105.056210
113.285626
76.835011
112.104312
76.101102
103.213041
93.071018
97.140484
106.731315
99.411954
95.937219
121.599029
85.338956
123.906013
97.624349
112.997393
117.746183
94.986323
109.919841
116.204772
104.357062
137.546035
102.916547
118.850081
111.724249
96.921004
117.803982
95.750547
107.059965
114.953663
105.159908
134.713524
123.982014
120.563771
133.674392
103.936800
128.515403
106.130259
111.868343
110.041205
92.996261
89.358639
93.984227
65.064505
95.122525
53.704890
72.301121
51.968683
52.145065
59.926731
65.550081
55.391110
81.887507
45.681530
77.684809
44.180958
60.575801
65.024640
64.412932
78.082125
75.803548
63.056626
102.025797
76.204703
108.628988
94.161709
78.696256
95.520894
73.662180
86.585981
89.000571
69.185128
86.464520
86.876536
91.832450
106.776228
90.331497
116.338071
97.447345
106.748518
115.585011
99.905991
108.101557
106.123753
87.633730
116.610956
73.836289
93.080197
60.141683
63.771994
72.003505
70.168705
66.513136
90.747290
54.017745
79.648597
52.919838
68.071417
66.086092
59.711185
71.279713
78.672500
65.344846
92.570949
47.828626
59.827344
44.388058
37.215561
52.022983
37.486743
41.668302
45.520036
21.576156
39.322129
26.836076
23.455706
34.533473
-6.525320
18.877237
-3.611208
4.714794
15.995552
6.685954
19.288571
25.144331
-0.617905
31.989036
1.784904
25.802584
13.355329
9.447865
21.111096
25.741654
20.810269
51.079101
15.293134
57.424941
32.571394
48.594341
57.578065
56.967343
64.963814
73.505101
58.970586
83.539439
49.294607
70.026825
68.181095
57.307846
69.689340
48.378643
45.759825
55.384082
30.832276
53.960776
26.933158
27.913320
40.797097
9.804314
36.535190
25.009423
31.429653
50.533222
29.135252
29.949014
38.526385
8.082813
35.038541
-2.128635
17.798836
9.792626
9.902611
20.266218
16.783133
14.294987
41.035862
-9.207718
22.367169
-8.296103
0.748722
3.117721
-15.680708
-6.790701
-6.245254
-25.158190
10.197803
-32.112150
-10.716756
-23.266102
-36.068747
-24.764813
-43.243429
-39.573241
-20.213649
-58.815815
-30.343095
-46.126461
-43.993802
-26.795614
-51.015948
-24.813691
-38.903865
-36.540495
-14.088946
-32.473411
-20.520103
-13.836220
-27.049920
11.416822
-16.461306
7.195940
4.537723
2.381286
12.604998
5.568130
-1.877898
25.005403
-9.737724
31.345997
6.925161
17.619780
19.904556
15.845232
37.018858
48.770222
27.136560
62.806407
19.328100
40.737277
30.514470
23.449533
39.716735
27.386548
21.613127
32.126759
4.296389
22.085557
-3.736445
9.192873
27.014388
8.158717
28.477479
8.453888
3.741220
14.418096
-8.237442
9.364745
8.485002
-2.952513
14.531590
-9.987160
10.479641
-14.995287
-27.799169
-31.192595
-35.810223
-50.564688
-35.331556
-69.366286
-41.772111
-81.858048
-69.414003
-68.619487
-71.547619
-70.137672
-62.147539
-71.341735
-48.887618
-84.833203
-62.753122
-78.167834
-69.471996
-66.620631
-72.940035
-74.581201
-62.860520
-84.106607
-60.359322
-81.652026
-67.654469
-68.856192
-77.616846
-66.138331
-66.335675
-59.552421
-54.468019
-66.232950
-47.962986
-41.984727
-41.531322
-19.980482
-32.671244
-15.095582
-28.767735
-24.155220
-28.783441
-28.441150
-37.872525
-20.143243
-37.879622
-7.462470
-28.149929
-10.285902
-19.606497
-19.466111
-19.369085
-10.339001
-28.879905
-1.537600
-29.700936
4.536718
-14.882128
-3.974737
-5.033314
-12.559327
-21.880925
-10.239415
-23.016596
-3.345946
-20.094163
-6.633908
-3.248227
-12.371046
-0.517138
-1.732728
-3.911246
7.232476
-3.281181
3.318000
0.173888
-4.470650
11.105325
-7.879958
18.322353
20.658369
21.085595
36.220233
42.288429
37.260829
55.376317
29.462866
57.123505
35.080051
48.760128
40.450879
45.792586
51.550404
53.740149
32.317591
61.754539
21.439918
47.418809
27.281517
24.825035
20.702834
7.856565
16.077776
27.233831
0.487856
20.544482
-13.938318
-11.600994
-2.161666
-8.356359
6.871694
1.477344
-4.131141
12.004646
-8.515230
4.519260
-2.412869
-8.637840
14.214812
-16.026841
2.635098
-2.836080
-5.846771
14.624938
7.941381
8.187086
25.751971
-8.953842
26.633014
-7.720367
2.389770
1.857794
-12.075192
1.281411
10.370780
-11.880087
28.917217
-12.641958
17.442379
6.323180
14.118276
29.858524
20.772662
12.878953
26.277589
-5.997887
37.137754
6.402042
19.270319
12.338689
-7.465151
10.776735
-1.717742
-11.809075
8.691583
-17.542775
-3.790278
-12.987047
-28.147477
-2.471934
-23.404048
1.668374
3.692201
-11.959084
10.139833
-6.600594
-16.294157
-8.333790
-42.746855
-2.311479
-36.867687
-21.840371
-9.396997
-9.648294
18.129520
17.340583
-3.992436
27.596714
-24.113468
10.883868
-11.343094
-16.618091
-2.531960
-15.474756
-10.581338
10.467342
-19.094536
26.010059
0.247661
24.643812
29.412993
11.228466
35.612351
33.010535
24.124050
39.523979
-1.755241
33.237898
25.745213
31.209047
53.068833
21.225815
53.449554
47.806035
30.031761
49.117733
27.125696
35.190494
47.442385
21.850429
60.990206
32.396682
47.657547
51.004285
33.735031
43.099612
34.548596
20.599489
52.008528
4.837465
40.535731
13.322921
24.038926
34.380772
21.814808
32.235031
48.965361
7.124917
48.217166
17.192896
40.245646
36.630920
26.776131
34.539013
17.628446
10.625959
25.519272
-2.944598
19.357474
-5.435848
-1.500541
17.874975
-0.276150
22.399381
12.741843
10.727971
26.811871
7.169230
17.881800
12.535829
-0.050633
25.024035
-6.701901
16.154751
17.045518
12.036752
14.599598
10.435752
5.237439
21.794877
-12.493024
22.952057
-8.018724
9.108551
3.464807
-0.918814
-2.309788
5.690404
-16.200935
20.836505
-16.061229
12.826082
-4.741655
-5.812920
10.270745
2.041813
-2.170285
19.139471
-5.113346
17.833879
3.038417
8.877634
17.017192
-12.845312
0.384181
-10.504611
-13.877371
2.208459
-21.192460
-6.085441
-9.477880
-20.060638
10.259896
-15.367132
8.704672
1.397883
-4.375950
1.673755
-5.276962
-18.912534
2.026511
-38.379951
-11.353938
-43.295551
-35.047515
-35.979303
-48.350172
-31.456087
-9.634955
-36.902026
-6.135774
-42.907988
-16.274311
-23.629336
-33.123200
-21.983977
-28.685771
-43.514940
-24.993288
-57.845046
-25.382865
-50.044500
-41.911612
-26.266401
-43.612599
-28.175592
-32.290269
-41.079856
-14.759552
-36.773041
-32.865254
-38.009157
-62.076446
-35.292374
-64.964814
-50.766422
-49.522224
-63.077311
-51.414158
-59.369178
-68.485410
-32.532778
-70.574027
-33.871355
-60.209548
-58.187394
-53.321766
-60.028955
-58.587947
-46.457781
-73.689270
-38.549256
-74.335038
-53.030928
-68.686797
-82.520636
-65.702353
-74.324948
-89.016657
-68.186293
-85.905828
-49.643081
-70.566302
-67.085590
-60.156332
-82.449786
-70.445524
-87.403961
-97.513157
-78.164647
-105.257910
-91.944781
-92.722581
-111.776775
-78.282797
-108.038190
-87.533347
-83.415734
-93.271538
-74.764287
-83.706895
-101.155614
-75.694288
-111.043555
-77.292233
-100.495007
-93.517291
-91.405053
-99.412396
-90.448342
-84.489390
-113.754917
-80.020326
-114.055644
-90.439846
-99.994375
-109.582366
-96.541306
-95.920782
-101.156439
-67.722446
-98.579262
-55.226052
-73.883502
-69.846215
-65.804739
-85.469132
-71.914478
-71.013989
-77.900321
-55.380949
-84.551809
-77.407370
-82.275839
-87.078362
-63.290753
-94.213617
-86.282227
-83.788991
-98.060893
-83.232778
-83.246403
-85.509516
-65.628527
-97.667155
-65.071611
-95.572681
-90.903855
-89.379174
-99.030947
-102.845819
-93.724548
-113.877676
-85.702860
-119.751315
-94.768327
-110.058216
-111.821926
-108.699396
-117.061790
-122.708885
-100.944367
-129.770572
-100.581821
-119.685520
-113.019188
-111.380880
-111.554473
-96.260119
-91.695932
-97.170430
-79.244399
-102.205184
-85.546256
-96.554930
-107.993612
-96.237447
-116.359438
-112.315045
-118.076820
-135.268806
-118.090937
-119.350066
-129.221508
-114.283521
-132.003142
-96.534085
-112.848250
-102.971928
-104.720841
-105.672533
-103.464488
-95.294911
-108.216044
-75.646560
-108.095745
-88.644001
-98.206547
-90.528672
-89.798882
-88.322238
-89.738734
-71.693986
-93.626370
-60.676479
-77.079893
-56.884898
-64.127003
-68.510283
-68.080273
-71.692076
-73.376892
-63.849948
-81.249419
-55.994679
-67.976140
-66.910165
-59.617958
-63.793287
-58.084675
-63.846247
-71.821472
-70.704754
-79.101009
-74.545273
-75.331218
-93.024667
-70.910262
-90.273828
-78.591923
-90.229136
-87.380318
-88.351798
-82.545120
-98.827586
-77.020724
-94.307397
-69.904195
-86.941186
-74.856594
-79.463620
-78.504024
-85.788225
-77.772616
-101.626077
-67.632133
-86.473600
-75.788566
-84.425342
-82.642050
-82.524121
-69.828163
-71.754597
-52.256772
-74.811881
-52.010293
-60.604216
-67.232924
-53.924893
-66.425992
-59.476696
-62.092318
-76.882871
-57.576182
-65.456636
-58.202060
-40.586962
-60.507730
-37.193164
-56.261155
-46.837324
-44.748655
-51.434222
-43.656082
-32.723611
-47.674817
-17.009899
-40.113444
-12.031033
-26.422425
-27.287373
-18.654588
-13.831961
-27.733873
-9.757001
-44.785054
-11.562725
-40.931107
-20.009482
-12.895997
-19.941521
-12.318952
-2.381699
-20.525785
2.421712
-31.285255
-6.392575
-19.242613
-32.101813
-12.278568
-32.568991
-33.133230
-26.459884
-47.623721
-22.123999
-34.016375
-38.971286
-20.531264
-39.837878
-12.122326
-25.525077
-18.201041
-9.562439
-24.604642
-20.441435
-16.424908
-33.831724
6.510254
-32.478697
-11.009189
-34.349681
-38.997052
-22.915614
-27.436090
-32.132418
-17.080587
-54.808799
-15.777693
-34.488309
-15.337699
-16.995533
-22.687554
-18.211513
-12.384868
-24.866551
6.586628
-34.411394
-15.366900
-37.294958
-48.113991
-34.508268
-62.442249
-42.912067
-45.216758
-73.903876
-53.068369
-84.065236
-76.046403
-63.053238
-94.235271
-57.098211
-71.759400
-71.322029
-54.681197
-74.002514
-60.882006
-57.078528
-72.126593
-35.828286
-63.662603
-26.289961
-35.553736
-33.840401
-29.173788
-45.958145
-55.168333
-33.482243
-72.602545
-34.225301
-63.980139
-56.070834
-60.075045
-73.024872
-58.376377
-60.849071
-76.249380
-43.828076
-77.983148
-47.787552
-60.429830
-57.246868
-40.654955
-61.023635
-52.620614
-42.344323
-70.193230
-42.003384
-60.902374
-52.945487
-37.870916
-53.785786
-26.228318
-54.187670
-46.320045
-37.098500
-51.879578
-31.427724
-44.725534
-70.889229
-40.679399
-75.802117
-45.353147
-57.055327
-51.041027
-42.904644
-52.007364
-57.650150
-39.629356
-71.564587
-39.049806
-76.113867
-54.795010
-52.133880
-54.827238
-55.755579
-61.209263
-81.362095
-58.983192
-97.685874
-63.352577
-83.027901
-68.669486
-58.042189
-68.591384
-53.100843
-46.827693
-63.137836
-34.101612
-62.000250
-44.929465
-48.889162
-65.579539
-38.758201
-59.833165
-43.817136
-34.598012
-52.752704
-38.896725
-49.989273
-44.749490
-27.478875
-52.039626
-11.611356
-28.046457
-14.236212
-8.603388
-13.172611
-19.932246
-12.862727
-41.439674
-12.437720
-52.925855
-18.257917
-28.598430
-30.659998
-22.238129
-34.738112
-38.851470
-13.123760
-44.392703
-10.068012
-38.898613
-26.556456
-21.860176
-31.829068
-21.499909
-16.762701
-35.659327
-9.618946
-29.475130
-8.317483
-8.806857
-18.119665
-5.218428
-34.398583
-29.333206
-26.034019
-40.589451
-33.408772
-50.214174
-51.592570
-27.466266
-50.009247
-23.024555
-36.641404
-33.827302
-22.524478
-30.764700
-17.911529
-5.381455
-23.004491
13.470696
-18.130277
0.654870
-9.295609
-6.344264
1.540089
2.977547
-5.053976
11.930213
-26.978693
9.113545
-11.964301
-4.192317
-1.510605
-19.917646
-12.882236
-3.438176
-25.380327
9.299126
-16.653848
0.534165
-0.354441
-19.874622
2.468385
-20.692368
-19.972741
-14.035031
-45.494873
-24.395395
-39.027495
-43.397303
-18.624173
-51.481749
-17.885109
-26.282172
-25.333274
-9.839410
-26.803733
-27.593977
-26.309670
-50.126974
-24.508091
-56.094594
-28.146190
-33.570169
-33.840912
-25.582873
-32.640175
-44.787381
-20.248623
-63.850504
-29.425126
-58.480267
-53.441608
-42.232017
-54.334331
-47.971547
-37.901599
-66.674973
-22.918068
-54.423637
-28.602023
-24.889139
-32.657926
-13.401406
-30.065568
-35.077024
-24.412078
-41.427219
-23.140239
-29.635930
-34.828660
-9.590373
-35.169649
-10.839534
-27.716260
-34.939365
-25.568102
-47.929940
-46.854684
-25.746329
-52.686621
-11.824557
-40.675482
-13.550415
-17.301698
-30.974756
-19.053615
-19.512309
-27.945964
-2.930639
-42.904542
-7.227420
-35.180729
-27.501500
-21.666333
-30.863095
-24.219907
-13.481513
-35.233259
-4.902268
-47.202589
-35.549187
-35.997647
-46.294992
-26.388306
-32.592349
-28.848814
-4.931182
-28.080327
3.398768
-16.007611
-17.495079
7.789659
-12.801530
10.865346
-8.817618
-3.724137
7.591970
-8.171329
-0.532410
3.805738
-15.712051
0.649727
-35.164271
-12.019400
-7.478070
-3.735422
-5.594280
-7.094225
-16.709323
10.718700
-20.963617
15.120440
-13.036358
8.055034
6.394569
3.092669
5.398207
9.547216
-13.694781
18.414135
-6.828461
10.224494
0.951916
5.353565
14.890199
3.798732
-2.886512
12.705810
3.596766
21.920815
2.844313
4.891318
12.549609
-4.953856
9.938591
-1.159843
-1.300212
5.691407
-6.155853
5.948428
6.504179
-10.167146
6.438301
-22.757568
-8.844862
-33.581800
-25.326073
-23.204192
-30.234660
-34.009829
-14.770139
-39.256838
-11.646960
-31.437706
-12.252966
-14.358171
-7.768427
-11.161946
-3.853468
-12.813659
7.946320
-6.341778
13.894766
-5.127992
6.373306
7.743448
7.171501
11.714667
25.051845
12.744668
26.945942
7.223343
18.954923
11.729778
1.668624
9.998555
5.205721
6.663178
13.626574
2.654415
13.726345
14.101502
7.755184
25.301763
5.909691
24.331434
6.464242
11.888990
10.949439
3.494205
-9.961386
6.462748
-21.214395
0.720958
-26.058037
-13.432059
-27.222076
-27.931324
-35.734856
-37.850222
-54.551546
-26.389686
-70.215118
-55.946650
-60.387602
-51.491697
-48.373063
-46.849184
-49.404513
-34.243614
-62.048832
-39.532118
-61.022061
-52.074210
-45.835058
-60.003968
-44.016711
-49.272122
-50.840536
-24.248415
-46.429728
-32.414638
-32.261862
-49.559965
-24.530556
-50.180968
-28.850103
-38.677917
-50.651377
-50.402459
-45.254973
-46.595338
-13.119629
-45.933658
-12.189265
-36.794782
-25.496925
-22.539814
-32.056154
-18.126480
-10.701720
-31.705240
-2.098913
-44.227239
-18.797883
-35.997253
-40.640809
-38.124111
-44.959947
-51.202459
-36.332395
-66.609821
-40.194590
-65.992317
-63.851484
-58.368535
-71.276802
-49.016474
-51.289461
-54.496471
-35.257587
-46.338167
-28.236615
-33.965886
-46.185516
-11.002692
-28.615183
-10.773999
-17.402061
-29.903551
-13.380344
-22.135683
-23.352459
3.042113
-36.428780
4.381506
-19.870558
-11.021429
1.127069
-10.056690
-3.563026
3.816909
-20.401347
26.243717
-14.393424
21.525069
6.163678
4.786418
18.965398
1.283426
4.482975
26.242827
-0.771512
32.194237
5.037185
26.297797
35.337535
13.516482
27.155751
15.644755
-3.242072
17.134030
-9.069370
12.406879
4.358748
-15.389630
1.783021
-40.465160
-18.967923
-15.347098
-24.197096
-5.715830
-21.189376
-21.534805
2.299711
-31.633491
2.085842
-30.017313
-21.668557
-39.533047
-63.792437
-50.334586
-47.053884
-70.933032
-43.907056
-87.290712
-58.402865
-79.899378
-79.685139
-69.942520
-88.168725
-85.508145
-66.920461
-92.166185
-55.271763
-83.915017
-63.550690
-69.643006
-83.361441
-65.481425
-76.471587
-76.875778
-51.847895
-75.746640
-49.300834
-55.742558
-70.120445
-43.049989
-66.795055
-43.606071
-50.514393
-60.739664
-46.129245
-59.541466
-61.764211
-54.324408
-87.154789
-51.122683
-76.864576
-59.177042
-53.215571
-62.472389
-47.718211
-42.927293
-60.037063
-31.753329
-72.769344
-41.841483
-72.377116
-60.472112
-63.191038
-72.779381
-67.585241
-55.523654
-83.084183
-44.478961
-75.502073
-56.028113
-67.265180
-81.608282
-63.206108
-82.773938
-88.996761
-71.148957
-101.696897
-83.587843
-100.536421
-100.062943
-89.697434
-112.059103
-85.113895
-94.176531
-95.917501
-87.591001
-106.632478
-89.666646
-76.769575
-100.617468
-72.077976
-97.575721
-68.725712
-74.139188
-75.118865
-67.382137
-77.018041
-84.599012
-58.652192
-89.454002
-50.907291
-70.943852
-65.054621
-52.771027
-46.875865
-41.390700
-24.401081
-52.684301
-16.660560
-46.377192
-28.154658
-34.689991
-44.959923
-32.764983
-37.758034
-39.967097
-19.039589
-43.988669
-17.733624
-30.593234
-31.695725
-19.808449
-42.548911
-27.286787
-40.632939
-56.090729
-36.973203
-64.300297
-67.774033
-71.305436
-102.021256
-78.476217
-109.481493
-89.813269
-83.456940
-89.943024
-81.894405
-85.106118
-86.752693
-53.087824
-85.264074
-47.634164
-68.003077
-56.141993
-49.986716
-59.725829
-63.840289
-44.807677
-65.434939
-28.520349
-69.921306
-41.534920
-51.813199
-54.697337
-46.928201
-58.219170
-57.332047
-41.159337
-86.447137
-51.411994
-71.796002
-75.418658
-77.206758
-102.705932
-87.569905
-96.995259
-116.766105
-98.787053
-129.109800
-132.982654
-136.845355
-160.997454
-135.164279
-166.889534
-151.088001
-148.496220
-165.566520
-156.050475
-162.476707
-177.082378
-150.994685
-191.503196
-146.244920
-163.509925
-150.451500
-131.378765
-137.254082
-135.683478
-114.396296
-148.162728
-111.591519
-151.282421
-140.458194
-141.802378
-156.083479
-145.357364
-147.711187
-150.877711
-126.573845
-160.018732
-125.859475
-151.712644
-153.846119
-144.652749
-172.615403
-162.534570
-166.444305
-179.155670
-153.605668
-171.440234
-163.448101
-158.745711
-178.983533
-152.298897
-172.482196
-162.159514
-158.973810
-173.330104
-159.414152
-164.419368
-168.420265
-138.451489
-172.509654
-146.082842
-173.332452
-168.935531
-154.836925
-159.097034
-156.799412
-144.341895
-170.057195
-133.321054
-164.733446
-148.461452
-159.164554
-157.809144
-152.412407
-152.926903
-157.027579
-130.414867
-169.293197
-152.562453
-175.504479
-166.417705
-157.490745
-175.126559
-158.282253
-152.893035
-154.875271
-122.407038
-141.442339
-130.747527
-120.314062
-132.929179
-109.219883
-127.050115
-113.712228
-116.318510
-129.054114
-128.255363
-133.308450
-143.625489
-121.240438
-150.661931
-135.050395
-159.477451
-148.197219
-156.301421
-150.563117
-150.685841
-127.755510
-149.617217
-123.982232
-158.417481
-136.369561
-154.103071
-155.916816
-154.858012
-161.653594
-170.175855
-156.258713
-189.653708
-166.802534
-188.084158
-173.662367
-181.624265
-192.885608
-187.507857
-191.156799
-200.513837
-185.068975
-202.571644
-187.929499
-193.260183
-201.030973
-184.235204
-206.667277
-190.946532
-188.953122
-183.982315
-175.348960
-168.859482
-162.802145
-141.052718
-151.490052
-129.100990
-150.147184
-136.676460
-145.481998
-135.954266
-143.510090
-132.795504
-150.652515
-124.872438
-148.546718
-129.297414
-140.906545
-144.531127
-153.516941
-151.420472
-170.337121
-160.783842
-182.483567
-152.764098
-171.773414
-155.678583
-161.846775
-161.075288
-153.284300
-149.481300
-150.724373
-136.369920
-152.274442
-135.720516
-141.215140
-146.710079
-135.423289
-152.917171
-143.048131
-144.080672
-152.816070
-145.159217
-137.685104
-137.148441
-120.430452
-140.262881
-111.038148
-126.123454
-118.806937
-114.240913
-112.068627
-117.576680
-103.288799
-127.871602
-94.566364
-130.086450
-100.003512
-110.402714
-111.634351
-106.880137
-110.921509
-124.335634
-104.377807
-134.503426
-103.217246
-121.177704
-109.866721
-113.325016
-125.404949
-125.456409
-128.735127
-141.007760
-114.220276
-151.075295
-139.801462
-139.911511
-153.478174
-134.385430
-149.846055
-143.517274
-145.136386
-163.471869
-153.707881
-158.326805
-151.628509
-129.238481
-151.734826
-119.908847
-134.262295
-137.458256
-127.206219
-134.840389
-140.361876
-134.376597
-173.182803
-139.660285
-177.637705
-163.096454
-183.262624
-192.291224
-187.437518
-201.024285
-210.737269
-191.411811
-225.684696
-182.498999
-208.354782
-192.848609
-186.960947
-205.784925
-192.945572
-190.824727
-208.626086
-177.341170
-212.499048
-185.789068
-191.357877
-211.681951
-191.548596
-214.897681
-215.217224
-206.819383
-226.759048
-195.978525
-210.729117
-198.529271
-176.421338
-204.473004
-172.925354
-199.502348
-184.454845
-172.350052
-188.328104
-173.112481
-159.115058
-186.140883
-153.572762
-191.036431
-163.948514
-170.257284
-166.222137
-148.429777
-154.423003
-155.581752
-133.567342
-171.481650
-141.216928
-171.273589
-159.091303
-149.731700
-154.850033
-143.538581
-144.122864
-158.849596
-126.654343
-161.341895
-127.556069
-145.423458
-140.425620
-122.081848
-142.878921
-136.877720
-118.068670
-137.259902
-114.406993
-146.371410
-151.258873
-141.073753
-170.461582
-139.256312
-162.313347
-164.092685
-164.939949
-193.109380
-177.803282
-174.976805
-199.868798
-156.644573
-184.690393
-155.769604
-164.500880
-161.996085
-160.710111
-164.575777
-165.425813
-146.920703
-177.849045
-129.990254
-155.519474
-131.929715
-141.331255
-152.062802
-137.430625
-141.523193
-155.853554
-119.482746
-147.265159
-113.698859
-129.546383
-133.540168
-121.315066
-132.497980
-124.017962
-120.132049
-133.074482
-111.739080
-129.003166
-120.993429
-115.454090
-137.904824
-119.562267
-146.852890
-147.311507
-143.755613
-153.674015
-140.342315
-143.394689
-160.760768
-133.366028
-164.429770
-138.395043
-163.131002
-161.712148
-154.785997
-160.373894
-167.663621
-154.943315
-172.905252
-127.354359
-158.324320
-128.276414
-133.411332
-131.527266
-116.168102
-119.090561
-127.746129
-105.398679
-139.071244
-106.126777
-125.197900
-118.186699
-108.993429
-121.436967
-117.790475
-120.792371
-131.363818
-111.868028
-137.385436
-126.009373
-127.366554
-143.421957
-120.974779
-129.429007
-112.744237
-101.472592
-113.626041
-103.762636
-114.592788
-129.095770
-98.938506
-129.707402
-90.657853
-106.219029
-100.923621
-91.781445
-100.173490
-99.918012
-89.280382
-120.544829
-79.757764
-97.366500
-74.710267
-77.859971
-78.356179
-71.010247
-75.613905
-93.120495
-73.131557
-107.077335
-75.735237
-104.108741
-115.454082
-114.307741
-126.692969
-124.502847
-121.535177
-149.246608
-116.079938
-141.427649
-129.269004
-124.513954
-142.231308
-111.158329
-120.430555
-130.494168
-130.634640
-143.694523
-119.055517
-129.082483
-139.993784
-119.077452
-157.393305
-135.961983
-153.269157
-159.081532
-148.673217
-163.478819
-161.712765
-135.323289
-156.096950
-121.174771
-159.743378
-146.517328
-145.018686
-144.735031
-130.676099
-131.638025
-144.829906
-109.920136
-150.394330
-120.728717
-130.288493
-121.875844
-112.318148
-129.610706
-122.652585
-101.818399
-125.575891
-96.022730
-118.451284
-99.027166
-102.128662
-114.331172
-82.635985
-93.149055
-95.187874
-84.016477
-103.798243
-79.325796
-90.802391
-104.883150
-82.069632
-115.361419
-89.712674
-103.401304
-109.402848
-98.739279
-111.545935
-111.424075
-97.722662
-128.671372
-94.463451
-129.462820
-107.584506
-105.714698
-111.069662
-106.675962
-102.555486
-118.716527
-87.132832
-124.953115
-99.629032
-118.108386
-121.472921
-110.869261
-127.302143
-123.254658
-110.085072
-137.869380
-108.128898
-135.509000
-112.380702
-115.092720
-131.653980
-103.406475
-119.958556
-122.452243
-109.759377
-128.590453
-105.093481
-115.954183
-123.376396
-100.108701
-133.291580
-108.109142
-118.539445
-124.603250
-101.818802
-102.532735
-103.710833
-83.978692
-105.242286
-61.456725
-90.271124
-67.839393
-72.566473
-71.023058
-68.475522
-63.424161
-75.834919
-48.977511
-82.806940
-38.895141
-61.045847
-57.775664
-55.422222
-67.679064
-63.510278
-51.350370
-67.519167
-44.063687
-68.734834
-50.976314
-52.936797
-67.010840
-57.831814
-72.789590
-83.278617
-74.984681
-97.714877
-78.721102
-89.731529
-99.589472
-86.759948
-110.813834
-83.017636
-95.586176
-91.029671
-79.260033
-87.434030
-88.779060
-78.934370
-99.099670
-74.212142
-106.251744
-92.439844
-106.659326
-103.804420
-111.128658
-109.038364
-127.769524
-106.170787
-131.096922
-102.470261
-124.259841
-112.180618
-112.793890
-118.414054
-118.118020
-125.944118
-141.938873
-119.804207
-140.640577
-121.155928
-146.679142
-148.903068
-137.313164
-153.933768
-151.857603
-139.893055
-156.540598
-138.000145
-136.147464
-129.753365
-116.562707
-125.751982
-104.132867
-117.029966
-112.813522
-112.894192
-116.282301
-106.938571
-101.856216
-110.170006
-99.154882
-119.823407
-100.242656
-115.182638
-105.182446
-102.637325
-101.757632
-101.879392
-86.596599
-94.824233
-59.993766
-79.656604
-53.076249
-60.922965
-67.438123
-49.306482
-40.399783
-58.940043
-41.590687
-70.481095
-57.002394
-77.007397
-78.206213
-68.195441
-58.686434
-54.392508
-32.939036
-61.655111
-35.066328
-40.058977
-36.095342
-21.481803
-37.489365
-37.685454
-46.828892
-44.023668
-38.957536
-34.276249
-30.491453
-25.038415
-36.617841
-1.822428
-35.561914
-22.993775
-30.687047
-38.689145
-33.922916
-48.881489
-63.713201
-30.827745
-65.057456
-33.180686
-59.824879
-57.556636
-46.792241
-65.902867
-60.028985
-51.433015
-78.557304
-48.301802
-87.015874
-57.486704
-57.770002
-56.494947
-51.021000
-49.427781
-53.964422
-37.410816
-76.167420
-52.381797
-66.101705
-70.819582
-61.198212
-69.912618
-56.929080
-62.218974
-71.396453
-60.916787
-82.889119
-66.843843
-66.114165
-94.162917
-60.665819
-94.972436
-84.580055
-98.435617
-97.549416
-89.006404
-98.499217
-111.616419
-87.298659
-128.561652
-82.979177
-110.537029
-106.602596
-113.506752
-123.157551
-108.973818
-106.310755
-114.453462
-75.505827
-115.576136
-86.735938
-100.908033
-112.986734
-97.539686
-98.863719
-108.316371
-85.179496
-116.560486
-88.214007
-109.379127
-94.887599
-77.735776
-102.036802
-69.108577
-57.896987
-73.847369
-50.298926
-77.827499
-60.553290
-50.990266
-61.857378
-24.317554
-52.921796
-28.850477
-33.986001
-43.315547
-38.072114
-51.905069
-52.649920
-18.177982
-55.543710
-11.794175
-35.912372
-22.592137
-13.225427
-20.027586
-12.512433
-8.864881
-32.842995
0.862412
-37.210251
-6.843978
-20.616645
-23.686255
-12.319838
-29.163233
-18.064976
5.305448
-26.628295
15.606805
-20.417071
-14.699674
-0.422180
-19.457231
6.340696
5.136791
-0.492485
21.032706
-13.109752
2.117454
0.480544
-18.073614
13.696424
-13.396295
10.429298
5.281433
-9.008171
5.437504
-4.650442
-3.357929
12.277157
-25.637795
17.720069
-15.084414
-5.389710
-2.622063
-17.053236
-5.070848
6.811452
-11.794059
24.545850
-14.042438
17.330590
-0.614002
-0.123438
11.032894
-0.984557
-0.842758
12.941591
-20.673211
12.198218
-22.345246
-11.711762
-13.143112
-30.761576
-9.520031
-8.922891
-7.616348
8.204099
-11.942427
5.700898
-8.697306
-20.509515
-9.254631
-37.091178
-13.070952
-19.394298
-19.263232
-2.851612
-7.693611
1.954433
14.336835
-13.840567
17.374215
-12.816341
2.917233
-7.416946
-6.061068
5.154823
8.549142
-9.533295
14.339166
-20.558153
7.158240
-19.194778
-10.405160
-6.885584
-12.567115
-7.118712
5.680919
-14.182510
21.258859
-10.700843
2.163920
-2.376083
-4.965750
7.131296
-8.218998
-17.390403
1.764354
-21.048677
0.406813
-16.652538
-26.743243
-7.600133
-38.014533
-18.348339
-22.632034
-26.399060
-8.470540
-24.623516
-25.244131
-8.419047
-36.382815
-4.981257
-31.694373
-21.115975
-23.653578
-34.084831
-29.058397
-23.512778
-45.283083
-10.209566
-39.221288
-5.583256
-18.564215
-10.086178
-2.208449
-8.278874
-11.885643
2.789064
-32.528442
-0.983646
-32.286456
-9.588834
-12.140707
-26.444151
-15.088832
-20.026251
-26.191678
0.054144
-24.769512
1.023707
-17.570556
-35.850485
-22.287845
-55.244184
-46.191848
-48.544284
-63.676232
-43.388441
-62.077017
-52.167566
-29.477097
-59.988001
-36.142897
-62.710361
-42.739546
-45.297734
-65.173537
-66.569746
-63.956681
-78.360167
-44.379698
-84.437194
-56.865702
-71.700772
-73.408353
-67.961030
-86.805223
-96.207022
-70.419388
-102.833146
-70.682008
-105.637233
-93.219638
-89.752658
-100.218113
-90.056945
-90.145015
-112.766081
-94.837454
-127.838141
-101.359410
-111.975500
-121.013088
-100.248905
-126.571469
-118.103132
-114.634485
-127.600359
-106.652144
-127.506907
-125.960081
-108.949290
-137.063685
-109.721154
-133.430727
-121.769603
-119.445706
-137.457755
-131.772991
-134.971566
-155.303208
-118.469715
-148.575598
-117.179530
-123.527194
-119.156861
-112.921375
-117.782086
-117.414617
-108.267830
-138.357009
-105.699933
-132.171526
-104.962644
-106.910084
-107.230276
-99.864796
-101.393595
-107.238725
-87.280305
-122.336607
-103.145321
-121.027337
-119.627588
-105.703447
-115.032650
-90.741370
-81.250957
-88.714300
-65.003128
-81.614568
-80.077397
-70.322347
-99.145803
-93.125728
-118.970063
-111.678193
-112.059617
-124.505344
-121.207456
-110.225901
-113.104571
-77.131256
-102.114832
-67.118254
-82.211664
-76.158966
-84.967424
-104.064913
-110.102645
-98.210465
-133.384149
-90.206912
-131.538147
-92.224642
-112.125846
-125.547510
-115.589455
-122.459282
-111.699293
-129.577469
-152.102876
-108.884766
-139.047750
-149.829579
-101.033317
-133.258678
-95.068558
-117.894245
-147.150447
-157.176722
-156.814427
-77.984319
-152.033393
-124.711736
-149.164211
-182.097179
-159.666204
-151.526984
-182.288813
-173.016580
-190.613500
-205.120913
-169.417287
-244.564373
-172.953836
-217.995461
-188.665541
-209.144345
-185.634800
-212.606994
-174.258263
-195.667390
-176.911955
-247.007270
-179.058557
-172.513378
-165.363446
-138.276305
-163.413324
-140.091214
-163.557083
-142.919441
-109.650940
-161.362832
-120.885301
-138.388597
-128.396237
-129.637381
-89.717368
-103.430594
-83.179164
-137.551727
-80.967829
-116.956653
-106.225594
-79.598741
-124.267454
-102.888277
-118.679103
-105.114191
-83.402800
-122.902562
-125.198340
-90.883359
-109.137301
-148.253293
-137.144764
-125.401163
-115.423827
-130.593524
-121.126180
-137.221118
-147.782940
-143.689883
-159.018252
-117.879155
-146.591563
-120.271263
-147.272693
-160.680244
-141.213978
-124.713965
-162.442891
-75.364970
-154.678279
-155.282470
-62.126370
-176.704918
-111.804368
-76.965873
-134.972340
-116.694475
-75.871628
-96.933987
-137.933654
-131.440886
-105.883175
-76.415757
-82.306521
-105.748889
-93.951280
-37.630205
-115.432594
-24.397123
-92.646606
-58.835927
-43.907786
-85.321633
-92.561337
-18.071951
-106.898645
-84.995425
-47.929589
-83.464499
-83.077749
-59.361600
-42.918619
-72.120377
-96.732860
-82.946724
-52.241246
-112.220327
-89.187524
-155.864071
-6.031276
-113.241882
-125.083023
-90.968872
-91.089992
-136.971579
-75.309531
-102.095648
-106.271988
-78.102452
-113.574227
-112.967073
-102.051084
-172.775752
-93.736288
-121.058645
-152.507612
-98.966239
-116.193524
-138.251319
-156.651101
-115.322318
-157.983736
-74.632134
-174.908589
-110.333272
-149.466459
-115.479086
-114.495169
-98.868987
-133.783668
-133.007680
-134.599629
-84.676259
-128.350977
-91.550820
-94.532398
-150.802616
-86.741928
-109.060296
-128.131416
-75.514541
-124.006270
-46.667472
-165.626868
-62.433389
-139.243828
-108.974562
-125.673161
-104.181002
-105.481229
-121.120111
-135.216862
-87.762850
-140.958460
-139.995854
-138.126166
-103.487093
-183.309776
-118.211535
-126.049169
-147.752140
-104.500170
-105.480442
-104.380131
-137.508155
-125.113193
-104.339734
-175.734472
-77.687482
-162.960708
-114.632529
-132.793457
-113.155799
-123.035207
-181.795387
-153.387291
-99.026940
-168.349421
-135.317534
-140.795338
-174.618936
-147.953965
-152.107560
-74.291469
-138.754942
-159.604896
-84.271442
-184.941298
-56.793146
-117.317210
-63.666482
-107.816112
-100.181875
-73.728550
-75.553633
-134.657279
-90.611855
-95.673856
-123.602224
-58.719828
-113.205253
-76.402924
-71.513688
-143.923021
-90.421185
-125.241071
-34.460279
-100.513518
-122.034834
-119.163329
-111.434140
-111.172897
-109.675698
-69.592464
-143.345044
-60.247111
-54.541774
-91.417406
-93.373747
-83.488101
-80.963644
-52.656328
-55.998421
-80.989327
-73.309039
-28.732987
-50.722383
-46.698912
-39.765002
-97.647871
-35.913495
-51.543812
-35.587568
-45.461610
-31.280392
-80.104821
9.530129
-22.083442
-13.334976
-104.863570
-28.637979
-12.289906
-14.832460
-6.702485
-45.698426
-78.245955
-4.647808
-19.761597
-30.214328
-59.124656
-18.069298
-48.399043
-36.665090
-14.201527
-56.351089
-14.388439
-50.064578
-61.737282
-63.487019
-66.791973
-38.310011
-112.915222
-61.491490
-89.687376
-99.121766
-54.673540
-46.075671
-60.597406
-84.851700
-67.797520
-81.955301
-72.507043
-55.349954
-60.520862
-83.190415
-81.429312
-71.669218
-57.109493
-87.833033
-77.899926
-75.880365
-8.240681
-98.520159
-60.501224
-116.840572
-81.028849
3.276631
-128.375803
-83.448877
-133.718015
-29.675319
-112.343018
-25.262907
-169.223509
-12.440898
-109.899767
-72.645314
-3.201821
-61.658814
-102.615973
-95.449336
-94.126177
-4.785130
-124.529352
-45.573200
-98.525870
-110.472697
-56.669775
-63.474704
-35.734738
-123.341949
-39.272455
-89.685658
-43.749477
-13.907642
-65.688094
-51.553740
-75.169092
52.019727
-147.509026
-4.198373
-70.265882
-21.884133
-20.523476
-54.344220
-74.224328
-22.419193
-36.917983
-72.061634
-21.529536
-15.686863
-36.941178
-19.251738
-50.055442
19.785243
-85.253834
-4.925234
-31.427158
14.702202
-27.917376
-47.694785
-12.161702
-75.107264
34.824566
-26.515008
-10.109843
-99.970911
46.559717
-14.056500
-40.050627
13.966631
-65.486971
-33.578643
5.420950
-22.213429
56.152363
-74.794681
6.101481
-64.763920
52.612352
-69.492287
-21.353408
-54.020839
-58.075696
-63.942758
-12.285333
-72.653016
-39.493938
-110.192134
-16.218387
2.227294
-104.000615
-20.340112
-83.362315
-61.413650
-82.179577
-21.222904
-58.483009
-53.719877
-91.595957
-22.025179
-92.044493
-32.084065
-82.201638
-37.311709
-89.941579
-59.017118
-49.561016
-91.377053
-2.865110
-128.701325
-40.197246
-29.073167
-35.473832
-21.469703
-61.958184
-29.642287
-60.992625
0.648684
-56.087583
-79.350158
-36.129465
-58.795856
-74.435727
-39.096158
-36.226302
-38.521925
-61.163590
-111.598415
-53.308868
-24.173055
-113.835677
-18.082442
-64.181760
-28.763809
-99.589703
-44.003632
-37.606652
-42.072859
-57.723884
-70.932423
-28.980861
-79.405464
-50.501584
-20.964407
-117.969359
-9.428500
-58.000183
-90.834641
-46.625462
-87.460965
-90.002634
-95.781794
-55.692658
-49.991715
-85.602451
-120.023507
-55.227199
-121.758212
-32.810897
-61.725330
-142.391010
-30.270597
-48.990728
-121.336393
-44.524715
-97.832498
-76.646552
-71.768394
-116.492076
-94.316441
-89.779671
-77.403421
-81.535599
-77.858532
-47.222822
-83.509506
-30.510468
-116.622214
-108.844627
-46.274056
-125.146847
-44.607907
-130.004380
-94.294657
-111.703936
-66.397914
-116.512885
-84.516912
-95.952885
-66.113527
-84.510753
-94.512926
-112.053090
-81.562561
-114.629170
-52.779289
-108.450113
-111.908842
-105.928150
-109.279116
-42.622283
-95.268424
-112.963931
-78.304457
-97.352383
-55.707294
-65.065247
-105.886045
-58.403245
-121.000124
-104.983636
-27.382995
-102.735767
-57.022154
-64.150194
-80.281356
-62.273126
-56.746698
-14.811371
-95.659143
-39.215749
-18.541001
-72.020661
-27.430658
-44.269487
-50.741256
-43.774671
-39.388829
-58.544822
-39.146952
20.863104
-36.624603
-27.603735
-53.232645
-55.329733
-44.928856
6.177810
-89.004553
0.499409
-49.399867
-62.546372
-25.696148
-49.363597
-26.072874
-53.271954
-34.632166
-46.946724
-86.826242
-63.671093
-55.066809
-70.879880
-62.061000
-78.494875
-49.058874
-58.676770
-73.757960
-53.387344
-48.404596
-100.266301
-37.854704
-42.235446
-48.328070
-62.075607
-48.748453
-54.175842
-93.780440
-42.116107
-58.354315
-97.676710
-19.712460
-70.444095
-60.423428
-81.744969
-58.856941
-101.132758
-53.425484
-70.074660
-59.705698
-113.738917
-41.932228
-98.786786
-108.176390
-77.090452
-87.566749
-98.583780
-88.862127
-73.567803
-116.511763
-73.975864
-99.918261
-103.917161
-70.306336
-110.631352
-111.384672
-115.916253
-89.053957
-108.754559
-100.394230
-110.658933
-105.001492
-120.731684
-114.711123
-103.201354
-108.191688
-150.812669
-123.902593
-76.962718
-134.329454
-81.714942
-129.485398
-120.186899
-152.089703
-98.312465
-107.629106
-185.654816
-140.231319
-124.557811
-171.908277
-107.639357
-129.081758
-109.437644
-163.996174
-148.495133
-123.054641
-170.080465
-127.403023
-137.615182
-158.978902
-143.192241
-115.496204
-163.025140
-122.870577
-152.181679
-112.764466
-126.216441
-155.498948
-126.214539
-168.987097
-93.259031
-143.347338
-117.468650
-121.153081
-161.157497
-122.837576
-143.017666
-99.139124
-77.360529
-130.139431
-76.231722
-126.881044
-131.456178
-40.940526
-109.891384
-51.106988
-73.188745
-66.651651
-144.568617
-58.938549
-106.879398
-108.079438
-161.665868
-96.098818
-148.277060
-157.221567
-114.183402
-184.996613
-92.037663
-125.265386
-136.498875
-123.698114
-158.389756
-142.512072
-137.825840
-159.103159
-132.198011
-149.251044
-128.756659
-136.354528
-159.264820
-125.581966
-161.383520
-157.861072
-131.482950
-154.659706
-113.191370
-138.802657
-135.268845
-111.451783
-138.548514
-131.980123
-131.235785
-145.898895
-131.794951
-162.679349
-126.135406
-134.260025
-142.383818
-126.833897
-139.695864
-156.512819
-136.065580
-169.296699
-132.936856
-154.373877
-150.088504
-141.593890
-150.216193
-150.936522
-138.495100
-170.769364
-137.202071
-174.222073
-151.076509
-159.361992
-166.429191
-155.189650
-163.212098
-166.775930
-137.246941
-167.419122
-129.319355
-146.346425
-140.171993
-128.631011
-145.425025
-126.809207
-127.144467
-133.110476
-93.294025
-111.843083
-93.618141
-87.590229
-109.517019
-85.231160
-119.799535
-108.620272
-111.069871
-122.267721
-105.448690
-108.768793
-125.841218
-99.744776
-132.399882
-94.768549
-114.671494
-108.748446
-102.689386
-108.948824
-105.145441
-95.740488
-135.757401
-108.178608
-149.002986
-128.328392
-135.390482
-145.601636
-141.112605
-153.054262
-165.826080
-141.305111
-176.910503
-138.692794
-151.442517
-148.080644
-144.877606
-163.521985
-154.041934
-155.304116
-178.635533
-158.704812
-179.185859
-158.711191
-150.575271
-160.069113
-128.506081
-147.015627
-134.187709
-134.627964
-131.506878
-111.462506
-115.813192
-120.538268
-91.951590
-117.109829
-84.031214
-97.517909
-108.450383
-95.009226
-127.632984
-125.383520
-117.910140
-171.959247
-145.196659
-158.799507
-136.233720
-150.463947
-142.324933
-134.696771
-130.498195
-134.210457
-115.079847
-136.514824
-102.377251
-119.068015
-111.029529
-107.291381
-115.194495
-102.512872
-105.572390
-116.005493
-99.331719
-112.400431
-86.812138
-86.504509
-101.552840
-105.500170
-142.067626
-140.402903
-144.988819
-157.408669
-146.174078
-143.793293
-143.188798
-144.127733
-185.849183
-182.409355
-204.729436
-196.641849
-204.531586
-204.352190
-199.517898
-192.971394
-207.125044
-184.660766
-216.407069
-184.455046
-195.623789
-186.221095
-181.914509
-167.848875
-166.894636
-143.849511
-169.418023
-137.458371
-146.839371
-123.911486
-121.184770
-126.441874
-132.217852
-137.891431
-149.885255
-131.184186
-144.536333
-127.105683
-132.202461
-134.719099
-126.636200
-146.939076
-134.813416
-136.454519
-142.080193
-129.613059
-133.780659
-125.709896
-107.033154
-127.281823
-111.356223
-133.472267
-128.450914
-134.855425
-138.172639
-133.128617
-116.412244
-128.799799
-95.189600
-116.182389
-76.500832
-71.256203
-46.055713
-26.526943
-20.145648
-32.215853
-20.956426
-63.889355
-40.170443
-75.909163
-71.321613
-76.134067
-87.030314
-79.604659
-80.453570
-93.734948
-72.272923
-101.296557
-96.471465
-102.000736
-108.188185
-92.722962
-113.791850
-93.671832
-76.092619
-66.172348
-29.284989
-55.920358
-79.460398
-99.252336
-137.207400
-112.285123
-116.644322
-108.260256
-99.269103
-98.395844
-84.392699
-69.123431
-85.072990
-38.659221
-68.545754
-32.807609
-35.013959
-29.935715
-43.371232
-64.578073
-100.333252
-90.143562
-138.336804
-105.111158
-133.115982
-115.855195
-99.650182
-115.478002
-109.576214
-105.632239
-128.926891
-99.654898
-130.747135
-106.167068
-116.030554
-121.916969
-111.632466
-125.529917
-116.640991
-112.934199
-133.331017
-103.792623
-123.943138
-123.738532
-105.201846
-129.321021
-96.087808
-124.803846
-118.370000
-108.756699
-119.233932
-101.642780
-96.420988
-117.103290
-73.238904
-112.695403
-80.417055
-89.267971
-96.313845
-92.518172
-96.896750
-97.462617
-72.062381
-105.466978
-62.036654
-82.087246
-62.827454
-60.416926
-78.280376
-58.421806
-56.888553
-85.759240
-52.133388
-86.047567
-50.623939
-71.279311
-84.173699
-65.124072
-78.973325
-63.852877
-61.083673
-72.640269
-45.795851
-66.742009
-59.792859
-50.674228
-71.392222
-36.833119
-48.130188
-46.143071
-35.745296
-52.061299
-34.196305
-35.453067
-47.114706
-10.425399
-50.695596
-27.687765
-54.162754
-61.213221
-61.690435
-58.220667
-53.337057
-44.469578
-73.040724
-32.294404
-66.503259
-54.105438
-63.793678
-70.883580
-58.985093
-62.517814
-72.398197
-41.215946
-80.262981
-50.665818
-73.988594
-82.557315
-71.103464
-90.993764
-86.141295
-81.685261
-94.601562
-65.112649
-93.628730
-69.444013
-60.273270
-76.902077
-51.998574
-75.494786
-70.392418
-68.925610
-81.588342
-68.117780
-77.809769
-94.336895
-79.698777
-108.307969
-76.963332
-97.358246
-95.461689
-92.894358
-101.449493
-97.929344
-90.876843
-110.051986
-67.744944
-100.918893
-71.709525
-76.726742
-79.193423
-72.882337
-66.751786
-66.801471
-42.462743
-73.872932
-51.822253
-73.477326
-72.008941
-69.271708
-82.331749
-76.239650
-72.767697
-86.867999
-67.525289
-97.796734
-85.753069
-79.667766
-96.062324
-74.626548
-94.437990
-90.690444
-83.238987
-108.399660
-101.343733
-101.110519
-107.321444
-77.024799
-107.946081
-79.061507
-90.627662
-86.668775
-76.338420
-90.399763
-92.479079
-73.864302
-98.741291
-56.807478
-95.285333
-67.311899
-68.136700
-74.397432
-60.691624
-61.495812
-68.455117
-32.738707
-74.416355
-37.195544
-55.096027
-55.227125
-39.179056
-56.496087
-47.924170
-30.627527
-58.800863
-40.161008
-80.616530
-69.166157
-60.073421
-70.661391
-47.249022
-66.175559
-72.478459
-60.851181
-75.911458
-67.361629
-71.693252
-85.608786
-56.516867
-92.683729
-66.253499
-66.779314
-69.694941
-54.624557
-60.208011
-59.048617
-36.276817
-76.685892
-34.862172
-65.421194
-41.291950
-39.348773
-42.302002
-25.949714
-28.264073
-48.898316
-19.194417
-64.480905
-31.295018
-41.024968
-36.399229
-22.482908
-34.280325
-17.083072
-2.701910
-27.979792
7.469180
-24.777251
-8.074717
-7.602759
-28.356304
-11.530013
-31.571560
-31.658816
-23.396532
-38.202062
-14.818161
-26.805149
-36.425731
-5.971663
-25.231622
2.313865
-7.459660
-5.517703
-1.689690
-6.518422
-4.156901
5.100105
-24.230834
8.148512
-29.184807
-25.029715
-31.412163
-32.631491
-27.065129
-25.950372
-35.894962
-11.775140
-43.957052
-1.682913
-26.890140
-20.001515
-20.015504
-32.787352
-28.360746
-9.465845
-33.242967
-13.525411
-39.786359
-19.601415
-20.121868
-36.511507
-19.899791
-23.781587
-20.948780
-5.661192
-16.594939
5.609695
-3.588008
-10.316612
0.978563
-28.805251
-6.633874
-21.009802
-25.177982
-25.541718
-39.458843
-39.973192
-43.271448
-74.104430
-48.634816
-85.698471
-70.571754
-86.770241
-93.253593
-93.912450
-98.453081
-114.814572
-90.419307
-123.125138
-97.568288
-113.360816
-93.044864
-91.418234
-86.444122
-78.263416
-62.373862
-80.405185
-54.317347
-80.964300
-62.661650
-71.876215
-78.152779
-73.018109
-89.938558
-90.712921
-85.778265
-100.238615
-90.749951
-91.472108
-81.019221
-61.815229
-74.265164
-62.946345
-77.763825
-66.672592
-56.286949
-55.029622
-46.911233
-42.866894
-56.072317
-34.009745
-59.306212
-37.551410
-46.385995
-45.624797
-47.399571
-44.829087
-51.487552
-32.555799
-59.731717
-31.886364
-55.413098
-39.123864
-54.828548
-61.840156
-70.860231
-74.043083
-86.236272
-70.401808
-91.445626
-70.760258
-80.084782
-68.249390
-63.222841
-64.744893
-63.699311
-58.620641
-68.806304
-51.627079
-62.354560
-64.804723
-68.432859
-77.139267
-62.121484
-71.216842
-72.319086
-70.523817
-82.048780
-81.860788
-74.692753
-89.192339
-59.943454
-75.970459
-53.222398
-55.759515
-51.428322
-45.941662
-41.376740
-49.736091
-21.573662
-50.150410
-14.486985
-46.293798
-30.514271
-24.217625
-26.092480
-23.106839
-12.279286
-32.779550
-6.566291
-41.566229
-20.810537
-29.487917
-29.699640
-17.166265
-20.120919
-19.092497
-0.271327
-17.104254
11.696433
-4.787101
-6.110124
11.166407
-9.266352
10.558924
-0.008618
-4.928537
13.243172
-7.182919
-5.386620
6.879244
-19.503883
6.802061
-24.430598
-6.617115
-3.950544
-10.201972
5.091704
10.570826
-3.816915
33.450679
3.085461
39.525173
9.370980
15.457680
17.893543
2.457719
9.533427
10.606168
-15.060653
13.941124
-30.376631
-6.001861
-14.777669
-21.518786
-13.244234
-24.833547
-33.296963
-9.179076
-44.770341
-17.306055
-40.392959
-42.569485
-24.874606
-47.494064
-23.670637
-29.589472
-27.827721
-2.846958
-27.496040
-14.447046
-0.064555
-14.259491
27.716340
-6.450019
5.276657
5.293471
-11.102189
8.442393
1.241760
-9.338187
9.018036
-28.739473
16.313915
-6.967735
-6.866914
-3.974557
-15.348904
-14.357815
-5.911627
-30.317933
5.540303
-38.708199
-9.932922
-25.120281
-37.297341
-37.816653
-53.381149
-52.495246
-32.933285
-65.450510
-27.268142
-51.921377
-49.737046
-40.230412
-53.862833
-31.978501
-35.282731
-42.355046
-18.815254
-39.849817
-18.187132
-20.299968
-38.503754
-5.802040
-20.948260
1.044245
-7.721369
-14.456347
-5.851615
-11.978622
-10.659370
14.106183
-16.618957
17.183393
-0.796848
17.969288
20.426853
16.272641
25.422748
31.558673
2.953097
31.606807
-8.384155
21.694776
-2.050601
-3.793886
3.497746
-11.415884
-13.522253
-9.969081
-28.098759
5.196168
-18.540876
-5.954230
-10.115327
-37.417597
-22.437877
-24.792207
-23.924385
-10.954301
-37.210776
-17.892880
-26.915376
-45.603325
-26.540635
-46.454897
-20.716181
-35.178418
-40.209957
-31.408616
-43.947608
-53.084431
-41.717017
-77.000031
-43.030546
-75.359011
-61.137152
-56.983755
-61.264460
-51.152092
-47.862372
-68.078879
-34.076433
-71.492084
-53.300267
-61.952233
-52.177469
-49.586095
-54.502117
-52.228252
-31.988327
-53.940172
-18.758528
-42.615373
-17.716889
-12.597861
-23.054900
-3.365671
-9.079169
-13.798908
8.283519
-14.348121
1.329552
-6.070821
-10.937847
13.563201
-12.352240
4.744141
4.578015
-7.467030
12.529138
9.200652
-0.288527
7.470799
-36.082933
4.419943
-21.224692
-7.716453
2.515338
0.399308
9.008772
17.815007
3.053939
34.773891
-4.217987
28.378279
16.558675
20.940452
38.241290
22.632143
14.696046
36.069811
7.138007
49.200651
31.186123
50.281485
56.831663
41.342549
56.580163
59.657173
60.668208
86.901998
58.960962
77.411811
62.877316
52.048572
72.094676
53.202302
71.481031
73.572712
53.360594
67.167444
54.210986
51.311573
67.465442
28.760921
52.385503
16.116539
26.133282
29.935244
18.900898
23.276951
28.681834
2.842028
32.888558
-8.409484
15.201330
-0.586563
-0.446813
-0.623970
-16.283013
-22.315600
-2.013811
-37.094993
-0.219082
-27.293617
-7.434345
3.073041
-7.109268
9.570417
8.560941
-9.645529
16.413305
-2.093881
22.225741
9.510848
2.103031
24.362938
11.724497
33.014518
24.772498
14.240749
31.434715
19.841725
12.517715
31.426854
4.425790
28.752230
9.648841
20.484991
30.589385
28.165830
42.031933
47.602712
24.794899
51.009510
18.529286
32.652081
5.037063
3.279875
6.419023
0.121088
-8.906243
3.498370
-29.733952
-0.037588
-31.658363
-13.032961
-22.914140
-26.983720
-15.680364
-7.790950
-20.426322
-10.661354
-28.091923
-3.458296
-25.503564
-20.580575
-9.027668
-13.257862
6.945965
9.077277
9.793253
28.071379
23.275466
26.225300
36.327217
27.342235
47.877795
22.812440
38.077016
37.259114
38.833990
42.293546
40.573662
27.645514
42.476291
20.011523
41.319917
25.243021
34.940578
27.461815
36.724739
27.598391
35.641319
8.903694
32.493290
6.568032
23.129380
12.290193
15.545422
16.341717
15.457962
1.294350
16.930967
-4.491502
16.992597
1.601159
5.280533
8.928781
-2.067492
6.487503
10.265985
-4.247741
12.650987
-7.055586
-9.837552
-8.556679
-28.674053
-10.893286
-29.597592
-15.597064
-2.739644
-15.309513
-10.310232
-11.294336
-33.233059
-7.905602
-41.517412
-15.022504
-26.484510
-18.664562
-7.059959
-4.912670
-6.816970
17.723019
-11.091621
22.006268
-9.320368
-1.400080
0.310318
-10.469316
-4.809810
-5.093305
-21.175216
10.323629
-26.583873
-4.291143
-10.976139
-8.193804
9.663495
-8.133102
2.232533
16.651255
1.040851
28.180207
6.496067
11.575288
25.932675
12.544958
45.680950
25.347023
30.440665
38.977645
30.270553
49.896164
62.107311
54.251358
101.358534
60.299865
88.609911
75.022263
71.239991
76.044287
58.784626
47.766204
69.295244
30.799734
79.588646
49.632868
73.437770
76.065111
66.365427
74.523865
76.579414
58.431189
96.925532
63.815624
93.328995
80.803799
72.763762
88.636647
64.016424
65.826907
70.360670
52.581466
74.214239
45.170869
57.210901
63.047246
33.892294
54.226489
34.733161
42.128240
50.685052
25.103846
40.558328
36.989684
17.180155
39.593994
0.468536
31.551734
9.509648
4.583713
3.046142
-17.188149
-20.359915
-0.399598
-32.435601
11.572123
-24.187794
-0.450897
-3.856226
-9.428005
8.011981
6.996589
-1.808574
35.334434
9.939750
47.374284
15.247856
27.784201
35.299307
23.292055
33.773851
34.249796
22.070161
56.294732
37.016979
50.592679
57.310064
46.626912
68.889807
46.367172
57.034608
57.730314
45.679749
57.119069
39.593562
33.627974
49.264180
10.141190
37.735960
9.892538
9.689565
6.235212
-13.810864
-11.262585
4.140371
-24.462664
0.018532
-44.082856
-20.599590
-34.167929
-33.839181
-23.793662
-28.432424
-38.068650
-14.492437
-54.003466
-18.507817
-38.759419
-32.128998
-23.919971
-36.814902
-28.637964
-16.856612
-30.127251
-4.197299
-31.714636
-18.201928
-26.897250
-40.978082
-29.022882
-46.566221
-38.532423
-39.448868
-63.936366
-54.531947
-65.950227
-80.233398
-67.796992
-98.129661
-68.046894
-89.331113
-87.443786
-85.597999
-93.269183
-85.568346
-69.631813
-93.625489
-57.838943
-82.195009
-55.742294
-65.947477
-80.219927
-69.282793
-74.965809
-87.164017
-63.141922
-102.792847
-58.628667
-75.685488
-68.564342
-60.602375
-69.732521
-54.482300
-45.468431
-67.899018
-26.198514
-54.272559
-32.542368
-32.130074
-48.467531
-21.198880
-30.340975
-28.130106
-11.585747
-31.418429
-15.373312
-29.582489
-39.905307
-14.062689
-40.749790
-14.065714
-25.006224
-18.022848
-4.607398
-16.295296
-11.745788
-5.403381
-32.582271
17.356074
-15.822799
8.963983
8.285905
-0.501944
14.594095
15.551902
-2.879758
35.126085
3.020900
41.649517
18.481711
21.994692
30.058339
23.183460
34.867854
44.624571
22.947357
62.749895
29.849319
49.965889
44.971036
25.970145
46.558537
22.912006
18.651375
34.773315
18.068696
35.733607
19.430064
13.443595
32.200334
7.757726
35.573185
21.928521
21.874118
29.935832
9.365331
9.199306
19.917387
-4.257971
23.507970
-8.405929
11.827083
6.494506
3.792709
14.809876
15.413390
8.106179
40.611724
8.203163
52.234718
32.670945
48.415275
55.215883
55.940084
57.762064
72.766956
64.101817
102.433699
69.497891
81.397663
80.092529
69.536154
83.458684
69.981562
66.574339
76.968231
54.156095
75.997044
55.239002
50.172117
70.541751
46.041992
68.912881
61.282124
58.768198
72.017141
66.825095
73.713949
82.819567
68.174387
99.444721
63.968290
72.597796
48.623018
44.964558
43.163893
49.990223
37.478396
57.750399
34.139102
57.802683
39.017506
51.181106
43.006048
35.335183
37.393325
41.406754
22.750565
51.312118
28.448693
52.613839
43.739351
44.914771
58.878217
57.497772
55.806897
66.400065
51.392171
75.729579
71.578927
71.125857
74.406685
63.395937
74.421835
64.644505
68.189273
59.553256
53.371647
53.585164
60.819693
37.246398
59.115365
28.671513
46.789750
25.557461
28.657737
30.270370
22.745356
19.962831
43.820147
4.950600
18.716644
-4.718744
9.955284
8.499224
5.457246
1.938198
12.904804
-0.130165
21.926547
10.857681
31.373560
19.102607
20.250160
25.646213
27.976422
37.439037
46.053535
22.036893
46.694422
22.589405
41.349111
38.378828
18.072900
32.696498
11.565944
21.817245
14.108461
23.955709
31.078367
34.483507
27.476314
32.096324
26.579833
14.527923
35.228288
22.704739
31.263431
31.229895
-1.168060
45.667038
-12.156285
40.404695
12.399855
16.032993
15.108089
10.037110
39.433489
27.816298
-3.183154
42.031168
9.764143
34.064352
14.807320
37.311599
34.372928
37.607437
49.674727
58.040649
39.164801
56.657646
28.585370
35.871746
36.250641
23.753955
26.193904
9.923915
12.679369
31.970788
10.668834
34.535368
10.423006
11.561865
42.888279
10.700005
23.120674
18.618562
8.960118
8.911718
18.073972
11.442425
20.626150
-1.760597
27.747512
-13.338411
-12.456901
-8.314033
-11.441379
-27.686304
-6.672685
-45.084186
-2.515055
-52.694476
-33.181747
-48.079220
-47.896696
-57.634563
-60.807196
-76.529865
-50.103953
-68.787358
-37.120430
-73.627082
-54.269507
-49.659040
-67.342711
-44.481703
-46.036188
-59.834246
-41.381257
-64.848398
-73.691386
-59.720828
-73.279500
-65.095779
-90.109185
-60.344645
-55.423389
-82.856110
-59.027858
-74.458385
-74.672975
-50.969235
-96.984047
-57.199572
-69.759978
-79.488403
-74.833808
-91.737203
-85.301995
-73.826930
-94.053655
-46.667281
-94.362898
-63.738214
-87.275355
-94.125569
-72.955586
-85.589791
-87.844867
-67.519139
-98.190225
-65.032201
-89.317728
-79.107016
-77.976707
-87.207157
-72.799472
-89.323607
-93.312996
-76.578386
-100.892995
-76.744225
-76.035157
-79.993852
-49.336132
-77.343598
-52.834187
-62.879223
-67.719683
-48.268646
-76.261271
-79.057626
-61.045875
-89.417931
-53.407374
-83.306258
-65.766315
-61.328266
-65.030874
-64.787745
-64.186711
-82.139496
-46.765543
-84.669418
-50.144583
-61.518102
-58.665500
-56.362763
-68.699795
-68.915061
-54.452947
-92.876373
-52.098683
-82.038499
-76.814756
-83.587222
-105.073987
-91.627163
-98.101535
-122.373092
-115.222790
-137.043396
-110.258112
-128.907482
-123.781791
-106.200260
-130.700553
-106.125527
-118.167263
-123.885401
-107.316713
-117.362415
-104.991795
-79.947343
-104.850517
-72.823380
-96.230248
-71.751901
-68.543081
-65.029328
-61.373599
-59.223420
-68.228192
-37.128501
-70.288728
-35.796735
-49.359718
-44.674594
-42.823217
-52.341998
-53.625218
-51.177279
-74.169049
-44.171785
-73.966272
-54.492444
-71.111628
-81.087387
-73.341410
-87.243510
-87.909325
-69.255736
-90.627911
-70.089491
-75.501798
-78.441580
-70.990333
-87.950686
-65.557713
-73.312339
-85.196692
-69.100182
-89.820901
-88.583380
-82.805901
-106.875479
-72.809540
-102.660588
-83.048436
-86.961020
-91.241653
-80.950938
-70.600540
-80.106239
-51.477774
-86.919148
-58.897199
-87.782933
-84.483417
-77.666327
-91.911245
-101.288326
-79.729128
-101.738528
-54.900924
-81.364648
-66.770585
-65.884557
-79.720253
-75.732533
-97.062150
-108.192395
-85.486710
-121.872306
-103.612058
-114.995311
-121.920399
-110.462883
-135.865962
-117.169756
-121.613581
-140.393562
-127.930856
-142.675981
-140.801376
-128.000543
-154.222219
-116.072120
-142.668774
-128.512790
-113.257060
-118.798435
-105.212108
-107.536790
-132.428583
-100.183504
-143.071736
-108.229386
-123.035603
-125.174460
-114.952137
-126.512940
-132.679407
-104.183333
-140.300383
-108.360125
-153.354099
-139.338339
-135.239293
-150.614283
-143.837876
-145.191739
-152.592902
-125.395311
-146.191119
-118.499015
-130.049151
-138.604155
-120.679148
-142.338008
-129.918682
-127.629785
-140.154400
-122.345132
-150.160638
-141.016148
-136.311211
-159.486353
-131.385189
-158.613835
-147.418458
-149.803932
-158.737696
-154.701154
-156.085991
-173.146379
-145.680227
-180.876103
-144.454145
-157.727238
-155.201959
-152.729268
-152.335299
-149.268278
-141.438821
-169.461930
-129.893118
-157.627687
-143.032193
-146.813911
-141.610380
-132.461630
-129.537914
-126.537493
-94.170255
-120.047190
-96.396659
-111.664579
-109.137898
-94.790860
-99.348148
-95.608743
-89.371642
-93.125915
-66.882333
-90.687622
-80.330061
-75.872363
-100.952983
-75.222829
-90.554688
-69.236965
-67.219353
-72.103642
-68.898207
-70.865914
-78.308925
-53.258015
-83.322515
-68.035387
-94.341825
-81.431967
-85.487692
-84.514072
-88.768715
-73.226780
-92.913151
-58.019071
-83.209969
-64.022167
-74.103855
-69.222326
-73.803999
-66.392056
-75.348244
-53.922085
-73.155276
-51.890728
-75.166142
-73.499579
-67.980332
-74.008132
-76.756220
-78.604568
-76.868862
-67.385442
-70.978067
-70.084179
-62.856128
-92.636597
-70.449494
-80.304068
-67.925244
-56.491085
-52.671137
-48.939580
-47.533091
-48.738496
-34.036125
-46.744774
-26.871933
-46.844143
-28.277186
-35.458900
-41.176102
-39.389335
-24.261039
-41.106005
-9.258540
-48.598426
-23.863869
-41.296103
-52.907397
-48.350983
-44.044576
-57.186411
-40.458863
-63.818618
-48.561765
-66.735137
-60.511818
-57.146718
-68.925537
-60.927496
-59.989811
-63.957279
-66.108810
-83.581918
-71.845520
-79.631065
-98.267766
-74.350068
-82.183408
-71.038750
-84.611835
-92.867075
-88.946319
-93.220826
-93.138579
-73.601254
-99.560018
-72.919428
-87.897312
-78.290199
-76.662379
-86.456052
-88.091231
-64.220971
-96.633272
-64.934205
-92.336572
-85.565904
-96.640098
-95.098209
-93.361393
-90.367220
-115.790293
-73.980596
-110.446196
-80.814057
-81.566330
-99.889003
-77.594678
-82.663819
-91.982169
-82.563963
-90.695175
-77.397839
-101.316891
-69.893139
-77.922712
-100.732091
-76.695082
-95.487187
-79.433422
-75.727213
-92.374851
-73.288468
-75.215632
-89.282648
-63.228838
-99.006439
-72.610512
-83.561605
-79.863921
-72.206112
-66.051394
-62.862856
-51.460211
-73.698465
-33.642090
-60.304114
-36.462060
-50.174433
-64.939509
-42.488034
-50.194089
-51.299513
-28.187086
-71.994108
-29.462617
-61.434480
-73.134352
-16.871472
-81.700372
-59.663765
-50.938867
-50.440617
-47.219607
-79.226053
-43.944644
-42.033326
-58.151217
-27.045072
-44.374246
-35.454896
-30.456845
-49.482466
-25.794873
-42.915724
-61.255720
-43.793951
-76.018388
-40.092088
-49.061281
-48.140834
-29.326153
-46.361982
-26.692358
-0.946309
-36.154570
3.201310
-39.340926
-21.070774
-33.668925
-39.617303
-35.054465
-47.548084
-53.031627
-35.737079
-60.902915
-15.750500
-37.685082
-47.324971
-25.280860
-52.907708
-42.880806
-28.053436
-85.778116
-48.818630
-81.273907
-65.670856
-68.728564
-79.106218
-52.299222
-77.409980
-64.189738
-56.595400
-78.532429
-56.795319
-69.611535
-72.572406
-44.857082
-78.036034
-51.029920
-62.826611
-58.159349
-46.678095
-59.039305
-45.756296
-34.459046
-81.810389
-42.908378
-80.917879
-54.636097
-71.585793
-82.937245
-70.322646
-70.960258
-69.239059
-47.045863
-74.314802
-37.369196
-67.297469
-39.392562
-48.092703
-44.682685
-50.569728
-15.203423
-51.767948
-1.408427
-38.634409
2.793165
-28.774036
-21.468240
-28.866457
-46.904923
-19.810053
-16.996842
-33.056495
-14.590390
-20.477458
-13.847459
6.738626
-22.111881
8.733234
-2.228733
5.985157
5.782883
-4.412703
2.471231
-1.160042
-18.137057
7.695737
-22.209307
11.986920
-5.539108
-3.610294
7.082998
-3.490554
-4.026910
20.607653
-15.406800
26.418373
-16.394178
1.870574
-0.884635
-11.677377
-7.826519
-11.824023
-28.309686
-9.522345
-44.670088
-23.504999
-43.272058
-31.993113
-44.930760
-52.292709
-28.702148
-57.003100
-49.073418
-25.314673
-61.922986
-17.151604
-23.061431
-35.115656
-11.181668
-34.822273
-21.489895
-15.419523
-24.161517
-2.752309
-17.421269
-47.377224
2.793315
-54.015919
-23.291892
-37.961335
-45.841442
-32.630155
-40.591771
-45.464519
-25.788898
-57.674938
-15.175082
-46.766870
-30.466814
-43.828181
-48.463706
-59.366109
-50.877875
-76.248288
-39.032897
-80.719942
-47.936386
-69.856397
-74.114002
-78.453616
-81.445689
-70.716597
-57.455491
-89.315737
-80.940402
-101.074097
-83.406407
-72.304895
-81.343877
-66.539256
-100.822719
-73.992627
-67.387291
-107.807768
-75.358468
-89.508724
-93.928536
-51.927719
-102.858072
-68.783212
-77.475165
-75.239906
-72.403477
-92.160466
-86.820319
-68.483381
-97.548433
-46.830111
-96.726048
-79.558200
-65.404472
-77.698733
-75.343991
-62.061235
-79.841208
-50.418261
-76.480481
-45.928159
-72.687166
-58.118479
-42.795168
-59.981172
-52.525527
-45.638609
-69.694694
-54.295924
-58.164386
-67.985694
-59.777888
-91.643104
-68.892220
-89.444745
-98.988164
-103.828933
-131.332713
-112.393116
-106.722502
-131.436215
-101.747159
-131.266487
-102.458801
-118.367640
-120.121252
-114.716421
-125.293983
-133.236888
-122.373385
-159.636773
-130.279750
-156.045850
-147.135193
-145.504900
-163.057571
-167.167751
-165.222681
-189.558577
-162.513549
-198.604880
-164.895063
-176.158434
-176.821157
-159.620288
-171.877044
-175.640458
-164.207146
-190.835322
-163.074005
-186.755616
-173.519091
-165.994756
-184.865888
-167.525983
-179.776788
-182.717680
-176.485576
-193.233317
-182.925442
-179.615409
-190.950033
-167.092162
-198.058457
-183.517001
-192.426966
-189.781788
-189.726639
-201.004966
-206.614742
-198.379222
-225.762157
-189.102008
-217.085132
-197.006509
-202.137829
-213.500451
-217.102835
-224.178982
-256.566966
-227.701262
-253.426114
-221.685161
-237.622740
-233.488423
-225.265772
-237.159847
-236.154410
-228.379870
-249.318885
-224.962827
-248.512937
-231.299094
-238.880508
-240.208319
-228.856505
-230.683423
-226.409384
-211.035993
-218.657739
-206.807870
-207.209562
-203.668518
-183.396079
-196.057242
-170.983887
-184.636501
-186.919103
-185.083458
-187.802241
-187.723324
-174.560525
-197.183824
-170.167364
-192.621964
-175.245214
-185.016923
-179.191682
-180.142417
-175.925200
-188.778919
-165.575936
-186.783806
-167.686694
-188.694049
-171.789184
-170.914891
-164.061987
-163.332604
-156.292725
-168.192810
-143.127334
-164.161303
-154.973108
-164.124307
-162.468765
-149.435649
-149.809778
-151.311269
-143.292472
-164.850223
-163.233680
-172.327434
-170.567003
-154.400786
-161.433712
-148.332054
-168.437410
-172.778525
-177.157006
-175.041547
-168.572310
-164.357005
-179.192469
-155.197420
-185.393477
-160.018483
-167.518493
-164.375342
-157.777181
-152.313194
-160.059008
-126.724480
-153.794326
-128.582965
-149.416972
-138.837673
-129.963335
-124.460146
-129.023391
-118.039913
-144.096199
-112.334256
-139.337363
-123.897452
-123.453904
-134.269079
-123.769418
-123.367788
-129.601154
-112.598041
-131.098673
-115.518617
-122.044797
-122.274206
-99.028788
-115.947357
-99.037056
-108.578171
-103.574512
-83.521643
-91.605175
-93.802888
-75.070232
-99.437505
-67.933660
-90.478609
-72.447600
-71.310259
-68.767668
-57.251928
-60.065716
-76.710892
-49.376716
-90.214187
-61.090681
-82.570667
-78.899385
-69.702608
-81.285080
-87.490518
-73.165612
-107.552230
-71.186517
-110.135016
-96.547950
-100.657121
-112.571120
-98.862785
-104.341955
-106.842168
-79.719202
-106.126318
-80.424660
-84.812246
-88.548734
-61.887873
-87.719708
-69.643408
-72.168241
-85.818269
-67.144653
-78.265540
-71.317155
-55.266149
-84.196082
-50.227096
-72.842347
-52.631872
-49.328529
-63.826177
-56.209546
-55.369564
-70.971534
-42.482041
-78.878703
-42.289415
-62.446376
-56.111187
-50.103305
-65.492466
-66.440197
-52.175492
-82.947813
-43.473951
-69.757553
-40.417282
-33.939907
-36.888587
-17.420240
-20.487807
-17.188360
10.882044
-23.114215
2.707788
-12.807617
-11.648406
8.908639
-9.717409
5.277909
-1.871236
-9.828118
13.520411
-13.893384
-1.570075
5.549524
-18.377747
9.522057
-22.890973
1.284615
3.819087
-10.071484
1.755211
-2.881860
-19.697763
9.923546
-26.850435
12.185051
-15.014102
-10.130964
-2.522313
-16.745080
-15.036829
-5.516464
-30.010999
6.625622
-31.161455
0.315109
-9.553421
-15.273068
-0.880527
-14.734162
-7.832298
14.456240
-19.259370
9.760241
-15.917036
-9.350529
5.343231
-7.304081
11.878887
4.682599
-2.913884
20.967596
13.378277
32.906555
37.835280
23.664867
56.724599
28.728645
49.214075
32.978552
15.577445
15.807649
4.218496
-1.105299
20.498342
-12.819430
27.540302
2.844459
14.149369
15.992030
9.290957
11.729092
19.223956
-7.989322
24.987313
-6.558086
22.302779
10.177623
9.896247
24.148925
15.187444
17.658567
30.259515
3.188755
29.445101
0.130097
12.586226
-1.010756
-21.842003
-7.752630
-11.025254
-3.814626
14.500862
-4.158806
16.072164
15.080607
9.514168
32.250229
7.490393
31.562940
21.201147
19.055537
36.797083
32.422033
25.853350
46.815667
19.832557
52.586771
34.809619
51.318815
51.574984
54.732095
66.603551
78.093168
52.550757
82.951975
50.875430
79.855217
63.478890
62.353196
61.126967
54.059722
45.692509
54.863961
18.348224
45.967549
14.707804
24.928499
24.530147
9.618338
30.285988
28.814183
18.542878
40.392523
26.229615
37.099702
26.354713
14.563387
36.426734
9.242092
16.280976
14.808830
5.941244
20.889650
12.940713
3.992727
21.881257
-5.776271
28.036105
8.461933
23.792627
23.168122
13.106036
14.887511
28.721680
9.414598
41.751106
10.590617
47.248697
34.405663
41.122508
49.141146
34.136480
26.013805
47.582043
12.086541
48.330998
16.716569
19.626847
28.519219
20.157514
35.655732
28.307837
12.909234
38.667694
8.198947
24.534160
19.464094
3.776990
29.667310
7.097599
24.983376
31.934445
25.675626
45.355914
38.317348
37.034377
58.126490
27.590822
60.428063
34.509786
39.255059
42.110885
28.495201
40.311056
52.220026
31.945977
73.583394
36.591733
63.232310
46.921453
41.533695
43.076428
27.797797
24.853666
49.095801
10.253295
49.856010
26.318775
30.016818
33.899030
20.627373
30.622890
34.398224
22.832025
43.372990
11.930075
25.162389
11.501001
-6.311591
11.305858
-14.313426
-1.376950
4.342560
-9.700107
6.646880
-7.063262
-4.975149
13.267927
-15.923169
17.710849
-10.560961
-3.598390
-3.573491
-17.131089
-10.382805
-17.872495
-47.154014
-16.914612
-55.475456
-34.137733
-54.418488
-55.961576
-50.279831
-56.619783
-63.783830
-42.761999
-64.911661
-36.274747
-66.866777
-52.462339
-52.569630
-61.494781
-51.003946
-49.133509
-59.308368
-40.363712
-67.838518
-41.346793
-43.821899
-48.657191
-37.704465
-60.527059
-50.470874
-47.976244
-58.655555
-50.255788
-61.602012
-60.900814
-51.159521
-74.548616
-48.634404
-65.105254
-55.701448
-58.399442
-71.982702
-70.767105
-64.371988
-73.207754
-40.083223
-67.753633
-40.795329
-59.214116
-56.575496
-58.604209
-63.095202
-71.543578
-55.845780
-85.045488
-55.772633
-87.203671
-75.348490
-80.404620
-78.347192
-72.203492
-66.497600
-76.742978
-57.206258
-80.743028
-62.876985
-66.283293
-57.635332
-48.314628
-56.185870
-48.778447
-59.144421
-68.460171
-61.015769
-77.653913
-70.120189
-65.441819
-78.548518
-63.132893
-77.571909
-60.655495
-60.513933
-66.938384
-65.125321
-62.970399
-80.937491
-64.875004
-97.034876
-74.802823
-90.486645
-74.797047
-74.053762
-68.012480
-75.290499
-60.450291
-79.913388
-51.960149
-78.494507
-59.883399
-60.759233
-49.765348
-49.715034
-46.660899
-55.811434
-42.160869
-60.561063
-44.564484
-66.187700
-64.551022
-60.371124
-70.002828
-65.140893
-65.235281
-75.153149
-57.577534
-65.307724
-58.634209
-51.189167
-64.918566
-48.018930
-64.330807
-56.682448
-56.745167
-65.561221
-73.778115
-71.275067
-79.745452
-53.818365
-81.621675
-57.481594
-68.437717
-54.416777
-56.392428
-58.753037
-62.572874
-53.167787
-89.169984
-67.865795
-98.803494
-81.587071
-88.488453
-81.389114
-72.615356
-74.253834
-86.066289
-70.989720
-104.405663
-76.514405
-88.139460
-88.489336
-89.167478
-103.995948
-105.476780
-97.954846
-103.548487
-81.012839
-92.374760
-84.908070
-74.612201
-92.146986
-73.151352
-84.739426
-80.643672
-79.361030
-96.258099
-87.425006
-90.086501
-108.577065
-75.418588
-111.235779
-85.152538
-94.781400
-87.169065
-81.711188
-93.760144
-92.408994
-74.739908
-105.837844
-61.877435
-88.885218
-73.505733
-70.879434
-73.387660
-68.496244
-61.823037
-69.468468
-42.542748
-81.959917
-50.323929
-70.155367
-66.324479
-55.419734
-72.788354
-68.695152
-60.931124
-73.614766
-45.917417
-66.548874
-61.306309
-52.116801
-72.019955
-55.310792
-76.489330
-70.121912
-62.646057
-77.429720
-59.403412
-66.757836
-80.320364
-54.224903
-82.208944
-50.404818
-60.631253
-53.843466
-39.188045
-45.782068
-42.262625
-21.273467
-55.861252
-13.430124
-48.369889
-27.173393
-32.833735
-41.077344
-27.393367
-33.973628
-44.869523
-16.597129
-57.831491
-32.182390
-59.774339
-59.603064
-48.160669
-67.070170
-60.697421
-49.288258
-71.736418
-37.963617
-64.981269
-56.514262
-58.849696
-82.937352
-66.339131
-83.090881
-77.708941
-64.190091
-81.127316
-63.935909
-76.725777
-94.433044
-67.608258
-104.395254
-74.783230
-92.604067
-90.917053
-74.405543
-78.183529
-74.621307
-63.218571
-93.224226
-52.749627
-88.953427
-70.088262
-81.843037
-84.897682
-69.845609
-73.566850
-90.380060
-58.325175
-100.022593
-58.258852
-76.887820
-72.624595
-59.817992
-71.502782
-53.152211
-50.273529
-73.431685
-40.736984
-79.032145
-59.586523
-59.827218
-71.041433
-46.409697
-71.531752
-68.600302
-64.657047
-86.220813
-58.066794
-72.404147
-77.414619
-59.078850
-95.478941
-74.232336
-99.559053
-90.012742
-75.676813
-90.247004
-82.118064
-69.503718
-106.272700
-68.085400
-99.185348
-68.095257
-73.532688
-82.238655
-72.997541
-82.888132
-94.897269
-74.250812
-117.562279
-82.018695
-108.848323
-113.583517
-119.409206
-128.730482
-118.184414
-119.833683
-132.647625
-101.400577
-133.002509
-116.292451
-132.727124
-140.771337
-127.631656
-146.483760
-134.047533
-125.195973
-140.858241
-112.155158
-129.999759
-131.356407
-115.432349
-142.593153
-115.566472
-129.975194
-117.114328
-110.401581
-125.250039
-114.117119
-98.379860
-116.550128
-88.025648
-125.849619
-102.817600
-111.746117
-103.895231
-96.766964
-100.861016
-103.152507
-81.894532
-112.507846
-82.500610
-109.964605
-95.060415
-104.278776
-112.316262
-104.548695
-102.433212
-117.696072
-87.314224
-117.099885
-90.459721
-104.597186
-111.877621
-105.362436
-121.474473
-108.664468
-101.905589
-109.299417
-86.010873
-93.814254
-89.166112
-75.255950
-96.533838
-79.372454
-101.880537
-91.539411
-83.401906
-96.258559
-80.731335
-73.748982
-79.107553
-39.377915
-76.345937
-55.136778
-83.070900
-84.021846
-80.735728
-93.692572
-105.628884
-89.788105
-118.500810
-77.349234
-106.275378
-86.612179
-95.919742
-98.837850
-87.744090
-79.517546
-90.611632
-65.242707
-97.269025
-71.038643
-94.631182
-106.942389
-98.716583
-116.275910
-112.483232
-103.592607
-112.805836
-83.753580
-105.011585
-93.679913
-86.593835
-106.233847
-79.237316
-96.953196
-89.307735
-89.417430
-109.224891
-95.161441
-96.036630
-115.013166
-83.722998
-112.839203
-85.020066
-95.339178
-89.662874
-78.415281
-91.427922
-94.946221
-76.726110
-114.854150
-78.247437
-121.521547
-111.574956
-104.925852
-114.415981
-100.219192
-92.848139
-115.769198
-87.737796
-118.653352
-86.921231
-97.383155
-97.459523
-88.024885
-92.022528
-77.040761
-70.250461
-99.835854
-71.329637
-89.304562
-86.267893
-77.605421
-104.579791
-82.625512
-95.046510
-96.930081
-86.187934
-102.242907
-88.677108
-87.051267
-103.423625
-75.104920
-119.530554
-98.789083
-109.403655
-115.458241
-105.048356
-111.072935
-112.652621
-97.823043
-136.952765
-94.580533
-127.371650
-112.282419
-115.675554
-119.126372
-101.134348
-93.699202
-111.524530
-83.261559
-127.465722
-95.331531
-105.475716
-102.355698
-81.922236
-85.893832
-79.335500
-67.610086
-92.864715
-59.923827
-73.962013
-63.175682
-62.192315
-85.724941
-56.220366
-66.725768
-70.791207
-49.303266
-72.304245
-50.151070
-47.364441
-64.493477
-35.680026
-68.899337
-41.116246
-49.990462
-48.322356
-28.885404
-42.369510
-42.854246
-29.411501
-69.063037
-24.504274
-55.714811
-43.228538
-48.930845
-54.013352
-43.178383
-43.365594
-66.862165
-37.163998
-71.727851
-41.468836
-58.100072
-52.834091
-48.881464
-56.590928
-48.025615
-34.316406
-59.772976
-33.321908
-57.909478
-44.906412
-42.009724
-62.831306
-41.067101
-50.780302
-57.137483
-52.008926
-76.540001
-66.082353
-75.957314
-98.658920
-85.438517
-113.684754
-91.744651
-102.736694
-105.806766
-94.978601
-93.536083
-86.889693
-69.751179
-97.767132
-67.893930
-90.177977
-76.220626
-78.536751
-80.105593
-73.442467
-67.680657
-87.070630
-55.300552
-81.037962
-50.123040
-69.925852
-63.793133
-58.547151
-60.081979
-51.039134
-41.721097
-61.590869
-21.326315
-38.859411
-25.768515
-28.366357
-24.218828
-1.664819
-10.929980
-1.591932
5.180087
-10.709321
5.223357
-6.055049
-11.978931
1.208896
-20.065567
5.252807
-9.835199
-12.028699
-8.891701
-7.753035
-5.967503
9.063123
-12.847200
14.606139
-7.402476
8.708089
-1.636028
1.332423
-0.792892
-0.974975
-22.353522
-1.661175
-24.694755
-0.651138
-23.790503
-14.342163
-25.102174
-22.011107
-21.011611
-11.185968
-29.860339
-12.836316
-34.165151
-20.901663
-34.858654
-42.188950
-36.150628
-41.984519
-39.381676
-27.071216
-36.926422
-26.926365
-37.251806
-45.468859
-38.887123
-48.967410
-34.807061
-48.053987
-51.786080
-53.267955
-50.000175
-49.383598
-34.797125
-48.838868
-21.234799
-48.364287
-40.364650
-55.566454
-54.843684
-63.183539
-67.407352
-95.909400
-85.730442
-122.861864
-100.905755
-119.740786
-112.961523
-112.925169
-112.784360
-130.218975
-126.374167
-149.959834
-126.945504
-148.031065
-126.967492
-127.799686
-134.524234
-123.698739
-131.227745
-136.303189
-117.886847
-134.232079
-118.107582
-133.954737
-146.460824
-137.601138
-156.659766
-140.173827
-144.216038
-144.371739
-133.612435
-138.329442
-136.423833
-123.290652
-143.334197
-115.195967
-142.734864
-119.301253
-113.212880
-117.712610
-110.650457
-106.598035
-122.975693
-97.841508
-139.341871
-105.938488
-123.534620
-110.416230
-100.944228
-108.642501
-105.273307
-94.604062
-121.369720
-81.978688
-114.729826
-96.176011
-99.991073
-112.396289
-92.541826
-96.514955
-99.517178
-82.355576
-121.932135
-92.015558
-99.218462
-102.431181
-78.375176
-97.932645
-80.473747
-91.085052
-99.538760
-80.132346
-102.741814
-88.769501
-74.002258
-108.300123
-67.797510
-91.581961
-70.105237
-69.228300
-74.644866
-62.430474
-64.219369
-77.366601
-47.362439
-84.721422
-48.989374
-72.493852
-69.851812
-63.463157
-67.016478
-64.367630
-49.770306
-82.010027
-48.726674
-81.979129
-67.867963
-68.579868
-72.504712
-55.137795
-54.296052
-56.242215
-33.921240
-66.434941
-38.592709
-60.724291
-61.710935
-52.312611
-80.785698
-57.911304
-67.904128
-89.235130
-73.726530
-95.694147
-90.452117
-86.536203
-109.295872
-81.132384
-106.595554
-85.696514
-84.966261
-91.263631
-73.781011
-68.253974
-78.861584
-46.653902
-84.222009
-43.094745
-66.417597
-57.462101
-47.541179
-51.498197
-48.244813
-40.171897
-65.858757
-26.368435
-57.684920
-34.717568
-53.969452
-72.219247
-72.157232
-90.010526
-97.085555
-78.423114
-105.566234
-72.925765
-86.400602
-75.102535
-64.299101
-86.351297
-74.792046
-89.979634
-96.965110
-77.122036
-95.521277
-80.302285
-70.966443
-85.550049
-61.029234
-93.952662
-74.430001
-85.414158
-89.441793
-75.426935
-80.266374
-84.762050
-71.921672
-103.922635
-63.541352
-83.274001
-72.599396
-72.849011
-71.304711
-67.579008
-63.937952
-83.644424
-49.224393
-83.772811
-52.924356
-72.910333
-66.871753
-56.783835
-61.770248
-61.986069
-47.463568
-75.118395
-50.457842
-77.940026
-61.416071
-49.885717
-60.498475
-49.250945
-69.102794
-77.463235
-56.864930
-72.612175
-51.267901
-57.658285
-67.113067
-46.662782
-76.072693
-55.652457
-60.379764
-66.532286
-57.861516
-68.259697
-72.565302
-51.357456
-88.497159
-59.291951
-87.282693
-76.328105
-77.282081
-87.708207
-92.867896
-92.309186
-114.545173
-88.447460
-130.898345
-98.249191
-115.246156
-114.343563
-103.607833
-106.638530
-111.780355
-102.475144
-139.129887
-104.262648
-135.282307
-128.846833
-120.019627
-132.584814
-125.293407
-129.160152
-131.452492
-105.078929
-124.955945
-102.343717
-107.719338
-121.011327
-92.497703
-123.900274
-108.399773
-112.054935
-126.522679
-115.977148
-131.680550
-134.283466
-116.081581
-145.310379
-110.475004
-139.052937
-132.629344
-116.570306
-125.732654
-119.005579
-109.955444
-137.842031
-104.852634
-142.972746
-113.395422
-128.071900
-130.635055
-122.166104
-134.771427
-136.631722
-122.844241
-154.551256
-118.644107
-145.509134
-140.096468
-144.019410
-161.036234
-156.327146
-159.065829
-169.148101
-150.412413
-179.705498
-152.725580
-157.037668
-174.340508
-151.308676
-175.475737
-159.078049
-165.189665
-177.709426
-160.544532
-167.890740
-168.877219
-149.312091
-173.148212
-141.231981
-165.366401
-151.969498
-142.325111
-152.712986
-145.713537
-137.342132
-163.572605
-124.589288
-166.370831
-140.471272
-155.038312
-157.725784
-143.812986
-137.329463
-136.783133
-114.964871
-149.142923
-116.399107
-142.682571
-124.350578
-126.472831
-133.777488
-126.396843
-129.475855
-140.990594
-118.158156
-143.194817
-120.475747
-132.270903
-144.630066
-120.084691
-128.225740
-120.607581
-118.374199
-133.932268
-111.651239
-127.967618
-128.726100
-107.674466
-136.663670
-105.498860
-136.154217
-132.871812
-131.012113
-143.397293
-131.563554
-113.347363
-126.045628
-88.069672
-117.387102
-86.659601
-97.019347
-88.992211
-92.224181
-91.645987
-102.684744
-88.195504
-123.900108
-98.206491
-127.018365
-108.826531
-112.265068
-115.575785
-105.676572
-108.971367
-116.484616
-96.158230
-120.989729
-103.862688
-108.597514
-105.023178
-86.135603
-89.399076
-76.462839
-78.466984
-84.998878
-67.664799
-72.165722
-62.041962
-48.081227
-64.748897
-41.521899
-62.169680
-56.096330
-59.654938
-66.569029
-64.365889
-53.477429
-58.566040
-34.577563
-56.403878
-40.452073
-67.985666
-64.350969
-66.891304
-67.059692
-74.502788
-68.845052
-92.580540
-68.372528
-95.440020
-77.613256
-82.524539
-86.800328
-102.848925
-101.418883
-110.174932
-98.830535
-113.558968
-85.049126
-95.353527
-90.436100
-84.923922
-88.711658
-78.891454
-76.482386
-75.938604
-58.384131
-78.703907
-84.597948
-80.683997
-97.776771
-90.120876
-105.314774
-94.036160
-103.991736
-106.542003
-105.513204
-103.683040
-122.745901
-98.719369
-127.769672
-107.694436
-122.961290
-125.975197
-131.772524
-124.779082
-133.530366
-122.118321
-145.626255
-115.241392
-138.126111
-118.134152
-130.540545
-138.431540
-126.597565
-121.984212
-138.099113
-100.675814
-125.245897
-105.568280
-121.742311
-124.909452
-124.454022
-134.222903
-125.414545
-111.325351
-129.507659
-103.798457
-119.123441
-119.543688
-103.579269
-126.293345
-100.289489
-117.339033
-107.494938
-90.230615
-103.305126
-85.491983
-77.231631
-93.108680
-54.416004
-79.647725
-60.209957
-66.851540
-67.486378
-64.665828
-73.079009
-84.412308
-75.835623
-99.865809
-51.006576
-81.377632
-59.519345
-60.955948
-62.999103
-53.166908
-51.555600
-68.013420
-43.150808
-80.264435
-58.192594
-87.597853
-97.145808
-90.715369
-104.804000
-97.616910
-96.101124
-110.085642
-70.136027
-97.169622
-95.109680
-81.547684
-105.627576
-72.688010
-93.197902
-89.190272
-78.244796
-89.438877
-65.597466
-60.585998
-75.907705
-44.437103
-77.446442
-48.199244
-59.671345
-58.539852
-46.825210
-56.498350
-61.913734
-46.750745
-72.850510
-36.344790
-75.845896
-62.164209
-64.992810
-76.986915
-70.362823
-66.798489
-80.075429
-48.165038
-83.836990
-56.508218
-85.218928
-85.662373
-75.654988
-86.556485
-73.363504
-59.435266
-75.370480
-35.867943
-57.980739
-38.082084
-30.702115
-50.557983
-24.192164
-45.895944
-40.798912
-32.538500
-50.073047
-35.955497
-43.063690
-55.114742
-28.256069
-64.375721
-33.710590
-47.708981
-52.137444
-46.880351
-65.488036
-55.438407
-34.595325
-60.827702
-24.655302
-58.500045
-29.273658
-42.790097
-46.770805
-38.329057
-41.943049
-56.916771
-28.718684
-67.184815
-35.374149
-61.813625
-53.956912
-45.795734
-64.185252
-57.882830
-47.856874
-61.823546
-32.927738
-62.956394
-48.667787
-54.021031
-66.507082
-47.560746
-64.141865
-58.454020
-45.622924
-62.004987
-49.959336
-49.671675
-55.537136
-32.820406
-55.145595
-23.316972
-45.852643
-41.512578
-31.358822
-42.678532
-42.335384
-34.497797
-60.800051
-20.998477
-57.447187
-30.444281
-43.597465
-45.305094
-41.207486
-41.342372
-46.015304
-29.386461
-60.371127
-34.272368
-70.824986
-56.425269
-54.225053
-61.109691
-57.806323
-54.869169
-69.638310
-43.881565
-70.163496
-53.179233
-59.080540
-70.222737
-51.217377
-68.461076
-60.027670
-65.042748
-81.446644
-67.144753
-74.823762
-80.264107
-69.054216
-93.731918
-69.622178
-86.123573
-84.690407
-81.019435
-95.677625
-90.675440
-85.422753
-108.038524
-71.315227
-105.115360
-80.292446
-87.535530
-85.869354
-76.407556
-73.133264
-79.648595
-53.869582
-89.543538
-50.364626
-77.571549
-70.043549
-64.903750
-74.350493
-67.122529
-61.951958
-82.175034
-49.836253
-76.435335
-46.872451
-49.635936
-64.408081
-43.780534
-59.091843
-57.355703
-51.855298
-76.081954
-51.793371
-66.616275
-71.780076
-60.695890
-89.842045
-62.360590
-81.996382
-77.529756
-64.943436
-76.656520
-66.587497
-54.096202
-73.999639
-32.708075
-58.656702
-30.837136
-32.536707
-36.830050
-33.408471
-36.799608
-56.062692
-31.914689
-69.638579
-35.890486
-63.174987
-54.764272
-47.676491
-49.017160
-39.248622
-32.962099
-48.196423
-14.785148
-46.757113
-22.732351
-26.526397
-38.373076
-21.147389
-29.525896
-23.414055
-5.647117
-27.794341
-1.628722
-12.352974
-11.266713
10.716212
-17.600640
12.629321
4.691046
3.349246
14.450573
1.447158
7.651289
20.536901
-8.243833
24.480758
-7.676492
13.897545
4.398152
0.358515
14.829614
13.086076
5.858211
31.414174
-3.954164
32.340753
9.226833
18.178528
16.886081
4.757574
7.806791
4.833746
-20.281786
12.497091
-9.867810
13.167933
4.096881
7.985083
20.768912
4.780761
7.099805
29.339476
19.454256
58.293089
43.695444
40.554562
52.366688
30.066510
39.614591
29.138811
34.641587
39.699716
26.034052
33.711385
39.381670
13.399009
36.333675
2.841711
26.790948
20.684464
11.528411
14.166287
15.218883
7.019238
32.088022
-4.667244
30.881476
12.802890
24.126131
18.256156
16.911965
12.673231
18.172964
3.747861
41.225515
18.603114
32.485025
15.763951
4.016579
9.345440
3.138816
3.991256
19.649347
0.868171
25.715320
9.255129
15.657328
19.776529
5.325703
12.466798
0.553500
0.079147
8.245179
-3.832666
-0.885098
0.033827
-10.672448
14.810825
-12.426946
1.138933
-13.476223
-9.165082
-6.713058
-5.159855
-15.177115
3.371728
-21.139501
4.350945
-23.778340
-11.594886
-18.253020
-13.850781
-10.720317
-7.084890
-25.146660
-1.927178
-23.278673
7.664138
-7.897348
2.013299
5.367663
1.187370
0.993836
2.189692
-12.883852
9.301521
-10.310300
-2.134609
-8.893880
-18.484116
-3.963412
-20.402732
-24.660110
-29.345333
-48.280514
-41.878840
-32.408249
-37.081484
-13.127597
-33.057743
-20.416312
-32.758231
-30.596262
-27.629457
-33.573719
-43.849301
-29.147217
-56.483636
-18.666023
-39.068555
-22.820291
-22.950389
-28.230198
-32.232820
-19.774390
-37.212022
-2.064223
-32.670135
-6.114881
-17.192822
-12.052322
1.312633
-0.032278
-9.761735
-0.066711
-26.568835
9.379595
-1.016263
9.941776
21.843829
3.260765
23.844465
24.276777
16.339980
36.427638
19.266932
27.432706
22.242154
13.221718
43.324883
14.107289
30.789678
25.890289
20.988863
38.914485
30.896280
16.504555
37.720812
-2.949129
25.177794
-1.057995
1.764380
0.674891
-11.078593
-8.305234
0.298384
-30.132927
1.852989
-37.723622
-13.563333
-22.105781
-28.125664
-20.973776
-30.785144
-34.044231
-12.934459
-40.595819
2.021088
-13.882741
-5.107432
0.072327
-22.285791
2.767026
-0.512840
-7.460266
19.005651
-9.413568
25.100784
35.990225
20.170401
48.091672
11.977717
26.866563
22.356772
12.063506
19.158107
4.113854
-5.479026
16.658824
-16.266933
24.095741
-1.088098
24.412865
32.639944
24.593923
33.877850
37.801542
13.417208
48.428074
7.271830
36.395506
19.617538
13.632994
23.571222
7.950265
6.186753
20.115251
-17.890003
18.922711
-2.440026
14.688185
15.395142
-4.202166
9.413466
8.176874
-2.570806
4.337559
-36.857934
-20.892033
-29.289165
-37.993181
-10.229065
-41.153915
-24.796570
-29.231259
-37.941297
-13.531951
-34.855723
-35.741466
-10.848155
-39.949287
-1.062595
-33.603756
-19.007505
-13.460159
-30.428481
-24.436669
-21.559717
-35.164335
1.012904
-34.444985
1.074167
-22.888072
-17.328942
-8.100897
-16.404680
-16.159274
-2.597389
-34.759504
0.198886
-25.860349
-12.877373
-9.515576
-14.783375
0.302229
-3.878643
-1.198912
19.442497
-7.366642
20.066712
12.672692
11.376666
30.265714
6.252323
22.866489
22.627045
11.557189
22.052426
10.521080
12.279742
23.605400
-3.939676
35.623393
12.461640
34.706263
31.653470
26.271128
30.752669
22.958275
12.731280
39.787127
-6.540291
28.093248
6.994810
8.332633
7.833000
1.258356
-0.196540
5.750335
-22.538430
11.472208
-19.502497
3.672764
-4.273354
-6.384778
5.183059
-5.080882
-15.845308
-6.089126
-30.960703
-9.432480
-32.833219
-30.461012
-20.335733
-41.524150
-25.444931
-43.335169
-50.208962
-36.155332
-53.792695
-55.588805
-47.083202
-59.132584
-25.977840
-54.404744
-31.107408
-32.384980
-41.364815
-30.079812
-31.218691
-39.264550
-10.207538
-51.312368
-16.520386
-39.766029
-32.448429
-32.607779
-42.954530
-42.432887
-31.569426
-63.803601
-32.122023
-63.250881
-42.793414
-47.720544
-50.175221
-35.806765
-47.088328
-55.705463
-34.616037
-64.156266
-34.741998
-53.418425
-55.247206
-40.713160
-67.970082
-56.316894
-57.190294
-72.281602
-55.823345
-73.142043
-61.705748
-52.995897
-83.041750
-50.636077
-77.455475
-66.002861
-62.858549
-69.368319
-55.700065
-55.163786
-71.397115
-41.512929
-87.151790
-55.750119
-72.735662
-63.269931
-47.624422
-64.215832
-66.390772
-50.467750
-83.364302
-49.085937
-81.339572
-68.490006
-80.968675
-96.967585
-83.866118
-87.440065
-97.010470
-66.030316
-94.520166
-62.491817
-81.346492
-81.613971
-70.209163
-95.518128
-89.108328
-93.054181
-102.669084
-87.075673
-113.433914
-110.797175
-111.356601
-140.899013
-120.233098
-138.310591
-120.357826
-111.909593
-122.651787
-108.826632
-105.138588
-113.323165
-87.773251
-122.151373
-81.820084
-100.643468
-93.944811
-84.006576
-79.616766
-75.318794
-60.558729
-93.341573
-60.741937
-93.705148
-75.933458
-84.110727
-91.515333
-90.171733
-98.924413
-112.280928
-89.266880
-117.731081
-91.795321
-106.974152
-94.783004
-83.372659
-98.588193
-88.092218
-87.656438
-99.482759
-79.917186
-101.008748
-99.825327
-99.760826
-117.528311
-100.762183
-120.275834
-105.735541
-99.858215
-108.749461
-102.306377
-107.429606
-114.683566
-96.635102
-128.723860
-100.740278
-114.891931
-103.686527
-109.473068
-108.647964
-102.073094
-88.512405
-106.971780
-74.030242
-107.072010
-84.251433
-92.519879
-99.230287
-106.125013
-113.734944
-121.310625
-99.233887
-140.534254
-125.126371
-141.584874
-136.050415
-132.007243
-138.003535
-133.860388
-133.218236
-137.490222
-114.913648
-133.007120
-132.395169
-127.069132
-142.009513
-127.611194
-149.292482
-145.422249
-138.013294
-140.372636
-129.343871
-130.801460
-140.270301
-127.047195
-155.864837
-124.265684
-141.294447
-125.074853
-128.175060
-124.785827
-129.901628
-121.619614
-130.515089
-99.408045
-132.972955
-115.423577
-131.952826
-126.451458
-130.145035
-125.039137
-137.040905
-128.352713
-151.884732
-128.029548
-147.053065
-146.418974
-156.384243
-154.727051
-144.425277
-142.648884
-143.113149
-126.147203
-133.698472
-120.382375
-125.599726
-127.122451
-111.120759
-122.026663
-109.296210
-107.349807
-108.147584
-108.575561
-112.481932
-113.684904
-107.028505
-130.839860
-105.837940
-120.637128
-103.214018
-107.393866
-105.353172
-101.585800
-92.372012
-116.463371
-100.141079
-123.616503
-106.964159
-121.310351
-126.022784
-134.203541
-127.777640
-129.128007
-108.895836
-144.070223
-121.113439
-144.702779
-133.856714
-123.729986
-133.455555
-146.178508
-146.922549
-156.190907
-135.646951
-160.261821
-153.367304
-158.076445
-167.503722
-152.278240
-163.612361
-158.805569
-147.812175
-162.215118
-145.673929
-153.973179
-159.794600
-135.121663
-163.333704
-130.796380
-146.971612
-134.258025
-123.957852
-132.306581
-133.643391
-130.182542
-158.841414
-121.062970
-157.320396
-137.135963
-147.899907
-151.227296
-143.604095
-137.142009
-153.287739
-129.775856
-157.361434
-116.749723
-137.335068
-129.537286
-130.818273
-139.064774
-126.233555
-121.549338
-144.800015
-127.773677
-160.680759
-142.828257
-139.377504
-146.497030
-129.686986
-149.715757
-141.551127
-127.499409
-138.462700
-118.915852
-141.257368
-147.875949
-130.286723
-155.877141
-123.955518
-137.221818
-125.918705
-114.470710
-126.813568
-120.961143
-104.508103
-129.432513
-94.391922
-131.270701
-108.154887
-106.303126
-98.783465
-87.540534
-90.421119
-96.797937
-65.007671
-102.397165
-65.304692
-92.292447
-77.635285
-72.112525
-88.074648
-81.986259
-77.933233
-103.381440
-68.746178
-107.010643
-72.102302
-75.967645
-88.881573
-73.318144
-94.085705
-90.667486
-90.436478
-119.343092
-92.853256
-103.777242
-102.425777
-85.670005
-111.670502
-80.050456
-97.777282
-97.070286
-91.720608
-116.362452
-116.295905
-114.668033
-149.997787
-119.311206
-158.508176
-141.365200
-163.031572
-172.376629
-161.801052
-167.342207
-170.803514
-143.604106
-185.506620
-148.302055
-174.036026
-164.557242
-167.365782
-181.886948
-170.641745
-170.396601
-186.906936
-157.667830
-192.248538
-173.118284
-181.109913
-176.853656
-153.428260
-168.045920
-155.065392
-141.104077
-158.631940
-125.614477
-146.306539
-142.617749
-126.317372
-140.561656
-110.097280
-126.094045
-112.376252
-103.144189
-114.041586
-105.535567
-95.550156
-115.349201
-83.379304
-119.440391
-89.477981
-102.365645
-98.746547
-90.224355
-99.942566
-101.902651
-86.533968
-115.617442
-79.115507
-117.105879
-102.187600
-113.887373
-122.267577
-123.198629
-124.050786
-140.470705
-118.577510
-147.046126
-124.212127
-147.226285
-150.832142
-145.394326
-162.882761
-155.469778
-157.675810
-181.199310
-161.468901
-183.805665
-175.964147
-170.910907
-177.516001
-151.189538
-169.994656
-162.520782
-160.312448
-178.726416
-171.946366
-176.924926
-188.889683
-167.970027
-199.995036
-175.400039
-194.395546
-188.343188
-178.899970
-186.641713
-188.810284
-172.275310
-194.374672
-151.725946
-177.891024
-152.561437
-148.624321
-135.089545
-127.252775
-120.580960
-126.347257
-103.118113
-132.950066
-101.102327
-124.166154
-118.815103
-109.222727
-119.020962
-117.194759
-111.245586
-121.037323
-97.705472
-121.623624
-107.938121
-104.156617
-117.884357
-94.171007
-109.265032
-94.501591
-88.286190
-103.540039
-86.727060
-92.082843
-98.491861
-70.771230
-106.186740
-86.551527
-102.633730
-94.517966
-90.971571
-103.402204
-102.909794
-89.221065
-118.888411
-87.227262
-118.028823
-94.751144
-97.266851
-101.682850
-93.447172
-90.961592
-107.608968
-86.274087
-126.134055
-91.066476
-104.684817
-96.590015
-77.662047
-89.173862
-83.731487
-70.022978
-95.043818
-70.394172
-86.348227
-65.472536
-60.793982
-74.094822
-51.199860
-78.953807
-76.193454
-66.142135
-90.574945
-77.676912
-85.131408
-104.673703
-80.995088
-112.822859
-86.868517
-106.126265
-112.349947
-98.825521
-106.803263
-105.502494
-77.608807
-100.038457
-56.585419
-91.742661
-69.575375
-74.201703
-80.683149
-73.956949
-75.526485
-87.879063
-58.320289
-87.039513
-51.491503
-71.809574
-67.215905
-64.971765
-79.660722
-84.385727
-80.153686
-103.614785
-74.504937
-100.105804
-85.922640
-93.968028
-108.006815
-88.499724
-99.180404
-94.119618
-92.027938
-111.031190
-88.562720
-95.456927
-115.902648
-97.779029
-123.481960
-98.101202
-116.837720
-113.310648
-100.660307
-113.781999
-107.432999
-91.577568
-122.079609
-94.553196
-124.282532
-98.373932
-96.982849
-105.727875
-97.514482
-88.322575
-101.219809
-72.181289
-109.267716
-74.518167
-93.932680
-89.078824
-89.740281
-98.659406
-91.249746
-75.550465
-99.731044
-68.689479
-94.890831
-79.665038
-77.189572
-88.031492
-71.394253
-80.898338
-86.675897
-81.132024
-97.870938
-79.726604
-94.655069
-95.495084
-71.264278
-93.430221
-74.099053
-84.529704
-85.663539
-78.152883
-85.394459
-79.533753
-65.162538
-84.292169
-45.940148
-74.708673
-54.297305
-67.294095
-71.405146
-66.465561
-65.088292
-76.546848
-40.931923
-73.115033
-39.006216
-60.012131
-53.908505
-54.638118
-48.172958
-37.685738
-35.075797
-57.310314
-30.762203
-61.575517
-42.400820
-52.670113
-58.701792
-53.715554
-66.251904
-64.890562
-61.011190
-76.139901
-55.662878
-68.563081
-65.753666
-52.645035
-70.536429
-45.081829
-54.462046
-56.744615
-47.139449
-49.346047
-49.808924
-38.914412
-47.401201
-15.278260
-38.590613
-20.510855
-40.952763
-40.032649
-41.527631
-35.169581
-39.330591
-27.734592
-52.240231
-21.161598
-44.013875
-31.870973
-40.826189
-43.981561
-49.887392
-48.177343
-71.312077
-48.611736
-72.690668
-59.593042
-76.754389
-77.380106
-79.307537
-86.807465
-86.103920
-76.687535
-84.077501
-73.979609
-82.054859
-76.874860
-73.938991
-82.916036
-69.287622
-78.064505
-68.789213
-62.312131
-70.891723
-74.361125
-74.924865
-94.625429
-78.955453
-102.694768
-92.690180
-101.100898
-88.580863
-94.003919
-85.970611
-93.977028
-79.231621
-92.753415
-53.808452
-64.691705
-45.558416
-55.959634
-51.645406
-57.941095
-49.157071
-61.052166
-36.442411
-51.553782
-27.254620
-33.998621
-30.179111
-29.371422
-25.631226
-27.642576
-17.332713
-37.876038
-18.921848
-34.246047
-32.459431
-31.068585
-44.252147
-33.569613
-41.429429
-42.401660
-37.036322
-49.091206
-54.853401
-48.026771
-73.611543
-60.906852
-81.219837
-61.983877
-67.470322
-66.290715
-68.866503
-71.975839
-76.647132
-46.314467
-76.905722
-55.839788
-82.524740
-73.216788
-76.331275
-74.921844
-68.752956
-60.536040
-84.749673
-56.302434
-89.860726
-72.106886
-77.406786
-75.822201
-68.839966
-73.003645
-84.383608
-61.718334
-77.365640
-44.293067
-59.345954
-66.897398
-63.659504
-90.578218
-74.155806
-85.151761
-97.409616
-78.261905
-97.682031
-83.419513
-72.209561
-89.174910
-61.826169
-90.729969
-67.283077
-58.488718
-65.290566
-55.468541
-54.717450
-60.304472
-33.508347
-64.325259
-26.243412
-57.263045
-53.707479
-57.537284
-59.938097
-55.760249
-44.920077
-74.949918
-43.448640
-80.491879
-50.859267
-59.659150
-70.020076
-67.657033
-81.184564
-88.410467
-72.350956
-109.614883
-79.217441
-100.541927
-97.443288
-85.201457
-98.226809
-74.432924
-73.809232
-74.486975
-48.145951
-68.458851
-46.494579
-44.824819
-62.364305
-36.507353
-67.602924
-47.754346
-57.495187
-70.265070
-57.100571
-58.130545
-64.028858
-45.470121
-79.487615
-46.257508
-76.472749
-60.532939
-57.373805
-65.844420
-64.488864
-60.401323
-92.130854
-62.689744
-105.036889
-75.048541
-80.971289
-84.831149
-80.711763
-90.226632
-90.327609
-81.663415
-116.952698
-82.991793
-114.761055
-115.536829
-110.543900
-123.323327
-102.246313
-100.061827
-100.466662
-71.001751
-94.154748
-66.925622
-62.970675
-78.781979
-50.664906
-77.143119
-60.909477
-64.356024
-71.984941
-51.789625
-50.910680
-46.614061
-20.066110
-49.537359
-13.718314
-36.693795
-31.292011
-51.037841
-69.129806
-67.931734
-59.073453
-76.750232
-42.676495
-76.916549
-42.263853
-66.452206
-73.415092
-73.026255
-86.046736
-88.827799
-80.605650
-106.279980
-69.854883
-95.241934
-82.749991
-76.139046
-88.844450
-71.751239
-76.273836
-83.248368
-67.568788
-91.504775
-66.475753
-81.967879
-98.597899
-71.095097
-100.278126
-87.490526
-103.049491
-109.207585
-92.146664
-102.791152
-94.579785
-80.764430
-111.102244
-77.378653
-103.799979
-88.203223
-93.969383
-105.453457
-99.201835
-97.837997
-112.554278
-84.727900
-133.443411
-105.797293
-121.334422
-112.114489
-106.861594
-108.402874
-109.001762
-98.091649
-126.408726
-99.576330
-134.298406
-116.349556
-112.907428
-112.353009
-105.554464
-119.527302
-121.185093
-96.505096
-116.471972
-95.028787
-112.845610
-112.773019
-95.578501
-114.834690
-95.664706
-110.738651
-122.144626
-106.982941
-113.926189
-99.325708
-83.204133
-97.721162
-63.947671
-97.205861
-83.412727
-84.990921
-90.791114
-81.674630
-84.621151
-103.789155
-83.802117
-123.356028
-92.744082
-112.367202
-95.808577
-93.141264
-90.907966
-91.014711
-88.673784
-115.693918
-84.061802
-113.740412
-83.008748
-89.715362
-90.691900
-71.934813
-68.578925
-66.727448
-42.167960
-57.559138
-32.115737
-42.488470
-38.478439
-26.414544
-36.074980
-19.136604
-24.890135
-30.410447
-20.266637
-34.682075
-32.993823
-27.374196
-47.617631
-24.325791
-56.531482
-37.732296
-37.151933
-46.969952
-42.402774
-43.835448
-56.969188
-30.347932
-68.418181
-30.449462
-56.712799
-52.747974
-51.827134
-59.604789
-55.371792
-42.396791
-63.387129
-26.104387
-63.237442
-38.456919
-43.414376
-55.917787
-49.767919
-52.729546
-49.061442
-23.068310
-51.651934
-29.364333
-48.847615
-52.652374
-37.514897
-60.671935
-45.513888
-53.732151
-74.454920
-64.280710
-86.941475
-85.405353
-81.347292
-104.626953
-83.386119
-108.199148
-88.439094
-90.357116
-103.093650
-96.648312
-97.553494
-108.616800
-76.728815
-109.085919
-74.207250
-100.533289
-96.225882
-96.812072
-102.126441
-93.926883
-77.336039
-99.621809
-54.253875
-85.298028
-61.891547
-66.414388
-64.734443
-52.688037
-57.435248
-64.097182
-42.667986
-76.209908
-40.572366
-49.757844
-47.683861
-36.914708
-57.591674
-43.830671
-46.818535
-56.826997
-37.693678
-58.939652
-48.268937
-46.873423
-74.541907
-45.090417
-74.654003
-68.604917
-59.553681
-65.248180
-43.311591
-36.803168
-44.475224
-17.580628
-49.956150
-10.994343
-42.647536
-41.382461
-45.901364
-46.666404
-39.071217
-33.265406
-66.101805
-37.775805
-68.471427
-36.013734
-39.265788
-42.812181
-28.432025
-30.003698
-34.189940
-3.792595
-33.231830
-4.312446
-26.855882
-23.239236
-16.598752
-31.590163
-20.327722
-23.511926
-35.713877
-13.101419
-31.539335
-3.819577
10.878225
0.152196
30.925279
14.071718
33.089359
43.517732
43.146787
60.293701
55.082928
39.068552
58.992601
30.699699
68.324557
48.959004
54.710565
56.885586
46.956475
46.800159
53.765672
30.680788
71.023058
37.037267
59.595804
43.024180
37.393458
41.419389
31.695726
22.789054
43.348258
17.567885
52.862111
31.371853
40.077446
43.891728
26.185736
39.924124
46.734634
35.886675
64.771349
44.837743
61.789215
57.161601
42.559704
50.829125
25.162681
35.781974
38.470683
26.282589
32.809819
24.976185
24.875390
45.900632
22.344621
49.457771
26.211266
42.628727
48.700636
34.232005
29.414559
35.986515
7.426033
36.290420
4.533119
32.006460
5.179902
0.926804
5.101114
-2.375691
-13.092477
6.184464
-27.636781
-0.831839
-27.329738
-17.797882
-9.240962
-13.968509
-8.566209
-13.186107
-24.067346
-9.229160
-29.375242
-13.159398
-14.938332
-25.329999
-14.102943
-30.363374
-23.417090
-25.371353
-25.332410
-19.321236
-32.794741
-33.016555
-20.039994
-50.945756
-30.647042
-52.724742
-50.200401
-61.788343
-71.471837
-80.736024
-85.333162
-105.352790
-85.038898
-125.414583
-109.098429
-136.821799
-133.954004
-138.135760
-143.073376
-147.954060
-127.340866
-152.938957
-132.941718
-157.696862
-137.096298
-135.393364
-134.796746
-131.287069
-141.712118
-156.256846
-141.506164
-163.461280
-149.041004
-155.336073
-153.564695
-144.268553
-154.394401
-145.884983
-146.087952
-148.287028
-135.668377
-137.925391
-138.876327
-130.984239
-151.960017
-126.706636
-145.766273
-133.535076
-140.794857
-139.450952
-146.196355
-146.257035
-154.903490
-137.484908
-171.702473
-155.136035
-169.704169
-156.342899
-155.817385
-147.780454
-156.901717
-135.412271
-150.652033
-125.541301
-146.162840
-128.972755
-131.406035
-127.615883
-128.462965
-127.641665
-131.651123
-119.471468
-129.557113
-108.284542
-112.188867
-104.775670
-90.045635
-94.729586
-89.653448
-95.032881
-93.848335
-88.248125
-106.137250
-103.035932
-96.222869
-106.333349
-85.388611
-102.058860
-93.428117
-97.831027
-93.657869
-83.257353
-73.497674
-81.089247
-52.328897
-67.333927
-35.058658
-42.504572
-22.866638
-28.154401
-18.264289
-17.824777
-6.316428
-30.058830
-13.684822
-41.399752
-22.704068
-37.485438
-45.135748
-49.862088
-42.638404
-54.840130
-37.109904
-56.202923
-30.132878
-42.747781
-41.451175
-35.496735
-45.630219
-35.465721
-30.325993
-37.854542
-22.321033
-38.232002
-38.037193
-24.599263
-42.628374
-22.327947
-31.719708
-28.543869
-26.430554
-36.160163
-37.807177
-39.408687
-58.461444
-45.663616
-77.633703
-53.771955
-69.894956
-64.883358
-64.763201
-69.076392
-78.770001
-52.438803
-68.777190
-30.893208
-61.087596
-41.540347
-42.381710
-48.662171
-42.922581
-48.201010
-61.048356
-36.683495
-65.393655
-34.733140
-48.069123
-38.549554
-21.564319
-34.121561
-24.314571
-19.501548
-38.193876
-14.490521
-26.991751
-10.476560
-1.218740
-16.999621
6.477348
-16.333008
1.754429
13.228822
-9.195760
-4.876565
-3.598660
-24.434727
-1.870402
-34.149322
0.050155
-14.101629
-12.264209
-6.130681
-11.876129
-24.292302
-6.234805
-45.180583
-16.425227
-48.384515
-26.139255
-28.776895
-43.099951
-39.778352
-38.501375
-58.842448
-33.347781
-65.576587
-31.129450
-44.925590
-42.457567
-30.859771
-53.876477
-47.208125
-37.598241
-62.382853
-32.320982
-55.533579
-40.448394
-44.954967
-69.302471
-48.517119
-65.431074
-50.550883
-34.935533
-38.336004
-20.611840
-10.530898
-26.288786
2.944522
-39.464193
-8.302851
-22.959946
-26.856640
-15.085534
-18.716551
-28.260748
-5.625248
-43.583805
-0.601629
-33.560001
-23.995049
-22.322845
-40.060307
-30.164400
-38.610713
-55.328029
-24.529444
-54.110794
-27.538765
-54.124494
-53.609544
-44.958026
-51.939220
-50.923390
-39.173212
-63.692341
-44.414427
-63.148035
-49.955028
-41.836705
-69.966626
-48.012038
-65.631781
-54.183358
-38.785509
-60.826848
-41.140133
-46.332520
-61.392916
-33.567298
-68.261736
-36.187280
-42.296899
-40.005527
-31.137348
-37.163646
-34.014069
-10.360895
-39.324686
2.984262
-40.927164
-21.059419
-25.494166
-26.020495
-20.234290
-15.467298
-25.818084
0.390203
-27.016429
5.523657
-10.521948
-4.698610
18.710917
9.004294
24.126418
33.227123
2.808027
29.573462
6.554412
20.109945
20.785067
0.801100
30.192217
2.577908
13.369636
25.638237
3.154909
24.916233
18.261391
6.723374
29.257815
-4.388201
21.300798
1.002839
0.685516
6.843139
-2.222862
-0.645185
7.200505
-19.960457
14.342221
-29.406416
-13.781618
-28.927143
-48.379419
-31.770343
-36.613701
-52.037962
-29.844718
-50.309976
-12.584924
-41.033092
-31.740279
-23.244101
-23.154153
-17.383710
-8.848166
-25.641733
-0.097208
-28.553876
-4.813569
-18.739501
-7.560686
7.534441
-26.059626
-20.042503
-14.757448
-34.449171
-17.364469
-27.520918
-32.301261
-10.697174
-41.327684
-0.846080
-16.594857
-14.917306
-3.536464
-11.825297
-6.822154
-3.150033
-31.712320
5.529853
-28.475661
1.381884
0.730460
4.224626
15.743834
10.620416
8.226596
36.329103
-4.157685
27.974840
-5.168519
4.737955
11.789741
3.136265
15.571368
21.870535
9.652088
32.965388
6.257219
27.394827
5.805493
-6.127016
-0.926950
-18.419420
-17.693599
-17.945215
-27.005115
-7.364716
-19.941774
-21.074309
-10.329282
-33.760252
-7.026580
-23.387818
-21.208456
-9.142534
-5.632496
9.267343
10.208679
-14.079934
19.476177
-12.203173
18.505380
10.426810
12.676038
14.544562
7.454357
7.634961
33.252332
7.206048
43.834229
23.331283
45.869968
44.093594
35.538181
39.384833
44.171954
32.781640
56.743001
14.854381
38.052142
27.689571
26.090815
38.422140
25.082107
32.355282
29.582065
10.943917
28.928997
10.029010
11.597769
13.583259
-2.601984
24.764610
8.071680
22.771587
33.838185
28.860285
33.723346
22.388334
3.556125
27.611509
-7.404389
11.450940
-15.727965
-9.700427
-4.077462
-3.085886
-6.664978
10.759962
-16.954930
11.411598
-23.900412
-5.689972
-15.662068
-23.976744
-22.642982
-19.376757
-33.742028
-15.111491
-54.004518
-25.181580
-38.696030
-40.169484
-30.946290
-39.505418
-39.405258
-39.113412
-58.106923
-39.878824
-60.933361
-54.630217
-46.670308
-66.283241
-48.344840
-63.535086
-57.207296
-54.457173
-68.785024
-61.185701
-68.967493
-77.219541
-46.173855
-81.751676
-64.489320
-75.170090
-69.977524
-67.753530
-76.377366
-82.445811
-66.320695
-90.290684
-55.605495
-89.282586
-68.966013
-80.003709
-82.027504
-78.989165
-84.406149
-98.347248
-73.694637
-104.679867
-69.792119
-82.256707
-82.109026
-69.551009
-76.550412
-66.437609
-61.801021
-85.755154
-56.979762
-77.368507
-63.010030
-53.118265
-69.002411
-45.654720
-65.721956
-68.722341
-47.292267
-61.405347
-45.231869
-44.907123
-59.975572
-31.320998
-65.587194
-45.941321
-61.559313
-70.636176
-66.678121
-84.621158
-83.922802
-66.853264
-91.424406
-50.581322
-79.550016
-61.294312
-64.810419
-64.038858
-57.624114
-58.197581
-84.249516
-56.635443
-103.200893
-73.287157
-88.924657
-81.488882
-75.298237
-89.505067
-81.189405
-67.538093
-94.901511
-62.560289
-86.714632
-68.015288
-48.571116
-63.841568
-37.147705
-49.281472
-41.743825
-25.101036
-45.956901
-28.347741
-30.384194
-43.156284
-17.301173
-47.791591
-17.745755
-22.694015
-21.199320
-6.751266
-18.371988
-23.990857
-9.686321
-51.441001
-15.759627
-51.210710
-38.700709
-48.699140
-57.167597
-47.520325
-54.685872
-70.300567
-41.486517
-80.960352
-52.151243
-72.269671
-75.080704
-71.033670
-82.586313
-82.121907
-72.002075
-96.263439
-65.824922
-98.686260
-81.807969
-83.801715
-94.924573
-72.922016
-97.615832
-93.952189
-76.168084
-100.552600
-80.906399
-89.138800
-97.563908
-73.981248
-98.526516
-74.874259
-83.104164
-84.198897
-74.315836
-83.877842
-82.331796
-58.363868
-84.659464
-52.086586
-85.823851
-69.863041
-72.407844
-79.136982
-75.079457
-72.567198
-86.768828
-57.929422
-90.480172
-60.301147
-86.915845
-79.567183
-78.162311
-84.757087
-81.589253
-71.202646
-97.068604
-65.135771
-97.395314
-94.463116
-100.336198
-105.994333
-93.612451
-108.314818
-106.856147
-93.049579
-118.070932
-106.068536
-126.906414
-134.972559
-115.470204
-137.022092
-113.609348
-130.485943
-129.299916
-122.960940
-127.519536
-122.770862
-107.534703
-127.791121
-96.406639
-127.423491
-105.943020
-113.777009
-111.309072
-106.248977
-106.194542
-118.731452
-96.606056
-129.961990
-99.110691
-117.358037
-105.297495
-109.895471
-120.018275
-126.907953
-118.178505
-134.992604
-104.365220
-123.838978
-89.091984
-89.998522
-89.428295
-71.654677
-78.329249
-78.085774
-60.729410
-73.260638
-53.902999
-65.860393
-62.722914
-43.050892
-60.692334
-48.527517
-64.799173
-63.302268
-54.117035
-69.838829
-71.887180
-61.636516
-77.575335
-47.016224
-64.461572
-42.007488
-59.971389
-61.159048
-57.185427
-57.362760
-64.397804
-46.441583
-79.575282
-50.761238
-83.190235
-73.118771
-80.387765
-88.900389
-95.904850
-103.347829
-126.047631
-92.235001
-119.736603
-97.832595
-103.959089
-97.789000
-88.836589
-89.512211
-87.700076
-81.294634
-93.891807
-72.474626
-78.209839
-78.392913
-70.344966
-78.275782
-60.881843
-71.815967
-73.027347
-68.093020
-70.826727
-58.934745
-47.781858
-61.191273
-43.329732
-60.380778
-41.596155
-47.840822
-41.721550
-48.257790
-41.211604
-54.934739
-44.174937
-71.857824
-55.516331
-77.627324
-59.159546
-71.603773
-76.502665
-98.228320
-93.203808
-108.593719
-90.264169
-116.378126
-96.731421
-100.848376
-92.445142
-92.450896
-93.650409
-100.009727
-88.509098
-95.880108
-81.082131
-93.552757
-84.540622
-81.078541
-84.022251
-73.931662
-84.078150
-74.256795
-61.622699
-58.409179
-51.604904
-51.517111
-63.032967
-51.931428
-68.439043
-47.188369
-61.554363
-56.081962
-57.521429
-51.378168
-63.911746
-52.408494
-75.251226
-54.081191
-75.195638
-56.655086
-67.153981
-67.458421
-75.255632
-64.834303
-80.861423
-63.926687
-94.127801
-71.003598
-87.264191
-77.744582
-73.927082
-65.689054
-64.930806
-63.085731
-77.118965
-49.503170
-53.233715
-30.546672
-22.919185
-25.599893
-14.679612
-18.100919
-5.615739
-1.340620
-14.251636
-10.718362
-4.861634
-19.095966
-6.612997
-22.797703
-1.640955
-15.967167
-16.390079
-18.780854
-18.472141
-25.348340
-9.107987
-37.489837
-15.758359
-40.314999
-25.628749
-35.834619
-43.549154
-48.371345
-37.370057
-47.563936
-14.457093
-38.039283
-14.621856
-26.045331
-22.339159
-19.189064
-24.806578
-34.322532
-18.190911
-40.745661
-18.059573
-38.901694
-31.210462
-26.105832
-38.446779
-24.999593
-25.788166
-23.263895
-5.304203
-15.886870
-9.009336
-12.593981
-15.584916
7.439389
-11.631177
3.568216
0.009899
-0.531768
14.461600
14.935240
4.628815
12.322666
-24.439918
4.769870
-21.343589
-4.587671
-6.925553
-11.527321
-9.912820
-4.570657
-28.447543
3.525355
-29.157825
-2.010202
-18.558176
-10.823543
-3.507566
-8.775320
-20.173569
-11.089179
-39.940224
-11.634091
-37.603039
-20.876769
-16.082697
-37.103860
-26.559705
-44.501336
-55.523011
-43.308432
-69.368774
-49.974227
-56.367396
-73.300025
-54.397448
-82.092171
-77.175399
-86.262489
-99.670388
-96.191914
-106.858464
-106.712577
-81.938853
-109.949733
-74.911165
-106.369503
-96.134043
-94.462075
-103.216859
-99.396180
-94.992220
-113.818711
-75.712927
-106.782317
-70.668255
-84.209707
-72.624674
-59.959201
-61.651449
-61.254691
-48.148398
-69.683993
-32.260221
-56.271012
-47.891805
-45.599547
-56.115973
-44.925191
-57.032350
-67.148578
-54.683078
-78.661688
-58.784959
-60.196560
-67.648441
-52.489691
-81.943804
-62.679770
-66.142269
-72.782803
-56.710150
-68.849682
-63.501949
-43.119039
-70.828141
-39.777723
-70.411428
-48.088135
-46.633834
-54.437311
-51.997807
-53.380438
-70.931813
-42.508385
-85.250355
-47.932865
-63.778626
-54.370716
-37.247559
-37.268423
-28.429918
-0.193643
-22.179287
18.288842
-11.551802
11.639812
15.706914
13.272522
30.371130
20.430398
20.988380
51.303960
28.901993
48.880103
30.332673
21.623378
41.801170
14.305537
33.676680
33.148764
26.273953
40.449368
31.903485
35.871003
47.461889
21.143043
61.532852
32.932332
44.667125
43.013975
33.881417
48.573325
51.764012
30.974450
64.845076
27.397536
59.849128
37.632700
44.052844
55.580385
46.484330
42.380006
61.020691
32.766870
72.683628
44.461317
59.302436
45.969210
25.002691
23.153014
5.075599
-1.147007
12.251230
-17.968571
18.213696
2.603644
3.391646
23.634312
2.492061
20.492767
11.715959
4.126154
24.330923
7.041697
11.245442
22.173180
3.165727
34.368549
-2.188498
13.339282
9.826402
6.306058
29.367882
26.153063
10.050066
36.099217
-7.597888
26.201430
-0.242327
9.593555
22.186215
13.323193
10.797550
23.883582
-2.343847
30.133810
-8.553691
13.737547
7.174029
0.796928
14.762645
2.829742
-6.673129
10.192905
-19.977782
1.499490
-19.432904
-21.105088
-12.979858
-37.500930
-24.130712
-31.625846
-48.434216
-22.652358
-34.822029
-23.332552
-22.680037
-40.981434
-3.558524
-28.788677
-9.119849
-9.881816
-18.298332
-8.170873
-16.007747
-21.868756
8.967483
-38.828006
-11.032992
-41.019548
-38.160415
-32.019984
-41.222857
-35.162089
-37.556484
-74.274129
-36.482403
-75.684634
-46.589126
-59.243563
-64.355192
-51.441217
-59.396411
-71.486692
-53.518822
-87.188611
-62.109886
-89.939226
-78.814830
-67.105061
-88.330045
-72.867153
-83.415842
-86.110972
-61.542429
-86.924353
-67.356416
-68.408440
-85.979479
-52.969854
-75.163759
-44.777730
-49.698043
-66.613642
-52.305008
-58.718604
-62.900737
-29.918985
-59.228124
-27.581008
-55.029262
-43.125361
-41.678387
-40.574765
-35.687851
-24.025740
-54.021303
-24.749252
-64.096941
-34.637332
-44.286351
-43.008270
-31.478824
-41.408512
-34.945673
-16.617325
-54.202182
-20.073915
-40.305321
-25.396261
-20.737286
-42.704653
-32.798392
-41.586249
-46.267368
-36.049066
-58.582350
-40.218968
-49.505898
-65.004811
-44.953370
-67.029701
-38.757517
-40.194381
-51.110905
-42.774249
-53.086267
-48.210542
-30.189402
-65.114049
-33.349509
-54.583463
-35.676653
-32.470010
-44.878656
-37.994738
-25.614954
-38.175564
2.950712
-34.946664
-6.223778
-26.671785
-28.212728
-26.664847
-30.109207
-26.076304
-14.321899
-39.034587
0.639965
-15.437323
7.134890
9.401767
-1.641148
12.381630
0.681154
-4.103038
14.498334
-13.942798
11.311174
3.868953
-5.408904
17.479979
-3.197460
20.749106
17.331008
22.495012
32.608823
11.999753
9.851304
13.452449
-14.848556
13.550432
-18.862447
-4.819791
-7.485222
-15.097911
-14.392293
-14.779892
-27.647068
0.302300
-30.911482
-4.752428
-25.208456
-13.905703
-15.807020
-17.808259
-12.519308
1.676489
-22.845112
0.597773
-21.451781
7.182721
4.998993
1.506967
8.323374
-3.911888
-11.600074
-0.856671
-25.540969
6.425571
-1.743771
3.607611
22.804549
3.866943
23.680765
11.988104
10.695493
24.937796
18.092782
31.316358
47.145190
32.040729
60.943130
34.758713
60.533130
57.205236
57.608349
59.272353
61.923633
50.526273
73.524118
42.585309
74.430968
49.678469
64.158074
60.322651
52.223315
48.304498
55.502665
29.501260
61.290524
32.943997
48.638752
31.135521
27.492327
37.063313
29.339989
24.302152
35.549631
6.609499
25.448443
7.903509
13.560119
23.336219
5.725825
18.790651
6.251490
-1.100320
8.511000
-5.929723
-4.372524
-5.497744
-27.291152
-2.866225
-28.673308
-4.029720
-13.075086
-21.253284
-17.746955
-15.873061
-26.114639
-2.187494
-27.394826
7.905163
-16.436172
-9.415855
-10.815963
-15.322564
-6.030187
4.381688
-23.105987
1.507933
-31.770125
-9.165024
-18.884853
-15.942857
-4.734369
-3.138145
-2.317961
13.157909
-16.644582
5.157945
-15.485637
-12.521820
-6.631341
-25.745062
-15.244438
-24.563536
-32.067373
-18.529234
-38.876075
-26.223905
-22.963082
-42.196780
-15.661431
-46.312805
-28.093656
-25.912371
-33.546753
-20.962940
-26.173887
-32.490750
-4.695350
-47.545115
-16.384645
-38.337886
-22.806245
-20.526494
-25.590792
-19.332332
-7.024486
-30.485592
13.992316
-16.575013
12.167208
5.609434
-2.006698
7.292580
5.317812
-0.465724
13.461708
-23.674769
3.534440
-19.162618
-17.490575
-10.895026
-28.197140
-17.017387
-21.560361
-26.178613
-3.968373
-22.440747
-13.534089
-12.868796
-31.068522
-2.932348
-25.304995
-7.024214
-5.733185
-18.566862
-2.473868
-5.229035
-17.619546
8.550250
-31.517569
-7.137982
-39.068498
-39.431503
-38.897916
-58.851502
-62.703921
-55.727079
-85.359350
-51.953678
-92.251015
-71.201756
-82.222996
-85.072243
-61.936987
-62.026152
-63.311798
-43.047126
-69.901281
-34.091779
-53.875632
-42.570172
-40.286406
-62.531330
-54.265806
-56.344620
-71.432663
-56.909227
-77.562781
-64.415188
-62.901025
-79.572936
-58.272839
-80.540862
-67.261842
-69.688676
-71.192844
-45.138849
-47.679598
-57.138292
-28.229906
-57.352798
-20.058445
-40.855755
-32.305247
-31.596540
-41.906828
-44.610943
-36.288840
-58.091688
-20.767337
-56.153674
-23.721822
-36.741440
-47.039797
-39.401837
-47.692207
-54.970161
-35.110590
-64.969985
-34.671731
-55.688505
-45.420783
-37.046203
-43.197489
-28.007281
-27.877468
-40.036479
-14.667285
-48.655701
-36.878221
-38.485979
-57.809778
-37.130682
-64.017758
-52.535454
-52.012997
-68.045563
-50.775066
-63.865437
-65.862066
-42.162698
-78.596447
-56.414782
-80.441295
-71.928787
-69.111514
-77.978116
-82.822053
-75.255900
-104.510177
-74.248884
-109.600826
-80.899479
-93.899247
-89.475089
-80.956345
-82.489649
-84.926834
-60.179285
-85.044145
-52.935541
-86.058344
-75.054046
-75.011139
-87.480915
-69.702610
-68.573663
-83.552316
-58.101090
-81.199814
-58.294224
-62.937782
-69.636338
-51.693327
-73.760202
-65.947973
-72.907435
-90.851317
-89.375849
-110.880370
-118.657686
-102.755787
-128.732195
-101.539939
-131.811982
-120.598206
-117.471381
-122.509053
-125.720953
-121.881767
-142.023718
-106.463499
-136.262927
-111.736346
-118.432467
-109.626410
-101.241105
-105.963042
-111.061242
-89.492712
-109.621059
-76.202277
-106.948999
-95.485092
-92.584484
-91.085532
-75.379099
-69.397629
-68.582236
-37.985587
-53.395016
-25.446723
-25.708843
-22.294073
-9.435479
-29.418413
-19.784315
-15.596177
-18.809320
-5.815215
-17.400086
-21.600865
-9.553623
-34.936665
-7.695300
-29.444125
-23.586621
-20.694584
-28.461272
-25.054725
-25.819759
-50.323040
-26.077774
-52.289307
-28.607649
-59.901898
-60.014686
-57.794212
-58.738332
-67.993330
-56.988850
-92.363171
-61.691948
-82.180828
-64.537787
-61.847048
-55.473634
-53.323120
-62.487281
-69.720984
-45.426693
-66.006044
-44.100134
-54.253553
-50.083661
-44.198863
-54.729724
-46.396070
-52.427974
-61.032530
-35.626025
-44.985126
-45.009523
-42.857789
-69.555897
-49.323160
-74.454911
-67.197829
-65.531655
-65.212342
-69.054140
-71.863524
-83.418132
-57.075949
-84.836205
-63.085346
-86.442361
-79.754054
-70.753298
-70.388040
-80.878155
-64.635064
-89.405289
-60.914283
-75.383311
-50.550808
-53.366800
-46.743701
-45.058614
-41.720811
-51.569181
-31.951672
-52.128306
-33.706945
-48.287568
-42.200530
-32.124565
-42.718332
-36.875287
-47.260290
-56.739378
-45.069364
-55.214930
-49.012402
-44.207484
-52.013755
-36.792189
-54.926967
-45.859018
-50.793392
-46.952571
-50.116312
-50.687122
-66.135942
-52.601379
-73.485547
-50.662725
-68.943947
-58.203096
-58.622133
-55.795880
-64.454687
-52.698923
-64.332607
-28.529104
-44.666014
-20.774991
-35.673238
-30.747838
-29.599339
-32.006180
-44.626687
-27.212044
-45.578304
-26.182605
-38.089454
-31.144056
-28.899674
-23.379887
-23.903048
-23.049492
-24.495630
-13.474121
-21.222736
-6.909404
0.888198
-0.077155
12.450824
1.424678
12.877752
5.068291
6.570201
10.974134
10.290144
2.605409
20.289073
-0.188834
26.963671
4.530861
15.959222
7.167771
6.317735
-0.841068
4.693325
-16.617716
14.221601
-12.766732
1.235093
-19.580619
-15.202472
-20.609959
-21.423615
-31.154810
-10.057512
-39.162845
-15.153914
-32.414251
-24.974078
-32.676391
-39.350165
-25.007372
-21.036665
-35.204239
-24.427406
-42.010077
-25.119353
-21.746729
-28.535253
-7.831024
-29.024174
-21.635637
-23.077820
-31.696122
-27.468994
-28.450995
-34.720007
-18.144868
-40.107208
-8.566504
-19.024680
-2.708297
2.408365
3.365567
-0.628866
5.113620
-19.563166
5.943368
-16.005170
3.772682
-16.407259
-21.009622
-23.258013
-27.539050
-39.421847
-13.188029
-50.105052
-28.728120
-51.546189
-40.683186
-32.028207
-43.785209
-42.085664
-39.525506
-49.941413
-23.514086
-42.857190
-31.021262
-31.831580
-42.344834
-22.532908
-42.475965
-29.478330
-12.762659
-30.653147
-21.051635
-23.149121
-28.016779
-2.421778
-22.478068
3.401800
-14.888699
-9.760505
-3.593707
-8.624438
-0.588510
16.039040
-8.777000
28.829145
-11.304155
13.221305
5.110200
-1.735676
-0.148835
-4.151128
-14.877120
4.552778
-31.883835
-3.006503
-26.893504
-17.037127
-5.678444
-11.382074
-3.404273
5.613144
-10.222750
22.962722
-0.190042
15.167549
20.090169
5.054107
15.264698
-0.914650
4.514468
8.341100
-10.306442
5.961525
-4.813962
-17.191001
3.023235
-19.630587
6.112612
-5.505022
-1.334390
4.963885
-6.839757
2.145807
18.036656
-11.087841
22.988565
-10.152769
16.496383
15.140522
16.217353
29.285157
34.306322
26.594252
54.271197
20.530742
57.142800
36.694628
52.758451
53.687913
42.579520
56.845980
58.217731
41.345503
74.351283
44.100454
60.407875
53.563384
39.895725
54.159282
31.185541
47.720676
62.885770
37.667743
64.969529
57.587398
61.014985
85.607820
57.282745
79.024509
69.815290
72.202626
87.598758
79.617402
81.845249
83.925151
49.712271
69.687858
28.044607
53.444612
44.368999
44.902041
56.749409
58.593612
45.662863
56.048362
19.970469
61.733124
28.029929
42.998240
48.619120
35.409608
44.975093
52.194455
33.954270
59.074512
25.036237
49.621699
41.478817
31.189715
49.180089
34.446951
41.097910
53.380358
35.498231
70.087275
58.479843
62.703254
75.959774
48.882415
85.122762
68.597618
70.567686
78.892681
67.505847
82.711037
86.809770
57.543367
95.536841
61.105276
82.399804
69.063272
56.583321
67.768157
66.786547
50.398954
67.392916
29.571368
69.933043
40.714002
54.121893
52.603997
43.310102
54.686298
51.971658
31.506405
54.958025
13.320165
38.529582
16.775215
6.187759
20.851342
3.786066
14.882494
16.234417
-3.156100
26.537039
15.004403
26.558360
40.801335
21.506721
43.593301
23.511832
32.550793
46.745156
34.311307
46.654462
49.467644
38.403384
71.673455
38.475916
64.945222
52.348088
56.390414
65.039024
50.690490
51.395017
73.171910
41.855460
84.013066
53.594196
71.076687
70.813542
68.036023
79.850145
82.699629
67.868991
93.453986
54.952236
88.150575
72.825429
78.601405
89.484926
69.139367
72.291305
79.604989
59.004333
75.909233
45.085312
52.504615
60.458098
38.930421
55.438827
38.567591
45.032293
54.701448
39.665713
43.514698
39.173664
24.684666
54.654830
22.155720
49.831932
32.560850
38.394961
39.100397
31.554887
36.575344
50.766720
26.504608
71.385553
46.676111
79.537413
74.258966
72.990773
79.963655
73.702758
63.473411
90.503028
62.489929
98.365262
81.703603
91.476032
98.671030
86.131601
96.561453
108.602686
91.124119
109.233058
89.395244
108.025966
110.185894
91.683654
111.243446
89.858279
90.588267
80.596245
54.945479
55.785496
44.228928
40.963263
60.081737
33.199978
62.870617
48.160883
49.774113
43.635182
29.388982
29.760974
41.042293
27.982039
62.836586
28.686866
56.036142
42.950169
39.662669
41.518817
32.725380
22.285382
42.521459
10.021228
42.143676
18.478207
23.257460
17.856046
7.466886
14.707753
15.246791
-2.060969
18.054440
-11.829720
3.692426
-7.430136
-14.635744
0.431503
-22.906064
-22.113807
-26.175841
-40.406908
-24.739144
-39.097666
-43.610599
-29.390738
-48.704265
-22.260732
-38.763403
-35.562546
-31.299502
-40.068556
-44.083720
-36.828428
-61.773791
-39.035865
-76.326688
-47.129513
-60.344127
-52.421295
-39.765688
-36.321576
-38.241226
-18.234187
-51.173256
-15.095272
-44.958449
-46.772070
-53.358787
-61.134491
-55.851891
-51.494601
-55.996240
-30.845005
-55.906648
-34.750528
-41.122972
-37.958920
-29.054258
-48.229150
-35.295988
-35.641976
-54.795522
-39.658513
-53.671359
-53.528357
-38.038652
-63.381679
-40.920878
-58.299298
-51.734312
-44.354531
-51.124316
-53.000899
-48.150271
-69.376081
-33.910601
-73.542956
-57.789311
-67.799119
-69.238878
-63.980625
-62.670304
-71.283673
-45.813759
-78.304188
-52.683519
-81.720739
-69.790471
-63.209939
-74.953660
-74.890315
-69.021987
-76.592554
-49.017208
-83.936785
-49.973827
-56.385558
-59.921171
-44.256157
-65.704700
-63.895297
-55.927266
-82.116219
-68.826887
-92.522836
-94.637082
-80.502847
-106.596896
-81.504264
-97.437691
-91.600304
-81.507105
-94.875937
-83.801026
-70.334457
-88.303419
-51.882692
-85.766632
-64.054744
-71.777359
-71.610990
-58.771772
-60.245651
-67.286709
-43.741970
-76.385280
-40.083381
-67.223657
-55.467630
-63.771704
-77.385764
-79.622730
-82.263108
-104.641708
-79.046928
-114.941358
-94.024041
-108.108719
-111.218380
-95.150827
-106.814479
-98.411586
-79.715841
-98.182768
-73.829829
-90.618740
-85.041034
-68.423989
-85.519460
-62.507064
-79.566530
-73.538832
-62.250159
-79.629370
-63.528314
-54.631354
-75.718226
-49.426305
-79.717084
-44.509516
-47.658816
-43.399146
-32.825853
-40.287320
-50.797087
-25.445815
-62.359141
-22.891509
-45.223312
-24.507471
-18.115986
-22.437014
-14.222474
-4.143826
-24.894042
5.410364
-30.479149
-7.437798
-14.767843
-24.479869
-14.772486
-29.009958
-34.172519
-27.579109
-47.362179
-20.225205
-38.373997
-29.015866
-24.739758
-44.811028
-20.364150
-32.762887
-23.749172
-13.959559
-29.621836
-8.738842
-4.639153
-21.134600
5.756824
-27.979257
-1.157208
-5.717168
-0.210066
10.885666
6.540814
-0.419728
25.610438
-2.449045
40.852215
16.220234
30.764683
34.537522
30.513656
34.227952
36.466866
14.932230
42.186082
7.929993
32.009369
15.022438
10.409197
24.261101
16.667124
15.357055
23.511014
-7.346055
15.028730
-3.353749
3.837704
5.725394
-15.306283
5.075199
-5.806001
-4.383724
8.699923
-1.924489
22.204292
23.723396
7.585377
39.753868
7.840185
25.425977
25.743586
25.143065
28.610140
17.057949
8.962638
32.752134
8.121579
42.428470
16.226571
31.262085
22.112493
16.196027
25.724382
31.120231
14.355446
44.961456
8.608601
26.270029
4.176889
0.960414
1.535574
-8.963159
-7.847863
2.746077
-14.605871
12.524745
-9.968975
-7.143939
-9.599718
-28.562076
-15.366596
-30.793785
-30.195918
-20.837446
-40.781395
-30.786615
-38.342581
-47.415827
-19.709972
-50.497737
-33.894304
-50.842534
-55.470171
-53.337046
-58.436554
-62.697174
-41.291533
-60.746857
-29.660929
-57.591136
-42.944534
-43.526259
-46.340544
-51.387715
-51.012959
-70.925478
-46.346724
-86.496419
-64.351966
-90.042775
-88.132903
-83.070508
-91.463143
-86.721171
-72.115281
-89.038285
-56.994007
-82.201457
-67.822170
-75.323831
-92.866601
-78.306288
-80.949537
-70.361011
-54.166191
-64.622450
-49.772696
-51.266891
-51.301812
-36.324520
-66.158862
-51.926472
-63.573113
-61.356139
-66.461090
-84.839853
-89.548384
-82.921745
-105.714515
-73.591453
-97.159366
-79.880370
-84.675169
-80.057515
-85.280659
-91.495386
-111.708374
-90.442071
-126.582105
-96.419276
-112.890176
-93.197695
-92.494001
-99.199325
-94.405699
-75.889640
-80.109996
-44.598530
-57.205877
-37.322632
-38.621685
-43.858769
-33.940122
-35.103194
-36.292101
-32.268469
-46.056276
-34.272995
-38.956340
-37.440746
-27.093278
-42.539133
-30.556919
-35.531613
-27.848606
-27.387638
-39.312705
-38.011610
-24.442264
-40.540937
-13.895297
-42.755619
-24.440615
-37.233526
-30.810481
-35.226454
-37.388995
-59.603904
-39.695204
-64.274948
-37.050160
-56.096211
-36.193049
-33.928788
-24.296984
-25.142055
-14.661110
-22.354863
0.878692
-20.940731
-9.176180
-22.950006
-21.328532
-24.495888
-28.211020
-30.393736
-24.937953
-37.332497
-17.332739
-12.591957
-5.589438
-1.326945
-9.846115
1.958129
-12.240890
-7.603229
-5.908057
-8.260000
1.274228
12.371277
-0.015946
15.431113
-5.942794
14.621242
6.980667
22.422453
16.173912
18.335544
2.324074
14.796573
-7.345405
18.557952
-0.421807
22.064588
23.553972
27.290561
26.161322
28.188655
12.549682
30.476227
5.822974
14.501636
-1.223870
2.593774
-2.528906
-8.161491
-11.954110
-15.997845
-30.705966
-17.226483
-23.661587
-12.208760
-2.399457
-14.810437
0.206364
-15.591643
-23.104788
-26.122352
-32.834484
-23.584505
-20.678134
-31.408420
1.167970
-17.812886
4.417707
-1.893722
4.029890
7.451897
15.002284
15.138783
37.461231
13.236644
43.559197
20.725703
32.634183
34.103012
36.188791
26.575323
34.444514
6.862031
28.450233
-7.548624
11.793262
-2.175802
-9.455166
-5.520920
-13.699089
-19.391908
-10.856222
-30.368797
-9.039507
-25.262518
-19.217336
-9.694886
-23.146692
-8.590166
-9.626966
-3.944568
17.390342
8.677739
18.343853
31.476762
6.788816
29.758800
6.743925
23.696848
14.836500
15.976000
23.621254
21.565690
9.500889
38.289814
10.534175
48.106780
19.567844
32.680675
39.306395
30.254278
33.889437
48.682197
35.115141
72.128881
30.639647
49.565579
31.165476
19.632954
24.690931
26.940319
34.316077
51.941710
22.844412
54.682379
32.431112
31.362210
44.716505
24.178192
36.106715
31.732513
26.553692
43.349506
25.186396
38.898725
41.408382
24.220361
47.918358
16.251987
29.157302
28.578608
21.634230
34.111932
32.549568
25.413082
40.125397
6.120754
41.201856
15.375892
30.465245
26.739404
9.651568
9.930483
19.652655
-12.052241
21.469849
-9.726608
12.485876
-0.036007
-4.591344
5.534225
-7.749828
-11.208485
4.958668
-14.883630
22.266434
2.278347
9.057539
19.035510
-3.452175
9.053379
5.811461
-1.198710
14.762450
-16.234906
-2.314116
0.641383
-14.357356
13.522994
-19.413387
-2.895743
-4.207888
-12.579671
-0.190676
-7.129840
-19.151194
0.227045
-32.941896
2.672412
-26.094273
-19.398743
-15.140524
-23.819143
-29.909016
-25.217608
-43.487901
-6.309952
-49.320481
-22.436236
-33.495797
-32.001298
-22.483026
-27.603830
-25.371345
0.146632
-25.511621
7.271452
-20.399548
-0.416082
3.940833
-14.985466
1.702991
-1.196280
-5.557979
16.210093
-7.318734
15.252961
8.876086
-3.853245
25.792639
4.245281
26.133372
19.616342
7.734823
27.190192
19.413673
26.462706
50.469526
22.906675
61.318078
24.983090
38.714189
39.090776
18.585985
32.545545
36.835486
16.212853
53.158900
12.211485
41.752530
28.110761
25.429263
30.357722
26.104769
21.620760
32.859979
5.443076
39.884047
9.043157
24.436477
36.290845
23.719956
39.587929
36.265295
25.582640
44.942162
26.661493
47.847087
35.177632
25.927627
46.852439
20.430605
35.726777
18.773040
0.235861
13.078555
2.161861
-1.534176
21.936361
-12.891547
26.065283
-10.870274
0.276140
-4.716101
-19.719404
-19.704894
-14.879411
-37.114010
-9.285799
-48.021052
-4.039505
-31.536361
-31.748981
-13.972542
-20.155326
-26.836953
5.101332
-32.075860
-3.502966
-34.367056
-20.435698
-29.832967
-38.545417
-21.296789
-23.919086
-22.509461
-2.394910
-24.321996
4.426949
-3.138190
-9.389960
17.970749
4.426206
22.014190
14.040231
3.886299
26.401720
5.217855
10.923288
28.960103
1.104599
32.528327
1.530215
13.775024
4.257704
-6.246486
3.946881
-1.291441
-14.319712
7.447973
-32.545018
-5.250348
-19.125888
-10.806201
-3.744240
-5.448729
-3.717405
9.788304
-17.340982
13.793285
-17.591189
-9.549157
-14.957888
-25.412195
-14.239653
-12.232567
-13.628097
5.470179
-17.725684
5.995961
-6.320812
-10.261701
5.149004
-12.408812
13.445658
-0.065053
-10.295303
11.632772
-6.110831
7.011939
0.419113
-11.658800
16.166885
-29.939549
-13.023343
-29.485131
-29.383422
-24.655018
-39.773589
-51.119981
-27.346391
-59.379816
-24.625235
-74.441435
-57.242320
-62.405881
-80.852706
-73.281114
-65.632605
-83.253428
-41.162071
-69.939003
-46.343193
-61.226015
-56.601777
-42.033253
-53.774910
-49.632124
-39.369846
-56.606060
-26.898020
-45.819174
-42.482710
-29.400321
-47.941483
-29.712090
-46.533102
-41.330760
-17.198360
-39.987075
-24.798337
-27.803815
-40.666641
-10.099548
-25.466157
-14.204130
-23.728924
-18.226721
-12.887868
-14.507554
-34.317860
3.938629
-25.683971
-0.020605
-24.117100
-11.588467
-13.021289
-17.424530
-21.950982
-16.827919
-35.798065
-11.605793
-37.861200
-3.815861
-24.299086
-25.272080
-5.492069
-19.476691
-6.740247
1.588493
-7.910518
24.949760
-0.689532
5.478218
3.516012
-9.701616
10.340060
-6.919516
-21.995631
-22.013618
-32.567327
-26.157226
-31.789492
-39.226937
-21.570989
-41.834597
-22.794172
-37.335281
-40.101835
-22.971809
-42.334858
-49.661269
-34.279557
-69.244379
-32.039540
-44.998873
-27.758115
-37.704271
-14.518527
-9.680241
-5.259037
-13.965888
28.059925
-8.791960
18.895848
-5.926986
-6.123718
6.668497
-6.554872
-1.250646
19.968547
-0.950516
28.021290
6.563490
20.883103
22.071137
3.520767
1.153219
-1.134884
-3.080640
11.394337
-13.368362
-3.580349
-8.969849
-30.878542
1.443675
-32.709320
-6.655336
-17.940992
-18.566817
-28.206076
-36.745061
-28.458292
-30.152198
-54.863734
-18.389440
-50.016163
-35.408170
-15.372205
-23.794480
-14.789842
10.098440
-22.119178
31.550065
-0.776168
27.408050
24.051920
15.564442
31.978731
10.234989
-1.245336
35.866654
6.738049
48.843428
10.452812
26.929024
38.782810
15.395397
30.448466
19.817727
1.090763
18.181915
2.624172
23.737969
19.477500
10.350067
36.828082
10.937228
33.055050
23.717127
14.734880
28.287588
15.623187
10.095704
27.544448
-8.588947
38.569246
5.910128
15.085049
26.291475
31.645928
39.251622
52.384915
27.932410
57.014895
9.932727
43.573199
35.841463
20.531463
48.371096
28.553206
26.767038
40.040557
10.847040
49.535530
28.809439
42.821351
36.441225
16.198139
46.524306
40.235557
21.962227
43.066720
8.969041
22.232968
11.032282
4.478196
30.643699
12.992077
22.630446
18.660265
9.207266
28.105055
18.107793
11.510824
28.308518
2.408044
28.181517
-4.763562
-5.156097
-11.872487
-16.935465
-15.921603
-1.790617
-19.313143
12.268049
-26.580218
5.958586
-10.526806
-3.966275
7.376952
9.887372
17.560462
34.910891
10.477983
38.070160
14.128156
51.744257
47.459142
37.286293
46.467528
46.400084
36.452959
60.662258
25.894636
46.574525
38.858478
34.672602
51.114115
27.016314
38.775646
35.419595
22.894485
33.304674
21.141500
18.812300
32.403627
6.689805
30.058699
6.296562
12.338081
7.512366
-7.050094
5.120177
11.689824
-7.576854
20.896872
-14.029267
9.990550
-15.761774
-11.505085
-8.200576
-7.502406
-5.641386
12.783395
-19.471635
16.396412
-5.528501
18.911918
22.786490
22.928370
27.169021
23.179448
20.516082
45.373506
28.939042
55.002886
41.957930
42.306195
47.387293
32.108583
36.945367
33.622659
26.550328
43.199130
27.260456
37.385154
40.959793
24.685889
40.995627
19.083925
29.521042
20.342631
11.146577
9.923771
13.165577
-8.659837
7.387443
-24.294639
-0.596577
-16.481951
-4.996869
-3.705872
-4.398675
-10.206746
4.046590
-21.430214
13.576957
-18.780679
-4.388411
-23.494479
-23.371482
-16.495803
-21.354820
-24.696607
-0.894082
-25.322516
-1.301079
-20.097237
-18.349520
-24.306117
-36.506410
-28.926176
-26.276660
-30.507012
-17.412139
-35.730864
-32.224157
-39.189936
-58.569275
-44.434221
-61.475744
-47.729359
-53.795194
-53.921014
-49.576251
-61.463395
-81.071312
-60.598938
-85.956165
-60.977987
-81.050556
-67.579268
-68.292330
-63.382425
-62.330735
-54.391484
-74.052216
-43.834209
-69.143065
-51.111845
-67.383999
-70.423934
-79.517005
-74.777465
-82.238606
-68.088555
-81.509681
-46.362160
-57.963951
-45.096448
-41.089666
-36.955227
-20.759627
-19.671558
-20.773097
-10.185795
-19.054130
-8.403969
-4.856248
-8.799164
1.597731
-12.281937
-7.472413
-26.774821
-24.323187
-7.666716
-3.254363
-10.441598
-3.447265
-27.555776
-1.317093
-13.889627
6.301432
2.467020
3.525775
1.839416
26.519033
15.330692
45.412288
18.194573
41.085134
24.604096
34.886409
27.618288
31.613382
19.685683
22.099740
-7.670040
16.354417
0.678829
16.399884
15.736019
6.560501
16.783317
21.119171
3.749871
10.929152
-6.106491
3.758034
0.981134
-2.320808
21.018088
4.306204
16.399920
24.938552
24.589805
29.759335
17.510980
-4.412366
5.448452
-27.015024
-10.535371
-31.195555
-23.517239
-31.611249
-46.575831
-62.118340
-60.196789
-93.846223
-62.714727
-89.791201
-66.147197
-64.988451
-67.356549
-60.832498
-49.785157
-57.270682
-19.991026
-45.571240
-21.357825
-42.506389
-31.661882
-29.530202
-45.073660
-30.503974
-21.594258
-37.677667
-13.049755
-37.457941
-21.592431
-15.861268
-22.141134
2.931813
-11.752049
-3.571522
5.508012
-15.094253
-5.542228
-21.696254
-28.598883
-9.450967
-35.156127
-6.206961
-16.180568
-11.862632
2.092909
-6.229406
-12.670156
0.877369
-34.045031
-4.024651
-38.236939
-15.587340
-17.513458
-19.994220
-19.727774
-15.951361
-20.354837
10.812963
-24.915602
5.434638
-25.515937
-30.068575
-25.180561
-38.941805
-31.707964
-18.994790
-35.330216
-2.317296
-29.382819
-10.368651
-7.992807
-18.789813
3.818694
-16.790213
-19.068699
-19.213521
-44.833445
-32.508535
-48.296140
-56.385891
-26.936983
-53.949565
-31.956116
-47.695812
-43.994660
-38.865402
-55.926284
-50.459046
-35.398421
-64.158217
-25.205744
-63.327643
-33.027468
-42.525487
-59.332516
-57.631048
-64.813748
-77.347640
-54.918102
-91.919939
-55.357003
-86.902984
-74.860424
-68.716541
-85.465375
-75.166473
-59.814493
-80.822913
-55.965442
-92.807870
-73.243163
-71.928849
-77.292544
-57.907289
-77.750599
-67.819962
-61.724934
-82.106074
-62.625660
-71.542256
-63.455677
-42.915939
-80.174494
-52.685483
-65.672407
-65.968384
-53.832020
-56.903183
-45.688461
-41.033934
-69.446298
-46.909475
-86.571486
-60.337346
-67.322633
-73.231409
-80.955135
-88.208205
-98.567970
-76.767832
-112.132335
-74.206003
-107.087289
-96.459815
-98.810931
-112.341785
-108.209886
-105.544900
-117.011998
-86.293064
-111.637477
-86.314791
-99.302769
-106.887182
-93.028902
-107.437198
-95.378957
-91.039025
-110.325473
-89.403337
-108.815007
-101.527445
-97.798282
-122.503501
-96.204429
-115.055062
-105.160244
-96.906643
-102.164079
-92.749140
-81.935472
-98.397519
-71.765292
-104.463160
-74.517287
-96.080460
-95.853913
-96.549852
-100.912709
-100.418043
-82.344667
-116.009100
-81.151584
-115.160521
-96.411451
-100.843545
-98.025842
-87.560009
-83.237181
-89.501543
-67.405477
-94.285887
-69.080800
-85.525142
-80.307592
-69.074019
-77.257455
-70.748060
-67.884786
-87.958818
-68.327955
-85.800761
-80.439926
-70.128493
-81.732137
-57.582522
-76.266228
-73.132184
-70.658826
-78.652389
-67.313774
-71.230381
-81.637674
-54.038391
-81.865701
-50.923993
-71.105909
-65.744917
-64.204781
-69.336852
-76.142268
-64.969807
-92.993830
-60.019267
-88.138481
-66.435448
-81.084367
-86.402527
-83.851564
-83.947688
-94.745905
-71.175444
-103.946429
-84.541886
-107.883750
-103.238016
-91.237112
-97.623666
-91.848758
-79.978589
-88.164965
-65.560798
-80.802122
-67.907112
-62.723645
-72.820141
-51.690334
-70.199251
-62.096761
-48.439935
-48.865475
-29.958824
-42.189698
-52.862177
-28.236181
-60.596507
-37.387030
-55.547433
-60.877726
-57.728934
-68.542630
-78.074770
-65.763065
-95.227365
-61.602245
-86.411896
-58.452379
-63.778417
-69.120965
-62.771891
-66.887085
-91.671304
-68.176061
-101.043164
-72.910766
-89.411743
-83.237205
-73.567383
-76.192982
-61.629067
-43.147703
-62.180444
-33.358283
-52.039027
-38.824043
-30.701742
-40.489379
-22.729207
-43.369623
-40.099331
-27.509340
-32.353582
-7.950750
-15.928083
-29.361509
-5.084799
-46.049180
-22.551301
-43.628740
-43.731412
-34.655014
-43.108832
-52.453899
-42.057523
-73.734397
-34.681410
-69.514869
-49.668052
-47.168659
-50.767557
-41.636117
-46.154236
-66.925692
-40.939613
-79.327620
-44.694441
-68.068491
-66.806420
-60.975376
-75.526432
-71.005764
-57.562134
-75.916642
-35.525136
-58.208126
-41.287692
-39.236065
-52.597259
-28.242619
-40.143380
-37.434503
-22.311963
-45.008096
-21.211357
-19.261378
-22.858208
1.649191
-31.457010
-6.120969
-26.228077
-33.368674
-30.822715
-39.327323
-37.359434
-26.844006
-55.086166
-18.032271
-48.544266
-21.514551
-12.607769
-14.589263
-10.532438
-13.609696
-27.456878
1.190715
-33.546943
4.806769
-9.379450
0.728084
18.619951
16.901579
22.801656
34.490773
6.097600
37.649952
15.883524
34.487693
36.631093
19.528026
37.628122
38.506107
39.830417
43.628405
21.802059
34.074343
23.551551
18.539987
37.284800
15.047418
33.849943
23.156677
27.520436
40.703165
28.429086
30.460536
46.402690
23.262633
60.530699
31.316975
50.904378
44.710237
46.527181
55.341392
60.205035
53.723595
84.029558
47.062389
75.469641
45.390465
45.797896
51.757336
49.431391
55.278504
65.545422
49.738696
82.842395
56.689803
77.754037
73.868230
68.629147
76.887531
55.747028
54.257147
57.790315
39.742766
60.639032
54.254088
60.746991
85.713177
66.331785
94.090571
87.341005
86.230052
94.712226
89.321099
96.619550
101.899011
79.636301
108.890947
91.795736
115.006992
115.434493
121.554989
120.746043
122.536641
109.812494
130.033952
92.500850
115.738094
91.273543
102.080852
96.327146
95.364234
91.396164
95.697768
74.007782
104.223183
82.382144
99.503082
83.561833
80.974658
90.475747
91.697653
94.825460
108.719847
93.836490
106.474112
97.207810
105.253032
113.199923
88.878793
106.430780
90.494821
87.250230
86.943111
73.508056
69.728968
72.994238
58.850278
84.498113
61.210821
80.339964
68.617560
63.822650
61.500114
64.053009
57.937829
78.860158
51.665568
84.848454
63.179623
73.403916
63.004128
62.764149
66.117700
77.839695
68.758279
83.393561
63.138913
84.686777
68.636842
76.061713
77.307766
79.004301
78.811127
85.922991
83.306742
100.903341
81.867619
86.643962
89.368278
72.964162
83.948662
71.757242
79.014702
82.281705
77.018717
79.096537
85.980530
69.346381
82.281315
55.645123
69.144610
55.045623
55.960139
48.987108
50.601906
36.029752
47.224772
14.809571
29.906731
1.201497
19.675426
5.113533
6.356665
4.557084
6.453389
-7.767279
19.796103
-1.121850
22.402005
11.117579
27.099369
28.566105
27.223826
24.031317
35.219387
19.275564
27.370997
15.055528
15.997750
13.978440
2.191770
13.830088
6.147157
-6.009654
-9.259282
-20.314917
-7.492843
-14.065426
-29.787551
-13.992223
-29.727477
-6.005104
-3.248498
-1.213740
1.911338
3.882684
-8.396733
20.222890
-4.159417
23.200248
-2.982094
7.918391
7.815207
10.976786
15.023182
28.114307
7.932357
40.011683
12.735139
29.861696
13.745576
11.502120
18.188247
13.109494
2.121769
8.401708
-18.363274
12.075613
-9.039968
-10.784370
-5.582221
-23.566131
-6.235061
-11.832978
-15.538111
-6.915962
-21.500486
-6.492650
-9.496258
-38.216294
-19.764466
-48.798789
-25.518073
-20.381093
-26.197279
-5.640703
3.630330
11.406521
40.957838
5.807117
45.577092
12.522989
13.962449
11.438097
1.736057
6.358738
17.673713
-3.017229
27.304098
-12.677979
15.033657
-1.540391
-8.784233
4.803816
-8.653083
-16.942531
-1.014362
-28.662195
2.642447
-18.573274
-3.337375
3.916290
-17.767030
-1.578123
-14.660488
-35.140453
-19.859498
-48.273735
-30.746607
-28.102270
-44.270369
-15.374228
-36.880497
-17.817131
-22.966246
-32.576506
-19.682080
-27.845922
-31.925992
-3.148165
-36.904215
-2.402253
-35.415606
-28.780159
-20.434809
-24.606619
-11.174732
-5.747561
-35.041751
-0.464527
-37.145794
-12.797403
-28.578532
-33.770783
-14.300984
-14.920365
-19.788415
-0.962690
-33.871563
-4.303369
-37.454470
-30.653841
-27.280018
-47.032192
-35.709409
-40.997272
-56.318017
-38.651970
-66.858852
-47.068057
-49.122074
-62.757313
-36.420726
-64.395208
-34.500995
-32.915447
-39.334166
-19.402480
-22.728365
-24.243976
-9.559997
-45.780385
-10.211616
-36.377299
-14.396419
-0.333996
-5.685922
5.078459
17.565128
8.816652
50.575435
19.158539
53.958889
40.147434
43.458329
43.972607
32.779355
33.332441
49.432289
23.611280
49.638171
18.675612
36.005182
42.023205
37.356985
51.876151
47.665293
44.398997
64.333132
27.780739
44.179880
31.908997
24.046669
39.307123
12.808371
29.606124
16.727029
11.228172
20.601014
-0.501604
2.830741
11.843462
-18.767109
11.083333
-15.862614
-5.515766
-15.207133
-24.177463
-15.293034
-16.099937
-32.565773
0.841008
-36.139223
-12.475762
-46.226864
-41.686064
-37.997348
-54.338081
-55.176462
-43.191295
-77.255780
-55.668600
-98.759604
-77.990325
-85.400206
-96.468051
-89.349829
-95.270508
-94.194019
-78.133667
-106.093108
-87.428254
-97.808738
-93.817255
-82.482807
-103.628802
-77.692822
-91.682275
-96.599249
-87.069450
-103.958864
-95.824158
-92.741738
-116.238007
-85.306546
-108.992775
-90.926584
-95.699804
-100.381628
-94.518254
-103.955022
-113.799423
-79.106636
-112.902956
-80.264178
-106.388581
-87.367053
-74.107947
-71.322642
-61.676703
-49.213995
-66.067410
-35.753134
-70.009103
-46.079115
-59.893935
-62.108244
-47.630153
-51.909099
-53.469257
-32.953150
-49.759771
-25.103109
-46.951972
-47.560859
-36.235112
-50.777551
-31.931552
-43.937743
-49.330379
-36.763944
-48.385942
-46.700295
-41.176683
-51.951072
-31.642373
-53.967071
-40.206794
-50.186635
-54.106654
-55.143397
-62.632277
-75.626307
-54.624944
-85.842448
-53.459725
-74.838213
-68.705228
-73.019176
-73.059025
-71.097047
-59.260750
-83.342921
-53.492996
-88.801363
-73.410898
-92.269521
-96.691167
-83.947009
-87.414277
-91.761360
-80.276450
-109.553285
-84.141333
-103.584412
-93.858307
-94.105113
-116.762391
-110.870441
-121.384582
-124.910621
-108.485852
-120.800802
-109.206794
-119.331913
-146.052443
-111.866563
-138.839909
-127.588846
-134.537740
-144.066599
-130.378876
-137.759887
-146.873681
-120.864659
-146.929001
-115.369410
-149.035235
-143.013848
-152.479079
-155.442555
-150.266798
-141.566934
-164.841538
-125.136264
-152.897206
-130.893107
-141.686198
-143.972751
-134.924989
-138.026831
-144.162426
-130.183013
-151.634048
-114.451503
-135.710143
-123.811310
-123.673844
-139.757056
-112.202196
-101.262649
-115.739468
-88.034128
-105.364169
-89.156688
-79.567868
-91.567194
-58.232381
-75.526346
-51.519993
-54.349726
-62.420315
-37.145922
-29.323539
-30.427064
4.913977
-23.141110
16.630390
-3.449457
6.722436
13.090773
15.306842
22.560593
36.631259
22.950373
59.244445
20.448970
45.809521
42.769628
48.132646
59.185482
60.786362
53.148821
76.864271
46.050526
85.651267
64.686567
67.625945
76.702441
59.203707
76.423157
77.273508
58.529413
89.723013
61.725105
73.910510
72.020491
56.886034
85.440856
60.137458
74.073784
65.786635
49.263622
60.576053
40.138987
29.928164
46.191292
10.228644
45.579100
15.714705
23.092369
22.050735
13.971742
11.941456
18.285863
-2.746499
28.749743
-1.109464
25.596259
17.486967
13.318362
14.627487
4.642858
-4.504318
11.793548
-24.613424
-2.753695
-27.828311
-20.708740
-11.604168
-25.018906
-17.020191
-18.942218
-32.062092
-9.468692
-36.005032
-18.114707
-21.714702
-34.158575
-11.787611
-29.016678
-13.363823
-18.515742
-22.078303
-1.851852
0.248749
-2.199516
17.991936
-3.042726
31.407494
13.564597
23.389473
32.196217
23.121783
26.437445
36.048351
7.582511
38.817599
0.062122
14.461170
2.245330
6.222069
10.802971
11.650223
9.785805
25.747468
-0.197314
40.856389
28.594899
45.058411
48.095505
46.175610
55.135713
54.972271
47.744068
65.849578
40.255956
67.374249
66.672793
60.540663
72.550989
60.424184
75.712322
78.602251
68.987477
76.524622
67.865475
69.628913
85.579132
61.765892
90.625894
67.331454
71.061757
67.682051
67.059023
69.172714
69.479742
46.612757
77.316068
46.237975
77.324795
63.232614
68.815299
67.235685
66.501403
56.971738
71.542440
45.451763
68.470864
37.315398
57.987023
52.856221
56.083238
68.619737
66.693685
64.453540
75.708933
44.984148
69.591949
58.670948
59.141948
62.417623
47.248358
54.891149
50.168719
39.747906
43.360855
35.564172
33.088509
42.072392
34.733324
63.750754
50.533117
67.201240
57.878205
58.571404
60.546137
65.426291
43.605636
62.221544
37.792570
60.548039
42.573699
64.119139
58.302830
62.796569
67.438118
89.501173
75.028917
94.508121
72.528982
93.545824
78.677244
81.952631
78.256622
80.898884
76.551536
88.311507
70.143611
91.896047
79.647658
80.783902
83.930959
74.382056
71.620657
62.664741
57.311540
66.855358
60.880918
63.965480
69.961328
56.593714
69.571299
52.919499
63.092264
63.759259
64.413370
63.825554
69.558541
56.542423
66.819136
44.300790
69.201065
51.712174
63.049525
55.571432
63.512199
56.571202
69.210297
40.583291
58.972210
28.359010
46.117574
30.422174
29.402140
20.745100
28.772998
22.690857
40.399107
18.671512
35.055967
13.213786
18.965293
19.641554
5.300103
3.967363
-4.836815
-15.725637
-12.299514
-32.499225
-22.925959
-13.590514
-24.830646
-17.388728
-29.946531
-19.231641
-24.957771
-29.298734
-24.127164
-21.909502
-39.809605
-22.990663
-48.719657
-29.455595
-33.989510
-32.075684
-36.370206
-37.001605
-46.938590
-32.681145
-61.786301
-31.732585
-59.331798
-39.074492
-51.337288
-58.568107
-58.046868
-50.808535
-64.423560
-42.066839
-71.243650
-48.662232
-62.915443
-54.539566
-48.193801
-63.485176
-60.622397
-54.951491
-70.951867
-60.636383
-88.464116
-84.708242
-82.561425
-101.501899
-87.363877
-104.214368
-95.870022
-95.421545
-112.363047
-104.913489
-109.083447
-122.905789
-93.166898
-118.350587
-92.885113
-115.074502
-110.923050
-112.161665
-116.272711
-115.866614
-98.347552
-124.159067
-93.576772
-122.079928
-99.252303
-98.851452
-107.536026
-95.628888
-93.557224
-103.461415
-76.988694
-111.917086
-75.797741
-88.467402
-83.398415
-76.525545
-90.459617
-80.259207
-77.841835
-91.815337
-64.347093
-86.681731
-69.365367
-61.587278
-69.163800
-45.183181
-54.300044
-34.020600
-16.059849
-37.152823
-31.738547
-33.632677
-49.301361
-23.282707
-48.308676
-23.186558
-43.183014
-38.943511
-33.098951
-34.948762
-40.402575
-28.065962
-52.860495
-16.081110
-45.719291
-32.541313
-42.845032
-37.352085
-37.952171
-38.156321
-48.931159
-25.607929
-52.324119
-15.557780
-32.260006
-23.217282
-16.696972
-29.006246
-12.009776
0.155625
-10.149787
25.336773
7.750048
25.235446
40.635224
32.762622
64.351783
58.701503
72.702188
89.210731
70.859623
91.805345
75.021689
62.585820
94.872507
61.612598
82.654922
70.343029
76.025123
81.577410
60.727337
47.883586
61.198838
32.633882
66.804823
27.921591
51.049206
45.843107
47.366582
64.698163
65.243073
63.367162
91.657560
54.371312
85.322212
60.544149
67.412122
68.358811
59.120938
71.102402
66.863373
44.612485
64.491170
39.498753
65.309865
57.222700
47.824076
60.302995
48.069151
61.971116
70.733985
53.382541
64.653315
48.094490
35.687103
49.896127
23.445874
53.105212
22.805029
13.219474
21.093981
5.938741
11.520529
17.603317
-4.751455
32.446345
-2.325449
27.059493
17.465920
22.846188
28.559263
23.458504
10.911505
33.197500
1.427487
36.863029
13.188448
29.873928
20.210802
14.861527
10.401367
12.253903
0.016169
27.613237
-4.697724
14.617005
19.118230
14.640200
26.477113
9.633246
20.796173
21.690958
-2.531903
14.360629
1.091489
-3.957411
22.993904
-5.760025
11.271571
-7.010703
11.413608
23.615689
14.314216
29.397111
26.303654
22.242317
48.844438
3.125254
48.144395
34.745804
37.783264
44.205500
39.624176
39.959818
41.645742
20.908203
57.838694
25.067601
49.672860
41.741246
28.628060
38.066649
36.052493
14.170188
38.806666
2.726944
24.751689
5.243895
-0.467830
8.167144
-7.923575
-12.316910
-18.141219
-29.128474
-10.289820
-20.811201
-20.268472
-21.509113
-44.702807
-20.367700
-43.304727
-46.670768
-43.148201
-52.136817
-50.976912
-58.192093
-69.089875
-45.633150
-78.397878
-54.110843
-77.178425
-66.204012
-65.771710
-74.448254
-74.781247
-71.487859
-100.153527
-65.780396
-87.120277
-65.671547
-60.770839
-54.790449
-48.100788
-42.928046
-52.132873
-25.520833
-53.334674
-29.803048
-51.094567
-46.670180
-36.394677
-36.524598
-37.681388
-34.271570
-41.044558
-19.525340
-41.256145
-27.904112
-12.988895
-27.337324
-9.572457
-31.723487
-25.447298
-29.094106
-37.666252
-25.998578
-29.688154
-46.354746
-25.000572
-60.025459
-36.480664
-58.863398
-51.060065
-57.068443
-64.521390
-67.207165
-58.137720
-86.249381
-61.185253
-92.079962
-82.249538
-84.636105
-87.158264
-77.135330
-73.655097
-77.721300
-66.142404
-87.663409
-59.490929
-81.157033
-74.938858
-75.421159
-85.682585
-81.608886
-75.425757
-81.318495
-61.130603
-87.604234
-77.107017
-74.338625
-98.868790
-76.650839
-99.556494
-94.038629
-81.101245
-98.939816
-97.064400
-103.571711
-117.223054
-101.581247
-130.997909
-100.432978
-106.259942
-93.280646
-90.771169
-99.953885
-93.750376
-78.127514
-100.210982
-61.781563
-90.640387
-64.879914
-70.673655
-69.885211
-50.485993
-49.714572
-63.688357
-31.089694
-74.719835
-44.870826
-60.570837
-58.352439
-49.048207
-60.967876
-45.722600
-47.441591
-59.568302
-33.076211
-53.361434
-42.088867
-46.752496
-59.189279
-37.031661
-53.934466
-41.436963
-26.461837
-51.176366
-38.832871
-56.073192
-67.239934
-42.126580
-76.232452
-49.656664
-64.434449
-63.235779
-49.534956
-57.712110
-55.406502
-45.366001
-75.182090
-42.010290
-66.586236
-33.201253
-42.251095
-35.349888
-20.358955
-14.501779
-28.592954
5.821674
-30.500148
4.861473
-10.717706
-3.220116
8.994194
6.697019
11.390383
24.925828
13.828823
47.095000
18.487120
38.357364
43.595696
27.536778
53.149944
40.525862
50.013437
60.258922
38.576693
49.272180
34.549738
19.361670
21.633874
-23.250717
-8.306738
-37.386584
-39.904553
-33.568352
-37.693826
-34.051693
-24.299531
-54.516681
-25.486481
-67.746936
-44.808258
-51.528111
-58.552564
-50.803425
-55.342632
-69.608620
-45.077700
-84.025279
-54.788113
-75.586955
-75.349108
-68.687442
-74.566494
-78.312995
-75.755751
-106.655211
-80.639437
-117.005750
-98.458792
-95.838812
-105.663444
-82.639719
-93.408482
-82.505997
-76.302148
-98.474072
-73.055271
-79.321817
-75.826513
-58.786407
-84.825565
-55.045404
-62.340259
-62.063315
-43.029633
-51.117083
-48.970550
-46.271399
-79.679428
-47.619832
-88.719546
-72.298830
-83.127259
-89.641691
-74.926177
-76.571850
-91.672318
-66.619646
-106.995518
-76.603054
-102.020361
-96.012953
-86.536060
-97.084379
-96.340655
-82.987835
-102.788394
-69.158883
-98.072383
-72.155962
-70.604228
-74.973076
-59.701918
-69.342308
-61.272553
-45.308982
-61.373785
-34.627187
-52.820878
-52.873930
-33.326756
-59.013985
-27.225942
-29.450633
-23.618084
-6.525799
-11.449704
-0.036174
20.748297
-0.229099
34.865114
7.059053
27.189451
15.527548
3.971346
6.767020
2.108926
-10.497351
12.622103
-20.478866
3.842721
-27.751547
-20.398840
-23.927046
-28.070180
-24.628538
-19.913175
-49.542748
-24.207909
-58.783020
-41.653371
-55.538050
-62.825690
-54.130228
-68.777423
-73.837847
-67.520676
-100.794506
-81.767194
-91.584742
-93.169739
-79.607581
-107.073402
-91.224796
-108.460427
-108.466801
-96.727849
-110.526607
-105.004689
-107.228308
-131.528705
-106.537449
-147.705011
-135.388196
-145.537412
-152.247092
-155.241489
-166.675528
-183.199320
-167.546490
-193.711440
-149.312255
-166.199252
-150.036884
-150.135731
-148.166653
-148.559194
-142.139776
-160.422645
-134.536893
-169.570614
-146.664013
-158.382933
-166.106974
-165.849616
-161.941695
-153.437362
-134.548552
-152.694720
-131.698960
-146.394988
-142.471998
-133.432082
-140.631679
-115.581608
-119.418424
-116.875035
-104.005833
-111.958065
-98.271353
-84.118974
-91.983338
-64.427063
-82.648447
-56.919333
-63.618719
-57.368868
-52.504283
-46.880282
-42.400450
-19.072271
-47.318940
-21.386152
-50.526937
-33.054597
-40.170522
-40.183910
-44.202703
-36.502294
-51.342997
-25.911282
-45.175793
-16.940911
-29.740787
-28.412696
-31.784319
-35.874668
-42.397755
-34.988806
-51.521798
-30.740918
-45.504325
-32.543961
-31.392927
-44.317724
-27.740062
-33.791001
-31.042181
-20.003449
-28.593550
-24.670946
-28.877913
-40.123843
-20.927676
-44.851576
-30.019704
-47.207782
-46.502032
-52.721129
-59.201184
-65.107179
-54.849073
-81.324972
-59.487630
-90.303931
-80.141118
-94.008384
-91.359025
-95.393620
-82.355239
-92.804701
-78.152759
-101.322302
-62.400239
-77.487444
-68.958472
-63.454530
-58.947995
-54.059470
-46.969775
-64.819887
-42.932824
-58.124866
-43.471287
-49.233493
-51.826354
-43.355019
-50.602273
-47.595247
-45.651996
-58.194649
-51.185551
-47.709156
-57.169272
-50.959072
-64.470868
-54.831442
-60.143763
-56.075329
-55.717995
-50.672957
-52.791904
-38.139913
-33.563690
22.073732
4.345932
27.991187
-4.636074
-16.458008
-32.176350
-24.116488
-32.938453
-3.534267
-19.517877
13.763213
4.464050
21.646416
15.343217
26.006949
47.709061
81.158964
73.702086
105.248863
125.095687
147.708859
148.979314
145.940539
133.663493
113.368908
89.423827
86.057522
62.699388
65.776863
51.979849
45.093508
53.295647
25.103258
15.536534
1.903199
-1.047760
44.117710
14.565410
109.817466
60.530836
283.355768
-276.269614
-705.992139
-627.618485
-838.051581
-827.143396
-921.082431
-921.178282
-961.144799
-940.692459
-973.259554
-957.127733
-987.454770
-995.312542
-1010.101360
-1011.708180
-1007.348660
-984.107361
-986.250384
-971.449888
-976.498744
-973.017698
-965.416782
-976.889241
-930.102795
-877.283037
-876.996207
-880.888101
-933.871244
-936.188219
-955.196148
-968.558695
-966.808101
-991.101599
-982.776963
-993.475413
-1003.275610
-1002.618870
-1007.464420
-1008.857770
-998.392932
-1027.423960
-1009.936470
-1036.704960
-1018.848730
-1025.086390
-1023.635940
-1018.996210
-1002.536680
-1011.264410
-976.089852
-1003.667320
-974.776347
-992.203284
-982.042262
-978.394036
-979.525104
-980.299348
-963.001937
-988.145958
-960.419608
-984.419851
-974.298093
-977.957727
-986.088430
-983.938456
-982.272837
-987.494871
-975.678470
-996.415788
-980.193891
-987.362984
-986.690672
-972.842828
-995.166974
-981.780221
-989.069623
-995.288742
-989.840183
-1001.233250
-999.676869
-984.588355
-1004.215020
-978.131356
-1009.017670
-995.966459
-1000.563690
-1002.318690
-993.792593
-988.857416
-996.412167
-970.482908
-1004.444720
-975.708272
-992.572178
-982.749478
-980.481798
-981.221124
-987.403491
-973.650563
-1005.764540
-969.063602
-1007.682270
-990.727224
-988.718322
-999.382160
-988.167560
-980.302350
-975.300172
-959.617242
-983.543072
-964.491666
-981.045766
-983.291035
-964.055004
-981.431841
-966.942679
-970.469985
-974.511053
-967.523306
-988.121005
-994.124730
-986.676024
-1007.412180
-983.480890
-1024.583550
-1015.805570
-1023.934080
-1032.079540
-1026.151410
-1023.031400
-1035.475440
-998.493900
-1032.610750
-1004.132280
-1022.425070
-1013.365450
-1006.698860
-1017.203960
-1014.996080
-997.674013
-1023.455960
-994.794363
-1027.348130
-1003.083660
-1007.777090
-1009.465450
-998.294061
-1007.699090
-1016.826330
-1006.271550
-1030.455590
-990.767311
-997.473669
-985.715218
-969.738726
-990.033931
-965.374029
-971.052888
-973.597594
-954.486169
-975.989422
-966.718662
-955.770470
-975.051939
-947.806816
-983.319179
-983.333970
-988.290730
-998.454219
-994.259844
-1007.479600
-1017.708890
-990.115982
-1030.004600
-989.527106
-1012.613400
-1003.752110
-1004.050980
-1017.590410
-1021.528210
-1019.712750
-1059.116380
-1032.447350
-1069.441580
-1045.767250
-1049.966960
-1045.860120
-1026.437820
-1027.284480
-1024.096510
-996.261161
-1027.556820
-997.516113
-1022.073450
-1016.353240
-997.437068
-1022.019720
-1004.065280
-1002.999710
-1004.204890
-983.063920
-998.109248
-972.490711
-963.784055
-971.140480
-941.348638
-965.760463
-943.429865
-939.199858
-944.982350
-938.656371
-945.671535
-958.061124
-936.237085
-970.139933
-937.468677
-961.385716
-944.443370
-934.476888
-939.204415
-935.640864
-926.098634
-940.512341
-905.519050
-944.047973
-904.349754
-915.360603
-920.364334
-906.487432
-914.267513
-913.278666
-885.172930
-914.577588
-881.347058
-913.355734
-901.467738
-898.439893
-924.233012
-915.072453
-933.903094
-944.239474
-913.972599
-929.499274
-900.072224
-890.731357
-898.522463
-859.057384
-877.461269
-852.548362
-845.702330
-843.867533
-814.095847
-814.092659
-799.743018
-764.400798
-786.107795
-742.669754
-766.527675
-742.968005
-735.605618
-745.681410
-738.615662
-742.983082
-768.710019
-733.392089
-772.445301
-746.714274
-764.180626
-761.918623
-759.091579
-778.644717
-790.515924
-784.101275
-813.389559
-774.964755
-805.657975
-789.660465
-791.632665
-809.354343
-796.311747
-813.651428
-832.128217
-814.952593
-839.695849
-823.248659
-837.878527
-851.508214
-828.152292
-859.063540
-838.266734
-840.392383
-850.529085
-830.482848
-843.579479
-860.455630
-848.105757
-885.438515
-855.976980
-884.192039
-877.384525
-880.740441
-886.023431
-874.071917
-871.116699
-881.104693
-841.180376
-868.059774
-822.024198
-832.489943
-824.765671
-812.569758
-816.940418
-813.578561
-795.155272
-822.102149
-786.545318
-820.275307
-797.490921
-793.754952
-804.305699
-790.484102
-796.806285
-800.113079
-778.690092
-794.511220
-759.720348
-767.374280
-769.412368
-735.646682
-752.570116
-738.415590
-745.121637
-759.452011
-746.530723
-761.317944
-762.205897
-758.669325
-789.818810
-754.650179
-783.131306
-760.801115
-759.891953
-770.171694
-757.262614
-745.964404
-755.766557
-724.728842
-764.310431
-735.697613
-755.690616
-747.019653
-741.624607
-754.134719
-756.451528
-743.360279
-772.924570
-741.788346
-770.966796
-746.916127
-750.977392
-759.215973
-741.085351
-743.699485
-750.914799
-727.608005
-757.024838
-735.964904
-736.894681
-731.126023
-709.051693
-724.807995
-699.816877
-696.946961
-707.040643
-686.506723
-689.586666
-682.421393
-667.495970
-680.707119
-647.818495
-675.642478
-663.781182
-663.779280
-665.787739
-661.455845
-663.655411
-678.348937
-651.370142
-690.155628
-663.448765
-682.937661
-678.096112
-676.670221
-681.731783
-682.966505
-679.280013
-703.819738
-669.820767
-703.566855
-675.400766
-687.490456
-689.020790
-677.457501
-686.029498
-690.711675
-681.237255
-709.892476
-682.090595
-699.896065
-696.708816
-684.745063
-702.542874
-685.668468
-696.255480
-716.537167
-709.579663
-729.936060
-720.311075
-716.170486
-740.201662
-726.703449
-762.086625
-745.762082
-748.950486
-738.863740
-730.645458
-735.868116
-741.179797
-721.722302
-754.390550
-715.680479
-733.922773
-712.427120
-704.121490
-704.199038
-691.540467
-672.571680
-684.363270
-649.265854
-681.370887
-651.861812
-669.550275
-667.184962
-655.039563
-661.453736
-661.421069
-642.753513
-661.386824
-637.243131
-655.733405
-645.027998
-637.893137
-644.802023
-633.702098
-650.365067
-653.182827
-651.640325
-674.723524
-664.884907
-665.593634
-673.442528
-645.411832
-662.848223
-642.604607
-647.707304
-637.711211
-620.924012
-617.270392
-611.690111
-585.401133
-607.745731
-573.088730
-594.387120
-580.594492
-587.519076
-587.319106
-580.016162
-571.307835
-586.796104
-553.327603
-581.947165
-555.296136
-569.942488
-564.333931
-559.046439
-574.891270
-574.664692
-560.493290
-589.293362
-568.356915
-598.557959
-582.181182
-581.118080
-601.471097
-599.376415
-615.290249
-622.150833
-612.419140
-637.092043
-620.887010
-613.759933
-620.372566
-596.369159
-622.824254
-604.853755
-613.353349
-616.425981
-601.537151
-606.698342
-611.127905
-606.893517
-643.752023
-614.851338
-642.319006
-625.285000
-634.724842
-643.235852
-647.928334
-637.419729
-652.782069
-619.351842
-658.647888
-625.817555
-641.629505
-643.889828
-634.051429
-638.841066
-642.280827
-628.975229
-653.705777
-619.504311
-644.416533
-626.976686
-621.176604
-625.209913
-614.725589
-622.590695
-631.818682
-613.895071
-642.365771
-630.858428
-643.023444
-653.314707
-630.085570
-650.720812
-635.034913
-635.973223
-635.641974
-611.614951
-606.657460
-601.568904
-585.224312
-611.223088
-583.111687
-614.579475
-611.703199
-612.477821
-616.354766
-609.774020
-602.063854
-628.598568
-598.590296
-624.353137
-586.562547
-602.178073
-591.924732
-584.163206
-595.263418
-595.991844
-580.841625
-615.504318
-576.073410
-602.639054
-588.680241
-592.674130
-604.733528
-586.444151
-589.988959
-605.255990
-587.505197
-604.573378
-582.808008
-587.568146
-594.591140
-573.119197
-595.208817
-575.587547
-573.789435
-579.217499
-564.233782
-581.319733
-586.081584
-576.005692
-609.776756
-585.157274
-621.359742
-614.855380
-614.158841
-624.714870
-621.616289
-613.404370
-635.019016
-602.771102
-645.508497
-620.257742
-640.168440
-645.175228
-634.266317
-638.677016
-633.790182
-615.743754
-647.114262
-612.030967
-637.731563
-611.768989
-606.262096
-617.667829
-609.729847
-612.318172
-613.973946
-587.731615
-617.216321
-595.169914
-612.678849
-620.949449
-604.198802
-627.908786
-608.172067
-602.681958
-608.253894
-594.734737
-606.187762
-601.660796
-590.221916
-616.177600
-583.316125
-605.345723
-588.174518
-585.104249
-598.037565
-590.070703
-590.128020
-615.858722
-582.393407
-617.839017
-590.578577
-603.310943
-596.480616
-592.128465
-600.349550
-607.290964
-592.964847
-627.883456
-594.856686
-631.410412
-612.315520
-610.479882
-614.103609
-593.806054
-593.981365
-603.251306
-580.658725
-612.904691
-590.827087
-612.095737
-622.350389
-603.227921
-623.406659
-612.134816
-607.921346
-620.871694
-602.158348
-619.046022
-610.002905
-594.614395
-615.568556
-583.261605
-614.505117
-603.336425
-602.788212
-607.937323
-603.952271
-604.656146
-620.615740
-591.372517
-630.342317
-599.906316
-623.132032
-612.626979
-601.521267
-609.808185
-619.393022
-599.134519
-631.762323
-596.543964
-620.555174
-603.805208
-606.455488
-612.954558
-603.020098
-612.104328
-619.284301
-586.935591
-613.667337
-585.200714
-599.526281
-596.216748
-580.368086
-600.159448
-586.149537
-581.746470
-595.449673
-575.608976
-586.003350
-570.102594
-562.428716
-584.595044
-553.374448
-581.727982
-570.786792
-569.777808
-583.861876
-568.780669
-569.720816
-579.954195
-549.852908
-585.927781
-549.490074
-565.727916
-559.297038
-551.805139
-563.486774
-564.259706
-548.392776
-573.427323
-541.656955
-575.367337
-554.766872
-561.176291
-566.934334
-557.926143
-562.050654
-572.397393
-555.182248
-583.027012
-551.057860
-564.880211
-560.808235
-545.129112
-559.304741
-547.620319
-546.461134
-559.086127
-533.257488
-554.385149
-541.096730
-538.036956
-560.988602
-537.405400
-551.190539
-537.323340
-531.592663
-537.278322
-525.302985
-519.542770
-524.902995
-499.109768
-525.983507
-496.952083
-506.015773
-497.579214
-492.663391
-499.278878
-493.293982
-475.854819
-502.853574
-467.180030
-498.317657
-476.831218
-486.480269
-489.635533
-481.220230
-487.229852
-492.054509
-471.150810
-493.681008
-462.794269
-477.223508
-471.421063
-467.627424
-475.339413
-466.540568
-473.969423
-491.392645
-465.996868
-481.835590
-470.211967
-469.204311
-483.801767
-465.532174
-477.244218
-469.791809
-470.811304
-479.966856
-465.675501
-480.502659
-493.233399
-470.352666
-495.461399
-478.901637
-511.514309
-500.529373
-500.380011
-510.623613
-515.308941
-501.000148
-526.901474
-498.623512
-534.275764
-513.359902
-525.455138
-527.560122
-525.083098
-523.126367
-530.403440
-510.828968
-534.927950
-497.998347
-513.310647
-498.949257
-492.475704
-502.748145
-503.796225
-511.567556
-517.410254
-494.083567
-514.799019
-501.776895
-505.962773
-502.659643
-489.390043
-503.708108
-490.085817
-494.872742
-503.966489
-488.652831
-490.771576
-494.824777
-470.633519
-486.560780
-460.067312
-484.599255
-477.655731
-475.608644
-480.828143
-476.846318
-465.144330
-487.231540
-466.891522
-506.389060
-485.149935
-501.283328
-492.308017
-491.344107
-495.034828
-497.822892
-477.144129
-500.635203
-469.945990
-495.406174
-479.109391
-479.464841
-480.100285
-484.289790
-493.774807
-500.158689
-492.921054
-522.668436
-515.447793
-526.390275
-520.702421
-511.097838
-527.939875
-523.199322
-527.447261
-528.764575
-520.438081
-525.670188
-523.643495
-510.891910
-525.152044
-503.133194
-522.857603
-509.065173
-506.149595
-500.120649
-494.812548
-487.073864
-501.377915
-469.159501
-492.782236
-463.331788
-473.375276
-455.215463
-449.427649
-444.750699
-448.512473
-432.623352
-451.592609
-425.080962
-451.012393
-438.430281
-438.472171
-433.775432
-434.521032
-430.889472
-443.313588
-430.058697
-445.464307
-422.587370
-429.461297
-429.989183
-421.760106
-436.969038
-429.652022
-431.217790
-436.209182
-430.462956
-453.414845
-456.839225
-447.738754
-464.461740
-443.767885
-458.658733
-442.398861
-446.677690
-450.133439
-454.970279
-458.227540
-464.125486
-441.761467
-461.270226
-435.392575
-452.571413
-439.412847
-438.322549
-432.758938
-434.403723
-417.911370
-438.389884
-415.560325
-437.345647
-415.702213
-427.678977
-428.009517
-429.524927
-428.822797
-440.137617
-425.278288
-448.170919
-441.479959
-456.295420
-446.134183
-444.986885
-456.998535
-454.868615
-451.854275
-456.878415
-441.120935
-457.943584
-471.382941
-471.434784
-482.868323
-466.194437
-485.311942
-480.206619
-487.116831
-485.286283
-482.463239
-484.764481
-500.136682
-476.894592
-494.333382
-470.522765
-493.398968
-482.330441
-481.831247
-478.716075
-475.471103
-462.585481
-478.298619
-458.609682
-482.776759
-464.087986
-486.710410
-488.824843
-502.993751
-501.460141
-514.922567
-509.004963
-531.687285
-509.562888
-526.608785
-524.111457
-533.209664
-540.527720
-535.919256
-536.852262
-540.806906
-534.301569
-540.515801
-525.596738
-525.124745
-538.129658
-520.775142
-535.830966
-523.103096
-520.419961
-516.856299
-507.823416
-502.033275
-503.663902
-484.325867
-507.504704
-487.762686
-500.562489
-481.098305
-478.238847
-473.061821
-471.409723
-458.508253
-472.937113
-445.815172
-465.859301
-441.414755
-449.326829
-437.530991
-438.765284
-440.918665
-447.445726
-441.049575
-461.615644
-441.946865
-453.411925
-439.256918
-442.809282
-444.278558
-445.334921
-442.305693
-451.204284
-436.158407
-450.319419
-432.680559
-426.827592
-436.597204
-424.332333
-438.525395
-429.069009
-426.897879
-434.195815
-425.177436
-426.357028
-428.503196
-405.685273
-432.693526
-410.765347
-422.854354
-410.649608
-413.344440
-416.433568
-414.832574
-402.032734
-429.219231
-399.034808
-425.786458
-408.434653
-423.625916
-417.240967
-412.303210
-409.245682
-417.044357
-397.706978
-428.581626
-407.199726
-419.312386
-406.619441
-407.013434
-409.077646
-400.600725
-392.091076
-405.223312
-389.114675
-407.773152
-402.508093
-397.844267
-398.913454
-383.626633
-402.216003
-395.129597
-396.735297
-409.720208
-394.940327
-394.158583
-394.501635
-380.988872
-410.620353
-391.605898
-405.267250
-396.440733
-387.021000
-394.916347
-401.426621
-389.805392
-409.583852
-388.598761
-418.257906
-395.787870
-417.274720
-426.107031
-433.797500
-436.848920
-450.133247
-426.683029
-453.336436
-424.601848
-445.977386
-429.419457
-417.309219
-417.258841
-408.204894
-410.671200
-435.139004
-416.140369
-445.923875
-432.543599
-435.038266
-446.764628
-427.804060
-441.456815
-435.411947
-427.282401
-443.643726
-432.377520
-433.930922
-432.456096
-410.328005
-431.363035
-409.043445
-424.286437
-418.771530
-420.293675
-434.156745
-433.703342
-425.526326
-446.664049
-405.313845
-422.455876
-387.872012
-392.196474
-394.757030
-396.873322
-397.068313
-414.853147
-392.265755
-424.219255
-394.254933
-421.123501
-410.629601
-413.109670
-430.057601
-418.620860
-410.977047
-427.666052
-403.296566
-433.332765
-420.859331
-427.123438
-438.667422
-423.227022
-436.756226
-430.275465
-424.847642
-438.319986
-421.376625
-433.379141
-432.713076
-414.177784
-427.943707
-402.570359
-409.439944
-392.048059
-382.927125
-382.217648
-367.334163
-351.530845
-368.700796
-336.168850
-367.739153
-341.031705
-352.393909
-343.021178
-331.366596
-331.299198
-339.976461
-323.306033
-359.843181
-329.765317
-362.417771
-349.961972
-349.610266
-357.758709
-354.965962
-354.535098
-370.516073
-342.571698
-372.673179
-348.611459
-363.110889
-370.459153
-357.396205
-365.171926
-359.118805
-356.152106
-378.579566
-358.086067
-369.322579
-367.008817
-352.463908
-379.657023
-355.490209
-378.593079
-372.627868
-363.410728
-375.863461
-373.034577
-371.635265
-396.468837
-362.675894
-391.476009
-364.365200
-370.547236
-370.488981
-365.238456
-375.033662
-384.032720
-360.013207
-395.067170
-357.583257
-378.775069
-366.881800
-368.520016
-375.359894
-360.279690
-355.255038
-366.858788
-328.068064
-352.675615
-323.730775
-329.802748
-330.510219
-311.011826
-327.942930
-321.746878
-311.119931
-331.854430
-317.271150
-330.853840
-327.053673
-311.474243
-334.891784
-311.668673
-334.458127
-331.506894
-322.830170
-344.903287
-332.434034
-334.579694
-351.553046
-328.710518
-359.356946
-329.596699
-341.470351
-345.115643
-338.416671
-343.657749
-345.598242
-318.309927
-344.298318
-307.377972
-340.969477
-329.686769
-333.467587
-345.472287
-340.177867
-337.492857
-357.214582
-331.659249
-370.803829
-339.506030
-350.099270
-351.409887
-337.879976
-351.771235
-341.163754
-332.408339
-350.291917
-318.801785
-340.934710
-337.555969
-335.311744
-356.506902
-333.011707
-351.888753
-346.358921
-334.766294
-354.146847
-339.787510
-336.351099
-345.989648
-305.583941
-342.211047
-313.910389
-322.260312
-326.729491
-313.128735
-325.773030
-331.626659
-309.962102
-339.740012
-306.071004
-340.998298
-333.796637
-346.821573
-362.724964
-359.299242
-361.611958
-380.728752
-358.678364
-395.977058
-362.419212
-386.107321
-384.379183
-374.330381
-388.059160
-386.586989
-383.606674
-404.430020
-367.406943
-384.599978
-368.049022
-366.570870
-385.671939
-364.618910
-383.004446
-378.508621
-372.379648
-385.670484
-372.839003
-387.546111
-407.256752
-382.759556
-413.720835
-386.827658
-405.086741
-406.320352
-389.330484
-397.221039
-393.809705
-370.067994
-387.924940
-349.614965
-382.789062
-354.317747
-353.999130
-348.861954
-333.804334
-341.901027
-354.324410
-323.680538
-356.189994
-325.043233
-347.135193
-346.645840
-341.249999
-353.606105
-358.951565
-358.718045
-379.757549
-352.523424
-373.856994
-355.567904
-350.737793
-368.044993
-347.682457
-358.150918
-356.633452
-341.800346
-353.590610
-329.485599
-340.172402
-354.257415
-333.835694
-376.630825
-355.212391
-377.734716
-380.447345
-369.516150
-381.831769
-376.953561
-365.847569
-397.934794
-367.551310
-411.374105
-396.218260
-408.132562
-409.764386
-395.975182
-405.335070
-424.381427
-400.849431
-436.432909
-396.644357
-428.651478
-424.757912
-421.930761
-436.581778
-430.352094
-426.000841
-440.536022
-405.637713
-430.216782
-412.200613
-410.676759
-414.854587
-393.953205
-400.328835
-378.062691
-360.262657
-373.903544
-344.013869
-356.755080
-356.209108
-332.809593
-359.429515
-328.518396
-350.361935
-344.346164
-328.317168
-335.588554
-325.711805
-315.455770
-336.735648
-299.376835
-323.591632
-293.999586
-305.692436
-305.649809
-290.903765
-291.817512
-300.893394
-266.513159
-296.476895
-259.441992
-285.759599
-282.663275
-288.701455
-319.333596
-322.895336
-328.190476
-357.887210
-333.398295
-364.417586
-334.182060
-341.266330
-348.326962
-327.910350
-347.739544
-344.224405
-332.082878
-352.106894
-327.363050
-349.624124
-347.851881
-326.617727
-352.149080
-325.287068
-344.791832
-349.643432
-345.946662
-366.464488
-356.594546
-353.297523
-377.194341
-340.399203
-371.996469
-339.674363
-348.482290
-340.432068
-325.223745
-332.492829
-333.126505
-309.171977
-346.905803
-315.488469
-345.757795
-332.930500
-324.298586
-324.636118
-303.787506
-294.767676
-316.749060
-288.292694
-324.324259
-294.925919
-304.364227
-318.763195
-304.006963
-321.822409
-314.752590
-305.683779
-327.497066
-296.314597
-318.768677
-316.005077
-304.537325
-324.236409
-286.878907
-300.795716
-291.263037
-277.840555
-296.720739
-292.248563
-299.658606
-317.834398
-290.326739
-333.751890
-308.829955
-323.809538
-340.198463
-331.110344
-328.797133
-335.380299
-322.195233
-351.829455
-318.330291
-346.966817
-329.711838
-326.193149
-331.744714
-312.452755
-297.680419
-306.978552
-267.881616
-303.755027
-257.928732
-290.419056
-292.240606
-277.686086
-284.224324
-271.907859
-272.412091
-281.267014
-250.953970
-291.034414
-259.170018
-275.428429
-280.527771
-271.441114
-316.854088
-290.628655
-284.090432
-290.975640
-281.100415
-305.553878
-297.959016
-259.509838
-314.346217
-303.379062
-302.940451
-293.608161
-294.122411
-315.912970
-288.520868
-292.703018
-294.257672
-248.839854
-302.490506
-257.706835
-269.752807
-209.167012
-304.785441
-286.511043
-249.892092
-231.091229
-254.427886
-242.484933
-253.642610
-260.433218
-211.866183
-260.977332
-234.805584
-221.748985
-268.916362
-201.880455
-252.934869
-238.256359
-213.199632
-264.724296
-221.630892
-225.198542
-242.847185
-267.891604
-253.781356
-214.708024
-280.474537
-248.882733
-263.962519
-293.245175
-257.100712
-275.352632
-203.718836
-270.561110
-268.886436
-245.743254
-229.403342
-284.593751
-254.051426
-239.508758
-286.532421
-250.352703
-216.878246
-232.818223
-259.007855
-236.945184
-221.917902
-243.033625
-254.455423
-262.743478
-183.254758
-236.697497
-238.241077
-209.044894
-230.096791
-234.547223
-191.394171
-215.439831
-184.224313
-196.428030
-222.881430
-183.856648
-187.896812
-224.910102
-201.820762
-224.252892
-200.976083
-198.207362
-237.382874
-216.337778
-194.799028
-203.338869
-215.177720
-190.931704
-215.612762
-214.761336
-176.183465
-194.841718
-199.927926
-178.304197
-204.068623
-170.449104
-183.434508
-180.945121
-165.943372
-162.800723
-168.352114
-154.432723
-189.035280
-159.485435
-188.511156
-184.425088
-189.272358
-195.222319
-188.833899
-194.639008
-216.900859
-195.617808
-225.629124
-201.450190
-205.738424
-214.751954
-199.735770
-212.417241
-205.799857
-207.167158
-226.667661
-207.266934
-220.051087
-216.488669
-197.835284
-216.473280
-186.557276
-202.023797
-190.747277
-180.655843
-189.011649
-181.981844
-174.540379
-193.682104
-166.948436
-202.144227
-174.442370
-193.187232
-196.265784
-198.830390
-206.638890
-213.522503
-196.857475
-233.501304
-195.389405
-225.235855
-211.753561
-215.624070
-217.659634
-204.788932
-209.375254
-226.863674
-205.545118
-236.726919
-216.043910
-230.800379
-226.587064
-214.177679
-230.317916
-215.947903
-208.071070
-219.677264
-202.066105
-221.828997
-222.026764
-218.895978
-243.504506
-218.991033
-242.424550
-231.770847
-230.393828
-249.980186
-250.068851
-248.958849
-256.705994
-228.805384
-265.118194
-239.993896
-251.997960
-251.525135
-248.367954
-252.650363
-258.764346
-233.387830
-268.109597
-246.876077
-284.157223
-262.147086
-260.558807
-259.670226
-254.335803
-261.114593
-268.257020
-238.861195
-270.049392
-241.805707
-249.956050
-249.934842
-237.464920
-254.302392
-250.738842
-240.926101
-253.685155
-234.614951
-257.664007
-249.015728
-235.780243
-253.808050
-231.711814
-242.120622
-228.802054
-225.036268
-228.763889
-216.933732
-224.110241
-236.150442
-209.582910
-248.874665
-224.527682
-244.465503
-247.296086
-240.324553
-242.806143
-244.010226
-226.257260
-246.356829
-220.206682
-252.160222
-229.481634
-239.365725
-242.106027
-235.150218
-231.259648
-237.347625
-209.900386
-239.393869
-213.034461
-229.419378
-227.370526
-221.764827
-238.785821
-227.359152
-221.881504
-232.047789
-217.349891
-238.353291
-231.270790
-228.962021
-246.175558
-224.307479
-235.445055
-228.069574
-228.981780
-234.322478
-217.234393
-209.585136
-212.383534
-186.576547
-204.888195
-176.335540
-194.816440
-192.732204
-192.793536
-210.826237
-219.332027
-206.193672
-228.535490
-197.226203
-222.473496
-212.680539
-238.622544
-241.736822
-243.073719
-238.263299
-253.275508
-235.736208
-262.284985
-237.484362
-254.562086
-247.554895
-236.577030
-243.520894
-234.786704
-230.524167
-245.274717
-219.671209
-245.261898
-238.353863
-239.095850
-253.668328
-243.494729
-259.441992
-245.876573
-235.135019
-243.288510
-229.894438
-230.760253
-234.443332
-213.780224
-245.809940
-221.283939
-234.381716
-234.849068
-237.252061
-243.529835
-243.900474
-232.006842
-252.556151
-217.246822
-252.922782
-225.414536
-240.197307
-248.691177
-235.368593
-235.070695
-248.181129
-225.097767
-261.002458
-235.344473
-262.414742
-259.442949
-250.714769
-261.041483
-258.838598
-256.740783
-278.988192
-247.508393
-272.566221
-262.308286
-256.088281
-261.812506
-235.226258
-250.584609
-238.063049
-227.439733
-249.685111
-232.864640
-241.630988
-250.481721
-231.965591
-260.929911
-226.395372
-239.083418
-242.563597
-238.746750
-246.954736
-244.200007
-228.498734
-243.791432
-207.095571
-234.323816
-206.942587
-216.743083
-212.100722
-203.147791
-201.085974
-210.552178
-187.033778
-217.324166
-182.362581
-200.902426
-191.396555
-191.276774
-203.078271
-200.207245
-193.117212
-205.323105
-169.731392
-193.582136
-165.736490
-173.581094
-189.085081
-174.057907
-183.408748
-176.165871
-168.663589
-186.737272
-167.211330
-180.225771
-180.078689
-164.215709
-197.660061
-172.777081
-189.057357
-184.683018
-179.029844
-193.001135
-177.043148
-157.420326
-181.142206
-144.850719
-187.234851
-168.312309
-187.227919
-199.187494
-196.518260
-200.206221
-213.666489
-193.464147
-234.288775
-208.337618
-232.986335
-223.704442
-227.895358
-241.448032
-231.401342
-219.230436
-219.940236
-190.539659
-218.472311
-197.644502
-205.294414
-217.412864
-196.117245
-205.727268
-204.338856
-188.813974
-208.488625
-184.208691
-201.339693
-198.903011
-177.985405
-199.096044
-163.739280
-170.881314
-167.840509
-164.724679
-182.709038
-176.494856
-167.055879
-183.808841
-151.050035
-181.385805
-149.680681
-157.051773
-163.011038
-157.201184
-164.487172
-175.944268
-144.660192
-178.024884
-144.814711
-170.164049
-153.357868
-157.124647
-164.531294
-165.171366
-163.356977
-184.141764
-157.702271
-186.637063
-164.938269
-171.884926
-174.937647
-164.402086
-181.299392
-176.695999
-172.594958
-205.367337
-185.289027
-206.975762
-208.832329
-194.128961
-223.778363
-206.303865
-221.544842
-222.927984
-216.786990
-229.153933
-206.818983
-196.530781
-208.316388
-168.273015
-197.618706
-169.959606
-174.128457
-174.462033
-170.455735
-184.470342
-194.112768
-182.992168
-224.436496
-189.489560
-217.221235
-200.869853
-200.301297
-206.470940
-196.386527
-188.808835
-199.957299
-161.056114
-188.757991
-162.241806
-175.414941
-172.949828
-158.814198
-167.854753
-156.004264
-142.760144
-161.510780
-132.531751
-152.317779
-150.274269
-135.424898
-152.347127
-121.839550
-136.718916
-139.165019
-122.977367
-139.255773
-129.420512
-130.535434
-150.482602
-119.224484
-145.679387
-122.667840
-131.980719
-136.178436
-125.955862
-131.844610
-131.931200
-103.320720
-135.291318
-95.358412
-117.315315
-96.756873
-93.892502
-102.696924
-99.652977
-97.363502
-113.176255
-83.996512
-114.690508
-83.112629
-92.280240
-92.419099
-76.017070
-95.175623
-90.553122
-71.699392
-86.346240
-56.940442
-74.581123
-66.022746
-66.687483
-90.892399
-63.700148
-71.361128
-74.279369
-56.781024
-79.092270
-72.441890
-76.557680
-91.625795
-54.595707
-84.466486
-65.739149
-80.828651
-85.362071
-79.147791
-91.011396
-94.311743
-71.682212
-107.333409
-68.841292
-98.613226
-90.820350
-98.154331
-114.787191
-107.096454
-108.467212
-130.126914
-101.285099
-145.702802
-120.922243
-137.226739
-132.962430
-123.110317
-136.427094
-139.887825
-137.152045
-161.782950
-136.311994
-161.859932
-150.557063
-139.489271
-155.626322
-129.127240
-152.053543
-153.174874
-133.522965
-155.292617
-130.602254
-128.925050
-140.261742
-111.156536
-138.408626
-111.335744
-123.413780
-127.630329
-113.332372
-120.497218
-125.873227
-106.900699
-139.265730
-101.405163
-134.447344
-122.635128
-130.619825
-139.225852
-148.252689
-148.384614
-162.833632
-135.069795
-168.810923
-142.719760
-161.870918
-156.606839
-143.760148
-150.108439
-144.720658
-130.834847
-145.690627
-107.344811
-132.773473
-125.769663
-121.031492
-135.570728
-120.204247
-127.129926
-121.318829
-108.742644
-134.687642
-116.022841
-121.076829
-134.049074
-111.416870
-135.493935
-109.795459
-117.590460
-120.119655
-117.105275
-133.866314
-136.548044
-123.852789
-158.454521
-126.854404
-157.251382
-137.449295
-139.599255
-153.216132
-148.587801
-156.478928
-169.477387
-139.555339
-165.877351
-127.728397
-142.734631
-138.085295
-129.283135
-133.061923
-127.639742
-115.172957
-134.739440
-104.652732
-139.510486
-129.362370
-136.195563
-147.478114
-140.987279
-152.059449
-152.882149
-143.113430
-160.939960
-142.886098
-154.180848
-158.506307
-139.007481
-163.012273
-147.306978
-157.563328
-159.774904
-151.811334
-161.918151
-160.994617
-148.622488
-169.810473
-135.255483
-157.622703
-130.011448
-137.770494
-146.529180
-144.114913
-136.183191
-154.974871
-132.325945
-169.239899
-136.533403
-162.281372
-158.611520
-149.413818
-159.514641
-166.743435
-161.669086
-181.802900
-152.307801
-177.308133
-155.240951
-151.441991
-158.647494
-142.696400
-146.652468
-140.892894
-128.598270
-146.099236
-122.934400
-132.582524
-126.883238
-114.105451
-144.664896
-118.596181
-124.876406
-120.279417
-100.336149
-105.628280
-93.345582
-86.083018
-103.491609
-74.375649
-102.248656
-85.195618
-94.981131
-94.501985
-91.167457
-84.879890
-91.794597
-68.333550
-100.410818
-63.195895
-86.342334
-75.165259
-66.676056
-66.941983
-67.162174
-50.749572
-76.801841
-46.830965
-73.221472
-52.742323
-58.901595
-56.534963
-45.897715
-40.331082
-29.075418
-22.215490
-39.942316
-23.784795
-42.442330
-46.840272
-31.027528
-41.627993
-20.356304
-27.492850
-25.988962
-21.146550
-39.901866
-32.267692
-31.654555
-50.703495
-19.457765
-44.427412
-29.513417
-40.400865
-43.886183
-42.663763
-45.931205
-56.405983
-42.230451
-80.340697
-63.872019
-92.810995
-78.884118
-81.487531
-88.314412
-96.371098
-93.766108
-110.766314
-82.840150
-101.930297
-80.700336
-95.502448
-92.619823
-82.845319
-86.963454
-92.751062
-87.581373
-103.562263
-87.428429
-101.975328
-95.671870
-95.387016
-113.389184
-109.296114
-124.932965
-123.560217
-114.273221
-118.242874
-101.962325
-101.711503
-115.976927
-106.346886
-129.804599
-115.974213
-125.698469
-117.145497
-118.519421
-118.915219
-122.737341
-113.729568
-133.783823
-103.817325
-123.359023
-100.019850
-98.543071
-92.243696
-94.379854
-91.771410
-108.350533
-85.890978
-116.041031
-98.879118
-118.626514
-106.935594
-107.301071
-102.613986
-104.117522
-94.573744
-116.038095
-102.616248
-123.354328
-113.894080
-116.588774
-120.672792
-113.556897
-127.527995
-129.727579
-128.223310
-130.008781
-122.229013
-122.919801
-129.343065
-114.730824
-127.100174
-110.007769
-127.965456
-121.667483
-125.562276
-129.657649
-138.463882
-126.014293
-145.346507
-114.795394
-140.558614
-128.759371
-139.748642
-130.467814
-128.408086
-113.344494
-123.121507
-93.824195
-122.443002
-98.663574
-114.223612
-104.655514
-118.193214
-122.658893
-126.723714
-123.418926
-133.366735
-104.155913
-123.079482
-123.481798
-131.422010
-140.484648
-135.892695
-137.983269
-133.900834
-120.108312
-120.282445
-114.159879
-115.693163
-115.589126
-102.186238
-117.097493
-100.707433
-111.288253
-108.833641
-112.232272
-117.906760
-117.957829
-93.034476
-114.248836
-93.440099
-117.899502
-108.119722
-111.294500
-101.094403
-100.677737
-97.787802
-108.183665
-88.365782
-113.981748
-90.160087
-110.650595
-102.227339
-107.921910
-111.506434
-118.953409
-110.220667
-125.783703
-96.506829
-116.647438
-111.441609
-117.345745
-127.178561
-115.463656
-125.969018
-133.790749
-133.058540
-146.594414
-133.494288
-143.043755
-143.536438
-128.473998
-148.902733
-137.086252
-149.287662
-153.312609
-149.434564
-158.120140
-157.194034
-153.962306
-178.812536
-149.106733
-177.076526
-164.039670
-172.481540
-174.375003
-171.118912
-158.764007
-172.276239
-147.666761
-174.209877
-142.233685
-157.805272
-152.631501
-153.986037
-162.730420
-161.602363
-145.367080
-167.603174
-136.907717
-157.567716
-141.858260
-145.670142
-151.746594
-130.826122
-132.147434
-135.435117
-121.044785
-145.640665
-127.099598
-131.807655
-132.583834
-115.198732
-133.003515
-113.820760
-121.061929
-128.944663
-116.515606
-124.490733
-120.705387
-104.089111
-125.570193
-103.949893
-139.688308
-127.507830
-133.486095
-132.943966
-126.133938
-120.020228
-129.100094
-96.481774
-127.387288
-90.847078
-109.273921
-108.474161
-105.917460
-105.340617
-96.446919
-84.766970
-107.624582
-70.030438
-99.932974
-82.162571
-75.389886
-88.049984
-78.426415
-81.313811
-89.105572
-74.428567
-110.601055
-93.375668
-106.622522
-119.013449
-98.332070
-117.542080
-95.718479
-95.238529
-103.180350
-92.512478
-105.665803
-97.301109
-88.138222
-116.392725
-83.689616
-114.727914
-100.727746
-110.891136
-121.291955
-112.804705
-106.871959
-119.786770
-93.674082
-131.442807
-103.320083
-125.879156
-115.871259
-113.111210
-128.149307
-126.341953
-108.493354
-127.789978
-85.324868
-125.116021
-109.253042
-118.167444
-131.054985
-120.241368
-128.855087
-128.490629
-108.666169
-136.510423
-104.411531
-109.152081
-109.081667
-99.091995
-118.108557
-98.363708
-105.793696
-112.125597
-88.757628
-103.412277
-95.460560
-93.641410
-126.966736
-110.886652
-142.086745
-138.788249
-140.710322
-153.472237
-148.713398
-152.938984
-167.376705
-134.488415
-160.811397
-125.247546
-146.514087
-139.802026
-136.899615
-142.396626
-139.874969
-126.937325
-152.493914
-122.194607
-160.912740
-134.703827
-142.778920
-148.343848
-135.653620
-145.432510
-149.224841
-135.543824
-174.415745
-144.880311
-169.283278
-165.023136
-142.561958
-151.884860
-121.266268
-125.163745
-130.157415
-104.614700
-115.933545
-102.335460
-95.661259
-124.511209
-102.164570
-140.730142
-128.397992
-129.473694
-137.671497
-120.911928
-137.171957
-149.272221
-121.847366
-151.369176
-117.817526
-149.951831
-139.763366
-134.453497
-141.159701
-142.452541
-133.666984
-154.432232
-118.904617
-161.139389
-140.279375
-147.960716
-152.530975
-132.546750
-137.059431
-137.113551
-123.785411
-162.797893
-128.439041
-144.208397
-135.845927
-124.582223
-147.286881
-125.530219
-131.949498
-143.319496
-119.921834
-145.912570
-137.796174
-138.966922
-165.358073
-143.686558
-173.080898
-156.234323
-158.877018
-176.222270
-164.894688
-177.522674
-180.536508
-153.878343
-176.829938
-132.399829
-163.177045
-158.431196
-158.653291
-166.781973
-161.765359
-153.906799
-177.737839
-138.346059
-170.906676
-144.190129
-159.033008
-153.135096
-133.076189
-134.866173
-125.666548
-100.622365
-128.434996
-95.602091
-121.218709
-110.981327
-102.617943
-112.555249
-93.968633
-97.263390
-104.972546
-79.517267
-98.449837
-72.401926
-71.979241
-85.297728
-56.161544
-80.013784
-68.007685
-68.699391
-73.614704
-52.305510
-69.654366
-65.277632
-31.419846
-56.286995
-25.313450
-57.549937
-50.974596
-46.129073
-58.730301
-55.455369
-48.602749
-67.752522
-31.193666
-82.560829
-52.624582
-77.587702
-82.792737
-70.861531
-82.643481
-100.478478
-99.915129
-136.043194
-111.308931
-144.782166
-132.616331
-142.994555
-159.735006
-148.267819
-157.977716
-161.897793
-143.198452
-156.836703
-139.017156
-151.234310
-165.836632
-148.504085
-177.149830
-159.258994
-161.418513
-169.856997
-158.708369
-178.077036
-179.829288
-161.752708
-189.632541
-156.534832
-178.920672
-164.834586
-168.914563
-178.740578
-173.543154
-178.237095
-200.388169
-173.092822
-213.757076
-180.523240
-203.126664
-197.539360
-187.507712
-197.459793
-193.763453
-181.659323
-201.223291
-164.165623
-194.019963
-178.179264
-190.016974
-196.470378
-183.461230
-186.878277
-193.299686
-179.082452
-191.056734
-163.643681
-165.284501
-162.245660
-141.113195
-159.512592
-131.773156
-134.487894
-136.259092
-120.399850
-132.481898
-118.043563
-100.949057
-115.030440
-74.829097
-96.280373
-85.192161
-82.660518
-76.978044
-55.407414
-48.496847
-62.436484
-37.649132
-71.094016
-42.573195
-68.298629
-67.007866
-68.470251
-71.923857
-65.529210
-47.760264
-75.618614
-49.636189
-80.933921
-62.512366
-83.640948
-103.574055
-95.101586
-105.737012
-102.195054
-92.028301
-117.885309
-80.086055
-93.669331
-82.760051
-64.103693
-80.519453
-58.800537
-69.833614
-71.694476
-61.154588
-72.166160
-57.812099
-60.058075
-82.749978
-55.948419
-79.614352
-60.042649
-65.190757
-67.514648
-62.347656
-69.965124
-75.920798
-51.650897
-84.656062
-49.922704
-77.089217
-62.605674
-61.858025
-70.198800
-66.338494
-60.959395
-90.157571
-61.176752
-92.213206
-58.962995
-65.602616
-67.737514
-65.750043
-80.453085
-93.352957
-86.684654
-120.442061
-99.142712
-118.970496
-116.674787
-113.772752
-134.410244
-125.998483
-138.019976
-136.711601
-126.513899
-147.959780
-142.279359
-126.581291
-139.131692
-119.768267
-149.325282
-130.423700
-129.592648
-129.871661
-118.733050
-131.058873
-136.073255
-107.367026
-134.095598
-105.919229
-131.385827
-126.534915
-125.652410
-126.521503
-120.369029
-108.352482
-133.937970
-100.403839
-135.285136
-104.023363
-109.053395
-110.403709
-92.754617
-92.224840
-90.443026
-70.093741
-101.524663
-69.582147
-90.416724
-88.034781
-77.979774
-85.077880
-68.549890
-77.925578
-83.263248
-57.281411
-76.293595
-63.618525
-67.399319
-80.725605
-55.500602
-78.573706
-58.259934
-61.651883
-71.379155
-60.091162
-68.898994
-77.204295
-50.431509
-89.953814
-61.764601
-85.309974
-82.756985
-83.228234
-95.489749
-88.805306
-73.959360
-89.635441
-54.078273
-88.035795
-67.159258
-90.033037
-87.774715
-70.107051
-74.580727
-86.672718
-65.760404
-101.164344
-69.071704
-88.106631
-77.505972
-69.576748
-87.835702
-78.387483
-86.549871
-105.325206
-84.850448
-112.698571
-102.814266
-100.830703
-117.176754
-83.243878
-104.910475
-94.729734
-93.201075
-101.286869
-83.069586
-88.789022
-98.391468
-79.165743
-115.581821
-83.098506
-112.648714
-105.238255
-97.876242
-117.231111
-115.875321
-98.859880
-122.140280
-87.816723
-122.240004
-97.505179
-116.681609
-126.510712
-120.116292
-125.471023
-131.110924
-112.080068
-140.906529
-110.600996
-133.324283
-122.117985
-112.062084
-124.945509
-111.163976
-106.160426
-117.282049
-92.971669
-113.840947
-97.993019
-101.463027
-115.611436
-91.721936
-112.064366
-101.357663
-100.551359
-115.009097
-93.697341
-98.882574
-109.380699
-95.220676
-121.098135
-82.660679
-99.861462
-85.235974
-81.045727
-89.096865
-77.118241
-70.477069
-99.423510
-71.838064
-97.823111
-65.492506
-83.814322
-90.553480
-90.844596
-102.531050
-110.517849
-90.586605
-115.238932
-77.476358
-96.135797
-81.905031
-74.986731
-79.883945
-59.700744
-47.900498
-55.092588
-30.316902
-47.776986
-30.089420
-34.424659
-46.721880
-25.555358
-36.645147
-33.128552
-43.747841
-60.477224
-44.483980
-60.501848
-74.903744
-64.172453
-93.667541
-75.533934
-102.825433
-99.045536
-93.814775
-97.378998
-88.537278
-77.423848
-97.027739
-62.532152
-98.703169
-73.378797
-87.240542
-93.690598
-87.856331
-94.057713
-100.963655
-78.896559
-106.311712
-79.674925
-111.838468
-102.338598
-95.970607
-101.053682
-89.019339
-81.991949
-87.659811
-63.423036
-81.380355
-52.122316
-59.720510
-68.525420
-58.480515
-77.842856
-62.272954
-65.071225
-68.354474
-50.891216
-66.194098
-68.843090
-53.651948
-73.784809
-47.718612
-66.604654
-57.323534
-58.297964
-68.165533
-72.110004
-76.216835
-96.646936
-74.060889
-106.985446
-79.333024
-95.165701
-92.314003
-91.643150
-93.058143
-101.588798
-90.670935
-111.004568
-82.397920
-100.507672
-76.553732
-82.207479
-86.075961
-86.668476
-85.473560
-99.361704
-81.433879
-99.025214
-74.777227
-83.249507
-78.379568
-62.159351
-71.285996
-62.182961
-56.928043
-53.543629
-42.348813
-50.449539
-38.030103
-35.279028
-50.236867
-28.366383
-43.963577
-39.527407
-47.202806
-49.955645
-59.687133
-67.116812
-79.070554
-60.316891
-81.663218
-55.141921
-72.780335
-58.885402
-67.680758
-62.877288
-69.465973
-59.078232
-80.170732
-53.983813
-82.873955
-66.900685
-71.437870
-67.893422
-72.811966
-76.365225
-83.927075
-69.759658
-88.840183
-71.343035
-81.612633
-68.531686
-65.265865
-71.414699
-66.923044
-72.727394
-75.695636
-67.397263
-83.969220
-77.193216
-78.340734
-91.568239
-70.984009
-90.475664
-80.418752
-85.462366
-91.892469
-93.285678
-88.968583
-103.331621
-81.806738
-103.410080
-72.609126
-88.826377
-85.241845
-82.540895
-71.827394
-71.129520
-60.740461
-91.980908
-69.969150
-102.126942
-89.157187
-90.567643
-91.436653
-89.369337
-85.425571
-100.092604
-79.492268
-106.078791
-88.919283
-113.258676
-120.082230
-112.673816
-122.540501
-123.369088
-125.869693
-143.363876
-130.029991
-147.969904
-139.492830
-128.882674
-156.127901
-131.691060
-134.869983
-128.869883
-121.435900
-135.344121
-123.870599
-126.457910
-138.194327
-109.567371
-138.739391
-113.438205
-129.005243
-134.523493
-123.902017
-130.481240
-143.352745
-129.248754
-158.253963
-123.000340
-160.041583
-139.008155
-138.354353
-150.235607
-143.195954
-144.610063
-164.656072
-139.073881
-171.174959
-128.924150
-144.694909
-150.008200
-135.418195
-137.964202
-125.983026
-124.867178
-141.228262
-120.834023
-151.196238
-144.300067
-137.527006
-157.743123
-132.103361
-151.088678
-149.283930
-138.877115
-151.763625
-134.696967
-129.055252
-140.791515
-108.714717
-138.758221
-113.396259
-129.747584
-134.935712
-131.069921
-141.526165
-144.801271
-120.655345
-151.084390
-108.044905
-133.471177
-118.533395
-121.577605
-126.554325
-108.622793
-109.644862
-129.214333
-96.420225
-121.500182
-86.111188
-103.641214
-100.629672
-87.109093
-102.716367
-94.221767
-91.924909
-117.819540
-83.219086
-105.218088
-93.045602
-84.654326
-101.485553
-81.178715
-93.032022
-89.452715
-77.406027
-91.344664
-68.601173
-69.242623
-80.508983
-50.482068
-80.207401
-57.666024
-78.445791
-83.826576
-75.812671
-88.784805
-87.575008
-73.724453
-105.997454
-71.581144
-102.920768
-83.393741
-89.453909
-87.986028
-75.126427
-74.937676
-83.692167
-59.649653
-99.094500
-62.334069
-78.200179
-76.679837
-74.637062
-89.885525
-86.696501
-82.219330
-105.053931
-81.248506
-111.499703
-93.033658
-96.950361
-117.315636
-102.534565
-134.025754
-136.943368
-138.648775
-169.415453
-154.142844
-173.630870
-179.240155
-157.117762
-186.206482
-159.382001
-178.973433
-179.523803
-178.573003
-195.849742
-191.076405
-185.908548
-210.242391
-175.373881
-204.783993
-170.992055
-183.194507
-185.314967
-173.802675
-183.027348
-186.729793
-154.962465
-186.795974
-149.581378
-168.680203
-150.399582
-138.178998
-149.142090
-134.851321
-127.377854
-132.940514
-101.354736
-130.090072
-107.152794
-118.122276
-129.710298
-113.547787
-129.360766
-120.880793
-120.741610
-140.112888
-126.765916
-143.423464
-141.998390
-120.133207
-148.723614
-121.999647
-137.900612
-127.961948
-121.541485
-128.361329
-122.880013
-123.133849
-151.801055
-133.701590
-173.485925
-151.711327
-171.947952
-172.491752
-167.560046
-167.301283
-166.486483
-139.256494
-164.174394
-130.162955
-154.636378
-143.362422
-145.000000
-155.181249
-153.761753
-150.473741
-168.181786
-148.108645
-176.488463
-159.282498
-171.627668
-169.033294
-148.777865
-157.797487
-154.811197
-159.900156
-175.679580
-154.493918
-171.906238
-168.526129
-163.119229
-191.223643
-158.530488
-179.500447
-182.093492
-193.362933
-206.770048
-198.608761
-203.549390
-223.069853
-191.708939
-222.239697
-196.739132
-217.293723
-218.611869
-208.322495
-215.337106
-229.346198
-214.926577
-248.027652
-219.705994
-250.700579
-233.107220
-231.566312
-230.419563
-215.176108
-204.446521
-222.117620
-205.475298
-235.490258
-204.972519
-217.355893
-222.971939
-208.981474
-221.639987
-217.854456
-212.878896
-230.474500
-208.258620
-225.630577
-219.440681
-213.513241
-240.304648
-214.511368
-219.435964
-203.446753
-179.417531
-191.826363
-183.636986
-179.791404
-195.656734
-169.453096
-201.584307
-175.279802
-184.223881
-185.296305
-179.509128
-194.012741
-209.269666
-174.006435
-210.525960
-171.918338
-219.110374
-106.539705
