17.500677
34.979443
23.447649
26.695631
7.282816
15.922347
2.753492
0.905809
-4.231860
-7.872164
-4.826306
-12.546940
-15.916861
-18.575775
-22.796207
-19.888929
-23.972446
-18.600804
2.001167
-6.480921
15.297479
14.582670
24.420788
32.888436
38.096305
39.172021
44.617801
29.930579
45.171042
26.335992
33.486717
17.225828
15.241895
8.297727
10.454208
-4.999398
9.488622
-0.622415
16.949016
11.315959
25.097556
18.462485
9.363915
7.979920
14.375380
4.246151
15.918243
1.549839
2.392463
-12.938780
-16.768905
-13.260569
-12.000612
-7.411888
-7.556816
-9.904198
-3.371909
-3.850976
-7.478017
-8.232044
-23.976385
-18.069510
-26.502616
-29.222882
-28.871068
-19.913476
-17.603134
-3.745195
-16.170751
-4.423518
-11.906247
5.946228
-11.739297
-5.548979
-4.926713
-3.205353
-10.342260
9.523072
2.754561
20.413548
2.773923
6.666188
-1.711004
1.442573
5.172527
19.225885
13.729914
33.418702
29.942643
45.611535
43.064646
42.904968
42.923704
44.668141
48.691934
61.066974
58.279480
63.903758
63.056010
63.901451
64.321241
60.550872
65.770112
53.468091
57.866067
60.238382
65.608985
67.118111
73.403436
52.855604
59.991091
43.261540
54.056536
48.344438
59.260002
61.056600
72.942749
72.093998
80.665436
57.501174
64.935077
44.003683
55.116613
56.314726
63.327351
58.199767
65.840716
58.578463
67.905123
51.975921
61.031761
46.737119
41.158608
35.200343
32.044456
30.637696
42.287140
39.391671
47.586773
36.069158
40.922636
53.723237
54.806283
70.166598
56.271697
59.704902
57.864054
57.251064
64.713545
76.046864
70.945858
87.714528
76.592059
87.647007
83.930955
92.837967
89.366391
99.872731
98.511462
114.879890
98.985761
115.751628
102.055780
108.807322
100.421932
100.708556
92.705748
93.147411
69.926896
83.900703
72.563778
89.301463
84.406465
97.393385
111.804623
119.975459
119.543737
121.212171
116.095074
125.093467
120.716399
124.749076
119.606191
102.635131
100.884402
90.423304
95.829235
107.831546
108.430981
112.281752
117.235593
109.100078
124.121446
109.869244
121.819128
108.851084
108.181072
101.116007
95.139327
83.969965
92.821083
80.931720
102.497651
84.606248
93.424221
89.831018
93.092165
89.372172
91.415604
78.681948
93.624401
73.343544
90.898434
87.463192
95.485723
99.615607
99.344178
96.881660
101.904979
87.596588
106.013869
98.557372
103.956113
98.527752
93.092119
95.418527
87.028178
96.834817
105.444258
110.181132
121.635509
128.327494
114.362575
131.422184
128.335781
139.757386
127.716340
128.810866
126.503868
129.658917
115.887680
123.985819
104.520094
112.904565
94.196214
99.191828
98.555590
97.755723
98.010288
112.639684
99.685817
109.848256
100.086104
125.160917
121.838350
124.292641
123.642809
120.032017
110.132441
119.578101
112.300242
121.738208
107.524836
107.461611
117.799827
128.011814
138.612454
138.042989
131.203819
129.057830
126.973019
125.331618
116.566277
110.056499
120.055155
102.090011
113.895284
112.975578
126.456696
136.786798
141.037264
134.836534
140.250554
119.794722
129.118542
111.970375
119.221891
105.513901
109.575345
98.499619
107.908316
100.640692
121.964066
114.771651
131.918073
122.761635
134.090830
125.659343
135.212854
146.409535
152.904770
141.232913
147.980622
134.552116
137.012755
136.432205
131.806631
129.506464
123.443068
115.081284
120.847953
117.203414
128.713235
131.593554
131.636519
138.327382
129.329928
139.311339
123.345899
117.779546
111.470982
104.828028
100.130086
107.955934
93.397040
109.661674
93.319209
103.657748
97.873839
100.822836
98.922822
102.263162
82.401286
92.533991
69.389286
74.238733
57.590753
63.045840
58.438140
65.060872
64.117687
68.179325
57.763241
67.083762
55.981505
63.496988
55.851928
59.056185
66.532648
65.658255
65.489838
67.047074
52.063589
57.982470
51.296234
44.327824
44.017458
22.118883
26.376335
27.255468
35.641666
41.791180
37.730065
32.646091
45.380451
33.473503
48.164906
35.087938
42.634705
33.870048
39.277964
30.878658
39.205621
34.259082
45.635535
21.969966
33.417028
28.028296
46.274458
38.595913
39.896198
40.581168
52.503528
41.660269
57.230478
36.483124
38.930207
30.742298
27.852773
37.919939
40.390919
43.335330
47.381685
38.627690
44.517859
42.692610
44.607693
47.883250
46.521873
53.962454
47.764328
44.717204
45.203077
41.164273
44.680320
57.177311
49.416451
71.253022
57.441749
63.286393
53.996162
50.633133
41.575084
50.315878
47.220294
62.029310
48.468076
69.331584
63.324759
79.733968
74.408619
73.765755
69.241535
69.996451
47.995435
57.756196
43.668328
60.669819
51.615549
53.714312
51.337851
48.766185
51.727550
59.158218
51.384360
68.475984
68.517065
73.018913
67.958158
58.073664
52.437983
34.982189
23.360521
16.780723
12.386838
9.483894
9.364450
5.300355
19.188072
-1.956047
8.322428
-1.460215
5.053977
8.044815
14.028715
-0.230334
14.392044
4.857144
27.721925
13.282961
23.836799
30.374957
33.976054
32.442829
38.808715
27.003195
45.290428
32.485932
47.079905
40.863560
47.719995
41.647132
33.360558
30.103002
39.223956
34.987466
51.110886
44.419227
51.488744
52.209407
52.661383
64.142505
58.011524
55.712176
57.141137
52.785652
51.833934
55.910357
49.075300
60.476832
53.275908
71.527209
67.967579
74.226446
78.281325
91.574905
85.592923
92.851008
79.548635
98.609934
82.614704
97.092231
97.545192
102.533774
101.316741
118.711674
119.063173
142.172758
131.863128
145.552333
138.058733
142.928159
144.690549
145.953889
147.156872
157.654308
136.259195
145.119826
134.033558
150.409034
159.182016
157.731304
158.698527
161.339055
161.223936
168.816341
160.762325
164.264801
165.424447
150.153974
162.052727
147.777870
153.264201
146.102599
147.138737
149.392617
141.305388
125.434424
128.589932
102.320277
105.458034
83.866263
93.951108
96.115020
101.877057
96.645608
101.867912
90.002492
108.592821
102.616091
123.570646
121.751819
120.209146
118.346501
120.407522
107.423558
108.216827
101.162186
117.768110
100.967611
96.410196
102.593476
104.751499
110.199436
108.485986
94.764799
102.256228
96.629713
99.454042
99.613992
91.043399
106.207612
91.733056
95.036754
84.864077
79.562637
81.203373
82.731423
74.596013
85.925225
68.992620
87.068134
71.391149
78.301719
74.327814
76.824408
66.534838
63.831481
37.621314
45.877710
29.785722
53.376036
47.171283
54.952252
56.691579
59.126512
56.229327
65.556188
45.496299
68.114407
55.149446
61.946084
63.768728
66.590291
80.103077
84.264451
86.119390
95.223165
83.886181
90.270091
83.192678
73.950505
81.175952
68.914148
84.118112
88.625533
93.797988
111.363146
123.027815
130.224482
140.021111
123.422681
135.949190
118.051589
134.647718
124.470308
124.951312
120.349160
118.124506
108.280747
130.212490
112.059576
137.790690
130.525412
132.969141
133.057656
131.053897
119.894502
126.372292
104.702889
121.113893
108.308239
119.420394
119.407412
112.495212
118.807842
115.755796
112.916418
132.370472
121.261085
129.252368
128.616423
119.294046
122.131318
111.433758
116.354626
120.628711
124.043720
139.381763
142.662424
145.330493
164.763695
148.605703
166.032463
151.420453
156.729254
152.306937
147.515461
150.382101
155.446837
142.451972
152.689059
127.965439
160.881606
154.482264
158.917878
166.011021
172.295687
167.610494
176.661732
149.267691
163.842834
148.428641
156.230617
152.000667
143.125178
145.617478
144.173821
137.859060
155.348254
145.197301
161.564943
159.465016
165.708575
179.621010
163.570839
169.420028
172.189532
158.645171
156.987930
147.100786
143.142122
150.548982
128.188488
140.056128
123.979691
125.095961
125.492289
125.148695
132.989629
141.829512
134.951817
154.924034
132.604211
149.704692
132.567884
131.550995
121.957366
114.093952
111.027630
118.135454
88.035139
105.603878
84.107957
96.022102
95.723008
96.453265
104.798932
97.660283
91.418777
102.350585
89.676955
112.272973
110.869569
108.973143
116.985481
110.864611
123.147422
124.691991
118.204201
122.795489
111.879351
106.345444
111.165647
93.015021
112.654007
100.397160
105.615144
107.921161
103.315325
101.764144
99.368485
90.403862
112.702783
88.980897
110.596866
88.992448
92.076876
91.329320
82.893722
80.448751
92.241717
75.912042
102.467794
83.190695
96.466341
85.830990
76.155084
84.652983
88.093172
83.431662
100.596658
86.804161
104.214703
100.024182
104.719834
111.031796
97.690179
104.646573
102.326417
94.613619
108.259420
90.585512
99.079078
107.316002
92.989854
116.745397
105.724751
114.273479
107.728893
105.624339
112.292215
105.236868
99.964033
114.149171
84.553327
102.293101
90.178926
98.560490
98.848077
103.798909
115.032222
120.142771
108.313705
138.629520
119.631657
139.151532
137.603858
139.068785
143.722651
138.974669
134.717813
152.774000
130.237470
134.310186
120.434826
125.779204
129.060663
118.396560
126.008199
125.960308
113.915766
116.927588
101.891229
107.727149
115.583104
108.644349
127.045817
113.642726
131.212539
141.457241
133.839534
131.154968
122.869147
115.799415
134.930528
107.604566
126.899028
116.782756
120.356249
117.879601
107.932352
103.183416
115.466058
98.715402
117.582727
95.613185
114.314753
112.258551
114.988199
116.458652
117.060031
111.285419
119.574297
102.403809
122.487020
106.585014
114.241776
120.434971
116.567257
129.980205
128.256070
122.030256
135.395415
123.568910
138.611793
142.582300
122.174825
133.378967
109.640352
117.375690
116.799141
110.701503
130.075499
131.377056
128.887928
148.909629
135.640342
166.845975
159.238607
162.949336
156.806172
135.332551
122.084247
127.962483
109.223051
130.432216
103.530524
126.825753
119.096369
120.532107
131.696758
138.224821
133.751127
148.450312
119.598910
130.787250
102.990121
104.635242
109.681880
107.942050
128.245897
130.389060
124.814688
138.771383
117.532775
121.957943
101.445010
86.226703
90.702632
74.566105
86.798706
79.188537
76.933711
97.365576
98.368897
96.719693
108.957100
95.779121
118.407471
106.331069
109.981566
106.562756
97.466397
93.411412
90.758878
67.055895
85.088278
65.920380
84.411329
68.756952
70.380020
67.734764
62.025917
62.221633
74.660077
53.792465
76.836434
54.674367
56.486524
54.817095
44.070979
53.759763
57.753999
47.300618
60.527620
45.148669
68.272416
65.268889
63.803723
79.235526
66.401761
78.770297
76.204797
71.592558
82.627568
77.940428
82.853780
92.878956
66.577385
80.760435
59.974461
71.265078
74.995592
67.007341
76.509054
90.818020
76.832543
91.958754
71.499466
98.286228
91.377370
88.554488
83.956568
71.611833
64.083168
74.745282
57.539830
78.837879
55.697651
65.910709
63.097045
57.381083
61.416185
63.437739
56.472852
66.955732
52.358345
72.317460
63.037816
60.189788
67.375348
56.322288
79.432840
79.847569
62.105219
71.036534
50.015087
43.219602
39.798767
14.430203
28.270242
7.588429
24.162532
34.358949
37.340924
48.769553
50.685636
46.727757
64.376372
37.130530
61.639570
40.163660
38.194574
38.869417
31.158874
33.012103
48.738333
39.957669
64.644029
46.233391
57.148877
58.964201
56.256182
60.176060
60.293145
54.941765
67.859572
42.501744
60.816400
61.807061
76.321342
84.921402
65.667646
69.636887
58.153725
48.661430
54.626910
36.302145
36.494137
42.287497
34.029793
48.322004
32.430644
44.743451
51.688734
45.869453
58.148781
52.072691
42.030306
55.611843
26.045405
48.296401
27.279783
28.171317
34.320311
28.157045
23.481867
35.559061
26.145315
53.802567
32.413228
53.644640
46.199890
41.864085
55.367199
54.565041
54.875574
70.715933
48.675948
71.357286
58.095246
59.304940
54.982245
34.086033
39.843765
34.351825
29.300722
45.979985
29.376654
39.203041
47.821172
44.160089
58.849734
43.008984
46.602558
48.264052
40.568249
43.788082
36.084016
28.821267
39.239762
8.316718
25.276702
8.031485
23.104481
21.255984
16.276703
17.182986
25.506109
12.524419
35.308190
13.471099
38.494651
28.626653
29.448642
38.877361
33.494845
28.452657
40.243232
20.016820
39.627513
20.674508
31.068174
39.986359
33.487894
44.254286
37.925012
33.988780
44.337772
34.526646
49.961510
50.135220
45.468924
66.875093
45.269873
46.977453
38.894363
30.460103
34.902025
27.226926
23.334456
39.871844
29.434286
57.866780
44.600826
49.734685
50.021129
44.035529
42.842156
48.474990
28.409461
53.366019
27.272685
40.542142
29.916105
32.965789
43.121499
49.378262
52.347156
60.354214
35.432700
49.883672
23.435617
30.767630
30.149852
16.547538
20.725451
17.767113
16.469998
34.472601
19.452978
33.652357
30.462066
16.090338
27.122547
11.445406
19.407550
16.396323
9.918553
15.552055
1.188102
1.240312
9.147824
-8.140757
19.066749
6.920733
16.890339
19.408150
15.146922
12.766606
17.616976
6.403110
19.970198
-9.254227
7.682746
-4.321965
-7.171968
-9.347882
-11.448953
-6.266046
15.424451
-0.299790
21.316008
-2.054763
11.619293
11.965421
6.054770
11.737810
7.839135
0.756812
9.683042
-14.406049
-1.565681
-3.238854
6.032682
23.081099
7.480233
14.054319
14.028330
3.578323
14.415768
16.298553
20.666813
31.511936
20.624220
42.284041
18.695505
26.265362
21.915033
17.748743
23.186765
30.827970
24.876806
46.070613
22.169315
44.970141
25.319778
33.251114
42.589828
36.491504
43.959936
57.832111
44.487300
65.602348
44.358399
57.546117
52.343610
52.026829
54.737112
54.581736
48.831535
56.736737
41.527008
59.089804
49.929906
56.655351
70.428256
60.459095
74.271304
65.301913
59.533487
71.922634
56.781078
50.833912
46.392275
34.058214
48.741420
28.400308
34.147119
29.079741
32.519819
31.866665
26.676971
20.146491
36.626815
20.359746
43.471807
23.518082
22.393913
18.747343
16.497063
13.449845
17.439565
-5.725802
10.237790
-11.405960
8.180001
-0.462026
1.637808
6.432679
6.487392
9.242779
18.903185
-3.038938
12.816489
3.103239
10.142218
18.134504
6.729206
18.328488
18.954554
14.078874
28.723424
16.908735
18.494628
20.473079
10.060637
29.063170
7.486775
20.442352
9.430512
-0.447852
16.422028
16.255966
11.617795
23.619065
5.147238
30.114708
21.046059
36.389245
36.686386
39.639076
41.140259
44.155389
30.008690
51.054749
22.321606
46.563021
46.829800
47.557211
51.855864
41.779200
43.127231
49.972214
28.882219
45.917106
41.363452
47.298860
49.954315
35.037094
41.529111
38.285433
33.942471
54.275035
51.261691
68.828411
68.856674
53.909551
65.999087
50.229197
58.143190
50.849265
41.714668
43.790625
40.456823
35.030946
47.803942
31.272582
49.595712
25.540085
36.096244
34.929678
33.645489
37.376871
47.290306
42.083018
65.752029
42.905177
68.009919
60.937693
57.567130
47.929192
36.149277
30.767051
40.855315
19.313682
41.898988
30.627484
41.646668
49.801041
49.671035
60.981007
60.643820
57.278030
64.221023
45.976320
56.963649
46.059345
29.406691
44.576404
29.834745
44.096566
37.549150
33.966771
35.833907
29.822629
30.748296
37.048843
23.677588
37.730974
16.744338
29.889834
27.207011
26.970951
32.393063
45.284669
36.180028
54.377818
26.867736
42.545711
27.736865
30.344090
22.591494
13.055719
10.252858
17.187127
-1.894292
14.413195
-6.834966
-1.405614
-5.942899
-12.019925
-11.314248
-17.267868
-21.808967
-2.641652
-13.855592
-3.831762
-15.064083
-21.872951
-13.248812
-20.924440
-7.226384
-13.861970
-20.511062
-16.276564
-21.133635
-19.169701
-11.185251
-27.581580
-9.640667
-20.044974
-5.346466
-7.721539
-0.519468
6.080458
6.398686
-1.157624
22.455149
-0.884375
23.591522
15.597368
19.958432
17.271943
14.744736
15.150307
37.853916
32.622725
56.039614
34.403513
39.318430
27.089248
16.099728
14.257451
7.808194
0.204520
10.236319
-1.990665
20.431393
16.693322
13.656793
21.190453
12.030118
32.012111
29.055975
27.954027
43.745133
34.135885
34.565438
42.682664
30.291578
45.246306
24.963734
34.719010
34.593676
28.838922
34.556290
29.693374
15.256772
32.459682
12.821517
34.843738
25.046288
27.669531
24.621449
15.317526
4.308085
9.272616
-16.124404
-7.778718
-28.541666
-10.392494
-12.313225
-14.802451
-3.867106
-5.599921
-10.152607
4.668911
-13.215873
-0.838363
-8.990188
-4.667865
11.258801
3.469079
13.884808
14.825559
15.989831
26.305222
16.486125
21.430186
19.869358
10.323366
24.002430
-0.687681
2.881466
-5.931261
-12.816203
-4.018717
-3.540609
-15.321350
-1.776569
-13.536336
10.405816
-5.653471
7.005282
5.917922
5.223889
6.121361
8.024548
-11.037261
10.311714
-17.198807
-4.648803
-10.267470
-10.225579
-12.012234
-22.495811
-29.238377
-15.152959
-29.378825
-13.278577
-35.388297
-39.239392
-35.047525
-43.905051
-29.306888
-34.257500
-32.682816
-23.068164
-28.427715
-16.703345
-9.505849
-10.671459
2.654679
-0.324425
20.754174
17.684935
10.136949
17.484318
20.262404
16.787087
31.531647
12.248444
35.134288
15.685762
24.841334
27.011467
29.564226
34.363983
38.974397
25.206938
52.125623
30.631079
42.560573
29.798894
28.165764
30.038321
28.667312
27.823183
45.385873
38.772796
64.044868
52.384958
61.168890
64.795287
47.758883
48.482204
40.802254
31.848480
36.650739
24.230983
32.346830
34.853811
19.310821
26.272272
10.251100
28.141351
27.625557
25.147713
30.996026
21.991281
16.545856
20.810214
1.566411
20.914393
9.694876
24.942460
20.815448
15.957501
10.975708
16.602630
3.553304
30.758768
16.674443
34.975235
26.523452
30.215302
32.589193
25.239487
24.378103
35.326587
16.179822
28.999302
13.185576
15.540475
21.627371
12.313507
9.350648
7.130215
16.124908
32.703413
18.994901
29.129725
29.946753
20.512664
31.513893
16.174229
31.191108
24.269710
23.892979
34.703451
35.917650
33.198032
38.345768
17.053411
44.574156
36.860643
48.736366
50.319537
43.221669
45.799574
50.962225
32.819924
54.274287
37.491743
56.216289
48.125659
52.001453
56.601055
52.693632
46.624599
59.814342
40.338471
61.038028
46.598084
53.634992
51.236847
40.680496
41.803539
36.677670
40.935395
55.950300
42.152168
59.731048
54.980033
54.465006
77.075681
65.386420
73.713781
70.601771
52.526474
58.276241
46.134171
47.531906
63.840951
46.506125
62.065926
38.551103
35.529165
26.831469
28.099336
28.639342
40.816638
27.136506
52.900925
38.976606
67.094888
61.859226
65.842272
65.011669
59.530761
61.996866
76.182362
66.482919
79.905303
71.572022
92.686473
93.727489
93.532063
101.020846
105.902560
92.119690
115.645048
95.788164
103.459089
100.899098
96.985286
105.870253
89.148246
91.451593
83.177572
77.716362
91.636550
83.851601
84.726420
81.442950
60.459621
80.206138
66.700499
76.825373
76.949796
79.877286
76.282097
86.397560
76.954878
95.773202
80.278589
106.655209
85.538198
92.489932
102.575777
100.721021
96.896146
106.631550
85.978043
109.072580
90.312382
96.407133
95.018035
93.021786
97.937548
92.517458
85.824039
106.381831
96.582386
110.020332
106.956285
99.775527
109.462662
91.482630
91.432977
84.460699
86.570288
90.818241
73.243506
79.221263
88.188505
85.538674
102.575414
89.941444
96.446910
85.221260
77.919961
68.736635
72.685624
49.264851
72.194238
41.401556
63.781824
61.337255
63.662220
60.312829
61.758043
56.343368
68.092745
41.973021
63.668387
39.335963
47.632782
39.330310
32.783630
43.226931
57.438822
47.888487
64.199640
40.474227
47.236798
46.886364
49.635680
64.171464
51.639013
54.464725
49.126693
34.541060
45.017593
36.035674
38.805372
40.882274
24.477275
44.523124
37.627827
51.224805
49.397194
41.280966
40.503780
44.652104
30.712675
45.371429
28.616990
50.063382
35.777609
38.172388
37.163289
26.432254
31.024193
40.614174
26.745402
45.066958
12.894731
23.727434
27.648974
21.774758
22.661070
23.149125
16.042707
30.788466
7.151403
17.188806
-7.070870
-16.950060
-14.654618
-27.182421
-20.262218
-10.563088
-9.833117
2.057588
-1.176471
8.955013
22.953470
10.629042
18.301778
-1.683135
6.996000
15.152768
13.597122
21.029747
23.167043
10.298773
27.314104
10.882117
32.410512
16.690035
17.227923
24.038195
18.920535
20.299907
28.297706
10.614707
32.638875
-1.011725
5.059395
1.111208
-1.889325
3.438751
3.521490
-3.404413
14.866549
-6.703328
13.381585
3.454761
10.691440
9.923020
3.558993
16.239679
15.182444
9.684202
27.187533
23.238261
33.330632
43.149755
27.565802
34.261293
28.518816
37.142024
41.131221
32.933961
44.959278
41.686165
34.795942
54.429256
30.074049
47.654075
36.028497
36.040561
38.226359
30.668862
24.284409
35.150429
11.841470
43.965335
28.284830
48.955101
52.482580
52.219539
56.296342
58.773335
52.765034
73.014514
55.597252
72.208247
55.060856
49.611335
48.782560
37.434252
39.161439
38.425392
25.097128
36.892117
16.011151
24.837329
19.785692
11.031720
24.169128
6.102601
11.335868
10.012988
-0.218656
11.324883
9.449932
8.134372
19.374756
-1.003284
16.194723
1.525472
11.715738
16.464061
9.735822
10.796301
16.265194
-1.527846
24.064300
3.680137
20.048019
4.531594
5.862407
12.280412
11.559097
5.454408
18.574879
2.121838
28.329786
20.042014
25.551141
22.993426
14.283132
19.535078
19.201566
7.481475
29.832621
9.275659
18.914243
21.235983
12.127408
16.962269
9.312887
25.876471
40.904862
32.439510
33.218860
23.126010
9.712395
13.640941
-10.045343
0.481601
-11.911739
-6.616555
-5.782542
-12.549416
-6.168869
1.504602
-13.291569
13.009778
-12.307856
-12.687856
-21.106248
-17.640133
-7.885523
-7.705936
-21.309893
-6.861622
-25.966159
-0.891709
-17.680623
-2.864875
13.610888
-0.467086
-4.357386
-2.698101
-10.135677
19.728695
-3.575458
8.508857
3.534710
-5.552965
4.069102
5.208545
5.817059
16.381208
6.783658
20.130295
15.787961
16.184633
30.628866
16.890850
36.514785
12.551913
14.828645
18.072596
4.006373
5.173646
18.634014
9.613429
40.731211
20.544939
38.159010
27.869428
28.875637
37.798991
38.750075
35.382272
47.719368
25.521388
53.536771
43.255356
58.474916
53.375977
52.129297
61.002081
63.085677
51.651418
74.858443
51.272716
72.475325
57.524431
56.731419
70.347620
66.696083
73.298082
70.970662
56.095531
70.697709
67.160420
67.812339
81.567118
76.041161
97.748554
95.687651
99.346404
98.718093
98.517394
102.991080
103.080060
97.277359
118.487770
90.235525
101.690419
82.845389
77.103846
84.521563
84.942023
89.479381
100.459430
76.978386
100.456994
82.855703
100.897116
96.451683
88.473940
84.148888
88.419395
86.872305
106.729660
94.478141
106.204286
94.524964
96.252559
98.226475
83.814878
86.219919
95.591723
80.031138
95.704700
85.241938
90.901773
105.865089
97.128276
110.240382
107.109887
123.111991
131.652527
122.699576
127.368202
126.190697
118.495641
135.595600
122.186856
139.835612
132.501511
132.532918
134.075057
125.785922
121.384272
129.773461
112.878533
137.711489
111.578084
124.549936
111.267877
110.600409
114.687982
117.257531
106.804482
114.522832
95.430761
111.070462
99.404021
94.859769
93.781171
85.962245
96.324658
100.022540
93.393850
109.329609
102.644316
115.367241
118.210107
111.963669
132.910903
118.475925
114.866195
119.815720
109.865477
120.421432
118.635725
107.380207
125.114108
103.535825
117.880267
96.531747
91.037954
86.994609
86.894463
83.322150
88.579117
79.254646
94.161184
73.513344
94.205893
101.013865
109.026531
112.524975
119.522785
110.515652
135.404188
117.116448
132.405239
122.654419
128.445246
132.096710
128.182449
143.762058
144.823742
141.462809
158.623438
143.756052
155.471879
163.122383
146.744041
154.911232
140.563471
137.152335
129.753449
117.676017
139.578065
132.725795
123.286845
134.288166
121.616930
146.865519
132.495535
137.839273
122.976886
110.768002
118.599208
128.035760
100.004552
127.868621
113.799435
127.716380
120.615698
113.107557
118.299042
113.801795
111.765358
129.899587
110.931587
141.568040
121.118321
138.576788
132.833758
132.657858
141.436381
138.243573
116.899806
137.530120
112.928241
130.634500
108.692731
105.848877
121.938695
123.876205
133.083871
128.430029
110.934900
130.692226
116.634077
124.691534
131.945035
116.619746
136.810167
126.182234
145.906278
154.703427
147.170329
158.374988
158.828741
131.946383
164.022375
147.797918
158.222323
146.542075
143.226811
137.324079
136.860536
122.391115
135.188384
114.932875
134.217339
112.916974
120.830940
112.444673
109.795901
112.320057
113.232620
100.275222
112.311781
108.761642
123.656577
116.663964
120.242305
127.166987
123.990698
122.516818
119.482099
114.017007
124.818126
113.344271
106.217199
115.372815
90.062072
111.618370
92.737870
101.026382
105.500821
102.088264
105.467090
109.867696
107.510733
121.842427
99.631559
115.434982
98.285065
87.875675
86.690650
89.951120
85.865312
97.893086
76.861780
93.048818
78.465327
86.686478
71.112476
75.942212
76.641440
82.885248
86.880803
95.924536
78.931608
83.109749
69.953861
70.544578
89.569303
87.039474
89.786464
95.039144
89.684046
97.230017
87.977777
89.502540
104.101672
96.175673
117.847797
104.726197
109.276997
112.580119
108.777017
117.051543
117.412234
112.583135
145.330904
126.521261
139.112842
132.477177
130.863638
126.420822
126.432297
114.772706
125.647031
110.204791
127.710117
106.591380
113.364356
108.768513
107.700380
111.113246
108.206538
102.148319
124.153431
117.776981
141.619632
134.146108
138.531800
142.711569
126.172501
131.729310
128.945999
116.349902
124.244970
108.301689
112.527489
110.902154
100.678800
124.569166
113.880159
119.121045
117.554981
110.717612
119.434821
130.694479
123.535380
145.258955
128.621189
143.034853
130.337947
136.263819
131.587670
128.015398
126.938194
132.416985
116.617302
132.754337
111.767367
124.686220
109.492354
106.351295
103.547249
104.158175
97.053418
112.348134
90.388121
107.141791
92.644411
95.167326
92.691500
87.681248
89.350074
96.138158
93.225746
111.956553
103.869003
109.834067
107.780273
91.411556
97.326118
84.501695
85.630236
77.511054
73.303623
76.391459
76.117817
67.236297
75.606347
63.570121
79.536586
71.276601
82.266844
80.535896
80.581515
77.047440
86.409790
78.059195
97.897504
84.483008
99.938071
97.545890
104.023621
102.451591
108.897972
101.450204
115.692314
100.128751
114.315105
99.238641
109.466142
107.886480
102.150744
99.719466
93.987769
86.900987
100.151593
85.510600
90.607419
88.319015
84.545389
96.445115
89.895298
97.469199
100.128252
96.178052
100.389527
97.889231
95.409289
105.625675
88.840964
102.990422
89.319564
105.459270
109.086674
109.110463
106.260534
111.352523
99.233471
110.474662
93.182010
112.089409
101.703953
109.009551
112.146695
112.404756
110.929187
120.644963
107.154714
120.984211
106.233072
111.869298
108.511228
107.412850
106.149394
101.581453
97.254879
108.311913
89.299203
95.260833
91.375014
90.680619
105.979060
102.662234
106.933074
111.643673
104.405703
107.801336
102.256130
94.569427
101.110051
90.692131
97.235073
80.882091
97.494731
99.829649
101.123052
101.559573
111.732541
104.972173
121.915468
103.513341
116.504437
101.573909
100.440613
90.746724
88.925974
77.798414
78.452369
69.889044
87.712492
66.429974
82.734473
88.174847
98.006659
101.211444
100.158314
85.406932
72.828270
49.759875
52.837846
41.278583
39.444534
39.390728
31.748126
38.687511
31.063102
27.564301
30.647618
25.695847
25.854878
35.246415
32.686630
43.494054
34.281459
47.978504
52.200690
47.804459
42.663089
49.020111
35.116107
50.792606
42.425650
56.797536
41.371919
56.207535
58.322390
59.625918
50.979873
61.783221
49.627301
60.680677
33.446631
42.762564
36.592836
29.395422
25.112023
27.385166
33.039962
45.222532
33.072333
48.046600
36.813014
42.326855
38.103506
31.085035
40.452331
43.775088
48.052558
62.310668
64.016088
71.428325
79.675730
70.460935
91.058339
83.761860
87.820762
89.359032
94.609499
99.929737
105.829818
99.387812
114.486783
91.264484
100.846975
87.857108
93.654184
97.404147
110.482096
106.776116
121.087683
109.082166
123.732036
104.014334
116.641004
106.596318
111.143204
119.046651
124.396998
120.955287
129.239975
115.121368
128.789376
112.036862
110.976379
100.440638
100.665890
105.658371
93.756387
92.401132
91.771866
71.443446
80.418571
79.064744
67.349924
72.634181
64.610181
58.272008
51.924969
49.897678
46.897011
46.830671
41.997909
57.483539
49.851219
69.294785
58.316073
63.271973
55.235313
55.395587
45.614743
48.790676
26.302477
43.292051
20.348532
30.829819
21.870454
26.847096
28.943014
29.560874
23.401711
41.903026
20.713450
31.999643
23.538122
26.189400
31.137014
36.495682
34.652646
32.629555
31.990273
44.028166
40.535189
47.105694
37.285613
38.982305
54.792687
52.716660
68.291472
73.665035
80.242355
80.908085
82.318626
76.114454
85.994305
71.798210
88.705503
76.270340
79.119027
69.579955
72.044188
63.057424
75.896037
70.944082
82.580534
70.863503
88.081804
76.378289
76.965774
67.495139
67.973925
60.417344
62.346956
43.943996
54.503197
35.332185
34.413462
28.326293
37.081714
34.280542
25.372133
17.691318
21.084291
3.985371
1.895424
1.687213
6.975085
8.613473
3.296383
8.903075
5.231971
7.028845
9.364400
13.590208
16.352714
17.985064
6.987551
22.527900
13.291006
19.920574
5.897697
8.386479
3.759347
9.228369
0.059973
20.582008
10.773866
34.154047
24.504177
29.864860
22.705367
20.853641
8.954835
17.671751
-11.351362
-0.991390
-16.389888
-7.310927
-7.921656
-2.438164
7.947526
15.396563
18.173307
36.197857
28.907045
37.710444
33.493719
32.861047
37.015217
33.028901
37.864522
30.148180
29.722591
32.409759
34.069201
34.844712
43.121512
29.241471
35.205668
23.808726
37.324299
36.304264
33.628873
20.843963
11.653482
-13.140107
-2.496294
-18.472067
-4.041774
-12.265289
-2.628137
1.462134
8.208664
11.830203
21.503691
4.824308
28.076393
19.112209
29.954092
26.430820
31.298425
27.597877
32.929182
22.219649
33.499821
26.926929
33.081444
29.742576
23.674914
18.809855
11.093967
15.804141
15.445453
20.765076
23.249436
14.565381
5.594993
2.528157
-7.912198
9.364546
1.735046
0.342939
-9.746226
-12.875202
-18.525654
-24.219267
-39.454369
-19.791290
-35.583166
-33.949886
-45.640308
-37.097404
-39.219943
-34.864172
-41.529733
-30.846255
-50.494549
-26.991405
-33.994446
-11.262018
-4.002009
1.926749
6.268322
13.795276
7.381312
16.077933
4.496595
19.415724
11.497574
4.537071
10.886886
7.649986
10.967292
6.883257
2.489697
14.166423
11.964816
12.466221
17.983765
14.986499
28.443342
12.386058
25.067726
29.056733
27.920071
25.791023
33.619330
22.922151
40.786515
19.982571
28.077710
23.076103
23.733296
20.330583
27.536326
24.662960
39.766363
25.354915
41.996028
27.060229
35.242834
27.846529
33.864677
34.955929
42.124321
30.945676
43.900810
25.512913
32.900648
28.162846
28.559988
27.033124
19.734341
25.842081
28.366349
11.479934
19.639583
19.705266
28.124947
39.003748
30.103397
36.943734
32.556595
40.007046
52.534258
52.822544
46.873160
51.246570
48.617663
74.071237
57.769891
66.218807
52.982501
56.948014
59.306236
57.771130
52.477391
64.356586
50.932938
74.929203
57.624990
70.608194
70.570847
77.838153
76.405318
79.128320
71.577384
83.453879
71.828877
80.192782
72.539387
83.021739
87.230415
84.623823
92.386990
102.883766
102.232016
117.583724
115.219210
122.812268
123.450272
108.293127
110.995409
100.857653
100.647548
103.772053
100.396856
113.849586
119.446441
102.805583
113.964179
90.908866
102.630723
82.696484
73.782244
59.780797
49.631673
38.070494
53.168926
39.827437
57.485939
41.348505
56.406194
52.349764
43.813447
39.188230
48.990987
41.071141
61.328523
46.634902
60.481852
50.535954
50.732870
54.190825
49.950280
54.346889
64.014996
53.556191
65.713182
53.274564
59.360689
54.762441
46.055947
59.137033
43.398074
44.758544
48.652681
37.530224
44.514679
44.957786
50.377250
68.604998
46.281040
54.642946
40.274586
42.013208
36.240298
36.342838
28.723928
42.391451
26.015987
50.353401
28.074772
31.832589
18.069729
6.164619
7.007486
13.068206
-3.442484
10.032721
-10.074662
6.770559
-5.181383
1.938418
5.819715
5.831938
12.329799
14.884507
1.648634
24.302988
14.324119
13.686863
5.378047
-6.960872
4.245044
-8.206244
-10.597736
-15.262807
-31.011090
-17.404768
-15.767907
-21.915336
-9.450521
-23.835503
-9.799952
-17.223548
-22.416290
-23.803261
-32.010101
-29.230216
-15.874329
-29.007016
-11.407876
-43.138956
-31.753227
-37.467822
-40.166147
-40.271299
-32.421603
-37.090482
-9.882676
-25.995482
-9.230230
-21.422475
-13.196671
-11.019584
-16.033602
-7.118696
-1.452793
-8.559159
14.237094
-0.685467
10.832082
10.132030
4.317365
9.385390
2.155477
10.615864
17.057508
7.599462
17.606261
9.487558
10.338311
24.985707
-6.205276
-3.284480
-11.413287
-14.118218
-10.571145
-18.169764
-17.909316
-11.419852
-32.436672
-12.438772
-30.145325
-11.034269
-13.957064
-20.360487
-13.167806
-7.679647
-20.442841
-15.784750
-49.128577
-36.420831
-51.671774
-41.559994
-36.795375
-32.570213
-23.622631
-11.993868
-26.398287
-4.264448
-21.813078
-13.268147
-16.819850
-26.019756
-20.870196
-21.809644
-15.557086
-11.179679
-28.592047
-20.358147
-22.703232
-28.495143
-10.491661
-22.996890
-2.157366
-10.114779
-21.375580
-15.072679
-14.613675
-13.501188
-3.332947
-18.556965
3.246843
-13.039580
2.703068
-8.339869
-16.991416
-18.273409
-12.945658
-18.326829
-0.652067
-30.994486
-16.640445
-35.010929
-30.357177
-21.667102
-18.846766
-11.935747
5.464703
-7.067026
10.889680
-8.942948
8.688008
12.770973
9.254128
16.218717
10.317444
16.214353
22.431052
3.526223
15.916629
12.432090
12.917913
10.980946
-14.595685
-0.857075
-9.638587
-4.991209
4.979077
5.994704
18.187740
22.952185
10.004072
34.968226
12.652630
23.898224
17.121334
9.530494
5.022875
1.895353
-12.107617
6.301115
-11.604752
15.534528
-0.388483
7.586992
7.720647
-0.387336
2.533432
-2.293584
-23.355805
-3.731056
-24.704679
-9.765945
-12.562633
-12.748454
-3.382581
-7.551437
-0.328346
20.023161
14.369845
32.739918
21.387133
10.221775
17.480941
3.437662
20.410918
12.886647
4.906926
12.746715
-2.514916
2.646258
3.888431
-13.126012
10.627908
-13.485060
-1.876305
-12.138523
-13.840629
-11.216378
-19.838545
-31.905529
-22.817182
-43.166236
-20.862103
-36.528531
-23.352275
-20.081586
-20.181396
-16.287911
-5.916077
-15.893625
10.356364
-9.031155
6.531477
-7.854571
-9.078057
-1.458827
-12.933231
-5.625726
0.308067
-11.363033
1.656201
-6.776329
4.378312
14.266827
2.907087
17.414744
4.291851
-0.127107
2.172098
-14.633894
-9.563691
-7.749911
-9.176509
18.907938
-1.079597
18.385946
12.361191
9.127879
9.977711
7.518910
9.251581
30.792168
11.674540
35.995869
9.008123
26.698540
28.731311
15.908755
16.872665
26.012813
18.709449
35.473208
7.978465
34.591225
30.151005
37.473398
45.864834
37.953428
35.242500
45.568096
25.541481
40.678883
27.094240
34.337065
49.854917
45.079223
61.189054
52.759549
51.945769
52.025286
43.904167
57.126766
55.518765
41.488818
50.435953
26.853006
38.106512
27.267329
25.273416
31.120357
26.169060
29.104048
52.142597
35.695227
62.453492
37.602950
42.705878
33.430385
23.273654
22.349893
21.833443
15.357472
42.112366
16.245912
31.755359
16.711974
23.056450
32.551095
28.161960
29.950111
34.882341
24.062083
46.949309
31.477635
45.180280
48.284340
46.327041
66.571585
53.335843
55.306116
60.092859
39.189753
43.117897
36.915023
30.962233
44.084685
20.873664
42.659525
39.259686
35.079423
36.377667
23.012729
32.200890
45.781945
37.255735
70.275309
46.254571
57.160494
54.290603
52.644181
46.433983
38.099752
26.615390
42.030698
22.010696
47.014417
32.961838
40.627888
41.659779
32.902350
34.744723
33.582105
9.276651
26.692076
10.384634
26.729161
20.700849
16.351458
30.080971
28.603524
28.008795
33.539780
24.863374
35.091076
28.860072
20.713450
23.218030
6.055782
30.297087
28.730961
29.811797
40.330477
40.859319
51.485452
59.980906
44.731662
59.297892
30.297050
39.706791
24.478598
19.058065
21.340343
19.622125
17.039650
39.223112
11.684483
42.946627
28.938679
36.531598
33.636842
25.260162
26.172752
30.000860
11.542692
26.267116
1.436428
16.280081
4.256373
-1.518743
4.323990
-8.882595
-12.791734
-14.409670
-24.999834
-12.762879
-25.940119
-26.066965
-14.639696
-32.584037
-17.755104
-29.174874
-27.657573
-28.508820
-34.598424
-25.928100
-23.094300
-40.014312
-25.291270
-46.404682
-28.449777
-36.104255
-38.306249
-38.289896
-34.024750
-30.432078
-19.442356
-40.350586
-12.707201
-38.857612
-33.001503
-27.735653
-29.089195
-24.304419
-19.086836
-28.192882
-9.949751
-29.560694
-8.038607
-20.245741
-25.097766
-19.311049
-19.301826
-11.152017
-11.319513
-28.284488
-8.243234
-10.928726
-0.351532
5.364275
-14.307292
-0.334217
-9.895512
-1.947568
1.718990
-10.906887
-6.558153
-18.295542
-26.430892
-9.011545
-35.414492
-11.420611
-20.613820
-17.735632
-14.392188
-20.716836
-31.716977
-26.192170
-45.807898
-24.505904
-45.439727
-38.269919
-47.464202
-50.344972
-43.704564
-37.303847
-43.549275
-20.281253
-40.480945
-14.295704
-24.468911
-21.539949
-22.606362
-34.148794
-26.016949
-18.376067
-34.260237
-29.316562
-54.234183
-51.510696
-50.294035
-63.073428
-43.831368
-43.636049
-32.910056
-18.952054
-16.047953
-4.144121
-5.226173
-11.094224
11.829497
-3.760438
16.969105
3.655699
1.823549
8.205692
2.210090
5.080189
19.248316
1.516017
20.889638
4.376191
22.563328
16.348337
11.199718
17.511756
24.519107
19.737664
35.500955
15.737305
31.815564
12.556859
11.972612
10.109113
5.567142
9.535670
16.292621
1.107679
17.370622
-3.654740
5.006810
2.696806
-3.007707
7.287265
-3.536634
5.494799
14.118408
-3.801936
0.686846
-3.995544
-14.018137
0.371074
-21.476099
-12.506233
-23.492810
-18.876027
-16.163237
-15.137775
-11.691046
-6.827768
-24.378632
-8.883171
-33.971303
-19.836573
-26.409491
-21.263424
-18.029929
-16.220353
-27.430098
-13.241573
-34.205962
-7.528628
-10.531321
2.866690
5.865667
5.812628
12.362772
11.676424
4.361756
15.978630
1.163813
9.403129
-1.885501
-10.675910
-0.980040
-14.204319
-2.647854
-3.781600
-18.743025
-15.057786
-27.118110
-28.248057
-17.811055
-33.673112
-15.617181
-28.584319
-26.926118
-24.676120
-30.550187
-31.529145
-23.175507
-35.373210
-16.101301
-38.946731
-20.753088
-24.672581
-24.627881
-20.950171
-22.983247
-31.391440
-18.166555
-38.816310
-10.657071
-25.443347
-20.289398
-20.796771
-22.142966
-27.953803
-29.702521
-35.738990
-13.760851
-28.498069
-9.238981
-9.982854
-6.865171
7.471336
1.785182
11.029031
21.876429
14.024756
28.519558
20.031222
18.258149
22.375535
10.706059
25.936966
21.067299
25.963599
20.059921
9.783601
2.935612
4.596722
-6.183157
12.871135
-13.212710
0.673519
-6.690923
-0.877255
0.252087
0.549815
-4.363817
10.783279
-8.380914
19.698286
5.185632
23.258107
26.451043
21.061004
19.188279
24.423880
24.799235
49.794367
31.171694
40.135962
25.143101
20.726131
29.992887
25.411158
30.720041
39.333918
25.881076
36.513874
27.260414
30.578812
40.235530
26.006850
41.866343
31.765239
36.747679
38.587542
32.352876
39.690397
44.317738
38.498543
51.989002
31.199742
43.654166
24.716241
18.057502
18.790042
10.540895
3.348148
12.444222
-23.418507
-5.272592
-30.675601
-29.501425
-37.165220
-42.029571
-45.251606
-46.824295
-56.956803
-43.232007
-60.943069
-37.919556
-45.141711
-48.990660
-45.687931
-44.896703
-39.022580
-43.898930
-61.081290
-47.181747
-64.440191
-58.675659
-50.662518
-69.575893
-53.682536
-58.770423
-53.268156
-50.575922
-61.468443
-56.694862
-53.104217
-62.166200
-38.094303
-53.442431
-34.985833
-35.548020
-28.403881
-22.205016
-22.121261
-23.795065
-14.862970
-27.761705
7.823883
-4.958852
0.430145
-4.992584
-10.079178
-18.808767
-13.646490
-25.769299
-12.778118
-42.349818
-32.149825
-36.962841
-31.998191
-25.414669
-26.728665
-16.820141
-11.471046
-17.721536
1.076576
-12.957153
-6.003784
-0.482178
-14.257718
-0.687835
-4.431165
-1.357714
1.820678
-5.338605
-2.809374
3.991693
8.149196
29.039664
14.986788
35.077156
32.146888
30.983933
38.784251
43.993364
34.242738
42.544205
29.521092
56.457671
45.307443
57.632676
52.412324
47.355080
50.357919
62.793162
51.624535
65.768811
43.159507
66.317933
56.821539
51.631709
51.831543
48.430452
53.793364
63.561016
57.590109
75.348498
61.278591
63.520365
65.438022
58.615596
64.325047
56.592822
56.354332
69.730241
58.841534
65.970079
57.558439
37.593345
46.965211
29.670777
42.097486
33.925726
44.287973
60.952589
63.549375
55.838389
70.824262
50.307403
66.485564
45.582539
55.134497
53.784384
52.783802
55.950963
51.624408
35.843630
56.227860
37.853359
62.361617
50.136692
54.187751
61.160222
44.792204
45.017454
48.512221
20.988430
37.847973
22.902451
32.458319
41.212647
38.617097
53.816975
51.340943
58.723681
68.574192
52.833498
61.122051
66.501851
61.118643
75.666742
59.666214
71.895400
62.498103
60.974481
64.458150
56.940430
49.711251
68.293653
54.390931
73.592586
50.079212
64.566329
60.977512
53.687428
58.027788
61.234060
50.222957
72.055012
46.468953
62.436071
45.830414
48.399471
48.023140
38.188510
36.363371
41.623601
23.839804
42.411762
25.608403
33.330149
24.076142
6.738791
25.379602
13.618602
2.839289
13.474882
6.604387
28.850549
38.959862
37.344967
47.479273
23.821206
33.615443
29.265070
20.479210
27.080185
20.656564
13.120460
21.299749
1.448365
27.523926
10.139103
18.031229
11.291077
14.770007
23.474661
24.966787
19.135886
35.768135
5.268742
28.336859
21.565682
25.293605
26.476543
21.832879
22.262227
40.405930
31.640216
56.542276
39.521751
48.089165
46.833666
45.810125
46.998083
34.331667
35.363495
38.441670
19.510317
38.227432
31.409631
23.558553
36.594164
23.974213
39.616026
36.287383
34.365024
34.522252
18.783028
12.944051
15.003283
-2.295621
27.360417
19.586267
42.245788
44.616264
46.276697
52.543517
56.149829
60.063514
88.562475
72.850086
93.973757
74.260012
69.938321
66.569535
68.581585
67.852789
69.788679
44.853645
60.939323
35.992658
42.818455
34.092997
40.369483
54.156370
50.139761
51.690313
61.585372
41.453927
57.639984
47.228299
41.554281
48.554516
35.454460
48.009913
46.449386
41.332317
50.587724
50.257016
67.301069
81.579209
70.338453
87.724888
73.671194
82.482841
70.764980
67.522045
66.871888
66.851692
57.519269
81.927362
64.810315
86.318268
68.951711
79.550331
87.743696
87.981487
85.137979
92.670254
77.737956
94.933559
71.495357
88.962822
83.805334
79.821812
84.054812
80.620049
74.661792
80.191720
69.168993
77.327941
61.197492
65.385069
77.871424
65.325040
78.606520
71.891106
68.271716
82.404549
72.559990
72.537503
70.844768
58.609500
73.035999
53.657831
66.572307
67.250547
69.007783
73.758033
72.320316
60.645548
73.298191
46.292580
61.476869
55.712166
72.650912
70.811600
66.039210
65.002497
66.986513
45.474972
62.140736
42.479810
64.705555
58.367453
49.851702
52.932840
60.199849
67.670839
74.208870
54.308542
73.521721
68.278118
68.456216
77.673038
71.151147
74.945911
65.182449
56.466002
60.409653
49.661301
51.783927
51.253453
30.429028
35.719985
20.533779
27.480260
16.037110
9.810508
16.690824
17.791882
12.066363
24.916362
1.572957
17.908454
1.361947
14.570886
13.818386
12.364819
15.719253
26.242628
18.342429
38.444488
23.443196
40.695190
22.460927
23.403554
20.390169
5.935357
7.445722
21.935741
15.286724
34.914094
26.682712
31.742864
33.455490
28.582689
34.908267
26.390297
19.425979
23.653737
12.252712
16.490271
12.304049
-2.431949
9.697159
-7.459025
3.414461
2.085692
9.140486
12.473457
12.557878
8.362573
10.972301
-9.141428
14.540931
-2.542406
19.357685
19.097406
8.248225
0.936134
2.981853
-13.389001
-2.681646
-24.651294
-4.049237
-15.327571
-10.278911
-5.125429
-1.199912
2.312661
15.319339
3.707209
16.350417
0.751510
10.038585
9.816243
4.467181
14.803741
16.958422
16.658110
20.972289
14.099253
25.080089
18.038867
13.648906
29.590654
19.390402
25.700412
13.802995
16.721913
6.445170
1.433224
-1.161198
6.640231
-11.570822
4.361045
-4.993378
10.438289
10.137435
16.535237
15.847491
22.388464
15.067159
34.503283
23.692786
41.311596
30.344142
42.420770
39.544162
43.949883
38.023964
39.889448
22.838617
34.956207
22.538155
31.709679
29.842542
31.885307
38.070700
41.067856
44.284389
48.730790
41.358542
45.847799
36.895715
40.146362
39.312266
26.504804
33.333963
22.504725
25.599575
23.890456
19.617869
7.455516
16.360691
8.375470
16.101991
-0.856810
15.827495
11.640766
18.281747
20.455704
23.928863
20.117793
40.624221
25.882129
47.059929
29.388609
37.008841
36.933838
38.670910
39.357865
46.143872
32.764439
54.711544
48.056239
63.820596
62.998562
78.376386
92.428012
90.871655
96.004726
104.136832
91.872062
104.124798
90.254649
98.081204
113.486588
107.622405
118.848201
101.158445
103.384345
112.158316
110.141765
115.046174
126.033247
118.810467
128.983046
117.281687
131.313211
127.427081
133.719014
125.559697
124.634908
119.338487
140.261182
130.040168
145.278828
133.997102
147.939675
142.326059
146.443846
135.538390
139.679191
128.942240
141.106503
127.509241
141.180576
136.631385
136.047232
130.755279
122.955045
123.957666
133.972282
125.945446
140.948479
134.084871
135.433223
135.842978
133.700161
131.103577
124.890671
125.234045
131.725324
128.924761
130.355402
132.540063
132.257288
151.591073
139.619569
152.741938
148.378288
158.539516
165.134613
177.109365
169.405861
170.925287
148.681611
165.215469
155.702114
179.886709
170.155158
169.493550
164.014659
178.140688
169.855858
185.932355
179.304104
188.566492
167.861525
173.937348
168.739140
168.215823
167.465114
175.757957
173.094838
188.670949
184.540587
188.380839
184.983736
175.116450
177.949532
169.061634
173.443700
181.416345
188.282584
194.221007
193.879368
188.439513
191.199485
166.737910
164.834709
151.259091
153.745519
158.400694
153.140513
145.148365
155.070734
145.561034
165.191613
145.476776
155.753207
152.012255
160.461689
154.573160
157.139408
149.078061
163.982914
149.645659
170.029414
156.153524
154.052930
153.130884
156.668221
153.628847
153.930728
149.364604
174.571236
166.086587
175.437562
173.354066
171.280125
179.276366
174.390721
167.280641
166.436140
151.940954
153.690851
149.636621
149.916102
159.039023
149.852969
164.207037
145.939213
139.151132
135.017019
138.455381
134.751748
141.090052
126.696756
147.599837
127.259549
131.440438
121.692473
123.736365
113.465245
115.844687
102.770449
110.611160
90.825700
107.129555
94.649265
96.830901
95.160517
98.563508
90.898643
95.508087
77.073894
83.845542
71.085244
79.303590
71.238389
65.811656
71.127749
76.510957
75.894292
80.277243
69.208670
66.781138
57.808588
46.220118
48.961206
30.871940
41.867055
41.992743
46.680441
58.698699
57.967864
56.411903
68.599035
56.081111
74.203056
48.798127
48.852425
34.502769
35.983728
34.838468
34.531092
22.194751
35.144289
8.660367
23.670503
15.710242
22.517910
27.722062
37.231999
37.413211
47.591780
33.429271
54.989033
41.981019
44.537585
39.504219
37.473264
47.737665
50.080158
39.412023
45.614103
35.681929
42.300687
36.856268
29.296673
41.121825
27.978034
36.821453
35.507643
28.835374
24.959317
16.928571
10.699867
19.635838
2.363805
28.555842
29.191661
37.571243
33.770526
31.858533
28.668355
29.432538
2.021768
17.610038
-9.731464
-0.599378
-16.321269
-11.857860
-8.155949
-2.197349
-1.268705
15.539148
3.972049
25.361261
3.654148
7.461237
7.791566
2.969920
-3.755970
-12.820809
-15.836281
6.041346
2.174096
11.200847
2.454214
-8.524883
-2.767183
-18.508801
-6.106716
-4.937236
-6.982116
4.864298
-0.228767
-2.999761
3.578587
-20.268090
-9.900296
-28.427455
-20.860575
-25.684455
-34.173625
-37.603500
-37.351481
-51.050450
-28.230252
-42.081389
-18.293724
-28.914411
-29.498878
-35.706383
-40.525931
-49.707896
-40.063956
-56.700934
-38.086539
-56.028545
-47.577856
-49.126205
-47.440726
-38.539768
-31.316510
-35.568001
-20.498225
-34.193138
-14.431500
-21.475428
-33.658665
-35.189375
-55.402377
-40.489148
-42.592303
-51.184619
-30.685790
-32.086529
-29.469362
-19.893488
-33.766246
-21.116196
-45.767572
-39.153248
-27.826503
-36.136646
-41.718047
-38.211155
-46.207780
-35.456782
-71.115974
-48.191291
-56.266130
-49.750732
-41.663466
-44.286243
-46.278724
-35.733639
-55.415009
-29.621295
-47.090128
-38.037157
-44.138691
-45.647895
-44.522770
-42.168688
-47.831330
-35.247061
-55.349591
-39.379691
-48.882213
-49.217275
-42.393773
-63.573211
-55.945376
-58.326691
-70.105617
-64.305750
-70.295547
-57.066582
-49.472558
-73.507983
-57.737771
-80.279633
-74.927483
-66.612734
-65.447172
-53.854701
-47.095195
-55.778038
-41.304934
-63.410769
-36.783899
-52.277832
-49.332195
-47.967281
-56.756807
-61.480232
-43.206688
-55.936970
-29.104418
-44.991175
-25.931948
-26.279229
-22.712052
-12.650515
-22.271988
-32.781234
-19.646399
-38.096256
-18.644570
-28.241663
-31.856204
-21.517956
-29.473615
-10.035100
-7.170601
-13.670686
9.737871
4.282027
4.155007
2.740002
-10.396275
9.000234
-10.614211
-7.212297
-3.393955
-7.071795
7.890803
8.048915
-0.433245
25.612396
6.681473
31.302046
17.245433
25.411069
32.053696
30.052303
34.750803
50.063201
36.325543
66.462520
42.139523
58.580511
48.396670
48.948754
53.035108
48.493858
40.751548
52.965061
35.936646
55.947614
39.781179
40.473478
54.205605
40.899037
44.327863
28.875606
17.527918
26.546134
6.452335
19.365516
21.215202
19.244587
33.493165
14.088069
14.018591
5.094263
1.510838
7.642402
1.156778
-1.184079
15.690965
-5.750648
21.861036
6.143277
14.272342
22.761842
14.519647
14.776672
21.335209
1.722825
20.292101
-0.099725
20.238692
17.179463
17.792484
18.171699
15.636436
10.924630
15.425410
-10.050528
5.948181
-9.174085
6.278348
9.564516
7.410937
27.158426
33.263899
26.035486
34.557562
22.464858
36.435430
37.137754
25.764806
42.207390
13.063074
22.305637
24.590753
21.855741
33.411406
28.335909
22.754824
38.254082
20.593374
45.080902
33.069008
40.529942
41.223463
39.474447
42.470934
52.899875
47.436469
75.016618
56.158642
78.683236
65.101015
81.630466
85.564356
82.675866
83.382449
93.255447
78.509967
104.811777
86.174574
101.933241
106.321830
98.782131
104.579467
99.039002
93.351167
106.717158
90.372012
87.455700
85.757712
86.068395
93.887089
82.007021
96.029343
98.572131
99.708132
110.342885
102.371154
107.093822
109.848077
83.389003
106.121045
92.226982
109.850331
109.399398
98.599641
97.278867
100.824883
92.806058
114.243466
92.261853
115.535081
105.947599
114.152447
118.335882
113.470843
105.166370
110.386216
99.672989
115.691880
92.444770
100.301664
86.881430
81.550787
89.957955
80.100637
84.827076
98.100096
81.067644
104.639735
103.345152
106.232789
115.234367
101.572654
108.752518
103.161605
103.000522
109.237586
102.364100
115.826234
119.496368
98.124524
115.054884
94.008566
102.357610
96.963925
89.779259
95.858715
100.242995
93.634393
114.530837
98.688696
120.434243
99.439023
92.287788
88.379398
83.013391
79.906603
85.693384
69.792504
99.671135
82.723690
99.305062
84.655187
75.955060
78.103590
75.438962
71.851710
82.005579
64.483480
83.653713
74.220657
79.150297
85.552889
73.459157
83.907195
77.039883
71.191611
78.831152
80.752303
89.910606
86.649139
69.179117
84.271754
61.620465
70.603730
66.494378
69.094594
73.210704
66.331609
55.587814
63.293798
34.388081
48.873878
29.645392
33.121244
29.551924
34.950462
43.987052
56.419772
40.163704
58.700580
33.776496
49.331907
46.025219
40.577141
42.297778
48.166576
54.873534
61.822989
37.753571
57.045234
44.247882
44.669361
41.693373
29.218415
41.846335
41.894114
34.791270
41.888293
30.488004
41.855247
48.229054
41.787541
61.905680
42.627214
51.493452
50.813133
44.721534
48.147092
50.993531
48.597789
69.573000
52.772936
72.140831
55.823216
63.262921
65.770777
69.567659
71.508495
81.596976
67.294711
80.022988
47.679458
53.478873
44.833333
45.313975
50.079057
44.356304
42.315671
59.914979
37.372599
55.876059
44.257410
48.649810
54.021996
50.714566
64.507299
63.455526
63.389131
88.187560
83.190647
91.500412
93.489745
79.488812
95.381209
78.310668
76.384693
64.514218
56.060315
64.917535
66.401445
59.110652
75.429197
60.056237
78.915385
63.755338
69.965397
72.347435
69.779638
63.334383
70.880997
48.557135
66.579567
43.431860
57.748218
50.046368
46.962427
41.014896
39.596407
32.155849
46.142065
24.498019
43.952393
35.380462
35.284710
40.129345
29.121634
39.389174
46.388760
42.055249
59.917712
45.842377
51.068356
48.732519
40.806939
64.484033
59.080278
70.851711
71.088710
56.425272
63.095808
56.551341
44.212180
50.963836
29.015499
49.287944
38.362024
49.504456
53.690316
57.171847
61.246499
74.056448
61.208899
78.857574
45.984661
52.876394
44.763347
44.626871
45.920392
45.523466
32.220810
45.587126
20.451008
36.453477
22.376942
29.898354
31.103816
24.146538
33.325819
34.591653
16.693311
37.755181
23.408028
29.562108
26.347404
18.466899
28.269294
16.888327
14.691518
17.722837
15.015049
31.459738
37.170130
38.712049
61.445091
47.195119
67.578232
54.167348
57.937965
62.340200
58.166046
58.036827
69.627445
58.250586
82.473463
59.635456
74.518615
68.486318
71.480780
77.765622
77.639644
67.680857
86.037618
64.135470
85.479175
67.743610
74.397860
76.915880
75.769142
79.313063
76.293753
66.989809
87.872142
74.735926
91.671539
95.903172
97.622029
119.394322
111.505437
115.001502
121.326545
109.565232
112.003097
99.341120
88.264647
97.104665
82.160795
99.242537
91.263429
102.224298
111.238239
111.967830
111.172210
108.540191
93.772109
110.306397
85.344438
96.933325
82.998362
78.161258
83.036806
79.344031
66.719269
86.654417
73.838846
100.457039
87.080378
94.118798
92.738669
87.516917
83.955777
84.362766
68.372994
78.339509
60.985214
67.359600
60.982121
63.224406
73.310871
59.517951
68.284847
70.543805
64.045212
73.746982
62.614319
57.346666
69.922572
61.042168
75.270777
60.317464
73.585982
71.752338
68.387425
69.839774
74.157458
58.067884
71.230214
50.822740
69.493947
62.791257
65.210821
66.666721
66.861982
61.058816
71.332614
51.446571
70.336789
53.158169
69.184822
71.906535
67.442207
72.432361
65.264641
60.160687
76.632661
57.577268
68.975899
62.910777
65.996026
67.153319
60.968789
59.598693
66.158484
66.965045
76.670308
64.651881
69.177721
70.737200
53.092104
60.754953
43.073112
49.796058
51.757886
44.151643
46.033274
55.831645
49.818482
66.002310
44.902406
64.619419
55.688268
62.805282
61.301902
68.514359
57.240143
62.202258
53.955429
79.098976
63.751774
75.199827
57.120745
55.409460
56.405216
56.257635
45.862252
50.139899
33.523995
41.739036
26.630012
36.578338
39.924723
39.501018
40.768512
30.784762
25.583276
35.607565
26.123742
26.323569
26.683995
23.424701
33.758685
24.894716
25.660948
11.463236
9.027157
10.943383
12.319811
9.658524
24.596761
13.353595
26.328095
9.400791
22.188719
20.446767
12.456257
3.037049
2.561028
-5.057545
11.986103
-7.042603
11.959185
0.244074
4.768547
6.237552
17.334855
21.981150
29.837760
16.795794
24.009693
2.462894
7.731693
9.202901
12.785993
18.290905
6.724394
4.958608
13.958386
-1.070172
3.475970
2.519087
-5.346926
5.546050
0.149223
4.161118
4.129771
9.341561
13.277333
12.909155
13.500364
27.418328
23.143133
34.934223
21.141866
23.183874
9.768667
10.335288
9.678467
19.484929
12.576847
30.568710
15.164710
30.785392
23.357115
26.198964
18.806490
19.657445
18.540000
33.948045
20.078717
41.979951
41.329091
48.023696
34.268414
27.254775
23.200187
14.317496
7.390357
7.902592
-5.570624
3.013890
-6.743980
-16.083377
-6.775235
-12.731869
-7.854758
-14.118556
-16.697375
-8.093695
-14.701572
-18.993290
-12.849344
-18.071759
-3.991675
-19.266128
-14.586536
-6.825447
-2.289398
-3.778606
11.265797
-3.110807
14.017890
-2.435553
14.204443
10.435385
18.140150
16.768988
25.145916
19.519499
29.236536
13.869763
27.572315
20.781197
22.797313
10.880244
0.252732
-6.227417
-5.214346
-22.994699
-14.755159
-30.678538
-28.860926
-28.813064
-31.217754
-28.306114
-42.120947
-40.450373
-41.731971
-47.255144
-43.848458
-44.447938
-47.768041
-35.593182
-47.456587
-27.518463
-42.908328
-41.444069
-41.442356
-43.773216
-46.485667
-33.604597
-54.602918
-45.859964
-63.638372
-40.917926
-44.471684
-44.591453
-39.926893
-29.262737
-38.054543
-13.548526
-32.024632
-6.768490
-15.615318
-1.965242
3.183036
3.725885
5.099233
12.693714
2.519460
19.651839
4.126618
19.498855
22.833288
13.791595
30.916083
29.785112
36.303922
41.094443
30.365433
43.011050
30.216231
26.983488
35.635206
18.334469
31.791281
31.941031
40.415718
42.427747
37.875585
36.687567
41.602631
17.518355
38.463232
18.455346
36.145095
34.878806
40.624244
42.701257
45.555368
41.940236
55.826160
31.577899
49.496454
35.605570
42.183027
39.314806
27.990261
26.150341
25.535316
8.492150
28.636554
9.707227
22.894954
21.091425
15.022070
29.920460
24.608965
31.452508
44.324893
26.724496
34.661530
23.920028
18.472118
39.060297
24.766414
37.683702
29.941569
34.551253
47.991044
35.140754
39.576789
47.100960
34.209406
58.880381
31.146423
43.858164
42.943545
45.710054
47.685511
38.769182
32.513371
57.865496
30.941393
50.680594
33.336170
44.134710
49.646043
41.673648
41.310606
43.169151
31.738916
46.130189
27.000598
42.806000
37.754892
36.733511
44.117092
25.517221
24.946303
28.621827
3.766678
18.763260
9.005049
4.693306
22.879375
7.494224
22.755836
24.898275
29.316147
34.424836
19.093796
19.580067
23.578195
-6.019831
18.845562
-16.856088
4.318358
-5.727242
-9.569901
-4.362100
-1.911624
-2.798810
15.711588
-9.047542
17.768131
0.583358
-4.409550
-2.060556
-7.281559
-1.929071
0.497646
-12.178186
13.966102
-4.087278
9.437645
15.342093
12.264676
15.108108
7.852045
2.918539
14.961234
-4.108353
4.546694
-12.268007
-22.746679
-11.092806
-21.695073
-9.244288
-22.623504
-25.695662
-13.681912
-24.991214
-25.212933
-30.061734
-46.009677
-33.302176
-64.926419
-57.058728
-65.548168
-60.815047
-50.203761
-60.045258
-63.942132
-48.884957
-67.489022
-45.053611
-69.440402
-56.437965
-70.826996
-78.591858
-84.909204
-88.131682
-94.141524
-87.411766
-112.287470
-91.589027
-102.097044
-102.370274
-90.464878
-96.161704
-89.898387
-83.033200
-98.165810
-73.567529
-82.447267
-77.002899
-74.980375
-91.321361
-82.087407
-96.548818
-95.979280
-85.373052
-93.848768
-88.696010
-98.892935
-104.865102
-87.318759
-107.144699
-94.400245
-111.971380
-97.098902
-94.008598
-102.555845
-109.602535
-98.299163
-111.064047
-81.064497
-99.478825
-84.070992
-90.694574
-92.646138
-88.440634
-93.710299
-105.793373
-90.259451
-117.036275
-89.913665
-100.142255
-90.797142
-81.647899
-85.680584
-84.221141
-88.507797
-94.414144
-77.216359
-89.966234
-74.347076
-71.922718
-77.417420
-70.397386
-78.737600
-75.151354
-69.412684
-69.514321
-50.044450
-46.858935
-51.888636
-40.677568
-65.737672
-51.277756
-66.224689
-66.972419
-66.023750
-74.538506
-73.653141
-61.367593
-75.965723
-55.439654
-84.172480
-73.233530
-83.845215
-95.615489
-104.176507
-101.141873
-107.427237
-90.910124
-101.218491
-82.103758
-101.537517
-87.267243
-85.297477
-86.950123
-84.972539
-86.768476
-98.377945
-72.655805
-89.438391
-79.218625
-77.605166
-81.142978
-69.373111
-67.690678
-58.411268
-52.005507
-67.971072
-57.795872
-62.479362
-62.023781
-50.392897
-61.870613
-48.446511
-66.584744
-56.554896
-50.149955
-55.579498
-50.717729
-42.750111
-59.587176
-43.625642
-62.610373
-43.269711
-50.756769
-48.965049
-45.048444
-48.805394
-60.494283
-47.214026
-71.067775
-52.911063
-75.776010
-66.598684
-67.119929
-75.860317
-78.077740
-78.401609
-93.680055
-78.692056
-99.853619
-86.396954
-95.199870
-104.383270
-95.947905
-103.115884
-98.916593
-87.814955
-104.903335
-97.907486
-108.646470
-111.419803
-100.872039
-118.218890
-105.022362
-109.143357
-96.875236
-86.281480
-86.744031
-82.449846
-82.492795
-103.032437
-84.889601
-107.478023
-91.620378
-91.634321
-92.428146
-91.441611
-83.490633
-89.834313
-63.797180
-80.661145
-52.861218
-66.498588
-59.513192
-67.836156
-72.466768
-62.928835
-57.862616
-71.337437
-55.107238
-74.399049
-59.832376
-68.832042
-76.811449
-61.061982
-72.229731
-75.798286
-68.521024
-83.774746
-69.615475
-86.027359
-94.265414
-82.570265
-96.622832
-76.907258
-78.240235
-75.817498
-67.429040
-70.168844
-71.448785
-64.476930
-83.288957
-70.373064
-89.145406
-71.549463
-69.147461
-64.594206
-52.834215
-48.979541
-56.409328
-42.815525
-68.234125
-45.104692
-54.848059
-42.009405
-34.664430
-37.646106
-33.064270
-25.379130
-42.098719
-20.486140
-34.061397
-10.177769
-11.539089
-11.092839
4.230232
3.980387
3.429691
10.586682
-2.778781
20.461401
13.081859
12.645127
22.834339
3.948065
15.087668
7.607009
1.270347
5.032628
-9.436207
-10.406550
-1.814283
-7.975045
13.729859
-5.720584
13.439837
9.282551
5.494821
7.828047
-1.023805
-16.517891
0.212125
-19.172057
-2.091113
-21.843814
-14.422794
-10.448136
-0.869059
-1.865542
6.518353
-3.494842
12.862212
-10.260917
5.650986
-4.620401
-5.226504
-1.265791
-7.729021
-11.030677
1.951564
-12.984186
3.223312
-6.846449
-3.022498
7.353729
-13.714235
-5.413414
-11.648017
-14.473727
-13.200997
-34.059319
-28.298838
-23.434319
-42.555918
-25.925755
-41.625575
-21.605114
-19.157897
-15.393486
-7.242650
-7.585282
-17.589532
-1.204470
-16.743701
5.869790
-2.393030
12.874770
11.147978
3.759526
5.052931
2.809360
-7.172503
5.901541
-15.726774
1.296724
-12.658725
-5.167938
-2.651543
-4.278463
-8.945051
1.089754
-6.567446
14.720716
10.697347
15.377525
13.831334
12.442253
24.931743
10.850903
11.309437
20.767352
19.864394
34.452901
32.888043
25.622737
39.565720
15.446366
21.723254
4.885498
5.488777
5.617496
9.295065
7.345615
16.535073
2.186960
19.926181
-1.277190
7.987365
-0.085760
3.484341
6.009918
9.425259
-4.697481
17.398401
2.048403
16.206007
4.644171
8.806193
6.479280
13.450796
11.151425
5.892838
-10.982098
7.053359
-5.649468
2.633180
-2.424070
-14.810594
-8.671361
-17.539842
-19.676576
-13.432700
-22.682628
-17.701058
-21.989116
-21.843976
-19.332572
-39.231925
-24.557711
-33.303359
-35.604447
-36.222868
-26.162053
-30.208308
-23.010255
-29.553701
-14.695699
-26.664456
-15.695111
-23.220319
-21.034371
-25.190866
-16.914100
-18.715131
-6.001131
-25.600426
-7.873391
-18.023269
-5.354936
-10.538234
-11.425940
-20.106594
-16.123504
-26.507805
-15.778743
-29.661974
-15.678249
-25.037904
-23.677525
-18.203523
-22.186013
-23.242112
-24.964421
-32.846675
-27.656234
-30.037144
-36.694060
-33.590216
-39.589860
-28.748987
-31.564971
-29.949973
-33.323004
-27.891099
-17.201802
-8.780147
-27.192300
-7.453303
-3.207371
15.809952
9.595576
24.520710
26.136159
37.819891
38.584930
51.868360
38.072508
48.492484
34.606049
39.590315
31.722108
33.312473
27.936073
39.365496
30.927520
58.930801
50.852847
62.801484
54.535620
50.159093
44.666908
37.978298
39.915832
47.979811
38.660874
51.057696
52.134190
64.211743
71.112228
54.211524
56.803863
56.658906
57.201410
51.973227
50.066866
57.855341
68.939810
51.337329
74.932248
70.189785
76.769538
68.799245
77.752197
72.645260
79.052299
69.839592
91.014232
71.426610
84.130628
77.306113
72.633199
63.292592
60.917977
53.037686
64.770266
48.893607
67.762593
54.489751
58.114760
46.789384
38.527544
44.232125
40.527598
27.593762
38.033369
22.891921
36.671136
28.932521
26.918669
41.096345
29.563640
40.631547
36.176285
28.548490
39.733346
34.892164
31.449668
43.470267
20.562491
31.860245
17.534891
32.758426
29.120054
13.968753
15.483888
17.668203
13.182758
38.251969
18.885897
35.834082
22.925984
25.013804
30.116465
29.761670
23.958393
35.023399
9.738974
33.938408
17.098743
26.944627
22.174869
22.425278
30.030054
30.084502
26.459601
42.821767
30.059006
54.530367
57.738426
54.864145
67.972355
56.234012
68.086677
65.636325
58.874978
69.012041
57.576796
55.706928
65.454246
48.162147
63.714739
43.510706
46.632984
48.420449
41.661238
53.950064
54.538297
34.805265
49.732452
22.591177
46.279982
28.620976
35.018384
48.044416
46.122297
47.754629
65.015400
37.285799
57.217910
40.554886
54.746365
44.268162
36.886591
46.901019
49.870385
45.807209
67.804499
47.847579
62.597402
57.351947
50.871657
55.988199
43.764457
56.183290
51.512032
43.925017
50.285415
38.599837
42.499211
50.860608
28.586780
40.189273
22.036715
33.060776
35.780370
21.832113
27.934644
30.761818
29.257289
51.890022
30.914500
49.361809
24.432266
25.636256
29.196289
26.888645
32.109839
44.285813
23.030140
45.587404
18.689427
40.143573
37.421234
39.103794
47.350093
38.862380
37.430615
47.159712
20.820808
34.345566
22.297306
18.290710
24.985711
11.499794
20.240602
26.778886
23.969489
40.555690
21.754619
28.636083
35.161370
20.494869
35.645974
23.194882
30.925641
18.876155
3.959588
7.437445
-7.462596
-16.824057
-4.146292
-30.138530
-14.994061
-37.267311
-24.602065
-20.484507
-19.785618
-14.581519
-11.472679
-26.562095
-3.472908
-29.852977
-5.913042
-18.594595
-23.007116
-16.048294
-27.930664
-33.469947
-23.395497
-41.094037
-20.487048
-33.740982
-22.968136
-17.659001
-31.745653
-20.128599
-23.295877
-28.869888
-18.407613
-31.606654
-21.741079
-27.311727
-39.678398
-23.916288
-35.203289
-21.215786
-29.458507
-34.601759
-28.601178
-30.158163
-30.933533
-17.591511
-35.900762
-16.247893
-33.165833
-22.699192
-21.433253
-23.893888
-26.372340
-24.275781
-39.405988
-19.557030
-50.219888
-27.617617
-41.039655
-44.776019
-45.493228
-50.204110
-54.638625
-52.439172
-70.084967
-40.558088
-54.405308
-46.410839
-50.392784
-56.679502
-44.020271
-50.034530
-46.378859
-34.627556
-44.627307
-30.475278
-39.414726
-38.295716
-19.256712
-38.634735
-29.664337
-32.429709
-36.360487
-25.999042
-22.300051
-19.677706
-17.365107
-44.169964
-27.426917
-45.210343
-38.234347
-42.963394
-50.588891
-54.136279
-50.579674
-62.611168
-45.676369
-71.290009
-44.078031
-50.975616
-39.600511
-39.142710
-42.777288
-43.055147
-37.941846
-53.226146
-26.266779
-45.190173
-39.664880
-44.789404
-45.566981
-36.844188
-45.840221
-52.962229
-42.293385
-54.280642
-40.593990
-56.155909
-55.503192
-43.771886
-62.588196
-54.629469
-63.253240
-72.160450
-62.662110
-71.454845
-72.648082
-67.136892
-89.010619
-71.900497
-90.028014
-84.751831
-89.881332
-95.025812
-87.957067
-87.298995
-95.233672
-76.752414
-97.442950
-71.824710
-90.436490
-90.071205
-83.970077
-83.931207
-82.552531
-61.250928
-81.094932
-62.940024
-84.511725
-74.671731
-71.284263
-75.974797
-67.176240
-56.477253
-59.422022
-42.458325
-58.459827
-48.086093
-59.131181
-67.219698
-64.309861
-81.797317
-71.525880
-66.474444
-64.837488
-53.424330
-60.990031
-58.376826
-43.644737
-63.643805
-51.445883
-60.255379
-46.794492
-48.429669
-48.649077
-42.856857
-36.174496
-55.224902
-35.053719
-52.962013
-25.330405
-34.905483
-40.756437
-26.521095
-17.423076
-22.253022
-5.137598
-22.730554
-3.252919
-19.656812
-6.645956
-1.092858
-6.433003
-0.413795
4.862059
-5.128766
8.193542
-12.414627
0.573095
-11.486143
-16.988510
-11.713335
-31.103368
-28.654246
-37.863028
-52.298247
-39.580593
-47.096429
-48.661301
-41.253059
-59.764997
-41.625018
-58.707776
-59.312480
-58.498222
-56.051601
-45.017587
-42.349886
-58.245785
-39.009597
-61.809553
-47.273683
-63.763423
-64.988745
-58.131131
-52.656611
-49.935527
-42.816479
-67.399684
-49.159500
-72.808710
-65.478253
-63.205641
-63.404374
-54.210728
-48.351745
-51.034366
-27.037263
-47.806680
-31.687684
-39.756361
-38.024849
-34.897650
-44.521747
-33.684425
-23.421889
-31.964727
-27.385300
-48.768308
-45.035139
-40.340074
-65.916046
-49.746073
-58.982401
-47.549434
-41.615015
-47.766527
-43.422626
-47.724120
-58.062366
-31.897372
-46.250463
-22.645658
-35.300965
-32.853984
-34.225985
-35.692763
-47.568194
-35.968426
-55.816928
-44.160412
-64.730515
-54.415071
-59.930022
-62.554275
-55.882065
-47.904280
-47.444579
-28.509045
-49.996517
-35.215171
-47.112749
-39.836548
-41.148832
-47.133710
-41.565126
-39.672248
-42.841966
-25.513095
-35.917278
-31.844326
-30.172854
-52.570497
-50.985330
-63.181766
-49.156059
-39.280727
-35.313126
-33.760489
-37.558212
-36.471865
-21.217771
-39.122678
-29.510089
-42.276789
-28.764564
-22.896871
-18.003674
-25.170290
-15.185015
-24.191382
-4.323865
-24.787445
-5.739250
-11.898444
-16.727797
-15.245837
-13.399165
-17.653750
-4.030816
-17.253485
-0.820579
-12.147200
-0.709540
2.367354
4.619541
4.212668
-1.106302
-9.063565
-3.686998
-19.057117
-24.980918
-27.539043
-27.680286
-15.929803
-14.970344
-2.253837
7.615208
9.795164
10.271322
2.833696
-5.346373
7.247141
-8.255171
4.338724
-1.537909
19.368583
25.370842
32.880121
24.646779
22.781151
2.898533
11.960659
-12.594657
-8.527578
-19.726529
-11.035855
-11.167456
-3.355852
-5.704951
8.623354
-2.975620
17.706451
10.103106
15.552868
14.133024
17.558428
20.636634
14.713631
1.823990
-2.141887
-22.084255
-14.494269
-20.931660
-20.509434
-13.936361
-17.127009
-4.654987
-5.632021
-8.305884
-3.335456
-4.767451
-13.260387
-7.381542
-21.970273
-13.871432
-26.002075
-19.726977
-27.036932
-25.299794
-29.236291
-20.401549
-39.827848
-30.325316
-47.154097
-34.912580
-45.850596
-52.786614
-58.199907
-57.869697
-67.587794
-59.986513
-78.299264
-65.884887
-74.130348
-64.622399
-68.265110
-61.319753
-53.691173
-41.918464
-42.294476
-29.734972
-48.842266
-42.153539
-40.237065
-40.937190
-36.135289
-38.928038
-33.223679
-30.221695
-31.592274
-22.392104
-28.013256
-30.022908
-28.896577
-47.540605
-26.914519
-23.223091
-10.332092
-7.871994
-8.040369
-9.412187
6.496455
-4.504260
16.291499
2.737940
18.017741
11.584014
18.827921
26.587520
27.515794
26.180010
48.497535
27.195333
48.922420
33.349882
41.536503
52.622899
45.703299
41.635258
47.147120
37.078739
50.801699
29.856238
39.473213
41.819444
32.641087
36.838080
23.421541
23.559388
35.890180
33.384372
45.121127
33.006810
30.326173
49.165868
29.781741
43.274173
38.972054
46.066730
56.912856
58.631474
59.641189
75.248456
62.062109
85.548988
65.133514
74.246581
72.566539
68.012016
65.152754
54.565208
42.031287
59.131687
34.039844
55.830874
35.086355
39.527060
41.832105
35.324550
37.430006
50.939969
40.747667
66.355986
47.154151
61.753395
62.364915
54.212671
70.310060
66.352764
71.037087
80.150623
70.917976
88.918944
81.398704
85.863117
94.556392
74.186432
79.944175
58.084366
55.317614
62.641819
49.352517
44.439273
51.575431
37.518248
56.780319
35.612880
50.740565
40.625504
40.689653
52.765694
62.548348
58.837335
77.100753
52.681664
65.680441
45.368930
53.880791
53.779597
39.892531
44.421078
48.908585
36.965672
60.717965
31.279426
44.057099
35.358139
31.768637
35.992387
25.102010
31.400247
36.057408
14.289245
29.438810
24.641900
29.600210
43.864759
36.717464
60.898114
54.783782
54.262568
59.888010
41.753061
41.773494
36.716534
22.143198
43.519352
27.223046
38.424513
31.836927
31.002673
37.574782
30.303180
27.082707
45.635499
13.061857
34.382139
12.367248
30.116675
25.981648
16.451455
20.620789
17.142509
6.377566
28.238619
11.496621
29.249826
21.998686
19.729472
20.563450
9.926654
11.906451
21.105527
6.996126
28.565992
7.132101
7.322899
14.951586
6.108732
27.772832
14.565076
16.624178
26.329009
13.272400
18.744707
13.457782
-9.902347
-2.483344
-29.555716
-11.754792
-25.361162
-35.717204
-35.544305
-38.347354
-33.693110
-12.898581
-26.470424
-3.134451
-29.023310
-15.593282
-20.813675
-17.744339
-19.019681
-28.672981
-35.494591
-15.712556
-40.857675
-24.183847
-30.553145
-19.115447
-14.064810
-19.467659
-16.338760
-15.434587
-29.568914
-12.904856
-30.764812
-22.602281
-19.340177
-30.305107
-20.285704
-36.544803
-38.231446
-42.011828
-54.102902
-51.080320
-58.194395
-60.349268
-48.329691
-66.328957
-43.049131
-52.839853
-48.233359
-43.042632
-46.484242
-50.556542
-37.615769
-49.144308
-31.291875
-50.502514
-30.771580
-32.795015
-28.411896
-22.883422
-19.469273
-26.686649
-15.136001
-51.443550
-38.607796
-50.993330
-42.435730
-40.594331
-39.933940
-27.532509
-27.846218
-38.233854
-21.956423
-40.180655
-28.571524
-27.293433
-31.774843
-20.765793
-25.471357
-23.322590
-18.099684
-24.374875
-5.583103
-6.050434
0.865848
16.818783
2.914170
24.456275
14.629665
15.105505
20.530988
17.942709
11.069960
8.320167
-8.758806
20.057238
-4.071409
1.906637
-3.039983
-4.229532
2.778202
13.323224
4.848061
23.089371
-1.886525
19.835426
10.235456
17.770756
20.894223
20.133074
27.906832
28.958767
17.925695
35.494708
17.089793
22.414475
3.733292
-9.557301
-1.369153
-18.646472
-21.352525
-16.480067
-25.156630
-10.745127
-21.480328
-26.737370
-18.585955
-29.813948
-7.363378
-23.330685
-22.370022
-22.360610
-28.794034
-23.137742
-13.654086
-32.730551
-19.201409
-39.699166
-26.046623
-34.719222
-32.410203
-26.094238
-22.184955
-31.614490
-11.081048
-25.043594
-0.693737
-22.560085
-22.390754
-23.882185
-31.231573
-30.637188
-25.392156
-41.167758
-19.974128
-36.923352
-16.561630
-15.713005
-18.227684
-3.246549
-15.017719
-19.283500
-25.821698
-46.172514
-36.772529
-44.256084
-50.832507
-42.428392
-59.846465
-36.720044
-47.239039
-51.519260
-44.341839
-54.305692
-51.179310
-44.787694
-56.966817
-33.195328
-54.087860
-41.510800
-48.685409
-50.802636
-46.609990
-45.333348
-50.822735
-30.935382
-54.775534
-29.481374
-45.883395
-40.496651
-41.412817
-38.517091
-35.696256
-28.592663
-37.399203
-11.215121
-33.333405
-22.262577
-19.388615
-25.377108
-10.822293
-8.954089
-9.915255
-4.029271
-19.565900
-9.366707
-26.965449
-32.639845
-20.240088
-36.218774
-22.178283
-25.587611
-27.968501
-28.577065
-36.206942
-35.456031
-35.596618
-49.626119
-23.280369
-38.170004
-31.271110
-32.470486
-37.564980
-33.356407
-23.135383
-33.238898
-19.830843
-45.538281
-22.783688
-38.582468
-31.261615
-32.378744
-48.976538
-45.843417
-36.948746
-60.141023
-35.723767
-50.130834
-31.029357
-32.891610
-34.005680
-25.951018
-22.575021
-21.211130
-12.988536
-32.933711
-22.181310
-29.078367
-27.582653
-22.086522
-30.448534
-16.029861
-19.560371
-26.139854
-17.017047
-24.268326
-19.535201
-13.230755
-31.361491
-15.341380
-48.507478
-37.534454
-49.190802
-52.236696
-54.570448
-49.240405
-49.871952
-30.719053
-51.679046
-29.596101
-48.586989
-40.245959
-39.395574
-40.870504
-44.743725
-41.590696
-53.576724
-26.571220
-47.365596
-31.846876
-38.905309
-43.569954
-39.674221
-49.340272
-49.935462
-41.079174
-59.980719
-51.654284
-68.127153
-66.442723
-61.830350
-74.900158
-62.400597
-67.027245
-68.333300
-64.927873
-74.959761
-69.782558
-67.091840
-72.122847
-54.934790
-74.883041
-64.012222
-67.126524
-64.125235
-58.514393
-58.155337
-67.291029
-48.346619
-64.057664
-41.119070
-61.237755
-49.484350
-48.677461
-50.645014
-43.065630
-44.027760
-56.593863
-34.199388
-53.746455
-38.011554
-53.482476
-53.204824
-48.329231
-52.618471
-57.968819
-42.305735
-55.396441
-46.056517
-54.393799
-45.309940
-48.660915
-50.055468
-41.457222
-39.407437
-33.588738
-27.398140
-27.860610
-16.693440
-15.400008
-24.871487
-16.746581
-36.490788
-29.759038
-40.135759
-36.441693
-36.766082
-40.554338
-36.344513
-21.836575
-28.422593
-7.415360
-18.123322
7.043980
5.972895
6.243018
-2.390136
-10.222122
-24.022543
-6.770364
-21.335719
6.383576
-2.528179
0.064642
1.020676
12.163841
15.363949
17.444703
7.614226
25.483884
13.397626
23.641982
31.132320
25.427670
36.282741
37.001093
45.159582
52.945632
49.537623
59.221257
60.081375
60.231831
67.469878
62.459015
77.911139
70.189466
76.037723
71.568204
64.060024
56.849304
61.020096
50.333469
59.500416
37.558624
47.959969
38.002719
42.437134
43.601263
52.978287
43.862155
59.862879
43.262083
54.220683
45.029405
54.908709
54.483837
62.640617
55.879106
59.014050
49.793184
63.542808
50.510259
63.794296
57.475405
58.190492
63.902628
53.049466
54.152022
65.958691
57.286591
62.601308
55.701299
45.686546
48.546653
35.240236
42.794367
32.772764
34.801531
30.013290
25.958696
23.291568
35.970289
23.198766
32.337471
16.454053
28.551233
17.604182
14.949591
11.661566
15.118978
5.389660
23.221923
7.998997
30.800344
19.989377
31.721596
32.776727
31.011144
33.156576
37.056252
30.587953
51.455419
30.630938
36.945219
30.533004
23.551196
33.828128
30.643737
26.953306
36.058781
25.745378
31.286764
26.103861
20.755099
25.934361
24.029874
45.085399
46.766480
52.824974
55.099284
54.690652
59.002646
67.795952
55.237193
72.743465
54.670913
63.785183
59.913312
58.013499
59.319204
72.117746
61.848627
84.869845
66.818211
71.416235
51.061200
53.041968
51.247600
52.244179
48.603330
55.094505
36.614763
59.392260
36.034942
45.383036
43.216562
39.383722
45.282044
45.519118
41.064617
49.018430
33.468091
50.340908
55.515811
55.583719
70.021693
50.636606
51.545914
50.398768
43.454844
48.035216
37.226376
34.160539
38.172339
17.961368
33.647771
22.869231
29.667284
31.376537
30.151301
33.482669
29.432961
10.986024
26.171902
0.645897
9.647565
-9.486584
-6.147740
-1.105817
0.508766
-1.071349
12.113354
-2.467405
24.506108
13.355150
25.307851
23.222935
18.165516
29.218542
27.390155
11.258981
20.271941
5.443444
26.974106
18.929592
12.336631
21.586479
4.062892
10.652236
10.485720
6.774520
21.971338
9.139165
3.836969
10.595507
-9.258581
10.471882
-4.559716
11.419330
17.167081
18.556613
31.395272
36.021073
22.281852
40.098090
13.538061
38.312226
34.165259
40.667408
41.981222
33.884272
30.366767
37.896933
13.394676
32.854759
12.431778
24.101300
16.816691
10.899097
16.906533
16.186348
6.099175
23.128086
6.292914
33.083816
22.394845
12.584988
21.073636
8.398101
15.706093
20.129756
16.131052
37.424860
28.152025
25.227236
28.517799
19.076036
37.464743
19.836827
30.457147
33.987336
26.043261
32.958854
28.348205
13.525975
31.684509
11.417503
31.274829
15.820033
25.759464
28.692887
29.249881
35.814267
50.934854
45.014723
75.118839
55.035175
68.653236
58.067625
60.934812
69.779955
61.723465
53.527364
72.989828
57.905093
82.569270
73.804959
73.757957
88.746784
76.581483
87.140450
79.318932
75.924911
83.562535
67.633686
72.423242
72.329078
60.833290
79.794356
59.639950
63.688213
62.250839
48.247340
58.014944
51.246993
45.225933
66.571117
41.577952
63.693284
49.808192
55.060501
58.079786
57.277138
61.372668
67.887671
45.983460
64.747667
39.098928
58.602282
49.037896
49.534846
44.898518
33.277066
28.734725
39.411731
15.532590
29.556178
17.509370
32.838539
33.971649
24.329021
32.354687
22.678578
20.834928
30.761406
15.552091
26.869406
20.957667
6.597022
24.481906
3.495926
9.421589
8.382938
10.741086
17.960514
6.326359
9.762072
21.606658
0.065988
25.027487
6.740554
16.081724
22.414358
26.601440
30.911438
32.897630
16.645456
29.664429
5.147798
18.120882
3.834339
5.047643
11.416937
8.605732
8.683907
23.632788
6.740275
27.104223
7.145146
6.774874
0.210496
-12.377415
-5.043548
-12.036234
-15.268423
-3.525596
-14.153954
-7.465827
-13.840181
-14.968672
-3.530905
-17.981060
-7.123040
-10.284246
-14.454599
-6.197660
-8.519750
-9.197019
3.398594
-12.846198
8.811109
-7.219449
2.355941
9.073211
4.733275
10.618683
19.709250
10.267283
28.402916
1.410621
21.691507
16.417857
25.760129
24.007627
22.268165
17.749878
24.603419
7.401936
33.451853
14.870561
27.809857
19.929731
14.125562
23.741173
21.272988
23.191739
34.995921
27.335854
38.448920
29.391237
26.274598
32.366996
15.091284
19.990063
19.321794
15.996384
22.806311
18.713528
22.376537
28.991202
13.135594
32.470989
12.440170
22.862372
17.834145
5.016296
3.849039
8.119005
-7.824716
14.177494
-1.057266
20.088175
6.659936
16.011942
26.848793
29.044511
31.619445
49.073579
32.144489
53.623087
32.094482
42.119235
33.934035
23.953154
34.194673
33.198386
23.010783
40.806160
21.645660
27.397499
23.178628
23.594129
34.715329
32.042087
46.063877
45.772468
36.445734
43.126533
39.647979
38.067492
42.412621
25.843163
39.606912
29.412313
36.007690
40.715939
28.923751
27.543839
27.310420
8.952617
40.344653
24.068723
38.440366
27.569991
26.875919
31.708688
31.335969
23.332047
28.033601
5.022873
32.965718
17.263542
28.026692
24.150137
22.363853
23.372816
19.820028
8.736190
21.419356
7.278654
23.335076
18.018235
16.003729
25.775579
15.055306
15.818674
14.089857
4.664935
17.224763
8.213025
11.712517
20.487232
2.031694
17.426620
6.125109
11.639049
5.450346
-0.132862
4.329676
5.595617
-5.261685
16.271772
-4.864587
11.165016
2.725481
5.371042
6.393385
1.401743
-8.514240
8.019056
-4.417973
20.350805
3.915836
12.330410
9.593601
4.272970
-0.986517
-0.318982
-15.093578
-1.865605
-24.272268
-7.941586
-23.689981
-28.352667
-17.052629
-28.585591
-20.708915
-15.567036
-23.286779
-4.390341
-16.351139
-7.195322
-0.577122
-16.900711
-2.771758
-14.658427
-7.725223
-6.584972
-12.487668
-3.173292
-6.139140
-21.251195
0.296334
-19.077349
5.867613
-12.868770
-15.941256
-16.213462
-12.954583
-7.202586
4.143222
-16.372776
12.137168
-0.921672
12.464742
8.149352
2.310231
14.710620
24.302128
19.154921
40.760976
23.146493
40.976634
28.468682
30.974395
48.253606
36.407634
33.911742
40.820595
37.199085
56.391686
49.316037
55.891631
62.285394
49.697833
68.175963
55.400094
61.465865
64.169342
61.164351
64.203971
63.465708
57.599703
74.067437
59.439145
77.049366
73.052156
70.786157
69.810708
68.334156
55.552959
61.545529
42.907818
58.815481
31.571602
51.067983
52.445589
54.227316
61.500539
70.993004
63.905811
77.714917
53.677432
64.889689
45.017950
47.289578
50.234057
41.354368
47.032320
48.019309
30.595608
46.359891
35.242867
40.778425
47.656855
38.671098
46.722189
32.279148
37.734414
36.140367
24.738661
31.460076
26.413161
17.963885
31.555704
11.146532
31.777386
23.686013
31.697503
33.872643
31.365953
29.238393
37.187841
24.200794
42.985312
25.620916
44.659926
33.790333
45.707911
49.873284
52.796220
46.314947
55.622910
42.076915
54.565582
30.099385
27.824456
11.637863
9.015762
19.673216
19.307418
17.427011
37.541787
33.320219
48.115411
49.115558
49.232595
53.638030
38.964180
43.829357
43.474994
43.819805
55.681819
52.456001
48.691396
63.349524
44.195450
62.548161
53.791800
66.688969
66.253140
68.940083
67.611934
75.683103
59.047293
78.175295
53.573124
67.042722
58.701864
68.650317
69.934958
78.295201
77.661417
84.819291
76.538741
96.979237
89.165878
96.582584
84.377449
84.500110
86.809094
87.252988
78.107394
83.371314
69.847335
76.127982
69.216587
68.246151
73.486305
62.846945
61.241234
59.313573
56.106900
49.449430
49.641225
52.018148
53.224570
47.520123
56.701437
42.230959
54.166838
47.604119
51.334841
50.790410
52.154954
46.288702
62.405125
46.855678
64.758912
45.068562
50.413224
38.811460
40.416210
32.008226
46.570729
41.583188
58.243617
51.221547
60.522853
55.523790
65.087697
72.930200
73.606178
68.302816
78.961316
66.903796
79.324126
74.870881
77.713942
81.850238
77.531959
83.913831
86.776121
81.546029
79.471711
69.025239
66.057791
60.019165
46.898981
58.026630
48.785891
51.652547
45.463037
40.589209
32.590677
31.878130
28.816885
42.585329
27.532216
52.346668
44.983800
49.800397
45.829127
48.806094
45.899494
55.383164
41.270690
64.440194
57.253066
73.449675
62.185151
65.694062
70.978530
71.719732
66.920764
86.316382
73.252642
86.408425
78.947628
79.895686
79.875794
77.759780
87.205616
94.464501
90.498912
106.331146
99.242353
89.774844
88.675025
78.091936
82.691898
68.004765
72.820809
62.439393
65.768277
77.363948
83.838521
69.443681
78.813330
56.168502
63.684492
58.482271
60.322347
55.315954
55.273030
40.944761
49.769833
35.515643
51.455422
28.978842
48.710227
43.939173
45.394883
50.223388
59.410250
43.197984
50.906236
36.209448
44.173136
40.489415
41.357741
44.950628
32.192307
36.678307
40.387130
18.646543
26.003988
18.853381
19.316763
31.420537
16.615410
24.727623
15.754057
14.154836
15.474198
14.307818
24.653366
31.982348
23.689265
43.200712
21.480228
31.526912
18.843304
18.658034
23.297421
27.900722
26.439146
40.305559
14.209811
47.280351
35.637046
58.455230
58.535134
57.761229
59.878525
62.468275
54.571688
72.552773
58.738526
74.341582
66.126255
64.360696
74.464804
65.956432
63.533742
74.071684
68.096960
85.930597
68.426558
74.987849
81.054433
72.499596
84.718893
74.773450
78.588478
83.634262
72.708107
77.569106
86.136027
78.777570
101.366943
80.909907
92.804228
84.663272
83.744538
94.675536
92.604321
91.753986
103.307375
78.206387
98.986324
77.864830
87.199402
84.869803
85.173220
76.445632
78.523940
71.718962
89.865359
72.646251
91.121715
80.133208
76.568150
79.459658
66.078597
62.131496
62.494183
48.265603
69.582969
51.805791
58.616496
63.154725
48.897285
61.239480
56.320289
59.617148
66.690916
53.109287
60.359890
56.603636
45.978299
68.393284
44.995282
60.934370
49.012596
50.174341
54.270307
43.647851
40.423567
51.890025
31.751584
59.830585
44.171770
62.648269
66.400913
62.967118
67.961345
73.940176
57.501637
70.689144
45.897536
68.987982
51.965568
56.994629
68.621100
66.723454
72.877688
87.212706
73.261131
83.528710
61.665968
66.178109
66.592050
54.116251
60.752263
48.909212
48.017879
55.513977
41.694301
48.453289
36.467877
24.451523
40.908654
18.603960
36.522976
30.619384
36.980397
44.965244
37.503636
30.737998
37.667245
21.695892
42.128239
26.596480
46.255835
46.822886
48.935642
43.543885
44.051673
34.516535
50.790180
27.480999
46.451268
22.970283
19.500121
18.184590
12.743253
21.081154
25.331032
14.499023
34.288260
15.717557
32.141276
35.707593
24.826586
33.044043
20.729020
17.194859
30.361806
16.505337
29.962529
13.774475
7.045595
17.684415
-4.604953
16.001958
0.785973
3.461511
10.454886
8.487927
12.934955
32.188711
27.490503
51.579970
23.959357
40.244496
39.018802
46.434019
59.697314
57.900887
39.435066
56.289806
38.820278
63.965187
49.052417
58.231230
55.553797
53.878750
65.563902
77.429497
71.306550
92.404960
76.981689
101.824907
101.043820
96.793941
110.823143
102.851177
111.258733
118.772850
110.574348
129.737909
123.826815
129.014642
141.096572
129.938523
145.578108
127.204172
132.702377
140.605353
136.886150
137.751708
132.488395
120.766148
140.002638
118.110169
139.089544
128.816189
126.356144
128.799450
120.499689
115.770262
132.403223
112.719202
129.422828
108.182509
127.359625
125.534641
117.268482
111.888228
111.135583
95.800616
114.988833
104.878671
128.939720
115.078315
102.499256
111.951758
105.517268
112.862123
116.938323
105.992230
116.927444
103.306276
103.160801
111.260767
101.414564
117.114126
107.966526
116.791972
120.968500
114.588995
120.633312
119.865428
110.247868
123.010868
98.596157
117.233837
113.563021
117.309141
118.825656
116.136498
111.210036
120.584276
101.173247
129.583680
109.759542
118.050601
105.912216
98.102354
101.707980
106.973175
99.505988
112.475606
92.274148
108.276616
105.560445
114.269933
109.415227
96.674618
98.307435
103.387607
93.725170
105.898962
93.943756
105.893476
113.591940
112.689951
139.055954
133.620477
132.462100
139.376130
134.518904
135.658085
126.697391
117.111937
134.641751
118.103896
135.132539
120.347495
123.077362
127.607767
121.415286
121.446166
133.758526
114.775478
133.733328
114.115819
129.313353
125.425581
130.797861
131.541610
131.537036
115.307118
128.498933
105.163520
118.696770
100.664427
101.572566
99.204178
87.051823
86.391997
87.570860
79.576343
96.722067
82.239724
85.342956
86.308239
78.527316
93.674495
83.864597
81.125349
89.349015
88.088044
91.748406
92.340856
87.057901
98.570076
76.192192
89.680881
83.682747
80.654232
68.753495
66.759053
66.759829
79.679574
65.114564
84.854437
66.259600
74.070829
67.866545
63.584511
60.410269
57.470540
42.500937
56.820527
34.760653
45.905859
30.333474
32.033159
33.610590
34.870685
34.742175
45.327089
25.558517
37.007307
18.939664
21.191554
18.909176
4.798155
10.706584
4.528730
2.483812
3.201707
-11.800542
1.297760
-1.182513
-12.471180
-2.326167
-25.728017
-10.142625
-16.902069
-17.921786
-12.748774
-17.709464
-18.147523
-6.782006
-20.888121
10.161461
-3.117303
8.880698
6.346522
3.761600
2.670067
6.985314
3.814036
27.666010
3.559210
30.979609
27.626250
35.983851
39.248919
31.224363
30.472601
33.512672
9.495974
24.881879
9.043587
17.126584
21.655608
12.464007
25.230306
22.621717
26.727498
31.784987
13.198014
23.129537
21.488546
18.368093
30.752140
20.514607
44.108440
42.642465
43.369721
50.541330
47.606062
44.630837
56.272129
31.446569
57.315238
37.141447
41.007306
41.724442
43.490177
55.535230
62.290719
56.036455
72.051851
34.329500
49.694023
33.050620
35.167310
31.735198
26.566982
27.581506
36.865038
31.994226
61.390675
50.280796
60.794717
51.026495
36.001190
42.009537
29.413389
23.532885
19.076356
-4.701317
7.659584
7.921205
3.137906
14.022397
-6.310919
2.417278
0.268685
4.823966
4.565706
-5.415013
-6.959894
-3.123157
-18.941305
6.135163
-7.802915
15.125350
18.974838
15.670435
17.973888
22.859505
5.348512
15.350069
-12.649346
6.469394
-5.204218
-9.006258
-7.622942
-3.368849
-3.941799
10.092754
-2.606686
19.403175
8.382223
24.458636
20.789076
11.199457
18.875816
11.220304
3.622079
14.528187
0.041867
17.827606
14.867552
4.893755
10.042383
3.821880
22.054931
26.679069
25.747323
32.174187
24.005365
23.683156
34.910592
29.965505
53.946453
44.282008
65.545544
70.749647
70.748207
75.844357
83.830535
77.285163
96.707068
72.723122
81.546027
62.079774
64.177946
61.186097
57.571457
59.277740
66.886894
50.888310
70.182524
43.805722
50.871569
42.622930
45.779537
52.690281
52.284628
49.506472
51.557460
38.803564
46.921782
44.473234
47.809715
53.518660
46.233503
58.574347
51.414377
57.041473
59.843077
45.952149
44.179367
55.161233
46.006307
64.004455
41.267838
55.110205
55.600855
56.460577
60.975021
70.293066
65.537953
80.230270
65.773333
88.591880
75.462792
93.431499
101.062754
111.417651
115.163351
115.417884
97.802565
106.919279
86.400123
105.737840
96.167404
94.843503
100.818939
103.759132
105.221654
121.039844
109.164520
118.060262
108.398913
115.140070
115.992371
106.632055
111.642482
104.806500
106.526978
111.630069
105.344552
117.488844
117.492174
109.102526
113.855661
98.017942
104.442262
83.212929
85.850741
83.395411
79.691422
70.770761
79.926947
62.717957
83.633192
67.648618
78.485697
79.513464
88.608401
95.755424
107.783284
101.141314
115.483889
93.964864
108.525468
91.493947
90.589836
90.698050
89.703319
85.410775
94.012841
79.589785
95.547382
92.158683
98.225238
89.978008
98.321935
109.986306
102.865902
110.126929
110.302542
106.283682
119.544934
123.913557
125.868352
133.223224
114.564838
118.322985
114.685808
122.465929
114.770783
110.222971
105.822912
106.905198
89.246178
104.818779
88.984939
104.446261
99.200561
98.838025
96.669462
101.882920
91.492854
100.256528
80.063158
96.991950
93.736503
105.689743
96.209918
96.851954
94.664246
95.701576
80.350018
93.380789
85.393310
101.153770
93.971299
81.508417
83.438661
79.953209
80.472614
84.431650
87.959040
99.900596
96.158305
92.033792
101.976986
96.417749
109.736742
102.367839
101.756103
100.976819
104.301620
107.049067
113.092830
100.203130
116.538642
98.530360
106.760746
103.496214
112.625547
120.469619
133.036716
125.872389
141.929845
125.033440
136.358547
124.629379
130.726481
118.594935
115.233615
104.662407
114.537334
110.688507
129.819609
121.697266
131.721161
127.194986
125.943892
126.733623
123.114255
124.251851
135.377207
120.746293
126.613997
114.866326
104.673772
121.630250
112.536532
125.408508
121.743435
125.003929
130.166552
128.257727
120.446210
125.431919
104.122243
122.243577
105.017955
112.099877
104.599365
107.750249
109.558231
117.909421
107.104424
114.814338
93.164179
106.475347
103.444068
111.369977
112.142437
119.340681
110.138838
120.221993
109.971676
123.846807
108.649842
123.590621
116.643067
112.098934
114.234850
121.432782
125.492426
133.972348
120.789876
128.437553
123.485822
121.319865
131.321142
122.243459
135.646465
131.941370
120.902745
123.414692
129.426529
126.320812
131.939097
118.729177
132.661873
108.897773
110.616769
103.203795
102.611823
103.215271
105.673121
91.947651
115.461928
99.937737
120.644793
108.851289
111.973618
115.295523
114.827655
103.549160
107.019498
92.025834
109.217031
94.782950
110.224384
108.376046
108.988105
127.232578
135.211222
132.105618
141.908613
122.462294
137.683006
131.099820
119.382476
113.651849
98.460899
110.639125
98.970215
97.839555
113.095511
111.102695
123.136866
130.245570
109.075327
126.426473
114.029076
129.851371
128.209857
124.061440
129.085377
132.075421
113.492674
128.235896
108.976177
128.058594
110.691205
112.028602
115.119964
108.356025
94.117106
102.093711
87.774836
115.577686
96.552201
104.452856
101.867093
92.094839
87.067718
74.928140
70.448759
81.351354
50.543677
57.395779
44.340597
35.917822
35.078523
25.444645
38.906208
25.091592
20.420426
37.507904
30.169015
36.044121
43.965596
31.475736
50.019240
31.537066
43.033085
43.328658
41.930575
46.469933
47.538920
36.204676
57.338411
44.202382
68.584416
55.791348
63.086878
68.255563
69.825245
68.710659
81.716898
68.101617
98.687567
86.135642
102.355322
90.768010
88.671412
100.016689
102.869898
100.359273
113.910507
96.623604
108.969306
93.686370
98.230168
110.016711
94.749283
102.647837
97.949367
85.232574
97.058682
80.211732
90.454980
111.757713
107.273082
124.940712
113.718456
119.641182
111.658995
103.632469
100.383015
90.473563
76.053439
103.811983
84.462431
97.609056
82.359227
90.815248
96.909024
93.676412
99.745145
113.593540
91.791044
118.707482
95.055876
108.370723
100.200853
96.669128
102.309047
101.157089
99.063506
118.572558
107.281131
136.789307
132.142817
143.712180
151.381339
141.228993
141.769575
131.008910
126.168151
139.021332
127.437120
148.322416
158.065378
152.002062
171.643439
156.801629
169.039065
163.730675
146.574434
150.107089
145.757820
134.321295
144.435480
125.389926
152.906079
139.689423
151.394257
151.631518
146.523866
144.535778
152.913581
132.565529
151.985445
123.466051
133.203878
134.145627
139.352085
142.983838
132.341539
124.752711
127.559082
102.945623
134.318867
124.124454
133.738680
135.512645
122.756260
123.467747
119.577045
117.151574
121.303857
108.696838
125.880334
120.125886
114.450196
135.506873
124.299026
133.479222
124.732545
111.829031
120.196853
107.701542
102.155882
108.489245
86.939888
110.438846
98.396207
107.909284
102.749546
93.999979
92.568744
98.297070
82.896842
98.202996
68.768994
80.971166
62.461330
67.779853
72.799648
63.128328
67.645776
92.571503
73.167919
90.199018
78.125637
84.329051
89.787568
82.712950
89.491322
93.024587
93.757154
107.866942
88.834478
101.235096
97.745946
91.634124
100.731545
85.045250
100.629099
93.783789
77.514654
88.905124
84.379898
87.055204
98.542480
85.324356
106.229461
88.510392
102.591508
102.653733
99.412363
107.293387
109.660077
105.437302
131.360177
102.612920
124.073154
108.815497
112.008426
116.090671
123.861278
126.310633
139.841057
127.118163
153.235365
134.625060
144.638139
141.422440
130.900801
139.115174
133.156608
120.942458
125.812870
105.861269
116.011959
109.593493
106.941018
103.115507
82.910451
87.459202
79.856142
76.846168
78.944932
72.607641
75.134132
80.385486
65.875216
91.617815
76.620084
87.925231
79.594922
74.824969
82.012644
85.054052
78.486966
93.349297
63.221667
78.400087
65.682995
71.426636
73.010361
75.551986
79.171801
88.491911
71.145481
96.280337
76.954251
94.767704
91.593318
90.305986
95.126221
93.415958
97.072595
110.849454
95.611327
107.259935
94.508598
96.638979
106.286165
89.002067
99.413258
96.298186
96.362005
104.079350
91.745326
98.445763
108.680340
94.800556
114.780964
100.530368
112.894282
110.622923
113.743561
120.849023
123.955788
119.997512
134.401037
112.704679
137.579773
122.732546
127.731258
128.189421
121.567474
115.098509
121.496558
106.854809
127.703602
103.915627
115.282104
106.322879
106.118653
114.875816
112.302603
105.454387
114.131784
101.467791
129.582009
118.726573
117.469075
125.353738
117.905903
132.417179
123.430451
115.623927
125.073476
112.072198
111.073250
110.151318
102.561721
123.769882
105.609257
118.744148
118.340001
115.682136
115.002167
111.225547
104.206996
113.458310
97.795529
129.127412
119.132700
118.432461
122.652157
125.199365
120.509646
131.582659
114.910320
125.837232
100.744441
111.034244
103.032049
103.784520
107.437994
98.442925
85.711876
98.210889
78.093731
84.166906
61.132672
64.563448
70.446222
59.528385
65.170401
53.056263
39.695408
47.747635
33.478392
46.020060
50.267191
39.949278
57.779419
43.926675
46.329201
43.321111
43.357493
49.674182
46.672993
39.802282
58.207388
29.684913
50.429048
35.378167
35.172990
37.228988
38.036429
42.350106
50.835035
24.755859
44.423142
22.650669
44.374176
36.900414
34.748098
30.946347
20.472053
12.509236
27.214543
18.606556
41.185520
26.481220
31.262239
30.407105
23.230240
31.533630
29.464121
21.007019
35.777065
34.103897
43.918090
42.925591
31.627309
40.547158
19.143291
21.715811
19.314882
5.165799
9.255942
6.858326
1.282719
27.230411
24.605150
51.508921
30.894110
30.239513
23.844167
16.636202
15.912158
20.656313
3.387124
24.354350
-1.993094
13.052328
3.411374
-0.797769
9.640625
17.409408
13.344694
33.783510
19.445652
36.734606
24.524158
37.379649
43.746778
41.364941
57.556420
64.384583
52.606954
59.089519
46.145744
57.229820
49.877756
36.729872
50.182836
34.603848
44.545748
42.109759
27.861000
28.347778
12.097955
8.638770
26.673332
10.959124
29.627362
21.876247
25.236502
26.380017
30.332570
36.871247
44.732877
27.068730
50.644569
39.251680
58.476884
43.828162
42.716473
41.835468
42.217011
39.116697
57.332284
33.483744
49.646434
28.128886
29.986075
31.463362
20.873838
25.717873
32.809830
16.749572
30.538398
14.627591
27.484922
28.796809
18.015465
26.697111
19.253297
28.036801
32.226992
34.294119
49.343123
47.101737
43.390760
49.964581
33.061712
53.021533
35.885747
40.292444
43.016617
31.156345
34.589933
45.935227
32.337758
56.983914
39.618332
54.159805
39.094501
40.042307
45.120926
42.717659
26.672931
46.724168
36.360347
59.100159
43.003442
55.517206
56.404652
54.405532
68.605252
68.809581
60.823372
90.777625
73.969844
78.646438
78.091869
80.355066
97.151225
88.027688
85.303561
82.456176
67.035473
77.983767
66.151662
60.954977
71.219157
54.871223
76.063883
64.554185
67.899284
65.560167
59.149630
60.612235
68.565117
43.542453
58.538621
28.011914
38.253965
24.764287
15.859704
19.462823
12.693452
1.543786
20.067771
8.034385
33.760756
17.714975
36.132217
36.908787
32.010930
33.586148
27.874848
19.839320
36.982878
17.734876
26.699532
15.495149
20.042790
26.807753
12.597248
25.051606
31.691023
32.561832
51.575566
50.037623
53.767629
60.684765
41.835236
49.993167
39.259106
45.749253
54.836451
46.481733
38.690254
36.619595
22.164834
38.370122
17.613751
39.336362
30.051673
36.470978
48.410979
54.459669
58.246755
71.721986
52.591734
75.723706
56.839726
63.148663
47.843363
41.943473
46.033418
50.738075
54.143349
79.075576
70.784021
77.800968
64.553471
68.964944
65.530106
48.252458
43.671269
36.375881
27.003830
26.017425
13.267881
12.554332
14.838158
-0.763796
16.195182
8.419351
18.738475
19.763761
20.457501
19.540514
20.680058
15.659327
22.886098
0.711404
11.429044
-8.559678
-14.187215
-22.768373
-16.100244
-25.028244
-20.842142
-31.774440
-11.745531
-21.782715
-4.738441
-6.969108
2.100416
5.295618
6.262444
1.857804
10.121027
-7.639501
0.926827
-22.270109
-18.580789
-12.543747
-5.486061
3.728600
11.273637
8.561280
19.670035
18.305517
23.446587
26.455972
25.335359
37.704049
31.795477
36.869034
24.582543
22.675134
26.567466
27.209602
28.092296
43.687241
34.671043
56.448400
40.008113
43.297449
35.340201
37.987990
29.030562
32.847563
12.778651
19.801929
2.902707
14.217154
-5.560649
-4.282211
-13.513207
-12.573699
-24.686083
-14.310142
-26.522788
-12.278552
-25.786703
-19.033812
-17.954369
-28.596895
-28.972924
-22.212343
-26.174014
-15.669988
-22.110384
-11.179773
-18.427212
-21.467405
-14.971457
-23.232985
-16.762931
-13.452388
-3.966402
0.127291
5.331340
-1.523592
1.328481
-10.831983
4.434398
-6.691720
1.138671
-4.894848
-5.443846
-7.294374
0.913902
-7.905278
7.047094
-11.258864
0.447687
-11.181853
-0.212495
-2.650158
0.327475
0.204413
8.178582
-8.931267
-2.136550
-16.981370
-9.314794
-15.567604
-15.607021
-1.771924
11.129921
0.586463
7.587939
-5.170737
0.720925
-6.873812
-6.246939
6.481950
3.728416
2.583394
1.396263
5.912899
9.535114
0.790264
-1.530633
-0.756718
-23.589630
-11.689034
-25.313334
-21.502316
-18.151673
-7.742076
-4.874006
9.680382
-1.355262
20.093506
4.104440
7.295053
-7.281614
-0.365811
-4.060965
-3.738591
-14.393126
-8.717577
-33.673619
-7.403133
-16.125105
-6.635596
-3.944577
1.118399
9.449400
18.434806
-0.068333
2.260403
-19.162757
-16.676156
-29.111748
-34.979498
-35.267514
-46.175400
-46.245912
-48.369669
-58.616825
-47.496882
-43.848473
-50.260980
-48.322272
-66.082869
-58.821054
-70.741046
-63.927729
-65.805042
-70.389855
-75.239297
-68.984883
-82.113411
-56.849499
-68.340049
-51.163197
-57.253416
-55.062218
-54.222622
-48.476179
-56.230580
-46.157015
-68.333949
-55.574465
-69.640083
-48.150015
-38.114620
-32.181133
-22.482405
-16.625546
-25.213243
-2.492160
-12.903795
1.827995
-5.273650
-11.140375
-4.128558
-12.139349
-11.356950
-14.479777
-26.009415
-17.040839
-20.517570
-16.691323
-3.096673
-19.518710
-2.681185
-10.967730
-11.190119
-12.369604
-13.445692
-5.458160
7.202980
-12.689892
5.863800
-7.196332
5.700326
2.371177
-0.022928
1.973248
9.371400
8.656157
24.762685
-4.632005
19.471741
10.435202
19.816466
24.273687
30.432047
39.866160
40.275732
26.290081
41.285112
11.366542
23.195371
19.918186
19.251526
28.198178
22.422163
27.646783
41.628238
31.769984
45.241786
35.813873
36.060528
46.495842
29.244129
43.124804
27.763873
24.037389
24.849988
17.592741
21.209408
23.497065
11.347046
32.830737
15.400652
31.226484
23.847868
24.363872
27.130363
29.903756
23.782885
33.884755
11.602192
35.894344
23.331971
38.628114
43.605501
51.414290
62.168851
75.457729
73.909270
95.931704
78.429419
87.339036
72.615303
71.990056
75.018551
65.550907
55.157998
59.875783
47.819729
72.145724
62.039489
63.447400
79.355775
67.397126
78.968641
69.497862
71.524702
80.430344
67.727883
68.269183
76.189154
73.550677
103.121566
81.010370
94.878048
90.924798
96.124509
104.958371
108.378057
105.280578
120.138521
103.934954
124.237151
103.863494
115.072840
116.306572
112.408361
114.638237
110.403251
92.907960
105.098614
82.736054
101.861815
80.135991
73.734305
84.697657
84.258662
87.531081
89.690747
77.661566
96.846412
89.911402
96.386901
96.172458
79.144367
87.167386
78.046871
78.471019
85.616737
81.495330
90.215823
96.850450
91.622516
109.958486
92.540877
116.464570
115.331405
117.639881
126.273674
120.848377
118.123122
130.846261
102.759099
121.502619
97.039433
109.142081
105.970029
107.256092
114.130391
110.037642
97.973035
119.585539
98.158999
123.749716
117.799670
119.759160
129.773974
128.658151
131.978751
138.838180
127.206977
146.679559
129.681732
132.607584
126.770093
107.887800
119.045461
109.781946
110.345091
115.195362
102.757059
111.974868
110.372219
100.754248
107.662485
85.725341
103.159879
87.432562
85.678936
90.101626
91.449473
92.940055
103.517788
78.451246
97.505721
79.619686
96.898165
86.359467
81.792225
88.590878
91.731283
83.747532
107.259497
91.571273
120.584545
111.245896
120.867025
127.421561
117.894601
122.476554
128.653943
120.113771
133.707584
117.758106
138.553828
136.510845
132.956016
154.075749
147.702683
153.668752
163.310974
153.030954
165.550385
155.569097
140.979511
144.889738
113.948116
124.949188
117.885596
128.481287
139.140446
134.725757
133.670173
139.812921
116.372053
142.073622
121.904208
137.040478
125.448987
121.780960
120.767605
123.868203
123.471025
146.422095
118.669123
142.465689
130.056536
130.986858
131.533280
124.546528
122.163576
125.168643
117.362361
134.078175
110.413886
123.293799
118.886204
120.972192
132.554435
133.137191
145.132935
154.318092
143.886599
158.584838
156.315757
155.915212
158.086675
142.359675
155.211531
137.197747
128.354543
125.305547
122.035691
129.479259
140.648625
135.348935
161.160143
138.970550
157.674516
139.748146
135.094221
141.936167
143.397345
143.268270
167.919925
155.499553
177.639944
160.620741
173.091990
171.849234
176.572603
181.175046
187.594549
181.571269
198.107514
182.922529
196.343250
180.775670
179.006154
180.450417
168.668714
165.997835
159.394504
146.911546
160.344082
149.558881
150.240680
154.671472
133.641097
150.183961
144.947510
152.127039
158.965841
158.492237
165.970239
171.333216
158.389241
174.513047
150.003414
166.008756
154.472820
152.772292
150.378701
138.998838
130.964986
139.982176
121.594566
148.888446
127.180195
137.467486
137.114829
138.560356
136.545746
138.402747
132.124543
147.725713
129.154111
143.458636
128.737432
135.978054
136.233529
132.238725
137.360503
136.462284
128.922399
138.407147
129.982135
130.446258
129.804313
115.507371
139.336383
134.022015
137.265115
141.171053
131.802777
139.151183
144.626077
145.811281
165.605811
148.484209
153.698379
135.762993
135.607770
133.266296
123.680045
106.534890
116.785054
95.312215
112.489241
92.363963
106.648054
101.686426
94.599745
99.392101
98.182230
83.185737
94.628032
74.226992
97.871820
91.156933
95.284619
108.672312
109.950686
114.563916
124.396389
106.440591
119.919548
113.686017
125.647044
134.223001
129.390591
149.646530
149.283423
152.915385
157.955939
144.800475
147.137642
143.565357
115.667603
126.147376
104.610145
120.904558
114.589791
115.499080
103.346697
100.330795
96.325695
109.076022
95.501207
125.630591
106.167670
115.421102
118.763358
115.009751
115.365099
122.103738
118.066480
141.368355
124.401890
147.942797
138.563052
140.188282
145.387310
146.642554
144.159355
145.173757
132.873225
156.493693
146.017959
147.953466
151.254115
144.789318
157.330108
144.644665
142.481795
150.909650
139.776931
151.433053
156.266757
147.556109
169.579131
151.430818
161.091611
148.183684
142.116361
140.471782
132.114207
124.242521
137.699417
119.645917
141.495171
119.503475
135.724706
137.991695
136.824097
137.007345
139.290915
132.158596
157.282120
139.634862
157.548678
148.491872
156.421687
162.919617
154.974988
156.873678
172.372194
150.884742
166.575126
157.128119
162.891839
172.034155
167.244115
180.688894
175.570362
169.979928
182.155842
173.728703
179.537102
174.964410
173.488323
188.036118
165.522612
179.674088
179.838599
173.102548
173.931377
174.376558
179.466566
192.623640
168.831764
188.790433
168.823548
174.798273
167.863530
166.321943
167.101183
166.661694
147.757575
168.986121
141.076030
161.358977
147.232976
144.743036
148.893174
139.674486
135.938850
143.213738
134.054320
150.078667
135.957540
151.379773
152.654969
147.352595
163.970823
165.627857
158.546546
163.180140
148.908777
156.859919
153.352749
142.370481
148.876926
129.350212
142.865689
139.310966
140.215355
155.067596
157.102712
153.132617
165.566846
140.726446
160.717885
141.291190
143.448986
134.238847
128.275967
134.373516
142.829634
134.201519
153.139025
131.364503
150.086735
131.690974
126.954022
136.566247
135.647255
141.784042
154.383095
140.080825
161.143200
144.977561
153.819833
155.816874
149.512608
160.478664
158.576754
166.852397
183.997185
172.096026
191.511967
189.974244
184.728935
197.938786
187.897620
200.913950
192.742249
195.689020
208.850552
199.120222
200.306952
206.505980
188.326272
202.027923
184.099810
197.577277
191.970724
183.952915
174.755633
173.552231
161.777589
180.865690
158.326335
176.261175
148.196888
150.588122
145.427517
146.752587
148.630834
151.038345
137.388017
159.392642
148.654929
155.229567
148.784025
143.727870
141.433233
127.434888
125.174106
130.724403
116.648071
119.467921
109.986555
113.099757
124.399078
118.226609
125.123029
118.558255
124.692483
127.004896
126.371104
123.563792
123.965972
114.690529
133.741872
118.048125
135.481823
127.564348
123.734093
122.316772
129.523297
124.975180
145.337587
133.488270
156.240974
139.423666
145.347401
147.669129
140.011809
133.431393
135.472264
118.300455
129.671074
111.940358
128.606415
123.517153
128.108164
133.558974
123.805292
129.851695
132.004490
109.752998
121.203963
111.173234
118.066452
117.919876
113.405171
114.944293
102.385246
103.408549
116.463101
106.617636
105.210665
111.360745
105.179080
129.104347
115.705743
129.015380
128.727727
133.813619
142.934907
149.004094
145.901748
156.090695
140.015774
157.502594
141.441087
147.337555
139.055703
148.710123
145.993769
152.328007
149.570963
165.150869
148.212379
166.999148
162.166422
161.877013
164.356977
166.926573
167.737598
172.935025
159.998265
167.790592
155.941595
160.388441
156.838077
148.060198
149.544276
133.244479
132.753163
136.045400
120.603954
120.353905
126.774304
120.260623
130.214617
119.831174
133.639935
121.942272
126.761806
121.708092
117.500784
108.085187
117.395830
100.689853
115.636061
99.889112
122.206736
117.419639
115.995617
112.620865
110.464715
97.655260
99.645536
71.233471
90.108698
78.163316
87.140547
93.841846
97.297533
101.249530
108.595637
99.839957
119.415098
105.917003
110.214342
106.917888
100.420905
103.454044
95.823824
94.615823
94.228616
90.500347
98.038371
94.210027
87.105121
91.932333
78.266999
86.673962
82.665851
84.142669
94.613548
100.931753
97.282577
108.529886
92.261472
110.017291
91.615501
104.666667
103.336699
106.686160
103.536583
104.917935
95.723324
109.640793
94.320044
106.670479
100.443528
103.147167
99.118825
104.846993
97.928482
101.039290
85.676973
101.228649
95.672591
104.516434
94.682111
83.445443
90.976292
95.918840
97.749573
100.960647
93.152880
105.910357
106.458252
104.123501
111.643943
101.783079
115.016034
113.471434
108.994822
113.017737
115.530702
104.918794
118.835720
113.493353
142.018586
133.212301
143.635289
139.755975
149.967864
147.488127
153.880544
145.486908
159.023851
144.409504
152.139238
140.435576
150.860015
151.178914
154.398563
154.484018
164.286065
146.682533
161.821514
148.271891
160.882168
160.021871
160.617892
168.113033
162.977513
158.733351
166.520051
156.326747
163.670984
166.418605
158.305078
173.830603
162.900258
172.608602
167.285932
156.533783
152.019275
146.030655
139.588354
143.885882
128.291391
149.707440
142.024052
152.578171
152.354962
152.930897
154.640388
156.391513
140.637033
156.009587
135.308423
143.512127
126.611638
127.946407
128.631907
126.013169
114.833995
129.452752
117.938124
129.748776
114.987509
126.389111
129.547117
127.152480
132.494534
134.731156
133.652831
140.082313
114.381376
123.263994
115.672231
102.155686
106.616221
99.988138
112.026465
108.149446
104.379099
110.431262
107.902758
105.682337
117.881267
98.919742
116.769558
104.293470
116.478991
115.739660
109.224222
119.110212
126.572257
115.869102
136.323041
113.128911
128.611081
110.269338
113.009722
111.651304
101.025496
103.896478
118.684258
110.919920
132.157995
118.751559
141.097138
149.614702
151.659583
160.536115
156.530373
148.941884
165.085947
152.981936
166.398456
159.423827
154.559900
168.127638
155.185701
166.730867
170.760855
170.669332
187.004720
176.380905
180.515128
192.167298
173.137494
188.167438
171.105547
182.956933
184.548020
191.156174
195.556592
193.586639
178.598699
186.594783
153.279600
166.483428
155.674418
162.212223
170.799162
167.449591
155.915993
165.789080
145.292176
167.163391
149.379408
161.644318
156.274719
150.225608
153.224477
145.334060
128.590480
137.641584
126.345613
143.691791
130.987957
129.603874
143.949499
134.859473
142.813928
138.682143
127.334365
138.997880
127.726115
132.373213
144.273974
122.987222
136.266057
117.565043
123.722289
129.327448
125.233967
127.989196
122.165313
107.715593
132.172186
113.198969
139.872456
128.779473
137.598737
137.098487
134.968176
134.547973
149.835241
135.075673
157.499597
136.677702
152.757846
154.719724
151.720805
163.047629
165.721218
157.772930
168.164460
144.660027
150.500688
127.720180
123.710855
120.596379
86.902508
84.226010
75.872520
68.408477
83.695535
67.184666
73.640020
80.832362
62.819328
73.235345
51.762076
62.325330
63.242463
53.717391
68.557386
77.391737
76.393582
90.502592
65.855670
84.281378
61.125191
71.329649
67.725623
65.398180
73.867166
88.009591
72.906070
95.012986
73.707504
94.576979
95.972128
103.231924
102.946134
97.884042
97.528225
114.084899
99.476742
116.499056
97.395424
99.265940
109.145167
98.286641
104.795412
97.859456
89.205031
95.985990
71.927499
74.836250
65.113101
53.011838
73.610737
61.676255
72.540986
66.791982
62.491144
70.079425
61.075614
59.122726
73.192329
49.594178
70.935250
49.206322
53.455370
46.710293
42.959110
45.394350
46.312809
34.145484
50.935404
30.212374
49.789962
36.670268
38.114966
41.596651
41.059057
29.969299
39.970044
22.655600
41.387620
21.039842
24.138471
27.543978
18.532608
28.193081
27.048257
16.381581
26.945481
13.685648
21.407093
9.082164
-0.865252
5.742031
-2.542105
15.494338
11.866422
15.064831
26.620170
27.561942
30.153952
47.913776
34.925579
51.328631
28.260957
35.117755
27.815224
28.296283
29.910600
27.738903
7.809736
20.462041
-2.099893
18.549802
14.088985
21.384617
27.344805
19.261079
14.503055
25.698454
6.954478
33.265296
19.245333
33.982038
31.916530
27.642150
38.691790
42.819764
43.461536
53.858466
39.618157
52.325535
46.594866
43.541070
52.734703
39.564289
56.148174
51.126853
44.362468
47.097048
37.421124
39.038675
44.665674
20.563337
36.646752
11.191802
13.416894
6.136078
-2.898398
-2.017712
1.461653
-9.491154
7.043596
-8.792462
11.305643
-8.246858
-3.562980
-11.794016
-23.996084
-25.733022
-11.106844
-27.057515
-7.381549
-25.915618
-8.360808
-6.814623
-3.926360
8.674952
2.348946
-8.486999
-2.800413
-29.458803
-17.951485
-38.003342
-53.498980
-45.508012
-55.278981
-38.910181
-34.276834
-33.490621
-15.566381
-25.306992
-29.798215
-14.220670
-32.397550
-17.936969
-40.525232
-40.188838
-46.419521
-55.050710
-60.287063
-53.736549
-57.014353
-35.601441
-49.952381
-27.745158
-44.691485
-42.488193
-36.701747
-39.606422
-49.843243
-42.010914
-56.309694
-32.578359
-47.459221
-31.414396
-29.621771
-28.737357
-15.120794
-7.041899
-15.664708
-1.851086
-19.627833
-9.360766
-19.830099
-17.732044
-1.534560
-8.251110
4.171286
0.934207
-6.828808
7.497239
5.211884
14.828446
24.304543
10.998214
26.015347
12.519157
21.586615
23.663049
17.002822
18.127666
22.197258
10.565858
28.938389
9.472074
29.040737
27.976678
28.775551
24.803838
17.578679
3.516224
11.606732
-7.350410
22.353490
8.450346
23.232106
22.500754
16.197778
25.571991
31.703413
25.332471
42.450800
22.392298
26.919239
7.537243
-1.615930
-0.629784
-14.752836
-10.896180
-4.533919
-3.665661
7.286306
0.495069
12.776535
22.200904
4.129196
20.488329
12.769829
24.418546
22.335900
12.526864
17.390282
23.228448
15.875116
42.362319
33.037116
51.727453
39.860472
41.191112
46.538735
42.193374
35.794288
49.517140
31.867658
55.102632
31.529287
41.093495
36.716088
40.191559
45.578743
49.735139
48.133915
66.042764
49.217507
69.378891
60.782824
60.864066
60.082875
52.747793
61.172560
66.358095
64.687991
88.330837
80.856757
75.250500
76.333673
60.130416
65.246910
47.444338
44.505517
41.270766
37.961354
48.207420
45.301808
30.575218
45.996192
25.222518
41.281409
33.496066
46.142597
54.140232
63.029366
62.761426
78.508783
54.154819
73.437399
59.996330
71.251527
63.061769
63.210687
69.856508
72.285083
60.312386
71.944319
52.377616
66.515950
54.048105
51.582785
50.985158
43.623283
45.457302
42.028062
29.658885
37.486869
24.886765
13.664597
11.199176
11.839625
30.732971
19.500291
25.256506
27.876611
19.551718
19.381832
20.018680
9.441071
17.152538
6.227869
19.521361
-1.808162
-0.887665
-5.586744
-4.504005
-2.389393
3.161803
-12.554202
7.630719
-8.990314
8.384891
4.325025
13.297265
10.689969
9.756839
1.960081
12.246572
-8.173289
3.219346
-20.989587
-21.110531
-23.363507
-20.416079
-12.453446
-12.671152
-22.424558
-7.942452
-10.644053
4.779860
4.662129
-0.342411
2.851089
-11.936290
-14.968324
-28.601277
-26.308944
-15.101126
-10.799531
-10.825120
5.973045
-1.438096
14.946615
-8.894114
-4.341141
-9.696898
-6.608088
-9.124030
-5.933117
-19.536272
-11.868713
-26.142343
-5.581806
-11.768365
3.224566
5.058806
13.670564
9.827488
19.911084
6.636617
21.847464
10.702907
21.369235
22.134115
21.387159
22.666214
20.800931
6.342709
9.900361
-5.791772
-7.285713
-5.363464
4.152882
17.712764
5.529866
17.982554
16.197034
9.667267
9.800659
4.918493
1.953861
10.847454
0.656819
16.930493
4.996206
10.946543
7.876036
7.507782
0.443917
7.049467
-3.673899
14.313338
-0.857296
13.315106
8.680427
17.324856
6.565198
9.670040
4.986474
12.016384
3.204847
20.963200
1.858589
12.231028
-1.202163
1.064118
1.348072
3.474905
3.853991
20.937504
8.753252
16.385196
12.447205
12.600041
20.581893
10.356885
17.343692
16.653403
23.170280
37.549413
40.087168
41.764042
39.213381
32.693821
49.131890
36.619408
40.381213
32.909357
37.491836
36.555598
40.374632
27.607451
38.306322
20.705193
35.038227
22.900680
36.473228
36.159674
43.644966
46.315412
58.836020
36.935501
56.473523
39.535735
43.761675
32.761309
29.179776
22.367101
25.790643
29.178522
46.167258
41.494892
65.205800
67.616000
73.765958
79.974714
71.933313
70.976191
66.133693
53.235971
54.303173
44.366825
44.969868
61.148855
58.813278
79.031097
73.309724
76.107800
71.758866
63.667253
63.144094
65.849278
46.092713
58.255737
31.219827
39.310860
25.739689
29.629470
36.586704
42.957690
35.076327
43.290964
20.519308
47.019793
36.576937
48.391442
47.220473
45.748797
41.929946
47.400505
38.233620
59.724733
51.704358
71.251726
59.784981
60.115664
62.039096
51.201925
61.242528
67.930934
49.303948
53.494500
36.677671
35.357079
38.810239
24.881882
47.102951
46.939547
55.605927
56.443986
45.249199
48.650704
50.850385
48.180875
66.134201
37.540379
52.510027
37.680263
35.981967
41.910303
43.957852
41.211652
59.360327
35.096569
56.661073
36.902414
49.751477
49.748016
43.250390
43.478344
48.089548
38.707093
53.361152
26.712560
39.711119
26.577181
23.684542
29.954748
20.892153
31.986466
42.416623
30.154271
43.503614
35.680020
44.381738
51.008934
31.479544
43.830810
26.162395
20.805984
20.005894
9.145469
8.343979
4.996110
-13.425110
0.285979
-18.706220
0.958475
-0.371236
-3.631447
-3.111284
-4.788004
-4.188646
9.428003
-10.988112
11.042262
-7.303760
8.705037
16.331295
15.263769
20.249521
31.328934
18.901393
34.524465
19.287267
44.096514
30.643149
21.747283
31.995930
26.592044
25.961209
32.545598
15.540945
24.848642
8.929614
16.716077
15.138528
-4.107993
12.137827
4.683296
1.377477
3.924648
-11.162288
0.519777
9.240353
0.319748
20.017735
1.748733
15.532171
-1.552471
-9.972141
-3.038772
-9.404151
-14.222797
-5.827761
-30.880327
-8.104258
-29.592097
-22.080767
-24.893806
-23.909708
-22.005761
-26.606703
-47.880504
-27.484959
-51.532404
-30.034077
-28.800260
-28.251859
-30.973941
-38.156480
-34.768358
-28.795734
-48.654227
-34.641227
-57.241087
-40.790055
-41.516307
-46.098533
-24.780293
-33.944801
-33.623035
-23.484833
-37.005938
-27.318044
-23.826905
-28.993485
-15.879218
-36.944994
-14.708509
-23.879230
-29.431818
-27.149947
-32.327983
-33.893549
-20.487612
-34.383784
-11.286153
-33.892370
-20.523062
-31.170392
-43.287188
-45.494802
-40.416923
-49.063736
-30.840484
-57.185844
-30.379195
-39.170772
-29.299120
-22.659206
-30.756628
-28.770894
-25.884266
-38.380184
-25.447488
-49.748423
-30.033646
-34.979870
-45.276137
-31.791805
-46.107288
-40.735335
-41.553129
-58.947791
-57.204331
-72.979709
-76.191475
-56.674455
-61.749067
-39.756398
-52.414714
-54.427576
-45.180362
-42.406139
-38.111801
-33.119410
-51.115148
-25.589028
-42.638823
-17.617340
-24.371219
-24.588036
-21.946966
-27.040226
-36.963081
-21.642632
-41.375324
-23.920047
-41.484466
-28.714373
-29.840972
-32.108769
-32.002944
-29.948292
-38.913454
-22.535723
-43.675555
-28.008657
-26.460447
-30.700063
-23.676646
-27.691552
-18.609998
-15.463965
-24.359562
-10.690356
-16.223776
-7.128633
12.350447
-1.527070
18.122442
12.019955
17.166980
12.863832
5.341594
-1.673287
-5.621644
-26.001579
-5.811005
-31.537894
-17.944181
-28.535548
-28.663078
-22.283966
-22.869192
-30.833069
-17.510752
-36.000371
-14.412556
-36.838476
-39.373280
-52.472738
-60.854083
-59.227813
-49.186623
-51.031549
-30.685265
-49.663307
-32.855838
-38.618023
-31.960108
-22.959546
-35.505100
-30.558985
-24.955596
-39.233083
-31.823679
-48.254343
-45.526697
-37.518414
-50.037139
-31.562020
-40.147284
-28.790035
-22.801050
-34.342149
-32.571304
-31.822639
-43.504269
-19.409154
-35.754569
-15.512165
-26.292947
-25.168897
-27.414800
-38.842440
-47.735126
-40.927763
-63.981146
-33.418365
-46.824045
-36.799069
-38.017189
-43.453610
-50.379923
-56.785586
-71.086836
-48.989537
-68.397411
-53.664479
-62.128038
-73.811723
-70.248765
-72.685930
-63.897453
-51.864476
-65.713713
-58.216592
-71.618539
-68.370837
-59.445960
-75.480076
-60.118876
-68.751097
-69.804612
-68.832252
-75.133553
-64.920679
-61.713657
-65.010587
-43.346274
-65.359847
-49.705814
-51.167984
-53.211524
-50.778860
-52.033746
-48.282258
-30.492684
-54.041227
-33.876689
-52.095114
-46.291733
-45.792942
-46.505128
-40.241923
-33.782116
-47.295794
-24.919480
-49.500535
-32.119727
-41.661353
-46.190717
-41.835373
-50.109751
-46.663686
-39.055262
-52.561722
-33.064713
-49.653521
-45.831139
-39.717244
-56.875433
-50.346983
-62.697054
-69.810664
-72.319463
-89.043886
-82.380075
-81.146521
-95.635149
-82.528696
-103.129049
-87.693539
-97.349955
-100.383579
-94.352530
-94.838539
-98.527080
-82.612214
-111.937793
-95.018823
-112.414266
-93.827350
-84.165451
-78.797636
-69.549707
-59.298041
-73.135080
-49.624323
-66.119488
-44.352220
-52.189885
-54.605418
-48.671962
-51.972896
-51.355799
-44.388515
-55.895152
-27.863056
-37.695633
-29.184446
-15.768252
-16.261112
0.708405
-1.956631
0.849390
12.796600
-0.576015
2.125821
3.834430
-13.587385
-8.007412
-28.611140
-11.446383
-13.312005
-13.884429
-2.409443
0.135538
-3.450916
12.485371
-6.745616
18.830784
0.621424
9.172829
4.821793
3.179708
3.343846
1.545424
-17.577133
1.380794
-14.321543
13.149643
10.304364
13.362008
20.693741
22.949203
25.872407
35.638579
22.038213
33.074715
17.204103
33.179894
38.223947
21.642115
28.676428
19.151073
15.018869
20.463591
11.638810
17.773488
15.259707
16.441527
37.027405
16.790960
30.136077
20.011355
20.346881
21.148926
8.503126
2.631133
10.261280
-10.682015
8.428068
-0.401084
18.178246
12.293270
10.654476
0.455440
5.241347
-8.903975
11.425004
-3.138097
12.691970
2.356017
11.263827
10.218946
10.352064
4.143241
7.353767
-17.014968
-3.204231
-16.108717
-9.767876
-14.216927
-30.002268
-21.542409
-22.405998
-17.509189
-13.627450
-29.046676
-15.921764
-20.290359
-20.225758
-13.414991
-32.854451
-20.290146
-22.859444
-9.968939
-5.447163
-5.239385
-6.350206
4.779845
-5.536350
10.313607
-8.853177
-0.489831
-6.284917
-6.929653
-7.802931
0.807325
-2.790251
18.733913
2.698413
26.002133
12.854505
25.660341
26.601600
25.257540
27.976242
39.000331
35.047901
55.831154
48.951871
59.769967
47.913986
43.088847
46.540504
44.052586
41.752338
41.711003
33.593272
43.375676
42.494141
48.212022
57.555127
52.280362
68.670488
61.429271
65.322984
63.295576
56.546503
57.372158
70.368890
64.881185
76.774891
69.110875
77.950329
73.624167
83.873862
84.460279
90.003273
76.061617
83.038179
59.408602
72.264822
59.324539
69.664000
64.352760
74.871309
82.795951
100.323092
92.916041
109.181053
89.135669
86.041399
77.737721
83.571001
86.751607
85.589856
82.140106
83.299313
83.202941
94.824700
82.079056
84.072442
90.085660
82.767702
84.885275
68.726424
71.936709
77.214885
76.687011
79.583677
70.739811
55.114602
65.916530
48.278041
65.039030
62.484307
73.318228
75.282003
75.231264
68.156963
82.806291
67.968762
93.195667
76.363155
78.639444
64.986556
62.144459
57.832586
68.999099
55.345056
72.285824
63.421465
82.060383
76.115836
81.264798
83.191000
70.060287
65.475929
65.449005
46.890617
56.420876
48.155777
47.634253
56.490961
57.911715
63.040731
60.965634
67.260962
70.552267
61.220384
65.687420
76.112403
66.307068
80.232017
59.268239
65.309693
56.097295
57.154735
58.629618
65.515779
59.804622
72.417170
60.650992
86.367444
77.877347
79.250224
74.149594
75.578492
75.717659
90.603243
79.841056
95.612335
78.276959
91.598965
79.704627
71.244332
69.984324
67.858514
65.899981
85.100881
70.604213
85.259282
72.389281
72.192947
69.375425
53.761207
57.795701
56.226286
52.232847
62.483054
57.750543
62.969637
75.127123
69.227002
88.221397
76.353313
78.697373
64.949780
58.082586
62.146471
62.593394
48.705590
63.134889
44.757323
75.983715
68.316088
74.077808
63.128723
58.763356
60.647753
60.857979
30.940489
46.104184
19.940333
37.340944
34.858728
35.262181
43.213138
44.473166
45.235700
61.827109
41.290685
52.833376
38.007056
37.079127
42.671810
34.533085
44.192423
39.630636
33.945539
45.944048
30.435575
26.403704
27.424428
15.955011
31.229660
10.156763
16.496020
24.515059
26.586416
26.726918
22.294153
11.736866
27.587230
7.647525
32.437798
17.465426
18.227335
17.515474
15.844656
12.774134
15.370904
-9.553088
15.430870
-6.669816
13.282630
3.942253
3.585138
3.345377
-3.393208
-5.902619
4.479437
-22.169829
-7.091223
-13.808692
-8.530771
6.790974
0.946572
17.498065
14.566581
9.027113
22.877568
2.880531
12.107200
14.637745
0.328397
7.363068
-8.130592
0.961232
1.625312
-2.972483
7.528613
5.351154
1.342616
19.182745
5.630463
27.938842
12.124339
18.076943
13.805845
7.635045
16.325661
18.593512
17.423956
52.036687
33.512089
60.650027
52.279321
53.328570
58.579172
54.952161
46.089751
52.108094
19.882480
41.324614
27.430969
34.528090
43.965243
45.812459
64.292722
64.113733
67.155347
82.916501
69.049560
82.481436
82.664890
71.478539
83.098277
79.186677
95.508240
93.750532
87.291926
86.236776
78.531998
73.116532
77.588827
48.453462
68.254709
48.339884
51.157427
42.941552
27.444618
27.636362
34.129046
23.827445
41.875398
11.857881
32.193446
24.397705
25.545604
24.634063
18.925504
12.799293
23.584598
-1.633464
14.936160
-2.143757
11.745519
14.657734
6.221976
10.391762
7.722028
6.936963
21.292321
-1.651488
14.501081
12.428223
9.724547
27.431584
14.669700
22.607716
19.119606
16.948024
26.307183
24.054717
26.998202
32.437739
14.558542
31.757859
18.882395
27.616451
24.561455
18.960867
25.774559
33.840106
28.612624
46.376060
20.185218
43.821719
37.704454
47.697444
55.251917
51.880529
47.342819
56.545068
46.931923
62.661894
36.081582
54.681494
54.666050
59.310068
68.865204
66.003231
68.527981
85.308660
67.876475
90.183545
90.475874
92.768697
108.405045
98.358447
111.152984
105.932548
104.440235
111.755172
104.653870
107.720449
114.153821
98.324770
106.536559
75.987637
86.324040
78.817973
76.309354
84.513172
87.459151
77.728676
93.709708
66.790322
86.280456
71.036056
84.716120
86.000249
74.691615
73.659545
79.855065
60.843281
80.623465
59.250851
70.342472
62.715233
52.035024
55.523215
52.321186
45.040959
52.828119
37.808321
53.164665
40.176087
47.068827
49.313677
37.486019
47.858695
42.917131
46.511725
71.169899
72.886892
87.728247
91.653954
77.530695
92.978268
84.225168
100.257842
97.664090
98.872900
115.662575
127.647727
126.870421
148.130181
125.239173
140.603378
125.090278
134.164547
128.746745
117.639470
124.413600
141.550393
129.029011
157.050638
143.363526
156.040953
154.856805
149.233796
150.746958
149.061342
140.934580
158.769879
141.690242
156.646744
137.481180
136.223842
148.186613
140.445362
141.256834
141.033346
136.876273
142.213470
131.029404
137.575428
141.613115
131.281963
144.870291
122.395128
119.166816
112.597491
107.384356
108.506505
102.611950
94.596446
115.750776
93.571945
107.711410
92.824201
89.812102
84.418750
78.945434
78.040655
81.615657
56.349704
82.535479
61.358150
68.145380
54.655806
52.376271
58.763784
53.527332
41.695865
55.377999
38.004498
61.153406
54.676122
62.863937
70.812546
61.611120
69.976820
65.205636
58.824883
79.736512
60.054853
63.453156
67.982251
52.395738
70.999236
63.685469
69.853549
81.422331
75.384219
75.320376
67.311500
51.784539
67.395291
39.075222
49.879982
34.156617
35.492250
36.109342
29.707091
22.074629
26.841904
13.966634
37.771574
20.953605
45.073874
40.019247
37.918454
39.937161
38.663357
37.607542
62.821535
44.139587
65.652217
55.174358
56.181241
51.470811
41.119806
40.818499
36.239538
22.846838
34.525479
15.845729
27.663309
27.445175
15.793064
33.976429
26.065150
38.165416
38.732592
21.339608
27.221827
23.468358
13.099616
25.943948
5.033249
27.786469
21.928161
33.699842
43.650267
43.516606
30.371156
32.059862
10.485736
29.547297
4.557774
18.232538
4.523362
7.577769
12.352462
21.900310
17.151656
28.990647
14.025489
33.858973
19.367590
28.117089
31.463929
25.299127
28.515303
22.200168
10.495671
21.650316
5.081448
18.769114
19.042731
9.893101
25.184526
12.288086
7.597363
5.981154
-2.396056
-4.599209
-17.731344
-36.558415
-26.614557
-37.318090
-21.018550
-38.263222
-37.561925
-30.224611
-19.030706
-24.378883
-26.529815
-42.069632
-23.213926
-40.212499
-20.827130
-27.302553
-29.938667
-31.690548
-37.935586
-44.256224
-33.971954
-48.992970
-28.164167
-50.666279
-45.829141
-44.753821
-44.197040
-46.834603
-42.884824
-48.907231
-38.392851
-53.171480
-47.113694
-51.356711
-51.449913
-43.982741
-49.798163
-35.212300
-33.147272
-43.304941
-44.806728
-50.505038
-54.557814
-51.824508
-64.294079
-53.879106
-68.884267
-71.545935
-83.524568
-82.830883
-80.255795
-65.221857
-71.099795
-50.026904
-60.882532
-46.964561
-63.570391
-56.899297
-57.442838
-59.469529
-63.265731
-43.682476
-55.332343
-32.102099
-43.342605
-29.367349
-34.023346
-36.774143
-33.636659
-30.253402
-35.708918
-29.487045
-43.669690
-27.270340
-36.152888
-29.185878
-22.629354
-29.899950
-23.175854
-18.174095
-16.279292
-8.413143
-16.150092
-20.542619
-20.670328
-36.028964
-28.613837
-45.282327
-33.839896
-35.749585
-45.975269
-47.229095
-43.239802
-54.829539
-42.114337
-50.076454
-26.297112
-44.430213
-31.619964
-35.322851
-37.730588
-43.847956
-34.209774
-50.068793
-32.959479
-40.835816
-20.090190
-29.053343
-21.004606
-14.513166
-16.600755
-24.601162
-13.880895
-24.369576
-16.049750
-25.691109
-22.090125
-25.276104
-29.247763
-31.678272
-33.722327
-29.853254
-19.534969
-17.784022
-15.920773
-8.368086
-15.358257
-12.454331
-26.006953
-16.535242
-18.832517
-23.621406
-23.113045
-25.808832
-34.624757
-24.273406
-35.205369
-13.038557
-26.595120
-21.057417
-21.381566
-19.876769
-22.781302
-3.757592
-21.981278
-6.036488
-25.425494
-12.918390
-24.941727
-27.280600
-19.405109
-17.597817
-16.256495
4.699127
-11.526920
-0.912048
-13.943540
-11.207758
-10.748804
-12.013743
-7.720808
-12.146793
-20.447059
-11.222614
-15.646725
-13.997268
-7.662556
-11.611234
3.670534
-3.315348
7.963738
12.931184
8.328017
12.956421
23.067953
15.805633
26.476603
9.719978
24.545456
13.855923
23.948107
30.192546
34.546693
29.472627
38.262076
15.401532
28.823232
3.767417
9.630187
4.774484
15.994662
18.326129
19.347732
8.215485
16.264758
4.091912
25.246168
16.254755
32.070072
47.202612
48.570647
52.696635
56.755965
48.570683
57.995165
50.320271
54.575459
57.960326
46.924930
61.372501
40.899716
32.851284
39.699297
33.931534
43.285048
40.440651
24.379884
36.181164
14.546577
25.920551
13.358756
10.105735
13.598502
12.152571
10.100310
29.575207
10.833835
31.556272
13.872954
21.815983
17.958975
16.273467
12.496153
13.186778
-3.541582
17.281340
-2.657436
11.350932
-0.788957
-2.306952
6.227085
1.702707
4.912419
20.158153
8.430565
21.862446
2.153468
12.156053
18.649131
6.005757
13.278552
4.546662
2.082867
6.532496
-4.924428
-0.909370
-6.798173
-23.266869
-6.017324
-21.743579
-3.913938
-5.986480
-0.786567
-6.805656
-15.691805
-21.423161
-18.633254
-47.358598
-33.285688
-58.634919
-52.836137
-65.990566
-79.523795
-87.940415
-84.762048
-88.629782
-61.560343
-79.157311
-53.231461
-59.035083
-51.794485
-40.739132
-44.405426
-38.765648
-34.184990
-54.931747
-40.782995
-59.428666
-56.517008
-63.746640
-74.856303
-61.024739
-65.230245
-57.141441
-53.529868
-67.560166
-56.927651
-51.936439
-55.670710
-41.258129
-67.033864
-58.489385
-74.162869
-82.368138
-75.973822
-78.273112
-77.744580
-70.097420
-87.742238
-56.215150
-71.974606
-63.085955
-65.258744
-61.867246
-55.546853
-51.333614
-55.700698
-33.040849
-50.729913
-30.920317
-46.412644
-46.520591
-37.813558
-36.471246
-26.941864
-17.273345
-27.809923
4.492925
-11.794556
-6.726275
-14.191952
-30.558224
-17.946519
-25.821941
-22.051935
-9.359486
-23.380363
-7.752717
-7.090783
-5.519261
8.017569
-8.912687
2.508989
-2.973321
2.468619
1.402497
-0.259125
3.818201
12.555566
-6.557481
24.081641
7.646278
24.491740
18.964758
21.097234
26.605659
23.996441
11.727894
24.777482
-0.467754
27.347249
13.918624
22.532055
33.332774
32.837153
39.632423
47.910482
37.038774
54.668190
34.503302
52.347026
53.567028
46.519790
56.227758
44.618365
46.294686
49.189213
35.652674
51.907100
38.957336
34.521970
49.992148
28.212380
40.175198
24.360141
19.412439
25.596253
15.556670
19.857009
27.005793
14.839179
42.346117
21.664110
28.951202
25.286900
29.219505
26.969024
22.320069
21.571893
39.538031
17.227388
37.327419
21.996792
29.871642
36.963059
40.807911
43.905837
51.893245
43.698437
66.435077
51.360471
67.270556
59.995463
57.655243
63.218071
53.195391
56.418618
67.963141
55.986047
65.713555
50.403995
57.525711
64.229197
43.312654
62.016949
53.353910
62.924690
71.163302
65.478821
75.157146
84.114583
77.838638
98.417674
78.931519
98.705050
79.890164
71.155881
74.224969
69.913507
67.624889
85.689077
67.141530
87.266153
67.452803
80.089672
79.325707
74.907089
73.093793
78.761158
64.520093
81.564457
58.968654
74.270425
69.808150
78.986647
82.995963
71.706468
76.953212
78.423160
69.121357
86.699632
75.696342
93.922698
101.322620
89.213228
106.838026
111.686599
119.828641
118.312970
113.192012
117.461277
123.321842
115.082977
125.118398
101.423618
113.632476
102.259537
103.489602
106.244453
99.933376
98.776478
116.878185
98.857040
113.316676
86.625448
98.633545
89.528194
82.417573
78.991245
70.490293
52.440296
66.305192
45.385542
62.531382
45.006279
34.585602
32.481382
25.535503
24.816841
27.285699
12.907301
24.910331
12.460477
14.175856
15.786891
10.342588
27.947822
18.998597
16.898926
19.121891
18.263035
31.478803
34.739440
29.991977
43.818076
25.608759
46.310566
41.272529
43.066357
49.543038
54.117650
48.248140
53.651456
28.901440
52.807518
36.602283
53.476971
50.229221
51.223813
61.330274
63.010371
47.785167
63.954848
44.428796
70.809774
52.915888
53.449416
55.110240
47.164537
47.315435
53.301025
47.599169
60.426420
42.444301
44.339464
41.724740
40.480563
51.239211
49.382447
47.193091
46.824171
27.872902
35.326731
42.290248
47.549511
68.720839
45.772007
57.080937
48.786688
47.515729
48.016232
49.257853
49.132991
67.401272
48.480558
71.217437
48.007061
56.206943
44.909958
37.114254
38.201759
39.331234
28.896683
44.697174
25.102066
46.751408
42.935413
45.481810
43.875501
41.860048
45.938003
53.351856
32.042318
55.340138
48.608891
56.235327
52.328432
45.016487
53.667144
45.526019
49.633214
54.179426
35.421593
40.183172
30.173488
19.441423
27.546857
12.454414
31.107315
26.938443
30.234923
34.661307
22.609945
24.981489
38.201322
17.125782
38.893047
20.371194
34.863531
38.573517
38.945388
48.750127
55.126328
39.258748
53.616650
24.533639
32.499661
12.855553
15.685637
18.061668
18.702003
20.858272
24.217944
10.389388
29.667084
16.003999
27.617431
21.322484
12.065954
21.686326
18.471377
10.096614
10.712368
-9.869479
-0.798340
-3.198196
-7.283356
1.363361
-14.116196
11.968701
11.605075
-2.175175
-0.432199
-5.645157
-12.744891
-1.967143
-14.103923
14.932452
-5.963341
5.941276
5.932223
2.894354
-3.238201
-9.930370
-25.360800
-12.984217
-39.909110
-22.594164
-42.111017
-46.100949
-41.169495
-41.899473
-31.612348
-23.012323
-38.073847
-14.474728
-25.880320
-8.963877
-9.838374
-13.143568
-6.573807
-9.892649
-18.997559
-13.198905
-29.767193
-16.631842
-12.832599
-8.397331
0.065286
-15.141574
0.481894
-8.068746
-8.482764
-2.112732
-6.480722
-4.889287
3.031295
-11.467512
8.201374
-6.942938
8.656943
9.350289
4.745633
3.277835
-0.187037
-16.126224
3.181309
-15.157032
13.781894
5.061925
14.058548
17.273904
16.361230
15.881717
26.008934
12.800751
37.629141
20.131786
33.181825
25.283048
16.994227
28.495634
29.085907
31.999261
47.778097
36.516149
44.700257
24.548029
20.727704
25.123950
17.102485
31.359512
22.248522
21.928050
32.112467
23.421490
22.514367
30.409437
14.055583
29.822416
14.309969
34.405925
28.888582
33.099766
35.050831
31.123146
20.548119
32.738238
14.124419
37.946585
28.336064
27.580577
27.877278
34.231763
35.361248
44.672574
27.207315
45.438025
24.814745
30.877241
23.047883
19.256742
21.653429
24.539637
27.049407
33.961791
20.659553
39.473024
34.230850
41.636526
48.735233
43.119766
58.065790
50.385564
50.169412
45.336151
43.188266
46.900011
49.609711
48.615064
57.071322
42.588800
49.936765
42.112628
44.781048
47.599728
55.282364
50.330883
59.625624
37.884896
58.682393
40.328000
52.450984
42.333374
39.945539
35.350303
36.746839
22.263084
29.819722
9.811707
23.057455
9.538707
21.462499
23.412731
22.179646
23.718655
31.588562
21.927774
37.204736
22.106535
23.573977
16.702183
7.246004
15.187754
11.367226
18.768261
26.724473
26.675333
34.533243
35.711011
32.682012
43.220105
40.256284
57.350588
52.088317
58.305199
60.554998
63.985625
61.151001
67.723847
48.012177
65.526946
50.107241
65.234084
62.519835
64.984133
54.604322
53.350305
46.389091
57.230120
42.561769
63.051514
48.428323
51.806032
49.819367
47.507937
38.467468
42.549749
29.008532
45.671276
43.822129
52.569804
50.920231
48.644137
45.614464
33.156576
31.314432
34.337396
25.814761
34.950095
36.271271
33.349739
45.967559
35.430370
40.050855
26.961433
26.535146
28.737222
33.496610
28.657289
37.556965
29.910983
51.480410
42.328178
65.288824
62.799720
69.967454
71.069723
81.697904
74.131485
85.651850
68.536506
86.148438
71.533118
73.564199
71.416487
70.804314
79.561161
95.606149
86.391179
105.791867
85.843395
95.078204
99.197493
101.661242
104.661216
102.259196
100.490280
101.159857
93.902240
100.428082
94.307720
90.995279
99.894608
89.231689
103.447510
93.029284
89.216891
89.282125
83.534084
81.609132
81.383290
64.789342
83.987908
65.662448
67.538219
60.359050
65.679359
62.618707
64.119203
50.957716
66.010052
43.644124
54.461680
39.415660
38.238544
28.074993
24.037008
10.354437
16.473693
-3.092139
4.510696
-7.377318
6.495742
5.484233
5.343008
12.842595
10.930716
11.908685
23.070350
11.516993
20.358182
22.024768
25.730398
38.863515
23.950894
34.120030
40.637731
37.272677
38.490346
31.665459
34.674546
51.066939
36.401651
62.341329
51.802124
63.977245
59.399265
56.251498
56.689782
62.693167
49.600383
66.608661
45.729691
61.445672
55.979316
62.376859
64.382188
64.846022
51.957847
58.055030
35.045466
61.246370
46.639667
63.893252
65.662031
64.682679
74.934513
90.307423
95.196901
108.217728
93.055905
104.536573
100.498191
100.554543
110.468348
96.748200
105.182547
98.096489
84.583113
98.048924
98.679859
106.606441
121.798587
107.191706
128.753843
121.723136
135.324212
135.671883
130.816627
133.782407
129.366982
109.998363
129.436233
104.780302
124.388377
112.959848
119.533180
129.122730
128.779548
124.932417
138.562622
126.871504
156.044719
136.686547
142.964723
137.590718
126.980306
129.895925
129.163716
122.730391
142.637904
133.801045
156.584793
157.325062
153.312453
157.119399
140.108059
142.544513
137.699274
131.003067
146.281493
134.702475
132.289372
138.577431
122.131862
142.182258
123.586105
136.731076
137.779415
134.025335
137.549301
137.710612
126.957583
142.542319
111.687763
134.702056
127.062110
139.765492
139.887795
129.320163
127.718090
138.679841
116.754861
142.942896
126.761811
134.905476
128.879870
117.329101
122.255524
115.485498
102.141108
118.958102
112.837345
133.085272
119.409002
113.213205
117.882121
101.402549
112.034404
104.745068
95.875093
105.937471
90.408647
99.057975
104.862811
90.942419
108.673058
87.172050
92.808157
91.602967
92.871750
104.459700
104.639279
96.051374
110.945496
87.834584
110.447218
98.434506
105.253551
115.268819
111.600949
110.112271
121.358351
101.387838
129.030064
105.416737
121.444665
111.945031
112.012320
128.074591
127.217163
128.743920
145.193000
119.158037
132.204350
112.742525
112.354338
120.398419
107.713954
117.008786
120.851633
112.154723
122.307777
110.961122
114.185230
123.508335
110.421885
126.646802
108.755641
114.435969
109.920793
102.023025
113.532211
113.834751
111.753486
132.134888
120.624093
147.058895
127.678555
132.789918
133.298883
124.447588
125.684327
137.970011
121.305350
145.656610
115.207166
121.038145
113.179761
115.849040
120.834314
117.861980
109.431294
121.950862
96.123644
118.622813
114.275488
129.225455
134.387027
115.713637
117.742969
115.949799
106.887160
112.708119
97.411462
110.496159
108.352477
104.004256
117.637908
99.552801
105.868745
99.825275
92.773119
99.868496
90.044967
86.316803
99.514387
75.936847
98.523663
84.428249
92.178759
90.699816
84.278579
80.118020
80.669732
61.925664
84.459950
57.505085
76.793342
68.426175
74.455573
85.989073
87.579760
88.878186
107.264741
94.288271
110.824289
94.996534
103.526090
104.812308
92.927056
95.880429
95.201443
97.641145
108.921345
93.637252
101.671863
93.319331
88.212752
102.949172
82.637074
95.041559
95.548183
90.800007
93.455335
88.515403
89.524190
93.782221
74.035989
93.637251
72.869835
73.313248
63.374184
50.156005
43.356211
42.122254
26.250116
43.702839
18.210864
37.136419
25.099518
31.175723
37.396091
36.206129
29.999995
33.429252
8.568490
23.663859
1.657612
10.980700
5.321139
2.668659
19.416476
17.385987
17.983860
30.554737
13.718825
25.702923
15.614968
12.997409
17.480519
3.708287
20.317024
13.940521
9.650372
23.053971
23.133160
28.932014
38.241623
21.669360
38.466273
21.079200
30.502460
22.610069
27.858427
33.335438
25.496512
10.679417
29.114989
11.777983
43.719593
25.648839
27.864956
25.622877
19.636939
6.189004
8.786250
-9.557946
8.479701
-8.600658
4.856476
3.073654
12.311032
11.943638
-2.066013
-9.812034
-2.540887
-24.949963
-16.756626
-27.468541
-29.009881
-16.462185
-24.013872
-22.040514
-34.784194
-30.134933
-18.268098
-24.243173
-22.332174
-14.388201
-24.564501
-11.117029
-27.042922
-12.171461
-16.110210
-16.164588
-8.615870
-9.986119
-18.566037
-3.646279
-26.012485
-9.594960
-36.849908
-36.392014
-40.586747
-51.261896
-57.154496
-46.558033
-62.929491
-45.524771
-65.680183
-51.377296
-53.027083
-56.229539
-55.806801
-55.012464
-57.248584
-52.444988
-72.887055
-55.545393
-73.729386
-70.127791
-75.582482
-88.082420
-70.314505
-67.499930
-62.965263
-45.413041
-46.751180
-30.539768
-16.535321
-30.291144
-9.568745
-22.358098
-15.382013
-22.502235
-30.462649
-31.489166
-31.015230
-36.397809
-27.371588
-49.605036
-24.265347
-40.312652
-38.646294
-36.560880
-32.083690
-23.118945
-8.780920
-24.623160
-3.381266
-23.279139
-5.766666
-8.345490
-5.150025
-0.520201
5.457434
-3.842994
-0.523196
-16.390858
-0.975922
-14.612767
-12.193628
-10.328201
-15.488915
-8.773692
-13.427315
-24.818208
-12.420219
-19.797905
-16.270060
-10.665744
-14.123825
2.664015
-8.894792
6.756027
4.336913
-9.524874
-6.164915
-7.947726
-10.704913
6.858353
-9.977558
9.422795
-3.753488
13.638140
20.640957
21.819612
21.075145
25.001924
0.195661
18.134611
-8.234273
3.453778
-8.938277
-19.181918
-30.056084
-38.567783
-36.611475
-21.154125
-35.783388
-5.990175
-8.033838
5.677458
9.048800
0.723221
7.197082
6.601155
-3.210959
5.280755
-7.897342
-2.344556
-1.487940
-16.591676
4.209146
4.612581
19.437014
19.588328
17.961833
24.710897
17.729871
5.389083
12.813425
-15.033070
0.570557
-17.099392
-9.148215
-5.543950
-6.288147
-2.882499
12.984581
1.416600
24.806465
3.064859
13.641014
-0.456508
-6.819028
-5.707536
-5.674011
-19.244625
-6.560666
-37.778124
-29.296487
-36.459900
-22.430647
-17.030845
-27.594834
-18.153033
-23.034478
-29.476693
-15.949267
-32.880954
-21.027996
-15.004495
-21.039780
-4.016818
-17.293079
-11.738185
-10.851632
-15.082959
-1.532797
-0.880592
3.281809
24.102849
8.346092
29.192898
8.253354
4.900787
3.794021
-3.954680
-7.295043
-6.388392
-21.414957
-4.162717
-32.691750
-10.541600
-12.465932
-11.505049
-14.529020
-19.706535
-18.065839
-5.487741
-29.127547
-14.778456
-30.537345
-23.352917
-26.966328
-33.863492
-28.544992
-28.471551
-42.498461
-24.255172
-33.673303
-28.264816
-29.538998
-33.719004
-15.993442
-22.583296
-17.944578
-19.502454
-23.602980
-12.071808
-18.551996
-19.962202
-6.074124
-20.155315
8.035089
-7.459575
-10.997527
-7.880427
-9.934417
-9.967244
-0.039992
-12.118224
4.136759
-10.884838
12.993875
2.885438
7.110509
3.978871
0.959832
-5.089498
7.242294
-18.279791
6.172196
-9.765857
5.280426
13.388251
6.642882
3.218022
7.758804
-4.948425
3.596203
-25.260333
-12.165638
-12.157079
-11.543594
9.653664
2.866071
17.337438
18.901997
5.615526
13.105133
2.351726
-2.021422
2.660877
-20.957587
-13.351741
-32.125392
-24.641255
-19.037664
-23.057843
-23.185230
-22.144501
-33.547730
-13.395597
-45.155158
-36.247714
-51.016327
-49.795668
-47.703603
-53.079788
-64.544941
-46.421354
-67.110893
-43.366670
-56.455103
-51.395469
-59.267527
-63.279672
-55.994288
-58.018767
-83.050031
-71.335601
-90.796497
-77.590032
-81.400127
-86.800939
-74.826456
-84.030762
-79.743884
-78.395483
-86.743126
-68.554569
-76.733660
-71.760858
-60.621697
-79.802553
-60.162501
-69.449369
-64.338353
-61.588726
-58.376110
-53.380612
-38.769165
-43.210798
-18.124877
-30.072013
-6.853870
-16.058362
-13.957703
-6.233725
-1.571492
-4.657782
10.121045
-14.152336
12.650178
-8.159316
-5.336788
-12.791811
-17.784778
-11.724089
-11.798978
-28.176565
-14.422116
-31.078227
-13.259766
-17.275598
-19.396732
-15.617378
-24.082499
-11.494137
-9.128963
-17.543274
0.212976
-13.783512
-9.258460
-5.505161
-19.559716
-3.370316
-15.847666
-14.909441
-17.707243
-23.806019
-10.904641
-7.706402
-22.710792
-5.837592
-27.863026
-1.057890
-10.783878
-4.295391
1.849717
1.995660
0.294155
13.835515
-3.085590
16.826869
-5.224561
4.027533
3.479084
8.141871
10.981554
15.079655
9.479868
28.759742
12.830389
29.349196
15.874840
24.724201
34.039436
26.498429
24.842937
25.755512
21.126125
34.704751
22.991110
23.570049
27.740173
17.725006
28.911126
18.176410
19.039674
18.091186
10.962014
7.327777
9.583428
-5.045839
3.179688
-16.964228
0.416546
-20.846958
-23.288349
-30.076864
-35.524207
-41.045533
-37.776406
-48.740679
-16.654933
-36.777453
-23.389246
-33.216531
-30.821734
-33.646916
-37.047766
-39.115666
-21.618315
-38.751427
-17.130030
-29.691864
-24.121636
-16.809554
-15.860376
-11.790797
-17.703548
-29.558423
-17.658397
-34.688239
-31.380488
-36.595974
-43.256037
-29.862660
-35.944341
-25.692065
-22.384293
-19.603850
-11.802860
-13.333252
-21.623027
-13.055741
-34.694163
-24.298187
-49.012451
-44.466633
-40.159422
-47.436000
-51.186065
-25.304446
-29.840189
-2.410836
-10.031600
8.358468
0.543788
4.657641
1.965109
2.430522
-3.862018
9.321315
-16.443730
-4.527307
-11.066793
3.096647
5.520397
-3.932673
-8.939652
-5.246309
-7.871244
6.671661
-5.463284
1.930071
3.352774
-6.059720
5.298780
-7.070910
-3.093649
-2.626832
-8.589314
4.742134
3.952542
5.613188
20.920988
14.352519
37.832330
31.199717
35.810788
37.177718
44.273800
40.498556
39.683494
20.858849
36.781687
19.585169
33.437368
21.940211
32.109690
32.604075
35.923164
22.771802
32.542457
14.171646
34.378155
19.486749
37.766979
38.710259
39.811674
41.659394
50.040497
45.509437
60.402187
51.124394
56.918342
41.897669
31.993232
34.580008
27.667639
39.255141
33.979611
22.448131
25.221994
17.470566
21.988780
40.291215
30.994623
52.404838
43.165516
50.117012
44.321741
44.891387
39.472662
39.133988
30.099113
44.070878
29.407096
43.747811
29.917196
38.890090
38.268775
38.051417
35.655345
46.192715
30.257905
54.381504
36.168210
49.792832
38.893338
33.845918
36.892331
39.124953
27.941019
34.990023
18.956861
26.401308
10.898418
15.663756
25.397224
22.198071
30.929109
22.770854
16.384949
23.181662
11.953835
16.771286
21.395759
13.661220
23.070544
10.879843
22.120885
22.441188
27.526705
28.837794
32.975025
31.091343
51.158167
39.750246
52.277112
37.356616
54.178356
59.149579
66.924610
61.906323
70.251923
62.169456
77.279300
55.858206
74.056451
73.444931
79.820206
74.996628
71.272286
66.587392
77.259516
69.871822
82.780753
71.437793
77.569941
80.639889
76.333029
78.134687
64.252922
51.612616
60.834529
54.072205
59.527677
63.665372
52.872274
53.525539
44.467264
54.394002
50.493784
54.415174
48.298971
49.892408
38.355501
44.837238
32.875403
53.501309
42.009899
50.474821
47.491441
47.516422
41.632067
43.936413
20.696004
32.661122
19.156663
30.173027
14.476651
20.663796
23.444395
29.516633
33.624708
49.714847
36.172006
48.552059
41.576392
48.062764
44.322297
46.392900
49.347639
46.046798
39.420709
43.847013
40.304324
52.002280
56.397533
50.641972
56.471758
38.139994
42.625179
35.275889
30.658933
32.559216
32.758987
18.877766
25.831551
15.107347
41.416744
37.062679
49.835088
50.195989
57.289438
58.667409
67.216952
45.028161
53.431365
38.851375
48.291851
33.880152
36.065193
22.940116
17.473313
7.767516
19.179454
3.345826
15.742379
4.041824
19.566967
8.517337
-4.785078
-5.411754
-8.443196
-17.163579
-16.369971
-30.933722
-36.734245
-36.994693
-36.389392
-21.775427
-25.612047
-18.405768
-18.828548
-16.701025
-20.884300
-26.766255
-36.619631
-34.796118
-55.441052
-45.931828
-59.250974
-51.408098
-44.792220
-35.361616
-33.178604
-17.103345
-21.239835
-7.510118
-27.593547
-18.504200
-30.219275
-22.025384
-21.226478
-21.787033
-31.092718
-17.389116
-37.282167
-17.923221
-23.976629
-15.061774
-12.633616
-12.181758
-14.257717
-16.027142
-27.632431
-16.204866
-27.722512
-26.602109
-36.522628
-42.959236
-40.357190
-49.713179
-46.280146
-45.151661
-49.287837
-46.928903
-41.824659
-40.473605
-25.568778
-38.462828
-36.008022
-51.599014
-37.035804
-38.146815
-44.843242
-52.715774
-37.057702
-41.957643
-17.902835
-33.019212
-7.568433
-17.973023
-19.854066
-28.191301
-33.800354
-48.720610
-41.925151
-62.578200
-44.879456
-58.292878
-56.033005
-55.493635
-52.785359
-47.868658
-46.831167
-57.502629
-38.496576
-47.182364
-38.123211
-46.617258
-51.873973
-43.649140
-54.144106
-50.969438
-47.988463
-48.939358
-44.198662
-45.267021
-44.678581
-37.476352
-48.744802
-37.757106
-57.789502
-63.472161
-64.719639
-66.414583
-67.593594
-58.049970
-80.622589
-61.239033
-67.591747
-51.957650
-55.395119
-46.091100
-45.286735
-47.006058
-65.032798
-49.964910
-64.920000
-46.541029
-54.815229
-46.247307
-55.972434
-69.305340
-74.056908
-68.164633
-73.344430
-60.595071
-77.133422
-61.342867
-63.762684
-62.478765
-50.152287
-49.705311
-43.848598
-33.370154
-32.774442
-18.223812
-24.754037
-26.735380
-14.506501
-24.402756
-12.868882
-23.445280
-17.006206
-19.790891
-20.000634
-13.395594
-1.644461
-12.717883
3.200297
-11.763757
12.897944
3.425922
10.227684
8.915414
13.715431
12.676061
27.508417
9.808343
24.692507
13.470908
23.678862
25.491624
23.891847
21.330239
25.740525
16.182422
30.374739
6.929364
24.277289
20.254854
23.443875
27.109190
21.989794
22.040248
23.219477
10.179635
19.693166
6.492142
1.965917
9.618271
-3.299376
12.243912
6.944821
16.633696
13.089702
10.359184
16.617451
22.606835
9.011346
15.882932
-17.655967
-10.074264
-24.569618
-25.759112
-28.315116
-26.487133
-34.440310
-21.563923
-45.235540
-24.540581
-38.908318
-27.584227
-25.644103
-20.007422
-12.645378
-8.901264
-12.429839
0.273112
-14.974945
-1.292950
-7.720981
-6.840170
-4.795632
-11.497105
-17.420827
-13.786769
-15.688615
-0.319178
-8.569636
-1.610288
0.597278
-8.824449
0.697643
-10.282022
-5.940542
-6.537159
-13.014691
-8.585455
1.994808
-14.367833
7.777461
-6.617129
9.058755
4.724061
2.486636
2.874996
5.236665
0.118327
3.554731
-24.598794
-7.500422
-22.285063
-16.028699
-20.424939
-25.664900
-34.956181
-30.861365
-43.443309
-29.143274
-51.159100
-41.638896
-57.337561
-59.124969
-47.506195
-40.461437
-42.016050
-39.950244
-45.686203
-31.181764
-45.062269
-38.425846
-34.600194
-40.128158
-25.856728
-26.190386
-21.390150
-14.103064
-19.621882
-13.165639
-16.658853
-24.043507
-5.875015
-30.128427
-11.382623
-20.801463
-14.063691
-17.275056
-19.247074
-14.360434
3.116775
-12.070794
9.729261
-9.787118
2.907211
-1.785902
-0.301931
3.365593
6.690409
1.365525
28.362389
15.647380
30.099250
14.932405
20.045808
19.578525
19.470081
19.797164
17.763804
3.121541
16.824592
2.274858
13.837423
14.536678
6.070099
18.529060
9.366952
15.798772
21.181636
8.650231
18.982614
18.659731
2.515459
16.099345
-7.733461
5.583071
-9.711450
-13.904564
-13.623895
-16.588611
-11.349483
-2.451924
-28.872670
-17.322883
-40.599215
-25.042782
-30.797296
-35.119329
-29.460412
-20.211580
-33.680732
-20.318229
-47.967829
-27.236057
-45.531535
-40.716487
-29.806223
-30.904636
-26.324040
-19.116401
-28.224263
-4.044403
-25.714432
-20.242033
-21.612915
-32.597236
-17.401892
-23.864409
-22.137989
-20.972923
-29.741575
-23.634473
-29.379953
-34.745059
-22.618301
-46.637636
-33.850605
-42.539065
-37.594509
-32.080731
-32.854710
-32.751846
-25.628535
-37.023426
-7.296188
-26.942852
-9.099433
-7.997161
-6.812721
-12.143984
-10.954655
-14.214279
8.267461
-9.057462
6.204311
-14.289117
-14.660980
-12.398563
-13.837929
-14.451715
-7.861229
-19.067934
-2.740367
-21.264930
-13.580454
-14.808186
-16.320174
-0.376916
-8.027052
-6.335334
0.576752
-4.038976
9.421116
-1.290202
-17.218805
-19.442176
-28.873175
-11.760912
-32.512379
-30.364885
-32.995337
-42.071839
-41.813982
-32.581936
-53.030649
-49.724961
-77.524964
-66.649098
-74.167823
-74.102222
-75.983980
-74.303541
-80.894808
-49.459395
-65.159223
-41.678857
-60.469318
-57.866593
-60.524435
-66.861714
-69.848953
-67.637794
-84.550503
-63.055845
-73.926171
-59.583273
-68.359151
-77.657795
-68.067800
-70.795811
-72.744562
-73.139626
-77.034767
-62.603535
-63.799081
-62.427804
-44.747573
-51.954836
-37.136266
-56.994455
-47.697337
-42.018409
-58.113916
-55.825706
-58.592793
-81.824364
-63.965744
-94.171018
-78.959552
-92.754589
-95.073291
-81.913574
-70.671434
-66.202692
-52.741698
-84.111382
-67.359549
-85.890358
-78.439390
-85.017010
-87.253491
-82.431073
-80.257599
-93.694394
-71.726412
-91.196890
-74.365698
-79.452305
-86.970892
-80.464467
-81.864487
-78.210388
-71.047055
-83.461580
-63.155051
-66.838148
-63.520882
-48.848677
-63.093999
-41.659626
-45.583082
-43.365618
-34.026580
-37.905381
-28.874427
-30.413063
-44.741252
-19.825696
-39.827607
-23.325108
-31.737938
-31.554281
-30.168478
-37.073650
-40.511104
-21.425463
-45.115572
-21.733098
-38.125231
-21.752998
-22.678024
-22.777164
-18.671942
-12.216082
-27.424791
-4.935035
-30.165536
-16.440124
-16.610253
-10.671834
-6.254367
-17.361301
-19.126060
-14.019145
-26.667711
-11.584537
-26.054606
-23.862625
-26.978594
-40.626384
-29.591921
-48.112035
-43.919020
-34.558641
-35.787783
-25.830084
-23.565579
-34.584837
-7.036169
-19.048410
6.637247
5.977150
8.962504
20.301366
10.860249
5.781729
26.994497
5.223449
33.396155
17.260289
24.828438
20.291251
13.297677
25.720731
33.284907
21.094154
42.140194
12.708796
34.797895
23.875015
29.254905
35.744359
25.700725
20.633712
29.383886
15.639940
33.147793
18.456252
24.633435
21.871545
10.170480
25.869850
11.613130
15.415253
24.635825
9.409361
17.004195
21.384029
17.258181
35.877347
14.586019
36.155162
29.590546
37.248615
44.817365
37.502015
27.011361
30.880169
11.088276
37.716842
15.310371
21.415111
20.711315
18.730640
26.651666
31.470180
20.410936
47.946571
29.210985
57.066043
41.919032
40.589730
39.704552
26.846756
30.252098
37.308140
28.435558
49.776954
29.709371
41.623355
44.787983
38.029184
52.585613
46.021110
44.667892
51.258296
42.528587
54.238497
53.828679
49.493583
63.527384
47.733620
66.088618
57.228800
58.187565
51.322131
36.910799
30.493478
41.725816
22.932120
45.467035
16.297143
29.337104
26.642351
18.007188
17.832394
10.764642
0.015321
20.540662
1.470936
25.197873
4.081140
12.655316
23.411329
22.811007
30.626389
35.307927
14.385885
25.429287
0.762407
3.089578
-7.342611
-20.966161
-12.980953
-30.620947
-30.355301
-18.351610
-27.472333
-10.424449
-17.256867
-17.140957
-5.471967
-24.968831
-10.298960
-25.060947
-32.421355
-26.695194
-32.386223
-26.316393
-15.272251
-28.487980
-2.683416
-22.051759
1.469272
1.375728
-1.260357
1.400261
4.905003
1.404103
13.896503
-7.703080
12.061123
-10.869227
-4.739492
-2.134588
-8.357850
-6.535217
-3.713730
-20.363843
-5.023902
-34.254351
-17.813307
-12.341583
-17.611341
-1.733237
-8.535159
-3.301921
6.269578
0.862221
18.617085
4.527168
6.364043
17.765546
8.586099
33.164526
23.723417
16.778256
24.177518
22.898280
23.099338
27.143818
12.828754
37.214260
14.484734
29.888113
27.266982
23.037358
24.406821
24.394411
13.238461
25.568330
-2.341777
21.444986
6.946792
17.682229
14.040969
9.926634
13.710324
7.065263
-9.969052
7.467383
-12.466477
5.895645
-4.918652
-14.754140
-4.781629
-14.637065
-15.499109
-8.327052
-21.944657
-3.037733
-11.596245
-11.279173
0.786552
-18.000428
-2.418790
-10.665448
-4.081551
4.073613
-1.732879
3.973720
0.998117
-13.134057
5.941253
-19.555467
-2.083570
-8.067206
-8.356919
-1.679736
-4.232911
-6.761207
18.373790
-1.345353
27.960068
7.885020
21.359215
19.750623
15.469782
19.283609
21.513910
4.991654
24.509974
0.666643
18.359411
8.761903
4.033944
10.092403
3.933926
6.371268
13.297852
0.067387
12.610363
-1.632701
-0.072797
-2.191498
-14.819253
-3.118126
-13.357347
-7.185842
-1.199516
-15.294573
-6.413840
-5.954651
-18.741124
-8.325558
-41.184686
-26.416288
-34.849806
-39.195027
-40.135150
-43.556928
-41.202682
-23.087049
-45.261495
-25.293991
-33.904773
-17.991949
-22.089048
-29.378617
-31.149613
-33.858840
-47.400514
-32.385640
-64.149484
-46.927841
-49.923331
-43.397960
-34.359335
-32.614674
-30.203069
-21.897941
-32.262080
-13.019143
-26.443923
-16.900276
-13.736420
-26.230794
-11.136494
-15.289300
-12.047282
-7.091778
-18.977667
-6.635824
-7.436409
-8.574408
16.212210
-0.037159
26.420577
25.048420
30.155412
34.964483
28.373026
25.066192
35.895518
16.772823
38.609099
20.484916
42.977120
34.798132
35.234805
40.366104
42.755755
33.338643
47.301297
24.214682
45.917052
32.196116
42.796489
44.099211
45.158004
53.089331
57.896936
51.773298
69.722904
57.660760
68.391316
66.477450
58.735446
66.174432
53.956774
58.029609
57.486863
47.684680
61.680028
63.653826
63.080795
73.758552
51.149409
66.543841
57.477065
64.777250
65.442269
59.919929
65.948815
81.529421
71.712575
98.323901
75.485065
91.545708
88.610743
85.687400
89.971071
95.318705
85.182986
108.999688
92.386106
114.934501
102.524465
112.675351
116.395798
113.499006
120.825671
128.941189
118.250764
136.822655
117.378037
126.089589
116.325256
105.256195
117.492949
111.505546
113.584375
122.627076
112.024689
122.790304
117.405289
122.706872
139.326345
125.091000
140.132058
130.031373
140.530596
143.681984
131.119223
127.972554
130.078173
103.904374
122.759210
102.468936
116.853313
104.878637
104.249915
105.055532
103.180320
91.599433
100.825015
76.886533
97.709705
76.641004
88.374085
79.134365
71.218691
74.532073
73.586165
63.260340
82.505851
70.207388
91.667453
90.092523
89.220786
97.489309
88.383414
89.865243
84.836568
72.389108
82.750551
71.074181
75.535548
91.694548
76.788164
87.844362
73.998213
75.507158
80.177730
71.738436
70.138886
69.815249
46.582160
62.915426
52.340793
78.633813
71.007505
69.508896
66.322078
59.751757
51.463377
69.494502
54.478140
72.453833
46.558937
47.817700
38.502665
37.151053
43.870087
44.085012
32.042822
45.360255
28.645374
42.196694
30.432770
26.593466
26.903345
22.939598
22.936449
19.177376
10.683289
23.443459
20.075260
24.983134
33.210747
23.501416
26.783390
10.200774
9.623960
8.015212
5.877934
11.842947
20.045806
17.532439
36.357276
22.519767
42.268541
40.456582
43.579467
42.111889
44.255552
37.283401
46.965131
35.587452
67.019998
56.023910
72.418089
65.421763
62.783681
67.058772
66.640043
54.192982
62.192740
40.703222
59.900658
49.113491
48.098129
49.063564
37.676331
38.280784
42.141344
24.985156
38.215620
29.249633
32.304317
33.006756
18.412805
36.431190
22.236682
23.977933
25.523569
15.312172
18.168015
12.479430
4.114957
8.082734
-13.123444
2.794139
-4.348027
5.065426
9.800519
1.674531
-4.693694
3.499767
-19.117708
4.303792
-18.105563
-6.396795
-11.389635
-15.496089
-10.314870
-6.064146
-11.372786
13.606519
-3.479336
13.385785
6.509260
13.085064
18.741578
13.518661
15.595039
19.505378
5.818520
19.757295
-0.620834
4.905463
4.601364
-9.741048
-3.418653
-12.489218
-10.447839
-11.256729
-22.779071
-8.143805
-8.700468
-24.973380
-6.088329
-22.682992
-6.282577
-25.065915
-21.968274
-12.485521
-12.820836
-14.797414
-1.088457
-17.233161
7.537711
-7.795092
2.323328
-1.279728
-3.033649
-1.492365
-0.201657
-11.524797
7.078770
-11.104727
6.944678
-5.357875
7.748775
11.992288
5.070067
10.795454
11.745546
-6.217726
9.657250
-2.458951
11.234763
20.455421
1.019517
13.486998
7.187198
9.413681
22.137064
16.274744
28.379436
17.845118
7.358086
23.215821
1.981292
21.815701
18.700329
19.249272
24.068973
21.319946
22.085060
36.428057
21.315160
43.985454
20.981094
32.082860
27.069894
19.005704
17.169325
20.585699
12.604116
30.343584
14.776227
35.333302
21.786538
24.606422
16.712435
6.453123
-0.252987
6.585262
-4.044485
8.217269
-2.516271
-1.067045
-5.344211
-10.829360
3.603547
-5.366946
-9.499675
3.092062
-7.935120
-2.237232
-7.008194
-15.336752
-6.821615
-30.817614
-18.311778
-17.240048
-20.449055
-18.893303
-24.891425
-25.627761
-10.263705
-20.678549
2.449068
-18.656619
0.815309
1.984612
-1.596209
6.039831
9.597084
-3.648538
8.750272
-15.737506
4.233155
-9.357149
-9.027670
-6.173746
-5.347409
-1.736743
1.612292
-11.139063
10.165775
-6.253250
11.886224
13.531087
3.460786
10.121150
6.547734
9.019770
23.091442
-1.924694
6.564805
-1.290325
-9.871666
4.958525
-9.442374
7.293642
2.032255
-1.008277
5.537554
-4.264186
-8.455141
-3.660408
-26.312738
-3.876635
-28.525000
-18.337546
-18.115073
-20.387268
-15.440358
-14.607335
-19.662986
1.501372
-16.505660
5.397827
-6.022519
-1.635952
2.554739
-1.907731
-0.496582
-2.339209
-25.241475
4.724140
-9.275605
3.921200
2.858220
1.946954
5.379542
-6.427878
-9.125879
-0.761104
-16.202863
-1.432974
-3.015888
2.632753
13.353315
-2.218892
15.407879
20.792523
22.568595
28.000802
15.312660
15.796251
17.373830
1.557772
22.069132
8.974246
29.234881
24.865042
24.287573
39.834470
56.229084
47.454726
60.508670
35.070640
57.064039
34.142312
32.122143
32.088734
25.074557
26.148398
34.444458
14.166724
22.274290
-12.519799
-2.588327
-10.020979
-10.998293
-4.536309
-18.191420
-16.570877
-6.685305
-16.476767
-0.393393
-9.290879
-9.544732
-6.395405
-20.931391
-8.456090
-18.246574
-30.258171
-23.306697
-33.546338
-28.727463
-27.096236
-40.051095
-22.335303
-43.241213
-24.671354
-35.844140
-47.622204
-44.685695
-47.108055
-62.255857
-56.533443
-86.749502
-63.581972
-77.222139
-65.033864
-58.588444
-56.753116
-54.724622
-46.011581
-55.637245
-25.477029
-40.374153
-21.751890
-30.599327
-42.415224
-46.469931
-53.469114
-57.109103
-46.828049
-59.947107
-45.900062
-53.182795
-49.961792
-40.298167
-50.428516
-39.215581
-45.540478
-49.963660
-34.337698
-45.452366
-40.974418
-31.223785
-33.889660
-12.010932
-31.420868
-11.444952
-18.808483
-23.684397
-20.303868
-20.686638
-20.365590
2.226141
-21.310729
0.137243
-11.402503
1.743431
-3.405343
-6.498763
1.642529
19.537906
9.871428
24.781131
7.540496
19.578770
-2.080014
-11.047218
-12.058865
-20.822977
-23.301254
-11.446090
-22.115603
1.995840
-6.813754
-2.749639
6.399677
-3.274435
11.327136
7.401232
7.736208
18.583875
4.911201
7.491604
2.555573
-6.023644
11.342645
-3.990004
9.267833
-1.075625
-7.273860
-0.431969
2.781345
3.499509
20.341287
-1.089702
17.980761
1.417046
11.181630
6.899821
7.109854
4.854157
5.007297
-10.905112
7.369855
-7.210488
9.925980
-4.003587
0.284371
2.505512
-8.659984
-15.730091
-1.424312
-8.734346
8.648828
-5.778427
-6.130995
-4.800609
-16.087349
-9.403674
-13.292478
-13.470601
-1.390107
-5.471451
9.392599
15.769338
7.897860
17.638678
-2.643091
9.537796
6.388245
4.804378
8.573956
7.283879
6.922765
17.273424
-0.756783
26.134480
11.592918
23.558128
22.798662
27.490122
24.134471
25.314512
11.403215
27.094559
-2.097427
13.913732
-0.259320
0.929113
2.781970
6.172385
-3.518312
1.901518
-13.799811
-0.818846
-19.009818
-17.423591
-29.392310
-42.072425
-38.485577
-36.202854
-28.686884
-21.836986
-30.232432
-18.178383
-20.430469
-22.179209
-19.127466
-33.345220
-30.874466
-46.707422
-42.574736
-38.475715
-45.521622
-45.737608
-25.119528
-40.082275
-21.508490
-30.622158
-17.674533
-21.070968
-23.704284
-23.275379
-19.315062
-27.368503
-13.282714
-31.364285
-16.007058
-31.135568
-26.295211
-32.519012
-33.390565
-39.283374
-32.373099
-41.419756
-21.533050
-37.927298
-31.110408
-37.199398
-40.802081
-43.695425
-44.629126
-43.575460
-36.772522
-47.413582
-39.173062
-39.409643
-38.228219
-32.295404
-45.099188
-37.131475
-47.170064
-42.951557
-42.041555
-44.386897
-40.938633
-40.031111
-53.885919
-40.182060
-56.394599
-38.478016
-42.126947
-35.876208
-34.222212
-28.341831
-30.366956
-14.082366
-26.642853
-2.636670
-8.538703
4.361264
-1.060655
-5.105979
-8.657325
-1.571008
-9.347420
5.914875
-12.695307
-0.278516
-11.068554
-2.061278
-1.669979
-6.666324
-11.512617
-5.285265
-15.405012
0.265247
-4.017420
-3.667942
-7.227422
-20.229616
-6.454004
-7.120392
0.373250
-1.153263
-0.335406
2.926846
5.690473
-2.272945
0.108694
-18.080951
-2.385746
-12.024482
-4.929796
-11.303925
-9.073623
-17.085694
-13.337234
-38.657114
-31.975839
-53.934136
-45.690241
-52.654087
-47.644271
-47.559104
-38.708696
-44.119447
-25.444889
-37.674608
-23.905427
-38.982218
-37.913817
-35.011451
-28.110199
-29.002210
-15.913310
-22.978040
-13.521101
-11.462188
-1.763816
-4.142896
-6.276906
4.040574
-2.367697
1.760929
2.038960
-0.221956
3.071195
0.899922
-11.390419
-3.814861
-16.577522
-3.098225
-11.626843
-8.418023
-10.002960
-5.483935
-9.930190
-3.190419
-17.927346
-6.079609
-23.987542
-11.393693
-18.622037
-14.873042
-15.505655
-10.735772
-16.504339
5.307045
-16.465763
-2.293144
-25.253326
-28.062331
-24.374498
-29.760590
-26.638967
-19.889288
-22.841167
-7.229853
-11.148861
0.295086
0.538221
1.482594
17.541364
11.572643
11.870757
12.446406
6.851790
13.462687
14.805208
10.380294
15.627759
0.260858
12.377208
6.116394
13.241279
12.588011
14.341993
18.315646
28.811159
11.501487
30.599348
11.500577
14.745683
7.427742
2.449182
-3.670279
-0.698633
-7.325332
19.285103
18.878775
39.325530
25.461936
27.497601
22.141239
19.522399
19.279988
17.878119
2.506224
16.451704
8.609479
15.515214
15.009045
10.671801
17.674791
15.108074
10.861334
13.868632
10.414989
18.107049
15.105435
10.658679
25.652107
19.765051
33.729458
32.754651
31.758101
23.926460
22.763035
19.859595
37.887187
29.168314
45.849269
30.489738
42.809917
45.391641
53.658536
62.703312
71.636120
63.824720
81.102474
58.978486
74.770752
64.101565
75.440959
75.712004
73.271172
74.360715
81.387569
67.669720
75.510233
59.717947
70.604635
61.754133
55.129455
57.263712
55.018807
57.808711
68.991332
65.853128
71.107396
66.148847
57.188012
66.324348
48.854076
64.019015
63.691537
57.819778
63.730749
60.064194
48.045049
57.886298
45.149401
58.404828
38.492790
43.739806
39.596417
35.762591
29.860870
36.288285
23.523750
43.691238
24.525595
40.844723
29.647150
34.710105
47.404284
55.123729
53.903743
65.528742
50.007052
71.033701
48.714144
53.961176
50.458209
35.651867
30.044654
24.855093
22.018977
38.168257
31.364778
50.607522
53.975926
55.069244
61.905652
42.320273
44.220447
46.371513
53.970866
67.136820
64.990758
65.065545
79.930402
71.113970
87.944934
57.849739
73.137199
72.246999
76.240463
77.625936
87.536703
78.839990
91.338379
80.008677
103.778544
86.220167
93.693211
101.267368
107.026602
109.113805
118.692781
107.852578
137.325688
115.297591
118.694805
113.818368
107.251052
111.962675
106.532686
103.233560
112.542555
97.434057
106.079798
99.231136
92.252820
99.330268
76.299680
79.130737
68.014782
58.642371
68.392284
58.456468
61.958019
75.572460
62.865048
82.035730
72.310513
83.421203
80.747510
69.020150
65.149740
71.986648
58.705405
74.878060
46.920015
64.017465
57.499335
61.477000
58.794293
57.104714
56.116779
69.814046
52.698250
69.306041
40.378199
50.727515
51.494296
51.110657
66.204381
69.172057
59.753184
72.630598
55.980670
70.221541
63.159552
66.727317
81.406270
72.272175
90.096614
87.298625
73.986983
80.968985
72.566103
71.119344
80.783911
73.102206
92.297211
75.151448
77.789215
82.299992
82.483235
91.919425
93.265897
76.890695
99.070014
78.637203
88.446374
69.254358
70.025492
68.792018
62.526568
55.836990
66.596999
44.318020
65.617631
41.073553
58.482340
62.026807
63.330799
69.636798
63.443114
53.328935
69.223689
54.440069
74.299689
70.476972
70.877956
79.269061
71.794267
84.620051
84.494287
75.234019
89.962996
76.023642
78.114411
84.184164
65.153894
78.230880
62.133079
71.458523
76.095311
69.883345
79.576762
88.332632
79.111867
92.090917
67.944066
92.390491
79.445177
78.082843
73.924226
70.253516
73.711228
82.036512
66.370317
92.424689
64.728517
76.835544
68.780962
61.988425
68.621552
51.002280
41.020046
53.100193
24.542370
53.823851
30.652536
27.646401
44.301433
34.115863
44.178383
41.872452
39.383684
51.852942
39.055668
44.328613
38.061516
15.132050
25.972369
7.876843
16.667777
18.156990
14.921996
26.394969
21.411373
9.869708
26.131855
11.995720
42.414647
23.049933
28.725562
22.107341
19.132162
17.863495
30.913887
12.706632
24.684661
5.928363
26.789555
20.706142
9.789876
10.684677
9.312780
-4.185532
6.638451
-18.810391
-5.195867
-21.973475
-18.065162
-19.187999
-28.648317
-20.268554
-17.349811
-26.385681
-11.166259
-24.397690
-20.448290
-28.929600
-32.917928
-24.787427
-45.506341
-39.141592
-43.361700
-44.831986
-30.425341
-31.900829
-27.892291
-15.392323
-38.025054
-18.474360
-37.947746
-25.564933
-21.377176
-23.392574
-15.240790
-3.197999
-15.821701
11.030427
-1.566969
26.649186
15.764670
25.564592
30.505377
21.371260
21.311794
43.798189
31.227644
50.215551
31.337096
37.889129
25.803867
15.421178
25.286391
16.343382
11.002235
25.731280
13.528471
26.374213
18.700545
11.879091
24.643493
8.299642
24.516480
20.754062
13.929492
17.927770
9.135354
4.397379
8.461123
-13.449652
10.285217
-0.564506
11.528521
14.963926
19.771751
28.574651
34.943031
20.508585
42.680843
14.556586
27.076595
8.418558
15.159504
14.131822
12.404887
4.824923
16.404458
-0.878346
15.787249
-5.839640
-8.814302
-13.401713
-18.441794
-17.016254
-24.268512
-26.881779
-16.126051
-30.115167
-14.643874
-21.594505
-27.921416
-22.120522
-31.191869
-10.554735
-13.034258
-14.726410
-1.580551
-15.491299
-18.050004
-13.636890
-28.536779
-11.583484
-22.427159
-5.193386
-7.631972
-6.967914
-4.070479
-7.005379
-17.052788
-7.537654
-30.882503
-22.160773
-45.626175
-37.498879
-36.251080
-48.404595
-52.006622
-49.244332
-71.666712
-56.586373
-82.146473
-65.876013
-66.906393
-64.191947
-56.878592
-62.301488
-77.235327
-62.415842
-74.607477
-55.912906
-63.910453
-66.144803
-60.857299
-78.430240
-69.679961
-68.418979
-63.696476
-47.980006
-56.034709
-50.641154
-43.290419
-59.961270
-45.784587
-62.979641
-46.445971
-57.152909
-65.994738
-59.171581
-62.966087
-74.916013
-53.396814
-70.845452
-45.525277
-54.060863
-45.875351
-50.918300
-52.702690
-53.630171
-49.270123
-61.818885
-45.737823
-62.684049
-41.574349
-42.239641
-36.230941
-34.522832
-36.724846
-49.264228
-47.230450
-64.075871
-46.795857
-54.662932
-51.650333
-49.188941
-55.484398
-38.439225
-36.426656
-39.405558
-30.383042
-42.180035
-24.268231
-19.324239
-35.895722
-17.562066
-34.171318
-23.947975
-30.522168
-30.892199
-28.140506
-27.528998
-30.781932
-16.436260
-35.867417
-15.776894
-29.726130
-14.372218
-14.259924
-12.750635
-12.893064
-9.173894
-33.005367
-12.084477
-34.846099
-23.161237
-29.797614
-25.535357
-23.986335
-23.790714
-19.064232
-9.271997
-29.561063
-13.787616
-27.303433
-25.200744
-17.832145
-28.503805
-21.687895
-24.279275
-33.060393
-23.624082
-33.110247
-26.349335
-25.654083
-23.791947
-7.335104
-24.442090
-16.231413
-19.728683
-24.661698
-21.661857
-26.896142
-28.321516
-7.462913
-24.910105
-1.173643
-13.531706
-7.021148
-7.303585
-11.360992
-8.555459
2.771975
-20.561247
5.008931
-11.029079
2.350485
-16.146599
-22.161300
-14.726734
-15.030256
-17.578408
0.860194
-19.239472
2.403998
-8.840907
-4.665720
1.965911
-8.533240
1.413706
-2.016382
-18.304569
-2.014600
-22.225499
-13.911663
-6.350010
-11.715795
14.547312
10.010416
18.474292
15.511096
5.222946
9.660855
9.217726
1.890018
17.985246
-9.598052
2.172420
-13.465375
-9.724204
-8.158846
-11.941579
-9.392939
-6.003388
-21.823562
8.222447
-14.500665
0.264343
-13.386337
-14.628652
-11.054668
-11.027714
-16.438924
1.677427
-18.297446
1.992049
-14.011125
-20.314312
-28.377166
-35.490261
-25.568456
-25.148633
-34.887291
-17.514498
-37.691958
-32.051092
-31.942243
-41.777324
-28.031468
-41.506525
-34.509275
-32.689431
-42.729467
-34.378925
-38.174212
-40.988936
-20.358297
-37.782604
-13.047852
-25.530958
-17.889462
-8.923193
-12.337706
-11.783399
-3.070118
-23.632036
0.873300
-20.242064
-5.633289
-19.419496
-23.991490
-21.477410
-15.587250
-18.683657
-2.705725
-21.592224
-5.608942
-16.556337
-5.437428
5.123919
3.322084
13.725987
10.797270
-4.151762
9.456870
-3.714440
0.818315
0.881581
-9.685754
-0.670155
-10.148560
5.634470
11.109554
4.314794
18.254819
13.759796
5.965396
11.397849
-9.099361
11.536865
-3.189836
-2.567388
-0.916842
-6.992682
-4.945906
6.780216
3.674603
35.705956
17.474031
40.486779
42.044545
54.044337
60.409651
61.639440
56.045216
63.793964
36.502911
52.827281
41.602936
53.109150
51.160415
48.596030
55.880379
61.901507
51.262767
65.097358
50.906083
65.395020
65.883732
61.865552
65.872400
47.452893
51.715787
47.441962
34.418265
51.925023
43.407926
42.252381
51.086498
28.645407
42.683692
27.975440
29.844534
25.374823
17.885321
11.992230
13.971261
-3.585962
18.666388
-5.792931
5.083921
-12.867893
-13.151833
-12.822339
-9.318936
-12.368130
-1.492368
-26.771660
-11.986746
-34.697979
-31.465558
-37.489445
-46.806267
-39.990012
-32.160706
-37.984413
-23.358387
-39.794551
-22.204595
-24.915169
-29.670045
-26.456740
-34.374212
-29.160579
-36.807510
-44.505938
-28.671792
-27.101541
-19.652582
-12.761978
-23.088790
-5.509872
-12.872286
-3.209149
-2.364001
-7.264773
-5.616470
-5.568854
-16.834121
7.098240
-11.366123
6.182594
-4.051828
0.001241
2.213878
5.118026
3.365980
15.725503
-0.936416
28.843338
20.344025
36.878166
32.868186
35.264149
39.107752
37.580881
34.376489
52.901953
34.677763
52.186308
45.204304
44.267962
55.243755
50.237011
59.149497
59.367425
49.943204
57.623947
47.124218
50.346182
52.566377
37.578091
51.817667
35.255517
36.454915
28.579303
23.859403
25.983897
26.204843
24.695271
36.394198
15.635471
31.632171
16.578614
29.870719
29.322804
30.674565
28.817313
43.516058
33.670723
48.411626
31.826280
51.475151
45.030963
56.242253
51.861973
47.631029
37.281916
50.117804
37.829559
58.390199
59.757904
67.876392
61.999700
50.066811
53.688795
57.282705
43.987888
49.680412
40.867188
40.630021
37.432985
31.545262
46.446450
35.939090
42.692922
42.063182
43.701843
46.223383
53.763343
56.100276
70.968337
59.588128
70.759864
58.121846
71.009849
65.552922
58.643714
45.242456
36.289316
11.455185
28.679340
8.217894
31.466607
26.924916
29.559304
29.371283
42.024272
39.867850
56.826629
49.349525
66.947487
51.635674
64.092836
54.997215
53.751083
68.065201
75.136197
75.502669
86.910302
76.764044
89.237178
92.970181
87.417682
100.818269
94.850506
106.546187
100.566423
103.915019
115.143114
112.737808
110.525977
119.934580
101.374542
115.157725
100.173318
103.026936
98.240007
98.265755
87.466710
90.674320
81.784363
99.381258
81.650138
102.185209
96.918538
99.795374
98.630346
112.935043
102.214978
109.937720
86.946200
106.214325
96.725890
112.448739
107.638430
101.021036
96.808815
104.773203
103.291847
112.003354
100.263140
109.463591
106.374880
104.765982
120.098308
122.222808
133.151146
139.285651
143.215702
150.568864
142.822293
139.161823
153.533931
142.523518
152.450599
136.307424
141.660866
137.912943
144.820314
149.541308
156.680020
141.203088
159.785908
141.367473
151.533406
143.838777
149.336711
144.954577
148.259652
142.876842
153.195216
125.237722
140.309920
130.893628
141.568755
141.908178
142.734248
150.515052
156.690248
154.237247
175.308367
161.375711
165.406706
161.267516
148.693195
152.685970
142.952940
146.778749
148.510004
139.119041
148.878089
139.640172
131.450789
140.155538
123.391020
131.203784
118.340330
115.894763
111.161369
104.970174
107.962337
106.823921
89.015717
108.190840
88.103587
106.966212
96.440141
95.111707
100.022055
104.936604
91.836438
104.867339
81.733015
103.837639
78.270227
79.290834
80.258717
72.342734
68.481041
78.987030
72.794021
92.881781
78.235410
91.659248
87.805836
77.161703
86.700956
67.534115
62.928107
74.889764
67.600507
76.649688
66.959091
72.962220
88.591830
70.360159
80.365215
69.023779
74.267288
75.901744
72.182524
75.103130
79.982741
66.481555
91.895653
74.866784
96.928942
91.602976
97.044690
105.849873
113.350016
106.301740
121.400414
95.480295
114.299295
92.189707
91.590902
87.436517
78.776798
76.284931
85.487369
70.431886
89.117647
73.319651
80.200772
69.370794
63.168102
76.045735
71.685421
78.989911
83.280109
70.851619
83.556151
69.647371
73.411846
87.320181
74.228279
99.049764
93.402933
88.870244
94.992633
85.925635
87.496791
92.193364
74.266960
98.749836
75.912518
96.237572
93.958083
94.693364
98.424303
95.179365
92.873409
109.493152
88.183488
111.471267
85.386722
90.146401
89.172123
80.925865
80.195834
73.820700
53.915098
70.171186
49.002338
68.960834
60.849110
52.975833
61.156012
53.538690
57.056359
62.016033
54.540940
73.326576
57.663110
58.727194
68.070703
50.273367
64.645425
63.361958
77.308849
90.442923
83.025705
89.424982
87.369579
73.006190
99.840448
78.617873
90.502720
80.777963
82.435245
86.650592
86.322957
76.630428
89.763177
69.631336
91.616378
64.938233
71.989076
69.455885
64.911173
68.148100
71.795182
60.433804
82.559132
61.631351
71.634851
65.860286
67.491388
74.730293
68.015764
74.854867
87.734046
74.663562
88.709990
70.172246
71.328216
71.447705
51.920982
73.235059
66.658572
75.870893
84.665381
77.913637
88.787453
92.540018
85.042095
103.126801
70.854938
79.447613
68.532317
69.344547
74.153830
73.511097
64.964680
71.898523
49.713082
73.235646
49.209366
60.903123
56.077050
47.156024
54.631599
57.196749
49.027079
72.896977
49.085655
73.006034
64.019491
71.312216
74.809236
65.964245
66.718347
66.746133
55.955080
76.843758
62.764743
74.254968
66.788167
62.802383
88.680909
77.091145
87.856362
91.340204
83.746531
99.852203
95.535330
93.659833
106.991473
85.469153
106.850358
96.300595
101.620394
104.367640
95.864684
90.336829
90.898195
64.648213
82.605614
52.482326
59.868829
53.147341
52.805969
50.308716
40.387936
31.401017
59.567146
40.494568
66.623942
45.885860
46.401361
40.973556
31.487916
33.649328
33.613652
22.861357
39.107761
23.170019
40.354926
35.286061
35.212624
51.810730
40.927495
48.316367
51.921491
45.291091
54.501681
39.830698
30.790397
35.708424
10.135958
21.960576
12.786885
21.463020
20.992301
21.763309
31.887713
40.707166
27.675876
47.381325
34.224863
55.225900
46.148453
44.435470
46.633205
47.815943
44.818040
64.327193
47.775459
75.397306
58.172737
69.426988
70.189999
67.628939
68.683200
75.049410
67.032843
87.894169
68.436158
78.593011
86.930274
91.717233
98.306534
90.720925
101.930034
100.322463
85.976180
99.616006
83.165111
77.054285
90.277716
72.367634
85.183588
72.680341
77.250324
77.530580
70.508129
75.718406
84.235845
67.907361
85.747285
63.463616
74.941547
69.405713
67.834607
67.453321
63.208501
47.775186
58.684678
35.504873
55.105792
37.656649
52.975165
56.898854
52.140016
52.762636
56.902017
41.431908
61.952771
40.718801
55.744298
50.395273
52.836492
68.343753
59.437178
62.029634
68.430351
48.358778
59.869217
48.194463
44.253558
47.054299
21.290353
35.119664
25.338671
25.674309
40.852181
33.748706
32.323751
41.497045
30.195662
58.959184
42.303990
53.332221
57.324732
66.242579
68.037603
61.833268
50.113703
67.471601
52.085519
72.181343
49.233261
61.453437
64.310350
70.283894
75.714499
81.436373
66.845788
95.164588
74.530558
84.380568
67.923700
62.472700
74.049210
64.400904
61.642818
81.675885
66.655618
65.020044
44.860946
33.948435
43.899986
34.628627
53.935318
45.693756
38.801869
43.675883
41.725135
52.048671
56.242941
36.816038
58.694174
32.386561
39.055427
40.391660
47.655370
54.921055
54.681703
50.977033
70.269149
42.179446
59.478619
45.130229
49.650600
46.693153
46.735476
45.288989
50.763810
40.463675
55.346501
31.117668
44.584253
48.097275
46.794231
52.860030
54.370312
49.257445
56.615975
34.680030
46.232824
37.986557
42.576889
51.742796
40.804071
53.330321
50.537801
50.379238
61.313784
52.413665
52.639112
41.798632
16.204848
31.470509
11.901382
21.061169
14.942121
8.695022
15.659941
15.202689
-0.619956
19.704756
3.484118
28.484486
12.204082
14.385402
17.678555
25.502315
39.223014
51.382048
38.393425
60.903394
38.143486
56.494924
55.282591
59.594127
72.262871
64.908871
65.567402
76.841220
60.180467
75.181425
61.136136
67.765119
70.552305
61.802744
71.277039
69.695348
73.727259
77.352227
66.925448
72.329689
75.276708
62.590525
81.241642
67.890584
79.881662
81.871135
79.515016
83.815388
86.909437
83.173503
93.427311
70.998927
93.683209
82.389067
92.644029
88.062978
90.706117
86.843078
86.922581
65.840034
80.755578
53.644529
67.475204
53.528358
48.963708
46.791647
38.063325
29.897733
30.006088
11.601699
23.805251
5.369603
9.256227
1.661523
-1.836822
10.667017
-0.921470
-7.521470
-0.998615
-2.681070
2.615713
4.355240
1.193456
15.873104
-1.364298
7.083885
-7.594149
-5.380019
-2.878778
-10.041377
-16.175022
-6.117122
-20.677624
-6.828652
-22.273633
-3.703027
-8.859644
-6.284479
-13.346469
-10.113608
-15.255463
4.137397
-17.809888
0.446322
-5.220933
-2.064497
-0.108353
7.000834
2.221722
10.319048
-2.081465
10.840808
-5.456442
0.869868
-13.444546
-22.355238
-16.159866
-25.155382
-25.617324
-19.166340
-32.075181
-36.399587
-36.806454
-38.410090
-21.179462
-25.304578
-12.846418
-13.859724
-3.151163
0.938305
0.148971
2.555203
10.755351
-5.784151
-2.666166
-20.534651
-5.500410
-6.009244
6.109412
1.744912
11.164690
8.418757
15.670702
-6.319660
15.226137
-2.589708
6.170980
6.259928
8.772558
10.993302
17.253607
-1.195323
19.192728
9.632105
21.172087
8.581225
6.387195
6.493430
-0.568355
1.797415
1.812816
-8.876779
-3.484491
-8.179215
-14.278139
-12.503844
-15.524387
2.095332
-0.644087
2.322625
1.892052
1.648866
-7.151983
-8.605681
-22.042083
-4.654721
-19.341248
5.294521
8.778189
14.483098
11.413766
14.904797
6.773871
25.708504
9.356844
22.498194
14.582163
18.009513
16.867799
17.124095
5.839916
8.269929
-7.575526
13.705217
6.719982
12.178112
7.003214
4.526049
1.705146
2.738231
5.051346
11.212573
1.468948
13.906277
11.309587
9.949537
18.941261
5.437712
14.507616
10.998962
12.815452
20.981100
19.973312
17.036280
33.805369
25.324727
46.085419
37.476536
50.477520
38.904002
44.868689
49.264609
50.444205
35.184269
44.709522
25.672623
43.539777
34.435666
38.965454
37.078205
37.226191
37.355099
53.503206
37.508826
55.420729
37.386446
49.891665
41.636792
32.739354
40.072335
38.520887
37.129758
50.355492
33.865272
41.790871
25.259007
30.229303
45.908412
44.974469
59.057983
55.564545
48.755694
51.520173
40.674157
40.195896
42.978950
22.656079
34.239484
16.366082
24.101306
28.069506
29.347649
38.394995
45.790595
29.245269
42.089285
18.234782
28.171231
13.081453
13.323708
12.789959
15.946321
12.763784
23.791840
-0.064735
24.214297
8.421049
25.700956
21.826238
15.351299
25.336603
28.104563
20.491021
33.984146
24.436146
40.840927
30.056940
32.300678
44.475434
28.755617
39.655092
44.959810
49.607197
61.542332
49.477574
59.263379
64.255950
50.764771
75.363243
65.628205
70.992505
58.838440
50.551685
58.260055
52.145255
32.631866
44.381703
14.157767
25.589720
14.571695
16.362078
11.406440
7.637612
1.803809
6.348669
-12.776534
10.920707
-11.453055
6.436692
6.390516
3.909611
12.740521
12.556724
4.469178
11.034177
-8.994402
8.790578
0.699527
3.550511
5.522356
-13.954825
-5.105484
-1.069819
-6.945778
14.345272
3.367573
9.527248
14.016183
4.560870
23.232247
3.135204
10.116299
9.308433
-3.657668
0.200792
4.272068
-4.280119
16.864261
-15.819407
7.146076
-6.608999
-8.439622
-2.554139
-3.297517
-4.121329
6.044761
-9.974001
9.535552
-23.918123
-25.297068
-34.587104
-30.717495
-28.204219
-26.621418
-21.838999
-0.859885
-23.838106
-1.537395
-13.930907
-10.952856
-7.311390
-34.147739
-31.164761
-28.383106
-29.427267
-13.821476
-19.973382
-17.098906
-22.148395
-32.091977
-15.304837
-36.526843
-28.662759
-29.345039
-43.789253
-41.512742
-48.647448
-43.120656
-17.075082
-32.387160
-6.616355
-22.540449
-15.445912
-22.379235
-25.736570
-21.786185
-20.246870
-35.981653
-13.207481
-37.184069
-16.482844
-21.264496
-17.049902
-9.166668
-15.205413
-13.676392
6.572842
-3.287150
26.399959
13.470892
18.988676
17.381871
6.311037
21.307631
12.988330
3.867382
11.359915
-12.398560
2.573238
-3.368983
-17.371303
-2.806709
-16.790412
6.325832
5.202941
1.534856
9.572305
3.391421
2.353986
19.507703
0.445875
7.278531
-20.723683
-16.597049
-17.825662
-23.170117
-18.942586
-10.815957
-25.397938
-2.542178
-33.720012
-5.301133
-13.831372
-9.576532
-10.461078
-3.656131
0.438967
13.390260
-0.675352
15.828170
3.101412
15.305969
14.204616
15.557375
26.234164
19.496440
11.474375
18.464977
2.180568
13.641837
5.709222
6.582749
21.666230
10.358882
20.039793
9.183775
6.569074
6.296021
-3.207040
0.708774
11.922479
-5.667046
14.664615
0.989480
17.633410
9.843485
4.174056
8.066659
2.213693
-5.829924
19.448346
-0.399546
24.114426
5.803431
6.747026
2.710953
-2.705352
-2.957893
5.461382
-13.852576
0.728900
-19.652728
-3.433607
-11.449872
-18.065541
-27.057923
-29.366694
-29.567986
-17.735568
-29.539156
-11.907290
-15.874418
-15.628058
-6.174978
-16.749578
-2.961697
-7.621857
-6.581382
1.998431
-10.807504
-6.116414
-0.849798
-22.042255
0.547176
-21.522872
-13.833159
-10.983105
-11.052158
-15.583464
-16.584646
-22.219148
0.149412
-23.341454
-4.383717
-21.845126
-11.356691
-5.363688
-10.030953
-13.327800
-1.684068
-21.817842
-5.017466
-30.777494
-20.523230
-21.327007
-20.377292
-7.177485
-8.255037
-11.827812
5.984202
-1.674058
13.010475
0.663993
6.262266
17.299424
4.431307
9.066201
10.268473
2.702472
14.799658
11.802000
18.822004
24.547374
8.242371
33.054375
21.179719
27.045577
27.969888
20.137950
23.215459
25.401295
9.465743
29.086934
1.580719
20.748809
7.933727
4.752264
4.599004
1.410164
-7.912327
-5.226700
-23.251384
9.428645
-9.469222
-1.456452
-1.588680
-6.198529
-1.738172
3.298677
-3.931941
6.676579
-18.629602
-12.622918
-26.663621
-27.184553
-19.495033
-27.612749
-20.344527
-17.094821
-21.721194
-8.386743
-14.225007
-13.617329
-7.093380
-20.319459
-4.085945
-25.207805
-18.941277
-20.056570
-32.067164
-22.984285
-13.792244
-22.506566
0.146275
-23.878173
-6.959201
-20.845829
-16.883567
-13.750347
-20.169669
-19.094381
-5.948287
-27.094416
-8.186514
-33.002070
-17.282124
-25.160461
-28.057369
-26.175814
-26.175834
-29.849206
-7.514057
-19.142888
-9.377493
-19.035992
-19.687660
-10.238888
-14.469234
-9.838613
-11.021759
-21.426304
-5.158181
-12.440269
-4.688690
-2.371098
-13.581179
6.197417
-10.022454
-3.680004
-4.738911
-15.717220
-3.926939
-4.239256
-9.936056
13.350303
-5.434294
16.408164
2.714544
-0.439305
-3.848184
-10.315410
-3.540052
14.911634
-0.569242
19.707405
1.072628
19.877260
18.732172
24.020732
31.802239
29.476264
18.762165
36.375186
27.336914
54.885404
45.951452
53.055373
60.640242
53.163097
63.972455
59.952539
47.513269
64.157464
51.449580
53.116698
55.790252
46.260679
65.215919
62.137453
71.732567
64.242674
52.050905
55.782141
50.588005
39.597984
50.397812
35.245331
53.621153
37.121811
40.033950
37.763057
31.375499
25.174004
39.894285
25.142122
49.659348
33.049398
47.659657
42.329775
40.333376
41.841625
41.485360
38.289890
52.529091
32.470568
57.864681
48.210189
45.381624
52.438989
54.267871
60.710555
54.332060
50.027803
69.311154
56.866046
59.788814
55.737376
41.444763
48.437086
34.741428
29.836510
18.504858
8.475729
7.231158
6.262155
5.879877
15.726322
8.454566
26.614826
13.503702
26.710313
24.775094
22.799541
25.722199
36.566201
22.842631
43.733017
24.894686
36.373723
19.373441
27.110224
23.260597
21.751363
18.410431
28.745015
10.805959
20.173008
-2.825197
6.477635
4.019627
-3.376188
-3.250027
2.589743
-4.254098
6.178146
-1.227124
11.747431
8.998002
0.301776
2.219863
-7.056265
-6.299723
-5.130501
-6.957941
3.037107
6.203384
14.185973
24.352414
8.264838
19.134757
1.232693
7.966913
-0.246560
-8.198473
-17.791582
-14.517712
-23.480784
-14.440372
-31.629423
-16.233741
-27.707354
-20.811315
-25.083420
-33.346965
-39.350857
-28.724621
-41.994768
-27.888784
-43.018500
-33.589753
-43.810490
-48.617270
-51.859310
-46.046492
-51.673725
-41.131318
-53.119452
-40.030325
-36.901164
-37.601231
-36.627624
-41.273983
-32.589754
-29.174705
-27.968239
-18.869133
-22.771376
-24.616527
-18.454008
-30.423570
-14.105987
-23.119091
-13.902135
-14.741492
-16.294916
-12.962062
-7.836065
-19.933008
-5.516003
-27.903502
-9.760414
-18.817219
-13.880704
-5.915007
6.962456
2.430353
14.105535
7.030261
28.100822
10.454995
19.230649
13.964368
12.219299
8.255320
13.301977
-1.310971
8.193441
0.970583
19.713696
16.273180
14.409626
21.949062
24.514300
22.782458
24.386883
18.025707
21.035289
6.961389
6.293478
12.259371
-2.553153
10.959814
0.661880
7.783787
18.114918
17.453436
15.503568
19.023318
7.401810
28.947999
5.944839
31.284942
24.948664
26.772573
36.214089
40.386748
29.870753
39.241689
26.483409
50.109081
35.080099
48.560074
45.116001
41.293174
40.142427
40.918781
22.566640
44.771157
29.161694
38.569757
30.237208
25.730184
32.358016
25.199533
30.003644
41.446734
30.508962
41.767504
27.637969
29.254542
39.475295
27.919279
42.812194
37.557573
44.932643
47.812605
47.952377
54.139370
57.870803
44.509429
66.020213
47.972941
71.604339
68.422253
68.322157
63.646232
63.508701
61.747155
78.383649
60.307766
88.543288
66.905809
69.771941
61.211114
56.569032
60.457942
66.743700
51.017572
62.787053
46.930814
61.377156
52.331335
43.353259
46.468982
40.476784
37.886781
36.091126
26.375966
46.613923
31.997771
33.095323
31.790111
16.609913
35.598101
27.564484
29.786608
40.272897
31.983460
46.077512
45.100175
28.640220
55.708065
43.077458
64.446022
55.449397
55.779315
56.617453
53.400168
45.831426
59.774033
42.450869
70.388029
58.753907
74.191680
76.228517
76.306569
82.581057
87.343891
72.216212
92.651532
72.482032
84.082506
71.193054
71.931919
81.510252
75.833928
70.542007
72.062299
46.892882
62.435513
47.050188
49.955208
56.774884
48.690492
71.471641
62.442713
59.341195
64.531001
50.761002
60.678810
66.497627
55.211587
69.140670
38.940143
53.490198
48.749948
41.744654
47.937055
35.703863
30.432206
47.245092
22.559269
54.229458
33.822029
38.321527
37.122587
34.518179
40.010803
47.134998
40.036560
57.404776
31.583535
53.704355
46.370365
50.634468
50.370266
42.781675
48.602249
49.450914
30.305599
48.916941
34.557843
44.971072
47.490726
30.224631
35.766027
25.635306
22.661242
27.171885
15.853174
22.384079
26.254653
27.304562
37.814430
22.670152
41.885512
20.293161
9.318076
9.997027
5.305847
5.750274
13.790432
-11.036162
16.765969
-7.269481
9.181693
11.303685
10.827685
8.554459
4.303749
-3.926316
14.594442
-8.485490
6.035586
-7.907522
0.999508
-1.019473
-1.519895
8.726632
12.994607
5.809500
18.352905
2.205675
14.351140
14.305465
11.664250
26.923659
23.573489
26.225323
34.653451
20.439778
24.571589
13.311666
9.939766
30.334132
18.081737
39.113610
31.273244
41.296122
44.917351
36.466136
40.490864
48.880861
37.220497
64.833179
36.103969
43.946612
33.124487
39.274197
42.307332
42.856157
34.794616
38.918797
11.258694
31.895515
16.162821
30.093910
30.572104
30.149935
36.414407
43.846704
38.733224
58.722953
41.917212
54.113358
46.869912
43.788714
52.284085
51.105659
55.321412
61.209370
56.800162
65.412229
58.131672
60.257377
66.601957
49.576970
64.338063
53.348685
55.523794
50.012839
40.946204
45.461682
54.639877
39.051086
57.929980
30.597049
40.114712
29.655581
33.354498
42.671824
43.383813
35.072308
54.218202
31.820334
54.220674
36.124648
39.252374
37.833766
31.681704
31.094078
33.408947
17.838764
33.586256
5.731646
12.151576
4.616051
2.324600
11.947488
2.286891
11.953867
24.093484
9.201526
21.343559
10.987914
2.836453
10.499511
-6.776970
11.436125
-4.980760
-13.788021
-5.419918
-3.684211
1.748326
7.766422
-9.197362
7.506630
-12.192705
-0.237721
-9.394780
-11.890202
-9.772068
-12.927952
-21.714753
5.652422
-13.170235
9.836760
-2.369597
5.439870
1.314552
4.541518
9.111486
16.099910
4.369599
29.154898
11.631239
26.665504
15.807559
9.584356
14.630567
1.396470
2.215246
8.666923
3.847331
28.990997
21.957401
24.854717
37.734358
24.090004
44.516279
40.356369
38.132771
51.345520
42.506762
48.174143
61.988028
47.630687
74.270775
58.308006
70.526321
64.314607
63.093310
71.488791
70.497087
54.032538
62.366286
25.216953
50.370463
33.303030
34.254546
33.448595
34.122887
40.502874
55.055521
49.648648
76.651172
54.979526
70.145842
65.816757
65.940777
68.932183
60.600728
53.543834
62.990403
45.177323
65.908230
64.629260
65.463054
77.822533
64.511121
80.887082
76.933268
70.547040
70.804659
55.038047
59.145501
65.939418
48.974163
67.541900
55.554845
66.548626
56.842900
53.359728
48.991991
43.182146
32.233390
54.887699
37.340067
60.684713
51.641982
65.380855
71.307220
66.896645
61.777761
63.460565
41.438546
59.418514
32.593902
49.701764
43.341326
46.674563
53.338434
46.067334
41.342828
48.014152
32.071790
56.087021
41.349868
39.725611
44.336138
29.814575
37.554992
33.228803
30.067133
37.272781
27.916124
30.589697
32.173793
26.305364
41.508659
21.972880
35.115229
29.280893
23.749853
18.949441
20.571120
15.332285
30.885073
13.638797
35.373912
18.257837
25.765933
23.578965
17.942639
10.082330
21.837004
9.382307
34.330785
23.896682
44.420568
30.994005
29.539586
23.268800
24.310652
24.824964
32.565647
13.624761
23.494791
14.280021
28.536227
34.884745
35.619259
49.700756
50.577009
57.207493
67.942134
59.346339
64.240033
62.331654
55.798871
59.854579
47.718326
74.464212
76.377038
72.674640
62.886975
61.598647
57.821415
64.345422
43.940359
62.240685
46.430749
58.569492
52.113343
54.827840
62.618902
68.769113
72.930279
92.805215
76.601008
96.583170
77.483987
77.380596
69.101541
63.032295
60.264301
49.876490
34.241925
40.906883
19.450073
32.592372
30.790620
29.353386
34.311128
33.927454
39.604993
45.159711
39.706857
50.224111
47.341112
48.846734
61.398806
54.967551
66.311673
56.297221
60.287410
63.232599
59.314647
59.081372
73.659158
66.630897
85.496676
68.275173
78.053464
62.686573
65.549447
70.704045
80.610239
75.186404
87.740295
69.314215
85.294500
72.208650
79.447998
72.760531
81.056914
85.311467
97.059669
86.813236
97.273979
87.405239
101.487778
96.130331
93.270393
89.113716
84.989921
90.461594
81.485375
72.119641
76.346565
68.774978
70.828611
70.836045
63.638870
79.869105
74.862974
81.074264
74.324802
68.084927
67.649134
74.546337
67.188973
81.374736
58.473977
67.008882
56.057181
60.435248
55.898819
56.829804
43.596103
61.655042
42.437645
62.783223
50.409818
61.533301
56.414239
49.752937
45.093392
51.599805
42.422105
68.138832
49.801542
53.822651
37.970503
40.579671
41.838915
41.745691
45.208636
53.309025
50.550110
58.470374
50.585213
44.205829
46.658044
39.139278
51.405722
48.479307
43.107775
44.906290
47.469633
52.409093
56.317221
47.331372
70.353443
59.555653
75.654699
70.503163
74.803882
77.056280
78.107639
66.889701
82.758168
65.453908
77.770494
58.480203
64.290958
58.455858
60.774910
60.701391
72.270801
55.016848
60.748982
37.103468
46.500677
46.242963
44.013466
43.708456
40.708131
32.858783
41.612373
32.101079
47.054202
41.626275
40.584060
46.102104
34.504979
38.708477
33.677458
21.611717
24.672377
13.207132
12.965540
21.329174
8.181810
19.823473
14.550989
30.045067
20.432721
17.984287
29.607718
41.398522
32.426003
44.542891
27.538113
46.871480
38.229059
46.274258
44.574083
42.482593
44.033720
53.131924
35.781221
52.445315
29.237021
42.819639
41.017913
40.402228
41.503350
41.581502
37.056449
47.300452
27.032697
37.760837
26.771865
27.319861
31.267497
18.616280
27.198427
25.545442
15.450525
20.971276
12.972677
14.091956
16.599822
-0.225887
10.267813
-4.826428
10.329822
5.181418
1.379634
7.494887
8.353549
4.610626
16.821201
-9.845568
12.685201
-4.286957
-1.086044
-10.570068
-20.478901
-23.945501
-5.684997
-12.537196
18.317932
1.202419
16.896133
7.870578
4.956053
10.530483
8.004658
6.627282
17.513718
2.368978
17.779180
1.829749
-1.680732
2.961214
-10.431901
-4.558653
-3.544531
-8.421017
1.896053
-14.487973
-5.129044
5.693500
-6.974994
11.153421
-7.596591
-7.220643
-18.936785
-36.019169
-21.780228
-11.870765
-16.109578
2.677814
-17.727780
6.013490
-8.264287
-0.062087
2.177313
-11.555529
-18.060082
-11.772040
-32.143756
-5.905521
-21.371668
6.259203
4.190656
5.852291
8.136123
9.659783
3.720123
22.257981
9.051163
25.560245
20.519659
27.207648
37.881309
35.413682
48.567119
49.315804
44.039737
62.639403
53.018068
60.701868
62.921394
53.093409
71.099348
55.391167
62.853327
66.606397
61.245484
65.426141
61.898421
55.089676
66.390180
40.708474
58.829653
44.997099
46.674719
49.051516
42.916994
45.703717
46.736629
33.690719
59.713893
36.749248
53.480618
50.856435
52.717508
51.500603
48.734367
40.753693
66.840194
50.820799
71.493036
47.641908
46.588306
42.833755
29.908799
33.112132
30.161747
24.398399
41.942852
34.068113
46.941199
48.477714
49.380123
74.936663
63.210071
77.646164
77.681859
65.649458
74.041711
70.565811
68.193518
84.642877
72.504882
95.288430
72.751481
81.357097
81.380478
78.391966
74.560199
71.638633
48.671134
67.573870
38.743783
54.621563
36.573237
38.494617
45.004270
43.573608
51.287603
69.655686
55.810682
82.991371
65.722304
71.257287
73.766023
65.307713
75.016890
67.431182
54.645547
67.014806
45.925140
59.101477
57.380127
54.149011
66.664306
55.508650
66.140800
68.305974
72.246327
86.545596
81.770965
81.684373
89.403475
68.803192
93.860219
73.794291
74.872305
70.577124
64.775649
72.897522
85.331685
82.254777
107.605701
86.572897
98.428969
83.670679
86.101704
92.200316
84.699105
85.908309
100.696468
85.645069
106.474114
80.021368
88.199692
81.705931
86.403022
96.933515
95.045785
102.221707
121.673168
105.167379
123.051447
118.997091
115.457657
123.093252
106.648128
122.234958
121.156650
125.296571
139.197890
129.176699
132.257914
135.353456
121.688234
140.488459
119.191367
139.268821
142.958973
138.447537
148.994271
154.164552
150.672910
170.661031
142.446973
164.508237
147.086401
159.124083
158.525880
147.739535
148.425373
155.744238
139.809408
162.896359
142.409148
156.438773
148.918429
145.222878
152.815093
147.028016
135.136034
144.073661
127.895685
143.356519
133.744946
132.249712
136.983762
123.732092
139.230193
142.369977
137.892862
146.726292
142.944134
149.017848
151.320593
139.847464
149.816929
118.851760
116.820871
105.930346
100.634165
101.848453
104.422039
99.616529
115.069179
93.245589
117.210933
105.661973
105.157865
101.692897
99.994088
96.199144
97.422613
70.051142
90.008689
72.720190
91.177711
85.428181
79.658523
77.879946
75.760576
65.845414
80.092946
73.103792
95.998046
81.104548
82.597791
88.998683
77.884213
87.283741
83.738754
74.238440
90.925441
80.348797
91.530607
96.604117
81.136783
102.880624
92.633067
103.049479
98.940144
91.383141
101.441842
105.371077
99.280883
118.184605
100.009154
129.974828
119.528170
127.769988
134.402617
134.072076
128.840220
130.338813
105.287878
119.678959
92.788163
112.057387
106.946363
103.848098
111.832495
116.012504
114.169607
125.777996
108.482888
132.541087
128.786205
123.550388
116.086459
104.287124
106.415856
110.385204
108.136925
132.091670
126.600464
136.177491
144.714858
136.955456
154.421402
137.051256
143.427723
135.428744
127.268316
129.161070
121.821613
116.757116
137.875977
115.070851
125.815212
99.376835
93.411048
94.460777
89.151570
79.300075
87.007929
59.573088
72.543100
51.330062
72.780418
67.431565
66.592754
78.661524
80.223157
70.700989
84.257097
63.665073
88.067246
76.913965
79.238296
84.738043
76.249279
86.387626
87.911941
79.087125
86.482756
62.491943
65.620108
61.939362
52.500371
72.659819
62.327095
75.775723
79.391738
82.735045
97.148233
91.095675
84.739066
98.719022
71.617788
88.702103
81.106447
89.712043
87.018014
77.978132
74.504274
72.164870
52.632658
75.429111
53.774231
73.535222
61.641500
58.405359
62.858650
65.502663
51.673895
62.704524
40.484311
62.021003
41.315683
40.277855
41.284202
32.842694
38.945391
42.507356
25.822814
35.367377
16.591581
24.991824
19.952287
17.158565
35.465619
24.170075
32.585448
31.560736
18.513934
28.758420
34.595225
30.646166
38.730632
20.663370
48.459645
38.844094
38.861857
38.549946
39.624716
39.447876
48.051757
30.380340
42.489497
12.657874
30.965297
24.012603
16.345938
14.475818
13.579481
7.430119
18.919665
-5.310794
17.292933
6.039847
12.647108
21.410795
21.263184
25.196786
26.539074
18.706824
34.395147
16.638924
27.565415
22.273087
12.215250
19.078157
8.758097
10.095006
3.355696
-5.077408
1.409753
-14.690121
-25.174346
-25.454190
-51.645084
-34.346534
-50.690778
-40.893082
-45.464567
-53.551527
-52.463214
-48.728635
-55.268536
-36.541362
-53.002077
-34.010042
-47.469171
-44.929592
-44.906918
-52.561199
-57.214551
-46.281655
-68.323531
-40.939612
-53.195159
-41.373871
-42.400865
-45.622353
-39.042938
-32.154743
-40.378742
-35.222597
-53.344658
-40.183197
-50.287424
-53.554567
-41.326801
-45.040588
-35.823141
-25.504311
-24.481598
-16.824118
-23.444898
-24.471183
-19.774854
-28.203145
-3.918465
-18.979468
-10.811456
-6.402999
-12.060523
-14.787391
-14.958303
-30.412742
-11.444619
-30.670143
-18.212034
-27.814440
-19.711848
-23.055033
-17.489262
-21.326453
-12.195556
-31.200751
-8.023703
-27.116006
-20.063372
-24.048289
-24.229876
-18.664563
-21.024280
-30.785387
-15.944376
-38.198248
-28.796439
-37.408307
-31.816423
-23.188097
-32.208085
-35.440803
-37.128335
-44.208479
-41.051131
-51.309784
-42.512488
-33.358023
-41.228252
-21.956542
-30.903161
-20.310401
-22.301653
-32.897562
-34.779188
-35.813845
-48.811361
-31.725530
-46.586502
-28.131142
-39.951873
-25.517548
-21.338626
-13.173106
-13.947505
6.805286
-3.465817
14.173110
-4.626849
5.341030
-4.575475
-5.020203
-6.652868
-10.188858
-21.746399
-4.817160
-17.878551
-9.114282
-17.776337
-10.618335
-15.396279
-20.076939
-12.633851
-12.473436
-10.709403
-1.194136
-9.988989
-2.400761
-0.549767
-3.425403
11.250612
-0.457769
8.764783
2.467148
2.605054
3.883357
3.805908
-5.017231
0.287246
-16.230981
-3.242528
-14.890404
-2.486376
-10.103026
-11.706500
-15.493333
-7.213561
-28.214542
-6.280808
-23.908981
-15.813105
-25.166432
-18.373258
-25.527043
-22.428516
-30.575247
-22.395935
-38.469722
-26.805546
-46.901110
-40.316679
-49.792975
-50.615966
-50.532434
-54.891261
-62.399156
-56.959009
-57.521190
-49.100705
-44.389278
-41.697795
-28.268114
-30.923895
-20.106186
-24.008332
-30.231312
-37.946861
-48.488756
-53.668455
-53.838990
-75.098091
-54.897713
-59.327253
-41.985416
-35.407653
-30.919130
-37.135915
-36.243970
-44.241475
-30.235227
-48.271567
-32.528505
-33.978471
-24.161921
-26.224663
-21.760365
-22.075725
-15.053987
-30.062615
-12.142388
-19.977104
-9.051992
-17.072294
-25.000202
-10.493002
-10.634116
-11.449421
-5.902935
-26.819435
-15.536425
-29.445301
-34.705048
-34.491673
-38.328529
-36.305276
-36.919618
-41.097134
-38.610792
-47.935311
-58.753334
-43.153089
-53.756544
-44.276931
-61.692308
-56.259690
-58.804985
-60.351719
-72.741836
-70.275463
-78.819833
-65.307245
-81.284687
-56.297152
-61.447070
-50.914040
-54.192742
-47.359704
-47.106786
-34.561871
-51.972339
-31.964744
-35.180210
-21.752415
-21.115148
-17.872147
-24.680320
-24.286326
-30.231985
-17.114703
-17.857532
-1.793452
-1.763779
-10.877586
-13.395529
-20.352120
-14.327749
-12.972513
-17.694821
-19.122603
-32.354216
-37.139657
-29.196660
-33.726373
-15.628231
-27.175389
-24.680815
-25.363361
-8.414953
-12.677262
-2.391934
-19.036341
5.911303
-4.842886
13.154793
-0.003962
3.731750
6.931414
-1.937531
-10.774774
7.496039
-10.618629
7.096198
-5.036221
7.449283
10.417798
5.620881
3.872536
5.838180
1.601498
20.087170
12.150169
24.692553
20.201447
17.024580
20.028720
11.650883
12.282921
10.086799
0.334589
6.108819
0.981261
0.782612
2.071160
-10.787884
2.941740
-9.393323
-7.933911
-7.253916
-4.217098
-0.517304
12.686621
2.567242
20.609672
-2.730446
12.347529
6.455449
0.602087
-1.126886
4.314363
-4.429862
2.977147
-20.123621
-3.470206
-25.631882
-12.622846
-14.181400
-19.922764
-17.259761
-5.815165
-11.714985
2.846849
-18.783889
-5.343415
-4.474152
-7.341653
3.938449
1.005889
11.395381
12.248862
-2.015796
6.814937
-2.803974
-8.454683
4.167897
-16.438772
-11.252494
-27.784389
-30.916667
-26.322790
-35.024185
-34.530281
-27.203833
-43.140983
-17.889013
-29.468859
-8.663503
-12.052740
-6.773936
-5.987108
-2.754882
-13.468134
-0.390449
-17.595824
2.175739
-15.912890
-5.296387
-4.175318
-9.759851
-5.783562
-1.408049
-12.210516
-0.060885
-26.978857
-10.230341
-14.360967
-19.671013
-4.229192
-4.067602
5.072908
14.109445
4.284408
19.430882
7.266086
5.369492
17.070982
-1.439181
13.291053
9.129521
10.835397
20.078473
11.953770
14.818426
9.462340
-6.601461
18.877083
-1.591923
8.254953
-6.166656
-8.055736
-3.136774
0.578722
-5.914517
10.174040
-12.443986
13.272213
-9.448542
2.777713
2.551974
7.812448
13.465521
21.730002
7.637688
18.602155
-13.098085
-4.483287
-14.808787
-17.899708
-9.831890
-20.484815
-19.302477
-14.225049
-30.147619
-7.957580
-22.085041
-24.414101
-20.003691
-35.201286
-19.272988
-25.552202
-22.550360
-19.008467
-29.319854
-15.170078
-7.720533
-9.319331
15.643898
-6.044229
3.047016
-9.711549
-14.857651
-14.335738
-13.982454
-15.803975
-1.596505
-22.473071
9.298044
-5.774514
4.884456
8.406785
9.162139
9.668697
11.405598
1.703687
14.655674
-12.872472
10.158766
2.349405
-0.839396
7.962312
12.734337
16.175501
21.490783
10.280263
28.322908
14.448195
12.439572
12.333356
-9.048938
3.697494
-0.176935
-0.534589
4.328617
-9.215633
-3.867020
-4.990233
-17.072456
3.897539
-14.752403
3.740164
-4.058613
-5.314222
5.284798
-3.089863
-1.658842
8.988738
-7.569548
26.633674
3.883502
19.623108
15.971899
8.914830
11.146435
22.828233
8.436959
25.329139
5.025384
29.981845
19.061076
19.549594
31.443803
28.785317
23.261491
26.907424
9.682735
30.192213
9.778159
14.287765
15.764330
2.560282
12.636483
-3.290440
0.999334
12.648690
6.362004
11.558119
6.266961
-3.894850
16.387390
6.647714
26.632626
20.933981
24.665902
37.053822
36.265118
37.293361
43.400207
21.784592
44.790731
22.984317
30.494357
20.045515
14.178792
12.822095
7.544119
-0.854717
22.815992
7.794193
35.446172
23.713249
22.644204
23.985261
12.889137
6.309387
13.796001
-1.181507
13.856635
-8.497435
-2.170828
-7.552931
-20.304624
-11.687821
-11.606805
-1.274686
11.336423
6.808823
23.709661
26.037382
20.638440
36.925100
28.782016
58.540996
53.673504
60.798312
69.825872
65.743663
62.126296
64.302020
46.932152
68.558064
49.173520
65.213237
63.026449
65.120481
73.823537
82.793237
75.909115
94.817973
74.495702
93.228341
77.157550
80.530837
75.862154
65.256778
65.632923
67.045502
53.412458
72.308228
55.066188
73.868952
64.931083
58.830307
68.239787
55.674937
55.073715
65.285646
50.623241
60.134281
44.503633
37.924630
50.328287
23.985515
32.882634
21.241366
28.660303
40.710025
31.504674
37.743155
42.596523
22.402932
42.851918
19.341548
34.324468
30.164950
29.397696
41.059444
50.743028
51.892053
66.619927
38.505378
61.344075
46.660416
58.958707
57.945785
49.492182
53.766548
62.371428
44.549727
62.176359
41.127248
57.631026
53.638776
48.494892
58.142998
50.467081
52.069347
60.097307
48.543687
67.471730
56.294174
56.791884
59.908261
42.917739
63.255761
49.839830
48.654136
49.827485
39.329835
50.087498
46.957271
34.669000
52.762234
25.585940
40.255519
28.498526
22.559419
25.037413
25.348549
17.933875
31.132613
8.140898
28.539759
0.114940
3.431918
-4.134767
-6.751973
9.496464
5.698380
-23.828881
-13.512172
-31.708998
-11.780003
-21.902642
-19.890317
-10.646289
-25.700237
-25.039320
-8.510728
-6.881207
16.930842
-3.292953
2.956538
3.844893
-6.502314
2.310929
-11.765453
-11.173449
-7.120452
-8.576617
4.329430
11.065394
1.085347
16.105817
1.142433
15.851848
0.689911
4.156941
19.113716
16.916676
8.566102
17.574796
-5.521777
14.299622
-7.956930
7.263024
-2.274394
-7.787640
-6.488726
-5.267619
-11.263829
8.821334
-14.097124
-4.722596
-19.228052
-19.090919
-14.719402
-21.663813
-17.419607
-12.808256
-28.039288
-12.560296
-25.937118
-9.377221
-10.910647
-23.796844
-9.823025
-17.270688
-17.211239
-10.003247
-11.176897
2.637048
-5.383993
-15.038676
0.925675
-22.423368
-8.313002
-24.196638
-22.760319
-27.188201
-34.284331
-27.823778
-13.885549
-27.057195
1.001503
-14.198434
9.677988
2.844587
6.801842
19.735005
21.868537
8.288781
21.506805
3.690173
21.983876
4.787490
16.911928
22.182718
23.530475
33.038706
35.903196
29.916560
45.466176
29.088231
35.060122
26.219657
15.263566
28.779495
11.588344
14.000581
25.080934
10.072478
8.919410
-2.011309
0.734142
15.527042
-1.505840
18.998787
5.925534
15.864276
19.273479
15.968342
15.795934
25.019870
8.262178
36.810470
17.356410
27.336935
20.453593
17.104296
16.962660
10.455362
-0.159004
4.820853
-23.382157
-5.953672
-27.845789
-19.237574
-22.132112
-28.124630
-25.682559
-22.115116
-36.905827
-21.941757
-38.364333
-18.626248
-22.808558
-26.272085
-11.719002
-17.877081
-10.315486
-0.629641
-9.574070
-2.087536
-3.207566
0.007114
17.104395
6.002337
26.920365
14.589382
17.021529
20.481110
16.672117
17.601491
24.916316
13.895440
32.677024
15.282099
26.194429
16.136689
19.062872
18.431767
14.267981
4.578290
25.775662
4.220765
21.156256
2.411776
12.787064
14.211169
9.620134
12.985764
15.652028
-1.758547
14.533677
-0.710091
20.827919
22.936640
22.584617
33.508782
24.965754
32.045700
39.886294
26.125133
34.454114
27.839664
25.553206
29.411445
4.379259
14.188723
-1.225422
-13.730937
-14.436340
-19.617445
-11.379271
-5.186485
-16.325279
-5.770344
-31.612658
-19.330151
-33.086413
-39.041737
-36.660797
-34.523415
-43.152913
-21.053810
-39.850493
-16.306291
-30.601073
-26.774027
-30.342788
-27.784957
-24.066027
-9.637838
-23.640277
-3.197326
-22.716243
-10.225380
-10.797091
-18.078380
-15.238514
-18.577377
-19.626714
-10.867048
-14.268938
8.204583
5.237354
10.687074
22.814612
12.630204
28.802756
21.273171
22.208039
22.106338
9.638072
14.273704
21.300971
11.858020
31.588265
9.562931
28.135667
26.077389
32.839514
36.683058
36.853941
26.544312
48.637299
38.243638
63.207076
56.607908
70.846382
76.001038
84.406325
89.391360
85.783945
69.224384
89.035331
74.875863
88.776941
81.796243
83.888164
83.589393
74.131734
73.509112
80.025010
59.892911
73.898281
62.759877
61.180245
69.320069
50.765874
59.389237
47.388802
40.437333
49.029334
40.439966
40.689222
44.141888
25.182257
44.401633
30.861963
46.988357
33.036782
29.397808
41.369531
40.074854
35.288001
53.841276
31.543821
53.811726
32.883637
26.800831
14.685814
11.152240
11.467193
17.520308
3.223824
25.739139
4.747042
18.506583
8.768424
6.516416
16.739138
10.216532
14.176468
27.405533
8.210889
30.062873
16.551808
23.046868
42.579096
34.961662
48.740842
44.111554
45.196943
60.876385
53.874852
63.781403
69.042444
53.292955
62.307870
29.609607
41.019077
40.059815
39.595212
45.171917
47.600807
35.925299
45.927951
20.414778
43.515424
30.739812
42.516610
47.566764
49.916443
52.002161
59.266247
45.265219
64.552803
40.623442
55.022001
41.025036
27.602249
29.170461
23.890926
23.668604
25.318473
11.383299
31.290231
21.392615
23.636262
22.364154
17.087787
38.020169
35.633903
31.375127
34.294247
15.592249
27.102892
34.292362
26.009976
46.649492
32.705812
50.823643
48.979391
40.239226
36.903077
24.058429
19.243223
36.606558
14.470948
37.635552
15.218584
25.234990
24.463664
21.364721
23.534305
33.569260
19.734710
42.956120
16.656988
34.260625
18.131007
13.548784
17.924417
14.278311
15.284933
29.548486
14.462184
37.047225
18.505493
29.765212
32.889456
30.324234
45.735068
35.331764
35.932519
47.604527
32.934569
45.090288
43.871340
31.602566
54.360489
45.209345
63.215525
58.160103
55.969542
66.738865
59.221720
54.926427
70.179018
42.969305
65.304531
44.743001
46.200415
47.255367
49.895019
50.675540
55.206378
41.780405
65.970645
48.389628
73.184971
60.472262
59.154193
60.641143
48.397743
42.239749
55.060230
36.965747
55.283358
38.306969
43.772384
36.893241
30.722772
43.432253
30.486187
25.034408
30.856795
25.154443
34.052984
28.925547
26.694317
36.422144
31.564223
52.003752
53.541774
51.575853
53.622406
52.573755
54.524986
66.782123
54.561579
82.595319
59.856563
62.803061
54.048595
53.264236
62.899488
69.219298
62.056267
86.164418
71.890027
104.989984
99.826243
106.406029
104.221022
100.223311
97.864557
102.774791
76.914141
88.691276
67.145957
72.183227
69.330034
59.310484
70.666265
71.697329
77.169193
91.530113
84.710862
108.007088
105.975323
108.414584
120.669400
115.573231
129.551322
119.066063
114.936436
120.606382
111.887971
110.425295
117.039499
93.760609
108.924772
83.766554
92.107069
89.567901
83.754887
86.799479
87.690504
78.049641
99.994467
80.419792
105.230831
84.349529
83.435607
85.597726
79.681539
80.762632
88.126265
70.925617
94.799953
78.411114
90.042441
86.489186
89.810941
100.284807
86.650535
84.067664
106.743753
99.665645
112.484966
108.480150
97.482453
99.772637
93.772707
109.577432
114.851455
125.953294
135.255304
127.778459
126.843744
135.082108
119.630601
140.450496
131.349196
141.894296
134.392968
133.657843
137.628176
135.898077
126.212398
148.827896
125.996732
143.648495
118.201230
129.372830
132.864787
135.044968
141.995947
152.797145
142.053822
165.558782
160.717073
171.191290
160.230657
150.402078
147.962857
141.080761
135.260458
142.148658
124.391781
138.413179
127.340062
126.391412
132.676026
130.499742
145.822160
139.063570
137.021384
137.865212
121.178184
123.991291
123.781073
114.741664
128.112283
109.857468
123.378168
122.516161
126.163375
127.326460
127.108824
116.600082
124.841214
102.195755
122.640461
100.696460
105.780657
100.667858
108.530638
119.048283
123.608097
108.274545
130.934685
102.634771
118.699095
105.395193
100.301428
96.459576
85.992636
77.482233
78.657112
61.826703
72.604534
58.800257
57.173859
56.057908
42.914060
49.813380
37.980552
40.135336
39.806328
14.809383
14.334592
21.362941
9.597017
33.954370
20.672598
38.190581
38.459394
42.523290
47.709431
39.314262
37.922722
43.190350
20.213769
40.972456
24.305495
39.927110
37.242945
36.737572
40.006863
56.085002
43.991963
58.567148
32.885990
40.526658
18.585998
12.518292
9.155618
7.012371
7.460161
20.029893
5.104759
23.074563
14.260602
24.717732
29.766999
28.552247
34.171247
16.519374
9.606062
13.044299
6.239490
12.181864
12.943364
11.799351
30.467698
19.607549
34.712521
30.266279
36.275235
48.966410
53.026848
48.802446
60.555406
39.416590
56.506990
38.106825
50.469153
49.857879
49.886737
50.730700
59.768738
48.821501
64.166558
45.588274
56.005558
44.390301
57.541449
54.893437
52.897931
57.578356
75.673286
66.365140
84.761284
65.184628
70.799697
68.480217
67.476891
75.452438
66.637251
62.707870
67.678790
62.909163
67.835375
59.417001
55.911198
64.825631
56.362364
68.631976
51.605321
50.512465
53.193650
54.036958
56.297574
65.086458
55.941874
78.362802
64.156038
79.474254
81.029598
84.890705
79.907462
82.351870
73.433462
94.168652
73.085649
92.645040
75.799514
87.579444
83.544099
78.849140
77.787275
84.687005
67.585687
80.922383
68.574371
74.435473
64.985215
63.731401
55.045355
45.259428
41.017073
51.824075
43.409527
57.300854
54.665726
52.314806
59.535045
36.294548
37.472828
21.689988
22.749951
20.681086
22.693833
27.541847
36.157631
26.777577
46.372296
38.095152
54.963235
51.865955
58.574630
54.585132
55.683073
48.928706
67.693642
48.201866
60.428708
52.310997
63.429385
66.296002
73.784799
78.884249
87.427660
84.847646
107.002449
83.693885
93.054888
84.653044
79.983849
89.201849
81.919748
80.414433
83.385464
65.820577
70.050252
56.516166
58.723653
66.919856
67.524056
85.824728
85.233782
91.006953
96.932583
104.520535
110.907646
120.100208
108.106253
115.081816
92.207996
99.560210
87.767970
88.483641
85.386081
85.216201
78.750477
94.364162
74.144402
93.958316
73.078851
84.533948
80.857240
75.831471
70.675477
74.514933
62.350566
81.273451
63.230614
82.908799
72.538508
81.805454
92.519055
94.819614
96.670018
104.040813
93.870755
102.305278
96.713086
99.334855
106.231316
98.300475
113.647569
113.158279
121.834952
130.590373
122.534999
124.069222
123.304508
110.498502
118.333827
104.340556
120.322372
111.958357
111.486299
115.975806
126.225749
127.958808
137.798622
126.030661
148.589526
133.572931
141.063008
130.014508
123.452141
112.313867
114.680323
101.820494
111.732715
92.407063
110.937452
101.852503
112.713068
111.773871
111.522528
113.168593
120.406164
110.451224
122.629691
112.737413
125.892918
126.200787
122.277637
132.087336
128.839639
137.536180
141.312001
133.293701
139.796343
136.654586
122.653454
125.347013
109.087480
119.091897
110.316785
111.705185
108.934696
113.079674
114.999058
130.444594
120.768013
140.036939
118.107112
129.130934
121.941218
119.302681
118.667521
120.491046
109.822555
128.681423
117.908229
141.977147
131.223660
132.057477
131.025235
132.762922
138.928702
148.265770
134.114695
143.295062
131.697922
138.736035
131.658904
122.451482
127.611692
124.357657
116.952820
116.464934
104.653810
109.388377
114.178194
108.630335
120.998618
111.162220
121.065491
108.843341
111.585267
106.299931
104.367087
93.521715
92.959371
77.289861
90.907858
74.750653
87.212316
77.696673
87.212491
86.376485
87.904144
79.868644
89.306286
68.960054
85.013811
70.410248
77.335970
81.622269
80.511138
73.708377
87.180838
81.628225
100.277790
96.159587
103.574725
97.353100
91.480026
95.520854
88.085448
85.854101
93.270220
94.086125
106.180807
104.860561
108.424064
119.934286
116.316412
123.905151
112.908046
118.592416
118.303199
114.178317
114.382357
128.863483
119.376769
128.496802
104.754994
119.106878
119.259811
121.168656
114.797851
116.914014
98.824902
112.370142
87.166094
93.145124
73.644986
80.164262
82.750334
91.485401
90.814619
96.979344
85.039238
101.914021
93.757973
102.907880
100.789913
106.677508
106.990398
93.347070
91.771953
97.751442
92.448842
100.641721
91.145633
96.418382
106.065510
97.734590
107.018536
99.339779
99.396761
102.133230
97.846990
98.083489
96.225023
83.652825
101.785735
91.502151
109.755932
108.458345
113.818892
106.141003
109.951069
104.220179
119.827993
106.396153
125.968315
112.971001
127.908923
123.290719
126.416723
129.231030
129.955928
117.341372
135.182967
123.942275
142.149063
148.191994
151.119192
153.823493
156.654272
160.012241
174.115701
163.668454
167.480777
156.613208
153.932533
146.262317
127.799778
126.405621
122.209936
129.130143
131.461074
130.886410
128.841675
129.692392
121.895085
133.023147
118.542234
123.728866
110.269899
115.018550
115.276526
117.798945
103.192626
112.292893
101.209387
124.845155
116.693319
130.412019
119.256096
123.380425
115.535404
117.743919
101.905359
106.742700
88.138321
100.127376
100.796185
112.668163
113.101969
114.980569
114.949857
126.871967
118.685474
132.795942
124.728522
122.693033
125.964401
108.261951
107.765789
101.368810
107.074731
114.269949
107.550904
114.541081
125.273112
118.277973
126.784649
113.468545
132.085447
122.915158
121.954195
118.675499
117.213802
106.876182
112.237894
93.500846
104.917980
85.187795
99.880120
96.241314
97.700940
98.330416
111.204042
115.073456
135.462593
124.571873
140.880620
126.828291
122.686932
115.059755
96.869583
89.295620
95.468489
78.637713
85.306755
74.273023
78.005318
83.300765
80.629955
82.924978
74.774448
74.053494
65.744762
52.851256
57.638485
51.891133
38.644549
47.838492
36.816645
48.842785
36.863587
37.099543
29.470410
30.186823
19.497886
18.638153
0.618418
22.130178
1.308392
2.016357
-7.441210
-4.408837
-14.949931
-11.194243
-17.361744
-0.184055
-13.614480
7.650678
-3.976750
4.908690
6.789985
4.768650
5.687524
10.217742
-2.342136
15.316594
-3.986161
-2.533152
-1.547331
-0.495546
11.375064
18.354134
27.965484
32.042721
33.408619
38.754173
30.938105
34.437849
40.314149
20.450985
17.636814
6.769392
7.398879
1.061612
-6.951946
-9.214363
6.881720
-3.010939
10.855007
-0.475020
14.832049
10.090100
14.062196
5.977629
11.027532
3.219759
16.948953
-4.237887
7.763127
-6.707401
-2.768038
-9.527975
-10.616009
-20.881858
-19.607161
-36.986159
-25.062462
-31.467550
-23.418766
-31.062661
-32.936946
-29.316227
-34.968720
-28.803464
-25.671735
-30.004976
-22.204946
-24.674648
-20.409244
-4.586677
-13.731822
-3.906640
-6.381350
-1.057149
-1.129416
-9.593768
-18.635642
-19.736605
-30.988057
-11.152443
-21.249764
-5.735469
-15.150396
-12.193570
-15.861370
-6.493718
-15.174015
-4.035952
-24.690375
-6.855224
-21.228051
-11.540191
-8.518711
-4.890027
-7.871473
0.572601
0.018027
11.675155
-7.745348
2.123255
-2.909213
-3.211063
-7.903339
-10.327518
-14.095433
-8.646744
-17.263760
-6.179057
-4.077501
4.296869
13.459464
3.183068
6.137122
-3.154184
-13.693778
-25.273772
-29.163756
-29.700933
-19.450567
-25.778918
-7.842935
-15.101486
3.955304
0.724374
10.149915
7.033276
9.252015
1.749352
14.366259
-5.618403
1.910949
-7.499344
6.328235
0.476377
8.502064
7.055944
12.863544
11.785388
30.909447
23.244159
33.151763
21.805263
30.670934
33.209425
34.148797
34.297354
43.809898
30.497760
36.205082
36.060948
35.733094
38.756214
30.722254
41.134531
38.343104
38.977217
41.636085
33.933930
31.779594
34.810724
22.613018
45.115900
27.098820
31.514117
17.987541
21.345641
22.020870
22.236477
17.525190
26.635771
12.519367
34.684652
26.026132
42.083322
45.473170
52.819546
50.456392
53.748697
39.985714
54.971159
42.719327
54.137647
39.793540
28.174059
19.404882
19.231976
15.534220
29.359081
20.755854
33.255677
32.568731
41.501338
50.260664
39.285146
48.422216
47.585968
52.598400
53.188799
46.521742
39.152397
38.818092
33.774473
51.142052
34.625381
51.474171
52.325380
54.762949
51.786271
51.766106
51.028536
63.013278
46.415453
62.937174
57.699267
80.671150
84.237887
88.512762
83.687183
89.182041
74.553856
84.481184
67.984939
78.021173
65.221036
62.288485
53.939023
44.841349
40.634330
54.470244
45.475851
56.174448
45.515877
51.846224
54.980399
51.117318
59.806359
50.569481
37.149998
38.592886
33.737624
39.582146
42.430920
33.730732
45.579163
39.879981
55.452809
56.212193
66.045521
71.831874
82.198024
80.660912
86.601972
66.986144
85.139603
60.334141
79.304711
79.274955
75.479960
71.523761
73.786082
63.058070
82.584901
65.524654
74.224600
63.869191
80.457681
83.958312
87.306684
87.229998
98.714950
86.591434
105.942716
96.492139
105.847717
113.802868
114.311963
122.740365
117.413857
119.945242
120.151975
116.261240
115.444563
108.340409
96.981608
103.927412
89.627690
101.547557
96.695766
94.425106
97.518857
94.244671
90.390195
100.560411
75.761576
98.488648
82.265197
88.402838
84.973544
88.204681
88.468279
101.258675
82.063472
99.128738
80.649317
90.289098
71.453213
62.330525
58.849375
55.550463
46.642258
53.147371
33.629953
54.440430
42.639236
53.124201
59.129036
53.979118
59.751349
61.244109
52.470892
52.225574
38.004237
48.053439
60.213594
54.931634
71.556216
61.633982
73.220625
74.096092
64.981384
70.349568
63.373765
54.210666
68.782158
58.190605
86.636188
76.199212
87.984202
87.172508
91.332376
88.341824
94.470043
76.154778
91.102919
78.612601
88.960941
84.776891
85.793105
88.970802
96.386131
93.006090
103.796767
81.034643
94.254652
75.017586
79.026416
80.107070
74.433521
77.618749
78.742595
76.241382
87.443016
74.534735
82.572720
79.851711
73.887027
80.421430
66.828724
75.707150
71.355625
65.034726
63.500502
48.056362
50.200949
65.447198
44.726994
64.270379
42.403185
48.204996
47.556129
45.161423
45.813701
50.236196
39.717749
54.746271
33.378243
52.828038
48.951756
50.076526
45.320812
44.054118
37.566708
40.511963
18.310155
44.461283
25.393954
26.901868
20.850631
17.643131
29.225988
25.203686
16.570458
24.691636
0.210297
8.398183
1.811815
-4.717976
11.465376
-1.977839
6.565245
10.251504
5.815345
19.309594
16.694431
17.755750
32.700932
16.443099
33.355806
17.706835
34.030384
36.204500
32.227444
36.954089
44.686621
33.513701
50.484404
30.387439
49.322058
31.853685
34.380711
39.297864
43.329066
45.802702
58.815454
39.545149
65.299275
53.298104
59.695796
57.083805
49.029779
58.481491
61.614215
59.847543
66.968493
50.206640
64.678372
55.448511
53.772964
69.070830
53.326378
52.891354
48.516968
45.475657
60.060674
54.074399
51.835174
54.846157
34.832339
46.433497
27.196005
34.196944
28.661846
26.605658
32.909283
34.113286
27.931021
49.036292
27.771532
42.310624
24.032269
29.194832
27.467887
26.775275
23.246923
36.092940
20.855027
46.408474
31.651683
48.397180
44.064465
45.248804
55.993265
52.289565
38.587807
47.636896
27.240752
45.505526
35.774070
34.171724
46.352582
39.816585
42.107480
38.831055
41.114509
53.995202
57.641230
70.842215
81.498838
69.727775
89.644258
78.455670
85.391929
84.926260
69.559527
74.924578
78.993429
67.775835
87.069662
65.488930
85.914224
66.972528
66.810174
64.703710
61.709963
68.364716
77.829431
59.858931
88.559432
67.735384
82.405094
78.165638
72.928813
76.773143
68.691857
56.692514
78.428669
60.246341
80.671683
72.840727
60.882952
62.310871
55.219362
64.678703
63.487078
57.091979
69.914515
62.786150
66.864557
64.260351
53.102006
76.618446
62.196623
68.802374
62.126339
56.608839
63.331227
62.430301
50.762812
62.879636
41.922126
63.994230
47.340198
54.603821
59.052937
56.315049
53.814347
64.788085
50.814356
72.781859
46.453509
63.904747
61.488358
60.299950
64.694587
61.549408
48.692319
51.776949
26.299070
48.580417
29.514108
35.166607
45.989784
36.784734
43.810938
42.679426
33.419363
47.382024
32.116795
35.944378
39.550643
31.090415
55.924548
38.857720
48.447225
52.710907
44.059038
57.110724
55.145511
49.329628
70.955944
46.943029
73.264123
57.458709
64.907871
60.699874
55.463018
55.722630
62.488581
47.696907
75.145933
51.452628
70.935708
64.477006
69.563389
85.247632
84.294538
81.557187
96.948863
78.339279
108.630559
88.282173
85.059415
82.340703
69.130637
74.430846
71.365532
59.846991
71.694880
56.878795
72.049553
67.203441
63.889888
79.877183
62.083914
76.024322
80.088209
74.544472
79.841146
78.061517
68.429214
79.942772
66.168401
88.817878
74.149765
86.497925
97.048977
88.726039
81.125203
75.295798
56.796298
83.679682
58.330367
79.450836
75.970151
81.780158
87.621520
91.820315
86.765700
97.722269
74.189165
103.380381
87.582739
93.594826
87.800608
79.335881
77.237701
70.481444
66.976116
82.987964
65.661189
75.862991
70.076992
64.215284
79.168010
67.276220
77.770401
69.786614
65.535101
83.094347
73.190523
71.456338
78.018046
50.416826
63.059745
46.173489
54.278707
50.244506
45.096300
50.132277
60.516946
52.270777
71.960793
54.650928
78.985349
59.605149
55.809544
57.659881
45.744053
38.271278
55.753366
36.892047
51.026829
34.980194
47.986258
39.336305
32.270600
42.916484
41.172773
40.749688
50.915517
35.382711
55.041289
48.441099
44.224263
60.283060
46.851713
53.454463
43.496744
34.842325
46.186082
37.326886
42.020266
50.191901
31.371314
47.307805
27.606544
37.231171
37.651931
34.086472
32.798974
34.513912
20.407624
38.820693
14.041327
38.974313
29.547221
32.905949
33.769881
39.165912
44.686711
56.084572
36.848283
54.802416
37.716595
52.235284
44.549962
49.258002
66.018797
73.082400
74.677325
93.151936
75.283217
89.645559
77.084521
75.647544
86.617298
68.261756
67.538806
62.053601
50.444348
46.198291
25.116882
27.606234
34.008846
23.609877
44.393439
33.203554
48.740426
48.278964
50.633000
54.544507
48.707115
37.767479
51.169782
33.575210
49.118409
28.689145
30.813720
26.307530
16.039585
18.975946
35.997336
25.282935
57.613322
40.487792
59.792862
57.594504
61.777709
72.587813
65.006061
59.691258
70.204903
54.318053
64.776701
43.223443
40.570930
48.082373
32.297873
38.568491
30.543259
27.361673
40.139981
22.425793
29.304842
32.190275
21.371348
33.969316
22.206124
34.992124
27.921654
30.262147
36.831073
28.442628
24.374092
44.901518
23.285463
44.354897
20.250321
35.489442
33.681618
28.517504
26.498040
24.357318
18.003115
41.118989
19.703533
40.840674
32.492668
39.963317
50.879354
48.994402
47.699055
63.823038
58.221199
79.476544
60.229542
68.901591
59.246181
38.857795
42.339821
34.464735
31.392765
44.873609
33.429645
44.923637
50.136892
50.056398
64.166210
50.887092
71.022500
64.893432
59.278609
64.155596
63.676478
59.779927
64.268699
42.716601
61.398763
43.451053
46.229218
37.256778
32.281349
38.015647
37.005265
29.938283
57.497242
43.459914
61.069374
53.533725
63.856615
70.627762
77.298950
76.605691
80.715562
57.002198
69.048723
49.805855
53.517769
49.264263
42.542262
52.758507
49.711460
47.267028
53.717784
34.778261
48.090713
45.453184
40.753050
47.150250
37.388072
49.290504
34.078693
23.552748
28.043351
21.042915
17.750847
23.196727
8.966996
31.360114
22.879893
45.192308
42.130305
40.044065
38.149700
36.505735
27.199364
43.166010
22.871141
48.087542
41.872860
52.491087
57.133137
51.075373
47.765518
54.357096
34.107000
52.822876
39.510793
49.591370
48.819258
49.971918
57.002925
55.587418
49.642575
59.652353
46.763429
64.075514
56.353644
62.304364
68.622938
56.697131
68.723833
63.875610
61.223554
68.053616
53.833382
60.443494
68.994052
51.100987
71.878910
53.835793
66.105604
57.908150
50.341755
49.344226
48.778542
34.219642
48.075539
24.983314
53.118296
50.652499
66.009289
67.994222
63.585952
58.078888
65.168646
43.304916
55.598167
36.365882
43.043665
39.485309
37.838369
46.846020
54.200301
53.336914
62.636695
41.650222
63.298442
62.901858
58.881722
67.385925
56.518491
56.906928
53.511802
47.833579
56.903009
52.198011
49.500151
56.974837
40.474688
57.593146
44.882296
50.993033
41.779673
31.837424
28.209871
24.826417
13.490989
20.069175
-1.446347
17.182766
6.094641
16.693157
14.715793
15.377805
17.457549
27.301032
5.337728
20.926272
0.090291
15.809892
15.120897
9.489913
22.131690
24.341812
18.975612
33.614352
13.664928
23.902385
14.112043
17.909153
26.451495
9.568209
13.533869
6.058963
1.148236
21.964303
19.032089
16.614878
21.999424
6.837917
23.775451
-2.554514
-11.933264
-17.293954
-21.917845
-16.300578
-18.199559
-22.434598
-0.219267
-18.775913
7.414086
2.437073
14.223191
18.736524
22.002715
27.679374
41.626053
31.911658
55.126054
29.249882
42.975988
38.875849
37.216523
38.598492
40.285935
39.027403
55.889967
40.954634
63.220976
58.199435
65.207962
75.305476
61.877795
60.589412
65.371849
61.542087
77.330641
71.938412
82.794575
97.394985
82.601753
103.257619
91.436201
98.911789
105.142838
100.450737
108.646176
110.293217
104.024933
127.849523
98.642207
115.983546
95.189250
98.818125
98.114294
94.514303
88.264895
93.519640
72.342311
95.469650
72.832717
88.786679
86.617811
82.448443
90.343476
86.231417
75.521137
85.715670
65.401314
83.358024
65.050485
62.789389
68.718388
56.784958
61.064400
63.546989
57.182186
73.287354
56.371417
56.301791
63.873387
54.902071
64.156733
44.972305
54.706054
56.688807
40.842957
46.758909
49.878038
41.277267
56.160472
37.195512
58.122510
51.344691
65.213643
73.066974
64.883971
66.722220
78.887526
61.370366
85.212674
66.983565
81.715092
67.914703
62.874311
65.117849
76.429718
70.134870
79.572988
49.916010
67.404596
46.549689
47.838999
58.866664
51.156138
63.270806
67.758028
52.387765
69.962722
61.159659
67.839160
72.177575
63.192943
71.708598
54.279093
57.040120
48.107841
37.547774
42.112294
34.349379
37.718144
57.092295
37.450261
55.984383
38.005470
47.192076
60.238048
62.095799
64.024679
76.223110
52.709786
75.430729
49.129349
67.236672
55.275350
51.466687
54.929645
52.387824
40.972107
56.447048
33.910929
50.146670
25.434182
20.267673
15.975432
6.652701
9.682174
7.722336
-1.318646
19.751866
6.978899
20.298205
27.755025
27.644711
48.948378
35.205019
34.689390
40.315111
25.317691
33.689962
29.047267
28.408199
44.208048
28.515428
43.925686
29.338841
31.279508
27.684988
16.358103
11.610292
19.177325
1.272801
22.238733
3.925873
24.064858
9.939935
6.005488
9.512366
4.691083
-2.157496
9.400712
-13.181138
10.820087
-5.431741
2.507409
2.333585
-7.951552
-1.817374
2.789464
-4.878248
13.769009
-6.698525
-1.381683
-8.450635
-18.665397
-3.838892
-9.021549
1.617963
4.529284
0.418896
8.410832
2.686926
-5.364533
-2.601949
-19.019342
-0.386585
-18.509035
-9.566686
2.662562
0.973302
-7.059777
-2.450614
-6.836522
10.219622
-11.981210
7.489040
-2.124069
4.347731
4.976291
2.286661
-14.434184
-4.528777
-28.681189
-6.100765
-23.260108
-2.400476
5.395834
-3.137748
-4.006399
-2.693387
-6.760682
11.352013
-8.232735
-2.286598
-12.777324
-20.704426
-15.534070
-30.253042
-22.619035
-18.200277
-23.993778
-13.438602
-24.388564
-23.344356
-14.543222
-38.308907
-19.989704
-23.653362
-22.952337
-19.837002
-22.438890
-16.071033
-8.229635
-17.378460
-0.975206
-27.869795
-7.081359
-16.188169
-15.552932
-3.196524
3.026719
-1.933403
16.947487
-1.825194
10.700016
-5.967006
7.075384
4.840780
4.815894
10.907264
21.154320
12.094618
20.650458
4.246657
15.008471
9.315348
9.635860
11.554878
3.696207
5.491427
8.947203
-1.844868
6.500184
-0.973012
1.407918
4.657182
-2.161732
16.691698
8.931046
16.073314
14.503947
7.997282
3.184483
1.135665
-0.723734
26.959364
18.389722
43.349480
41.602142
49.055418
47.638574
43.535722
34.590850
51.257384
35.142586
55.243300
41.854743
54.750504
42.341769
40.564641
39.553624
37.192881
32.528949
36.306291
16.213198
38.777822
24.149438
20.844641
17.978495
4.655245
5.739311
1.319368
-7.879494
-3.479214
-16.262596
-12.068491
-14.905397
-23.271735
-9.962878
-17.237711
-4.645822
-5.104297
-4.407785
-6.512825
-2.361126
-14.353487
-9.072981
-21.998885
-7.736325
-26.986382
-25.737720
-32.398732
-25.504146
-30.765735
-22.935568
-43.309857
-30.102267
-44.013293
-22.095512
-27.362043
-30.456034
-23.985569
-23.230067
-32.948363
-22.616973
-33.596936
-11.790001
-27.841689
-29.221413
-33.305758
-31.682625
-24.528623
-20.227308
-18.867717
-7.816565
-18.971931
-24.596076
-27.064624
-28.723680
-22.543298
-29.769205
-28.307850
-40.086185
-32.752439
-25.561245
-21.646463
-27.083581
-20.617833
-35.202656
-14.854685
-27.447895
-14.940112
-12.429000
-8.399939
-3.976580
-1.567952
-13.055988
5.752957
-6.810745
9.885411
-14.107983
-7.375888
-9.058350
-11.604298
-23.092806
-6.352144
-16.314702
8.775971
-4.244045
2.312296
3.375333
3.954804
10.412376
14.634913
12.179098
22.385837
7.625455
6.940847
1.871970
10.835866
20.671254
5.862694
8.551393
2.208068
-2.355053
-5.809244
-9.599317
-12.225181
-4.674022
-18.656603
-2.062243
-17.969816
-7.867421
-5.515322
-9.634775
-7.679388
7.795649
-3.587304
19.141867
-1.082335
10.560990
-4.681411
-4.188175
-15.028280
-18.398620
-26.137872
-18.573889
-35.827160
-22.254409
-36.790757
-26.669082
-25.889272
-19.530844
-26.010161
-19.009467
-23.962960
-17.606444
-29.663430
-17.541536
-15.953669
-9.936245
-0.400466
-5.427141
-9.132428
-20.832163
-21.292506
-13.240242
-14.882727
-14.468325
-2.890157
-15.482137
3.130369
-6.277202
7.148107
6.660577
9.404755
14.794413
20.426949
14.124913
40.950816
26.559787
45.844419
40.998048
50.383415
53.211131
54.981932
44.707154
56.911672
38.628846
58.205119
42.698125
47.003809
47.635823
54.648577
56.336406
66.350641
68.243083
81.401686
62.673444
71.678301
64.669510
59.473890
58.223840
40.814160
28.356199
16.158360
8.204862
17.199890
23.860309
30.490651
42.216803
35.453690
45.284210
36.303915
40.009338
38.970858
40.295557
38.565304
37.808973
28.423954
49.735258
26.987344
38.977752
24.152570
22.488173
20.276985
18.025134
6.048275
14.078299
-6.923882
4.840518
-17.460229
-2.134399
-6.791930
-7.373935
-2.337051
5.513233
-0.413023
23.342916
6.582969
16.480958
7.937958
4.782950
18.378100
10.207920
10.710383
19.645146
13.335273
17.563750
8.577379
11.862870
11.975509
1.794016
12.195789
-2.409670
4.190620
5.658269
2.779565
7.876367
15.038957
-5.958537
16.028957
-3.641065
9.332972
3.870086
8.049089
12.086593
13.316163
2.345161
11.581965
-6.238705
12.423764
-4.033678
5.647908
-7.322194
-18.226830
-10.543201
0.888620
-10.231606
-2.315504
-14.974830
5.655641
0.159980
-2.791258
1.937575
5.148140
17.210886
19.523195
9.588643
27.292549
15.244928
13.243738
20.655757
6.485659
16.168729
5.051893
12.195144
16.348040
15.356647
18.042006
18.717988
2.490375
16.719547
-4.422397
6.170900
-5.201679
-7.654010
-10.189250
-13.707296
-9.484234
14.720916
-6.446486
24.364026
12.450390
28.260167
30.021865
23.892940
32.665927
42.346140
24.123074
41.237055
25.054185
47.036302
27.775994
16.458472
17.116111
7.521660
11.083324
16.965147
0.773829
10.425558
2.370150
5.383219
10.557360
-5.295426
6.665430
-1.807942
-0.592195
2.107967
-0.884523
12.454670
21.377667
9.580332
26.479724
-0.749714
11.967535
5.861469
1.031861
6.976217
-3.275439
-10.831238
3.680493
-21.938703
8.660326
-5.820475
8.940658
15.748878
5.906290
6.562442
9.205137
-2.473667
28.659277
12.721491
34.386679
24.418213
30.812185
34.931687
29.546771
37.692299
40.320391
25.754629
47.092247
27.562951
25.433910
33.217810
23.699269
36.598118
23.941762
29.848208
39.247132
29.793354
43.027995
41.639680
30.476636
49.182886
23.654249
38.444150
22.259595
16.071721
18.184706
8.414470
3.863395
21.494914
-0.965761
20.578978
-7.387996
5.199019
0.625140
-0.758982
2.272274
-2.959125
-15.938467
5.627646
-11.310156
7.689227
-3.848955
11.483200
23.590173
16.053703
13.125934
18.890314
11.569218
38.139674
20.473132
24.400185
29.768631
20.058941
29.594820
12.865126
15.835405
27.879017
17.551261
30.152754
29.751657
18.551811
33.639201
14.725028
29.081846
19.854297
15.998786
8.122136
-6.081644
-11.765424
0.259753
-20.648040
3.877427
-15.460225
4.133698
1.184349
2.754376
10.502944
11.042747
5.930321
20.062613
-7.896493
12.516141
-4.606584
0.403167
4.887529
6.069638
15.909441
25.791134
11.296706
27.249538
2.445649
13.375806
14.243141
9.211234
14.540712
-3.445895
-4.204218
-6.277693
-17.510268
3.457494
7.328884
1.490613
16.202333
-3.929199
15.638215
3.665294
4.625844
15.190473
6.608827
10.076594
30.310802
14.563499
42.678832
11.510986
28.453482
22.789888
19.461212
24.621849
24.508231
15.501184
28.137201
8.168832
34.515061
10.845372
14.162428
15.987880
11.041330
15.021110
12.960338
-2.226577
10.573787
-18.552977
-6.696632
-6.785096
-13.490913
-6.867390
-18.062595
-10.278178
-6.594006
-23.869464
-14.023668
-27.896805
-28.924525
-20.173798
-38.925845
-24.368974
-39.693635
-41.204553
-42.732099
-52.309386
-50.473506
-51.091443
-66.492278
-52.823489
-74.811162
-52.241067
-68.342714
-62.750732
-54.072662
-55.382843
-63.712274
-50.482513
-66.760158
-44.313420
-53.745518
-41.665286
-41.609834
-42.712602
-35.719574
-27.783168
-33.006672
-7.394959
-34.924605
-23.105506
-40.895662
-47.140461
-44.770985
-53.703929
-44.942934
-33.532406
-40.982816
-26.242621
-31.592917
-32.870366
-26.841714
-41.210467
-38.437580
-57.918908
-58.014590
-59.766897
-67.800192
-53.362892
-53.616835
-64.956626
-41.311080
-56.671856
-40.109411
-50.851614
-41.925343
-38.817000
-37.851432
-37.233837
-27.213418
-51.383230
-34.673839
-49.785318
-35.019122
-37.874330
-32.247202
-24.802425
-19.878895
-30.784769
-6.123312
-26.974488
-14.797302
-26.685698
-23.480443
-13.415942
-15.775283
-11.149806
-7.655524
-15.771865
-1.346938
-13.885758
-8.788941
-6.406443
-23.255396
-12.555747
-27.778135
-30.554787
-22.529304
-29.332896
-18.069176
-11.959305
-24.647876
-11.481282
-26.634649
-6.944276
-15.353487
-10.665734
-0.745210
-4.481903
-2.947895
15.560958
1.867984
27.143108
6.853341
13.020996
0.583802
-11.165859
-16.295663
-18.982462
-29.840101
-13.828470
-32.108427
-11.646490
-16.800897
-9.539270
2.960348
-0.169505
-0.089562
13.318290
2.279823
23.877082
14.964070
21.918712
29.525472
13.952467
30.119673
23.811681
31.414880
43.866117
32.163083
34.295392
31.095713
9.303381
21.098015
2.639099
21.698194
12.661197
8.954556
14.196092
10.435436
11.624778
30.192575
9.619969
40.110087
26.513630
36.277273
36.732672
30.234508
26.901773
40.843273
31.419095
48.603449
31.485743
54.804338
45.394059
46.043430
49.541838
45.865542
50.044014
57.847879
38.999225
53.465306
40.206420
44.557057
48.003348
39.874715
53.630848
50.757022
47.481058
60.946615
52.362580
63.152279
70.836678
71.349572
91.461952
68.545005
79.015419
72.285932
73.418168
79.778560
78.483916
76.866624
87.666977
59.591229
69.471376
39.580045
41.984015
35.617128
25.302085
16.072128
17.463999
0.884712
27.679015
11.726247
29.855949
25.759162
30.583253
34.243429
26.749736
27.321514
37.775634
19.227574
38.406934
27.783238
33.115418
35.712166
36.407780
47.917825
41.832959
33.277185
34.256830
14.263969
16.835554
16.451903
9.259826
19.463520
-1.420087
16.051465
9.475732
9.614288
23.028549
9.610598
-3.864057
6.836017
-13.623547
2.001835
-19.097901
-13.678964
-22.324954
-25.787222
-28.530059
-27.710067
-37.530652
-10.469339
-25.232309
-3.643112
-10.703602
0.603323
0.146973
-8.597472
-16.814747
-13.886295
-33.165732
-13.128525
-28.832646
-19.537371
-19.137388
-22.514157
-5.665492
-7.124802
-5.699651
5.306070
-2.165417
2.859149
-8.454040
-16.498498
-4.279062
-12.532171
0.475387
-1.282400
2.465571
14.589664
13.787086
16.205910
31.253300
9.049748
26.681950
13.611016
28.937609
23.612869
18.017459
9.699214
9.273233
-0.499930
16.796002
-10.863207
6.219161
-2.744461
8.210913
9.524279
9.763129
10.077328
18.305257
4.717678
26.452739
8.107976
15.495356
11.108288
7.650880
13.324902
12.157917
12.764102
13.026442
5.196103
13.498089
8.755839
4.596586
3.350533
-9.295677
2.768988
-2.740893
-9.108460
-8.483618
-5.136437
-0.065739
0.105176
-1.181093
14.447368
5.558961
17.998065
8.777882
15.115889
11.736373
13.942072
4.416459
11.755279
-6.954714
14.285128
-0.271072
9.860942
10.478182
20.119131
19.481085
24.574719
14.841220
26.276565
13.362431
33.334251
28.742135
27.515653
29.215832
21.653242
15.019597
17.836411
7.159627
13.395910
4.506380
-0.689820
-6.086347
-13.548277
-3.901470
-13.816390
-11.365409
-13.797995
-18.667950
-13.911983
-7.131441
-14.123059
-7.785498
-24.430559
-16.051814
-33.885811
-36.844121
-35.010016
-25.611604
-27.720157
-17.323594
-25.257830
-0.497409
-12.345653
7.569400
9.454898
16.052132
14.089817
26.659630
19.392546
37.969952
21.736125
38.904713
31.349850
34.979408
39.011230
35.671116
30.470755
35.477139
25.528603
36.549300
29.977923
36.467832
35.958969
24.956334
37.307632
33.912098
33.433380
39.353887
33.069215
38.532671
43.600349
28.908174
40.681868
29.640846
40.911334
36.600855
35.337406
26.144382
26.760552
22.957259
32.313723
10.690802
21.711616
4.993030
13.365477
9.704660
16.387802
13.984762
19.896512
1.810745
14.309886
-15.349362
-2.055728
-10.260326
-15.933045
-14.699890
-14.612345
-20.275318
-15.372663
-38.143583
-18.212658
-34.563291
-35.084794
-21.735354
-36.343094
-32.003444
-37.002752
-35.824744
-27.412120
-43.696157
-46.640758
-51.649991
-74.324267
-59.874735
-68.073296
-52.972049
-56.420658
-63.211346
-59.270760
-59.775607
-71.572698
-58.492138
-87.302626
-79.005361
-104.106676
-99.495323
-99.764822
-94.796078
-89.891180
-82.498613
-100.154170
-73.338258
-99.804817
-86.339809
-92.459018
-94.187027
-89.255108
-92.383707
-95.297274
-78.808969
-92.566696
-69.476840
-80.340004
-77.286202
-61.405340
-70.010202
-60.363643
-60.410097
-71.782734
-52.801005
-63.276309
-60.755747
-56.764085
-73.547589
-58.267920
-65.911142
-51.293669
-54.212986
-61.631214
-49.206726
-49.345191
-56.891967
-35.707147
-56.469682
-39.738612
-59.244629
-49.329551
-46.690201
-48.974864
-41.723521
-30.701074
-50.971455
-31.203571
-55.893089
-47.585014
-56.078955
-55.679363
-47.066004
-56.730328
-65.987309
-47.349442
-64.550179
-38.052194
-52.165541
-46.208640
-37.376156
-43.567840
-33.507022
-38.907576
-51.883933
-35.266664
-52.934977
-42.773440
-44.663052
-54.037999
-32.997366
-45.700023
-27.884424
-21.670702
-26.965539
-16.204660
-24.271935
-32.322842
-14.174653
-38.845394
-22.991091
-42.151196
-35.075154
-30.446451
-39.145108
-41.679949
-42.548048
-60.518351
-31.965289
-56.782935
-40.236733
-42.523922
-33.246146
-23.541892
-22.889669
-16.196046
2.101756
-13.354785
15.236154
3.683590
22.772306
23.280474
12.511202
24.229581
27.958709
25.720148
40.188319
26.088236
45.990868
42.827826
31.966285
40.403577
26.968385
39.387990
33.159903
22.362816
30.902172
25.200393
35.602391
48.121800
21.643949
49.517050
40.086695
52.567500
57.617000
52.478609
52.667776
62.177932
43.820466
65.744444
41.470685
65.886324
56.183739
55.155963
55.143955
58.327616
61.485851
72.971546
58.267564
75.557182
54.987226
77.396524
79.958068
73.814774
75.018862
62.936464
55.258600
65.843696
47.666774
67.602035
64.174062
63.592133
70.669779
54.374827
68.836230
62.962609
63.998093
79.356118
72.935337
67.927328
76.675461
68.189971
91.785287
75.706768
91.651549
84.409745
81.569015
78.726082
72.965393
63.644520
75.629857
61.205851
94.104957
92.279857
107.610411
104.173480
98.519922
95.664844
99.948312
76.663733
95.069779
71.790638
98.719497
100.389564
93.520398
100.215834
90.411811
86.494528
99.575141
81.790998
90.465420
73.254675
64.750893
62.557110
44.812778
43.879777
38.943435
36.923004
48.626197
40.669117
45.954200
58.890041
47.080617
69.385307
44.729748
39.910938
32.129649
17.618811
16.753473
18.386345
4.383208
21.868663
0.431090
26.939819
16.454781
30.538192
43.997096
45.608327
44.873132
49.234089
19.339446
44.274666
25.772604
38.130035
34.745844
31.845082
41.830289
39.946014
30.621962
45.119420
33.584507
57.425804
56.497348
59.168049
71.338676
59.570965
60.663070
56.630613
39.729076
48.827248
40.842561
54.228139
67.934422
56.425261
75.164964
64.432839
81.043660
86.509820
82.891233
87.230145
85.800780
76.113439
96.820490
75.351544
98.113116
85.881861
96.845647
108.048488
105.095658
104.094215
124.908599
110.583364
136.491642
109.780672
119.859101
106.226060
99.666749
105.253468
100.380887
90.604368
100.446008
74.590317
96.725039
94.348890
90.923648
96.180050
89.395083
92.427821
93.543251
84.376013
98.345722
83.860548
89.680206
90.014411
78.709500
98.780566
86.864467
95.735549
105.353147
97.202012
104.679417
101.432942
87.194162
105.759439
89.768956
116.871733
103.705589
102.938009
99.284780
97.598928
95.154828
106.667816
86.599608
106.353904
82.937172
96.123301
92.292727
91.600235
98.156061
100.929361
97.340813
116.163647
94.073597
106.920053
91.457675
84.539428
95.351538
89.836776
98.204926
108.685573
100.941766
112.321937
99.704980
107.046991
106.691984
91.469420
106.972651
88.513634
89.914646
90.063159
83.417825
92.441280
101.223348
100.889833
119.093817
102.651032
116.252954
104.829234
107.693741
103.421809
98.805962
90.541064
98.632364
86.952858
115.306893
93.555129
111.261662
105.257043
106.924735
112.866460
116.477368
107.862542
111.056967
86.428754
103.038945
100.869345
111.888356
114.729219
105.670150
112.032961
116.350451
107.865939
124.637921
110.799860
103.923851
94.544294
91.050642
93.545041
82.194080
84.952187
72.290235
63.153678
62.168657
55.804737
46.905182
57.521275
37.721561
40.388873
26.209051
30.333388
20.352762
22.553224
22.688032
28.898314
20.251534
46.465881
23.355025
33.151187
21.278855
18.306864
14.876798
21.051846
20.137856
30.017507
15.955039
41.237959
23.663620
31.527149
28.306146
29.192297
30.208180
33.007959
29.441873
39.957797
24.947085
36.472563
37.166177
38.817077
41.800008
35.396852
44.818997
41.471326
40.421855
48.653800
49.495477
44.801799
51.836096
33.272602
45.129017
27.528442
38.183670
41.305846
41.668370
43.123925
51.838286
37.240733
48.240319
29.434468
46.130341
39.099830
43.312137
52.569868
65.094591
64.424986
78.666234
65.540633
81.418518
66.315987
76.423004
71.936888
71.023986
69.879164
76.213023
61.953728
71.983117
63.451290
73.053770
65.438909
60.140891
71.188199
62.812628
69.038472
73.012855
74.684756
80.832463
71.908701
70.987032
69.486041
50.835601
64.489070
51.433720
55.785685
53.367415
50.528892
48.738952
62.525995
51.051873
75.381512
52.747302
61.997466
51.261559
48.367891
49.149456
46.957637
36.236406
53.685533
35.917220
58.939217
48.911290
63.417718
62.477079
62.000465
62.422588
71.893937
60.665537
76.517505
60.142713
71.771420
71.898391
63.854589
80.030995
71.886703
67.185849
73.731877
61.536995
68.572567
63.236790
57.583674
67.725130
52.643025
68.158001
62.035429
56.924928
63.613669
64.758358
64.061527
69.950587
50.913625
68.890323
36.198763
39.661795
42.251031
51.691681
64.223399
69.774867
61.134201
72.076660
49.989203
63.387915
48.946886
52.111765
52.465463
51.867351
49.600971
59.801053
53.449423
84.741104
64.490727
63.672508
56.308791
41.160324
45.955905
32.780141
33.931024
34.712867
15.153215
36.319630
33.197374
33.002167
48.100153
34.521035
57.134422
38.598903
36.264905
37.708495
20.470832
20.087526
22.037703
2.356264
21.396542
-0.203619
12.768880
6.016371
0.132053
0.715604
-1.222603
-4.412138
10.837264
-16.500922
8.313728
-11.056130
2.889115
8.114178
0.678111
4.494292
11.863543
-1.888127
15.497044
-5.406805
10.476856
7.594812
9.233628
17.293697
8.273764
12.103369
16.337310
3.264442
25.322695
19.711990
23.313145
35.775021
29.359700
42.336351
22.276700
23.833977
33.415488
20.935568
28.666479
28.267743
5.365171
28.789466
14.012607
30.900803
24.393671
27.519699
35.087581
22.661748
10.472598
26.208922
-5.053279
25.546655
5.227459
14.964550
15.637888
10.216844
12.817869
16.058218
0.554297
22.899525
5.936784
19.815938
3.458207
7.022841
21.346777
10.707324
17.335386
23.899107
10.985544
36.585168
23.612443
35.440530
45.656972
42.427638
60.139504
54.572284
62.280392
67.091963
62.630910
69.275430
70.629142
56.261526
73.312272
55.858285
81.708935
65.545924
59.530531
65.294873
60.859430
58.101383
69.042925
52.634844
76.204456
55.878394
66.514815
57.932263
46.883876
51.367971
58.177237
46.996180
67.061989
44.263643
67.603872
59.072911
61.877976
56.600729
56.119400
66.806526
72.763581
63.905319
84.895811
73.229094
85.152053
87.725618
83.691047
97.489809
83.481105
85.254294
86.515950
71.687465
84.255992
83.739985
80.261533
92.600021
75.900988
87.586887
79.416952
83.904194
87.679802
82.529857
84.349466
95.886077
76.027819
97.546995
70.523615
81.022784
77.003805
74.895395
70.724178
73.837198
64.669089
73.995190
53.416699
67.749378
46.351456
46.742528
48.392131
37.053117
33.199011
42.897149
24.572100
32.492482
19.504915
33.677848
33.082238
22.222810
32.220927
26.079984
25.577527
22.598604
9.745675
23.055548
22.218959
17.394353
27.119974
8.287518
20.991630
10.396660
11.659922
14.958414
9.403838
6.263447
15.507657
-3.691360
16.733815
-2.753606
3.493992
-7.998858
-5.386787
1.848544
2.839720
-0.169780
21.289516
-3.941342
16.842265
7.203442
13.089236
19.145791
16.638136
21.146608
28.969493
13.018662
26.405969
-1.928653
5.567385
17.906076
21.254709
40.664429
35.370054
34.639325
51.839168
40.016894
56.220210
56.561114
53.094466
69.655653
56.848407
66.926214
55.651415
51.180303
55.033835
44.993563
44.761385
58.633087
37.710668
65.272340
50.803569
57.463647
53.867161
49.590815
50.001938
54.162893
43.454349
66.775700
40.231360
65.201275
51.276060
54.300440
62.248384
59.000020
55.880439
58.993606
36.696439
60.020963
43.742351
49.942710
45.054522
36.151736
47.894907
40.191045
34.626673
35.412655
18.548385
36.143328
25.003013
23.069919
42.063258
31.850943
49.385382
46.612330
40.962354
42.807678
28.122866
20.998102
23.737863
6.651913
28.087079
5.075973
17.750804
16.426211
13.997940
16.846050
16.950566
5.868680
28.832881
19.066001
49.190598
36.486225
38.049239
26.418267
16.186877
10.479842
23.135911
6.683934
25.576472
9.745219
21.780012
15.922898
9.872458
18.808304
16.842394
22.065096
37.556631
23.581381
38.529812
30.128447
23.234231
30.745713
21.102145
36.214193
29.240544
30.536168
37.389964
34.434024
32.112099
38.214870
25.341741
45.392464
27.505678
37.202558
25.934271
21.140280
13.677431
20.970014
13.695840
35.354296
17.003601
36.341166
22.850385
23.341614
15.827647
15.640589
17.085853
20.945144
13.457373
30.751325
15.327102
30.400222
20.525451
26.663069
41.322758
41.847610
36.849990
38.538304
26.362063
47.849264
46.104337
54.547732
54.123195
34.135077
32.506819
15.958411
9.491045
17.183222
16.072773
16.589787
19.664934
11.914160
27.279816
13.587264
20.875748
8.874945
15.663080
15.160457
12.332688
3.241524
7.106063
-10.183866
9.258850
-12.019041
-6.009213
-14.126838
-7.544580
-3.079794
1.359529
-14.638047
1.639468
-12.319578
-1.003954
-5.173769
-1.093140
-2.500319
-9.824583
-11.876061
-3.458960
-10.454648
2.981486
-7.995598
-2.523651
-3.282265
-3.330844
1.089292
-5.523322
-0.728507
5.366408
9.677253
22.247170
24.267175
13.627608
21.122501
4.389381
17.863267
10.713939
20.754769
23.086353
25.406438
22.199696
32.626914
27.072236
50.283115
33.746462
49.280721
46.708489
55.752078
58.920554
69.726843
60.037161
80.426648
71.829860
80.521248
61.634195
67.226766
65.027505
61.069955
54.354695
59.993161
49.446826
66.408618
59.121273
60.889644
54.379646
46.021714
49.591588
43.949573
41.740118
44.334984
30.010332
30.686818
26.354444
12.908789
27.852411
18.622392
31.334852
27.454123
23.224952
26.839345
30.706401
25.986212
35.954040
14.680194
34.648227
22.093397
25.583658
14.990736
20.950138
12.650861
24.093150
9.614757
26.708359
11.277838
28.400477
21.725688
13.494750
5.054957
-0.555325
-10.326377
-2.052022
-13.873022
9.566125
3.008176
13.013096
13.691804
13.716940
22.410784
17.936838
16.743898
33.666850
31.477128
40.398634
47.666199
37.846084
55.074131
48.952151
55.526948
47.288872
42.406100
49.660056
44.669426
44.494872
54.959596
31.119813
53.393048
29.900266
29.853553
28.990984
27.746419
21.780652
22.354087
0.648102
14.348043
-7.916165
7.610460
-3.935655
-0.336702
2.271149
-3.738737
-8.035889
8.018623
-14.142592
14.630985
1.794467
7.929924
16.486831
5.873746
20.373212
21.447687
12.175383
31.929002
9.862155
15.574946
9.164061
-3.077148
12.068738
-2.166687
11.489010
8.413403
6.661129
18.002453
15.030164
6.938799
16.193138
0.229525
32.789253
21.133371
32.222171
42.137586
36.354777
34.466926
35.944001
16.871256
47.186178
24.744199
40.437453
29.231748
25.911747
29.105623
24.823124
22.970102
38.547167
21.073401
42.341792
30.787938
41.680871
49.566398
45.096973
56.025349
60.475495
50.161689
63.386667
50.416809
60.162082
58.900599
38.667613
31.410173
11.985682
17.001926
7.375962
-5.838276
5.883204
2.349899
-4.885093
-3.211389
-27.742593
-10.004547
-25.219662
-15.202047
-8.355437
-12.992616
2.976965
11.306039
-8.033947
19.561250
-5.794514
8.534172
0.478493
4.631126
9.120971
-6.687508
-10.738523
-1.212236
-21.116082
6.219745
-14.995040
-3.980713
-10.640302
-18.238012
-11.679290
-17.805085
-34.194040
-20.172308
-35.273030
-21.477751
-23.610088
-17.979595
-3.891195
-18.766098
-11.171119
-19.532029
-26.185632
-10.936170
-14.485319
-12.584767
-3.888876
-23.071538
-0.090318
-20.852565
-15.510124
-12.066695
-7.940514
2.576911
4.101810
-4.048428
14.123212
-18.289777
3.736956
-11.586591
-9.551889
-7.297405
-7.128635
-18.168770
-12.938921
-23.196478
2.128056
-22.293058
-7.829512
-14.486925
-10.617405
4.935163
-2.093666
-8.750399
2.051643
-18.828270
-4.954031
-14.224223
-14.722521
-7.550259
-28.603695
-18.900605
-11.735836
-11.173057
10.882139
11.432002
16.151097
23.410594
9.130141
30.937155
12.808208
14.606179
17.483442
13.206457
18.260472
16.293133
0.457867
11.512552
-19.200830
8.930014
-0.264650
6.503920
7.367266
1.817554
-7.855088
-11.736863
-18.912349
10.966513
-15.648408
5.357533
8.080275
7.295253
19.805152
17.441113
12.944190
15.485906
-7.510490
2.916799
-12.941826
-3.096721
11.636323
5.857797
14.225247
10.357016
9.694702
30.648516
29.329831
31.040466
28.037706
13.455522
25.220990
4.674518
24.566249
19.216172
12.849341
17.997967
21.898571
18.977524
33.423399
14.657105
42.352603
37.385000
55.788214
48.852445
37.041279
28.691692
32.700818
25.511180
47.492690
27.243301
43.119464
27.392735
25.447728
29.961046
27.127801
22.226160
37.388619
19.487109
30.724912
19.144091
18.405032
20.300890
15.350707
19.756356
10.016494
4.071449
18.587861
11.459657
21.277494
20.126577
14.569978
32.453507
12.006267
22.789898
15.844720
-1.570059
-12.012451
-20.332895
-31.563625
-24.339261
-47.323759
-34.278644
-49.209847
-44.020118
-48.020607
-47.429035
-51.562513
-44.513591
-53.651759
-38.832277
-74.651691
-59.905151
-69.899439
-68.696536
-64.536854
-55.143451
-45.512950
-30.303960
-54.664634
-37.832050
-49.447585
-41.006619
-32.904323
-46.726188
-40.182384
-41.692860
-53.839363
-34.140948
-48.076417
-38.481530
-36.966057
-40.476347
-21.597517
-34.405672
-30.136850
-33.871013
-41.378209
-43.406854
-53.649414
-57.192890
-40.735764
-56.304337
-31.536954
-44.029227
-39.615363
-35.677214
-39.020241
-41.631275
-36.796432
-56.960522
-29.883494
-54.846700
-37.962063
-48.617403
-55.224353
-56.589956
-58.756602
-60.718269
-39.417320
-56.430887
-34.840071
-51.146266
-47.574122
-50.581815
-57.577013
-60.438471
-66.739457
-90.090024
-80.886709
-86.273376
-77.436437
-74.066842
-77.590997
-63.734768
-82.875339
-77.527080
-72.752732
-87.028242
-74.741508
-67.984367
-65.501096
-49.480851
-61.193269
-34.014064
-40.666449
-25.147934
-20.817422
-24.072405
-18.784900
-8.469234
-25.794532
-2.884419
-30.561473
-12.450980
-17.824561
-24.396329
-31.435509
-38.111023
-46.811567
-22.206143
-44.380594
-26.648447
-40.766669
-40.424589
-46.829585
-60.355680
-48.981247
-46.398170
-60.437491
-37.493036
-45.644278
-35.287647
-35.898443
-39.276859
-16.047139
-26.360233
-19.723170
-9.524547
-14.755946
-8.372957
-16.229089
-23.773128
-11.066602
-23.746963
0.147418
-6.334286
-1.472031
-0.737981
-6.889842
-9.507536
2.272312
-11.421426
12.561727
-6.199481
12.220858
1.309369
-6.801714
-0.498163
3.753392
2.196020
18.285761
-5.467209
24.265123
14.001633
26.569594
24.110649
19.638822
31.138561
29.366835
20.269060
42.628535
34.549054
49.477566
44.106331
38.560286
54.558444
48.723558
56.901140
60.665380
51.571262
58.295635
47.497216
49.779790
57.642079
36.553796
55.977676
36.266751
29.935670
28.188877
25.379079
24.224612
32.263553
18.703715
34.579554
15.751402
28.453295
13.587765
16.233199
17.822853
26.707153
30.149465
43.242641
17.895813
39.331182
10.511574
15.150028
20.082956
16.760487
15.043832
17.811451
13.203029
46.208617
36.694289
44.152850
35.891469
30.293003
36.902395
24.911557
17.238222
-7.314869
-33.701088
-31.014661
-35.431812
-32.378682
-26.093999
-33.574694
-17.786450
-33.262533
-33.588930
-44.847754
-55.832975
-53.084945
-47.038995
-46.363757
-18.719332
-41.853407
-24.645811
-35.282137
-30.018670
-27.513838
-17.072526
-23.061044
-13.635797
-27.557608
-13.167998
-37.326861
-27.058546
-31.224226
-28.739529
-21.882318
-11.153570
-17.057855
-0.305885
-16.800656
-8.470822
-21.639833
-22.265060
-27.415291
-33.892010
-35.820973
-38.256263
-47.401879
-50.318748
-66.860731
-61.099035
-55.298211
-66.872509
-57.715200
-62.335316
-50.569915
-60.357794
-71.071429
-76.346299
-76.998091
-89.893355
-86.488153
-106.748851
-89.358954
-103.037946
-97.257288
-102.403527
-99.588310
-103.629909
-96.491776
-103.311455
-84.023054
-105.598758
-90.742933
-101.812692
-101.100190
-102.293513
-97.249834
-96.046313
-88.593112
-106.206783
-92.162410
-104.831454
-98.383147
-102.682473
-107.497137
-103.060067
-106.252008
-114.359893
-108.127868
-111.211272
-114.091848
-124.213550
-134.630839
-129.754489
-136.906409
-120.289240
-115.204329
-118.333378
-116.498873
-118.653439
-121.674720
-109.231933
-125.283959
-110.004498
-125.578397
-112.455294
-113.253544
-107.425194
-105.349353
-96.346923
-115.368231
-97.060150
-110.530596
-94.143105
-104.975875
-99.004371
-99.229069
-100.446784
-109.625571
-97.154196
-111.805789
-98.576550
-109.410909
-105.617964
-102.414684
-100.348931
-92.694461
-83.314051
-84.192886
-73.058167
-89.733851
-84.677540
-90.004171
-107.169762
-104.808919
-114.865590
-112.088958
-115.822600
-122.040685
-122.530965
-125.231384
-129.893321
-112.446420
-130.976362
-113.317434
-122.965051
-117.744495
-122.683890
-123.577364
-121.185602
-103.031339
-113.471014
-98.536563
-118.086432
-108.515061
-116.426340
-110.319935
-109.255974
-107.316467
-111.404259
-93.160738
-108.207052
-94.541618
-108.554038
-101.819762
-102.721658
-102.495848
-100.676534
-97.318003
-112.466811
-98.582596
-106.497796
-105.428230
-106.781444
-111.823038
-95.724328
-103.504509
-111.922096
-103.897520
-105.832123
-96.231049
-98.873706
-104.569525
-93.934447
-112.125446
-103.314991
-113.840673
-110.043435
-106.516112
-103.410909
-103.017664
-83.898607
-100.717707
-85.528802
-109.663098
-100.452141
-104.857136
-110.590862
-111.980242
-100.854531
-106.837873
-90.029622
-105.753823
-80.365856
-93.681379
-89.947937
-83.832783
-86.372567
-81.523050
-72.528391
-88.100717
-67.084265
-86.815435
-79.429098
-79.331089
-94.339004
-82.500710
-95.804878
-97.126877
-90.443235
-107.124617
-98.245340
-104.614147
-113.650363
-102.209048
-123.466703
-112.115855
-132.512889
-136.443539
-129.954913
-124.156290
-123.869144
-107.772592
-124.546126
-91.639726
-115.519649
-107.239347
-114.984350
-115.963234
-113.278528
-112.686879
-128.287890
-114.906749
-141.194319
-120.505085
-136.030405
-127.760218
-116.989173
-117.191707
-115.238580
-112.982369
-125.098166
-101.390495
-124.148352
-119.242631
-125.438195
-130.420030
-115.960948
-123.591618
-123.429385
-115.204311
-135.526907
-118.153788
-125.508878
-128.347639
-118.818855
-142.246472
-134.263774
-147.617308
-142.689929
-138.024273
-150.283758
-152.597296
-147.493622
-161.452943
-144.772233
-171.582459
-149.016861
-147.689244
-146.774916
-145.613772
-155.252446
-170.164065
-150.307784
-178.879472
-159.486938
-180.696001
-174.353789
-168.984184
-175.551277
-168.682941
-161.063984
-176.631698
-158.175729
-180.123878
-165.770108
-171.735344
-186.396263
-179.595833
-185.077283
-182.998054
-175.443897
-195.459358
-178.082295
-182.240017
-176.266624
-158.585041
-181.299516
-167.460563
-174.490825
-167.949315
-160.861389
-162.913005
-150.579280
-143.193733
-154.718169
-128.490537
-145.636743
-130.935746
-137.839165
-140.075890
-131.312721
-126.640012
-136.877094
-129.487030
-155.135534
-134.423668
-151.845389
-147.248138
-151.278971
-148.246010
-146.174175
-145.850418
-155.004828
-129.891007
-152.509451
-138.015374
-147.646093
-157.165739
-147.296193
-158.555193
-163.977643
-159.343275
-174.083485
-149.620567
-156.113985
-157.277427
-146.769643
-166.010053
-157.219129
-171.500454
-168.311157
-157.988355
-159.454356
-154.280056
-155.539026
-168.251069
-147.978383
-170.299864
-152.172076
-156.911292
-151.724479
-147.705167
-148.778028
-149.713693
-136.930841
-160.817709
-139.430426
-162.188791
-138.986500
-139.342519
-141.920616
-130.383481
-128.283116
-129.874427
-109.266042
-129.815543
-104.236418
-113.088733
-121.896519
-118.961633
-128.548315
-129.248980
-125.716739
-139.069891
-121.510485
-138.395787
-139.509837
-131.221555
-136.708927
-122.054349
-138.822414
-136.555661
-127.028853
-146.222184
-136.837637
-127.501588
-140.228277
-116.181976
-133.635020
-121.471787
-132.910089
-138.060419
-128.731450
-128.840278
-128.277411
-115.158406
-138.392067
-100.876283
-118.045542
-105.025874
-115.976712
-117.951331
-110.734636
-112.379481
-122.484667
-103.800111
-128.650453
-112.569704
-121.975817
-113.807026
-111.815532
-124.422847
-123.702822
-121.627804
-135.170034
-119.013123
-131.129441
-121.410830
-119.443144
-127.665821
-108.359454
-123.102846
-120.247386
-105.785573
-113.515484
-104.185383
-114.491090
-122.623203
-100.309154
-113.448561
-99.180629
-112.019613
-109.451291
-109.108103
-108.346909
-101.968337
-97.945696
-114.351216
-78.806741
-91.076674
-74.125450
-84.812707
-91.551077
-89.725813
-99.128940
-113.156715
-99.531330
-136.889203
-118.680184
-133.201829
-127.037047
-117.880978
-118.799062
-115.243333
-111.454409
-114.995210
-83.363184
-97.180564
-87.279931
-89.018198
-101.222663
-92.865014
-111.314030
-108.174231
-101.899980
-118.657860
-111.157015
-112.662991
-109.382183
-97.941170
-116.499732
-97.004031
-106.959258
-108.758374
-116.036020
-127.116537
-133.456900
-134.336036
-152.372179
-127.765700
-148.700079
-135.240280
-142.472594
-150.414663
-142.181320
-136.153092
-151.189996
-141.861429
-164.083121
-145.038791
-164.173441
-154.193386
-146.922229
-152.304095
-151.077209
-144.050710
-148.598203
-130.776703
-143.111808
-121.457277
-125.170949
-134.284480
-131.180409
-143.966617
-143.319214
-140.041345
-148.602720
-141.377959
-149.126633
-143.964125
-118.646517
-131.592933
-114.098644
-121.496735
-121.517780
-118.877164
-131.273869
-128.651332
-117.575086
-128.075663
-101.599021
-115.727754
-93.832040
-105.809176
-111.497262
-113.545729
-112.036133
-119.118816
-111.092823
-132.072469
-107.693841
-125.023578
-111.797182
-109.558947
-114.734593
-109.198172
-102.092623
-111.274274
-93.573240
-109.549799
-93.222808
-104.449099
-102.801978
-96.392382
-105.251152
-103.338990
-102.242864
-110.470979
-95.568423
-109.063145
-104.481102
-103.159335
-118.926916
-104.106712
-124.094651
-119.736502
-120.162884
-127.693460
-122.890118
-121.509411
-123.177669
-91.390865
-110.077442
-83.278888
-94.859893
-90.080803
-83.233759
-89.584568
-100.381704
-92.959001
-116.646157
-100.209923
-126.823198
-116.078648
-122.100916
-112.175459
-103.445022
-106.924844
-121.816197
-103.770360
-125.156158
-116.791546
-125.545199
-123.986476
-120.242347
-123.962564
-121.456677
-120.407491
-131.366371
-112.679035
-108.948744
-104.754182
-101.624657
-112.342420
-108.612122
-125.864531
-124.717013
-125.041661
-137.692445
-129.627858
-119.932682
-130.243529
-108.986119
-124.693440
-111.346081
-121.313899
-121.894297
-128.455638
-136.711533
-145.206871
-134.111767
-153.503993
-135.249181
-150.559504
-132.796236
-142.597347
-155.837097
-156.480418
-153.534379
-162.510800
-149.462644
-173.265662
-156.496089
-168.930235
-167.911314
-158.140411
-163.972894
-164.429121
-154.847187
-163.748986
-152.690040
-170.996223
-169.257299
-165.060311
-180.086289
-169.280959
-171.668594
-169.074212
-169.795340
-183.893358
-184.776096
-187.938607
-200.460880
-184.519365
-203.164806
-184.549022
-198.418757
-200.522702
-194.047697
-200.891164
-198.485944
-182.453956
-201.300665
-176.217355
-195.549224
-181.931948
-190.228858
-192.312073
-186.072520
-175.243478
-178.054811
-164.165137
-189.559575
-173.241258
-189.000503
-194.811952
-194.908148
-204.298664
-207.892537
-208.800800
-219.007260
-200.570602
-213.828428
-199.615553
-195.616185
-204.763807
-196.790478
-209.209225
-212.859913
-212.233627
-224.881771
-223.444690
-226.865735
-234.657301
-220.458829
-237.406715
-228.505181
-240.040442
-239.869326
-234.705190
-233.439215
-233.531689
-220.393854
-236.895461
-216.736607
-239.551881
-227.498456
-230.447545
-238.894086
-240.728301
-240.805212
-254.999152
-235.089314
-260.156128
-233.513180
-241.010927
-225.157140
-211.642192
-215.258221
-216.025930
-216.434997
-231.185721
-210.125003
-226.123523
-213.810212
-211.390915
-215.498984
-204.399917
-216.568248
-214.468908
-199.706606
-205.911844
-192.899938
-196.677414
-205.012249
-196.516394
-211.922545
-183.877283
-189.444184
-182.049638
-168.945026
-170.226403
-169.149541
-160.318698
-177.197636
-161.237450
-186.970582
-176.189327
-185.729210
-195.152824
-189.032571
-188.112065
-194.631696
-169.940005
-196.178912
-171.180177
-179.748907
-175.658655
-173.947732
-184.185548
-190.180006
-185.940047
-201.456338
-184.687293
-207.305086
-198.014788
-196.991852
-205.667138
-200.838221
-214.106858
-209.089441
-202.381971
-223.732598
-216.218224
-219.877105
-223.069421
-205.229531
-224.166082
-210.682986
-216.474037
-211.258110
-204.986376
-208.282726
-208.363258
-197.221052
-210.678137
-182.085634
-197.655278
-186.796009
-185.967478
-195.768551
-204.215221
-212.096355
-224.355226
-195.623009
-218.985546
-194.676634
-207.743368
-214.094273
-210.876692
-209.495587
-204.924583
-198.790478
-216.835649
-194.941640
-213.043416
-202.449574
-201.741683
-202.621953
-190.923920
-198.492840
-201.933206
-191.316702
-208.201752
-186.254529
-187.648156
-194.239321
-173.906598
-194.791800
-181.385459
-186.748789
-185.669192
-177.248557
-188.971061
-186.266956
-181.641543
-200.132387
-185.113445
-206.426294
-189.517046
-188.794618
-188.946375
-188.383284
-187.130224
-195.150580
-173.499099
-198.445167
-177.634099
-201.501378
-200.093460
-199.204143
-203.923061
-197.577980
-186.435580
-200.631371
-177.460053
-195.755388
-183.975738
-186.287647
-191.513184
-184.944299
-187.635885
-192.368682
-182.263679
-199.014474
-182.444956
-185.827654
-188.975866
-179.878851
-197.929849
-185.588006
-195.486322
-202.144423
-200.035333
-216.755537
-217.949996
-214.202510
-233.605228
-214.553430
-231.224230
-215.180788
-225.321818
-234.468511
-222.063963
-218.773100
-231.781425
-214.933084
-241.867343
-224.697828
-241.063466
-236.011068
-238.139735
-243.015555
-250.278341
-237.758063
-255.273209
-232.821795
-257.605075
-240.715910
-244.633938
-246.319197
-238.584453
-246.219205
-247.800482
-247.247797
-262.814229
-243.050648
-244.768213
-238.703777
-234.155268
-241.744854
-223.061119
-224.563345
-224.717172
-214.556311
-221.654763
-212.865316
-205.053534
-222.071283
-198.176172
-213.733214
-199.041581
-204.136523
-206.559493
-202.873705
-202.065042
-206.769199
-187.433554
-210.222899
-186.563098
-202.297855
-199.602399
-202.769102
-203.992505
-200.376325
-195.997093
-218.320170
-191.100992
-207.214309
-195.828263
-210.366476
-210.336271
-196.991914
-197.246421
-188.678070
-172.762197
-194.351254
-170.507943
-186.682221
-185.111149
-174.678161
-184.820593
-170.687715
-176.890516
-172.513233
-169.738412
-183.082890
-185.099521
-188.689590
-199.778722
-181.265112
-199.355947
-199.739322
-208.644874
-208.535103
-205.021703
-209.679413
-221.539568
-204.632769
-223.085161
-193.287915
-202.631037
-195.636083
-199.267627
-202.555576
-198.463251
-185.943828
-199.222212
-181.395230
-206.083793
-187.953545
-194.575495
-188.745891
-185.085216
-186.992344
-184.442238
-172.602307
-182.704644
-161.280158
-165.546529
-159.369142
-154.981827
-163.883920
-160.443535
-168.727875
-169.513862
-156.385490
-160.764199
-146.829630
-145.383378
-150.555049
-130.267694
-146.270235
-133.078706
-142.418427
-150.495101
-144.807507
-148.999233
-157.225062
-152.009027
-179.445320
-170.912427
-196.840743
-188.579142
-189.950264
-174.631391
-165.025798
-157.260808
-173.274929
-153.507060
-174.646267
-152.824588
-159.270862
-168.104248
-167.334552
-167.245414
-165.494069
-150.688191
-162.263108
-141.792952
-160.030207
-155.720427
-154.805079
-163.725218
-159.628183
-168.078529
-170.920745
-160.174538
-171.647614
-156.107959
-152.822656
-164.408882
-151.953004
-168.679471
-152.173199
-145.956348
-139.789148
-139.853064
-142.115795
-149.198902
-137.556477
-159.770729
-136.812587
-150.072157
-133.922560
-131.098822
-125.896169
-122.575106
-115.456279
-128.769997
-116.828513
-140.708350
-126.027624
-144.834378
-143.773713
-142.965926
-155.043215
-163.239170
-154.971177
-167.534632
-147.496158
-164.092173
-151.453757
-156.740525
-161.751075
-150.028903
-153.471042
-160.722548
-152.138424
-158.000171
-148.799543
-156.855286
-162.035627
-151.596122
-156.639620
-136.925282
-136.827516
-136.202133
-128.971250
-127.407719
-127.189544
-114.650875
-128.796766
-109.922794
-126.613581
-113.467569
-120.866363
-120.592543
-122.290539
-118.547178
-126.953712
-110.468460
-124.210817
-98.191695
-104.672163
-89.678635
-89.501648
-82.397790
-85.582173
-85.796687
-100.978606
-85.656321
-100.346885
-86.641453
-94.375700
-93.298697
-89.447614
-87.624462
-78.505191
-73.892005
-90.615765
-83.061112
-97.717620
-94.965637
-91.585606
-107.333100
-94.529487
-95.501099
-94.610981
-96.218240
-100.545207
-100.209991
-89.790798
-97.555828
-79.161872
-85.765124
-67.891025
-83.518861
-82.329528
-91.185526
-95.573981
-107.035560
-98.026947
-121.864700
-99.744443
-102.481761
-90.494123
-91.334949
-85.527027
-85.253367
-79.766023
-95.652215
-80.544312
-98.846671
-86.940033
-99.980963
-97.903040
-92.556906
-92.105401
-99.698851
-97.409941
-105.110284
-89.825646
-96.183355
-96.850611
-91.014076
-104.167876
-98.423258
-115.587480
-121.105914
-121.528619
-131.377023
-128.160810
-126.098589
-138.533915
-120.840213
-130.053390
-117.109664
-117.555030
-110.981503
-115.123096
-117.600919
-120.534403
-109.973604
-131.465970
-111.254028
-130.129221
-119.641469
-127.970024
-125.080513
-123.471622
-111.982002
-122.804939
-112.763412
-133.004925
-122.163766
-132.743714
-129.451432
-128.920172
-125.054636
-129.332521
-121.415934
-131.022826
-118.021717
-120.052520
-118.503835
-121.323815
-130.945386
-125.542056
-133.414714
-143.390264
-150.212973
-160.086431
-166.742760
-171.899553
-174.252972
-155.417293
-162.773927
-145.982233
-146.052477
-147.915178
-160.387720
-162.958323
-165.784771
-164.192657
-182.566542
-166.643324
-177.542985
-164.104721
-170.384527
-160.244824
-156.503736
-149.485304
-157.074561
-133.340467
-148.416836
-128.862963
-136.553825
-130.932566
-129.648305
-130.987559
-128.033873
-115.239315
-128.094937
-112.686257
-122.523453
-112.277762
-111.200356
-112.035486
-107.286542
-112.948505
-114.805972
-114.916638
-126.501422
-119.321218
-117.163158
-118.689737
-103.311955
-119.613824
-111.549304
-113.271267
-106.157608
-106.333746
-98.362142
-97.474679
-81.769652
-94.481387
-70.747491
-82.350519
-69.983499
-76.500821
-73.132080
-79.658255
-76.003656
-83.810658
-72.321586
-93.118793
-72.294579
-80.280705
-73.249531
-74.573996
-71.252122
-71.456090
-65.899576
-77.239299
-69.228375
-85.247221
-82.356701
-99.307634
-103.850845
-104.968540
-110.179396
-105.434177
-98.264989
-99.977241
-89.392917
-94.307231
-92.438779
-78.802575
-86.521716
-66.094735
-72.774125
-70.689234
-72.784276
-70.237776
-65.722127
-51.120256
-53.224102
-40.254764
-60.571293
-45.664882
-50.265273
-38.314138
-41.572217
-36.371712
-50.335603
-41.394470
-64.975569
-57.074940
-75.052341
-65.041371
-69.443421
-65.426516
-62.886114
-54.505447
-59.176748
-48.648640
-64.692205
-54.382233
-62.543955
-66.148968
-60.782729
-51.776315
-44.059477
-35.067860
-39.037695
-34.779435
-43.892093
-47.585634
-40.748652
-53.764048
-45.787358
-53.870901
-49.755337
-49.918076
-61.869075
-63.379842
-52.817185
-69.060783
-60.160900
-81.633146
-71.195239
-85.187958
-86.731375
-89.638227
-86.666608
-94.976551
-74.771318
-81.528366
-63.048282
-75.863050
-59.285252
-58.175851
-48.067069
-43.995120
-35.184068
-43.526277
-29.830542
-52.697920
-41.274434
-47.371272
-48.558372
-49.713462
-48.714013
-42.125515
-34.498223
-35.383722
-21.715450
-28.042700
-25.564660
-29.630880
-43.157381
-33.342825
-45.532034
-43.934811
-38.904488
-44.204170
-43.536894
-41.033642
-44.773688
-24.464497
-39.333345
-26.905754
-33.721735
-32.017877
-36.557173
-32.031051
-44.120594
-39.367734
-69.211406
-61.753606
-80.117821
-71.650292
-77.098978
-74.999521
-80.304626
-81.409393
-87.740801
-69.021827
-82.095206
-73.826363
-83.004740
-79.987788
-87.862267
-101.464369
-108.661746
-99.386411
-104.334648
-97.031432
-104.507896
-106.840091
-97.869714
-107.841139
-101.178320
-101.738797
-102.378254
-104.065954
-128.112841
-133.124395
-131.474705
-145.841055
-125.377710
-133.699988
-115.779780
-109.318685
-108.442131
-112.859353
-108.855955
-117.559179
-101.285968
-116.519556
-99.821961
-115.371014
-103.150956
-100.112816
-89.693776
-83.921962
-71.462547
-84.822576
-73.838414
-99.626811
-89.023406
-96.232847
-92.936445
-92.316099
-88.985597
-86.603088
-71.127207
-70.333507
-52.180683
-64.767882
-67.485880
-60.203289
-71.784679
-71.947949
-70.121168
-63.991519
-56.130255
-58.664015
-61.726902
-59.831059
-69.331723
-51.627969
-61.130618
-51.847110
-54.083655
-48.868972
-49.582624
-50.465284
-63.503409
-54.230773
-70.398069
-56.368162
-76.564081
-63.494509
-66.568573
-63.895501
-62.927305
-45.106958
-51.014723
-40.944298
-66.706018
-50.131239
-62.739840
-72.452238
-71.888816
-68.110085
-75.485516
-73.214397
-86.875302
-66.487000
-66.114885
-56.764962
-57.557264
-62.661916
-52.349034
-51.600061
-57.206317
-52.045701
-59.509530
-50.481808
-51.815486
-75.218969
-64.774846
-78.579247
-67.776696
-77.682907
-81.145625
-85.759877
-89.964846
-98.042283
-89.144206
-104.797343
-83.951769
-94.407857
-83.377220
-81.675102
-82.085139
-85.609356
-69.612879
-83.301354
-59.192234
-73.470873
-58.571817
-64.779774
-62.061208
-58.659146
-53.954849
-56.593441
-52.774852
-63.735367
-42.189297
-56.161991
-47.561342
-43.070667
-46.472875
-34.927607
-33.748604
-46.649707
-44.311681
-55.160965
-56.755354
-56.304351
-63.687316
-51.574184
-53.859611
-41.340801
-46.663758
-45.236147
-34.271074
-26.466768
-40.808619
-33.879780
-62.324216
-50.304223
-71.840140
-78.505075
-92.251769
-91.538963
-90.145755
-85.929281
-97.282964
-78.391327
-98.416793
-74.942641
-84.776684
-83.122503
-87.615462
-97.752346
-105.842246
-95.923357
-109.518261
-90.551866
-103.662715
-96.387298
-99.353176
-107.269080
-99.608509
-99.090668
-98.049360
-88.538509
-101.604622
-96.178750
-106.264605
-117.396065
-104.029618
-120.401572
-110.317616
-108.711075
-106.421496
-92.763274
-91.375977
-95.238159
-79.460635
-96.909204
-77.293378
-94.741188
-83.873693
-86.118103
-93.563299
-93.465772
-89.744276
-102.375774
-82.752723
-99.967894
-83.309874
-86.346483
-78.629111
-82.155180
-82.705398
-83.436661
-64.169570
-76.604864
-56.435395
-70.244112
-61.232646
-62.691161
-63.050357
-51.140369
-56.253131
-60.307461
-46.308391
-67.742335
-60.492194
-72.080691
-78.961948
-62.544996
-70.910381
-53.723414
-51.603682
-56.068122
-50.332994
-60.419367
-60.289614
-51.175426
-71.065648
-53.364768
-73.446164
-69.515378
-71.828929
-74.883374
-73.094837
-72.824616
-90.021300
-74.445339
-100.967827
-83.388630
-95.853731
-94.022683
-91.691394
-99.054195
-98.477795
-80.732201
-98.945599
-75.308344
-90.162086
-78.915293
-84.017639
-96.222826
-99.332136
-107.431721
-113.920515
-98.109464
-118.704982
-105.521977
-110.643510
-114.898532
-103.454921
-120.070992
-119.633826
-117.832713
-119.757130
-110.198037
-117.719148
-115.341099
-115.780309
-131.026433
-110.997360
-130.120890
-121.765466
-121.829563
-120.019347
-110.863283
-110.308339
-124.836630
-104.998670
-130.292570
-108.481573
-119.211187
-116.341300
-102.284188
-98.500675
-99.725781
-83.109938
-103.627717
-77.060412
-94.028846
-81.813147
-79.284027
-84.665071
-76.174351
-74.594516
-82.895444
-70.637106
-89.385088
-74.389259
-89.350483
-88.632446
-74.558394
-90.820857
-83.689449
-79.696085
-84.655599
-76.908157
-91.705696
-87.189712
-82.644278
-100.548222
-77.653999
-96.222191
-92.863639
-97.308243
-100.664251
-95.364021
-85.587281
-87.849697
-67.828346
-90.060109
-59.377481
-65.392442
-55.175836
-50.566477
-61.294836
-67.845590
-59.541305
-78.432290
-52.925646
-73.796979
-49.723834
-44.629021
-40.456536
-35.200751
-37.509452
-42.370305
-19.989412
-35.385521
-20.132041
-30.246611
-28.344633
-18.649630
-35.927124
-29.995674
-30.956683
-46.251911
-32.662199
-42.877412
-40.217330
-37.765587
-54.733924
-33.099403
-52.678261
-44.338831
-50.483562
-60.392865
-57.132168
-64.329972
-69.870694
-44.680000
-61.164990
-37.212918
-48.593233
-39.420817
-44.964355
-52.081398
-52.328331
-51.191694
-75.237254
-65.149507
-90.948337
-76.391939
-84.251480
-82.063750
-73.550304
-63.156097
-61.413645
-44.764326
-58.578886
-42.742781
-59.070624
-60.124149
-61.402871
-69.081093
-60.384176
-57.290427
-61.934885
-50.092831
-62.509467
-48.344415
-31.330260
-33.404021
-12.397553
-23.818148
-14.031555
-9.706968
-18.716814
-13.241272
-16.659717
-20.660105
-4.458603
-33.291448
-12.358273
-25.241665
-21.444642
-21.858371
-21.604383
-14.662898
-4.172411
-30.777651
-8.361741
-36.218711
-18.115962
-21.845012
-30.143195
-29.253079
-36.959308
-39.477201
-17.502379
-48.089399
-28.771757
-49.620803
-46.449462
-45.337858
-58.902248
-53.094373
-45.791446
-51.117098
-36.458704
-54.736699
-47.426886
-49.971860
-58.132695
-40.917934
-57.760132
-54.000072
-61.854951
-71.687929
-63.323268
-67.027306
-59.018828
-41.646744
-54.955704
-19.488371
-28.657635
-25.055127
-24.390112
-24.278591
-17.761809
-9.797537
-21.708891
4.420788
-21.201101
-9.662349
-22.494633
-18.576663
-9.916549
-12.855325
-11.608573
2.283960
-21.779539
5.568953
-10.662378
-5.728660
-7.578255
-13.972812
-5.483304
-8.478590
-11.647127
6.368048
-11.350988
1.360611
-1.905223
-1.261264
20.070547
9.136824
16.319796
12.444131
0.483015
13.849817
6.924175
1.987385
14.000461
-12.453401
12.119094
-2.907044
-2.717520
-7.316890
-14.601920
-16.787228
-24.745800
-44.629953
-26.750933
-57.438400
-35.280653
-39.516795
-39.460692
-35.729017
-33.120764
-31.257680
-21.860041
-44.847690
-20.747494
-32.374561
-21.750362
-30.783557
-39.330118
-29.381766
-29.990403
-34.721867
-29.875462
-46.491066
-29.419569
-40.014240
-49.648106
-35.378016
-51.108295
-35.934025
-42.167237
-48.305651
-38.658564
-55.282773
-52.172166
-38.777948
-58.780898
-34.487102
-52.503026
-43.936480
-33.271420
-36.444681
-22.505973
-17.205338
-32.460520
-10.592199
-35.238404
-21.214845
-41.640765
-44.925968
-44.229791
-40.035046
-32.919178
-26.668476
-52.543174
-23.310007
-41.038324
-22.404886
-31.739825
-44.524713
-33.274142
-30.824934
-31.375809
-20.659012
-42.341293
-17.932967
-31.603238
-42.090439
-36.593136
-56.036441
-50.999556
-58.467999
-68.567956
-53.138373
-62.948957
-56.603438
-53.626240
-67.474536
-40.344234
-59.110590
-50.571965
-48.133482
-61.929308
-58.821734
-67.521928
-87.065426
-63.632112
-76.439561
-41.434510
-52.165541
-50.166829
-40.209216
-42.267503
-43.094288
-26.540359
-43.910138
-23.645984
-54.877448
-44.348915
-50.895585
-60.267936
-56.383663
-54.489614
-57.718416
-52.096671
-77.844068
-64.591053
-67.892107
-66.039567
-60.527978
-76.017680
-65.380297
-58.739724
-59.473529
-36.313174
-42.366119
-34.995986
-26.228532
-38.658566
-17.172379
-32.654568
-25.897768
-32.677409
-36.015214
-34.505896
-38.665845
-50.234308
-28.791060
-52.877289
-30.334104
-41.569325
-34.201133
-23.830807
-24.421658
-19.732482
-8.856300
-30.271838
-15.559525
-39.667938
-27.782839
-44.701452
-51.599002
-46.002419
-48.932738
-55.521574
-43.455647
-63.852864
-37.053932
-52.318492
-46.029073
-38.462240
-53.053344
-42.709956
-42.818669
-42.596268
-27.281818
-45.047019
-38.632982
-36.092575
-42.710569
-23.528379
-45.766125
-33.924330
-36.076373
-48.679312
-42.634323
-44.416900
-46.275935
-24.385820
-52.268766
-33.363832
-44.790497
-36.937866
-29.886913
-33.075500
-28.270794
-12.605376
-26.623093
-6.744298
-34.699835
-13.357001
-18.805481
-18.403142
-14.672961
-22.993801
-30.783846
-17.667719
-42.986230
-26.883868
-48.409522
-45.821081
-44.298318
-56.471489
-50.405586
-41.500453
-46.413477
-36.306521
-52.775043
-45.540854
-43.860937
-56.731909
-43.514863
-66.226890
-59.101687
-56.827707
-61.873562
-59.080877
-66.449889
-71.758023
-49.879360
-64.181425
-38.325310
-55.174578
-52.080540
-50.095525
-43.307282
-37.540486
-28.639076
-35.067985
-18.402502
-42.119448
-25.251480
-36.844055
-46.071932
-45.086161
-52.214594
-56.983161
-44.807638
-64.083544
-32.801239
-49.854244
-41.042250
-35.459024
-41.463739
-33.832221
-42.674009
-43.806438
-30.430348
-54.402468
-36.786897
-33.597794
-40.752961
-21.252487
-33.668235
-27.035827
-29.404838
-43.732062
-28.803452
-33.077856
-35.623710
-28.072225
-52.876248
-29.755919
-46.976294
-33.417756
-29.970967
-35.579548
-30.074375
-27.289144
-40.222864
-16.556284
-36.726196
-8.949490
-19.310786
-17.634913
-10.519925
-11.735302
-12.505952
-0.751077
-18.754000
9.187102
-18.590544
-9.562042
-11.013020
-15.494209
-2.865128
-16.781209
-23.167335
-11.354061
-28.201006
-7.509315
-11.468209
-18.937307
-3.355736
-12.140692
-2.775679
0.590151
-12.254319
-1.901039
-7.074691
-9.585224
-7.664089
-23.259555
-3.612332
-20.432816
-6.965804
0.216682
4.506939
8.984510
13.809535
5.279305
27.684000
0.752241
23.317271
8.199260
18.716273
23.926011
18.934549
15.282028
19.124083
-3.893554
17.553915
5.121766
27.826840
28.524184
22.324412
30.198744
28.909516
27.187566
38.797172
20.711857
37.146846
27.495736
17.894245
19.076402
2.706282
10.692655
-0.709351
-9.892491
3.070521
-8.500631
-3.039759
0.416391
-18.147686
-1.989292
-25.637994
-19.886786
-22.143456
-30.648081
-20.159117
-17.181524
-24.691170
3.770316
-15.737445
8.646649
-3.803718
1.602931
1.205375
-13.863602
-24.073590
-17.108572
-37.086265
-12.823905
-36.638878
-21.799518
-29.251560
-34.190877
-24.043469
-23.974143
-25.477387
-16.131655
-34.561071
-11.753020
-26.358156
-34.169898
-37.157531
-47.101712
-36.999230
-41.096456
-43.557508
-22.499791
-27.520543
-21.531428
-19.314343
-25.665742
-5.974003
-26.080301
-23.898055
-26.082967
-30.208121
-34.019539
-33.294901
-34.191159
-18.596879
-39.506175
-11.232593
-20.991582
-8.022928
-7.855956
-14.637634
-15.776868
-7.475181
-21.140860
4.423045
-17.896434
8.529042
-0.789763
-3.506403
6.113269
6.924556
8.575909
20.216053
-2.345301
14.162384
0.669512
3.562927
13.123244
8.294837
16.631023
4.815859
-12.124818
-9.461345
-23.704014
-17.524417
-20.207124
-35.393715
-24.431775
-42.976521
-38.684687
-42.697905
-42.773713
-36.702724
-43.316298
-45.976067
-38.725548
-61.056440
-36.065910
-54.775396
-48.068568
-51.302077
-46.516297
-41.672282
-30.358928
-38.498257
-10.618118
-30.983706
-12.182595
-24.380322
-23.496142
-23.980188
-31.361070
-43.826467
-40.699153
-59.831771
-38.438973
-55.636064
-47.943872
-43.623961
-49.033596
-37.134264
-36.215789
-42.114399
-26.820944
-36.017839
-23.026658
-23.754106
-25.373732
-5.457407
-20.616194
-4.798069
-8.650684
-10.788505
-6.784233
-14.420968
-16.940472
-2.907318
-23.571135
-6.726291
-31.143783
-22.927495
-22.809170
-22.369470
-22.819402
-17.038961
-30.296353
-11.030589
-32.214890
-18.669598
-31.701858
-29.449614
-31.516984
-34.854191
-29.248079
-15.573369
-36.720367
-20.989827
-40.512580
-27.328458
-28.302606
-28.886908
-20.255811
-31.370867
-35.858634
-19.698035
-33.092180
-18.147029
-20.827277
-25.271326
-13.781686
-18.432333
1.040323
3.447701
3.307945
13.685505
2.809581
-0.141666
5.415173
-18.235721
-3.440959
-24.208923
-13.227157
-17.878439
-23.077924
-22.779091
-21.294730
-33.215556
-13.770573
-33.675995
-17.797359
-44.345841
-41.778241
-46.674963
-43.301385
-43.016976
-29.665780
-40.953825
-18.579177
-32.344972
-11.793068
-3.848804
-7.925773
-4.584169
-9.017855
-11.729940
-2.415240
-12.977375
-3.275056
-14.558682
-21.507276
-14.284808
-34.232445
-22.550695
-30.156479
-27.735621
-19.806259
-27.340893
-15.923762
-6.844538
-10.384236
12.150298
1.194219
9.516998
-1.872835
-24.452574
-19.562259
-19.444236
-27.729251
-10.557787
-31.278090
-6.856082
-16.472568
-1.320087
6.988104
11.937063
8.261565
20.940926
8.572217
27.983266
7.215791
20.634309
19.747769
18.880528
26.858219
28.272479
24.758502
37.758235
21.685163
43.475317
44.316143
42.786846
50.696316
40.051430
49.278267
47.421019
46.470693
55.431409
46.727255
49.337725
46.816504
23.347693
41.150513
28.330849
38.268132
42.084617
40.221902
36.908289
37.867191
33.754494
46.244741
19.719831
33.537046
17.847863
17.872463
8.454160
-2.874739
-4.808685
10.755894
-6.380746
20.425026
0.895732
14.281045
5.626829
1.406742
4.247926
-4.814792
-11.695665
-2.455389
-7.423360
14.118833
9.987765
12.763701
29.101900
29.839624
38.733069
35.673541
28.652541
38.531439
27.960893
33.911569
28.947379
16.183880
33.459782
18.692811
35.231233
33.968075
24.515620
25.220505
22.656267
5.551418
9.249629
-14.632341
7.526676
-11.683791
-10.536914
-9.688766
-19.061467
-17.727966
-15.126741
-39.408926
-16.086777
-43.549768
-27.892388
-34.985791
-30.853531
-22.095378
-10.936166
-7.518028
12.393016
-3.395418
14.642957
2.686602
2.941005
2.811097
-9.886919
6.384818
9.282516
8.734394
26.609597
21.098548
36.680797
46.928678
43.931619
59.201965
43.127974
52.783558
52.053511
44.623694
49.661295
47.296996
45.312298
64.015393
38.988203
60.417399
47.791844
48.052018
50.800098
51.053355
44.243094
52.768945
37.484127
58.977179
34.962632
54.198499
53.898481
52.908487
56.382400
52.580857
49.168190
62.625192
40.489880
62.082342
44.156805
48.831066
59.044296
53.990976
60.312693
56.021430
48.395612
59.059238
45.084776
59.688636
63.097685
50.947358
58.663520
42.908528
53.285521
45.784721
27.472212
32.209717
30.445799
23.896586
37.795600
8.130670
30.742609
23.370854
33.482721
38.936346
36.301381
27.202655
28.805229
3.711542
21.199736
-6.800527
5.722008
3.110210
5.090536
8.516965
9.178007
5.450887
21.140423
-3.526742
14.789017
-1.915361
3.365828
10.304996
7.069014
15.934205
17.100724
8.890878
21.877143
7.441037
19.643155
10.242894
-5.361185
5.560604
-3.700653
-2.289521
-2.045535
-1.846668
11.633719
6.955391
8.500690
26.722094
12.008709
28.938123
15.666049
19.431232
15.604918
9.966099
7.513935
16.130408
3.596065
27.876936
6.948574
27.400527
27.151161
31.786266
32.810411
26.547288
17.425219
32.793363
12.230859
38.222501
23.955571
40.999955
46.568289
39.683100
44.300794
44.823961
33.784334
44.597572
27.121323
39.359291
28.526086
21.059446
27.078188
11.914069
28.554820
32.520753
20.325586
29.932235
22.320720
20.294709
30.504966
13.410370
30.064870
18.610715
22.025936
19.008648
14.750936
22.860279
33.864733
17.546745
40.854396
19.565076
38.662645
22.194116
24.879134
36.952546
38.082377
32.223454
52.227416
34.327565
57.417159
42.909954
48.231405
48.300950
41.221315
47.425962
46.324265
34.524404
47.298439
36.180388
54.187002
53.968704
51.989120
60.774996
52.305853
58.297086
59.612089
49.886262
58.389755
38.504366
39.316605
55.735275
39.455938
61.542573
48.580443
57.765987
58.795369
50.973413
53.858731
56.341918
43.992274
65.374716
42.206604
61.720703
52.914709
59.811666
67.417038
74.251499
73.414675
81.446782
57.947834
77.640506
61.607717
72.318884
65.591696
64.648094
65.679631
61.218165
58.674362
77.973711
59.774850
82.555866
81.065759
82.757120
90.115280
77.921386
76.701425
70.457552
50.195859
62.279488
55.309829
60.691943
76.522421
60.529406
75.818106
65.218772
68.760763
62.969163
47.520844
44.804412
44.961254
37.529298
57.015224
34.124845
59.490229
51.524098
63.159020
63.540942
57.428918
49.657185
64.670220
46.741356
71.948719
54.173969
63.769849
59.909014
50.333388
51.837901
51.108412
42.235485
58.545759
34.279290
53.826702
45.851250
38.476653
46.511353
40.802664
46.135696
48.768293
42.545544
48.944648
37.921067
42.450927
51.757756
36.224254
45.949075
27.951512
25.996180
21.041656
17.830190
29.034132
26.402449
15.831985
31.766520
14.636392
35.932835
22.828119
25.544925
22.751869
14.472498
11.233860
20.683619
10.796096
39.821938
24.818309
41.376195
46.776681
49.751238
59.752261
58.042307
46.725375
53.795389
17.114904
33.238556
21.086191
21.060032
31.585620
32.463176
43.771141
46.782763
32.863605
39.954865
21.044933
29.884842
21.357051
6.399774
24.736788
9.332975
14.017269
13.877932
10.555174
24.710971
23.721038
8.049490
14.572256
-10.039732
0.866627
-15.355675
-15.805741
-13.036987
-8.101313
-0.488831
17.920620
3.958306
30.489501
10.145140
35.718736
35.878051
27.111396
30.248003
35.703890
21.925743
29.733620
4.215973
26.490544
24.127002
31.569822
34.091167
30.314008
35.955659
38.875887
20.958616
30.288289
5.989012
5.854499
-5.377212
-18.669015
-13.639822
-33.305995
-23.902025
-21.270621
-28.332927
-8.811458
-2.110154
-5.758344
6.605935
-12.854446
3.046696
-6.722786
0.992178
4.786705
6.330709
8.068687
8.535295
-12.122709
17.679191
-5.459036
9.874508
-4.333898
-8.287327
-7.642707
-19.452695
-37.852474
-31.664285
-57.228353
-29.840374
-44.343556
-34.966870
-23.479066
-21.329821
-17.202841
-17.065683
-31.506063
-13.850815
-29.703707
-28.166763
-28.746157
-34.463420
-18.520201
-24.835741
-12.556894
-11.457500
-16.751532
-5.971327
-12.795896
-17.093497
-10.432078
-31.028261
-6.434186
-11.365049
-0.649279
3.222765
-1.516988
3.264063
18.789740
4.239610
19.841036
1.343022
15.767740
0.897393
5.254359
0.356507
5.113896
-4.797416
13.581471
0.320339
27.056919
10.169967
13.673499
19.067762
20.066745
29.591466
40.030358
37.225244
48.184072
30.874700
44.893296
37.770727
32.823425
40.091807
31.519244
41.010177
49.154668
42.484572
49.881546
46.332252
54.926267
64.743473
51.817320
77.618261
76.464588
80.804640
83.297962
76.877068
72.000691
72.056327
54.204973
72.908260
50.444875
62.117385
50.165304
59.068703
66.519323
63.471396
55.494838
62.737673
39.387491
51.740699
26.830220
37.153589
27.116682
20.873122
18.430051
19.338597
15.522574
38.664171
18.288370
36.293853
38.701480
40.450459
59.775631
54.878965
63.312322
63.212366
53.862663
63.526295
56.754092
62.763298
64.778058
52.349948
68.404045
59.503813
68.518079
64.140003
61.801003
61.808525
60.176246
38.238645
61.718805
51.102401
67.620010
54.075613
63.177091
62.328841
54.871336
48.377976
60.705730
41.180941
58.906124
40.490055
60.220823
53.053211
51.989111
52.217518
47.994729
41.223855
54.516706
35.271971
51.318334
44.384992
45.656116
48.310246
35.190776
28.537461
20.280819
11.013666
19.917898
8.168118
10.612487
13.135995
-2.998344
7.272360
-7.613633
0.366830
3.639573
-4.446524
-9.623480
-16.898485
-32.417240
-18.335404
-40.500271
-18.009778
-30.140044
-30.559010
-29.278832
-28.204840
-30.908916
-16.107373
-29.808497
-11.768009
-24.980108
-10.350297
-15.410350
-6.551720
-3.777719
2.359621
2.190269
17.835469
5.838956
26.706263
17.984734
19.601980
19.300152
8.055050
13.287062
15.295823
11.660445
26.252048
21.121201
28.589677
27.231234
21.148074
24.043645
18.255429
25.640349
23.735199
19.922583
18.686056
16.215008
10.185477
24.438335
-2.315485
9.754128
-4.244828
1.925514
4.899469
12.935785
14.681862
13.191451
-4.819183
11.919399
-9.774458
5.253181
2.209250
23.261803
23.924282
26.423573
20.456547
36.588148
26.597593
41.305473
25.137323
30.526012
31.845530
33.106387
32.422241
36.039020
34.878103
49.462499
45.075468
54.870779
52.628562
35.692002
37.458312
30.748345
35.374109
40.456060
36.793006
37.733726
32.720425
32.003801
44.060944
36.631298
56.638212
37.292666
44.111302
31.685163
26.561657
21.246312
22.705376
10.775817
22.160475
4.646226
16.274374
1.444027
6.774635
9.611006
14.525443
5.655939
15.292097
5.785118
26.881504
12.030815
24.084093
18.159047
16.526338
19.216544
16.832159
7.820189
8.762623
3.528228
14.440805
7.998807
10.507828
15.962287
10.581466
14.719602
7.997316
7.085505
15.644735
19.254764
22.108256
29.023503
18.817136
32.237495
22.971663
33.663952
27.814065
26.524930
17.506888
18.892328
2.363638
13.760351
2.615789
16.253364
2.411548
8.127568
3.869343
9.376164
5.871180
13.554860
-5.573632
16.797496
7.766130
17.058707
12.784370
12.850294
12.377375
18.925570
5.600475
10.738541
2.768572
13.059690
18.715650
24.287982
36.719248
28.787721
29.301902
29.356841
23.249437
23.217317
14.200651
2.063517
4.097459
-8.529846
13.606311
5.871530
19.387026
26.177052
21.905013
25.369274
32.043043
26.623602
39.636503
28.189800
45.427767
43.484558
54.807598
46.667034
36.802394
28.755796
47.152639
38.891268
62.360557
38.070937
42.293389
37.537875
38.849691
37.653158
44.806810
31.951348
46.320917
42.687933
61.746528
57.988337
63.932192
63.578919
61.010916
66.780826
58.156945
46.666634
47.635980
25.486444
10.143061
16.056255
1.190146
20.370370
13.442080
16.123699
19.802422
22.489088
24.392170
22.913383
6.801595
28.606851
13.287338
25.567498
14.398840
13.275441
5.834460
7.686569
0.576074
3.769462
-17.979224
12.063356
0.629932
7.111412
-0.125515
-6.202486
-9.247877
1.137273
-10.710054
3.224186
-19.156242
-15.726233
-24.934768
-22.769627
-13.920742
-18.258449
-9.353925
-5.445125
-23.410093
-14.264369
-24.263864
-25.085179
-22.730661
-39.731228
-34.965167
-52.807565
-53.670184
-53.170102
-66.258569
-57.934417
-44.243063
-52.270778
-23.043553
-43.333598
-22.839165
-21.955910
-14.148167
-9.278018
-11.187490
-18.940523
-13.082121
-35.626792
-13.881556
-36.132927
-31.478910
-34.411486
-34.182962
-32.254389
-22.961460
-41.801012
-27.015086
-51.735399
-35.174484
-39.682253
-47.159918
-35.787815
-50.804593
-55.311580
-49.142175
-69.203756
-51.655644
-47.483370
-35.774790
-23.933808
-41.246938
-22.990900
-24.549517
-23.834007
-17.997877
-21.810211
-20.456892
-16.284861
-25.008994
4.274204
-18.307395
2.494644
-3.235342
-12.120123
-6.090524
-14.692712
-25.605679
-16.921826
-48.070060
-30.951505
-56.512064
-47.276051
-45.965023
-53.568106
-47.420446
-39.902874
-58.731468
-39.255600
-61.824240
-42.530147
-53.968882
-63.430512
-62.193697
-61.367708
-58.128171
-49.846166
-64.344761
-45.185320
-58.778164
-52.135606
-45.640726
-62.322552
-51.848013
-68.154029
-64.244137
-54.200857
-67.016955
-54.287601
-54.114485
-66.121261
-44.656173
-63.482188
-52.420317
-59.460883
-63.584138
-54.145724
-56.644937
-63.671482
-45.548289
-62.674366
-33.877130
-56.462532
-38.290872
-40.063527
-48.652343
-41.831339
-39.857416
-54.913967
-29.727279
-59.012312
-39.559634
-50.879852
-57.671347
-58.704306
-65.095427
-56.387841
-48.768378
-63.602669
-42.570255
-53.260640
-41.330593
-32.929043
-39.746730
-19.314575
-25.112594
-17.348561
-11.761561
-34.965988
-22.093684
-15.531236
-21.603959
-9.027195
-32.885422
-19.237866
-33.171135
-33.841017
-28.528212
-32.742244
-31.546206
-15.159769
-29.349663
-3.191811
-23.849485
-4.001415
-2.456690
-7.178593
-5.367004
-2.485644
-3.092554
22.831034
3.480667
25.413761
7.451485
5.260728
14.333792
3.717770
11.883232
10.486593
-12.329142
1.213526
-26.388725
-20.978491
-17.719989
-28.241097
-18.082540
-20.135114
-10.964768
-3.791015
-19.496592
-1.057578
-3.548908
-4.810152
7.944319
-14.069930
3.377320
-5.844629
-4.908501
7.245969
0.710479
2.706883
18.230084
0.034539
20.953082
-3.004875
12.159460
7.385505
2.019936
7.400939
2.854856
-8.706236
9.736070
-16.085269
10.162038
-4.375313
0.317128
-2.661334
-12.094359
-21.574471
-12.454219
-14.052290
11.463122
-9.237680
5.511516
5.369542
1.049533
14.600533
2.581445
7.975479
10.137376
-12.115039
-1.189887
-1.247463
2.562918
20.531260
1.456043
19.996460
14.798380
10.484960
20.959362
15.150762
24.018240
37.233413
13.784689
38.414179
16.749238
34.501157
29.042256
34.837465
41.226659
46.610712
48.533282
65.499154
49.328596
84.068072
66.079435
79.527646
83.269781
74.987141
83.374924
91.961209
79.914855
100.736502
85.422315
98.364114
97.726349
99.612479
114.421062
112.401553
114.056401
118.632810
98.328798
108.409878
99.261987
93.491272
100.638547
85.846859
106.263709
101.932665
108.143222
115.307636
106.787437
109.245682
108.569016
83.026611
98.675682
79.444349
92.980824
75.281943
74.074689
76.736607
73.569759
72.347123
85.851947
62.342766
84.072376
60.436392
71.368621
65.328084
54.931658
53.385178
53.830675
41.249476
57.626961
40.605673
54.578839
40.288669
42.002544
51.722812
48.175106
56.267449
61.184747
46.470939
60.566842
49.376670
54.320867
59.746269
54.793163
65.569590
60.719355
70.331272
74.307027
74.937820
87.353897
86.046184
66.036811
77.901427
53.963931
67.028173
55.941603
58.150039
57.254641
56.688636
53.575436
67.886017
47.933102
72.570922
55.909738
67.615683
59.791449
63.251049
60.726634
55.613185
48.844555
70.030257
47.395594
70.584426
59.276842
65.310431
67.013084
59.027637
61.695951
61.703813
51.638815
67.300524
50.012167
53.425550
54.306606
40.377154
54.149458
43.291745
55.308409
62.169698
61.145354
75.674843
71.445474
63.025366
69.530061
52.625447
69.905866
62.866612
69.931275
76.226283
73.972631
72.652327
94.318616
71.320680
89.697477
74.819508
90.237258
78.447148
76.430660
68.154345
62.850100
50.390075
65.465468
43.528239
67.294476
50.396339
60.393804
75.860391
76.249575
74.326709
71.955371
51.226366
57.169464
37.960823
37.416866
36.460839
30.855098
45.548341
38.947938
36.893210
41.177405
32.533755
37.805857
28.880954
9.863938
17.668160
-3.897772
9.875690
3.888199
10.179880
11.874785
10.648712
10.883985
18.807413
-0.820355
25.326353
-1.998452
7.963475
5.725481
7.347455
5.365207
11.020562
1.349629
8.129519
-1.434279
28.726932
17.749460
18.983490
20.522003
23.098535
23.365821
24.985287
7.957772
32.572723
9.340505
18.477616
15.886502
9.391245
14.411433
2.403508
8.886828
19.332454
3.763120
12.030159
6.411266
2.438048
15.766110
-4.419555
12.084208
3.583715
1.505065
4.745463
6.323794
7.533275
17.945011
1.997387
27.770738
12.348879
35.876284
38.995035
42.759345
49.625125
46.136016
28.611030
44.624743
17.698431
45.599354
38.592298
42.553245
44.426452
40.204582
41.047020
45.703614
32.053149
47.785512
30.778431
40.468679
40.227846
36.101165
41.291021
36.092528
32.907205
31.035458
18.919105
29.922354
24.900091
19.426622
28.641102
7.529314
21.453668
18.839974
21.091258
27.274504
24.213099
24.785114
36.727458
22.924034
61.937013
49.923858
69.562259
61.872973
56.824631
65.395864
60.868478
42.807448
61.632874
36.948346
63.695148
49.495558
59.216160
55.980739
48.051309
53.414157
67.753451
51.795099
66.361319
48.220449
51.876290
51.434367
47.348553
56.467869
53.147642
49.429612
51.633311
41.012043
57.324354
50.077571
43.182893
59.545747
45.661912
57.806723
48.026177
48.949937
50.741053
34.781341
40.524381
40.395355
20.345857
36.492789
12.544623
26.321373
25.162628
23.482842
25.895042
25.124467
12.221183
31.583462
13.533152
34.041429
18.034819
32.400110
32.600766
30.847901
29.890557
39.772482
26.893230
46.860461
26.464583
31.604089
22.142776
17.844070
27.582445
20.807287
20.860228
28.404798
12.473437
31.743065
23.637579
14.917065
28.574223
11.843347
28.159988
24.949280
22.474701
30.562680
22.176985
32.113617
37.528399
19.387754
39.354457
21.114827
31.927280
16.735840
6.997419
12.082389
15.163105
7.239649
17.759755
-6.377365
23.224302
12.821325
21.923876
17.359417
12.284693
7.238864
12.371770
-9.276857
8.256053
-13.282064
2.859069
4.324209
-4.373701
-3.181012
-11.268766
-13.253066
-2.891162
-21.063982
-11.151305
-39.370094
-49.478017
-42.472388
-56.748273
-38.097109
-34.561307
-27.629896
-12.608146
-25.639818
-25.541634
-20.993690
-30.842414
-13.331835
-26.782530
-6.825717
-11.766866
-22.182706
-13.298497
-10.321429
-20.889567
-2.275281
-15.977197
12.867818
-9.496609
-7.523489
-6.863554
-9.956336
-13.475316
-7.963797
-27.919376
-10.178204
-35.289637
-31.358731
-33.008775
-29.199411
-20.436329
-21.875374
-27.082558
-21.742736
-38.576193
-23.229200
-46.227528
-42.217108
-29.490188
-42.107266
-32.828883
-35.942081
-39.603547
-39.078712
-54.649632
-49.288732
-42.004415
-51.355184
-23.342318
-35.763240
-24.267887
-22.936489
-20.803944
-15.336842
-19.083485
-21.383997
-4.033398
-30.871323
-7.529222
-22.089299
-14.563986
-15.555937
-18.858342
-22.830332
-15.097733
-28.052513
-12.027179
-33.615884
-20.478442
-32.598267
-39.911930
-33.861531
-41.323045
-51.031056
-35.105538
-45.267162
-26.153854
-40.424582
-35.059749
-34.713144
-45.322344
-37.029147
-45.031880
-34.904133
-25.473140
-46.621429
-48.645534
-58.862893
-68.548818
-51.516813
-69.859192
-63.582024
-62.599432
-64.246860
-69.851046
-75.012163
-77.913181
-61.696940
-78.324216
-48.983010
-67.986224
-63.071905
-63.051745
-72.353144
-76.836067
-77.603511
-94.438115
-66.619214
-91.437334
-75.225294
-87.487117
-84.745085
-81.902818
-80.252826
-85.067987
-82.196664
-100.389747
-87.987887
-100.972147
-97.441828
-105.996842
-114.654734
-97.596163
-100.211425
-100.009594
-91.351522
-100.572456
-84.212733
-82.388550
-83.404900
-66.377146
-85.412959
-71.119030
-77.851880
-84.725031
-72.679402
-69.671830
-70.168156
-59.511791
-72.297995
-53.574750
-79.021794
-74.559906
-79.056619
-94.246475
-100.649831
-98.370931
-105.680592
-91.534444
-108.725478
-88.815828
-103.720422
-95.872956
-92.390732
-97.010585
-95.094386
-82.934199
-91.834730
-69.406957
-86.900204
-70.352198
-79.949875
-80.322156
-66.264929
-66.616580
-60.499502
-54.574503
-61.475916
-45.157808
-48.262094
-47.310351
-38.822981
-49.999072
-47.147094
-57.271396
-58.890640
-63.941608
-74.593139
-83.240813
-82.852205
-92.074724
-66.491836
-77.928252
-63.602333
-73.986969
-76.768667
-74.209159
-65.160399
-69.914587
-58.078876
-80.720200
-62.224067
-75.476634
-58.571247
-54.537033
-49.549434
-48.138873
-36.937507
-47.263957
-33.779763
-52.262827
-41.715610
-49.549300
-51.702973
-53.774253
-63.911332
-71.923434
-65.688757
-81.542669
-67.379951
-68.237411
-59.859078
-54.374887
-58.446400
-49.569319
-52.245697
-47.263221
-49.567582
-47.036728
-49.630686
-40.753463
-45.672832
-29.823024
-41.753210
-23.417259
-34.179078
-30.150011
-30.117935
-30.319894
-36.917501
-28.507554
-47.353540
-26.012319
-37.996341
-24.735413
-27.920636
-26.559925
-33.184419
-34.396815
-47.760495
-37.004697
-50.341931
-35.769137
-44.217241
-39.389297
-39.342130
-37.214883
-44.752088
-42.413453
-48.281902
-39.476428
-39.604062
-29.519614
-25.528939
-23.125769
-6.305128
-11.823907
-12.124671
-2.498217
-8.070269
-0.786284
10.774042
0.438743
14.787809
-2.307188
8.821256
5.715381
12.187738
17.584322
23.463914
13.066774
28.861155
16.632306
34.358841
10.242748
19.912621
14.300558
15.724943
15.467449
15.312877
6.432444
25.914700
8.862691
23.623126
15.982344
20.826431
18.826695
18.275669
18.042050
22.457568
8.507157
22.813636
15.131588
16.648724
22.106651
18.176829
28.721227
28.425601
25.700057
27.660577
20.937387
28.914105
37.025078
31.674746
48.589554
34.994276
35.851415
18.967321
24.425177
26.039348
32.892927
27.172608
37.431063
15.126751
24.498720
7.860216
20.420825
6.970585
7.271669
0.489967
1.411479
-12.536920
10.605570
-1.624557
16.642011
6.280374
9.361921
19.667813
17.633707
12.752027
23.302606
8.915413
19.811076
1.125932
3.523002
8.256432
2.541032
6.099700
3.991502
4.962147
11.171272
-5.023001
5.595327
17.639745
7.224184
13.020357
-2.059275
8.554151
7.556908
11.652323
15.847302
19.757104
20.543112
42.055013
27.367879
50.706552
35.048037
40.458080
41.998272
37.440103
32.576534
37.034146
17.868826
37.959725
10.589694
14.056157
0.934776
11.168805
15.579368
9.624959
6.133347
25.304034
8.225147
22.082320
11.795358
19.447045
22.886379
12.631944
11.329071
-9.367398
-20.736041
-13.343661
-24.511083
-18.737607
-15.828634
-25.698240
-8.148786
-30.499900
-23.100734
-26.770729
-30.843770
-29.207758
-35.865977
-38.685574
-23.510092
-48.998684
-31.300866
-39.279026
-24.653294
-17.322391
-14.987535
-7.371859
-0.421604
-20.918755
-4.056535
-27.786679
-15.073212
-32.382723
-40.282098
-32.412580
-36.817329
-29.935903
-14.585798
-39.524402
-10.620656
-27.788150
-24.784582
-19.150782
-34.170342
-31.920556
-48.982361
-53.244571
-35.469967
-48.767132
-38.130447
-40.034250
-47.473607
-34.665480
-48.056833
-38.702967
-41.720521
-49.145734
-45.791498
-54.136310
-59.592468
-46.960723
-61.163166
-43.745920
-62.599976
-55.064100
-53.839630
-59.897679
-61.413914
-56.512058
-75.047577
-49.402494
-64.397650
-39.835151
-46.105190
-44.952943
-39.278442
-49.527694
-59.019511
-52.879048
-71.889323
-48.715146
-65.654529
-57.253239
-49.506916
-47.263041
-27.369648
-27.289047
-28.188496
-14.832181
-41.591188
-36.568146
-49.830367
-61.474264
-51.549777
-64.801520
-57.048725
-53.997266
-64.469165
-54.058013
-65.430543
-67.541233
-55.880470
-86.176734
-65.466017
-95.114682
-95.969905
-87.993493
-95.560023
-94.588479
-82.153297
-92.109816
-65.345190
-91.973919
-68.444552
-78.383584
-79.083874
-76.044942
-81.599174
-85.846858
-76.602812
-102.596035
-81.946478
-94.806282
-80.786277
-68.531585
-71.001552
-70.601147
-77.263094
-88.340184
-68.722150
-83.127597
-70.041102
-76.818197
-85.711575
-71.876964
-83.215260
-67.748147
-64.272682
-66.587909
-51.365726
-58.816778
-55.846981
-45.170102
-67.577866
-44.698052
-63.234729
-58.375608
-51.147342
-49.158943
-47.059685
-41.584136
-52.548805
-21.839802
-43.465139
-21.280404
-35.468450
-35.829325
-27.610456
-21.133801
-18.432926
-16.783360
-39.982733
-13.296725
-39.795088
-32.162196
-33.533534
-32.506220
-23.564243
-32.387280
-41.088178
-30.532626
-47.827408
-22.191787
-22.773101
-15.623257
-6.048154
-16.257076
-9.220181
-18.922431
-25.206382
-12.177571
-27.288674
-27.025549
-27.704880
-42.676794
-26.168503
-44.171275
-32.960203
-31.982252
-25.290903
-11.874789
-2.825887
-4.608088
8.020145
-16.788835
9.836960
-5.756740
7.732316
13.970658
6.801691
9.945463
22.689421
6.310065
31.957258
2.023905
16.796504
17.364835
20.218426
30.104554
23.881928
13.295422
24.331750
1.532565
20.392549
11.010058
2.547824
6.929040
-2.058042
1.419096
-2.402430
-6.659957
7.375667
-3.092038
9.210445
19.620024
11.521541
36.028183
19.438768
30.443024
27.911042
20.024568
36.404805
42.806918
29.983714
39.047534
13.273247
35.791145
12.593733
21.211552
25.613801
18.723903
18.159186
27.013893
5.071041
23.460161
-6.027687
4.861001
-9.003936
-13.620842
-3.308415
-4.971548
-6.864816
14.525233
0.999751
24.470557
17.712279
24.626580
27.497969
11.503152
21.422869
25.797163
27.586854
37.886174
22.734572
30.308317
37.949131
23.409622
33.753795
20.988032
31.668368
20.070222
15.653536
22.157692
9.543609
0.857020
15.516265
-2.227713
10.578586
-16.915185
-22.001942
-36.341956
-44.673046
-39.633628
-37.628768
-65.272614
-50.530141
-84.335866
-72.692309
-99.030359
-97.943568
-96.275606
-104.948343
-110.515902
-96.478321
-111.277267
-94.362531
-109.288061
-91.907543
-89.100270
-93.643622
-85.853036
-85.514034
-86.473012
-75.557131
-97.812506
-90.231537
-92.861593
-98.409894
-83.445486
-102.503133
-90.483235
-90.929272
-86.912450
-76.331942
-84.299253
-84.653626
-68.830433
-87.760219
-71.379084
-92.553720
-87.950238
-88.164088
-88.132490
-82.438864
-73.386847
-68.383421
-38.540389
-60.821060
-44.249749
-71.057888
-74.244741
-74.060266
-76.034306
-78.438862
-76.638470
-100.144412
-78.555445
-84.481148
-63.051824
-60.446228
-66.373978
-60.357249
-59.415891
-62.453660
-53.444769
-70.740965
-63.916606
-74.096938
-77.166536
-61.210006
-72.085364
-65.957861
-73.796374
-74.820123
-67.778628
-71.344802
-70.184131
-59.123083
-76.396703
-55.340303
-70.571842
-65.555174
-72.012674
-73.428596
-65.462563
-64.124958
-77.969553
-55.693754
-69.484482
-49.841304
-57.682465
-52.118305
-51.511653
-60.592271
-65.537574
-52.642649
-70.083253
-53.640358
-73.708384
-63.451159
-63.718232
-66.568590
-60.751121
-59.556769
-62.143720
-54.247262
-73.043951
-59.591959
-66.739953
-69.655536
-63.786661
-79.081988
-60.767438
-54.329546
-62.528276
-51.621864
-60.101858
-57.504808
-53.050565
-65.023344
-40.153802
-61.253923
-57.359091
-51.892144
-46.296757
-33.497792
-28.232061
-41.789696
-22.129575
-44.896319
-20.095444
-31.486646
-28.367373
-21.403095
-19.069023
-24.790523
-7.627988
-24.421995
3.963123
-11.507506
-2.038469
-2.766548
-8.323125
-5.373891
-9.187392
-15.531262
3.800613
-17.232764
1.359649
-4.862974
-8.510522
-4.708129
-25.780289
-23.506613
-21.743442
-31.449315
-22.446642
-29.085134
-27.732905
-24.469141
-45.629252
-27.450012
-43.427353
-38.961730
-42.585384
-49.412938
-44.633658
-47.166704
-66.787752
-57.985503
-84.876602
-66.528977
-78.405903
-76.679107
-67.518551
-67.791826
-66.299042
-53.126093
-75.327344
-49.770866
-68.938955
-53.210825
-66.469962
-73.344865
-63.602602
-58.250754
-66.864070
-53.109374
-69.017839
-54.685091
-62.898684
-54.509120
-43.455176
-59.464088
-54.155263
-52.849068
-60.612810
-45.998713
-56.662585
-58.515260
-52.127213
-75.823173
-63.913556
-76.022302
-71.162914
-79.859847
-90.416519
-82.351859
-76.080801
-81.147370
-66.430942
-86.844418
-64.789792
-84.715226
-84.226609
-81.177126
-86.695485
-91.646228
-80.331143
-102.411358
-71.466389
-91.960651
-82.167632
-84.640712
-90.377007
-87.362213
-86.347511
-93.597579
-73.085615
-91.316958
-65.524530
-69.682688
-67.163256
-57.379003
-65.615858
-57.786364
-55.870943
-68.702597
-53.292169
-62.817370
-61.954782
-48.855447
-65.679128
-42.515208
-50.587842
-42.524707
-32.258287
-38.254247
-32.696587
-29.094914
-39.840636
-25.095392
-44.503421
-22.313159
-34.192887
-34.417261
-33.976833
-32.843949
-31.132294
-11.234320
-36.675649
-12.350819
-28.502472
-10.519762
-22.132912
-29.560688
-26.414225
-29.132794
-44.954571
-35.939930
-58.660252
-42.791616
-52.117521
-51.221876
-41.766587
-45.411163
-46.690418
-51.354372
-64.757059
-54.263880
-76.597707
-73.932462
-73.796453
-94.773467
-81.719704
-93.796187
-83.533507
-77.159929
-81.678264
-67.786944
-65.040997
-64.501637
-38.818884
-55.411847
-36.794287
-49.231807
-50.217133
-37.686796
-33.495325
-29.306749
-21.821504
-40.771861
-16.180579
-38.943276
-32.425746
-38.409961
-40.229135
-46.004230
-44.191776
-53.327025
-35.445938
-59.520142
-42.567116
-58.615270
-56.554360
-48.966046
-57.180708
-54.492775
-45.987080
-57.605942
-44.557234
-58.353147
-47.489052
-50.199066
-59.498548
-51.206708
-67.625363
-74.412278
-81.181301
-91.553526
-90.128659
-102.519461
-110.529544
-93.750716
-107.675102
-89.126291
-104.379682
-96.127312
-101.847582
-103.655818
-100.870826
-88.442558
-105.373511
-86.530328
-110.478994
-95.539098
-108.019671
-110.334620
-118.428385
-119.755645
-131.859075
-115.875324
-125.345488
-100.859047
-114.863505
-107.123915
-109.263027
-115.014085
-117.720908
-119.112478
-135.477832
-122.278201
-137.004534
-125.766062
-124.226812
-126.965205
-118.442202
-128.004419
-117.267766
-106.553768
-102.597794
-87.036734
-93.208788
-88.806563
-85.441868
-95.840695
-78.902933
-95.710969
-85.854649
-90.663261
-89.910957
-94.178590
-94.497845
-105.529235
-99.842492
-123.444347
-109.335178
-120.796221
-110.824888
-120.857263
-120.396778
-121.467449
-105.559335
-112.416271
-97.811215
-116.892008
-108.897104
-117.868292
-111.800266
-106.788602
-99.550043
-98.773521
-76.511222
-92.763915
-89.023569
-94.329198
-91.654605
-79.083521
-79.682397
-78.269873
-71.714595
-71.644992
-65.816211
-67.489618
-69.694464
-61.747637
-72.297373
-60.243127
-69.823736
-56.009260
-62.085476
-59.943602
-59.360623
-57.975668
-78.360193
-69.119219
-91.074266
-82.686322
-100.411813
-96.652332
-99.799770
-100.265348
-99.808521
-82.707606
-98.987390
-85.841029
-104.095484
-86.416507
-86.914248
-78.373148
-80.769477
-80.153760
-87.115145
-78.358216
-90.936256
-81.298900
-94.869705
-93.960842
-87.368086
-95.843931
-95.908374
-92.951084
-94.676715
-81.047383
-83.621759
-81.685363
-78.972812
-92.518610
-77.623753
-86.975034
-75.827122
-76.710073
-75.505512
-78.649185
-83.502866
-87.806852
-72.701057
-87.380420
-68.060919
-79.110017
-80.226057
-83.920321
-74.550653
-89.204735
-90.238823
-109.498504
-80.361841
-94.069707
-86.840369
-90.075935
-88.659461
-82.547612
-73.789916
-77.135865
-54.546233
-64.727585
-55.186360
-66.949295
-64.807258
-60.755306
-64.913994
-59.542187
-57.668327
-66.166826
-56.252398
-62.184956
-68.710572
-66.479041
-74.413022
-62.213728
-66.864215
-55.527942
-48.804394
-51.729171
-43.527185
-42.939742
-55.182059
-28.518295
-41.948712
-23.837221
-36.178876
-42.987671
-50.101027
-50.007061
-51.963248
-44.744891
-68.067186
-48.067738
-67.717581
-51.079514
-48.808635
-54.640548
-55.533312
-58.658183
-69.036653
-44.866587
-59.736452
-43.201503
-51.460419
-55.073886
-57.071565
-70.799092
-73.433298
-62.270958
-64.293924
-55.544054
-63.304926
-56.322777
-56.025210
-77.915340
-67.036597
-80.471925
-92.455616
-94.938216
-109.903539
-106.424176
-107.861956
-120.728184
-102.697895
-121.989725
-105.309619
-100.388518
-88.165194
-80.984246
-76.563580
-77.776131
-63.244985
-81.334762
-63.012856
-90.645904
-78.034955
-80.392987
-89.548977
-92.591850
-96.933361
-107.428407
-83.010043
-103.534658
-87.650972
-93.370894
-85.988911
-71.286317
-76.230537
-73.632450
-68.567078
-83.117696
-68.477072
-80.474094
-77.046236
-76.769644
-77.937878
-65.896418
-67.282656
-67.106955
-62.311146
-67.241882
-64.842334
-68.439811
-91.020683
-84.891315
-109.625628
-89.524597
-95.080544
-94.997215
-89.967458
-93.983747
-98.887886
-83.327916
-95.962984
-76.270044
-95.959638
-87.719239
-92.967362
-88.782402
-85.642739
-84.643351
-93.061389
-75.368915
-108.857054
-90.635510
-99.705109
-98.487786
-92.431075
-96.620246
-90.756657
-84.807884
-105.679575
-93.864722
-114.584209
-110.925978
-126.632253
-149.854374
-134.645179
-142.993870
-138.783115
-126.454754
-131.909543
-117.301456
-114.333655
-116.830240
-93.793290
-111.034353
-99.500657
-113.161768
-116.939640
-104.887234
-101.940913
-95.484908
-77.219914
-95.521105
-65.470180
-82.367118
-65.368644
-64.542183
-65.746501
-65.768899
-65.345584
-76.694848
-59.588465
-80.947635
-53.781749
-72.650368
-70.448397
-66.985804
-74.662775
-65.706830
-58.287465
-75.962593
-54.096090
-73.121415
-63.543161
-66.657059
-85.355300
-68.611123
-71.603504
-64.095890
-52.690253
-66.538557
-55.148291
-66.049209
-76.122395
-69.314098
-89.624120
-65.185642
-85.102182
-81.301821
-77.318100
-87.189575
-83.576285
-79.209487
-96.726176
-70.341635
-88.900550
-67.455186
-69.409924
-72.580036
-65.129339
-68.275036
-74.364483
-62.524845
-100.693092
-82.851265
-100.217015
-98.979294
-107.321091
-111.953556
-113.343904
-109.455398
-129.990288
-116.023856
-135.790172
-108.711849
-104.667941
-105.629166
-84.320718
-89.768766
-82.853366
-69.289897
-85.322615
-71.411491
-72.767506
-74.817746
-60.882686
-85.378569
-84.368405
-97.651869
-86.928279
-70.257993
-85.171151
-88.144441
-74.601091
-81.707117
-61.479251
-78.717913
-64.527546
-82.248032
-80.705167
-79.336241
-85.894059
-93.846829
-79.269381
-103.817928
-73.375761
-86.702473
-74.277605
-74.864769
-77.093818
-69.738192
-67.846716
-76.147822
-49.360913
-70.059476
-54.830075
-61.128545
-60.906591
-51.084553
-51.096145
-48.365463
-49.859093
-68.892026
-55.610772
-58.719306
-65.510939
-64.372874
-72.092611
-48.479039
-55.808379
-48.971218
-43.419851
-53.506566
-48.012459
-48.129797
-59.196018
-37.334137
-58.215354
-41.991750
-54.178740
-55.651618
-55.052813
-59.609890
-69.617881
-54.874544
-64.747650
-47.479431
-73.643387
-67.872983
-74.079080
-77.527874
-74.947688
-71.705946
-81.084006
-61.507957
-88.833364
-73.595540
-83.325110
-80.669694
-73.581419
-84.515395
-84.481051
-78.936597
-82.467177
-61.927753
-71.010857
-65.943982
-60.300447
-79.189214
-66.393970
-76.227553
-72.354506
-75.153084
-83.158019
-70.552814
-71.357528
-83.696545
-75.883203
-93.121045
-76.249051
-82.524577
-79.925319
-74.792377
-78.833296
-83.749177
-62.563787
-86.490032
-61.961166
-84.470390
-77.575836
-89.509937
-90.336179
-88.991052
-80.195546
-84.469603
-59.982012
-77.231226
-55.286429
-63.294740
-67.755656
-62.504041
-72.018725
-73.482297
-73.355471
-91.789373
-73.406451
-80.081500
-72.195670
-64.152052
-71.674314
-51.019809
-51.903328
-50.002902
-51.016057
-71.084775
-74.922691
-79.222629
-98.965160
-83.836605
-100.716463
-78.332764
-76.660169
-81.791947
-82.587677
-86.739649
-78.681010
-56.070608
-78.422355
-56.891089
-76.767092
-70.418568
-73.985486
-81.281355
-80.104952
-71.592265
-74.039522
-49.849785
-75.301584
-54.466211
-65.064420
-66.204170
-61.475316
-74.047152
-73.877987
-59.840899
-73.439123
-49.308795
-59.429104
-58.814117
-51.395153
-62.170932
-53.337157
-57.441084
-54.658417
-43.460870
-60.621445
-58.610247
-59.513845
-75.856676
-61.478356
-85.192322
-76.867379
-84.945309
-91.657130
-77.377760
-79.427323
-75.307269
-48.338652
-57.651854
-37.604296
-63.608036
-58.813280
-66.556337
-80.717567
-81.062832
-73.350281
-86.262557
-65.712809
-89.393494
-73.550974
-84.955950
-88.104731
-81.728358
-81.315417
-71.323394
-60.357537
-76.930785
-55.813499
-65.226416
-51.122120
-39.867842
-47.223144
-39.772129
-46.790537
-54.859471
-42.029545
-58.545326
-46.812027
-43.900789
-58.877529
-45.702415
-66.229102
-52.873988
-63.138440
-68.506711
-58.195022
-57.427172
-59.447605
-47.097255
-65.770026
-40.489702
-67.593807
-59.781008
-58.646521
-57.764938
-50.705283
-50.682167
-64.981170
-46.371404
-71.906346
-66.252635
-82.496133
-81.425014
-86.273402
-94.070114
-96.536597
-85.654627
-103.447287
-80.057716
-94.574956
-89.181849
-89.719527
-100.727500
-91.482527
-107.194687
-116.408147
-111.085786
-126.455975
-116.174559
-123.990951
-131.942862
-110.467101
-120.622229
-112.643652
-123.776124
-127.353788
-122.174104
-129.949386
-130.698516
-121.236497
-140.432771
-121.789505
-136.206014
-120.812378
-127.933759
-123.686688
-117.290305
-113.603771
-125.345450
-108.707333
-125.276974
-105.122242
-117.732333
-111.643162
-112.175617
-119.439361
-121.893159
-114.384137
-129.901412
-114.904486
-135.366996
-127.429389
-129.816483
-140.458366
-144.110239
-146.603025
-137.900882
-121.562604
-127.207706
-113.466988
-119.103853
-120.088322
-114.861131
-134.531388
-125.098248
-132.024604
-131.323299
-132.451297
-148.233178
-158.299545
-145.655467
-150.555455
-132.895821
-144.525871
-128.228688
-137.738057
-128.808604
-121.673063
-121.988950
-130.677738
-117.988948
-146.014200
-135.107562
-148.871991
-132.300094
-138.650952
-138.590051
-139.577298
-132.727568
-146.211640
-137.678386
-161.240052
-156.092224
-173.772617
-175.267421
-177.226996
-177.625527
-168.341822
-163.417842
-168.102197
-155.405286
-161.238267
-157.812983
-154.797190
-164.298110
-158.983168
-172.596524
-176.551957
-181.763584
-190.768218
-198.962740
-195.523191
-205.159967
-193.543193
-202.441703
-179.709317
-181.855275
-176.099158
-174.554966
-174.040720
-177.817504
-163.072860
-179.158702
-160.244730
-183.107038
-178.002315
-184.819995
-180.747808
-182.096097
-169.721575
-177.421919
-156.577706
-172.956455
-169.614863
-186.115248
-187.040353
-191.459588
-201.318469
-197.349744
-184.247468
-187.301981
-173.343832
-176.033062
-162.583318
-150.001260
-152.504369
-138.325263
-145.331206
-148.497167
-142.919028
-149.507535
-148.636332
-146.112893
-160.585065
-146.818687
-149.444920
-133.276407
-133.794887
-125.040113
-122.590299
-122.592320
-130.455099
-113.100047
-132.881543
-118.640232
-132.658124
-118.970948
-125.335042
-127.776832
-124.976084
-114.737195
-130.871660
-116.513684
-133.700236
-125.457331
-129.895040
-123.381758
-118.639264
-114.952050
-114.177533
-106.770705
-115.125314
-94.703592
-104.254521
-104.427501
-96.713925
-112.448967
-113.682460
-123.709841
-131.821043
-129.724469
-137.040596
-129.419882
-119.046385
-126.400872
-106.127694
-119.522307
-116.116338
-118.944792
-116.488973
-106.562356
-104.434334
-108.781265
-91.001755
-104.004595
-74.438212
-91.805192
-95.080522
-93.370705
-92.583534
-91.388748
-82.127741
-102.182520
-78.688931
-101.069226
-89.372492
-99.431229
-99.150878
-97.952837
-105.767363
-118.358721
-106.044574
-118.499724
-97.100603
-103.957974
-103.091127
-99.958512
-111.793500
-104.524298
-106.442316
-114.785110
-107.697561
-114.482231
-109.359144
-102.603893
-111.347209
-98.697955
-121.436723
-111.916220
-111.424409
-117.764745
-107.346225
-112.322294
-117.743253
-97.307989
-117.905422
-94.828214
-113.345072
-112.122609
-118.666152
-123.954679
-115.753765
-103.468581
-119.456639
-92.069403
-107.418780
-81.771990
-79.124161
-74.834571
-67.482670
-70.830852
-82.279837
-64.525240
-84.973360
-62.784861
-75.816381
-73.823059
-78.553663
-92.623295
-84.253057
-89.551983
-100.236305
-90.259867
-105.515274
-99.446616
-102.919594
-110.407179
-89.924163
-103.337147
-92.755362
-88.050645
-85.498858
-81.955721
-95.074985
-109.577612
-95.480266
-111.872190
-82.786696
-98.004046
-86.400725
-84.995165
-85.386801
-74.986786
-69.391329
-96.582225
-74.963380
-102.527475
-85.679527
-92.526557
-95.496867
-94.737225
-108.506251
-114.021416
-92.470057
-108.132114
-84.175281
-100.875518
-95.824094
-92.001468
-108.444453
-94.100556
-90.626019
-98.696121
-84.953798
-99.262450
-81.059012
-83.268075
-91.772392
-79.374378
-97.407294
-90.040023
-91.024096
-97.334180
-88.594807
-91.891328
-90.279791
-87.532852
-118.894092
-104.013783
-120.419949
-117.925966
-117.215178
-119.505231
-112.423552
-101.654424
-110.933372
-82.440621
-103.979217
-82.395942
-88.063217
-81.383592
-72.878142
-67.068945
-68.340449
-53.452332
-69.659102
-37.284026
-58.858933
-50.739560
-51.503060
-61.345182
-49.683471
-49.498289
-52.185136
-29.776365
-42.662593
-23.930987
-24.254493
-31.383376
-20.772416
-32.824477
-26.503358
-32.115409
-47.592267
-43.197075
-49.275373
-48.918202
-30.479757
-47.882706
-25.157582
-49.840059
-44.796630
-55.895146
-65.788462
-61.538845
-53.490954
-60.366513
-47.038163
-70.119082
-49.626409
-62.452857
-57.511754
-58.121189
-66.696695
-64.460653
-52.849547
-75.051904
-55.174501
-76.986114
-62.577146
-71.442362
-77.015370
-67.426232
-66.260298
-64.543715
-56.471017
-80.047559
-66.610193
-83.270840
-86.314982
-73.925241
-91.309212
-80.256270
-78.243830
-83.693544
-73.320947
-77.824734
-73.475653
-64.232060
-73.847338
-51.686267
-62.474228
-48.701548
-50.290870
-54.749706
-43.028597
-38.562805
-41.027435
-18.466168
-43.562678
-22.117236
-34.247217
-28.450339
-30.592625
-40.466895
-47.386828
-42.283516
-66.640947
-44.589756
-70.104490
-58.207919
-53.435785
-47.451354
-33.755252
-38.672905
-49.711928
-42.849382
-65.181498
-50.763013
-60.709584
-59.883851
-48.430706
-60.806040
-50.581134
-49.792144
-49.964533
-29.729327
-32.868777
-32.405404
-24.620541
-37.782076
-23.267282
-33.944527
-24.177287
-27.269064
-35.503427
-25.444290
-14.991912
-8.400982
16.676542
-7.038853
19.776871
10.628760
16.112214
19.567482
14.974611
16.109450
29.316986
5.980878
25.543200
3.878073
23.072243
29.097241
31.684745
36.926168
38.053875
27.236302
45.168366
27.916550
48.295718
44.469281
46.864747
57.659295
44.360967
56.319724
59.612046
57.728512
79.188845
68.050125
71.927602
79.255571
61.931939
77.973673
68.167035
72.665079
76.771370
70.519090
70.039328
68.206424
56.840370
72.123045
57.553151
80.710528
65.457326
63.855057
63.563392
57.846689
50.634106
58.136936
37.175594
59.416361
21.794398
26.695594
20.510503
16.477527
19.161960
17.748746
3.987081
15.802896
-10.539947
16.886733
13.724864
20.901372
31.199128
16.889300
21.666663
22.918275
3.125909
7.385258
-9.743392
-5.949317
-12.271761
-25.567423
-0.304725
-5.693855
0.580197
-0.179228
-7.763891
0.591865
-0.133919
-4.557623
14.695989
-13.414003
10.159055
-0.772442
-1.317282
-5.026737
-7.336000
-0.605297
13.186243
-6.488675
19.403986
-7.477084
3.216255
0.160160
2.449387
16.211912
19.694124
11.259332
19.697938
-9.706982
1.222991
-9.733685
-8.138381
-3.871832
-14.918601
-3.717379
10.045104
8.605697
24.470729
21.942022
39.983520
43.949801
35.871085
45.861281
30.639872
33.622239
34.567442
31.045629
42.727619
39.011775
34.321853
47.698903
27.291894
41.322031
31.361809
35.750126
28.791443
25.492602
29.875549
39.822265
26.215950
51.648578
39.873478
60.921767
52.821669
48.934460
49.402063
52.655021
45.384534
55.023695
34.413661
54.248434
42.345292
52.710972
53.149042
53.751162
63.240463
62.757774
53.023713
63.615073
52.847279
64.965616
64.401313
56.897951
61.681841
56.452094
74.783401
75.258857
67.051200
74.392762
76.399880
65.649760
82.465760
79.659051
100.342473
85.466491
96.630460
93.806037
91.919231
85.096950
91.589220
74.490591
88.587485
67.826316
74.068176
59.816427
61.679316
55.975466
56.566331
53.961291
61.326776
54.039964
69.731063
56.950631
68.276895
65.499409
62.549750
55.618326
52.331324
41.519225
47.408415
26.703483
36.889090
32.277841
28.979881
29.622431
15.066103
19.847448
21.315716
22.677812
33.941643
31.760440
23.599875
34.276013
21.759972
33.271633
19.564970
30.375659
29.012584
25.308412
22.343791
31.539238
26.403842
48.804544
36.645014
52.769818
44.499981
52.276726
55.385095
62.916517
55.186151
64.418539
49.329022
69.232511
55.233984
57.548678
45.333273
45.855803
45.077879
51.897156
38.549249
55.459451
40.417530
50.392244
49.375974
48.462531
51.708627
45.548963
50.767237
52.519949
48.358077
54.526582
32.290006
17.979704
32.070131
16.043389
39.764178
33.441297
50.690251
49.570286
41.768292
44.536679
47.465868
37.869540
59.884942
35.195473
45.875292
44.821725
52.509899
53.744746
57.694947
45.479451
49.390955
32.422133
59.115628
35.986074
40.725512
36.808364
35.282585
37.168186
41.920797
30.151100
53.372828
36.036693
51.395612
50.787626
51.808972
53.340052
47.442879
46.893860
48.301447
36.106941
51.972272
37.316157
35.623607
53.703307
38.435133
50.888262
40.748411
43.118395
42.387504
35.716027
40.354557
47.830077
41.553532
59.947040
39.934401
55.408066
49.446889
46.494831
50.492381
47.911190
42.735295
60.393068
34.688092
56.880847
36.158069
44.168394
40.568249
35.419536
41.451040
51.583460
39.953075
63.161350
46.855954
62.757635
49.947629
38.108877
45.345329
35.985850
38.037378
44.290086
25.918650
43.775080
23.708496
20.134506
26.817437
9.365592
26.216003
15.101938
13.215385
16.321897
3.624956
4.756221
10.406098
-5.853456
19.261125
-10.679751
-4.735441
-20.531260
-25.307977
-18.720247
-19.134325
-35.098434
-29.904892
-57.839087
-36.154782
-61.617859
-53.972866
-50.413404
-48.373085
-42.539635
-36.697958
-51.639080
-27.112308
-50.820474
-37.032564
-46.572697
-60.098841
-54.091427
-62.955743
-55.262653
-46.223576
-59.760913
-42.604431
-60.961280
-60.463902
-55.282688
-73.863083
-71.885485
-97.013150
-100.096673
-102.066585
-111.019476
-101.592122
-99.456458
-101.380217
-68.406657
-86.821810
-71.803775
-86.200556
-85.932304
-72.906833
-75.262879
-80.850006
-63.996560
-80.271858
-44.246663
-59.847650
-38.786985
-35.172809
-30.384983
-21.038493
-16.814326
-30.529001
-14.860518
-37.198586
-15.644239
-31.166198
-35.199194
-34.730462
-48.147188
-42.537590
-36.731768
-53.408050
-45.138610
-64.278274
-61.402793
-64.361977
-72.159451
-62.451618
-71.852404
-63.851255
-59.413252
-62.029765
-42.012679
-39.337937
-44.866675
-34.449393
-52.107570
-36.457115
-45.195310
-43.016425
-41.841402
-40.622918
-32.868017
-22.002338
-37.810912
-22.365454
-43.742713
-28.249595
-33.966597
-33.115388
-30.385182
-29.134193
-35.839047
-21.260694
-48.520059
-24.291188
-40.697968
-43.371376
-49.308980
-57.451884
-57.005049
-59.303719
-77.838306
-62.589707
-83.598175
-85.666417
-81.587617
-88.275269
-84.003360
-102.452405
-96.145823
-82.241144
-88.584324
-65.852227
-62.258816
-74.654197
-61.838061
-80.867078
-63.289607
-76.134982
-78.758586
-71.076251
-82.260263
-90.229534
-82.602515
-97.806469
-71.425682
-95.051574
-80.630730
-79.240977
-77.925766
-70.252111
-64.943699
-75.696777
-72.374569
-114.302459
-104.188196
-121.650941
-116.021393
-110.046578
-119.544338
-120.619133
-107.659909
-125.073987
-110.279230
-126.365799
-123.932889
-122.817170
-120.967808
-103.466539
-104.728065
-105.328653
-101.714798
-112.628794
-97.964925
-101.674057
-108.255735
-86.196710
-105.336925
-90.922682
-88.398067
-93.208779
-80.899039
-77.077369
-77.262522
-66.704656
-85.991356
-60.550224
-81.076855
-72.808067
-77.744108
-79.901850
-81.649108
-75.752651
-82.823075
-60.222467
-80.064669
-57.997941
-69.577693
-63.516538
-64.889768
-73.753056
-79.002453
-70.585873
-87.642133
-64.639341
-81.587040
-69.684610
-68.313025
-82.270854
-67.880780
-71.807516
-71.818488
-64.688660
-83.308009
-66.594823
-73.049124
-77.541101
-60.807429
-74.380896
-62.124718
-73.292896
-75.077910
-68.448603
-70.602366
-68.794367
-61.684801
-73.492741
-45.861797
-69.075947
-64.574380
-71.798389
-77.846020
-70.410647
-71.373407
-81.657686
-50.995735
-70.810917
-47.186160
-54.261631
-47.673080
-40.817955
-36.120805
-36.035137
-27.637099
-46.902734
-14.911522
-30.949808
-21.858670
-17.311404
-20.180318
-6.739662
-15.846347
-25.006784
-18.759234
-39.225163
-34.256963
-48.951724
-59.799709
-46.645092
-51.804602
-41.477947
-46.003783
-47.651740
-36.406438
-41.787266
-46.217803
-41.723057
-56.143555
-35.139419
-53.097223
-48.819070
-59.678346
-63.343490
-61.391848
-63.421342
-71.879751
-45.958307
-61.826128
-38.336261
-61.281844
-58.593813
-60.221372
-60.040423
-64.020231
-65.857241
-85.159554
-63.893958
-85.452475
-73.616119
-76.727996
-82.729330
-73.605533
-71.952909
-64.660233
-47.538782
-65.698754
-54.736682
-63.832183
-60.817893
-58.496988
-64.674709
-51.579216
-61.140120
-62.762750
-59.476875
-69.879860
-69.375443
-69.375692
-78.984397
-67.571465
-88.117236
-79.237667
-86.508205
-84.642061
-85.130625
-81.852803
-87.226749
-71.593716
-86.418765
-64.714473
-80.030673
-65.946131
-69.341060
-75.542733
-77.319877
-69.149359
-82.826618
-65.489427
-76.896982
-50.969541
-55.265082
-52.870461
-52.527949
-55.116007
-55.200816
-46.258651
-54.786039
-45.116808
-53.780430
-42.614499
-37.254567
-47.035540
-39.003602
-41.131379
-44.116404
-40.554517
-48.502009
-33.804973
-22.234484
-32.525125
-23.837711
-42.042987
-29.885050
-38.662769
-26.990611
-23.852411
-22.834080
-25.772164
-15.887290
-35.905147
-22.458810
-44.569703
-32.655261
-38.212915
-36.544460
-35.566098
-27.509015
-40.508996
-22.323163
-34.117118
-15.051893
-19.941440
-12.905536
-10.840372
-9.526706
-9.288844
4.425241
1.636508
14.737412
5.985524
9.084380
7.791668
1.291630
5.583855
-4.440082
-11.292782
-12.564906
-20.066186
-21.885124
-30.607808
-40.569625
-25.422390
-32.071884
-17.312192
-21.092706
-22.431861
-19.416439
-19.689421
-33.131697
-29.556665
-47.857615
-33.822196
-51.698744
-39.266186
-42.662970
-42.307581
-47.240373
-40.136283
-48.621750
-28.102996
-43.947496
-30.169529
-50.273460
-45.311600
-42.551923
-37.082142
-45.141728
-40.232752
-52.104946
-41.151729
-54.419888
-51.189687
-46.279840
-49.659519
-41.191552
-41.807853
-38.388520
-21.192732
-29.451515
-24.697755
-20.862001
-26.049186
-12.131876
-18.353475
-0.735404
-1.761605
0.699727
9.551115
4.145675
-7.146814
5.689135
-10.083442
7.678248
-11.315579
-3.294775
-3.103898
5.366677
5.397168
12.424749
-9.881485
1.561537
-22.963014
-18.383994
-35.645424
-40.714095
-37.328937
-45.317384
-50.699861
-32.961731
-53.111529
-31.500110
-42.794680
-40.000278
-40.449249
-50.866228
-50.194498
-61.284271
-72.458983
-61.837178
-78.843994
-77.786350
-78.549967
-88.043504
-76.462147
-94.712666
-86.857326
-85.229290
-91.213150
-92.652484
-101.793473
-112.292790
-91.823425
-107.841576
-81.813544
-97.894462
-88.499337
-86.503236
-94.134382
-87.541040
-76.124351
-85.661952
-58.873839
-73.527509
-50.548208
-57.385990
-59.648430
-58.034512
-61.523003
-64.523845
-48.265259
-76.553126
-47.233001
-62.304620
-62.259154
-58.446733
-67.260057
-55.384340
-65.507054
-76.397727
-61.994423
-78.553403
-64.808511
-56.250465
-68.500733
-46.858085
-52.652913
-39.230519
-33.968330
-45.293791
-37.974196
-46.805492
-54.552941
-40.557176
-54.949676
-31.900148
-45.928194
-36.081772
-36.376345
-38.474463
-36.982133
-38.868531
-62.413373
-45.563838
-75.345635
-58.407758
-82.988769
-90.043431
-97.101671
-108.471833
-101.610948
-83.963683
-96.510629
-66.046396
-77.728420
-60.837302
-63.097189
-62.792819
-40.096790
-35.426517
-37.535476
-21.314282
-50.531172
-38.880366
-35.017462
-34.553016
-29.070000
-49.395966
-38.504089
-41.729055
-41.959396
-25.737822
-29.862609
-27.470222
-23.954920
-47.238654
-31.343283
-47.417464
-37.579114
-39.461152
-53.867796
-53.241621
-61.537252
-79.446987
-54.200854
-77.374895
-52.168049
-64.722508
-67.187324
-71.357691
-79.058274
-78.378041
-67.423483
-83.433120
-64.812445
-91.114010
-75.410244
-73.039383
-74.394266
-56.896267
-60.528180
-65.255389
-46.040943
-63.895500
-50.175993
-60.277727
-57.420276
-44.111666
-53.533500
-44.092947
-57.279521
-57.063805
-52.023044
-63.914214
-64.949236
-56.096688
-65.273068
-54.750109
-80.500904
-71.050572
-68.030735
-73.258952
-85.103957
-90.744776
-93.169793
-69.882026
-94.280046
-79.001048
-95.587042
-85.037622
-80.656431
-83.976406
-84.597192
-72.385757
-82.281129
-58.949924
-88.086343
-78.444545
-78.839873
-75.440397
-71.089486
-71.574853
-70.825506
-64.498950
-84.753841
-67.441171
-72.078935
-70.059886
-57.861208
-68.683960
-66.246275
-63.704636
-63.890921
-49.119468
-57.369072
-45.972580
-44.398967
-53.938931
-40.779167
-58.285086
-45.487868
-43.484652
-46.205588
-37.516949
-32.140295
-38.973172
-26.742804
-55.125788
-30.958405
-40.935092
-33.179757
-32.080763
-33.006938
-21.860751
-8.973176
-26.288814
-9.650840
-27.979037
-13.468972
-20.888170
-35.545266
-35.355124
-25.072975
-31.133019
-24.018449
-44.710417
-25.481991
-35.258978
-27.476596
-22.790749
-38.261955
-34.628743
-30.746933
-37.622623
-28.151473
-35.033124
-33.724908
-24.663656
-29.518186
-1.336217
-3.374251
0.005589
-0.770450
-9.717578
-3.166915
2.835556
-0.173508
12.278264
-1.592523
12.646467
-12.095643
-11.462885
-11.205863
-17.478247
-23.500957
-10.717395
-27.013193
3.432579
-14.418540
-1.696847
-12.269023
-11.493022
0.261464
-7.442736
-22.532610
-5.156187
-21.848681
2.301102
-2.873682
0.992850
7.356754
-5.896872
-0.104445
-0.269820
-11.656612
6.871935
-5.816794
0.666421
10.232612
-1.055123
20.536234
14.885238
26.630180
33.493273
31.084850
41.180005
42.946094
22.934488
29.783374
12.759850
29.194808
19.593896
16.009376
27.290522
35.842684
40.997946
52.016656
29.462408
57.796547
37.685771
55.697226
46.727112
47.428395
40.905496
41.730391
30.155344
47.504412
29.989399
48.715956
29.281966
27.512563
35.207163
18.922306
13.848942
16.563344
2.141911
21.528095
10.152786
16.373224
18.647339
0.455730
7.976685
-9.172313
-13.685425
-17.687808
-30.157219
-25.405007
-27.768117
-33.591089
-13.837217
-30.413906
-16.802771
-26.936239
-19.494243
-16.363938
-15.500828
-12.930604
-2.264262
-15.059669
7.845971
-17.229070
0.036089
-13.107123
-16.863169
-17.437003
-26.372667
-43.706230
-32.037851
-50.939197
-27.967931
-41.719683
-34.778288
-30.068361
-41.630918
-43.746454
-36.608198
-47.962267
-34.548246
-45.497027
-29.401199
-33.681081
-49.531461
-39.838570
-55.560909
-46.627597
-43.505082
-58.628311
-49.858796
-56.787874
-65.029610
-56.874720
-76.799448
-55.756382
-61.003825
-51.397665
-49.855723
-53.659855
-54.084281
-48.120401
-64.674363
-41.762514
-64.239708
-50.239349
-61.481980
-61.184669
-61.030063
-63.614782
-67.662305
-45.240644
-64.100048
-39.261715
-59.349965
-51.159038
-41.426161
-44.064376
-40.104370
-46.679511
-65.764722
-51.441518
-68.430244
-63.327162
-72.515116
-72.207986
-55.890336
-63.241505
-59.584814
-53.954375
-60.397437
-50.785837
-60.945347
-62.550170
-53.314634
-62.839604
-52.317805
-66.955180
-52.154556
-45.341472
-39.558484
-36.475548
-26.410570
-40.011442
-20.423387
-36.030039
-23.375832
-34.949497
-29.193238
-27.552389
-29.155253
-34.190194
-18.496646
-27.761379
0.027668
-15.856915
0.958624
3.104925
2.658627
-0.384328
-1.057696
-8.042835
-3.049284
-15.182286
-4.603697
-17.866926
-16.553201
-16.224814
-21.749350
-15.567312
-13.476992
-10.915971
3.902015
-3.794397
-4.519627
-4.024058
-17.162026
-3.355972
-18.229779
-18.958147
-19.475843
-22.369483
-25.514145
-15.916813
-19.249067
-1.316511
-12.724472
5.413228
-4.692868
9.650292
12.398554
15.641824
4.767575
8.474473
-7.888892
2.925867
-11.492941
2.832399
-7.705363
-0.797157
-5.309446
-1.985970
-2.292207
8.791966
-7.624716
-0.757945
-16.334747
-11.341138
-5.141446
-8.892713
-8.338533
-6.856735
-6.528861
3.554775
-6.696286
-1.581206
8.939488
5.267603
22.185018
18.093524
32.562336
24.048228
15.396850
9.642342
12.105629
7.197616
20.486650
3.384583
19.444538
9.996953
11.160255
6.990420
1.268922
-10.043795
-4.844033
-27.039398
-14.722769
-30.251960
-11.810955
-20.232590
-20.547479
-24.210402
-25.750940
-38.305138
-33.855515
-50.089866
-25.254749
-28.913267
-20.080372
-20.340668
-34.265772
-35.645286
-27.415508
-32.541952
-15.999571
-24.263308
-21.498391
-20.466660
-23.332713
-3.434300
-10.607213
-9.677423
-6.042590
-4.086426
-0.562240
-1.411859
-14.298627
-2.254567
-23.341893
-4.113909
-13.676698
-8.292547
-7.146896
-1.283419
-3.810247
6.364525
-10.215474
13.378065
-5.364645
0.144879
-9.172926
-14.740388
-22.602315
-12.501795
-13.888965
5.354234
-14.680421
-2.421874
-12.562528
-20.502805
-36.314858
-48.548040
-51.110750
-57.208644
-72.322116
-55.517015
-61.450925
-47.945887
-40.147254
-52.750813
-35.864575
-40.642941
-34.168902
-26.727450
-36.931975
-31.343912
-28.425271
-39.548583
-25.463961
-36.385123
-26.120412
-36.785867
-33.199693
-37.957382
-43.589110
-52.382537
-35.312412
-52.099204
-30.325604
-48.835174
-34.507384
-36.069145
-37.250135
-35.686853
-21.744369
-20.893107
-5.932634
-33.591154
-17.724518
-20.190173
-18.919982
-18.685248
-19.533493
-17.186614
-5.136586
-17.864703
0.032832
-11.044350
-0.183240
1.308968
-17.890344
-10.413471
-16.217626
-14.184619
-16.174080
-31.221857
-29.961400
-32.213102
-33.555668
-15.267686
-36.969177
-22.306362
-29.476906
-26.594964
-20.852917
-24.010205
-39.978508
-28.427901
-44.928917
-19.635462
-35.214137
-17.667882
-13.722107
-12.114509
-4.177058
-0.820249
-13.631104
4.354512
-20.027411
5.111765
-10.323749
-9.252236
-0.388657
-2.150998
0.505611
2.743930
-11.063801
9.903711
-14.700768
-10.777226
-6.662404
-17.437418
-8.187833
-16.907815
-14.597959
-4.695968
-8.927035
3.509470
-8.058297
-23.934887
-5.114675
-20.391578
-5.959365
-14.522797
-14.614852
-11.498042
-16.030952
-6.086147
1.779859
-23.262829
6.948638
-12.735295
0.311063
-6.505260
-17.714471
-13.591393
-10.361734
-16.136679
4.511079
-23.827615
1.222165
-14.826215
-7.154665
-6.089638
-18.262476
-17.509080
-15.367078
-36.960686
-24.090535
-39.967368
-22.872922
-20.502546
-29.021815
-21.097004
-24.538995
-15.764599
-7.222693
-17.955994
-4.803354
-12.421441
-19.147074
-7.757274
-31.366021
-12.176887
-21.982897
-26.991933
-25.016341
-37.720259
-34.423842
-17.609069
-23.302292
4.165505
-24.371634
-2.057041
-1.053872
-2.240883
1.794397
-1.129023
-6.703460
15.040830
-12.680210
10.714192
-11.204296
-3.870054
-3.620216
-8.421322
-1.257778
-0.956298
-24.633604
-16.939724
-42.581675
-29.386252
-41.339555
-48.196977
-39.363482
-46.396944
-38.714333
-31.078142
-45.195587
-16.802803
-20.339258
-23.682093
-14.328828
-23.201606
-6.543961
-22.334980
-21.613159
-23.464052
-33.420017
-32.418291
-30.997058
-42.495720
-18.706828
-44.915183
-28.458359
-41.156468
-45.008893
-39.117165
-40.573162
-42.308890
-23.855789
-45.006130
-26.444559
-49.257165
-35.950959
-29.686803
-26.553015
-21.391439
-16.622656
-24.484768
-3.613559
-24.945852
-7.811184
-15.119643
-16.587939
-9.646376
-14.772232
-11.166131
-9.983855
-24.648249
-14.678334
-31.761536
-26.080173
-23.739365
-40.845078
-24.470852
-31.611739
-30.312912
-25.973874
-36.876819
-38.716110
-37.106394
-56.020881
-42.187426
-60.115935
-38.575458
-47.203534
-39.478720
-44.445638
-47.314950
-47.327301
-22.294144
-33.803567
-12.244753
-39.693152
-31.034328
-42.145669
-52.560904
-52.854203
-57.719742
-71.889292
-54.958452
-65.184090
-35.496757
-36.156079
-28.010465
-23.907972
-32.245905
-34.332654
-39.833389
-57.254976
-44.874035
-54.854194
-53.146216
-46.733670
-52.875420
-29.617059
-33.721711
-24.872632
-16.281272
-25.917931
-23.712652
-23.879764
-28.696769
-9.503300
-28.036917
-11.039618
-24.619691
-17.049486
-7.935397
-13.113621
-19.919391
-8.808152
-26.782222
1.232030
-6.578636
7.270799
-4.596893
-6.009293
3.171607
6.666421
-4.785174
15.674081
-3.587109
21.881522
16.167264
18.630781
25.114305
15.940033
18.511038
19.257357
4.326389
26.144745
5.534920
9.813611
10.438634
0.048557
12.357564
0.380891
7.232016
12.817042
9.824875
20.673026
19.233453
8.179026
22.550282
2.646745
13.981200
5.905748
5.308360
10.091890
10.710150
11.764717
25.879796
11.842467
36.312366
10.176805
20.040333
15.095669
5.102235
3.268058
6.723568
-11.393227
2.827842
-29.503387
-19.265550
-34.998118
-40.153766
-34.484716
-40.529803
-44.421663
-43.100020
-63.311111
-43.073412
-60.740463
-61.219527
-56.952969
-67.415478
-56.438666
-58.971883
-57.767556
-50.453777
-56.379399
-46.898346
-50.401439
-64.660550
-45.118890
-65.728709
-57.426830
-75.668168
-78.121174
-63.042017
-64.181124
-64.448156
-46.384265
-59.419561
-35.921919
-58.233269
-43.057998
-44.858449
-52.241427
-51.135894
-46.802077
-57.234864
-38.282808
-68.583218
-47.721376
-50.251851
-44.248424
-44.293937
-47.863400
-41.970696
-26.236578
-37.237365
-3.789822
-16.885833
2.221197
13.872439
5.382534
8.194647
4.909467
8.921995
16.654328
3.085495
8.928411
7.705910
1.821406
14.342332
-6.443891
5.441908
0.135620
-7.632171
-4.791533
-17.200151
-27.790981
-18.765135
-46.636509
-27.162998
-42.484815
-29.228631
-27.143854
-24.814752
-24.419093
-24.264131
-29.876633
-12.928004
-35.782856
-8.979037
-12.311832
1.496554
9.304282
7.580101
15.869967
36.085643
25.564542
44.675451
29.450950
36.604831
32.134846
27.574976
36.796395
30.947429
29.750045
34.433933
21.190847
28.408793
21.683561
24.533903
41.075927
27.694603
44.851065
41.102880
42.883997
50.722607
48.184772
50.025244
62.899793
46.348807
70.810480
56.826616
68.558246
63.605699
63.134948
65.079752
69.893535
64.168964
79.662747
59.052673
77.043186
64.059737
79.843634
82.228260
86.448716
87.911576
99.143804
87.252194
115.044079
103.040653
122.395601
114.585966
103.982409
95.556430
80.676597
75.679798
78.325554
61.330658
67.888348
60.320608
63.260813
76.955320
74.210741
90.350449
74.997758
72.398549
70.433347
53.516189
42.932918
34.230654
8.347944
19.960299
4.289627
15.739358
1.083239
3.547705
7.605055
7.542023
-3.578831
8.442718
-18.911487
-8.267034
-23.417859
-18.163087
-26.736460
-23.597650
-25.818719
-13.820863
-17.943450
-0.553280
-19.386385
-12.544909
-21.392644
-17.553171
-9.315850
-9.107188
-10.446719
-10.678877
-23.976714
-15.931448
-24.860968
-19.984652
-20.118365
-26.502002
-26.743750
-39.621721
-38.948197
-40.174685
-48.833671
-50.539824
-52.338880
-64.590885
-46.899479
-59.833728
-53.303554
-61.184555
-56.229989
-60.044199
-52.823235
-58.521199
-48.481888
-58.403070
-38.204651
-50.683793
-46.173409
-67.823566
-71.346826
-81.668953
-71.764776
-82.962524
-68.869502
-83.447013
-68.460405
-81.549677
-81.911780
-88.777413
-95.577031
-95.370294
-90.422031
-104.899690
-90.927301
-97.991193
-99.129707
-89.571105
-96.140580
-77.236695
-83.411503
-87.746130
-86.570738
-99.078566
-97.041352
-104.848246
-114.650619
-95.769614
-112.125868
-100.646798
-103.561050
-100.329967
-96.349029
-92.771406
-92.614354
-70.670920
-89.475396
-68.934747
-86.366650
-76.403806
-84.895050
-87.703354
-92.960081
-89.142396
-111.224692
-96.583933
-111.746090
-93.245772
-99.669676
-89.839231
-83.393836
-85.554126
-96.724779
-73.696688
-81.708552
-73.828346
-85.084660
-79.585950
-78.784836
-87.056839
-82.811544
-82.561723
-74.546672
-60.430255
-64.075389
-56.531173
-55.092769
-69.374729
-59.564110
-73.234798
-60.904594
-51.427999
-46.072374
-38.824444
-36.513964
-35.987009
-19.332085
-47.547190
-28.296901
-48.553983
-47.753339
-59.566704
-64.346072
-68.216964
-54.491181
-69.432598
-47.508632
-60.871110
-44.821465
-58.093377
-61.201589
-55.442742
-52.921953
-59.212114
-50.744063
-68.537489
-49.157919
-67.528635
-66.723196
-58.099309
-70.278825
-60.538558
-67.812823
-81.990670
-74.526916
-88.994814
-88.827434
-91.245289
-98.459159
-80.870013
-96.818339
-87.177557
-87.550476
-91.081056
-83.127250
-94.077811
-103.319240
-87.992433
-108.365309
-82.572178
-95.378757
-83.962591
-82.278070
-78.683240
-79.343076
-78.767306
-102.206666
-93.383769
-123.036171
-99.527523
-107.582738
-106.341962
-104.762108
-107.156844
-107.693762
-93.470447
-109.694244
-91.777199
-116.288436
-114.373174
-112.390923
-118.745005
-112.127179
-106.665576
-114.713708
-104.255933
-119.644389
-110.270415
-118.491772
-137.018972
-125.095653
-144.106450
-135.382367
-136.127805
-140.284201
-129.912670
-132.195151
-137.986394
-127.728432
-150.322163
-127.165210
-142.908505
-128.846707
-122.123076
-124.897850
-121.606255
-111.547147
-123.852252
-93.168463
-104.831639
-81.811987
-93.764249
-91.994798
-96.174724
-110.657418
-120.985004
-106.377307
-130.787382
-106.793224
-127.608611
-120.273627
-113.852717
-130.249796
-121.371476
-117.635080
-116.689900
-95.274913
-110.206229
-104.840826
-110.728644
-119.385804
-101.459006
-107.083138
-99.636591
-102.942049
-112.450435
-95.035131
-100.573732
-105.445259
-92.231347
-115.594847
-98.310714
-113.730049
-106.921814
-109.388827
-117.824760
-113.084271
-103.162254
-114.022195
-92.930905
-116.308047
-95.648060
-112.160596
-115.621404
-111.850406
-112.389149
-112.205446
-105.290106
-123.966125
-102.780907
-121.196775
-109.260899
-113.432367
-124.049696
-104.346436
-101.873046
-104.334292
-84.263577
-101.260831
-87.804270
-99.004751
-112.311844
-105.706089
-123.057219
-114.500159
-123.844011
-134.107510
-114.066346
-110.828089
-110.314874
-110.641421
-135.679204
-122.029940
-140.025518
-134.280718
-141.467534
-156.633241
-153.478197
-158.543946
-173.258095
-153.523781
-180.345624
-151.733627
-164.029766
-152.003186
-151.030713
-157.239413
-154.842870
-143.191273
-163.784184
-142.095989
-162.275220
-148.590438
-155.620583
-156.514075
-146.639410
-148.079704
-150.447325
-135.588892
-152.467288
-128.479275
-139.555799
-140.384775
-127.462464
-132.238445
-117.006136
-126.014191
-137.554392
-131.802738
-143.005131
-135.060531
-126.855371
-145.422307
-120.335703
-128.629409
-111.949358
-105.723125
-109.781337
-107.558126
-106.150423
-116.075915
-99.000968
-125.040239
-100.649565
-106.773701
-98.934490
-98.860322
-103.043279
-103.932539
-97.036052
-119.566426
-110.207993
-135.087723
-113.857380
-114.358245
-116.343228
-113.567394
-116.025286
-122.264517
-112.961045
-141.676493
-131.167333
-146.550603
-146.434490
-130.627927
-132.908636
-130.209056
-137.396284
-142.349298
-133.194991
-141.724209
-134.379375
-126.783499
-138.380386
-133.088599
-156.153014
-142.946210
-145.704728
-146.142845
-141.766716
-141.555282
-147.928286
-130.184674
-148.163392
-126.672366
-144.810484
-135.275335
-124.200909
-122.603582
-119.764168
-104.120246
-117.365551
-94.292352
-116.263014
-98.940174
-110.750284
-111.871014
-109.186557
-112.041637
-112.288251
-96.373060
-114.014456
-94.065493
-106.043589
-102.336787
-102.650930
-109.272321
-97.224711
-105.158363
-112.160730
-98.196874
-100.479517
-88.865326
-84.085351
-91.111083
-72.886053
-85.026316
-79.347702
-73.504155
-78.940297
-73.992570
-79.060170
-89.309667
-65.814855
-83.983534
-62.857227
-76.960954
-69.816370
-69.542294
-62.962751
-67.453324
-63.925116
-78.157681
-59.659654
-87.363624
-78.384695
-85.372808
-76.005816
-59.841268
-51.082986
-46.993286
-34.748800
-58.251398
-37.343157
-51.898958
-53.078726
-60.723320
-80.900512
-78.286732
-81.618085
-94.882298
-82.965899
-93.317158
-87.213930
-85.514644
-90.952312
-73.874636
-89.253790
-86.595511
-93.319649
-94.015776
-87.847594
-89.643500
-96.482132
-88.063581
-106.824880
-77.828515
-90.390249
-82.504088
-69.201752
-71.561511
-65.188658
-54.179712
-71.119315
-42.330505
-62.532343
-38.217650
-47.967072
-47.182206
-42.249895
-49.538915
-53.958982
-31.668041
-44.991582
-18.837103
-32.680477
-23.316924
-19.102388
-26.426461
-26.488197
-28.005863
-33.426760
-14.104078
-27.827851
-20.870733
-16.327994
-16.713665
4.381928
-6.098249
-1.403878
7.727798
1.269050
4.358829
1.454511
-0.773353
7.499288
-19.901854
0.753213
-11.899101
-14.438369
-18.152337
-19.825613
-19.773655
-8.541121
-23.147160
-0.285860
-19.102466
-2.693759
-17.185556
-24.672384
-26.341328
-28.852540
-37.822447
-33.322193
-66.888785
-53.962961
-74.518596
-69.580213
-65.588130
-71.851425
-65.351526
-68.456175
-83.780577
-63.873398
-85.568678
-80.431968
-80.736626
-88.280300
-78.629471
-92.707811
-83.285019
-78.680066
-83.236171
-80.017280
-87.546211
-85.181787
-71.825384
-90.871818
-78.299955
-96.410200
-89.064095
-79.182307
-83.564309
-78.057731
-61.186361
-63.799630
-35.386805
-61.831383
-41.265993
-50.662870
-55.109656
-47.430372
-43.396814
-47.639002
-33.584620
-62.687337
-38.176649
-51.197621
-40.763187
-36.372974
-37.020554
-32.143011
-33.687335
-46.872254
-28.977667
-42.040808
-28.868940
-28.164770
-30.124009
-17.105679
-25.672583
-23.049495
-14.225730
-22.986726
-10.188052
-19.449113
-26.845519
-21.311675
-46.820496
-31.018620
-39.406740
-32.116769
-21.032655
-16.673223
-16.482342
-12.202305
-26.376303
-10.818634
-31.708119
-16.178278
-28.662405
-26.432541
-16.997806
-13.317325
-20.079395
-10.428072
-25.936345
0.574533
-23.923248
-19.332871
-22.213274
-35.182743
-37.432813
-35.659214
-40.021877
-22.815826
-42.498045
-20.035441
-27.638295
-28.649916
-12.373223
-23.995810
-15.117147
-9.288619
-22.601463
-21.600618
-31.583443
-26.192806
-23.287617
-38.420632
-19.032542
-28.898035
-26.823719
-24.037318
-23.641741
-15.719001
-18.858561
-39.941324
-22.672205
-44.435059
-29.107878
-40.672559
-38.328159
-41.150842
-37.294869
-33.049538
-18.707519
-39.198327
-18.481629
-40.292445
-29.885593
-30.735855
-31.453008
-22.423986
-7.890307
-7.334597
6.710437
-4.200032
15.784576
13.959868
9.763691
10.908146
0.811638
-5.895805
-11.882087
-20.924920
-5.897685
-12.574411
-1.374038
8.775787
2.874635
21.448916
8.049236
10.567101
15.814713
27.443087
39.176105
48.001265
40.710164
53.121604
33.840670
53.516907
43.778882
57.544976
58.623140
63.702561
58.286652
63.184109
54.282655
78.825007
56.544237
58.974491
45.199953
44.478559
48.295187
54.852807
48.576719
49.439998
27.603294
38.521449
27.685450
29.160937
27.536065
22.224002
29.714750
30.356839
22.232120
32.636546
31.684583
40.243585
39.622616
36.537004
48.460672
40.274537
48.941416
50.587477
48.268109
50.545015
62.254903
59.177964
67.956335
58.891206
81.670586
67.570402
77.005579
71.381259
75.479240
76.005464
88.382100
73.493092
95.502271
76.974171
91.693668
78.278856
86.237663
84.661902
86.590400
83.805464
87.465148
62.487844
67.537422
51.605401
65.950570
70.698229
78.890597
84.425962
87.989789
94.926944
110.113398
97.882799
96.532771
83.469862
77.873232
82.537834
65.899653
61.760460
59.008940
63.983745
59.017606
49.344237
50.542777
75.009068
66.593991
87.891632
79.777155
89.957004
95.456435
98.645126
90.716160
92.766587
77.264736
90.381972
67.175374
80.841992
69.624226
76.988704
81.010304
86.589937
75.906540
86.005741
79.074949
109.413220
107.640070
124.255034
114.641089
111.009353
114.348941
113.128898
106.793933
119.727871
120.451984
138.094020
141.873133
144.787222
153.275967
154.522421
163.314379
155.219119
152.016580
154.464113
153.615691
156.738146
174.284073
168.584783
191.646557
183.141190
191.246273
187.821993
191.462796
187.115767
194.202553
184.784874
196.113205
169.034155
177.603190
168.960316
179.778606
178.141133
178.153836
175.158995
191.633989
176.419893
198.603089
191.605721
202.391527
195.136736
197.501636
189.308974
182.994536
167.353446
168.127476
150.672038
163.650953
157.005353
146.049710
151.849948
148.803583
144.925962
147.956390
148.555080
155.111412
149.109538
151.746933
166.290731
151.315843
161.765461
151.183125
150.440707
137.925152
129.320130
119.158227
128.478001
116.376472
137.602391
122.553216
139.524224
135.622950
127.526418
120.930301
117.461445
100.049789
112.099291
86.462760
103.062189
93.075694
101.017418
100.031682
97.789335
98.833701
97.234672
82.851398
101.476420
84.906719
91.008302
84.722083
80.449442
86.351019
79.836856
81.053289
93.070395
89.912318
104.683581
95.652231
94.465408
106.024206
93.873201
107.450528
90.312799
92.005227
86.865290
80.980172
79.353786
80.694143
68.036588
84.793431
59.916449
63.818062
56.120552
65.628435
77.246249
86.136320
80.515868
105.407117
86.181895
104.474576
87.082484
99.426118
107.700394
102.080086
97.476455
105.594737
95.514570
117.390603
98.069367
119.058842
121.254376
118.715692
128.238511
110.644260
102.665278
101.587382
83.682043
89.165520
71.736714
74.774768
92.354827
80.966140
108.831229
103.620362
102.661944
119.076808
114.075247
111.555202
116.952931
97.920981
111.600767
84.082690
88.536171
81.633456
81.030912
84.200355
89.978313
87.862938
119.277137
100.827492
126.889475
109.860873
118.829759
109.234608
94.000565
80.729878
75.054244
56.542999
67.758565
49.877362
82.224812
87.260085
89.830514
108.453821
106.015107
114.640518
121.808735
105.482251
121.057025
102.952541
100.247061
108.569984
94.828654
108.753555
100.186610
101.422662
113.540249
109.016795
114.990503
117.255025
106.743433
136.060793
111.064794
123.252640
113.280815
109.764988
109.226319
103.951670
95.878648
114.933307
98.280066
125.825960
108.027246
118.577070
119.265613
114.066612
118.076778
122.668394
108.078570
126.686657
96.792155
113.737303
100.091622
95.878402
105.253705
86.544616
88.467600
93.958959
79.708025
104.685572
96.156912
99.740925
108.943177
95.617050
117.505179
112.145854
120.677990
132.041422
124.409908
136.174675
135.540338
125.334161
146.018707
120.058690
133.474347
118.936794
115.342245
121.033121
113.167911
110.068146
119.877091
98.044599
123.718311
104.855808
126.416279
120.439639
117.742715
128.187987
129.795165
116.132929
130.841467
102.691242
124.472468
114.417868
122.211164
135.022248
124.555431
129.199383
133.287200
117.466686
137.673461
122.222849
129.317760
134.504236
118.063563
126.557849
109.666215
108.494770
116.359028
106.283524
123.259012
116.538226
112.459440
134.741931
107.821566
116.666638
99.860382
98.893759
98.259396
98.661053
102.475701
112.523952
91.366426
118.547187
102.528422
124.716903
128.943004
127.953298
130.659806
134.567978
123.556511
133.405232
101.612409
123.719453
105.575815
107.417234
113.966932
108.192545
114.498272
121.262936
103.247746
121.677379
100.256872
105.600791
103.069573
86.921568
89.020362
81.031028
85.853698
97.271511
88.413548
95.955704
88.418493
81.526094
92.460138
77.697885
95.652009
78.523435
77.121722
84.318699
84.413609
84.384955
100.654994
84.545929
104.767246
75.346608
86.899117
69.676414
58.981728
66.151014
73.486199
72.240599
92.039828
68.825949
90.190678
77.597487
87.409935
88.705822
77.470260
79.717688
80.590616
67.201858
82.881950
65.339652
79.214387
76.431410
79.611281
95.255781
84.836013
98.162366
109.552798
100.783237
111.651402
97.581570
85.503469
94.195915
78.682781
98.007542
87.354750
84.694065
83.743341
83.037020
93.661530
96.434363
81.819185
99.077300
80.666875
97.423253
84.538016
76.793005
75.537232
74.157345
67.437190
79.277692
52.137114
87.871385
77.521531
92.169723
97.192997
90.458942
87.730067
78.398303
61.960128
78.556180
55.161758
80.621549
77.652866
77.279149
77.538475
73.688875
84.064482
85.854296
74.609373
85.922150
76.836966
85.347917
86.743391
60.304575
67.386792
50.517307
50.460182
53.295199
50.177418
62.396072
67.349482
52.594709
67.440199
37.587600
52.546397
41.137440
40.385824
39.243232
30.765191
22.491899
32.564972
4.109158
24.652628
2.496102
17.992438
18.093368
17.610047
20.860489
22.420744
14.466042
32.039075
11.834526
20.448846
7.251948
-6.291936
-5.387484
-9.853709
-9.866344
-5.405397
-12.512412
5.785660
-3.591676
3.319411
11.420280
5.009519
21.591273
7.464029
11.085385
21.240246
18.533506
26.405605
29.446020
18.646688
38.264942
15.260001
34.784603
21.608757
12.746508
17.522948
20.221094
23.790711
43.103921
26.660245
59.300653
47.050664
54.330275
51.136267
57.698737
70.282687
75.343726
60.176831
83.703759
63.116158
75.306067
64.738619
67.938065
77.169708
70.183802
72.866345
75.938132
60.897792
76.695260
62.088672
68.209156
78.632670
67.806010
83.744670
74.138734
74.010035
88.111863
80.547245
82.423468
81.507213
67.601482
85.906947
67.235279
81.589146
76.233085
72.146459
75.624883
74.859312
70.163367
87.675017
72.326597
96.479037
76.435329
94.574230
97.679172
96.607017
97.031440
99.254111
86.793483
110.654838
93.731794
109.517091
103.330840
110.215379
113.733519
106.296602
100.344330
100.247999
79.548092
90.596787
63.822996
56.947123
62.360444
55.471655
69.938682
62.065065
59.183228
65.711250
54.767553
57.437944
51.079162
38.183971
51.937164
21.396711
23.874260
11.423395
15.149318
22.969678
22.009763
21.170705
38.182233
26.072023
51.287101
29.767084
33.283617
29.034162
27.775379
27.626512
36.681837
19.764412
39.964814
15.260757
32.546994
19.999443
16.405922
28.421418
40.344537
37.206451
47.163836
33.044206
58.943693
48.013761
56.371101
61.296574
61.584810
84.556352
80.258727
77.316392
91.088411
80.019007
86.558903
89.682417
83.414709
106.755940
87.031236
89.438594
72.919593
70.639100
79.777519
79.984191
81.819145
104.375029
85.625498
109.546159
92.113038
105.921944
106.234316
96.479171
94.694506
96.072737
81.261211
108.014307
83.163616
99.963524
88.772945
90.271657
99.226388
89.096890
84.366085
90.483475
67.943917
82.979792
68.049465
78.052156
84.371535
80.442100
91.609311
84.068211
79.393371
96.297422
82.002473
85.615958
86.310781
79.327460
87.119107
73.115688
79.378269
78.131913
77.205844
77.506012
79.768809
74.874984
82.626253
57.219046
69.477935
52.835964
64.884939
60.264894
65.833668
68.992513
70.484249
60.293524
76.754316
50.496555
62.287816
46.630098
51.831563
41.946920
35.549697
34.962523
47.492412
37.773222
61.654715
41.712750
42.688670
39.525283
30.584601
32.496409
22.049111
14.165855
21.314961
23.539461
51.017682
53.090433
47.820250
60.801187
48.304248
59.968450
51.647728
43.091532
48.188232
41.004298
35.556536
43.188822
25.642028
50.623548
37.602218
52.767079
53.878488
49.816868
50.829199
63.316167
53.888106
71.141279
49.253361
65.167694
45.525631
53.226478
55.815502
54.826311
47.374682
52.460223
42.016424
68.936348
55.020559
66.844678
67.689005
65.251827
69.473818
72.875553
75.860805
80.785038
63.160490
73.009226
64.379255
65.319736
79.682003
69.685359
71.520977
68.313936
68.577695
76.513495
72.826851
76.469619
85.681028
73.072083
84.684481
59.901572
57.112273
44.335667
42.180842
34.402958
32.441857
21.725252
32.224367
14.869796
36.117785
13.625140
21.042775
21.112608
28.189309
30.072784
37.435105
25.765161
39.924953
25.326041
45.105596
36.782190
32.943598
28.220024
32.030827
27.382672
25.056012
12.979411
15.922679
12.838181
19.492529
21.709052
19.634715
29.845225
26.988752
36.331621
43.327531
42.868919
42.888939
44.153306
36.586623
50.833617
39.197879
51.587166
45.070849
55.618332
48.613188
51.667945
45.679365
59.639628
42.111390
61.169533
54.986229
68.408825
65.833356
71.569057
65.525629
77.618361
71.677970
90.242445
79.308391
96.992108
86.783009
87.205070
76.284758
66.959298
63.650369
65.099759
54.934731
59.022771
49.897221
55.071842
49.606905
41.167427
45.566568
44.355402
57.984099
68.914214
62.252250
60.921338
54.571736
45.968751
60.137856
47.369429
59.960814
51.145915
63.259174
60.713521
67.853433
67.500364
86.798980
71.074012
87.535010
77.497698
90.353401
77.699630
70.498910
62.788005
68.438947
54.632724
70.881564
53.320644
62.510323
48.751115
49.245614
52.226731
56.472550
48.390332
51.627209
45.247493
57.437489
36.766506
33.350964
26.527679
29.125022
36.199018
27.418772
10.761836
19.540717
18.781015
27.141784
27.020463
9.576816
15.887432
-1.412052
5.620488
-4.986665
-12.185478
-7.538177
-4.765271
-15.286988
-5.535850
-21.960629
-0.508993
-12.661270
-1.586661
-7.538159
-10.343600
-14.288505
-2.494051
-15.527246
-3.023984
-22.428462
-3.361843
-6.438144
-8.770208
-12.962100
-11.841689
-5.829162
19.687560
9.299635
30.174341
16.004156
18.744575
19.104572
7.950162
10.074095
2.811778
-3.430733
9.821117
0.867763
5.687572
-9.874747
-21.303184
0.959462
-15.250686
-9.393257
-15.462663
-22.272429
-15.366892
-19.807429
-27.017276
-13.551143
-39.429191
-24.041620
-40.237155
-28.673885
-24.924152
-24.172873
-27.666912
-16.383577
-27.212367
-1.467965
-24.160029
-7.239546
-11.940598
-12.363431
-4.813625
-10.455765
-22.054452
-13.759686
-42.852576
-26.555916
-40.459775
-33.367320
-33.810217
-43.394113
-29.046721
-22.927360
-27.636608
-10.388755
-23.695568
-16.916536
-13.104908
-25.352122
-20.269624
-46.350490
-47.261816
-48.942298
-44.732120
-25.824101
-29.969674
-32.615290
-14.556231
-32.221433
-9.609937
-34.753878
-44.771529
-57.192055
-73.081406
-79.470777
-73.489045
-99.827431
-90.561874
-110.935318
-84.640918
-89.759043
-88.977921
-82.215546
-77.914141
-70.446616
-56.418992
-81.278160
-61.012984
-80.886859
-75.759632
-78.704280
-88.390831
-86.177303
-91.001747
-92.464332
-75.679636
-93.433455
-77.360488
-78.737736
-87.149167
-77.178201
-91.788282
-83.402713
-89.681522
-100.932851
-104.756229
-117.339535
-120.972737
-109.675702
-125.256546
-93.159778
-105.727082
-102.682236
-108.617342
-114.896705
-105.225436
-98.664785
-110.209640
-86.464052
-103.836422
-78.397915
-80.700261
-73.201229
-66.698943
-68.272316
-69.672010
-53.399715
-70.846659
-43.002893
-62.231613
-52.487861
-54.203779
-60.245061
-46.874240
-39.348264
-45.969787
-39.644705
-57.815469
-41.409955
-49.465711
-48.899443
-35.262972
-47.715429
-28.192361
-25.003346
-29.767000
-10.776306
-21.756676
-20.881180
-10.656061
-30.748344
-5.367091
-30.297930
-28.322022
-31.940065
-38.678896
-29.843331
-26.488627
-36.923892
-16.180864
-41.559400
-17.609479
-30.431993
-26.000393
-24.499325
-29.388577
-29.819860
-21.793471
-46.393747
-20.062876
-45.263127
-29.836133
-23.656673
-29.741314
-16.641176
-14.805163
-16.360709
5.393279
-14.690425
3.692954
0.499985
-0.270032
12.243074
4.406642
23.368550
26.679170
18.354473
22.594847
9.466421
10.929352
13.334789
-5.763747
11.612214
1.750007
17.202686
19.035973
23.989983
29.525547
25.660279
13.999900
28.950741
-1.025635
17.115063
2.662799
9.841731
15.843714
13.538229
15.808340
34.496271
18.480741
38.408147
14.485899
33.183472
26.703318
24.961941
25.287497
17.102530
13.066986
30.094071
20.843052
42.545375
31.041021
42.461554
55.027196
47.016249
53.547439
46.458867
42.610067
53.607033
39.582793
46.211030
47.201440
37.411672
54.560684
35.597935
51.326671
56.597104
59.413894
65.207205
60.439347
46.788621
55.702753
31.915850
53.112624
31.632548
37.271460
38.547876
33.239711
25.231055
27.457248
11.319002
32.837595
12.227323
36.120777
29.598581
36.865556
46.842895
48.074818
45.012385
61.637238
42.973822
57.338807
51.624850
61.483195
62.614402
48.201696
56.019194
51.469979
48.836678
65.007274
58.366909
71.814598
80.101636
72.330864
92.798658
86.107565
101.263177
94.693882
90.006133
93.588754
91.117261
87.481113
91.230079
67.213634
80.386518
54.152812
62.785286
71.290706
73.179927
76.224160
84.865955
71.147107
91.934189
65.766901
78.863026
66.543773
65.590960
62.464204
58.135892
51.910931
65.235054
47.482868
71.437458
53.563566
58.472503
60.790537
55.817414
59.860217
49.730250
36.732672
34.456376
8.975531
17.296106
13.114273
3.758001
17.745587
-0.084548
11.191287
6.146704
0.465566
16.696198
12.583436
12.265616
24.443807
3.205780
19.969093
-4.476960
-4.634465
-5.808290
-7.745867
-0.687088
16.866376
7.464105
34.908513
15.938027
37.129533
25.467510
19.983907
19.779856
10.331258
6.046105
22.969226
-1.774841
15.713249
-3.438814
-1.183089
-4.393488
-13.116898
-5.140872
-6.442924
-10.196703
11.304293
-5.273147
3.348831
-1.485183
-15.260782
-3.442297
-17.774775
-11.589823
-9.445734
-10.521606
-1.169397
-7.333672
-19.553463
-3.059613
-18.486453
1.433658
-11.513589
-5.775636
3.308908
6.350148
-0.952124
-2.931955
-22.734435
-0.524751
-25.750143
-8.476784
-19.840719
-30.638671
-29.802990
-28.141636
-29.014812
-13.944964
-42.133665
-19.157365
-33.004803
-31.356342
-34.439831
-44.952168
-38.901157
-39.676910
-52.533621
-29.360901
-39.803864
-20.902491
-17.477284
-35.458641
-16.066246
-17.427415
-5.753162
-11.518221
-24.633877
-22.196163
-38.908864
-37.711918
-18.268780
-31.861523
-10.585573
-29.399069
-36.312021
-33.341110
-36.377726
-31.211084
-20.092531
-39.140993
-23.005008
-47.787820
-33.484762
-45.069310
-42.605707
-45.900757
-51.813991
-63.736299
-46.966315
-56.861722
-29.457177
-38.113627
-35.307755
-31.657542
-29.853333
-28.909124
-24.877614
-32.546329
-21.444738
-44.734651
-32.832142
-42.614338
-44.501532
-32.026906
-45.739912
-51.133235
-46.817359
-48.774719
-40.473570
-46.663923
-53.869193
-45.887910
-57.868708
-49.373786
-71.578633
-74.356787
-79.680745
-84.082993
-79.488340
-72.347486
-78.302345
-56.716994
-73.455718
-50.156932
-64.651897
-65.173019
-66.560968
-73.501429
-88.337245
-77.162518
-89.742839
-73.143907
-90.064500
-84.734847
-87.877189
-79.856998
-73.064743
-64.033090
-63.438256
-44.714374
-66.594853
-56.186523
-67.181754
-69.431106
-65.358287
-69.810223
-61.920577
-54.191535
-53.021292
-40.836248
-36.850165
-29.366472
-21.556461
-27.390489
-13.563713
-33.661656
-36.667141
-41.646251
-46.222022
-42.903236
-33.422089
-38.774268
-21.695623
-30.096721
-4.586419
-12.230859
-5.933598
-9.406649
-7.454152
-16.209366
-13.598043
-31.038675
-15.096770
-32.443028
-20.473403
-25.490310
-28.082864
-34.529870
-24.299503
-26.912318
-10.431996
-23.400208
-10.674756
-27.031093
-24.295540
-26.142866
-37.111931
-41.407439
-36.084279
-37.175676
-36.487570
-47.004430
-42.806945
-42.763358
-51.357164
-31.498093
-30.062542
-22.881291
-28.483425
-26.012678
-23.102835
-13.519592
-21.511045
-9.921915
-23.927088
-4.323874
-13.503642
0.340544
-0.153126
4.785428
3.694084
11.777664
-4.710416
4.642251
-22.438607
-7.269756
-11.432685
-4.384655
-11.486527
-9.407364
-13.181812
-0.205338
-15.541678
0.280970
-12.159985
-12.008791
-16.897297
-16.981550
-15.130753
-8.393592
-12.457755
-4.483444
-6.497051
-1.624954
3.826411
-3.344813
10.172621
2.719421
0.024237
-1.366063
-16.065722
-22.496221
-20.374497
-25.999587
-5.702888
-14.608488
15.635536
12.958568
25.727237
25.701988
25.179635
23.313472
36.415937
17.617608
29.190036
1.643141
13.303070
11.390770
13.059288
13.111294
25.867183
23.593803
47.062908
30.973640
49.139099
35.415510
28.914512
33.440209
36.763187
37.401888
37.307924
22.299591
36.708765
25.004901
32.907215
39.350101
33.944393
55.532311
48.061703
51.264772
60.126068
50.754442
52.165295
51.090347
35.295047
47.441796
24.555913
34.258351
21.547798
17.615611
15.169172
8.096897
-2.897751
8.454250
-9.264077
14.476062
-4.406020
4.492067
-3.981725
-6.664190
-3.866384
-6.827478
-22.210475
-6.236613
-27.415321
-2.152915
-8.844173
-5.683857
3.785947
3.228042
4.045225
6.635755
-12.532948
7.108176
-6.990185
5.984062
23.899615
20.147985
40.096375
32.369315
31.188565
37.907229
32.153900
45.789274
49.656962
44.870042
60.417380
35.957417
54.180027
40.269160
35.187941
36.465348
25.846504
21.048095
35.654237
10.714927
33.303190
14.320294
29.633497
27.639211
22.313820
19.538628
21.170749
7.266934
20.180480
4.987451
29.618538
16.295385
13.019123
18.192968
17.493130
26.293846
38.146677
16.093646
26.549888
-4.578489
-0.808625
-0.744764
-12.544499
1.283082
-8.054682
-8.794876
0.720496
-16.091745
-0.003832
-5.999355
-13.650819
-2.416688
-22.038554
-3.528102
-12.848682
-24.875193
-29.933122
-34.428317
-18.858050
1.898982
-17.161071
1.820471
-18.740933
-0.392735
-11.004692
-14.148167
-11.633643
-8.994474
-17.028654
3.979303
-21.804868
7.983579
-6.463104
-3.693992
-11.956554
-28.784362
-27.110974
-21.526452
-34.219090
-11.384839
-28.301185
-17.621712
-17.738321
-22.651202
-5.500926
-12.113054
-12.390972
-15.854798
-24.253127
-10.047915
-18.127650
-15.600787
4.178665
-6.153229
13.590611
7.546115
14.759672
22.066304
16.097957
18.484293
20.067640
0.505596
23.178836
3.200575
26.902578
23.448820
31.498940
45.067428
48.859434
46.360490
57.989574
40.092880
69.192238
53.846576
63.206647
57.213693
52.887227
47.620902
46.824829
32.340985
51.495740
38.161251
58.118814
47.595891
43.471129
55.996079
56.905741
70.121462
80.818481
67.899308
72.396527
50.508830
48.708007
52.679577
32.877608
43.082779
32.643472
35.742000
34.921764
29.938211
34.907212
21.594967
6.408924
26.453035
-3.459644
1.753242
-16.297620
-21.023569
-18.481260
-24.161585
-28.221079
-9.922034
-17.124580
14.715371
-0.094705
17.615398
22.925670
21.621260
17.667051
20.289230
11.001960
27.532065
2.777408
23.499862
8.267959
11.197664
17.420975
13.340829
20.305474
26.618815
16.466148
31.330468
18.997368
21.808664
27.314314
10.553708
24.861356
16.513444
12.908524
16.987050
9.104060
12.712233
12.942670
0.025089
15.628979
-3.727745
11.056414
-2.950594
-9.577586
-10.248037
-17.319860
-25.612136
-19.188899
-39.882200
-17.386647
-31.924659
-20.662421
-25.846789
-26.944399
-34.666562
-38.899865
-50.818077
-33.039375
-55.611438
-41.353970
-48.965098
-42.147502
-33.949013
-41.032314
-37.526130
-32.700318
-41.046363
-22.908378
-38.825835
-33.647488
-28.166057
-39.398732
-17.028545
-19.493741
-9.050054
0.569472
-18.354695
-10.581185
-7.301923
-22.913179
-11.316546
-34.607918
-25.632705
-41.808437
-35.564310
-28.288893
-19.501658
-17.088753
10.682290
-3.066901
19.206830
7.984185
11.839912
8.660424
8.886251
2.393951
8.612628
-2.835890
26.558740
6.854713
26.473293
27.726898
28.997580
32.385632
30.275972
19.891187
18.003868
-12.610191
0.853815
-14.962238
-12.311333
-0.218400
-1.131823
20.705651
20.186546
22.297183
29.636463
16.781511
22.977445
23.281268
4.249398
19.091363
5.443159
22.916883
23.326911
27.052055
36.478983
42.594733
46.295828
60.555702
41.563117
71.231763
58.515257
59.167575
49.105874
36.488007
42.352146
43.770205
18.867597
41.454319
27.726418
51.412532
38.525390
35.960925
43.615699
42.396509
39.380307
51.221810
38.968147
59.523262
38.388731
35.897931
29.368570
3.342002
9.916195
16.671934
25.200204
39.275303
30.925212
46.237257
52.238787
41.732809
57.610370
44.806024
60.650242
59.447574
54.918761
60.641379
58.499972
56.397856
60.731870
37.399442
62.836964
47.090980
62.086208
60.443057
58.543914
60.631269
67.896547
48.458890
63.051136
40.210783
48.308373
35.118532
38.193477
45.450811
48.280982
54.051846
73.437101
64.447220
86.616948
75.088735
88.386926
94.795693
90.364078
97.305428
94.481906
86.674489
89.037236
75.012874
81.105288
74.941178
75.478270
94.479174
81.244191
96.226173
99.070946
106.250674
111.276401
114.591711
114.800964
123.808483
102.528726
110.377565
87.219098
94.577672
78.998060
76.329705
76.431750
85.203211
80.726626
98.560609
82.182661
95.865502
78.954542
93.905596
92.459899
88.208810
83.925529
96.366550
80.708373
96.339663
79.289862
89.227138
79.582874
74.460435
74.185739
67.903388
64.066499
62.766121
45.963099
47.010761
41.277678
32.841290
38.384420
33.747803
40.195645
35.952734
41.839895
39.591552
36.130060
41.640925
55.538637
47.213274
62.081370
44.041099
58.526904
48.841952
46.889628
46.225737
49.437499
25.940197
21.831664
0.173396
13.774832
-3.551320
2.546147
1.246772
10.216981
6.049795
6.287501
-5.632208
8.435180
-7.520583
-0.518412
-11.687464
-11.253192
-8.866563
-12.749556
-13.059438
-14.104216
-21.037204
-8.932699
-13.443564
-6.987470
-6.926867
-9.418986
4.171719
-2.038892
0.650357
9.240336
13.045273
9.895168
17.884533
9.035439
23.060032
8.657338
20.921608
12.641417
15.344054
14.478815
19.929500
14.825558
29.998574
22.286733
45.631149
34.799191
39.968092
35.070103
38.074554
29.101012
31.230788
14.302347
29.799238
14.367017
25.613833
15.145579
19.429471
25.580734
31.259531
29.231415
20.633001
-3.731940
3.714052
-7.012264
-5.990472
6.961120
-2.833826
7.359325
13.916762
9.247094
8.764982
8.446326
9.266688
19.374744
13.674409
31.289093
15.751306
24.264769
20.676370
26.933066
29.935280
37.670318
24.566982
33.435375
12.007956
27.164826
6.226799
10.919995
4.391787
10.219686
12.871286
23.765318
15.124363
38.595632
22.116665
36.788051
33.608791
24.830988
22.609390
18.562384
14.715537
23.180461
12.293101
28.153629
20.238411
19.589161
20.723761
21.079586
28.375473
29.809175
34.447944
43.749990
41.806812
50.073952
62.750835
55.104746
71.366440
53.268886
61.935034
54.315074
48.265177
47.706344
52.145617
55.611921
83.225590
74.015308
98.768266
88.198165
92.847153
92.169946
82.264029
77.544746
85.133567
65.705197
90.885493
69.132226
80.082966
77.386731
87.885841
101.432604
101.536235
105.538074
121.808194
101.292050
117.495114
98.053110
90.741630
85.354281
62.934513
64.583165
60.623592
55.282457
66.514611
55.024257
59.833123
62.380055
52.683318
67.480677
50.916549
56.951717
60.271984
56.889326
63.910900
65.633122
63.848312
88.862562
61.962171
76.813298
54.849484
56.365411
57.165608
53.042842
55.330908
73.355097
60.097260
81.226294
57.027163
75.523409
65.773236
58.318453
59.915321
52.698769
43.594762
62.106171
36.746586
60.014126
43.048992
45.830490
52.363699
38.017276
39.972593
30.911824
21.419901
35.544829
20.912420
25.353988
20.907380
6.665971
23.052063
11.263170
26.702026
28.841821
17.350956
24.535800
23.047616
19.855553
34.558298
-1.077996
19.597692
-0.630946
6.067666
12.261863
8.159675
17.721619
26.225576
12.781391
34.795600
13.652447
39.231840
30.460370
26.151750
29.541624
33.348019
29.553223
35.849166
12.881224
39.712529
25.640533
38.602634
43.316448
37.647966
47.958013
45.782182
42.792937
56.420521
35.366190
54.367946
53.369729
42.335751
56.066035
37.997888
51.456598
50.046954
40.137528
44.756988
35.306089
34.493588
42.537742
24.592175
45.107780
33.438627
39.902583
30.899591
18.120317
14.608937
16.857531
1.555056
18.699404
-4.057839
16.853323
1.846873
-1.204357
0.348207
-2.282464
0.500871
7.742878
-9.403960
21.749977
-1.196274
5.021868
7.248128
3.450754
6.595743
-3.537777
-14.981883
-0.690341
-11.920703
2.560984
-2.341600
-8.540107
6.159955
-1.179172
9.137855
7.539479
2.395101
11.640636
9.029868
8.809979
14.630939
-2.510805
13.610511
4.199736
10.443043
5.903453
4.539714
12.287675
16.213430
-5.825799
-1.594399
-31.519090
-9.853246
-22.192597
-11.432225
3.082704
5.651431
11.433455
30.276939
9.978459
26.167022
4.778458
16.242465
16.490524
7.385234
8.153058
3.919625
1.690797
22.034338
10.518976
31.522935
28.201940
30.354386
48.534603
43.617879
56.564890
57.134598
41.479957
44.049516
31.334058
23.044204
25.447541
4.241159
19.590867
0.439688
5.677999
10.880133
10.121991
8.315633
-0.196351
-18.808135
0.711317
-22.735920
-5.749958
-24.370438
-28.335013
-29.284054
-24.915375
-23.348271
-7.304910
-17.317377
8.918714
-14.095409
-6.964727
-3.905693
-10.429759
-4.900753
0.629093
-11.826104
7.111078
-7.344001
0.980936
-3.327463
-1.485823
15.856904
8.159034
18.521657
24.017666
20.133743
40.726009
39.254911
44.016552
57.739895
40.688677
55.576060
36.209583
35.947192
42.729601
43.963922
56.389985
61.322001
45.831530
59.178369
24.906924
35.550822
21.395821
27.826763
34.812415
35.053858
31.865303
40.948210
18.556216
36.509732
12.458390
22.881482
21.572803
14.036030
14.364255
10.466245
8.979165
31.182237
19.789975
42.821561
41.463495
34.102402
34.461504
25.687449
38.024936
42.916492
31.535635
48.303673
37.449377
33.426009
43.127312
30.839435
42.730069
31.025670
27.627267
15.355176
8.865361
15.590463
10.995818
5.624757
28.498644
8.338200
24.527704
14.551284
14.902719
14.824438
9.544889
3.711634
15.688501
5.291647
27.403710
6.836055
24.122560
24.929539
28.517646
23.593083
20.791628
10.787040
26.937772
4.226164
18.075335
11.191810
12.154351
26.837349
16.978182
22.818609
26.139862
15.879809
30.748012
19.948014
16.902967
15.896661
2.406780
20.356002
7.985441
12.686201
18.581305
19.261499
21.903007
14.214893
-0.838722
13.473361
-5.353591
15.303674
4.367105
6.668404
7.722748
9.186014
3.014309
11.287856
-10.774551
2.435168
-11.712788
5.833442
-4.864418
-3.085666
-2.194496
1.858008
-6.671878
3.057044
-10.021343
3.442023
-14.552385
-10.739880
-4.985185
-0.982894
8.434518
15.786574
20.296187
38.093551
32.182516
34.193152
33.575187
30.786999
42.616741
26.046397
34.056778
34.130594
38.773926
40.255748
35.779075
26.478458
31.784851
15.247205
26.152076
10.155323
18.508059
10.586875
14.621748
18.519602
29.471034
16.420372
30.211893
10.006654
29.295660
10.755434
16.074360
13.452835
16.198972
9.752710
14.888496
0.968376
17.231668
1.370001
7.377195
3.268530
3.766155
2.147045
5.915297
2.532699
6.836238
-5.452843
-0.313977
-11.560494
-25.507039
-15.461377
-25.263657
-17.354624
-17.694426
-17.907588
-12.192320
-16.688578
-21.352861
-15.848989
-28.456860
-9.145325
-15.399492
-7.905174
-9.744160
-3.857320
-3.158196
3.911627
-2.665629
21.268959
9.077652
19.949731
12.721882
21.609859
25.308231
35.336559
23.773275
33.147490
18.348273
35.784685
22.464296
29.480398
30.770527
33.604042
35.085904
35.322145
23.447714
34.501256
17.416377
24.288670
18.888170
4.253960
-1.223396
-23.824583
-20.832631
-14.014795
-20.208479
-8.728443
-8.896599
-21.057876
-5.785170
-25.002162
-9.070623
-10.784732
-5.753532
2.034145
0.817371
3.536434
18.122424
5.149398
31.282439
15.507411
36.680477
30.356219
30.360590
27.267363
31.003797
16.283644
26.986332
8.933931
29.478076
25.464192
34.767065
36.244120
34.967218
36.470729
39.486132
22.761007
44.632879
21.701398
26.378923
20.907890
16.830017
32.597464
26.845360
31.850351
40.926821
24.699012
34.626120
30.827794
20.252938
35.028683
22.690219
44.171564
39.448492
39.010985
48.469981
41.269782
42.041947
49.149256
30.507226
48.478128
26.522215
38.271869
35.991176
32.216928
28.848597
35.678739
28.374642
58.471998
34.971326
52.332651
36.470265
38.133338
40.280711
41.229179
50.835690
61.123303
51.986107
74.468241
57.717907
70.268433
66.399412
54.821154
52.392029
41.481932
42.679190
39.678648
24.137519
38.495151
42.569063
52.730254
66.818745
58.457733
78.535395
65.436971
58.884139
60.135181
49.920957
51.391460
59.118245
43.713099
71.914250
51.578208
62.885908
53.833768
48.355776
59.494629
62.556472
52.191492
65.125781
44.707431
71.492329
51.907139
55.747934
57.468954
46.604051
47.127550
47.824535
32.576425
55.974664
30.700594
48.454844
47.600622
38.893529
48.592638
43.821375
43.777009
49.724420
29.521694
54.633116
50.706646
44.790608
46.180923
26.351460
43.162872
30.222319
26.713505
37.110605
26.269007
35.529815
46.123847
37.702797
59.125309
27.828731
39.220075
24.476564
15.549726
18.289492
11.507442
6.595441
25.945004
11.289054
45.335188
29.842790
43.572526
37.653933
30.124367
27.943837
22.969042
9.300856
28.245213
6.243245
21.398775
10.091774
16.508541
32.723964
23.849273
25.858054
21.888819
2.038796
19.532080
12.834813
20.174030
32.936042
25.433818
46.404469
39.182787
35.602741
35.873075
21.795592
30.689411
30.677809
22.387454
38.604084
18.866830
34.475921
22.484188
21.896592
26.581047
23.393590
16.806811
21.345704
-4.457831
14.800678
-4.969532
6.206749
-0.381686
11.956629
21.272038
28.104610
17.111673
22.559381
-11.465801
8.425456
-7.047936
-8.319802
1.260587
-5.631347
-2.808591
3.892624
-6.953907
13.766312
1.096047
2.196678
3.821796
0.790352
14.925340
6.029450
6.562267
8.357495
1.336595
3.783832
-5.965460
-16.219911
-1.279326
-25.835209
-19.041906
-38.945237
-41.640243
-39.255518
-42.267603
-41.955512
-25.191216
-33.048425
-2.789425
-25.829909
-6.734844
-12.017048
-14.480706
-14.560313
-17.832633
-25.917613
-9.250931
-36.905920
-14.682968
-33.236066
-31.517652
-27.545286
-32.242253
-31.157132
-27.418460
-40.049126
-21.529696
-41.891284
-35.368480
-35.235470
-41.794007
-37.297402
-52.784144
-51.305463
-44.593770
-50.829222
-40.308685
-44.707796
-44.901677
-24.456791
-44.727395
-27.734083
-37.477763
-39.368008
-35.327487
-38.591974
-43.877770
-42.226323
-65.316274
-36.599100
-51.978990
-42.546027
-44.528724
-42.820042
-48.623701
-54.578707
-66.366981
-45.608862
-64.032721
-38.498859
-53.658187
-42.083708
-37.224011
-39.474051
-38.269605
-35.094046
-47.038687
-27.526866
-47.535250
-32.502603
-31.701338
-50.521279
-47.148639
-54.790884
-52.359669
-43.689331
-59.362422
-42.143708
-48.163370
-45.136652
-31.389586
-51.258424
-33.069272
-35.576159
-36.004118
-32.985766
-36.691633
-32.870097
-23.239164
-40.449239
-11.790135
-40.534854
-30.798698
-35.591653
-41.088152
-41.785086
-40.578931
-48.413862
-25.186061
-46.709418
-22.052396
-32.595226
-22.754911
-18.566116
-24.371957
-18.408665
-8.163099
-32.446906
-21.256581
-45.541015
-36.031119
-34.566623
-39.095630
-32.672112
-37.784123
-39.172634
-27.861534
-42.060906
-24.808632
-41.666005
-49.644517
-41.808179
-65.919025
-55.754567
-65.332209
-68.597596
-57.852807
-58.447215
-54.784958
-37.683443
-55.766240
-37.949166
-67.902228
-55.006722
-58.065455
-59.659348
-55.820283
-54.844325
-65.275239
-37.989123
-65.076628
-44.270980
-62.769392
-59.928563
-59.499163
-70.350681
-73.514950
-62.342530
-79.800626
-60.013423
-83.932087
-78.874361
-79.665757
-86.494842
-80.505448
-85.879454
-91.434861
-88.037482
-110.271324
-106.350207
-114.305365
-124.659930
-115.969788
-130.905965
-114.342928
-112.394626
-109.056892
-98.453782
-99.804218
-99.133854
-83.521819
-95.659467
-77.546801
-93.004461
-79.537510
-83.503288
-84.143137
-79.331104
-78.038287
-89.739743
-75.061078
-101.736801
-82.768616
-88.353835
-72.306106
-60.157220
-49.733088
-46.215959
-31.604922
-43.274534
-26.165380
-43.926364
-25.588336
-30.135759
-30.388731
-18.515529
-32.442458
-40.495764
-23.822709
-38.035729
-20.644016
-33.350940
-35.029690
-31.257466
-52.113404
-41.696759
-49.908556
-52.472645
-49.887544
-70.338625
-67.515186
-55.267084
-78.030513
-61.358436
-75.937198
-63.174568
-62.895482
-61.126143
-54.709275
-54.196945
-67.872420
-49.208970
-67.835891
-32.228949
-47.262302
-39.184679
-46.871198
-51.138306
-56.449252
-52.970679
-65.320563
-49.286470
-67.561134
-51.563520
-59.076634
-59.901921
-54.397713
-57.073582
-60.700286
-55.636826
-68.019877
-49.261595
-51.305766
-48.874400
-39.469030
-52.267841
-34.264447
-38.705810
-37.544626
-30.682853
-44.486818
-41.045987
-40.431041
-54.199538
-36.928872
-52.046535
-34.706169
-43.599237
-42.669941
-41.583553
-41.508025
-48.826723
-31.627536
-55.504338
-35.467625
-41.624919
-33.474548
-38.432696
-38.052254
-35.297487
-32.755230
-47.523659
-30.100825
-55.103170
-42.265073
-50.740074
-52.593556
-49.442655
-45.334179
-40.995611
-25.196379
-39.631724
-28.914425
-33.431616
-17.897426
-15.133325
-24.409804
-20.248769
-21.999399
-18.752212
-13.185517
-19.281242
-18.327389
-17.520287
-27.999989
-19.775900
-34.990561
-22.039584
-23.748753
-18.600765
-16.991967
-20.810259
-29.801263
-25.016876
-44.264232
-25.886671
-44.656987
-28.829036
-43.751077
-42.889523
-40.933931
-30.225676
-47.427236
-31.923776
-48.770266
-31.938654
-44.578761
-41.178997
-45.667829
-50.966134
-59.260385
-53.603210
-59.596777
-41.015224
-44.071925
-35.414312
-38.353054
-38.684595
-32.782288
-33.716994
-32.869483
-34.309798
-46.700060
-45.007554
-48.509189
-48.649557
-31.940845
-40.870519
-20.688253
-20.063374
-7.440305
-6.988266
-8.420706
-8.157431
-1.416274
-16.526568
3.236267
-16.688612
-1.616382
-10.059509
0.606390
-1.817024
4.117833
-1.792991
6.774875
-8.505071
11.814753
3.232766
4.497716
-2.931425
-2.572467
-10.165016
1.406875
-11.712819
-4.270182
-20.432807
-17.457262
-25.351429
-27.952352
-28.615459
-31.558371
-37.131304
-36.039257
-52.364029
-57.764571
-67.675747
-74.890371
-71.193373
-75.966675
-59.877186
-57.315745
-56.573779
-51.907233
-43.907989
-39.477896
-27.588001
-43.459980
-33.714354
-47.882279
-37.466326
-46.592629
-42.287139
-41.263535
-29.726141
-33.605120
-20.597915
-34.221416
-8.770601
-18.626973
-11.654512
-15.201522
-11.008224
-14.315106
1.835061
-2.441548
16.555372
-1.564100
1.270402
-5.290259
-11.039031
-14.807923
-19.522998
-20.148165
-10.968461
-28.512693
-17.058054
-21.577569
-28.719489
-25.232892
-31.448869
-16.780144
-17.094481
-12.681259
-3.157913
-5.017231
-10.640719
-2.553146
-22.094517
-1.658589
-16.427176
-8.702450
-11.732728
-20.252340
-20.599227
-13.676749
-27.123834
-10.767702
-30.628413
-12.256045
-25.713078
-20.409546
-14.258783
-8.190987
-3.527873
9.210649
-11.775426
17.880713
11.248815
28.693720
28.905275
20.422052
31.869052
30.507309
19.449995
39.563530
35.471743
47.517115
42.854630
40.419270
44.616796
30.935609
39.074818
32.209221
25.822570
33.057837
29.437131
32.146345
44.937258
26.996961
54.453759
33.254371
27.099532
30.848422
22.662585
7.909593
-6.409972
-17.491745
13.901038
2.422272
22.875505
16.542402
27.656666
36.308693
35.491800
25.148142
29.392756
5.557196
25.727669
8.989216
21.918075
17.705568
16.272462
27.607396
26.189925
11.000902
18.883833
-5.935821
3.876792
-5.908295
-10.391710
-1.002524
-16.861818
-5.701737
3.844851
6.594683
24.623420
17.160573
23.279668
36.521102
19.201035
41.108872
32.123812
46.866110
46.419713
44.224456
49.871372
49.847235
37.374336
54.993266
30.637554
47.256565
29.437896
26.812962
33.655336
34.725655
32.875864
45.042300
36.036742
66.265702
43.053145
46.739621
44.155545
45.723246
52.607022
48.826951
41.842379
59.393248
37.200068
54.327274
40.461498
36.091098
46.415650
26.383488
32.332416
30.919059
23.865098
42.770930
35.702642
45.547765
55.186167
37.284177
59.710221
45.204430
57.631581
49.906731
41.107539
45.478026
50.824538
46.143977
69.369588
44.928885
70.570343
58.011882
61.446826
65.061112
55.741318
53.983844
68.778243
46.438312
68.275462
44.702749
62.361461
58.991642
50.472843
64.292885
63.824007
56.421713
68.721089
57.595220
77.836173
59.468815
62.310855
75.768671
64.572131
74.341222
66.925761
59.337722
80.889047
70.924647
83.962292
96.927218
86.395969
107.227166
94.061323
107.448866
103.671337
96.716614
106.317629
108.644187
98.938938
113.815413
86.002823
99.154206
81.249672
87.919287
94.578403
82.164971
78.312181
86.902943
65.936092
88.235106
66.656755
84.160856
74.201890
75.402695
73.468530
67.475405
64.962786
74.282944
50.950418
65.774643
52.015632
53.990132
64.877127
57.046607
63.085766
60.501008
58.327088
76.863660
71.895371
84.646139
85.241097
71.141842
87.083697
78.036200
96.994901
105.449022
110.750726
122.741930
118.339701
109.968115
117.856213
99.911568
120.442496
95.877707
99.778087
102.179008
102.726904
102.985097
107.305357
100.754479
124.200876
105.548776
131.901511
121.446828
118.588272
119.068436
114.831968
107.507832
123.535616
107.728201
126.507249
109.182167
114.691282
107.088560
90.581133
96.010559
93.539629
84.840138
92.027219
80.056838
94.496267
87.410214
80.124754
97.021869
91.185316
105.187713
100.211307
92.013324
92.489494
79.634077
69.446793
76.597514
64.972250
92.004296
81.572689
98.324940
97.614931
103.997246
105.075922
107.283422
94.862390
112.783470
89.913842
110.130158
93.269333
97.257460
98.470352
91.604006
80.049676
77.021877
56.019313
81.261303
59.272408
69.235672
63.942058
61.823789
68.707630
62.389309
57.003458
71.820975
61.588552
73.684836
67.976987
59.310789
64.312942
48.504858
59.912917
58.552067
56.442846
72.832194
68.905528
60.945193
67.070559
52.049555
74.440469
56.453912
61.225008
53.235669
53.250625
59.008509
62.943196
52.964426
73.981976
53.948037
79.992664
64.043643
73.075642
82.583837
74.272938
71.923499
83.229488
66.330992
81.179400
59.341719
60.422298
48.506863
49.527625
59.922378
54.575302
48.128671
66.192388
50.823940
64.869604
49.258413
42.879218
53.177230
35.304945
43.111000
43.139183
36.176333
57.504304
56.009809
60.829719
80.478907
66.180447
81.917755
64.954679
72.763670
66.051827
53.433495
52.704138
59.112968
48.762902
63.472462
41.580304
55.534910
37.571367
40.018119
40.357916
43.790397
47.060554
58.767724
29.700601
44.650431
28.270171
46.879606
45.858651
44.380800
58.986178
62.252518
49.657135
59.706595
42.983591
59.821264
54.968179
50.312109
45.601230
25.712520
32.902986
34.815415
17.307547
28.740056
18.173033
13.842355
17.364461
0.208482
25.571530
18.853512
28.238054
37.088456
29.593292
33.916020
37.875740
27.855834
45.820843
19.187003
41.602541
24.903664
23.085178
27.449208
27.332033
30.396975
45.609445
24.724392
57.119026
42.280851
53.497786
58.604820
56.481222
60.526190
67.828522
69.442449
84.379625
58.999567
79.104620
71.448390
71.376095
84.035034
68.786414
78.369762
87.251737
77.984991
95.173882
83.301239
88.883045
98.517231
86.175073
101.074604
90.413074
98.791717
99.475485
100.362799
116.124430
122.293861
108.245142
130.011753
103.019195
125.502491
110.593963
108.140660
120.554361
122.998808
122.522704
144.284345
132.277578
159.537235
132.906118
134.103050
122.223966
115.501150
112.708951
108.109624
87.111487
102.936717
81.588651
105.438779
99.589760
105.978392
121.664120
121.206389
129.222286
127.359080
104.593317
111.834907
95.981790
103.724305
114.116514
96.724975
116.750627
115.288578
131.844507
145.307864
143.366928
153.319445
151.102795
137.724387
163.006076
144.897144
157.345610
142.130170
135.069000
134.477712
137.497839
134.477147
146.717038
125.073412
145.933898
124.852609
135.409096
124.741159
113.798666
112.646236
109.521601
93.421229
99.523255
68.862250
77.499786
62.252241
60.767382
66.044212
68.355534
80.441417
83.064521
76.567442
96.084246
80.471097
83.475204
88.222344
79.823940
97.927281
86.219932
94.850771
100.808172
93.455818
101.135252
104.445777
92.411401
102.523541
72.756193
85.902801
75.599993
79.897174
85.832275
87.670168
86.966325
97.448525
75.857475
96.747193
78.719689
94.156124
92.933302
94.259293
95.530809
98.676118
98.344503
108.913506
82.501960
94.495224
81.268687
89.226509
89.769690
85.051463
83.089156
85.286636
82.305051
93.957769
66.535601
66.876504
63.732300
58.067057
72.997785
64.384234
77.580642
84.361992
81.711553
95.200123
85.967196
78.031603
89.384907
70.346726
83.877511
66.791918
66.872663
60.269933
51.738677
41.639470
47.638296
34.535556
56.041609
33.002055
49.264397
48.723694
58.799045
55.912284
55.127800
57.257329
81.788702
64.048881
73.051232
52.519390
58.685215
58.073601
60.159773
61.838609
68.085183
63.460641
73.340128
64.877995
75.973167
73.674077
67.741320
75.279372
68.553647
75.285236
67.351976
59.361231
70.909563
60.685955
54.223815
56.492402
39.420116
58.347316
44.909674
40.980387
37.922225
29.502504
22.954745
31.371250
22.583354
44.802914
29.675463
51.947706
45.160141
56.438636
55.003796
55.828586
42.010838
59.707561
44.850244
55.686051
27.363150
28.694903
24.281632
26.689429
34.254074
38.956101
42.757169
66.771126
62.009925
82.915958
77.717152
76.491528
85.632164
73.440580
79.240294
76.728505
73.737117
84.399498
79.772219
80.245636
78.701241
72.895996
87.261680
75.331311
87.809439
80.161536
78.945546
74.602874
74.882024
67.349854
73.149612
60.494530
77.205286
61.372314
76.348214
76.364986
84.994764
81.917539
90.348613
72.977834
98.475166
82.327828
93.661310
78.248410
84.676414
84.828956
84.604321
72.883290
74.636486
55.280019
68.309598
45.592817
47.664750
54.202887
45.756073
43.312900
36.088328
29.002296
24.699886
11.664965
8.065900
4.566182
-10.163147
-0.982968
-17.212975
-15.588065
-20.530532
-30.668967
-33.382686
-27.974907
-30.965207
-19.128631
-36.332170
-22.594886
-35.313335
-28.685236
-28.722562
-30.809270
-37.742853
-25.721281
-43.371087
-26.828893
-44.477375
-33.043834
-39.135380
-37.032631
-25.818741
-15.790936
-31.594723
-21.723066
-46.579703
-39.922571
-54.213851
-54.544520
-45.419987
-48.491481
-37.638195
-30.224151
-41.009578
-26.029427
-30.549561
-26.895516
-21.926416
-22.462714
-13.385248
-23.177170
-14.045627
-17.044862
-18.865259
-19.353830
-15.440677
-20.874787
-4.713196
-22.200918
-3.600801
-14.980263
-12.152045
-13.886647
-17.839813
-25.408906
-14.115564
-34.779236
-12.408795
-24.035205
-9.551742
-20.451580
-18.704966
-10.048693
-6.345084
-16.489635
-1.629244
-25.750584
-19.943707
-28.275732
-21.757447
-13.034471
-11.630932
-3.070633
3.340759
-4.305608
8.429588
-2.254307
1.897108
7.248934
0.595955
13.352593
3.728765
7.029433
2.715898
1.753536
10.317997
-0.589800
-14.722524
4.781616
-8.939499
5.896679
-8.761599
-8.501149
-3.204735
-8.584044
-15.488085
8.450123
-9.684096
7.194620
-18.833608
-18.243184
-33.094939
-42.837919
-53.699620
-63.590422
-81.283361
-59.573319
-74.774659
-52.977444
-68.082856
-67.600262
-64.393161
-79.133945
-78.758112
-77.201631
-94.906262
-80.481163
-91.889245
-80.059625
-75.192784
-85.120749
-71.707591
-71.461463
-63.579622
-57.086082
-62.035779
-47.626674
-43.636023
-49.791622
-39.562431
-60.141887
-43.009170
-52.807800
-56.996370
-50.781388
-45.567998
-39.468908
-18.748602
-39.165116
-14.792032
-35.331530
-29.109373
-41.623248
-42.401975
-38.866591
-32.220040
-36.032197
-18.997052
-43.328969
-28.427208
-43.416248
-40.931664
-36.154391
-40.301026
-34.017445
-23.756461
-38.516087
-23.776429
-50.417844
-52.380245
-54.393136
-69.673060
-59.257328
-65.945253
-66.696475
-58.391369
-73.735973
-71.609370
-79.429967
-77.934424
-56.734519
-84.923045
-67.337423
-74.543153
-79.278803
-78.736643
-86.249190
-91.121732
-82.448504
-104.680000
-77.233158
-100.309776
-85.931339
-83.099492
-75.370479
-69.967601
-69.528899
-86.032946
-65.524661
-81.347897
-55.477360
-73.847912
-73.179201
-70.301595
-74.476830
-76.282620
-68.573960
-78.864603
-49.166643
-55.769430
-49.044050
-55.054198
-67.017358
-53.582186
-56.287150
-55.979928
-45.182803
-47.322792
-24.380648
-26.626081
-24.368205
-10.457916
-29.181578
-5.763845
-11.453469
-9.052622
13.713884
12.463262
11.316841
8.681252
-22.204387
2.085396
-15.294029
0.991403
-8.401415
-19.602215
-14.324878
-10.963948
-24.978949
-9.173676
-33.885262
-11.319699
-31.255359
-26.233869
-25.444437
-33.133257
-35.093101
-31.147655
-40.595012
-16.730992
-35.980698
-13.340430
-7.732457
-14.188093
-5.549651
-20.766161
-20.907569
-13.726289
-26.644072
-13.406270
-24.321912
-22.301804
-3.250016
-17.511236
0.066533
-13.850678
-16.510788
-10.709271
-17.769433
-12.523227
-3.919493
-17.810026
3.518501
-18.857786
-0.596725
-3.377267
-9.110324
-7.282779
-18.346925
-25.114468
-5.166514
-36.281401
-28.856262
-57.829808
-59.710840
-63.588952
-71.077038
-70.104346
-65.939415
-81.467288
-58.568823
-65.540810
-34.617293
-37.628744
-37.715477
-26.371294
-39.743106
-50.297191
-53.996718
-76.786766
-71.725054
-89.552945
-94.025282
-83.546560
-90.175868
-59.468265
-58.684595
-47.385800
-33.590586
-43.513318
-41.674371
-52.333270
-72.621058
-58.593343
-83.369046
-65.719706
-69.048741
-67.114824
-65.154120
-61.414409
-64.099152
-47.286810
-54.047901
-20.184892
-48.203963
-45.949834
-51.046893
-60.886928
-61.940518
-65.490847
-80.969250
-62.027528
-94.350472
-75.349109
-83.510809
-89.011716
-77.917384
-86.612137
-79.636968
-74.370689
-89.866942
-71.285466
-90.660681
-86.109465
-75.540131
-87.891621
-64.841596
-73.678196
-68.376054
-58.817453
-61.044450
-51.868415
-56.962051
-68.472830
-45.657134
-65.589886
-53.513892
-70.526199
-74.867449
-70.087823
-77.166175
-88.361915
-85.305512
-112.000315
-82.185292
-101.652594
-84.048269
-87.340130
-86.825598
-83.237625
-82.634141
-94.831420
-82.037735
-106.179337
-85.945059
-100.118395
-96.245394
-88.387712
-99.232924
-94.541778
-94.721356
-97.515028
-75.515254
-87.315456
-78.886897
-92.959185
-111.931670
-100.816653
-119.450038
-122.399827
-123.138174
-128.594636
-115.638640
-125.460255
-133.767427
-118.746377
-138.177095
-115.956353
-127.941155
-129.653574
-120.126419
-121.942208
-119.052703
-110.808390
-126.591846
-102.024676
-127.216697
-107.003419
-107.889414
-105.745295
-97.278055
-97.187976
-101.813333
-86.031385
-108.182864
-87.643883
-106.012294
-92.838470
-79.340714
-74.358964
-64.843439
-67.191827
-76.697931
-57.005094
-72.680291
-61.491234
-63.044946
-67.623041
-56.930513
-65.404012
-54.427535
-47.576702
-54.502456
-46.536510
-60.513405
-70.112574
-54.769113
-71.407656
-50.789607
-65.231920
-66.775049
-65.634431
-69.460848
-70.941181
-60.043242
-71.324672
-52.084456
-67.603097
-50.137236
-60.119435
-68.728565
-70.794315
-71.531128
-81.452055
-74.717397
-105.688342
-85.620517
-99.583781
-81.845683
-75.336087
-80.626353
-69.609163
-61.169836
-66.229880
-49.291763
-67.937303
-56.895719
-66.117447
-75.634067
-65.016320
-75.024597
-71.053444
-64.845021
-67.231117
-46.904847
-43.320286
-43.003518
-38.086765
-58.669183
-49.983406
-59.943832
-56.840252
-52.135525
-47.723948
-41.628150
-37.020097
-50.301094
-29.116818
-52.138452
-30.245171
-31.287928
-32.337135
-31.641882
-36.048468
-44.609866
-18.698460
-34.980376
-20.430875
-45.227244
-37.949414
-42.134257
-43.098109
-32.766016
-20.651890
-29.413587
-6.491657
-16.407651
1.025978
-2.090576
-12.091569
-8.683919
-19.599134
-27.551385
-26.166880
-37.104136
-25.230550
-29.158206
-30.849222
-19.529798
-31.537555
-14.925458
-29.463971
-31.401950
-23.615961
-28.460206
-17.026369
-10.582441
-30.554456
-11.502916
-29.088079
-18.564376
-28.684715
-23.925372
-13.271469
-11.280227
-25.953686
-14.499096
-29.868101
-2.541668
-23.192104
-25.312984
-25.358621
-32.456335
-34.062222
-32.939539
-51.601512
-28.425372
-44.809662
-24.228685
-20.506085
-20.971615
-11.167287
-17.626271
-9.110216
5.333600
-10.128132
6.365041
3.483782
1.014754
5.776982
-16.374666
-7.211187
-10.395525
-14.235663
-15.520113
-29.845643
-27.501932
-28.289896
-42.316661
-17.542878
-30.366311
-15.733417
-25.759105
-28.026246
-28.192265
-25.989938
-28.917075
-16.100801
-39.794538
-16.412128
-28.737752
-19.312973
-21.827925
-26.908393
-25.008101
-31.814344
-64.102089
-48.808178
-69.873377
-54.375808
-65.585758
-73.473583
-61.170637
-62.068742
-58.396562
-49.957628
-66.252157
-51.063275
-61.047307
-54.052333
-42.609935
-57.093026
-47.672777
-65.545393
-76.382382
-70.727840
-72.803403
-58.385756
-41.080978
-45.761824
-26.608124
-49.326141
-37.167528
-38.179456
-48.459454
-51.046670
-59.580148
-67.967288
-55.735021
-91.225103
-72.614658
-85.826807
-73.311861
-71.438334
-71.993463
-64.527297
-55.145385
-67.940995
-47.846896
-75.029152
-57.245448
-63.900490
-69.697962
-67.548273
-62.992636
-55.625175
-34.693454
-42.440473
-22.070158
-31.481452
-24.490987
-18.748499
-35.787534
-28.080598
-42.726327
-46.100325
-43.706612
-55.009748
-48.046796
-44.909729
-57.308947
-35.726221
-59.919135
-51.734432
-53.783094
-60.571323
-56.723259
-57.345890
-65.181249
-47.387324
-69.607138
-48.356710
-63.123786
-44.971658
-42.522459
-49.253597
-54.282448
-49.043706
-72.778066
-59.315110
-80.321008
-58.630000
-59.216126
-61.250248
-62.191809
-66.005663
-65.965994
-60.527661
-81.563664
-65.418472
-78.802576
-74.350254
-70.648297
-82.363084
-73.935228
-83.683779
-87.397261
-74.640033
-89.284218
-83.929691
-82.364481
-87.583164
-71.632728
-87.835733
-75.372017
-79.106624
-84.542513
-80.142154
-80.933166
-79.773805
-68.546784
-90.201065
-61.097611
-77.047687
-63.671170
-64.388981
-61.556169
-55.916294
-58.279596
-83.390524
-67.776127
-87.633466
-64.470008
-71.900622
-62.041894
-55.486924
-65.455400
-56.685282
-40.477058
-58.641752
-40.695710
-51.022165
-32.643089
-24.180608
-34.117782
-22.416704
-26.128088
-37.161853
-24.008309
-31.416740
-21.250034
-16.988474
-25.218524
-9.120966
-28.292313
-17.509114
-24.633289
-27.745318
-21.991963
-30.825742
-34.186551
-19.922074
-38.379069
-22.291586
-40.467076
-34.340068
-36.211666
-38.959382
-43.341490
-55.845765
-79.140499
-59.218948
-83.877263
-64.729877
-80.286923
-86.915324
-84.959012
-82.006028
-86.488273
-77.749495
-88.841082
-71.254815
-95.107531
-91.350794
-94.942365
-103.840923
-100.381223
-110.544222
-114.407375
-110.904549
-125.361806
-107.853084
-107.689114
-101.068386
-86.926764
-102.612405
-97.585667
-105.787028
-105.553349
-99.518912
-94.743530
-104.845871
-105.032281
-127.523838
-105.047911
-118.739864
-96.541317
-99.388446
-97.111844
-85.246815
-77.907154
-81.607386
-59.646517
-77.053607
-57.513298
-68.695170
-59.829717
-61.663187
-69.630007
-76.012289
-66.307682
-85.013029
-78.312173
-99.700812
-91.482342
-86.265178
-82.034496
-68.897419
-65.192241
-58.820104
-50.969365
-60.989689
-57.257041
-68.999476
-64.994125
-53.738956
-62.558192
-47.907648
-47.942646
-34.684945
-20.712740
-13.846757
-9.740133
3.749317
-6.107567
7.338178
-19.391437
-10.323953
-14.777975
-11.963157
-14.784441
-13.170267
-19.012860
-7.809654
-28.990756
-7.989998
-19.888679
-11.682796
-11.295558
-27.989397
-39.710179
-31.535324
-42.127443
-19.101440
-33.189926
-13.827313
-15.752923
-20.524220
-24.922375
-22.767116
-26.901941
-23.245017
-32.474438
-18.088085
-34.702718
-35.123212
-25.191019
-30.106175
-20.129608
-29.881057
-20.467533
-14.387289
-21.310127
-16.890667
-14.629357
-24.699540
-14.921025
-30.684346
-12.932255
-25.543349
-37.693493
-46.008905
-42.875470
-51.271214
-34.165307
-47.510284
-29.885858
-42.021695
-27.097717
-33.004308
-32.683290
-44.131107
-45.376263
-58.141233
-44.998494
-65.192654
-54.301731
-78.797021
-89.689255
-84.492880
-78.457169
-71.559137
-66.895275
-81.675745
-78.907794
-83.533643
-68.132152
-66.293937
-76.535706
-78.600433
-91.997066
-91.259961
-90.701374
-99.741801
-102.192043
-106.173007
-107.610226
-90.070060
-100.033509
-86.538809
-95.994160
-91.063514
-84.633983
-83.455372
-92.653646
-87.364489
-105.418554
-91.123452
-112.992865
-102.239263
-103.549118
-90.892898
-84.407096
-74.610373
-77.953811
-54.400901
-68.903912
-55.303894
-71.506518
-74.325937
-83.882420
-84.122416
-88.830852
-81.033155
-89.348085
-80.527444
-87.910007
-81.520144
-80.264169
-84.561024
-71.536206
-68.915963
-74.175582
-76.663564
-86.197094
-83.267521
-84.684905
-92.628402
-74.301645
-86.188276
-74.677777
-81.373406
-71.927226
-66.246884
-65.306558
-68.053815
-54.795028
-74.327688
-55.296228
-66.944550
-53.748593
-57.166557
-50.665678
-52.974020
-49.136129
-69.647588
-61.034923
-81.553661
-65.066970
-81.854378
-81.783838
-83.252840
-82.857430
-79.691053
-63.991187
-76.593267
-64.080325
-72.480051
-66.591360
-66.585849
-77.445713
-68.083018
-63.929487
-56.157663
-44.532743
-56.544427
-50.966724
-44.048462
-52.621741
-38.110665
-46.009530
-33.680895
-43.207562
-51.759899
-54.953514
-63.293840
-74.142426
-73.824927
-89.467444
-64.066162
-77.675961
-70.188951
-71.151765
-69.685615
-69.462902
-62.435937
-74.703388
-45.903909
-71.915213
-60.346959
-66.808558
-59.479216
-54.933168
-55.896552
-57.782629
-42.092443
-55.577436
-39.548210
-54.539914
-53.336741
-57.383578
-64.890449
-56.146761
-61.985321
-70.429427
-64.821030
-79.882466
-67.456403
-70.012827
-76.097352
-51.794112
-62.087083
-55.205066
-57.470938
-65.081671
-56.299262
-55.181345
-70.358212
-63.353532
-85.165959
-60.934586
-68.578904
-56.076028
-52.224511
-55.659398
-49.990324
-33.953997
-43.957163
-22.986849
-48.510305
-34.249883
-41.784825
-44.313426
-47.213378
-54.551895
-64.456509
-53.947412
-80.600720
-57.684970
-64.636886
-48.868889
-39.826223
-43.409716
-26.399274
-17.907303
-20.751514
-9.804449
-28.585456
-20.435935
-22.748957
-33.177113
-17.020168
-37.086318
-26.209319
-21.432692
-29.645789
-17.836550
-16.138659
-16.855848
0.334004
-7.135864
16.393949
-3.913655
-1.520060
5.645589
16.865354
18.805965
22.348499
-1.873229
13.061898
-9.016053
14.796742
7.983180
7.864786
13.073942
8.955764
-3.486579
2.848108
-21.402018
3.281668
-10.177915
-1.754261
-0.467528
1.654465
12.280748
6.202626
-3.461560
9.288077
-4.967138
6.779720
-2.503063
-8.982463
14.043618
8.688776
23.640681
30.255644
27.749452
40.863709
32.935434
31.978377
43.243773
23.549596
34.478287
18.637240
28.705486
31.739615
32.176526
31.908222
28.924748
18.620635
43.216637
26.177107
56.441873
46.204400
50.340252
54.770243
48.423935
46.027854
59.133851
41.118979
69.254632
47.035824
52.496478
51.284569
43.285229
52.126913
47.422995
38.373982
50.184917
27.093863
42.855691
33.572969
24.489386
33.126539
18.506909
24.760084
22.160026
14.061257
29.042650
10.638620
5.866571
7.002468
-18.186272
4.906931
-5.267024
8.158052
5.628682
-5.884416
10.988188
13.530552
-3.043901
13.594735
-8.793141
7.242984
-7.821858
-5.007416
-9.732695
-14.924652
-21.178178
-12.794792
-26.003835
0.303437
-25.221429
-11.776955
-15.155130
-14.915854
-0.571033
4.391488
2.575425
16.827702
2.987310
25.910654
10.683436
3.233073
8.971927
-1.687645
7.126154
-0.406358
-11.253665
0.886347
-11.584179
-12.211559
-7.963874
-17.427630
2.053724
-19.920110
-4.709986
-6.169937
-12.596712
-4.226179
-0.710601
-8.223582
7.564653
-22.736562
-9.904456
-29.635317
-26.182115
-20.030532
-22.236599
-22.563593
-11.320402
-20.636253
5.570400
-18.140019
-1.553869
-13.834606
-15.231373
-8.880786
-10.990269
-22.916961
-13.813570
-34.849368
-27.995960
-55.992798
-57.346637
-54.618565
-61.504858
-45.803972
-36.530743
-35.881303
-20.697895
-34.051656
-29.667378
-27.596644
-42.149219
-21.050177
-38.195927
-23.368753
-23.879839
-29.010010
-23.195658
-28.030002
-29.381780
-10.336083
-26.340167
1.083953
-11.117557
3.331976
-2.307651
-12.589279
-15.180457
-15.960242
-30.724326
-14.449774
-39.465572
-17.989424
-21.554215
-17.520970
-17.541163
-15.968870
-11.964343
2.845047
-13.100459
1.657564
-21.194897
-15.189946
-13.048484
-13.450602
-7.831022
-8.925169
-1.920479
22.217688
10.969198
30.367038
34.913749
30.201008
38.182420
12.659069
17.155739
5.360784
-1.006995
3.040656
-6.157094
-15.462962
-10.587582
-32.741632
-9.917594
-25.607338
-10.823683
-6.698684
-7.837921
-9.246611
-9.598887
-28.328929
-7.417898
-32.340946
-6.845281
-14.391721
-3.874624
0.419980
-1.730069
-3.207281
16.253662
7.628893
36.474022
28.153249
44.357599
46.536160
39.877664
48.163652
43.198809
39.890671
48.320902
32.353355
46.241161
39.306568
27.348795
33.329485
9.515183
19.437101
15.971531
9.641177
16.854427
3.706413
-1.422466
5.936383
-10.217702
10.631413
-3.819901
8.654998
10.798540
12.201213
23.311482
32.994776
25.444528
46.317410
25.472682
41.242139
22.639982
30.895083
29.750012
18.618378
15.710955
23.668496
6.724596
28.687713
16.699129
38.954222
40.885159
34.767378
36.340919
27.133620
17.459659
20.316005
5.003508
21.420123
15.650064
17.048541
29.340304
14.957688
25.072841
15.760332
5.715255
9.948337
3.708484
7.998428
9.223268
-15.490723
-3.527678
-23.156658
-8.466810
1.936476
7.034371
7.336688
7.723074
6.653832
27.868146
7.861786
29.267292
22.739377
30.346977
35.767742
36.077695
34.525254
43.224687
25.559812
46.630149
19.992489
20.056533
10.397488
2.883224
6.197483
-0.892235
-7.789036
-1.912799
-23.512917
-9.926692
-19.862576
-28.881779
-22.228425
-38.349872
-28.904599
-28.476026
-34.170206
-24.247203
-31.277992
-39.813879
-42.451771
-67.890461
-65.380859
-81.841866
-75.259242
-73.365106
-78.653124
-72.737036
-66.513452
-71.407479
-52.090562
-83.435986
-67.866463
-80.693047
-76.993918
-73.831205
-77.504387
-86.597279
-73.662371
-92.659125
-74.256065
-95.841675
-84.687163
-98.374103
-112.531213
-111.034355
-113.098919
-128.585954
-110.775831
-120.756845
-105.637090
-111.269253
-110.678001
-104.047356
-114.120281
-110.074669
-110.033184
-116.922300
-111.576191
-123.744604
-115.911545
-108.778349
-117.901848
-89.375883
-99.598405
-93.862834
-93.708438
-97.706302
-98.316888
-98.916466
-114.747343
-98.554694
-121.994874
-109.388470
-121.063319
-114.622372
-112.300668
-111.752018
-112.062070
-98.460782
-110.143628
-80.818126
-106.453547
-101.229496
-110.507199
-123.933126
-131.322225
-133.248250
-148.454792
-138.167030
-160.239296
-136.707634
-145.624648
-151.084253
-145.257636
-165.014949
-163.839215
-169.248013
-183.368195
-167.780723
-175.192950
-169.794938
-163.721212
-179.776857
-165.940978
-183.906835
-173.617156
-166.748071
-173.308989
-164.377191
-166.000262
-172.856748
-149.847228
-165.624487
-144.613416
-153.133098
-149.897858
-143.744052
-143.038730
-150.877528
-135.314909
-153.580456
-135.864105
-165.879758
-154.023714
-160.447400
-157.984752
-156.097359
-153.341746
-157.108723
-135.825851
-153.786968
-132.400666
-131.887278
-117.541548
-104.751828
-107.098742
-102.624740
-102.192471
-113.894799
-102.596662
-121.131119
-118.257572
-110.773256
-124.949617
-112.663040
-128.607997
-119.227711
-109.473179
-113.127800
-103.815184
-99.278050
-107.828204
-96.898042
-124.881838
-105.657332
-124.875197
-123.380870
-125.437616
-127.990224
-120.967887
-118.922736
-146.186355
-133.000314
-158.873585
-138.957026
-143.175857
-150.041948
-152.585545
-150.565808
-161.734459
-147.591191
-174.204395
-153.060311
-156.750818
-155.205278
-151.880218
-159.060059
-160.700951
-156.751260
-162.585058
-151.752424
-170.360972
-158.462993
-147.817823
-149.783171
-132.339320
-149.249290
-144.603838
-141.656921
-150.244180
-148.296763
-157.348554
-168.983704
-159.596639
-186.978332
-170.981495
-180.256194
-172.853467
-170.392064
-176.704144
-180.207870
-170.243272
-185.626781
-166.594079
-187.725230
-170.171348
-176.906236
-172.820944
-162.879874
-158.756520
-164.753710
-149.609957
-170.157120
-145.819793
-158.335817
-148.268999
-145.159131
-153.250885
-157.623140
-164.217639
-170.787656
-155.102955
-166.943808
-159.710130
-166.006091
-177.570431
-173.283151
-182.366684
-177.397173
-171.161114
-172.455159
-162.116802
-160.224120
-168.163294
-152.692450
-161.287581
-146.035702
-153.135338
-146.865129
-140.378976
-136.097781
-136.725996
-127.282729
-137.849988
-116.546111
-141.859063
-122.222458
-123.800402
-116.507281
-114.100139
-108.635561
-114.275887
-98.762106
-110.937970
-87.555629
-101.852748
-88.029784
-99.879079
-103.718891
-97.958520
-91.545418
-98.312978
-83.762969
-97.798586
-84.169699
-88.100331
-93.486401
-89.277974
-103.002747
-98.242753
-96.775718
-103.420798
-96.572694
-97.553734
-98.743777
-88.444794
-93.872639
-78.668676
-99.498356
-97.644811
-103.809755
-101.354470
-104.905824
-109.471694
-126.171976
-106.744612
-119.851990
-102.765034
-107.021851
-96.189800
-94.332206
-86.116289
-89.071031
-82.262517
-108.404532
-98.078638
-113.845923
-98.469848
-100.502827
-97.763383
-98.987737
-101.059805
-103.598721
-90.427223
-108.212926
-83.669809
-77.536056
-69.934964
-67.576873
-66.658569
-58.866935
-58.486108
-60.558879
-52.303480
-53.116539
-57.438930
-43.908307
-49.313261
-34.627578
-45.967460
-33.616265
-32.409495
-24.215563
-24.043981
-14.195997
-11.928693
10.355710
-6.753513
4.403827
-16.255663
-9.337839
-6.315375
4.477228
7.954147
23.820906
9.504948
29.025901
16.880788
31.857553
21.993923
21.545377
23.462796
30.368296
28.105760
38.815516
24.491490
30.445334
16.385633
17.924228
22.622118
14.284275
18.012142
17.741992
11.491881
21.618892
13.152484
14.554210
24.587377
21.619856
35.663564
28.580405
39.733261
32.757032
30.376931
25.928632
36.723778
27.320097
42.464018
40.278940
56.962847
51.059058
63.059340
56.284194
57.011938
50.178596
55.293676
47.710560
75.175425
59.355920
67.235624
64.618708
68.817926
65.979306
75.259145
69.862117
75.843047
54.801610
68.137936
60.228953
63.947089
65.626047
64.833585
63.549076
54.453583
35.438429
35.397959
13.022679
7.021872
11.773075
14.931205
27.797557
16.713803
20.190805
20.420754
12.009207
8.838839
13.748567
2.797762
12.410188
-11.223817
-1.984491
-2.468600
10.470171
10.229245
16.717831
7.916063
21.653253
3.511734
20.891845
-2.633451
1.769689
-9.372355
-10.654225
-11.721627
-13.015663
-30.485044
-8.437357
-29.213008
-16.590741
-21.178995
-24.318493
-23.585912
-25.192448
-20.759519
-14.106769
-23.218871
-3.382571
-11.058150
2.335390
9.110495
-0.597979
8.728881
-1.432506
1.095564
9.633529
17.221239
26.251926
27.287369
10.844289
28.979558
3.769083
18.310465
19.008329
21.603759
31.034409
29.897536
22.742600
40.150826
22.782247
47.661013
27.073208
33.366505
31.659585
27.427463
19.952927
20.082166
2.215846
24.049519
-0.806355
12.332884
2.976311
5.445614
12.556175
2.507870
-10.431948
-3.620039
-22.236165
-8.833627
-26.017608
-14.750034
-11.069776
-23.851755
-8.512831
-25.607520
-22.490630
-17.132376
-19.604441
-8.042410
4.387928
-1.451401
23.969510
10.264864
18.271098
10.388180
2.697286
3.786653
1.795218
-4.437914
3.785414
-19.972758
8.231500
-15.857427
2.665095
-0.129864
-6.052805
3.072276
-5.979090
-20.428972
-0.332435
-23.741569
-1.829790
-19.574095
-16.941350
-6.041888
-6.033234
-5.159036
-2.835404
-24.560242
-7.105841
-26.849334
-24.002480
-17.766748
-22.475607
-14.510816
-19.298880
-20.312643
-16.625522
-28.593017
-22.398998
-30.232025
-40.589805
-32.978420
-49.772959
-30.078506
-39.881194
-44.500147
-45.090630
-45.557726
-44.413578
-41.488168
-63.468465
-38.535344
-57.012059
-41.255513
-41.840707
-40.668777
-35.370924
-37.411928
-53.107133
-43.269993
-67.702950
-44.516754
-62.633034
-53.321620
-53.853093
-62.601579
-64.864224
-60.862105
-66.671941
-46.541691
-66.374196
-62.859878
-62.007103
-68.797329
-58.272696
-63.249944
-62.009616
-47.977861
-67.190751
-53.933972
-57.238088
-57.828688
-45.663046
-61.749059
-44.663856
-47.764310
-44.498543
-40.872799
-47.895579
-39.628175
-22.555463
-36.810803
-12.012465
-34.797811
-19.962595
-23.689061
-27.672053
-31.551216
-28.997304
-38.542992
-23.136344
-44.602827
-25.257759
-37.216169
-24.164756
-26.619314
-33.074975
-25.140321
-18.627703
-22.195034
-1.139414
-20.349137
-6.289410
-12.787759
-18.308247
-10.087763
-19.157958
-9.587287
-8.475432
-22.935703
-6.476985
-21.266384
-22.183932
-5.052354
-21.933296
-12.164170
-34.138420
-29.858600
-22.718908
-30.935275
-30.465216
-32.374522
-47.800942
-29.171455
-59.559862
-49.028109
-57.559492
-55.998533
-45.321889
-42.101532
-41.684056
-21.822734
-46.683344
-29.511434
-48.832028
-32.720357
-30.187152
-27.802294
-22.401676
-23.859774
-36.520945
-19.212319
-45.289744
-31.801763
-41.610808
-36.444192
-25.559184
-36.107084
-33.738114
-35.417013
-47.259844
-31.118947
-45.351777
-41.587307
-35.093588
-47.867082
-28.920118
-44.818098
-36.849474
-25.509397
-39.596654
-31.537641
-28.786446
-44.653587
-22.557662
-45.760991
-29.589860
-46.551117
-42.756057
-39.000322
-45.450800
-56.267156
-39.640176
-55.203825
-30.233765
-55.530043
-51.920049
-59.949712
-62.287043
-67.671510
-74.484415
-87.135173
-73.775456
-91.273941
-67.556310
-78.548915
-75.134477
-66.773430
-69.340722
-63.934068
-60.960288
-67.646368
-56.496509
-66.787420
-64.803163
-64.226607
-75.309873
-69.559438
-75.437340
-62.951570
-62.489433
-70.170003
-66.992781
-70.843210
-82.017123
-63.084180
-78.795751
-63.709162
-81.157581
-81.623860
-85.292015
-95.943222
-98.788412
-93.892614
-126.359586
-100.598678
-113.885567
-94.431095
-94.576987
-98.238590
-91.343436
-90.620559
-116.068624
-101.151666
-110.951464
-92.786734
-103.657154
-101.924132
-98.143056
-101.755454
-96.528166
-90.168564
-112.526214
-94.269221
-103.594354
-97.210981
-90.109115
-95.500393
-70.063768
-74.388351
-69.879706
-57.501720
-62.431680
-57.789392
-57.711222
-70.555387
-59.977698
-79.703654
-63.962382
-69.157519
-63.062650
-54.689892
-52.339148
-52.484849
-41.713984
-61.838884
-34.328334
-57.623555
-52.326943
-51.789974
-51.540608
-46.843725
-42.328792
-60.557662
-42.314221
-61.848226
-37.171513
-48.761958
-45.552880
-35.832677
-38.871956
-42.734166
-28.624925
-49.380409
-38.776223
-55.529532
-47.653799
-42.691482
-49.402006
-27.361900
-33.919646
-38.979538
-24.555442
-29.070334
-29.308629
-26.135826
-23.359217
0.847090
-20.823317
-5.284054
-8.746730
-12.536310
-12.144154
-21.340258
-31.288117
-17.544341
-40.171080
-13.829333
-32.406187
-24.790748
-26.950424
-37.661397
-35.590752
-31.101709
-49.157466
-27.430024
-44.450457
-14.995385
-23.648261
-26.126093
-22.853470
-27.646275
-28.155573
-18.905817
-33.646645
-16.041402
-31.133101
-23.123625
-23.999321
-27.659720
-13.905494
-23.985372
-26.373903
-23.471287
