-56.455358
-79.791429
-83.758840
-89.003952
-101.147598
-112.577681
-114.555301
-127.058437
-140.882062
-141.950733
-153.092294
-144.123944
-135.194214
-128.623721
-116.266925
-120.354916
-118.711244
-118.966221
-120.079570
-126.700853
-117.417306
-114.989725
-102.351983
-110.455698
-97.311606
-101.753921
-95.252717
-105.322443
-101.267581
-103.538087
-84.326463
-87.143211
-71.043871
-86.914807
-76.921525
-98.884497
-95.805441
-104.619738
-106.710048
-118.540812
-113.585595
-129.365819
-118.951850
-124.163207
-110.246273
-106.367418
-97.368475
-96.694137
-97.910011
-112.621396
-110.967230
-129.155779
-128.848524
-129.964739
-140.740055
-136.517277
-141.925716
-135.874838
-139.638243
-137.741889
-128.693160
-129.705965
-133.218751
-128.629560
-135.209293
-123.712329
-135.123067
-123.228826
-128.194546
-127.907977
-130.500798
-114.500265
-127.790727
-109.762473
-119.229955
-107.340841
-122.734412
-120.121907
-123.104701
-114.162310
-121.017169
-111.066053
-119.769508
-99.367492
-105.800340
-88.076382
-86.545889
-77.368172
-73.330451
-73.039893
-79.903138
-73.356616
-84.980819
-79.289241
-83.303502
-71.946267
-59.604113
-55.381026
-41.332291
-37.551548
-36.962450
-25.998262
-33.683982
-40.904151
-33.754758
-44.330842
-37.786575
-47.566418
-35.301153
-46.655471
-50.804989
-57.486326
-52.081251
-61.961191
-48.621360
-66.772661
-50.620948
-54.513006
-47.582608
-53.986104
-54.102213
-64.260606
-47.508973
-52.320498
-38.049082
-54.445635
-46.507965
-57.215595
-53.980854
-51.503995
-45.455945
-54.674267
-51.980269
-66.342841
-58.767033
-64.600999
-62.282538
-64.336832
-69.087941
-68.985265
-65.688152
-63.111697
-59.306437
-56.180553
-59.438776
-49.766753
-56.603316
-48.539017
-52.662674
-36.808889
-33.156996
-29.183394
-33.843504
-24.174883
-22.220661
-6.520067
-21.500922
3.474376
-0.304721
6.668495
-8.312141
-11.007018
-18.993606
-9.655239
-28.709913
-16.690424
-25.463582
-9.992481
-12.711448
-1.628294
-4.764186
1.246837
-7.442283
-0.640456
-8.300672
6.854063
-1.996516
-2.478134
1.357073
-2.739819
5.841206
21.965938
25.091268
30.063971
26.786707
25.508909
24.399949
12.106544
11.945900
-4.286881
-1.052806
-10.703630
-9.161813
-9.503995
1.439422
-4.626802
8.011567
-1.518633
9.609499
-4.306180
-0.259885
-3.421885
4.877638
-6.635316
-2.726521
-19.757807
-8.439188
-25.633793
-18.368955
-25.364816
-13.287574
-17.011074
-9.118764
-9.884228
2.045776
-8.487642
1.099047
-10.659220
-11.068700
-10.912603
-2.511912
-3.051208
0.144372
-0.368675
7.093342
0.170244
-0.120502
7.022673
-1.510200
4.640094
5.399679
21.824265
18.314341
27.567387
32.345654
38.505577
31.325880
35.773268
20.717129
30.548203
16.449984
19.882108
11.930369
12.123860
1.970330
2.098636
-7.311637
5.006969
-2.428158
19.446103
7.277056
8.195103
5.026523
16.084660
14.315918
24.351455
18.972579
28.968581
20.328876
30.576677
25.490687
21.813712
20.158416
19.301994
17.812207
22.106123
11.644616
18.978974
16.515613
16.419276
28.480667
22.503736
30.555241
32.869073
33.230134
21.713016
18.303840
17.371549
32.781957
27.333295
39.721375
22.512294
28.406943
16.319417
18.543253
9.040992
23.470119
12.692608
30.127911
9.630264
18.005544
9.116629
28.393875
35.122598
42.243185
32.792573
43.696399
27.147839
42.013769
39.809958
43.404981
40.789029
45.499633
42.495976
41.388590
40.634916
46.298863
46.537666
53.889418
35.758784
32.107825
41.263003
36.337068
32.832271
28.375391
25.422591
31.364754
36.413993
27.106369
31.335803
16.586332
29.444143
23.587834
32.959517
25.427827
28.841027
16.087277
12.269269
-3.113124
8.217718
-4.782241
8.770280
-9.789849
-2.958786
-14.985030
-14.042394
-16.195080
-4.983466
-15.077724
2.805573
-8.522920
-2.796535
-18.417082
-22.867439
-25.498766
-24.876466
-32.504102
-31.300844
-40.255382
-34.374802
-42.871068
-45.753755
-39.218291
-35.789545
-30.407343
-33.336522
-37.726133
-44.665739
-48.971177
-43.240350
-35.180598
-44.262109
-40.119285
-54.067517
-44.998264
-53.987072
-51.479395
-55.523871
-51.237649
-58.353851
-44.170549
-58.863604
-41.482762
-50.523137
-40.428055
-46.126379
-43.017169
-46.860167
-34.338957
-52.801637
-42.754352
-54.258466
-38.760300
-42.431221
-38.457512
-48.697653
-49.724187
-52.967970
-47.289051
-51.470053
-43.011863
-49.327236
-46.698720
-49.800518
-62.177944
-58.980104
-52.038627
-45.009668
-38.893546
-42.749814
-39.384967
-41.330604
-46.669695
-40.169072
-52.804701
-40.418636
-43.739407
-27.516858
-26.800761
-25.552420
-36.799665
-27.391666
-44.818347
-29.276375
-37.707928
-30.639836
-33.165132
-28.135526
-28.470353
-18.458660
-31.778693
-22.133053
-36.694845
-26.846633
-38.416337
-33.031394
-32.732879
-27.984767
-36.214114
-22.764058
-29.832366
-22.522066
-32.916974
-34.391968
-40.176898
-37.950107
-29.894623
-29.386583
-36.995469
-35.278573
-44.690796
-49.827424
-60.175987
-68.770103
-58.570623
-70.260327
-64.137613
-66.977775
-66.966500
-83.983917
-82.684870
-95.531732
-86.898895
-92.674075
-73.142813
-84.453505
-70.822851
-73.832499
-63.855115
-65.851961
-51.778863
-49.958442
-38.169228
-54.068370
-45.750958
-55.663987
-51.391673
-56.079781
-48.955349
-49.734834
-37.944656
-49.307216
-40.630593
-45.809041
-34.879801
-36.320326
-34.438390
-35.772963
-32.806607
-31.573374
-25.479881
-34.129665
-32.308471
-33.272460
-36.371831
-26.109397
-34.673520
-19.533585
-18.581816
-14.491530
-14.343830
-3.465300
-5.861254
-1.416200
-8.910055
10.228395
2.824534
13.644995
7.237504
17.526469
12.100083
26.360756
22.531129
38.691354
28.903605
47.271174
40.072175
47.394551
45.944359
55.709041
54.458192
60.777602
47.602367
61.242859
56.445325
65.315636
52.033430
53.577574
48.651435
53.195816
58.442105
68.874860
66.627692
79.349940
80.505096
83.559431
83.507943
80.130307
87.955778
77.192730
78.263052
74.729760
70.268511
61.772427
61.042749
51.680431
57.882071
36.308770
43.545417
24.593058
16.268156
5.787242
13.255104
6.389438
16.969916
-3.082710
12.666672
1.537478
14.172353
18.458013
29.129272
33.626790
38.817720
31.325199
43.741864
22.598596
20.750196
13.677138
16.783619
22.416084
19.025604
18.267383
27.779574
25.866312
39.648963
27.486211
17.683608
11.242831
3.598604
10.175413
7.921165
15.679127
12.663358
11.391088
7.727442
10.427563
-1.776413
5.353628
-10.389678
-2.059608
-17.306355
-12.039674
-14.428363
-5.770065
-12.576709
-1.675615
-21.772351
-16.719019
-41.010877
-40.520480
-48.419650
-38.153242
-41.104849
-36.573766
-44.559276
-29.171131
-32.997113
-12.816209
-25.696848
-17.735884
-23.539406
-30.947371
-31.801580
-26.931428
-30.712706
-24.757727
-24.261562
-12.682750
-7.480993
-4.549573
1.000601
-3.450194
3.924960
2.344668
7.556996
16.222714
22.842289
21.375034
24.795128
16.336462
28.577736
25.542104
39.484787
38.497534
50.074745
45.383992
61.130689
48.401913
53.321489
35.066439
46.688758
28.910564
36.189516
33.653682
34.080371
23.768137
42.819478
33.345182
49.263658
29.846963
35.659210
38.581934
43.663162
44.081587
37.722922
26.504034
32.570676
22.704027
38.437682
40.588477
49.587165
62.741438
58.446243
58.653208
53.017663
50.629089
59.009404
63.509438
61.446959
63.861030
50.033000
63.080878
51.918047
62.368695
63.855557
73.285864
77.453392
85.885467
76.972950
95.375075
87.930998
100.813595
83.055284
90.245532
74.904010
72.366409
65.425699
70.241913
52.713623
71.420011
61.543684
77.034021
75.809865
78.856384
78.797343
80.267670
75.821604
87.820389
82.459950
100.343604
92.399319
89.107885
82.250402
76.742383
81.150748
71.259305
65.268676
72.185972
64.653709
62.665341
63.414204
52.742598
70.557551
65.578914
75.570066
67.197437
57.631819
58.561209
62.740696
54.225835
63.490824
41.873215
56.734689
41.914900
54.876605
52.416175
56.511877
47.410061
55.817035
47.359915
59.794461
32.782612
42.446016
30.114397
32.226806
32.853346
35.409793
33.606491
41.465378
36.442783
54.426371
47.442694
51.479355
54.309336
57.468159
62.450818
60.683222
56.444750
58.355066
53.344294
47.610712
44.199390
28.923361
39.165786
31.986379
43.927351
35.936417
27.864591
26.783496
30.290808
23.394057
32.955580
13.709996
24.426801
3.968727
16.741939
6.999797
11.431022
11.578230
19.346981
11.696560
28.444316
16.064126
26.068093
8.677291
15.785233
14.165167
7.508144
-2.854358
10.483966
2.139233
21.132713
22.825677
28.505491
30.685987
31.706288
37.739942
35.325904
29.594888
34.085952
28.966449
42.334264
34.920988
30.337642
36.143547
22.276392
35.983965
33.491491
31.297431
29.584805
29.933105
22.678887
32.481057
20.487771
44.408462
28.362736
40.530878
41.372314
43.359073
37.042962
47.792128
45.006727
55.888417
46.821759
63.934892
48.039523
55.272894
57.090734
64.874716
64.994769
72.066231
52.339397
63.622600
47.922160
46.529339
40.228683
46.455815
54.672769
52.890359
55.169719
63.766272
51.442801
53.747697
51.642248
48.977737
54.308913
47.916161
60.188699
63.265777
62.295266
64.277033
63.515875
62.711734
72.545439
54.174699
71.771118
50.667376
57.679818
56.059315
48.043534
37.920649
42.863161
31.860800
49.519300
30.608067
45.705697
33.727932
42.455609
46.095031
50.216991
47.252457
57.729412
36.840387
44.219881
32.750274
41.901817
40.588234
44.620432
51.074836
55.335998
56.553848
64.087924
47.456317
54.338885
51.010821
52.269911
60.748328
49.861971
63.389902
55.344141
47.341080
49.217093
45.757883
49.142559
59.262347
49.134879
67.693476
59.829904
75.202926
75.231811
74.390738
78.897885
80.963506
57.428155
68.327329
41.107419
55.503307
30.795681
34.980426
30.830697
33.801906
33.855684
47.512714
38.112580
63.361309
59.633855
79.259254
71.175395
65.888710
57.741157
46.183631
40.287370
41.193911
27.551782
32.807444
26.043328
23.328314
18.125091
19.335850
32.121346
35.555269
50.806116
58.588993
52.999725
50.673503
48.063028
28.478119
29.685512
4.909592
16.110156
17.760001
25.070035
26.402036
24.594208
12.450786
25.424638
2.846474
18.304350
8.013435
9.121831
-3.372796
-8.194402
-21.130617
-9.722769
-18.588348
-2.226246
-13.414942
4.404393
-5.630571
-5.561363
2.021966
2.872990
-2.150771
7.626367
-3.891913
8.031885
-2.544972
6.662007
5.613142
-0.453946
2.721287
-3.135625
-4.067799
0.652122
-1.330121
1.832309
8.105283
7.455283
25.208901
15.864230
24.933990
13.406155
17.485418
19.445039
22.831891
17.335365
28.123561
7.406255
17.940624
6.772957
20.262085
17.431336
24.025146
21.187226
31.892853
15.024938
26.422201
10.500334
20.619881
5.840739
1.527274
-4.536416
-2.680342
-4.194214
9.892457
-6.263305
6.160051
5.784949
20.259780
19.218598
8.394893
7.313996
1.921302
8.932455
8.551508
-5.469411
-2.086651
-9.000979
-25.364073
-26.381477
-42.640129
-38.319665
-47.235581
-37.972935
-28.966370
-23.570701
-27.248517
-19.415502
-29.232243
-10.451779
-25.300482
-9.263985
-21.337238
-20.918030
-25.575507
-26.189967
-41.455178
-27.184132
-33.979582
-12.781981
-14.458044
-5.157890
-1.921878
3.154114
2.961558
14.653809
-0.753647
8.322676
-9.490703
-7.524942
-2.436036
-0.540168
0.999986
-6.391799
-6.378530
0.883581
-4.969991
-5.026454
-6.207230
-7.126206
2.607250
-7.273627
-9.455512
-22.047911
-22.948984
-22.088972
-25.188149
-28.643914
-24.721962
-35.026144
-17.425259
-29.364369
-10.232507
-9.317212
-2.419913
2.992507
4.520805
-20.862043
-5.509331
-15.415201
-2.264083
-23.362200
-16.798468
-20.564315
-17.168578
-17.005563
-6.380526
-9.107297
16.356435
8.303552
21.806030
14.792551
8.552505
8.225058
-0.758259
-4.790082
-7.601127
-24.238787
-20.387307
-31.072469
-33.815140
-17.698177
-19.467912
-5.877287
-2.602236
-0.637684
5.552298
6.814727
2.799682
4.612171
-14.115290
-8.681349
-34.194143
-33.444725
-45.530628
-37.862826
-42.365235
-36.375494
-45.459485
-25.557019
-32.863540
-17.963046
-30.991353
-15.479922
-22.196398
-20.438683
-22.579653
-25.059071
-43.161111
-29.139313
-40.184731
-25.672964
-32.087477
-21.274126
-9.400500
-6.910760
-10.831067
-10.655999
-19.042298
-14.010137
-18.653264
-17.644304
-11.254561
-20.037342
-6.244346
-11.955861
-8.355628
-7.659208
-5.648371
-8.959844
-12.169814
-23.908553
-11.235617
-25.132465
-17.334048
-20.480016
-13.594530
-18.593283
-15.240710
-23.313191
-7.287972
-22.869937
-1.586464
-11.540824
-8.861603
-20.142749
-14.780626
-19.034275
-8.988933
-23.255298
-16.353011
-28.565889
-19.456195
-33.522043
-33.221972
-36.446217
-37.952728
-44.130407
-38.508461
-42.893478
-33.903521
-39.966645
-39.244952
-41.430764
-56.964697
-58.029113
-60.191217
-56.835239
-56.003619
-50.968474
-44.436284
-47.204993
-56.093168
-44.688535
-50.340134
-32.116487
-34.201606
-30.578067
-38.316028
-40.066273
-55.164251
-47.027846
-67.582714
-57.603080
-72.060675
-61.478436
-68.827331
-63.598382
-66.438595
-58.930869
-70.025930
-54.133875
-64.490966
-49.577446
-62.499501
-60.547226
-62.152404
-54.599759
-55.873305
-49.881122
-58.456516
-45.116323
-53.771171
-49.539120
-49.485319
-49.722335
-46.423133
-51.457535
-47.578226
-44.607718
-53.625171
-48.756611
-32.296834
-36.786050
-28.539843
-37.741770
-31.752172
-38.797630
-36.627301
-46.232432
-43.068884
-44.728886
-32.412276
-42.270764
-24.544014
-36.032780
-18.750889
-26.318022
-14.975286
-18.068108
-15.073538
-22.316890
-7.515384
-18.333718
-4.867541
-9.939214
-7.594000
-14.432199
-14.899093
-25.061500
-12.247287
-17.788737
-9.361449
-11.982188
-5.701392
-7.846830
-8.591041
-6.916317
-7.697824
-4.452270
-5.833435
-9.286760
-4.029398
-6.458372
-20.554166
-23.125804
-30.296095
-25.398445
-32.579678
-27.157442
-34.677947
-36.634575
-51.643322
-50.625794
-65.678634
-53.160083
-64.080044
-48.605498
-51.458677
-43.667321
-47.935907
-37.269483
-47.485723
-33.411127
-48.491570
-39.903666
-58.460132
-52.770613
-62.311724
-52.666824
-62.617883
-64.302348
-70.828195
-64.730309
-72.880736
-64.196809
-61.774366
-54.503217
-51.116750
-45.605325
-41.505336
-34.007124
-36.715518
-29.170851
-32.147807
-43.826202
-39.980861
-42.960495
-32.822154
-45.379989
-41.033937
-50.094753
-51.981303
-50.031443
-39.475320
-49.403924
-39.759583
-46.385126
-36.033712
-44.427671
-30.487503
-33.953123
-22.189577
-28.983480
-19.477104
-29.268299
-8.691183
-20.222800
-7.088008
-8.633172
-2.776141
-10.507723
-12.051266
-18.708348
-9.467175
-18.278470
-13.184536
-13.696618
-13.938129
-19.383832
-20.571126
-22.677051
-15.565247
-14.688623
-1.465099
1.333849
11.207059
15.933649
3.828612
3.406113
-1.068283
6.254427
-4.356413
-13.037024
-31.325582
-25.061962
-29.356944
-19.157301
-31.110326
-19.019620
-28.084102
-13.381007
-17.481443
-14.149186
-26.821913
-14.693355
-18.009683
-0.956344
-18.604440
-7.870524
-12.062217
-4.336309
-13.989692
-8.385864
-21.338915
-12.475862
-18.734757
-2.420263
-8.254218
-8.552506
-13.234338
-3.501748
-1.466681
7.148554
7.092047
7.398115
8.654556
16.694651
14.379249
4.006031
10.795140
6.024589
10.794764
1.822465
0.037454
-12.257246
-19.576028
-26.859590
-16.658574
-17.555339
-7.115390
-8.424177
2.954042
-5.880810
-3.528151
-19.376781
-3.354924
-19.049101
-12.008270
-29.116570
-15.431089
-18.697063
-9.777617
-22.859434
-16.890867
-32.375464
-25.216469
-41.082316
-36.897661
-47.620123
-47.309395
-53.186181
-51.936618
-55.081408
-49.797195
-56.874513
-50.190832
-52.067153
-54.776322
-61.012630
-68.737080
-67.158504
-64.349898
-61.533279
-64.807163
-65.790256
-67.614633
-61.829674
-68.033181
-62.603039
-74.744372
-67.603541
-69.078204
-61.746424
-69.952458
-55.323910
-61.617935
-49.923633
-54.444720
-35.557874
-49.415098
-30.831578
-30.289732
-24.560737
-37.498422
-31.361000
-39.609132
-19.124635
-25.527215
-11.634268
-17.035312
-14.863167
-28.300246
-25.832980
-36.715827
-38.884952
-50.940657
-49.809989
-53.641380
-47.237813
-48.784618
-50.747007
-50.823520
-45.214556
-29.819085
-23.791514
-20.811724
-15.937108
-11.598793
-20.519393
-18.999250
-28.233361
-17.829231
-21.000039
-14.740201
-16.467777
-7.467615
-10.585346
-7.085914
-22.594295
-13.540431
-30.275950
-26.424231
-31.964040
-26.227016
-35.357781
-33.994709
-48.297808
-33.220932
-51.996649
-55.324697
-63.263191
-48.816185
-55.985834
-58.215166
-63.075615
-54.260167
-61.704663
-52.779739
-59.315331
-53.195758
-54.550384
-52.366784
-46.850227
-41.811023
-44.411267
-43.078866
-44.528092
-42.930389
-37.852001
-44.318083
-41.792109
-42.162187
-34.865897
-45.626899
-43.243405
-55.083896
-51.538547
-50.000276
-43.217932
-58.504057
-50.296778
-51.263992
-38.084322
-52.271870
-35.546575
-47.370740
-48.234780
-57.376947
-47.535016
-60.671647
-45.059571
-59.535493
-55.885881
-62.855775
-56.114065
-69.885059
-69.712979
-81.157910
-73.307771
-81.157698
-77.241341
-90.131022
-96.705560
-97.973584
-98.449466
-93.959654
-91.193310
-91.256244
-85.407768
-79.317493
-72.834693
-61.845614
-57.477989
-52.404843
-53.542029
-43.150877
-45.011191
-44.770382
-54.144701
-45.397290
-50.734819
-33.311648
-41.622250
-26.813046
-29.164540
-18.452307
-24.751522
-17.566915
-28.263674
-21.141125
-35.504126
-21.209247
-30.949356
-22.781464
-28.566206
-24.774006
-28.740375
-13.880824
-26.462704
-14.902295
-17.634664
-4.955178
-6.889734
-5.220424
-8.781766
-12.539325
-14.916965
-11.175072
-19.978187
-20.183380
-23.972473
-25.535375
-25.985168
-46.936543
-51.835043
-58.488247
-53.058866
-55.318161
-47.121356
-47.756823
-40.023916
-45.916990
-40.510646
-53.860238
-50.503963
-55.363238
-46.240914
-58.260768
-52.144832
-63.934879
-49.825565
-60.509161
-41.727498
-47.544359
-44.808955
-54.857433
-46.081309
-52.762579
-47.227356
-53.952034
-42.035663
-50.665994
-48.426460
-56.592552
-54.647611
-54.146686
-59.031999
-70.759845
-62.138311
-60.137773
-54.142265
-55.671635
-52.172634
-43.877079
-47.610247
-42.150676
-47.604200
-42.095755
-41.943647
-35.887441
-41.451330
-33.532228
-39.943356
-35.797557
-46.829535
-34.079498
-32.036099
-25.904470
-29.636508
-23.141159
-36.500118
-20.340014
-37.583129
-25.765498
-31.773894
-19.084483
-24.934736
-20.145363
-28.277667
-17.997884
-37.147498
-25.143458
-32.426189
-19.726379
-24.819663
-17.247126
-21.763083
-23.009976
-31.106345
-26.272458
-27.378997
-19.527521
-33.384000
-32.132478
-22.686301
-23.832071
-13.247260
-7.165665
2.609314
2.276515
-1.943665
-18.517899
-13.926446
-25.514967
-18.174556
-26.820224
-20.441469
-36.224300
-45.631419
-48.536643
-36.529411
-42.581832
-34.544169
-42.702508
-22.888450
-29.001493
-18.387125
-29.415495
-24.610830
-35.095988
-26.759167
-31.656955
-1.554822
-9.822462
4.225563
-5.097797
10.285365
18.760655
24.707001
27.288981
28.385833
20.264198
20.789122
15.115524
18.391027
19.876884
21.368676
26.290690
18.311889
15.818289
14.554644
12.573415
10.821040
10.215176
-7.705238
-3.476255
-7.054419
-3.215371
-10.807682
-3.096762
2.218324
1.532369
-8.445117
10.761303
-4.836554
7.335282
2.845459
15.070267
7.839753
13.309112
11.784518
26.436163
8.500446
21.015404
5.787772
13.206627
-0.482991
-3.115598
-3.259058
9.625354
5.542921
12.593504
2.392747
16.276942
11.032098
18.395918
11.328277
6.957440
5.484203
-0.918133
-8.997351
-8.815552
-15.560859
-5.602469
2.034594
1.780643
14.252167
4.302520
20.028775
8.860664
0.900920
-9.619878
-19.256905
-21.751179
-18.808116
-29.480616
-19.606415
-28.709724
-10.299816
-19.318352
-17.207235
-36.318636
-32.113409
-45.971710
-33.413015
-51.283435
-47.036234
-58.422895
-51.016639
-49.131797
-36.860541
-25.601886
-23.722372
-31.348478
-21.551407
-43.160342
-28.411014
-42.652578
-54.209182
-47.114639
-44.891947
-44.541431
-40.094131
-47.036036
-44.613941
-40.532896
-42.140167
-43.938229
-61.078529
-54.719606
-57.800401
-55.449411
-62.974771
-53.029525
-58.813629
-40.905194
-61.264737
-55.202290
-60.757731
-48.075389
-53.361232
-51.408691
-67.362537
-65.971945
-73.805889
-59.656740
-77.558149
-59.878811
-75.914833
-73.068260
-70.449611
-65.851450
-75.204894
-68.254313
-84.471675
-75.173118
-90.559343
-88.818956
-103.350423
-116.865748
-118.753831
-122.797784
-128.488087
-112.119464
-109.874434
-100.953427
-92.575865
-103.374843
-93.190631
-95.535990
-91.057470
-95.936940
-99.144093
-95.616444
-91.725263
-93.201779
-81.498166
-93.914320
-77.675373
-80.127745
-69.163079
-78.756933
-82.046227
-86.653238
-81.114238
-90.613250
-76.991206
-99.377250
-86.475903
-102.654009
-105.382828
-111.208698
-106.213764
-110.308120
-99.115779
-111.170063
-95.149056
-103.369602
-91.897300
-97.400061
-89.050674
-93.019333
-90.242661
-92.318333
-87.734970
-91.253095
-79.932084
-79.604744
-84.073538
-74.209612
-78.918127
-72.356174
-66.431031
-70.711619
-66.826977
-64.563299
-64.188377
-57.180737
-72.494109
-55.359133
-69.792068
-68.599351
-69.658739
-67.147724
-73.450102
-67.292524
-78.749620
-61.530815
-86.460031
-64.491772
-73.952480
-62.482309
-56.535384
-58.344584
-66.212664
-51.275361
-58.173303
-37.944339
-47.108487
-41.466169
-46.957625
-51.937740
-57.229937
-61.339475
-73.758470
-73.309889
-90.796743
-85.744425
-91.124453
-91.747242
-88.734770
-91.611655
-86.557153
-91.714657
-96.382734
-97.833908
-97.736446
-95.930907
-90.949098
-101.894651
-87.113153
-95.235085
-85.384468
-90.992520
-88.357217
-86.616490
-79.790932
-88.560601
-77.690302
-99.177310
-81.974467
-83.518819
-79.329093
-87.904534
-84.876898
-86.249108
-72.588187
-89.764322
-81.136807
-92.754601
-84.826172
-86.648630
-89.097680
-93.461973
-89.122432
-94.158922
-82.860289
-95.840844
-75.564769
-80.131723
-77.897345
-79.712765
-91.579105
-99.366418
-96.190017
-89.899984
-73.000255
-72.149291
-74.171935
-64.408349
-82.860546
-75.976783
-85.689475
-80.485810
-90.967805
-96.706548
-105.746399
-104.849558
-111.361581
-99.890492
-124.254082
-100.953726
-117.704011
-127.252106
-124.865273
-113.444315
-106.195166
-101.295972
-120.744396
-104.910272
-112.125055
-106.560754
-114.054863
-101.518630
-116.276799
-110.575824
-122.413334
-110.261208
-115.807704
-91.788833
-95.140435
-101.878408
-95.656571
-96.012180
-92.483038
-93.088296
-91.939499
-94.007311
-101.055233
-92.966918
-88.975011
-103.938063
-88.088365
-95.417193
-85.195653
-79.177433
-77.036215
-75.133001
-76.638201
-87.763412
-67.856155
-78.735324
-62.007162
-74.572018
-77.944172
-80.688201
-72.420204
-74.783185
-52.776391
-59.207706
-36.937901
-50.374306
-25.245996
-33.442124
-34.827508
-33.477638
-36.406284
-43.962025
-29.437107
-47.158933
-43.147500
-42.630949
-42.834764
-42.980776
-37.035237
-30.340072
-22.233173
-25.963128
-20.600651
-28.069903
-20.657168
-16.701487
-23.356391
-17.917549
-25.184808
-6.645983
-10.736570
-9.286785
-10.147691
-6.319129
-10.256597
8.234708
-5.439713
7.765189
-4.518865
-5.643754
-14.224705
-13.227455
-22.635085
-10.964472
-22.812549
0.591820
-18.703134
-4.247020
-5.894457
4.707106
1.154618
4.491681
-7.841028
5.828322
-5.508555
10.310820
-0.198750
-0.794488
-8.357225
-18.905378
-9.843346
-5.241742
-3.280975
8.626846
-1.883010
0.158010
-1.889759
-6.100477
4.943845
0.529237
8.425515
11.656733
11.224051
13.078935
18.247475
13.959906
29.498340
21.381428
42.734508
38.236693
42.409643
39.509377
41.980900
22.903409
25.222117
8.713678
21.231048
10.489425
18.897511
14.281920
25.256952
15.770343
18.571416
11.307609
25.635414
9.104405
23.447070
-1.373030
4.088341
6.029278
0.785185
-8.768772
-0.475164
-9.784304
1.620607
3.103113
7.989883
15.910041
16.856785
21.673947
23.723617
25.778045
24.343702
17.468947
11.645214
15.460708
14.455445
31.323093
8.424349
22.702705
15.290282
16.533802
7.106054
-0.080005
-11.161284
-5.894646
-17.779546
2.662270
-20.184798
2.704504
-16.809669
-13.904632
-10.929773
5.205893
6.757468
12.869384
0.539623
20.350878
16.219070
19.624060
26.237125
38.154130
40.171601
44.488442
44.896706
58.844776
38.249488
42.686714
44.700120
45.840151
55.532940
53.943600
53.408271
47.153582
33.394675
38.013099
46.572378
35.291842
41.300677
28.844432
30.082670
19.194578
29.254315
24.991078
23.618955
23.304934
25.096777
9.376809
25.524672
24.605614
27.492498
19.344323
33.236783
21.498766
33.267302
12.431347
18.531798
11.067231
35.561323
25.857529
31.897142
40.475702
39.702204
51.398548
51.652743
42.597231
62.353463
56.058939
43.854317
28.902919
6.601131
17.841474
1.382180
4.057460
9.713195
11.199326
23.372731
24.566602
5.022875
33.246550
20.434896
33.524800
25.934975
25.428317
26.965573
33.643723
33.145526
60.531723
43.794869
58.740817
42.989094
49.452523
39.710613
54.362699
44.110561
43.324048
30.095516
33.457958
20.250362
28.886552
15.557191
20.434539
12.087501
15.672740
8.462033
8.619879
-2.786592
8.728047
-4.092375
7.015015
3.054650
10.710113
15.385186
14.665525
17.218274
17.778064
14.223461
17.707579
9.592970
6.292921
10.718463
9.292390
8.100000
0.038725
4.044938
-0.524125
-4.912463
-10.946252
6.361220
-0.496209
17.891236
2.615113
10.693968
5.079324
8.580862
-3.738991
-9.965540
-20.015221
-6.007575
-11.966729
-2.482773
-26.520824
-22.687912
-30.053857
-24.125540
-32.874877
-29.409876
-23.958976
-10.088300
-28.547943
-11.045195
-19.230392
-21.609532
-27.057106
-21.810790
-16.849535
-11.878325
-17.975237
-10.650947
-13.809894
-14.228209
-11.773643
-21.163339
-10.280452
-9.496066
1.475061
3.434376
9.215469
6.294348
12.023072
9.774883
16.025417
9.667191
18.933248
18.231385
23.917557
21.155871
26.262560
17.772344
25.537817
7.390376
19.977644
9.236286
9.708813
3.712567
11.864929
0.806732
9.133280
1.842468
13.158663
3.766169
22.384282
24.706722
37.683846
28.573558
31.929186
28.230347
24.571760
20.704522
25.810457
18.558547
15.279854
13.654482
5.451516
5.668606
9.413379
17.076690
12.189288
10.778669
6.765402
15.107588
16.052977
31.790500
23.886310
37.123772
25.609664
27.981067
23.122162
30.439626
19.519188
30.545556
19.079354
31.208874
20.476803
30.648496
20.399346
29.920124
12.492777
3.905630
-10.189720
-1.904043
-11.521238
2.936905
-5.821606
3.943946
2.148182
3.599337
-4.900987
-3.762600
-8.755985
-5.654923
-10.176619
-5.918080
-8.279456
-9.947678
-4.459484
-12.873616
-16.479173
-7.826215
-14.189269
-21.177996
-19.161859
-24.202242
-24.099439
-38.055397
-31.683604
-36.980424
-32.426123
-38.575127
-32.220088
-38.001630
-29.247715
-39.483487
-23.358223
-23.511813
-5.420865
-8.849382
7.492214
7.505411
18.731125
7.934559
16.174982
-0.279670
8.795477
-2.697551
4.520630
-0.752938
5.467603
2.445276
5.740887
-8.816790
-9.168119
-6.255177
4.239460
5.434100
4.643498
-0.064357
-5.042747
-9.322402
-13.017177
-14.778215
-12.605327
-6.660259
-12.608454
3.849685
2.484903
11.499200
5.644455
10.957133
0.003289
6.965006
3.275008
8.801893
-5.595956
10.313543
1.186830
11.136758
6.878718
9.809249
6.259067
18.645264
9.437729
23.475713
12.449523
19.900694
13.088664
17.004834
4.215451
4.497383
-2.385363
9.225082
2.749975
6.419634
3.744154
4.591915
-4.736677
-5.078543
-4.759254
-2.518780
-4.299504
3.058236
-4.847445
-0.964355
-4.600409
-10.983628
2.326488
-3.498730
4.414350
8.911386
6.315914
-5.268288
0.063379
-10.659047
1.810885
-6.788787
5.810722
-2.856058
4.628599
2.464235
17.585215
8.408065
14.755410
1.086773
4.574062
-21.137638
-19.882712
-25.241120
-14.586533
-25.895496
-17.896455
-17.524886
-6.118790
-11.582043
-3.965288
-19.751035
-38.337781
-45.575940
-40.838777
-45.256488
-47.866553
-55.200319
-51.591679
-53.528908
-64.007451
-60.745844
-68.628752
-64.084523
-70.835063
-66.614600
-63.883607
-59.724802
-56.519880
-50.129975
-62.305207
-50.567345
-61.506841
-48.988391
-60.172827
-52.922464
-52.567359
-44.344163
-56.273011
-43.282361
-50.389377
-38.640984
-56.281856
-44.655272
-49.937524
-48.105711
-59.872813
-52.450566
-64.340240
-60.669917
-72.733005
-59.235274
-59.964981
-61.424634
-65.053450
-58.670400
-62.197407
-58.147447
-63.784898
-56.458712
-46.384253
-39.167405
-37.859672
-35.641056
-31.228922
-32.476808
-27.198805
-29.173736
-24.583905
-22.503632
-19.568111
-20.412018
-4.962067
-11.198272
2.401278
0.116786
7.189787
-4.197359
-5.032426
-12.213660
-5.848045
-15.478577
8.020726
-9.601765
5.646556
-1.491016
5.832322
0.455741
9.677922
3.697266
16.227266
7.985313
25.503078
18.275720
17.825018
9.941899
10.992527
3.849789
4.303793
-12.875956
1.753327
0.072104
-3.958438
-1.052510
-12.171723
-23.997701
-30.303432
-29.952725
-35.619173
-38.761876
-39.393191
-48.642479
-57.667567
-45.740656
-56.558933
-52.242923
-57.679663
-49.429191
-46.427847
-37.942239
-46.837549
-37.811685
-50.770204
-42.369871
-60.590889
-52.983647
-70.542722
-66.729725
-76.348866
-71.033253
-76.895339
-70.006180
-83.156467
-70.453277
-71.502674
-63.787921
-79.489469
-77.903284
-78.235997
-76.265914
-84.924204
-71.927783
-84.058248
-77.370082
-69.585754
-68.325019
-63.216852
-60.505652
-63.907631
-59.559109
-52.005021
-44.137847
-39.541882
-40.876854
-29.030887
-37.247065
-26.689021
-36.501260
-30.076514
-31.743156
-21.209963
-24.095220
-18.845199
-33.537594
-25.662170
-45.947337
-32.347578
-39.158072
-39.069042
-43.029293
-36.161091
-45.782476
-34.326962
-48.807922
-36.065063
-44.893824
-38.509902
-50.956410
-51.399948
-66.495713
-71.928155
-85.324666
-74.450056
-87.859987
-91.177871
-100.652991
-105.389397
-106.538287
-110.487095
-104.229086
-93.515153
-103.521833
-97.279353
-99.797357
-102.341464
-94.465198
-107.166919
-98.870042
-99.832960
-97.702548
-101.134536
-97.669619
-97.678566
-84.958142
-102.457660
-91.360830
-107.287304
-94.798425
-102.856801
-97.637956
-105.035820
-89.366292
-94.191300
-85.491345
-105.679139
-97.678497
-108.015738
-97.397410
-111.393547
-112.221221
-116.327796
-111.170136
-122.368336
-109.422079
-112.530980
-101.656810
-98.639723
-88.713804
-84.085025
-83.983747
-81.798453
-72.503041
-78.144512
-75.396832
-78.182712
-79.148278
-71.751362
-82.382286
-77.356693
-86.340536
-78.078365
-84.109683
-88.551296
-94.328220
-86.516602
-90.702866
-82.030711
-103.505286
-100.751749
-112.632294
-103.932225
-111.199605
-109.561772
-125.953178
-117.080635
-126.055152
-105.375826
-111.527298
-102.252980
-106.024023
-87.964381
-90.279027
-79.676224
-83.184958
-66.597147
-81.408956
-73.041703
-84.177352
-87.094983
-89.234089
-94.098617
-88.878253
-85.662176
-97.057743
-93.881174
-93.849973
-89.535022
-77.084947
-84.947530
-85.154526
-103.577319
-116.477703
-119.810033
-117.932537
-118.392424
-115.612297
-126.413214
-119.590743
-138.355464
-134.334886
-145.818987
-135.015131
-146.021465
-154.285220
-164.337040
-151.373692
-164.995413
-149.117677
-164.940302
-154.629706
-156.086112
-140.323952
-145.308946
-126.223445
-118.659091
-104.003279
-112.538222
-98.327478
-103.238457
-97.372577
-100.448511
-100.184882
-103.449800
-99.772630
-101.917448
-97.183977
-103.068396
-101.700345
-101.105214
-100.653601
-93.876596
-98.158938
-95.263361
-93.946104
-97.617227
-104.074970
-93.090365
-93.555214
-83.656262
-93.002644
-79.559502
-91.922188
-79.817284
-91.523547
-93.630351
-97.909657
-94.418121
-112.942435
-95.746084
-105.799686
-83.402080
-89.882899
-77.212404
-74.373517
-72.341290
-83.265141
-76.025232
-88.624249
-74.916926
-91.633920
-86.715401
-91.693486
-93.977952
-93.783676
-87.200536
-94.854670
-90.163183
-91.920593
-82.207732
-93.496340
-97.564559
-86.898828
-85.940976
-73.597274
-82.846591
-90.227002
-84.439687
-75.088560
-65.564533
-57.108734
-69.991788
-54.096946
-52.149414
-34.380124
-40.361216
-37.315643
-45.666726
-46.867853
-58.038929
-42.756176
-52.816748
-47.374075
-62.729639
-52.072685
-57.135336
-48.142373
-51.228103
-37.557218
-48.132112
-32.576372
-40.571826
-30.773875
-29.408484
-23.948126
-27.171749
-24.021881
-27.235385
-21.410138
-31.548220
-19.809824
-18.094908
-11.319627
1.387729
5.506104
15.245243
13.726439
11.229376
8.138094
-0.962982
-3.755126
-1.830019
-3.867939
7.183686
-11.270821
-8.042346
-16.183641
-16.208033
-26.548154
-30.588929
-50.461365
-48.192479
-66.307708
-48.187054
-58.399141
-49.673625
-58.846439
-56.242527
-64.179592
-65.241988
-83.022933
-64.640657
-76.142397
-56.699921
-54.911459
-47.400994
-51.766075
-50.558602
-57.933850
-58.195642
-66.843930
-47.730350
-57.408155
-58.189809
-56.306333
-60.018309
-61.180391
-62.009490
-58.644504
-58.055849
-61.223141
-60.699339
-65.291067
-66.025739
-54.759406
-61.712103
-50.008431
-61.177611
-61.137090
-68.835287
-68.957027
-83.226903
-76.365096
-90.232238
-72.704367
-86.617603
-70.819225
-79.073209
-85.812603
-100.396165
-102.656380
-109.651650
-93.898500
-113.430603
-103.198105
-119.427472
-109.993020
-108.185314
-102.904857
-108.019760
-100.923290
-106.600150
-97.923035
-109.623898
-95.440670
-94.314458
-100.704563
-109.238515
-120.083877
-122.417692
-125.496786
-126.022185
-128.940982
-140.164403
-138.385572
-127.739894
-133.622013
-118.542326
-122.826697
-124.826208
-133.539947
-137.914527
-144.851829
-139.566178
-145.591477
-128.921726
-136.785832
-133.242333
-156.308060
-148.074187
-151.713858
-145.608714
-152.135208
-135.048467
-150.819829
-125.934933
-132.794987
-124.270357
-125.447684
-118.991593
-123.855801
-119.004444
-125.400336
-117.338774
-125.468987
-110.854346
-111.026601
-105.723103
-103.009984
-100.613375
-101.336134
-97.350600
-97.070626
-93.393139
-98.975560
-102.545232
-102.739061
-110.327910
-104.435640
-128.527073
-132.683996
-135.836049
-142.023476
-142.602520
-133.540105
-140.094586
-125.852546
-145.506838
-132.469644
-136.619619
-126.192764
-132.957956
-140.165787
-144.493479
-129.821682
-147.453534
-140.216011
-160.831332
-154.418004
-158.494268
-154.492892
-155.305151
-144.601382
-147.621119
-134.593738
-148.173762
-137.052033
-146.832837
-144.001566
-141.897767
-150.778975
-154.799304
-145.259720
-144.891937
-133.729719
-143.833561
-142.416870
-137.103394
-148.395447
-133.149563
-138.746253
-130.499256
-131.582136
-145.017688
-146.584803
-134.669890
-142.341896
-129.628591
-145.630396
-129.097408
-134.155827
-130.742525
-141.478895
-140.682303
-147.430298
-137.658518
-150.324988
-128.646260
-147.207475
-140.323058
-151.861253
-153.036840
-148.316435
-134.778884
-142.183215
-119.330259
-131.901367
-116.974280
-125.768098
-121.475453
-117.082041
-119.865285
-116.355230
-108.868443
-120.422075
-111.368755
-118.217197
-109.196126
-101.241126
-104.200807
-101.377220
-118.218559
-118.861803
-125.849555
-128.963094
-125.216167
-119.238582
-121.571457
-116.422637
-127.898049
-107.346356
-113.738284
-102.350329
-104.655989
-104.366771
-111.698719
-104.407193
-129.792582
-119.661310
-137.805247
-125.127404
-138.404539
-139.057832
-147.778000
-149.517417
-155.176877
-141.462077
-159.767899
-138.139844
-140.902724
-131.441594
-129.552114
-129.627963
-132.905472
-131.033817
-134.327925
-118.966910
-130.073378
-122.551510
-116.534545
-127.545781
-120.100991
-123.775174
-111.163438
-105.356030
-113.753227
-110.012433
-115.854432
-122.526075
-119.270947
-143.049418
-135.279133
-152.868155
-148.903959
-146.806957
-140.285362
-150.969767
-147.324290
-161.358657
-145.035408
-159.778651
-143.078197
-142.972726
-139.541526
-146.180606
-145.062369
-154.680828
-133.680133
-151.576130
-137.934550
-151.521638
-141.398458
-138.010010
-138.512643
-137.518584
-130.302245
-128.498608
-120.716653
-135.343533
-135.572074
-137.325780
-137.580981
-131.590748
-136.917493
-130.578979
-130.935499
-132.106834
-128.168281
-129.050793
-129.852064
-122.920526
-127.296618
-105.268003
-115.825159
-109.034383
-117.034737
-122.723443
-128.686446
-125.850094
-135.106590
-109.631824
-120.980353
-103.559720
-111.275977
-96.875256
-93.960861
-95.863570
-108.276175
-96.336447
-109.111742
-101.214597
-125.899169
-117.100549
-118.123927
-109.482983
-102.431558
-96.952863
-101.658215
-83.616368
-96.699249
-85.843942
-91.577944
-94.047676
-75.577648
-78.059526
-77.793408
-83.046481
-91.610266
-91.403803
-87.908053
-82.210150
-80.163774
-92.055363
-80.692316
-89.059372
-84.994022
-88.640808
-88.127413
-94.985996
-91.149486
-103.338683
-85.070463
-101.980620
-83.875119
-95.717584
-94.477917
-101.466651
-100.883204
-105.713510
-92.239788
-101.691700
-81.114960
-105.172937
-104.140474
-116.942266
-117.932004
-120.160647
-115.897423
-116.826385
-97.075110
-101.352285
-88.608035
-88.590761
-78.826964
-70.391087
-72.490316
-64.239961
-68.095187
-80.229717
-79.116345
-96.280025
-111.402931
-113.320958
-114.706985
-92.893857
-96.090133
-83.249763
-78.667775
-71.520918
-70.662124
-78.885140
-87.921301
-76.398492
-89.207672
-71.832537
-84.491332
-77.214746
-79.595825
-76.857849
-89.567281
-83.581663
-91.699025
-75.046470
-91.669660
-82.698992
-90.936835
-88.758163
-91.974221
-88.154248
-91.263752
-80.696150
-94.558323
-82.547754
-96.633947
-93.909424
-98.584118
-103.745216
-105.602050
-106.823612
-113.779697
-111.933806
-115.238489
-112.517933
-97.448656
-95.786964
-88.499340
-99.256853
-90.535283
-85.059979
-85.345697
-86.948428
-87.291785
-91.046123
-75.907458
-90.652846
-85.043587
-100.125804
-90.542531
-96.848140
-95.176519
-102.895698
-98.899372
-117.105307
-105.034383
-126.594766
-106.593035
-114.112254
-112.656418
-115.499134
-111.454335
-117.335239
-108.036003
-121.729200
-109.304554
-123.957668
-121.403809
-135.738256
-138.996117
-140.657567
-143.569075
-158.990021
-159.006165
-157.888772
-151.164488
-156.395062
-159.954134
-151.072195
-158.486762
-149.897191
-155.943493
-155.218644
-163.358103
-163.077139
-169.862924
-166.423890
-174.101461
-156.335704
-164.388703
-155.044330
-161.770106
-155.454660
-164.806760
-157.865191
-166.070421
-153.964553
-169.146857
-151.745948
-166.566231
-167.947752
-170.928276
-166.842629
-180.858947
-169.428213
-177.632440
-153.286061
-157.631826
-151.991628
-153.114120
-149.486617
-149.336346
-147.190777
-154.844924
-152.840584
-164.879146
-162.142862
-166.158495
-164.350652
-153.556070
-153.714458
-148.550167
-147.576961
-141.912099
-136.614705
-133.858100
-142.751633
-148.914908
-155.028446
-141.629427
-154.314044
-145.820385
-157.858913
-152.420125
-155.108466
-148.592119
-166.466346
-166.279768
-181.942933
-166.959821
-180.817120
-177.630396
-182.616802
-168.244479
-170.716096
-157.416516
-168.937430
-156.876017
-168.883118
-155.385888
-162.643752
-160.257883
-166.483796
-162.260335
-166.219334
-159.232092
-169.585825
-174.575123
-188.163039
-189.917093
-186.056977
-191.178436
-182.670187
-173.191567
-173.059773
-169.594918
-155.550478
-149.297171
-140.113462
-148.414279
-134.881589
-137.825254
-121.121620
-130.890813
-124.669335
-123.471803
-121.312046
-129.321945
-117.847455
-130.356318
-119.639587
-129.510676
-113.530504
-120.423249
-116.835602
-122.715503
-106.697361
-113.631646
-104.562247
-116.489168
-111.365997
-125.359909
-126.979236
-140.722317
-137.685129
-140.694743
-125.989272
-129.008668
-117.157772
-124.604685
-121.314622
-125.735039
-126.341619
-129.354183
-133.432967
-129.840180
-126.014723
-133.383348
-139.738491
-137.717178
-147.692302
-138.272219
-153.495113
-150.612848
-157.594363
-154.028775
-159.331370
-147.806323
-151.108014
-144.667105
-161.112575
-155.717749
-166.318229
-156.521247
-165.320585
-156.011484
-164.609311
-153.736162
-166.060155
-150.144849
-161.833693
-146.748248
-140.930020
-127.035498
-133.082593
-130.626922
-135.490657
-134.206978
-139.049187
-128.132510
-131.516330
-129.464427
-135.934514
-134.589262
-130.554104
-135.571969
-132.816301
-138.726003
-147.615755
-157.768531
-160.029377
-163.766977
-158.785130
-163.097686
-155.238562
-163.230366
-159.983209
-161.903986
-159.555746
-167.014858
-151.565428
-159.424047
-153.269473
-173.315443
-161.108936
-166.666147
-156.959786
-163.249561
-157.861401
-174.074599
-156.460856
-164.141480
-146.785486
-155.810122
-152.646846
-154.152711
-145.746701
-161.978522
-163.224364
-169.650995
-152.322795
-158.640998
-152.222095
-153.011209
-146.497846
-144.406827
-133.337503
-124.829748
-111.697597
-105.204115
-102.432596
-100.414488
-101.592979
-97.005498
-102.583070
-104.714559
-108.764299
-104.329710
-116.592612
-119.024543
-130.529809
-124.777253
-132.503444
-121.532680
-131.224497
-126.757458
-139.079463
-126.410858
-135.467791
-122.149945
-122.240556
-108.067690
-116.324480
-102.226555
-113.510395
-102.336652
-113.609259
-107.923145
-118.223087
-109.863136
-112.234623
-91.156191
-90.075671
-84.524644
-96.889969
-99.986323
-103.674646
-100.155383
-103.548553
-99.914526
-110.299423
-110.252698
-111.052843
-114.736457
-108.248628
-107.475478
-99.682904
-98.118129
-91.126405
-93.025768
-86.302230
-90.461410
-84.019470
-83.848699
-78.586096
-94.981453
-98.716419
-117.066130
-117.666295
-126.742534
-119.847076
-136.826089
-130.746563
-156.916838
-148.131686
-161.580882
-159.543741
-165.456847
-160.974376
-180.866820
-176.828357
-185.326160
-173.869924
-183.708277
-172.886649
-178.112453
-176.127658
-179.545303
-173.770877
-176.039783
-176.974729
-189.021881
-187.277626
-194.263193
-189.168069
-183.039756
-187.131802
-184.130554
-183.952155
-182.494008
-186.999974
-185.691328
-194.404439
-185.515110
-194.461510
-178.415960
-180.851948
-171.904270
-167.392466
-155.751767
-159.707439
-148.072129
-155.009575
-142.787598
-153.302375
-133.932978
-139.694738
-138.173484
-145.050922
-143.445005
-161.045470
-145.634833
-160.063836
-156.433718
-172.170294
-170.428443
-173.184684
-165.150592
-163.991259
-153.132297
-151.399640
-139.591078
-145.288377
-137.776137
-140.772296
-141.424116
-138.051933
-147.251726
-141.790198
-137.310589
-138.377546
-137.388244
-132.078489
-133.420450
-121.405574
-124.552164
-110.739021
-114.694920
-103.815600
-105.621664
-102.455883
-105.195276
-87.504839
-96.643088
-85.089391
-88.577941
-72.649855
-76.607592
-69.965684
-81.865540
-80.764523
-89.328690
-73.139263
-91.662177
-76.657711
-79.574410
-66.882627
-71.774139
-71.045610
-74.329378
-66.306039
-70.853275
-60.409216
-67.824682
-61.783521
-64.010740
-64.055663
-61.873771
-68.007034
-79.176103
-80.494837
-85.669933
-78.285389
-77.374884
-79.683132
-69.366611
-93.791484
-90.597624
-88.969565
-76.415674
-79.449757
-74.519644
-76.805021
-72.839077
-92.767915
-78.725108
-87.819201
-79.501213
-83.669306
-72.604369
-77.227137
-69.332310
-75.473660
-62.586802
-80.180175
-70.492776
-84.200429
-72.599203
-79.992344
-81.438359
-86.268820
-90.211838
-98.210818
-85.801434
-105.546964
-91.804698
-89.221164
-91.017703
-83.140392
-82.759117
-76.782750
-69.557915
-73.213666
-66.389424
-75.603036
-77.947291
-62.791718
-70.494731
-56.803131
-57.195776
-54.057371
-61.284234
-63.126418
-68.660312
-62.514804
-75.373385
-60.843713
-81.585526
-68.988609
-77.028967
-68.790395
-71.019122
-71.787901
-74.330564
-60.557244
-80.730950
-65.892588
-78.327751
-68.995876
-78.252803
-73.576517
-81.875509
-79.519631
-90.017475
-84.032931
-104.136152
-101.558035
-110.229518
-108.500049
-110.444023
-111.559812
-102.007033
-93.571037
-101.921981
-90.255176
-93.488037
-90.051781
-82.769950
-97.465124
-97.410820
-110.580097
-105.509350
-101.302019
-107.196446
-99.596579
-90.574768
-104.641688
-96.990501
-113.274070
-93.390090
-102.877666
-106.004077
-122.493980
-125.616384
-130.699262
-119.788182
-129.480934
-103.298288
-114.464268
-95.411582
-90.680307
-88.802562
-92.602948
-84.220910
-93.367487
-70.675837
-82.084305
-76.071511
-89.878887
-92.919359
-95.663313
-92.643280
-95.806556
-88.166703
-88.686001
-76.702713
-86.058891
-82.209942
-80.837965
-92.391526
-83.100596
-91.440947
-96.324605
-100.683446
-109.462288
-117.109729
-116.546604
-123.542855
-103.479245
-103.671740
-85.738807
-84.083551
-66.217230
-58.398438
-51.736764
-64.679568
-61.654563
-73.255105
-54.736477
-66.905311
-52.983405
-60.692159
-56.569631
-54.618661
-40.781667
-51.946808
-41.623786
-63.384999
-53.001326
-64.672581
-66.773010
-73.002303
-69.926508
-73.467184
-71.678096
-84.089318
-80.164840
-85.554579
-71.506189
-65.570563
-73.568261
-65.249552
-68.791972
-68.010959
-59.975092
-61.289272
-63.048931
-59.433058
-62.176946
-51.619586
-68.152291
-65.278376
-64.772158
-56.201289
-53.087285
-40.164172
-49.130341
-40.219961
-52.140504
-23.407461
-34.102100
-26.734153
-35.771180
-36.067611
-36.890937
-34.418849
-50.413438
-40.912786
-53.298544
-37.390462
-39.991278
-30.039877
-33.803506
-33.060389
-36.717405
-28.081738
-39.145008
-35.350445
-41.850375
-44.168054
-48.484788
-54.900956
-51.219320
-58.934618
-54.949464
-48.453276
-52.260268
-42.100178
-42.144973
-52.041168
-45.643515
-55.433746
-48.902675
-56.105751
-46.147299
-43.384950
-46.713319
-55.923015
-44.728361
-66.042013
-52.288976
-70.265877
-64.927404
-59.089839
-49.981002
-59.936646
-55.027601
-65.921545
-53.259303
-71.007887
-58.665959
-70.787573
-57.538833
-60.171849
-60.924778
-73.872008
-61.534031
-60.177690
-48.616860
-60.299677
-51.430668
-50.411094
-55.713656
-47.112777
-44.740290
-51.895693
-52.215497
-58.400844
-56.794459
-58.166202
-65.738655
-60.825284
-81.975566
-83.797061
-92.723092
-96.025090
-101.096933
-106.569107
-116.995437
-108.346633
-124.102814
-109.094285
-114.491779
-98.227632
-102.200547
-92.771919
-100.996583
-94.351064
-106.877993
-91.871364
-102.383695
-94.455119
-96.171608
-85.778629
-93.406998
-88.548527
-98.390796
-97.167007
-103.302837
-90.324283
-95.333722
-86.119820
-85.975095
-91.050410
-92.995165
-96.535265
-100.671941
-93.115443
-98.136692
-99.231017
-102.466058
-113.003344
-114.004018
-125.957762
-117.450587
-119.337368
-117.504713
-121.926506
-115.402327
-117.678713
-107.059044
-117.727277
-110.981388
-121.891589
-111.405908
-120.670707
-108.468935
-109.153538
-104.242386
-115.075873
-102.605450
-121.603799
-117.539567
-132.084100
-130.238102
-136.221195
-122.976240
-127.994183
-114.621235
-117.541763
-103.494175
-112.155276
-110.181829
-117.244450
-110.690062
-109.597570
-103.549124
-100.778405
-90.170138
-92.841330
-97.346983
-94.254537
-95.825221
-100.406469
-102.681171
-92.517754
-91.783188
-97.176584
-107.497642
-104.237083
-116.849830
-108.747072
-123.291289
-114.694755
-121.083049
-113.226652
-114.208494
-108.765718
-108.164308
-90.563381
-102.618679
-91.513965
-108.010780
-95.426523
-94.949649
-83.721503
-86.763405
-82.002783
-90.437780
-70.952783
-81.056162
-69.356126
-82.051627
-78.453516
-78.057299
-79.719729
-87.232645
-84.085334
-97.342885
-86.332138
-93.160385
-93.068245
-86.326617
-88.223424
-83.768053
-74.394208
-77.605103
-82.269126
-83.433240
-82.904757
-77.665911
-94.506676
-89.816094
-109.573632
-103.620928
-112.141543
-110.114873
-116.543767
-109.080846
-115.811493
-100.395217
-110.735936
-96.966449
-101.778865
-85.065020
-88.980134
-80.541066
-89.122343
-78.727433
-85.296319
-76.334323
-88.434634
-75.545578
-81.757955
-70.053638
-68.010222
-57.334366
-55.823117
-32.925631
-27.889471
-19.449875
-22.532989
-16.415014
-21.169562
-18.056875
-21.093414
-21.822900
-15.328017
-10.313606
-3.088539
-14.579828
-12.907104
-12.510641
-0.093523
-5.324825
2.471815
-6.839873
-5.663265
-3.347131
3.999957
-0.886250
16.371477
2.879992
15.558977
7.358401
17.745638
15.471989
23.927961
24.942071
33.774746
17.531287
32.479155
12.912977
19.951043
6.672187
10.713059
13.208035
18.318515
13.826796
19.391805
5.510062
17.524468
14.738537
18.679983
17.305697
22.397744
22.131314
17.283218
6.556478
19.596838
19.690485
20.201415
15.951722
9.533625
19.413042
16.451827
22.208299
22.909451
25.575720
26.091070
37.211180
34.326662
44.011339
29.448018
48.445888
44.169792
49.229894
37.156968
42.435367
37.257903
58.732254
46.814534
65.134634
49.546884
66.153537
60.605663
66.484780
70.685365
74.931596
55.800721
57.565272
39.727658
52.438216
47.101328
53.487390
56.570922
67.583830
75.737564
78.854302
75.991642
83.712770
79.255379
78.076647
75.584823
69.867522
75.793493
64.730474
68.205798
64.713941
62.935646
58.115157
54.433890
48.039863
61.100233
54.183245
59.520302
45.846728
53.874357
52.673299
60.811678
45.633158
49.626521
37.217303
47.200942
28.284343
39.482598
33.474999
43.996862
41.897668
59.274868
56.283853
63.297073
52.830247
60.602232
45.381973
49.379111
47.358333
47.816617
46.369267
57.463025
59.089578
70.680346
71.473886
79.281983
72.706892
66.827685
60.686855
49.508415
51.335212
48.368422
47.559849
42.724682
42.355114
31.157292
37.080726
24.420546
40.670114
32.443039
40.551490
32.824462
39.558162
31.422481
30.644228
10.519066
17.428503
-1.602696
11.932456
3.085325
5.157661
-7.740671
-8.508274
-18.741931
-6.294039
-16.785202
-5.533455
-19.165952
-7.543982
-13.731037
-16.725953
-24.355760
-25.963476
-37.517923
-38.668176
-50.985021
-37.139107
-40.442098
-36.424787
-33.453249
-45.796558
-48.634829
-54.795606
-50.486014
-51.684151
-52.830426
-57.607882
-51.425231
-51.949618
-42.955762
-54.083212
-45.865465
-54.909212
-49.022425
-62.313081
-60.323774
-74.783826
-63.500980
-71.731858
-61.771420
-73.269483
-63.770124
-77.488765
-71.504609
-81.412160
-82.017655
-90.566931
-70.817321
-78.763703
-63.166324
-68.063186
-57.349039
-57.414769
-59.839278
-63.769372
-58.769800
-59.376930
-50.231497
-65.467730
-61.532913
-68.461877
-80.080442
-80.731346
-87.720962
-79.653932
-74.000850
-71.715280
-68.338055
-67.169474
-72.439806
-61.914224
-76.615062
-70.941754
-84.549380
-81.671777
-83.088027
-90.697421
-99.247813
-89.578876
-100.833865
-85.778217
-106.496691
-86.666913
-99.380865
-93.483676
-95.027223
-95.370292
-108.407366
-100.605230
-118.832799
-112.138950
-132.840676
-121.621753
-128.107636
-124.229768
-116.834678
-104.731164
-101.863296
-82.530938
-82.775788
-68.867166
-66.594418
-71.204984
-81.786946
-103.340259
-105.717418
-110.158019
-120.825640
-124.252111
-135.746705
-135.947471
-127.270012
-133.373676
-116.437081
-129.041529
-118.851758
-117.990892
-117.516716
-119.643514
-114.535409
-129.318359
-120.173352
-145.601739
-135.049004
-152.609727
-152.620499
-158.466971
-154.101477
-153.879648
-140.810410
-153.915929
-129.608427
-134.986941
-122.422969
-130.203922
-129.143517
-135.662812
-146.587887
-165.084633
-159.411549
-174.664147
-157.475613
-150.491579
-138.625428
-129.305344
-128.431850
-119.789633
-120.267847
-119.322241
-119.344297
-128.748861
-135.584597
-144.954998
-162.506589
-153.830271
-161.842705
-149.186140
-149.615327
-145.634637
-134.303783
-131.486384
-147.110726
-135.385939
-150.709911
-143.511060
-171.716935
-166.126858
-168.869677
-164.498169
-161.294626
-150.231546
-161.712244
-143.557325
-158.308204
-140.785304
-145.472564
-146.193865
-152.893875
-148.958736
-156.813431
-143.826666
-155.938266
-147.122729
-156.857847
-147.395036
-140.813773
-143.542596
-140.654399
-147.589976
-152.081794
-148.639079
-162.514518
-167.621699
-164.113304
-162.410434
-153.362840
-172.415089
-165.458411
-170.350588
-172.356454
-168.790205
-164.210517
-160.891798
-141.914500
-159.011905
-145.593620
-160.972753
-147.933029
-153.536321
-151.313497
-154.177398
-154.457714
-164.725174
-135.325087
-144.253935
-131.732867
-141.440522
-131.748064
-129.630970
-125.498919
-130.830510
-123.996665
-131.837259
-114.796535
-125.181560
-112.270906
-114.114431
-126.595399
-126.334920
-129.026502
-130.466177
-117.039365
-118.617790
-107.021588
-100.653129
-104.790974
-96.698137
-102.777520
-85.364019
-96.087348
-101.354033
-91.664957
-92.601967
-101.980733
-91.367203
-105.044865
-80.632368
-89.287596
-71.326324
-71.766925
-62.578608
-61.489918
-54.226161
-57.841627
-39.206669
-53.669968
-33.196219
-48.985794
-43.367441
-47.124054
-41.387384
-49.069537
-45.121026
-56.053496
-36.558527
-48.699727
-44.047405
-54.129876
-58.958702
-50.139638
-50.792698
-60.440812
-65.406462
-75.003391
-70.176142
-74.336289
-77.186200
-71.915078
-78.457567
-69.121745
-74.904928
-84.218690
-91.734236
-88.642054
-88.827391
-81.817772
-85.667981
-70.618070
-85.676109
-72.321886
-80.391486
-78.371061
-75.306982
-69.674991
-81.884143
-67.471456
-87.470915
-74.379370
-83.959389
-74.156449
-76.097581
-71.631891
-79.374668
-71.346352
-84.182930
-76.782848
-91.556626
-83.753988
-87.977689
-75.202605
-76.230540
-75.221653
-73.490865
-65.405363
-74.773108
-66.615475
-66.187262
-62.348675
-52.990085
-64.167535
-59.137223
-70.133669
-67.738147
-63.728009
-66.242920
-69.582807
-70.674158
-80.435244
-60.019138
-66.967541
-58.439370
-60.877866
-50.090011
-50.422784
-42.709850
-51.913305
-34.046994
-43.731643
-30.595699
-39.047266
-23.836792
-28.766458
-11.931619
-19.164686
-9.171231
-15.501315
-1.244100
-11.201809
-1.487664
-12.952784
1.738071
7.508856
13.062905
8.937722
10.325865
4.797936
13.466822
6.710814
-3.802725
-0.362217
-10.672040
-16.545855
-12.094631
-5.896759
2.548478
10.145373
10.999548
10.102487
5.270059
13.862001
-3.865302
6.866791
0.162188
12.040394
11.025191
12.928681
1.051205
10.128346
4.508174
21.188609
6.772297
19.081789
15.250135
23.351108
15.364167
16.583740
-6.309454
5.559598
2.350212
12.091457
6.762200
11.921665
-1.594044
0.057246
-6.668564
-7.083850
-13.549746
-12.450079
-20.089832
-8.706256
2.804765
11.000523
18.274025
16.183460
8.839053
9.359339
18.177990
18.031001
19.996455
20.604327
18.229982
1.252710
7.437000
0.587821
9.944048
5.290722
9.890007
7.095483
17.321892
6.159124
17.417335
5.473560
12.645066
-1.927161
-9.350332
-20.495052
-9.485892
-22.602924
-11.657930
-22.943574
-4.373090
-13.437378
-3.309150
-14.642458
-15.283712
-23.562627
-11.605816
-15.665084
-9.376340
-17.058841
-12.351844
-9.090711
-4.872906
-8.603790
-14.978677
-16.794008
-16.639064
-18.450857
-15.803673
-4.049211
-3.891678
-3.624182
-13.213821
-13.356789
-24.569996
-20.438110
-26.567372
-21.820710
-30.958638
-23.339992
-32.229073
-29.434766
-47.538715
-41.042456
-51.224034
-51.223203
-61.895052
-50.731141
-57.021345
-44.112480
-59.341840
-47.005905
-57.299912
-46.085815
-46.673186
-41.271566
-50.999850
-40.611286
-45.363557
-41.931706
-56.182126
-52.040887
-55.108903
-54.074631
-61.081689
-59.299242
-55.867407
-48.534638
-54.998300
-59.772157
-60.692277
-61.199737
-53.384766
-54.931695
-44.320306
-53.288460
-50.293251
-47.272886
-42.529330
-46.393314
-38.344353
-47.747684
-30.361332
-41.118262
-33.719151
-39.033092
-32.853496
-39.927012
-26.146946
-36.063783
-16.957783
-24.988777
-13.409359
-32.985483
-39.331272
-42.606590
-37.617851
-48.151124
-45.101750
-53.997153
-44.409705
-60.280569
-49.342879
-43.338644
-37.589795
-37.587396
-23.496159
-17.866657
-11.956973
-19.423844
-10.804398
-14.657121
-21.531822
-18.104531
-24.399833
-10.605777
-4.293200
-9.011665
-18.060013
-19.893909
-20.515203
-9.746216
-23.506864
-14.271186
-23.475101
-8.887676
-11.576061
-7.110045
-10.822465
1.750789
-14.486075
-2.859022
-22.216639
-13.522886
-31.229710
-32.665913
-40.122782
-35.308830
-46.695005
-37.272655
-47.891596
-31.424493
-44.940196
-34.238152
-37.663632
-42.885684
-47.751706
-54.560912
-58.375344
-41.204930
-43.328164
-31.292954
-25.099088
-24.046324
-22.691881
-32.815591
-21.945442
-17.568441
-19.602957
-23.428726
-27.422749
-32.431053
-22.794677
-37.360694
-27.338573
-36.933256
-23.133459
-27.327285
-22.811774
-29.775481
-25.576094
-35.887570
-17.661874
-25.175803
-6.230366
-26.749606
-28.422832
-35.019071
-32.845585
-42.777876
-37.348917
-56.381067
-39.950783
-52.166293
-42.628935
-39.976905
-28.717510
-27.627155
-25.992034
-29.717505
-21.142989
-39.264845
-27.879848
-34.247524
-41.246422
-37.924086
-42.025065
-39.544089
-35.077027
-42.487766
-34.774339
-32.831708
-27.205401
-8.969357
-19.940474
-6.155179
-13.731343
-4.705905
-4.184411
3.127139
6.845688
14.953183
4.215841
19.613492
6.741488
20.124162
3.223950
6.481939
3.649633
13.695783
11.684023
22.610582
5.291327
23.006896
12.260385
20.506926
12.566123
14.855282
12.270041
12.462091
3.274923
11.465225
0.770883
20.086242
18.767686
29.821139
41.190772
45.991500
58.158994
62.226173
59.209495
58.522709
45.245857
37.227760
39.605440
25.173102
36.269466
30.825845
35.341215
37.540759
45.166686
48.804548
50.876914
31.527507
36.807877
18.391690
24.364300
12.893189
18.399277
10.877955
13.147352
9.820650
21.628020
-2.217500
11.891144
5.546127
18.758638
8.891262
12.111847
15.102556
25.498593
11.240352
20.099702
6.154656
14.272369
6.298567
-0.867704
-7.052325
-12.514499
-14.710932
-10.877201
-6.343118
-0.001287
-2.882493
-0.102207
1.203019
-14.110324
-5.014221
-8.275425
-9.194080
-16.866343
-15.895705
-17.146005
-7.728314
-13.158358
-0.891387
-13.643736
-2.296454
-14.455541
-7.744961
-8.711885
-1.688393
-14.581145
-5.491178
-24.380254
-11.406723
-23.434777
-16.131094
-20.611090
-13.152231
-7.118068
2.344267
-12.156142
-10.521917
-19.708389
-10.885100
-19.676345
-16.604215
-13.720105
-10.522994
-14.396076
-10.942222
-16.010612
-5.960270
-4.287567
-7.454384
-8.989923
-10.085828
-9.773722
-18.889044
-20.267423
-20.938695
-16.468691
-18.560613
-16.158451
-31.764203
-20.876421
-31.797507
-22.379012
-27.539585
-16.697738
-21.495151
-14.548363
-18.128042
5.027554
-11.998474
-5.036946
-12.735413
-1.626482
-9.463018
-7.045634
-21.160582
-9.762080
-20.287616
-10.579650
-24.448347
-23.945885
-33.161054
-34.522139
-45.178419
-39.596156
-40.967518
-28.825349
-36.576243
-38.799004
-39.481949
-40.784421
-40.616926
-57.689033
-60.812743
-56.306831
-56.059614
-54.274070
-55.522229
-64.950381
-53.266581
-56.797739
-46.975224
-54.303795
-48.253201
-57.801178
-56.792856
-68.031166
-57.661314
-68.861125
-61.979876
-75.403423
-67.129695
-63.474074
-50.142044
-63.430702
-60.724325
-72.069401
-64.381929
-77.778738
-57.685146
-65.219938
-59.886022
-57.948146
-58.415185
-63.569975
-58.129594
-69.627183
-55.281860
-66.633832
-71.832404
-71.353927
-72.362080
-78.612187
-83.611023
-81.805039
-73.902325
-69.130475
-65.810889
-69.685950
-70.893756
-54.737717
-62.462644
-51.957819
-59.640114
-53.940550
-50.765382
-52.376947
-53.556819
-46.751606
-69.607210
-56.638458
-66.484474
-48.103683
-53.138078
-40.920607
-45.362198
-37.846981
-46.403257
-41.192381
-56.318271
-42.287589
-50.998048
-41.696177
-46.966696
-37.276044
-32.797251
-28.723568
-42.260139
-37.648966
-54.702115
-53.628015
-60.735283
-66.347869
-71.633216
-82.027798
-85.749709
-89.868258
-91.690040
-86.028647
-87.371885
-90.886241
-83.153179
-83.385762
-81.679481
-88.619371
-86.560172
-86.565348
-80.175906
-90.699426
-83.254162
-84.685909
-67.012690
-78.255444
-61.838067
-73.774986
-63.564482
-69.529574
-62.020617
-65.969567
-55.212111
-64.702541
-47.307117
-61.031350
-53.256007
-60.222615
-54.848213
-54.601252
-50.341268
-62.853997
-63.266691
-83.529680
-74.650613
-86.721068
-91.176622
-95.648000
-104.571717
-102.699345
-99.015581
-105.136397
-102.867839
-105.705741
-108.414490
-111.185808
-114.947810
-114.264432
-125.991844
-120.145564
-124.290974
-116.025199
-118.678026
-122.061233
-132.374358
-116.166143
-127.255929
-105.681822
-119.781209
-112.501550
-126.172680
-117.273731
-117.944026
-110.981220
-113.214875
-93.605051
-102.846753
-79.897639
-88.874024
-75.817423
-72.625773
-71.184401
-74.019554
-65.163245
-77.150770
-59.860402
-64.574862
-53.490168
-51.612127
-50.021935
-47.519541
-48.120148
-38.295828
-31.661710
-36.757662
-31.113820
-33.672718
-37.002010
-32.041833
-39.794373
-31.324737
-36.523577
-32.851237
-31.824723
-33.452846
-31.442576
-26.621410
-38.998992
-28.762332
-52.364023
-32.470402
-37.493613
-27.330309
-24.616947
-16.368815
-27.894432
-18.653804
-28.587352
-13.587602
-32.094292
-26.723600
-27.231402
-19.541342
-29.804995
-31.046068
-43.298533
-30.478007
-53.252479
-43.777476
-50.129417
-40.911107
-40.451030
-47.186263
-40.537345
-34.870126
-35.834799
-24.623243
-33.820234
-34.541477
-34.829258
-40.452410
-28.147052
-35.981650
-26.600232
-18.722540
-28.510791
-25.950303
-24.180414
-31.057205
-10.921181
-17.657656
-7.326540
-22.791487
-21.140148
-14.990030
-15.863910
-20.052252
-11.379440
-31.348593
-9.007627
-14.531115
-0.702483
-20.654306
-10.086502
-6.538537
0.706383
-9.903070
1.427665
-25.633761
-17.471265
-30.634367
-22.494404
-29.416523
-31.673411
-18.302708
-24.485411
-35.069928
-26.991889
-42.759059
-35.926853
-37.569520
-48.918370
-42.388276
-53.967517
-54.393659
-46.908962
-47.663031
-45.421407
-42.278792
-42.127664
-31.088601
-48.684608
-46.410022
-55.223651
-64.226193
-67.603230
-63.375737
-65.855880
-60.077968
-72.941798
-53.477519
-69.824685
-49.522701
-65.968165
-59.551414
-66.399023
-58.762086
-60.713632
-50.822428
-66.197870
-41.717876
-55.302354
-36.930072
-43.374680
-44.526221
-46.649342
-48.224662
-54.534178
-50.085316
-55.771519
-57.035903
-59.535187
-66.023660
-59.489155
-68.780008
-70.480482
-66.692134
-72.824488
-80.469179
-84.025792
-91.590456
-86.075448
-97.968581
-87.300239
-96.830937
-92.285283
-98.576358
-95.092794
-95.261772
-95.237884
-115.514299
-91.362157
-102.144376
-85.368450
-102.267522
-100.084709
-110.926825
-111.589339
-118.580100
-112.451105
-137.117098
-125.589289
-148.569273
-134.329833
-139.784257
-132.413464
-129.757750
-125.826776
-127.416059
-121.939413
-132.890528
-118.734502
-128.727352
-128.990233
-123.272935
-128.648826
-122.152658
-124.926976
-123.806562
-120.591312
-124.276125
-138.482769
-139.093893
-146.143453
-136.887313
-147.764003
-138.786301
-145.042396
-140.908332
-135.293431
-132.306603
-148.429568
-134.962066
-142.503709
-124.675142
-136.438823
-128.398242
-138.184523
-133.172528
-138.533335
-126.526061
-141.385113
-130.288638
-144.618850
-129.191439
-134.501022
-123.947047
-125.287896
-119.790363
-132.246248
-135.295915
-135.621322
-127.718085
-127.755113
-112.036152
-109.038624
-107.673942
-112.046665
-106.766398
-106.098123
-104.743960
-96.555797
-93.151069
-84.185030
-92.791120
-91.512084
-103.355035
-100.189084
-108.290122
-108.647718
-113.547379
-106.890965
-116.022745
-102.625116
-111.295975
-100.814909
-121.308104
-115.174686
-121.763736
-122.435134
-144.186201
-137.960222
-140.731541
-125.882522
-129.752291
-125.210025
-141.534019
-128.875830
-133.257521
-123.730094
-129.906031
-123.333635
-133.978266
-120.493842
-122.632755
-116.539145
-115.879930
-116.285526
-113.902943
-100.988120
-97.734135
-94.368654
-101.068110
-105.701085
-100.065870
-101.550361
-93.742478
-97.771400
-97.112871
-105.127161
-100.366960
-103.865385
-94.751985
-100.524079
-89.969310
-100.883320
-92.221230
-101.875831
-90.250051
-97.198744
-84.529468
-91.713374
-88.197846
-104.465895
-94.693790
-106.843410
-98.479964
-118.689673
-114.512939
-117.216590
-116.346671
-130.432603
-116.670479
-127.745592
-119.894386
-131.107349
-128.244673
-132.100629
-137.850061
-144.065553
-141.581246
-144.049002
-135.988740
-139.524053
-145.280650
-144.615360
-147.203451
-137.937730
-138.645859
-136.603748
-133.720320
-125.194825
-128.097798
-124.029066
-132.026887
-128.351793
-142.491592
-129.746962
-133.087856
-116.391118
-121.132594
-117.931097
-127.232714
-111.567646
-129.444672
-107.891093
-118.156128
-105.629456
-110.820039
-106.755946
-114.812701
-103.683598
-106.059450
-92.873659
-109.198094
-101.627729
-111.646018
-106.265969
-111.803623
-123.007493
-123.677446
-115.458279
-118.345360
-107.194630
-112.492955
-111.516117
-125.157678
-135.579761
-121.169871
-126.162386
-122.853555
-119.690339
-120.432425
-119.303465
-108.016362
-116.402366
-97.192474
-112.445020
-111.574028
-123.120376
-116.723202
-114.904087
-100.741555
-103.514997
-91.555645
-103.097831
-86.287132
-104.413767
-93.809402
-92.644420
-76.143074
-72.105767
-68.193174
-76.317479
-60.460257
-80.523484
-70.360612
-68.561717
-49.305971
-45.826950
-42.736296
-37.574090
-23.022637
-32.643064
-23.017891
-29.488407
-21.047831
-25.630857
-40.101442
-35.822374
-41.147728
-36.640462
-31.197528
-38.068599
-39.118022
-38.193473
-48.771052
-30.342294
-37.606037
-28.522944
-38.180363
-37.308397
-38.558179
-38.712019
-43.093596
-35.711841
-49.442712
-31.636603
-41.375126
-34.658455
-46.933488
-41.048963
-37.153181
-25.472143
-48.521639
-38.000915
-45.246962
-33.529584
-42.924603
-27.012050
-26.003519
-23.529827
-32.637566
-30.236197
-45.418500
-35.314241
-49.240323
-50.031503
-44.812779
-49.668196
-40.355729
-42.311353
-39.606334
-38.625414
-47.220630
-49.854322
-56.734983
-66.287081
-54.991768
-73.829629
-70.438248
-70.334974
-58.864782
-53.368180
-46.888365
-51.285147
-37.813523
-52.956175
-35.375584
-43.687716
-32.590179
-32.496780
-24.627292
-29.838093
-29.028875
-41.702999
-35.210412
-48.598052
-37.490993
-45.735626
-38.116042
-45.425694
-37.687761
-52.317866
-42.217986
-51.866217
-37.236970
-40.381340
-26.440262
-20.327238
-26.908582
-26.756957
-18.738594
-18.071462
-19.708117
-24.004375
-18.768418
-9.635044
-11.069587
-5.449796
-13.995937
-9.275458
-18.864171
-18.154801
-22.110922
-19.459447
-32.398011
-14.419752
-25.672608
-21.492088
-34.220280
-33.203171
-44.717163
-37.698534
-46.022813
-29.120502
-39.286316
-21.518216
-39.658319
-28.636796
-30.716671
-27.400042
-37.185597
-34.790713
-44.439059
-26.128590
-35.549411
-36.946613
-45.611996
-38.586937
-40.827129
-38.919932
-42.461713
-45.441131
-52.467876
-51.392331
-57.288405
-60.386502
-62.696602
-72.740653
-70.572054
-69.288825
-69.480737
-76.593686
-73.622132
-74.233933
-72.532493
-81.262991
-61.179078
-76.359767
-69.606179
-71.748538
-75.503364
-81.401793
-73.932448
-83.661837
-72.755985
-82.970464
-58.893456
-62.459222
-54.417746
-64.423802
-56.539400
-60.322398
-51.084265
-73.147064
-64.764695
-80.299187
-72.363189
-82.272507
-80.170016
-76.503419
-66.282257
-76.972211
-66.657690
-75.400726
-75.209943
-81.005237
-87.457844
-84.468015
-83.122140
-74.995445
-84.562051
-84.432203
-78.791983
-76.428270
-80.799417
-76.928169
-88.260256
-70.778168
-68.784851
-58.220383
-65.619578
-56.279224
-43.069600
-26.845371
-32.006245
-17.826486
-32.559346
-12.064317
-16.801605
-0.445371
-5.935913
-2.780979
-13.726927
-8.936668
-26.524975
-15.255491
-32.874763
-14.981308
-14.093834
2.418220
8.535052
12.575287
9.004794
6.183430
-8.202512
-0.151619
-7.619327
1.012278
5.861061
2.637198
17.269523
19.095728
17.729497
12.437199
6.245742
13.856449
16.296404
9.975710
23.037437
14.997998
28.976978
22.680095
35.312551
36.662545
42.403372
37.289317
43.689973
23.687562
36.466659
31.863563
50.765843
42.843627
47.525236
43.160718
47.376605
34.891278
44.819557
15.769298
24.724513
14.449454
20.447747
21.204829
17.414184
11.975133
13.432539
4.399885
12.850425
-7.690951
-9.115802
-15.074007
-16.472744
-13.144740
-25.589031
-18.349585
-17.031964
-17.782265
-15.565693
-22.045487
-20.191448
-14.948755
-27.326849
-16.240508
-32.395940
-24.416963
-22.383183
-19.744196
-21.107778
-26.851321
-38.443508
-25.942943
-35.565050
-13.960879
-26.358536
-23.401578
-27.522773
-28.300866
-27.573145
-13.753478
-30.373008
-18.160953
-37.952607
-24.152736
-33.745508
-31.869617
-31.027546
-22.720444
-24.921679
-16.570890
-29.082252
-10.018789
-12.849287
-3.736181
1.881362
0.436093
7.208970
5.196173
6.577133
13.227274
9.491513
11.751808
11.482256
1.105428
14.323311
2.977276
5.819608
-2.553549
-4.980303
-6.375507
-8.357447
-9.675134
5.310996
-17.233502
-3.990818
-21.376065
-9.019028
-17.878124
-17.063963
-9.861914
3.535445
-2.148774
21.259254
-5.801819
4.606220
0.784290
4.627359
-1.954815
-7.486196
-11.755889
0.780061
-11.263520
3.143202
-7.129176
1.389292
9.041779
6.457460
8.607588
1.798113
1.450773
3.189185
-3.355227
-1.906721
-2.388183
-10.532853
-3.800634
-21.652886
-17.985623
-24.242833
-23.870371
-17.656496
-21.951645
-26.034208
-13.797081
-15.077032
5.285469
-7.387286
-3.556995
-20.308475
-22.713277
-30.021847
-25.502367
-31.544992
-13.060991
-27.959749
-8.979081
-23.193872
-13.163934
-11.583738
-3.132715
-6.673850
-4.222941
-11.552876
-3.483179
-19.560752
-16.321047
-19.835030
-32.141585
-34.338434
-37.694467
-37.655659
-27.528224
-28.864165
-15.224107
-21.657836
-26.704394
-20.261180
-31.224041
-25.223206
-24.554592
-26.243042
-35.555723
-40.589410
-49.007867
-48.802139
-65.789032
-57.996755
-75.814250
-71.543915
-83.157059
-70.896186
-71.827201
-57.140196
-62.739551
-56.293821
-76.958035
-68.087906
-82.511269
-73.907042
-80.686961
-74.744919
-74.983471
-69.421516
-87.021242
-80.052884
-87.035951
-77.187970
-83.497256
-79.245442
-79.769530
-87.210019
-91.510255
-86.260334
-86.659378
-85.015408
-84.012602
-80.798295
-82.260068
-89.895812
-82.612054
-82.024157
-77.915046
-83.849014
-80.634645
-86.660882
-82.423208
-87.514969
-72.462185
-80.109646
-74.906019
-80.554466
-71.045162
-77.323896
-72.574746
-88.278655
-79.598110
-93.044747
-79.148607
-96.203511
-80.466992
-91.371080
-94.040414
-103.961205
-91.530701
-102.573295
-105.031808
-117.738382
-98.223178
-105.446293
-98.782867
-107.911950
-105.126084
-109.334462
-107.443016
-106.378616
-98.166561
-93.478285
-86.857002
-90.705626
-90.946792
-75.522177
-73.946959
-72.931494
-72.339529
-74.721699
-73.394128
-63.942445
-73.463703
-74.206045
-95.907367
-88.280448
-94.192489
-90.703954
-99.051168
-93.022457
-107.717919
-100.843526
-110.674150
-96.112324
-112.884544
-104.258625
-108.444183
-92.822589
-98.710895
-84.734898
-95.235963
-85.829034
-92.341443
-80.409533
-89.473481
-89.850897
-95.221157
-91.484112
-102.722280
-99.223187
-104.398178
-94.917418
-94.882583
-89.078696
-93.613428
-92.115961
-90.795300
-101.264740
-104.796559
-111.920437
-117.463995
-120.776985
-123.679273
-126.692030
-115.793557
-129.503370
-124.019976
-135.238350
-132.355923
-142.663545
-140.339023
-151.313742
-142.598522
-153.393640
-141.961220
-152.097927
-137.104302
-146.815306
-143.885650
-149.127041
-131.920366
-138.120915
-118.072701
-133.826564
-129.230407
-140.529058
-134.918733
-138.497592
-135.055030
-134.083305
-114.293476
-121.712020
-109.125612
-114.621408
-115.178093
-113.638605
-119.875597
-121.613076
-129.316057
-128.107457
-121.313150
-120.994054
-123.944395
-120.914832
-127.318730
-116.402639
-129.673970
-123.700767
-114.801436
-106.307520
-103.520009
-90.500511
-100.025105
-89.956118
-111.554162
-97.734913
-109.585747
-98.964315
-102.112643
-103.467388
-105.836202
-83.775300
-94.990858
-72.522782
-77.469977
-65.651027
-72.723466
-65.001219
-64.282506
-61.886396
-70.270250
-60.338206
-73.989527
-66.474055
-74.414839
-72.547694
-74.950717
-75.694174
-78.984073
-89.983681
-99.437054
-101.745549
-112.943716
-114.467561
-111.339166
-123.158362
-117.792273
-127.712472
-118.603556
-121.478138
-121.906280
-120.426497
-109.137889
-113.479797
-101.360255
-118.577807
-103.611087
-119.826131
-117.989253
-127.944813
-131.692919
-133.276209
-111.123459
-117.907912
-102.093569
-125.525539
-121.041774
-131.502259
-130.835412
-132.979955
-126.877416
-129.687020
-111.423276
-116.970308
-98.101919
-107.268649
-97.629252
-98.295101
-95.602766
-94.496494
-97.383766
-100.645135
-90.750385
-97.418157
-100.167596
-105.814531
-108.266852
-99.583587
-113.297691
-108.272527
-107.510836
-104.863908
-100.994947
-97.847036
-107.309775
-100.968118
-110.895444
-90.375977
-92.911485
-80.863879
-86.596820
-83.445990
-89.691901
-82.961339
-101.091397
-84.714084
-105.462878
-103.343875
-112.055924
-105.414513
-106.894901
-104.086579
-112.824475
-95.784257
-100.499055
-86.454548
-97.825619
-91.459606
-92.044033
-92.228855
-99.772992
-94.739205
-98.406079
-91.347649
-90.633172
-82.829250
-82.073511
-85.451166
-81.412094
-93.326702
-97.412910
-100.388566
-98.163436
-99.843871
-93.978104
-103.539405
-89.540626
-89.840204
-80.083218
-81.475943
-72.707017
-79.545332
-75.635677
-85.583933
-67.580379
-82.061290
-71.297905
-84.601347
-77.681413
-85.523249
-86.284791
-95.130054
-84.655691
-81.358514
-60.308718
-69.572935
-61.099302
-70.005667
-66.551386
-72.953373
-67.421665
-73.913863
-65.049836
-77.364770
-68.077961
-68.029213
-69.510670
-67.283665
-76.529329
-79.818561
-77.651824
-77.294640
-67.721270
-72.616597
-65.333536
-51.064070
-61.338243
-54.538501
-60.931685
-51.837800
-58.670828
-53.198109
-55.238440
-42.035935
-49.169271
-35.286515
-49.879639
-44.302416
-59.069405
-53.076790
-61.316132
-64.839636
-73.065674
-60.362214
-77.322798
-62.608917
-73.594719
-60.462890
-64.045357
-52.818995
-50.186347
-45.573603
-47.623356
-33.768224
-43.334361
-37.072024
-47.602428
-61.260663
-74.126060
-82.193781
-82.799315
-78.363508
-78.322951
-65.986924
-64.036558
-62.939041
-53.198354
-58.372580
-50.175591
-65.455629
-65.904004
-73.051295
-73.520276
-79.428243
-76.861123
-91.714425
-75.657662
-87.833743
-74.798397
-90.660021
-86.989488
-96.136733
-95.880631
-106.877764
-105.408173
-120.183848
-108.710534
-125.075338
-120.996448
-133.698027
-134.096856
-131.272730
-122.394364
-130.207962
-113.384173
-124.074542
-101.189490
-92.447927
-83.100739
-89.967737
-96.456378
-92.779511
-92.847448
-105.643875
-105.339502
-110.176474
-103.426037
-89.408999
-91.216108
-84.088535
-88.355858
-85.155757
-90.865526
-81.299665
-75.754736
-68.020235
-76.220295
-69.846043
-84.255234
-62.057119
-68.198619
-52.813887
-50.953404
-41.101690
-40.433674
-25.122691
-29.292943
-14.976834
-23.740622
-3.514461
-17.620544
-10.746198
-18.951568
-14.166669
-12.276479
-6.893753
-21.629263
-8.483151
-21.329462
-16.132628
-25.257783
-23.940870
-22.363784
-29.007869
-30.880116
-32.539022
-40.474067
-30.762381
-26.612062
-26.688290
-23.911438
-30.956179
-12.727464
-20.009235
-14.339522
-15.365266
-12.557268
-10.970187
1.312846
-4.340371
16.236730
3.736976
19.795116
15.476106
15.450465
13.699551
13.983307
4.528684
6.042423
-17.113383
-2.237338
-18.908126
-9.259289
-22.697493
-23.851079
-20.290841
-14.727474
-26.228790
-2.277456
-14.408880
5.574002
-1.645256
-1.435060
4.751464
2.604641
11.134098
18.424431
10.249555
21.501937
21.862061
30.553316
33.054948
30.623508
40.191730
27.066268
20.129473
6.841262
-4.566165
-9.528772
-11.621139
-22.248025
-7.580162
-17.916223
-3.999099
-15.041661
-16.552268
-18.390266
-10.004682
-13.023660
0.034360
-12.280352
4.385153
-13.002073
-8.722315
-18.249784
-9.149527
-5.616993
-7.919998
-14.151068
-1.265710
-18.844543
-7.007502
-31.595935
-31.564296
-36.715437
-35.212225
-31.831623
-28.522585
-29.738640
-17.571498
-32.750973
-27.034524
-20.972134
-29.365289
-21.535623
-23.836311
-13.900419
-9.707652
-14.621024
-13.494673
-22.577137
-28.495580
-17.838541
-27.727301
-10.214993
-17.834237
-20.017135
-21.051569
-20.871694
-31.892585
-32.015242
-47.369071
-21.408869
-46.989870
-37.865328
-43.272052
-29.501234
-33.002456
-34.627387
-42.653961
-33.500448
-46.782578
-31.702424
-43.482719
-43.562776
-44.323667
-42.863009
-41.582821
-41.289763
-45.812045
-37.946719
-49.826669
-38.368295
-40.621085
-45.315031
-38.770663
-40.070249
-37.380289
-42.215237
-38.778867
-36.607169
-41.209223
-51.628048
-51.178684
-71.815591
-68.199247
-80.904436
-69.557938
-72.693921
-72.735812
-79.313405
-75.518430
-87.183738
-73.629813
-88.570952
-78.516199
-95.296923
-84.983148
-88.081508
-77.905005
-83.175798
-78.250707
-81.892322
-63.543191
-74.729253
-68.058464
-76.365333
-70.908261
-76.783069
-77.413111
-87.787695
-81.808013
-89.146805
-83.455757
-88.531999
-83.313380
-75.765401
-75.335858
-75.478892
-79.990579
-87.803750
-101.896542
-107.875186
-118.514882
-115.914008
-124.889021
-114.368248
-114.791416
-104.243579
-102.410778
-92.508764
-88.399848
-85.089027
-100.171494
-86.737320
-97.767390
-90.013471
-102.149183
-86.448779
-83.546071
-72.463132
-76.669328
-58.981327
-72.625665
-57.514664
-84.775071
-83.373429
-88.881116
-76.646607
-83.402266
-75.403759
-75.363096
-72.221378
-78.366207
-74.360039
-80.086131
-80.083551
-82.123694
-81.930836
-78.149978
-76.271418
-72.487441
-64.139918
-63.350040
-59.621833
-51.593739
-50.058921
-41.599765
-49.389340
-42.346308
-46.416100
-41.764516
-38.242089
-25.780242
-43.322261
-40.348342
-52.406291
-35.942541
-45.403289
-40.969329
-51.360243
-45.623489
-51.208670
-31.828111
-50.687252
-39.894852
-54.515469
-42.205799
-42.225060
-33.361698
-32.959912
-26.891122
-33.088917
-18.796790
-28.336016
-25.052749
-32.096541
-33.965169
-49.877036
-54.788425
-57.607287
-63.983202
-74.665401
-72.265387
-69.565075
-70.504293
-67.905589
-77.622090
-74.566407
-82.726945
-74.266046
-82.518137
-80.041078
-83.243642
-76.258202
-81.735729
-67.945926
-78.628344
-68.426679
-82.599215
-79.012264
-87.417637
-81.857345
-87.790925
-73.517534
-87.989476
-72.254506
-79.382699
-66.566032
-79.191724
-77.010498
-79.570379
-73.548896
-76.842498
-61.673620
-75.892267
-70.098763
-81.947174
-76.394994
-75.637119
-75.930850
-71.921808
-64.955134
-69.803950
-70.462072
-81.981431
-83.938938
-80.713919
-90.352144
-85.089762
-92.193998
-86.906255
-94.390228
-100.223064
-106.417576
-101.775177
-110.357589
-91.767519
-98.260064
-81.129095
-87.415820
-85.391035
-91.828112
-85.145886
-90.164585
-84.167350
-97.329033
-82.120506
-96.140356
-81.559076
-86.127518
-79.171650
-85.667110
-74.780009
-82.786668
-64.414297
-75.339687
-58.033760
-67.542038
-68.916726
-62.729212
-60.921160
-59.095760
-45.021870
-59.778709
-56.906685
-66.953677
-67.502584
-74.612145
-82.081054
-68.376491
-69.054214
-66.723418
-62.891085
-65.293026
-69.743094
-73.896155
-89.667149
-78.257259
-83.298811
-68.728453
-77.776926
-74.675780
-77.615815
-78.995272
-92.813808
-77.093822
-96.332945
-83.649057
-96.375407
-82.390186
-83.322818
-75.424631
-77.865555
-81.377167
-93.040147
-71.272084
-90.046697
-80.882700
-92.060276
-89.795445
-90.826201
-90.999642
-93.236407
-80.578106
-81.342984
-65.994032
-72.353601
-68.288360
-61.683448
-61.516900
-63.384975
-68.427237
-73.725333
-75.488762
-83.881432
-86.321753
-83.028070
-83.792548
-68.493528
-81.491469
-68.133540
-76.389460
-65.548603
-72.111689
-73.676323
-94.469885
-85.826382
-103.255516
-85.971626
-94.870619
-87.087349
-91.059714
-82.610452
-79.252961
-60.848449
-77.996220
-71.796528
-90.651414
-73.205255
-82.256888
-79.709617
-85.856067
-83.465819
-85.881814
-77.662516
-89.047774
-76.862996
-85.580100
-90.251118
-99.157031
-100.650310
-96.543730
-100.910791
-104.282557
-101.223392
-110.272446
-115.417592
-112.116881
-116.743419
-101.922296
-104.246645
-94.731887
-97.959218
-98.209438
-99.910096
-91.274335
-104.521911
-93.152681
-104.367195
-84.734863
-90.869173
-81.862467
-89.391422
-77.947869
-83.009792
-78.771696
-88.547770
-74.848541
-89.684665
-76.413832
-84.668186
-83.212198
-87.652311
-92.738862
-99.635307
-88.706648
-105.417786
-89.376021
-98.312941
-93.127876
-88.777300
-81.385993
-79.737420
-75.397829
-80.040447
-69.538163
-70.257261
-66.850097
-57.315942
-64.683603
-62.232497
-71.775122
-70.353752
-73.525965
-77.392098
-83.535317
-72.841460
-82.428143
-74.194240
-76.601729
-63.111969
-67.123186
-57.215939
-60.589115
-41.536009
-44.374440
-28.554451
-43.912740
-42.187409
-49.746736
-31.976564
-37.145161
-24.393220
-31.752535
-26.869535
-32.120774
-13.375033
-25.104743
-19.445119
-25.123047
-18.431944
-19.804857
-9.801933
-0.767132
2.004279
1.782415
11.493370
14.231807
13.051148
21.039303
18.522173
21.947594
18.978846
20.756515
33.060209
40.873274
40.459252
49.843998
36.068180
38.138610
22.641289
27.207258
18.335517
16.618802
7.541358
14.008705
6.977328
25.718938
14.707255
31.854324
21.368738
28.412878
15.058377
15.159622
10.445088
22.321944
12.623670
31.862778
20.775067
31.405259
29.643894
34.710511
34.872106
39.522127
34.388048
39.817060
28.896561
25.895315
22.033483
25.481470
21.823591
15.214203
16.829218
7.151174
7.126223
12.516064
13.169896
11.770186
16.470813
3.531330
11.201148
-0.474539
7.537415
-0.865932
-3.701091
-12.094149
-5.622491
-17.094545
-11.390690
-24.461579
-7.739572
-18.565159
-4.030219
-11.371813
1.008426
1.720982
11.934154
3.310904
10.063240
-0.785981
8.043005
2.322971
12.223761
11.583338
11.867298
3.184945
9.224399
13.382952
19.783139
3.996857
8.013146
6.382655
-0.292792
1.103456
-3.712017
-1.595649
9.317065
19.134683
23.499329
30.526744
23.615423
36.593520
32.127158
45.624666
36.726646
41.087731
30.116852
32.163911
32.950761
41.548086
31.653024
55.362668
41.578029
54.344273
43.183901
35.467373
23.020157
28.552693
22.731270
35.314030
20.400298
31.313288
18.097672
30.603346
20.123515
16.383293
10.332120
13.930231
6.017060
17.251651
14.812181
24.253725
19.980389
21.688330
27.554869
23.473675
28.032391
21.629665
16.024265
20.643773
18.287730
17.113816
21.387231
7.328217
8.357880
-11.089477
-8.885473
-8.052592
-11.095750
-13.751948
-4.769760
-13.784054
-1.504483
-18.131470
-3.758368
-20.589966
-21.495698
-34.022269
-29.534860
-25.064751
-13.520541
-34.945534
-18.705430
-30.399715
-14.638730
-19.561957
-14.009252
-9.787396
-7.597080
-9.900242
-4.097061
-22.724788
-11.400015
-21.571213
-10.825792
-11.079347
-19.360053
-19.773738
-27.629228
-32.394017
-27.033837
-30.355610
-22.501960
-19.546834
-35.467423
-25.622221
-37.009640
-25.854258
-33.375544
-26.837956
-22.377529
-13.125037
-8.901603
6.790531
-12.875962
3.802201
-12.028930
-0.074877
4.440988
13.439567
9.871421
14.135102
-2.263186
12.146464
-15.100321
-3.783220
-13.193888
-11.540249
-18.288901
-16.863637
-20.808152
-10.265004
-22.618302
-9.367362
-21.760823
-11.177100
-14.342333
-23.103725
-20.038753
-25.876961
-29.588934
-22.105093
-28.291857
-16.279473
-6.913363
-17.433752
-9.660549
-17.732020
-10.526266
-16.630726
-13.684278
-8.379879
-12.169572
-22.329072
-10.925294
-21.473989
-6.386557
-21.579978
-5.174953
-5.903580
-4.426241
-8.912588
0.270542
-1.512060
14.407078
0.584777
24.141403
15.376241
23.468328
20.663226
25.451345
21.639896
25.174395
17.556811
26.908607
11.297086
24.492184
22.220038
17.621162
31.708977
31.054884
32.862294
41.481033
35.526043
41.126315
35.335581
23.807927
22.801945
13.247713
19.889438
12.972005
9.865458
10.268457
9.843544
6.468861
17.878718
5.103058
19.602148
1.709008
13.171026
6.903785
15.358491
15.274296
22.689551
15.357186
26.881149
7.336004
15.908446
1.933432
10.260128
0.289499
4.139833
-6.481515
-1.613942
-13.848811
-3.077579
-19.393618
-15.988753
-23.004165
-13.950727
-19.994048
-25.618278
-28.881030
-25.190980
-24.772735
-20.320861
-21.608699
-17.054655
-16.297231
-24.207280
-17.312938
-25.782623
-27.588939
-29.910887
-25.385294
-30.989527
-34.628336
-39.512354
-27.199247
-40.015385
-24.374678
-31.056771
-27.661785
-26.935968
-13.897552
-19.162297
-8.992468
-24.485802
-17.839576
-34.364677
-29.665174
-37.478586
-32.206602
-41.537713
-29.294322
-37.520569
-20.218334
-27.572266
-16.574966
-29.622084
-31.784630
-42.128874
-42.655446
-51.075442
-55.349440
-59.717363
-49.575308
-58.844285
-58.386954
-58.344120
-58.073051
-54.220132
-59.427485
-61.379916
-65.003624
-61.728205
-63.240727
-58.150778
-63.218760
-49.778284
-54.235741
-44.310114
-49.625590
-41.411996
-48.149435
-39.001352
-42.148184
-31.283366
-37.240825
-30.893424
-44.485727
-31.407090
-31.476839
-23.416315
-34.943457
-26.433903
-43.164628
-31.664633
-40.298858
-29.158780
-37.588340
-27.005771
-34.140005
-31.846208
-30.924343
-27.065667
-36.070945
-28.509510
-24.905080
-20.224712
-22.862824
-25.385182
-26.515822
-26.659333
-28.654979
-28.155275
-26.843841
-32.119284
-29.552965
-37.588739
-33.135495
-36.163611
-26.276416
-34.841125
-26.369377
-34.409095
-35.003574
-47.981413
-33.434512
-51.232745
-34.199088
-38.138448
-31.324326
-46.076639
-35.967706
-31.539078
-13.092344
-16.947992
3.317438
-5.166896
3.005830
-10.700651
-8.883740
-20.206704
-17.080341
-20.308224
-14.913685
-27.623679
-15.532210
-22.426177
-27.034257
-24.707384
-24.564838
-21.644086
-10.392209
-4.876761
-3.827738
-7.516798
-8.667147
-6.254246
-17.004569
-8.224403
-16.007714
-9.156251
-11.070176
-8.470877
-5.573228
-6.138668
-17.412543
-5.987736
-20.924386
-4.631556
-11.106747
-2.382896
-6.421791
-5.235818
-13.949276
-0.915331
-14.181960
-6.249824
-26.739190
-12.875355
-10.841407
-2.308170
-5.887391
3.469966
-8.470609
-1.482599
-20.069167
-14.913528
-21.185077
-13.421699
-16.388244
-18.386357
-12.141704
-12.664094
-21.720851
-13.357705
-19.315188
-18.595734
-18.347998
-27.288204
-18.485586
-28.870859
-22.534657
-24.997312
-25.987128
-30.322850
-26.417718
-31.648071
-16.732920
-29.988448
-15.429072
-32.461859
-31.786198
-34.358596
-31.784268
-36.727175
-25.563904
-47.557349
-30.123918
-35.289578
-20.356736
-24.436151
-23.819970
-27.635145
-30.303294
-46.744471
-35.413743
-51.371224
-44.516069
-57.364258
-50.318802
-57.613870
-60.207706
-56.078300
-58.084250
-65.977351
-57.157879
-62.802184
-52.791653
-54.660228
-52.564822
-38.192364
-48.071254
-38.744257
-37.366575
-36.104836
-39.726457
-39.141379
-42.272829
-38.041424
-55.018501
-40.562649
-52.173439
-44.436218
-56.872289
-51.971929
-53.991828
-47.129226
-57.289676
-42.972358
-57.039219
-38.653878
-43.419826
-36.400128
-42.114969
-41.666527
-40.165478
-17.792582
-25.703666
-11.925067
-19.628388
-14.898161
-18.652887
-14.009133
-9.711028
-9.336386
-18.250638
-0.992293
-2.599892
13.551568
13.045939
5.784750
11.969468
1.885521
7.392445
10.373747
14.436335
16.804615
19.094317
16.046963
30.173044
19.252517
25.506321
8.235117
12.067655
4.423856
4.677020
2.969082
17.382590
-1.833272
14.717025
9.156351
21.602936
4.869888
6.737537
2.194576
4.383322
-6.961438
10.671901
-1.537878
13.078066
4.815615
10.199331
12.489365
21.423911
20.573424
25.745933
19.373923
16.083546
-8.211787
-8.540725
-15.088690
-20.399997
-10.599030
-8.179216
-2.670366
0.047423
0.165599
5.013652
2.325235
-6.979080
-4.129500
-25.240618
-17.039495
-28.617908
-23.085080
-21.910073
-13.511803
-17.120796
-10.342639
-21.217583
-6.069661
-10.948999
-1.595528
-11.483590
-4.641507
-12.739054
2.692892
-10.870955
5.869907
-6.168315
-1.081889
-7.730975
-6.890446
-16.968419
-23.990468
-40.447961
-34.041110
-36.450472
-23.434170
-26.836744
-10.459615
-1.564024
0.905771
1.991602
6.386080
0.173518
-3.027062
-7.283850
-11.745351
-5.755363
-5.817163
2.173636
-7.230009
3.987169
-0.113516
8.097870
9.393665
21.584600
14.828254
27.856473
13.248294
27.670510
7.911030
17.846097
6.680419
11.359794
7.493303
20.958853
13.198417
33.308310
20.350466
27.687729
24.122432
28.755549
32.182891
37.856611
24.153555
37.724151
28.173553
36.390255
26.027033
25.602303
22.376123
19.956854
12.865702
10.774825
1.256043
0.210212
-5.138821
-3.544598
4.995287
-4.320767
1.638073
-0.979600
-2.252911
-1.113262
-1.496902
-8.249711
-2.357592
-18.321159
-3.436151
-11.147211
-6.307490
-9.006826
1.438865
-3.695431
6.039893
-6.997491
4.386170
-13.379978
1.716448
-10.998834
-0.658340
-6.803749
-3.008459
-3.946763
-1.942024
-6.813438
11.232519
6.230057
18.467767
14.307664
21.219328
19.887251
21.655527
24.276145
28.490287
20.985487
28.765581
21.126214
24.212444
24.512835
15.733566
18.494696
11.364462
6.704268
0.366574
-4.833526
-4.254286
-2.863082
-14.613733
-9.805185
-28.307419
-16.212143
-28.979524
-23.154232
-27.532876
-9.920734
-14.518485
-7.049735
-21.037998
-3.314209
-13.644748
-2.215335
-4.585999
9.109182
8.238562
17.465388
6.463751
18.934385
7.736946
17.025947
11.354644
23.862650
25.150599
24.855168
23.279479
25.248817
20.022280
26.099156
25.400914
30.831279
28.996530
36.136068
43.615097
30.108696
30.045476
30.481818
27.389379
21.845317
17.887070
7.527693
13.360730
9.452556
20.269378
0.525550
1.377141
-3.547778
-1.213862
-6.126463
1.654284
-14.293178
0.566481
-24.819377
-10.349251
-26.200400
-18.168960
-27.388262
-19.747157
-27.787979
-14.781811
-22.610125
-4.104382
-25.685157
-25.772847
-27.396286
-24.264207
-21.835562
-19.669719
-24.512036
-21.637078
-25.086813
-17.850571
-37.032923
-47.101088
-47.177807
-49.194153
-41.803426
-48.668578
-53.470415
-45.535636
-51.157238
-59.243382
-44.273761
-48.221050
-36.356774
-43.570331
-30.348858
-39.630346
-43.106735
-51.416269
-47.838057
-53.004627
-43.284741
-52.133377
-29.408027
-50.180058
-36.697743
-38.434718
-16.050035
-12.730047
-2.617724
-13.385027
1.820897
-12.052289
-1.849366
-8.387293
-4.867436
-4.433316
-5.677496
-0.522146
9.442737
-0.352024
13.466606
5.376491
17.361136
9.697404
6.655862
12.886721
11.118055
15.595688
12.458529
9.774844
12.875649
11.424346
6.710455
22.808033
12.509772
30.065401
16.208274
18.732827
22.760897
21.264135
21.841690
30.610307
18.892261
36.714335
15.305748
29.171062
17.634183
18.266110
18.814034
28.699326
15.321415
25.465482
12.925168
23.234703
9.449119
11.568915
5.433317
3.236017
2.040809
5.685148
-8.097169
-0.305541
-9.301649
-0.071705
-6.992511
-10.273650
-10.416202
-22.868884
-20.460274
-13.017477
-13.807579
-7.967817
-10.798744
-11.490121
3.970934
-12.868941
-1.131677
-15.203376
-14.568039
-17.919468
-19.689822
-24.139842
-20.420334
-30.269420
-10.357190
-25.559049
-9.196754
-13.829868
-5.985930
-6.615294
-5.666479
-11.038136
3.790429
-17.617242
-2.508469
-18.712628
-6.262336
-11.862849
-6.988869
-3.634916
5.454607
-0.773619
19.321361
0.994879
4.180741
-0.009804
-2.444665
2.786998
-4.343406
-8.303660
-7.612118
-19.076342
-15.778973
-25.746954
-27.199912
-29.649401
-45.545816
-33.283648
-40.017946
-30.533456
-29.734672
-25.443393
-28.230725
-27.544836
-44.449016
-31.130658
-45.321037
-32.576570
-41.966858
-27.045890
-28.758730
-18.625470
-31.727384
-23.414817
-40.930224
-26.100266
-37.796260
-26.694634
-40.056649
-43.448064
-46.844693
-43.949836
-52.554076
-41.207780
-51.895819
-42.007874
-52.440150
-47.496800
-37.664286
-39.502209
-38.411209
-40.579436
-48.499840
-38.533787
-49.508223
-46.736854
-45.712772
-54.743705
-47.666909
-56.974702
-48.997999
-50.103475
-45.234871
-48.920475
-43.553503
-53.309000
-30.733784
-34.244727
-18.689746
-31.177265
-27.524078
-27.181774
-16.971509
-17.920951
-4.911088
-30.979452
-22.157906
-32.294303
-16.929124
-19.211159
-12.011793
-16.196878
-8.304788
-9.645288
3.617742
-3.308383
11.729713
5.591657
25.119721
34.360513
37.589117
35.090934
34.500950
31.791168
37.947807
36.421740
43.176139
48.572977
46.818997
56.917295
54.340238
62.894409
61.541704
68.542789
68.258072
71.885847
64.190519
66.742105
55.613610
71.482067
62.996797
70.322133
61.142659
63.166375
60.678779
62.732706
45.105783
61.500530
48.084726
53.604233
42.176089
53.736868
53.893714
56.045891
39.622840
44.806190
31.371886
44.743335
43.167676
53.639536
41.326011
32.199202
30.723779
34.637562
36.077854
42.082574
37.266662
37.927579
36.361149
34.497447
37.436954
33.765117
40.030604
37.814185
46.433343
46.535848
49.017414
46.189199
55.403800
46.342750
52.443489
35.094456
42.689833
41.858052
45.933277
36.263625
44.629106
32.524949
46.322831
38.149745
55.408342
47.523366
52.431183
39.316944
41.710945
29.947744
39.041048
28.917039
31.518985
20.677854
26.578570
25.223918
35.763296
27.066856
30.893770
30.716611
40.782056
29.563346
30.329503
28.840895
31.885511
32.641725
38.598924
54.588583
59.296510
57.837203
58.336259
59.572122
53.082513
57.146448
51.629341
60.923134
51.646389
55.973761
46.938860
51.725593
45.440104
50.919413
41.830118
54.646926
40.141877
47.940652
39.443744
54.823292
48.364541
62.447930
51.430624
55.186282
34.889649
46.008640
36.124557
40.995798
33.865760
34.726619
21.997998
22.242049
10.558957
15.545183
10.755836
17.236854
15.299037
9.346400
13.240191
13.939614
20.544715
23.383523
17.605982
16.130257
17.326680
11.062794
16.481657
4.674482
16.136078
6.487444
13.917666
17.308985
19.032071
-2.275690
7.331020
-0.138457
11.139190
-4.027591
4.802239
-7.033660
-10.723660
-18.626645
-13.402831
-23.888570
-11.802401
-28.669958
-13.750503
-32.390829
-33.660870
-40.066614
-37.410060
-44.415592
-34.802120
-41.082541
-29.825898
-49.113198
-48.111095
-55.194665
-57.174281
-60.129042
-68.986971
-66.949295
-60.165392
-66.898908
-68.342427
-76.779968
-75.998610
-71.182847
-89.247293
-89.536776
-100.122992
-91.536155
-89.729030
-90.053130
-87.818586
-76.565060
-85.903182
-65.461045
-82.950894
-65.449777
-70.982523
-66.326838
-68.859756
-63.085015
-70.552691
-58.679051
-70.361535
-52.243441
-65.501546
-51.943605
-48.490464
-39.203634
-38.053073
-32.147456
-40.651918
-33.805056
-58.342831
-53.747616
-56.844152
-57.808656
-54.979206
-58.951520
-56.506420
-46.608945
-47.963110
-34.519272
-32.103124
-35.609234
-33.543489
-39.667620
-32.197582
-36.852338
-27.071835
-23.693711
-21.445336
-19.222952
-10.456951
-19.189231
2.371637
-10.346472
9.209062
-2.173763
-8.191486
-12.614594
-10.401131
-16.648768
-7.727363
-20.157690
-5.541686
-31.306675
-26.950559
-25.005178
-13.288665
-16.791404
-11.921254
-22.017300
-9.983797
-24.452209
-13.658525
-19.698165
-21.092675
-24.829509
-36.414934
-37.513089
-30.710011
-32.075044
-27.203213
-40.977057
-43.874767
-46.824075
-61.919183
-61.421106
-74.842904
-76.330319
-65.287660
-61.287740
-67.541469
-62.043663
-66.913455
-53.474706
-65.087055
-51.051455
-59.476653
-52.574104
-54.099255
-55.789777
-67.404578
-56.332164
-69.451402
-57.507981
-78.549636
-63.464145
-63.190984
-63.863936
-66.493954
-49.458970
-55.287539
-35.589656
-55.024267
-46.112743
-54.815538
-52.417887
-53.298861
-58.475987
-60.875672
-52.217580
-57.076119
-40.598428
-39.269987
-28.076893
-26.704572
-43.379945
-46.716102
-50.082921
-50.188417
-43.457022
-47.732283
-44.492038
-32.954631
-36.095776
-15.036722
-15.055491
0.594854
1.597602
11.706517
12.213911
19.394269
9.820397
24.029035
12.785871
34.172039
17.341998
13.706373
9.220744
16.713356
9.492083
15.686787
1.128394
9.868656
-5.441917
5.736511
-7.842033
-5.825755
-11.089633
-5.342787
-7.864442
7.583535
0.870771
-0.227688
-13.499227
-18.025972
-10.399158
-7.919156
-8.951947
-5.658171
-0.182376
-0.235446
1.493228
-5.397022
-2.062888
-11.944414
2.671657
-8.938716
-9.871915
-20.323837
-11.736812
-9.284846
-2.319066
-7.342489
14.284130
5.970463
23.279063
16.600023
28.402849
23.497475
30.803454
27.814390
47.604960
42.458647
51.743099
36.621818
42.274903
40.068029
50.307221
39.846427
41.602992
33.384505
45.416843
34.522699
50.169162
45.486766
45.131427
49.133496
55.116635
59.013608
60.572145
53.985638
53.015768
49.120672
47.969423
50.660338
51.359359
60.223698
52.659946
55.318100
52.464210
50.719666
36.955348
45.340723
31.628991
31.016652
13.809354
21.013822
9.163401
16.801118
14.121201
26.469163
32.250695
53.534254
44.626992
58.381993
50.598651
54.926815
40.624397
37.916878
21.627671
28.973425
23.325971
34.296744
27.266099
44.080675
37.308961
43.276836
47.071054
46.347011
35.739141
46.617472
43.824187
45.259612
48.194658
44.408645
50.905651
56.464040
70.425941
72.404193
76.161326
71.118892
65.050043
63.183899
71.808605
54.363996
61.933853
46.690123
48.667492
37.789499
37.149633
31.284247
44.156016
39.127276
52.167410
44.206464
61.217853
45.945464
51.183183
41.088466
48.704828
48.276028
52.779644
34.189459
44.055403
31.771661
37.819553
36.092937
41.115067
42.464586
50.588836
37.773164
36.799180
26.810867
32.282644
31.994445
33.708134
46.248702
46.067650
49.769471
43.569093
45.864524
48.369065
50.598146
45.699276
50.678446
43.515019
54.353598
42.131317
51.207098
49.033012
59.585178
58.275733
65.010822
56.286263
73.234139
61.472762
73.706288
63.362443
73.593367
69.631413
69.557210
65.936941
78.862143
66.818859
81.354770
64.860782
71.328193
63.773335
64.814570
60.464229
61.987209
58.496406
63.641924
55.391907
63.774248
63.870735
72.185792
71.570696
73.837059
73.771550
64.352285
67.397487
63.362544
55.884878
49.565387
51.672013
47.859300
64.702877
56.716538
71.071613
59.628032
70.193644
68.641556
70.064040
58.013990
65.292268
50.462447
60.413128
42.842848
48.388194
40.371312
47.801708
54.208528
62.581914
54.594189
67.673935
51.528609
67.804494
62.413302
68.214222
65.146912
71.009056
64.238004
64.269809
57.174257
71.312647
67.339402
73.736972
73.310756
70.099610
74.887078
75.391737
77.793070
78.084000
80.827784
84.948522
73.813537
63.996827
76.593722
65.798661
72.285462
62.874095
67.684414
51.038080
50.138159
48.006566
56.981024
45.763934
55.677658
43.679584
62.047305
53.799240
65.118810
59.085980
59.606601
53.978078
63.767401
42.652828
50.608797
37.647642
49.563103
47.923670
53.723606
51.733136
55.740613
54.875292
71.310370
65.040895
75.605468
68.012549
70.698766
73.563585
60.981365
55.124370
50.927075
51.150896
45.629850
47.940237
55.490777
61.286916
57.084504
68.113976
50.412926
54.872775
54.817175
67.105284
69.405297
76.621993
68.241948
78.735461
57.149990
71.887622
61.641178
64.465940
55.575560
58.508114
53.945714
58.241989
36.469590
51.764281
38.001120
56.359905
49.067682
46.803345
46.056544
34.888798
22.034702
25.135504
8.698964
17.981905
-3.292555
-4.091447
-8.587002
-15.964343
-14.052392
-13.935880
-14.176068
-22.215121
-30.327472
-24.778342
-27.569179
-34.515512
-21.515859
-31.301588
-20.107343
-27.277157
-19.899565
-16.176119
-12.142890
-17.051351
-3.485109
-22.688303
-1.441959
-7.945583
4.365646
-2.951373
-6.347708
-6.602209
6.837792
-0.025495
21.267247
8.540889
37.163289
31.765248
39.333792
36.344826
36.882915
33.740258
46.415947
32.493956
41.662566
32.824922
37.891927
33.970640
34.655354
42.361425
37.352500
39.987550
44.686849
38.169786
44.496205
38.061899
35.447080
49.994487
39.923891
47.350606
40.375629
35.704402
36.904806
39.983258
41.654660
51.079470
37.756170
60.571452
39.282838
34.673375
22.964065
19.926061
15.575924
20.733287
16.828428
37.153709
20.772923
46.384209
42.523889
55.004092
55.405733
58.314470
52.801793
59.267295
40.198866
55.646218
45.432820
56.173009
53.289250
56.475954
66.129117
77.224722
83.095904
94.578001
94.615074
100.071422
90.227294
89.464800
91.337722
76.967725
80.484033
76.419081
81.389449
81.555812
75.907206
81.330702
98.177514
82.381711
91.332140
78.495380
86.729826
76.741859
77.463088
67.918574
71.597731
60.971542
83.039803
71.273415
89.336853
72.488093
70.743558
70.344475
76.534750
66.056012
69.468385
57.091261
60.784444
42.372127
61.815333
56.285505
59.944606
66.947568
68.169734
62.669153
66.149946
55.376349
54.440135
47.669360
51.861618
56.472129
52.098035
68.602323
68.592664
70.220036
72.373299
67.378852
65.217124
67.650699
53.898048
60.426651
38.706504
39.795015
27.488732
26.590803
16.959824
21.853331
16.226340
33.753154
23.948745
41.889321
27.698451
38.795549
29.586539
35.097407
21.621258
10.064991
-3.082511
19.560006
6.265102
16.312941
14.337989
19.774358
28.173879
34.572002
31.197706
44.854993
46.791031
59.705198
48.247085
44.810443
49.279073
40.990647
41.307630
34.789350
43.784560
43.358114
30.295537
30.107731
36.640257
34.153875
47.250907
39.603858
47.999918
39.234186
43.695989
40.271386
49.997522
48.773818
63.740340
62.062563
81.211695
66.649348
82.455768
74.073679
74.314538
66.232482
76.704148
65.223427
80.739290
76.543582
94.074934
88.093071
95.828319
96.143812
97.736111
98.292005
102.036602
83.142917
80.229279
63.529872
56.096629
48.046676
46.349641
39.151547
33.254645
32.611271
29.397544
30.015982
27.323738
32.406843
26.052321
31.270929
23.903525
38.215612
30.409212
34.833634
22.713432
21.539059
15.788575
25.357299
13.637994
24.171833
6.646168
11.289055
4.561391
12.703556
13.154312
27.481891
16.822726
30.059072
17.561722
32.956977
22.667319
29.216932
26.849215
37.765359
39.820465
48.047245
41.830449
49.423400
43.325074
42.929689
34.663285
32.139890
33.312745
29.735709
35.875486
42.216099
47.711945
48.058036
47.693952
42.268978
48.053510
42.292200
52.042155
45.986239
52.656415
51.697699
67.396280
66.614712
78.540126
70.753400
85.653685
74.800495
83.414786
67.263107
68.592730
61.238840
64.345192
50.121415
61.658516
53.124079
67.995344
56.911697
60.096984
56.865010
63.258757
60.827894
67.115665
46.444648
50.061998
46.813325
62.780143
60.239733
58.666408
62.459426
67.786548
75.390152
76.370651
71.208450
72.549882
65.216436
52.814623
53.650295
51.352615
58.189069
49.310367
50.195536
51.158964
61.683219
52.549364
60.149249
51.383491
58.557297
51.358949
66.955320
58.951979
56.478464
50.749665
59.478105
47.374774
61.729139
48.173382
52.635471
41.496429
50.203606
45.426840
51.417833
40.881421
33.965854
12.543494
19.248123
5.189298
5.572261
-7.385112
-7.586587
-8.864237
-0.466202
-2.841039
-8.497665
-19.996342
-21.452451
-27.962865
-23.237039
-18.562208
-27.446006
-22.406403
-26.776452
-29.173890
-32.976397
-23.332939
-28.061083
-19.585806
-29.360914
-12.289791
-33.000516
-22.215660
-29.573618
-34.082028
-41.719377
-29.978233
-38.541116
-24.076639
-44.583884
-34.785097
-44.996462
-33.152990
-37.988584
-31.480089
-42.846446
-41.624839
-56.100551
-44.676045
-48.029484
-31.545120
-35.089451
-33.083594
-36.163900
-35.169532
-40.987059
-37.535765
-44.214242
-42.637263
-41.215483
-40.708434
-34.110972
-41.849688
-38.637634
-41.590093
-42.112405
-39.026254
-43.324882
-50.416086
-44.501050
-59.176910
-42.285394
-43.559503
-33.238851
-45.681428
-48.957751
-56.443624
-52.105100
-61.842026
-49.511697
-65.130537
-51.173991
-67.025142
-60.788727
-63.724496
-65.428550
-71.146957
-58.531356
-68.381585
-45.444469
-50.364821
-37.316768
-37.169100
-29.590987
-29.142413
-27.042096
-24.217682
-8.849863
-20.135143
-17.760440
-18.288225
-17.868459
-20.853904
-28.563296
-25.267382
-29.137206
-28.560575
-31.157169
-34.947172
-42.896403
-51.663220
-58.792775
-40.835448
-51.442518
-45.082300
-44.792976
-44.663610
-47.209511
-32.271050
-36.975301
-17.693512
-32.115378
-16.373311
-20.393359
-13.360428
-25.083933
-27.165584
-39.430429
-30.029827
-43.491870
-22.251651
-33.306790
-21.904766
-30.676971
-30.826954
-33.628616
-41.936544
-50.597051
-37.482762
-53.579268
-45.480712
-52.369332
-45.223998
-39.847311
-48.664962
-42.740845
-42.223922
-40.252794
-34.597772
-29.704891
-29.109224
-23.942565
-32.586444
-26.532451
-39.627273
-32.610477
-37.437552
-30.822267
-27.945025
-29.853635
-37.859616
-16.656207
-32.021795
-18.969506
-27.489918
-19.987843
-26.392194
-21.783499
-32.348093
-22.960731
-48.303692
-32.044077
-41.131125
-28.919266
-30.674838
-19.907522
-20.507372
-12.008279
-9.810121
4.115186
-7.765546
9.103804
2.409382
-0.538546
8.604275
5.562380
15.735675
20.437011
9.130642
14.807852
-2.759816
-8.732192
-5.502491
-16.345609
-6.354987
-14.170937
-2.594828
-4.869281
-6.290119
-13.653993
-10.106364
-20.624331
-5.569759
-30.888517
-20.443203
-41.417087
-43.527714
-52.306148
-56.558386
-53.361917
-38.399094
-55.299057
-36.904359
-54.330875
-46.100026
-52.908651
-46.528857
-50.000282
-50.623191
-60.536324
-49.737207
-64.260205
-56.995794
-61.722444
-57.819302
-54.002491
-46.210185
-36.538232
-30.385211
-28.735151
-24.446276
-30.052599
-31.659321
-30.250672
-42.355635
-39.409201
-52.075661
-55.338703
-61.906323
-61.909686
-54.892791
-39.031728
-36.362012
-18.684419
-31.445588
-19.007732
-30.663527
-21.118418
-35.991261
-39.812778
-50.738602
-35.523851
-44.177085
-28.967162
-43.652576
-30.255790
-28.926196
-20.953109
-23.307510
-10.267977
-8.509691
5.411369
-6.110767
4.436205
-4.200915
-9.610034
-21.106018
-22.722158
-32.485307
-35.668072
-47.166387
-43.223699
-43.180370
-47.299771
-47.292945
-57.284809
-52.238351
-60.441567
-57.910311
-63.481193
-64.615131
-63.977743
-56.584543
-69.321656
-62.154931
-68.685354
-66.513937
-81.117869
-78.953581
-87.865251
-82.354694
-100.806114
-85.560729
-103.788512
-96.617222
-101.634029
-91.809015
-88.784118
-79.752870
-91.179437
-83.467398
-99.371281
-89.550438
-96.237335
-81.010738
-81.646171
-74.581527
-80.454074
-72.053250
-70.053872
-55.712512
-63.608231
-59.156202
-62.901074
-67.352403
-62.305424
-69.633238
-69.369509
-65.947564
-64.737777
-55.107668
-48.909370
-54.159968
-40.705737
-47.230176
-41.369698
-47.657847
-36.166067
-35.242261
-28.560289
-37.995140
-32.886949
-54.181846
-41.066823
-58.966221
-45.734590
-57.130935
-57.072633
-64.379557
-65.635967
-82.688937
-70.509831
-85.625847
-75.341684
-92.624910
-86.495629
-94.205952
-94.752945
-102.954627
-98.779405
-101.983754
-97.722890
-104.317183
-92.222119
-95.631284
-97.003279
-94.064905
-90.563086
-96.284708
-94.162156
-94.608690
-95.703162
-97.515284
-96.163574
-85.031239
-88.577940
-72.058373
-81.809085
-78.334869
-81.212361
-78.336284
-81.999722
-73.527496
-85.754199
-78.286424
-92.137948
-80.286930
-85.423996
-76.953183
-82.098308
-76.481944
-87.147641
-70.916137
-85.854939
-69.491407
-78.547510
-75.468040
-80.992975
-81.362058
-82.133865
-74.523911
-83.376181
-76.246527
-76.082295
-56.741871
-65.407613
-65.368362
-69.240216
-76.681785
-82.071990
-83.112260
-80.705718
-71.551121
-78.101611
-74.525472
-63.240419
-71.054379
-69.106208
-75.648877
-74.947603
-88.740056
-85.338173
-83.032467
-69.092242
-71.571817
-61.253263
-84.942350
-76.423197
-94.978607
-90.086472
-100.870461
-99.378209
-95.205630
-72.891563
-81.117901
-61.711595
-74.344699
-65.299221
-83.873142
-77.067971
-86.079335
-84.959097
-95.843916
-95.211401
-107.923526
-90.095668
-100.881537
-97.252721
-100.056740
-96.188240
-92.475332
-86.769704
-96.769608
-106.316372
-123.547722
-131.222315
-144.562920
-156.205421
-146.467009
-155.513456
-153.961091
-160.502323
-156.879671
-150.063669
-136.593072
-140.585359
-131.398679
-147.851597
-139.748744
-153.111718
-144.613727
-154.461988
-147.661273
-150.688925
-142.856448
-151.086625
-128.087887
-135.367480
-120.327845
-132.801877
-127.043582
-132.258461
-123.256721
-118.899988
-103.602274
-108.785969
-95.510669
-106.630841
-92.908996
-97.402079
-88.947660
-85.541021
-85.708234
-80.668021
-77.854423
-86.525871
-91.465115
-101.357145
-106.125155
-102.961835
-106.697380
-94.896924
-98.992712
-92.875991
-90.098118
-87.123848
-86.131741
-75.814607
-80.120921
-73.407763
-99.782389
-91.743984
-99.318984
-96.407724
-97.069866
-91.937616
-96.337020
-72.485727
-75.616593
-48.864614
-69.080993
-57.124446
-61.249500
-59.406949
-67.969734
-64.091958
-68.637865
-59.974637
-70.499882
-56.745931
-67.638670
-61.182586
-56.363004
-50.844017
-47.014985
-42.469916
-47.493320
-33.723519
-47.334278
-49.875464
-50.319903
-56.221261
-41.163439
-52.292460
-48.897045
-45.612850
-48.157517
-49.791653
-49.196604
-56.711708
-49.951447
-71.172767
-64.636292
-78.595688
-76.640233
-73.834002
-62.679004
-68.775141
-55.022030
-65.856525
-49.082820
-65.370830
-46.982734
-47.094965
-38.256669
-40.101250
-28.956052
-27.703157
-9.034484
-24.472706
-12.724538
-18.326336
-14.193075
-22.158911
-20.326447
-24.541436
-21.988552
-32.655887
-21.701130
-33.940470
-22.299940
-19.270959
-23.532491
-14.418910
-19.529680
-13.330912
-11.206503
-9.862332
-11.954020
-13.998349
-17.781041
-0.521980
-4.700913
15.623613
3.942474
4.543251
9.361196
20.039192
19.540342
34.686702
25.131044
40.900427
23.004023
31.733950
24.799201
26.290080
21.043757
17.936419
1.920360
16.446209
7.013503
21.248662
11.223539
18.387331
9.157226
5.462750
4.363795
10.927218
4.204445
11.639957
2.234410
5.015380
-1.530671
-5.316364
-5.845417
-12.494644
-5.386602
2.385674
2.235834
11.114812
15.496588
9.471836
26.519644
15.970079
29.111819
15.353756
19.294726
20.902345
26.596601
25.999271
32.092296
20.705600
39.495149
20.490981
29.748446
19.303307
23.976573
20.389117
25.211009
18.167630
22.006445
8.792338
30.276236
17.185468
33.190376
36.045933
37.729896
39.137011
47.076215
43.895299
57.307207
53.274648
63.371926
53.588652
48.191906
46.052392
37.018711
38.775786
36.511839
29.047245
31.697941
25.382034
21.732985
24.662050
10.584850
13.987021
0.026180
10.298108
7.277658
11.521060
9.707091
18.846970
9.422610
24.628801
5.721125
12.533822
0.674624
11.396827
4.732579
7.434659
7.429596
22.162421
10.893858
32.361232
20.316729
29.032764
22.446749
35.238385
37.685578
35.919534
29.488647
43.839226
44.747648
57.385424
52.991351
64.045784
61.142362
59.804072
66.585628
67.619612
66.460028
71.978596
70.192637
72.402401
78.307997
68.860227
71.814045
49.226912
43.869833
35.653362
38.188922
35.782229
40.290755
26.294661
36.954263
24.747655
46.579572
37.850398
46.758579
47.858605
65.372069
66.690884
77.492524
63.836642
72.473498
43.511438
47.899486
33.335011
26.408491
21.485920
22.215473
8.732787
17.951258
15.195074
34.320367
31.338090
39.581148
42.267199
52.833910
53.542092
59.632080
57.985720
62.326766
57.686564
54.413218
56.173994
53.808362
57.994821
55.285447
62.442857
58.840400
58.124023
52.864658
59.854454
59.304787
70.924462
56.466776
69.355756
57.422103
65.494250
53.096810
56.930471
55.579957
70.425726
66.284762
87.017803
85.676700
102.666498
92.635462
100.750424
93.455237
108.687784
104.037692
112.619589
106.525027
115.431346
107.530682
107.916624
98.427255
101.659524
95.454826
94.344362
84.832949
79.937210
73.191969
76.607489
71.923417
69.846403
71.872127
67.348589
73.224131
75.118197
82.978505
85.923592
96.668655
85.235159
91.761202
83.408578
87.631005
71.209514
78.838229
70.994549
81.362502
73.339014
72.518365
62.118760
71.737793
55.201102
63.825795
46.719498
49.856079
42.176857
53.854606
45.817332
58.885357
54.552468
66.043521
60.747438
69.582140
62.775833
72.183955
59.290541
62.712640
50.010587
45.176943
38.948804
37.333878
39.703698
38.557776
40.795783
41.216282
58.209863
65.579650
68.921603
64.744149
59.893313
44.105463
48.101974
43.910705
49.503470
44.320685
49.772971
42.669470
56.528955
47.782366
50.464408
26.547814
33.453646
15.158423
16.606239
3.628367
7.476746
-6.287881
0.987312
-4.165360
7.622958
-6.821578
4.575097
-2.007574
14.504359
16.512167
20.992158
18.629726
30.533766
26.576701
37.820411
17.597424
19.627505
25.739365
38.047565
53.844387
55.134174
59.715416
67.255384
65.891934
61.756973
60.553165
59.393182
60.919898
34.392975
40.262857
27.330275
28.476341
23.436767
27.556551
11.976695
22.176711
11.991853
26.994713
22.201504
45.548515
35.601466
41.895276
41.808054
46.209978
35.565350
42.780421
28.958615
40.275542
36.726317
61.157058
62.883252
67.561379
67.821301
75.808160
62.299029
71.569439
66.470775
76.640552
70.074980
63.583447
67.338691
63.830657
65.834167
69.487250
60.791649
65.303975
64.692994
70.446631
85.720028
76.644016
92.108875
84.694308
83.274030
76.392573
71.917262
59.991428
62.724419
45.372855
60.078232
45.424018
56.446548
45.242012
50.083964
47.726978
54.104857
41.777797
52.749504
43.128601
61.453929
51.608644
57.928762
57.038866
69.414060
71.913664
80.096461
71.502661
89.888624
67.651305
73.891012
80.274333
81.221506
90.493343
96.024724
96.087828
94.074897
82.030896
93.080242
97.425137
96.053498
104.567679
103.063298
112.347943
100.663577
104.568869
105.684576
98.733783
86.397548
91.681938
81.297482
93.831247
82.020330
96.795127
92.316888
95.506662
91.448379
96.454002
85.377971
98.161760
75.943993
93.384011
74.732190
79.118625
67.527704
66.218964
68.098292
72.269124
57.120415
66.812827
61.259388
69.518655
63.159077
67.661547
73.327049
72.966483
74.967405
82.730051
73.621920
74.513464
65.492228
66.172162
73.619623
64.905189
70.900582
63.606866
67.504883
63.533564
63.513475
66.194325
75.375130
62.698256
77.774386
61.640549
66.064627
61.769224
59.376540
54.017555
57.646644
51.451064
65.985260
50.032068
67.213562
58.885433
69.427018
64.817915
56.826109
51.734996
62.921630
51.729153
69.352312
57.952544
72.240619
66.273628
70.121033
75.682217
78.252666
79.042615
91.568738
88.821355
98.014566
93.646046
101.260143
105.547660
98.588829
109.106806
109.787281
119.997648
119.440960
121.717491
124.872769
127.500230
117.608349
125.569561
108.502342
109.151389
102.121275
103.511095
94.743943
92.437833
75.149030
89.033471
74.666393
94.898298
86.066797
88.247313
70.257956
67.065307
55.019573
61.872895
51.587485
58.810852
43.282715
60.721796
58.218839
61.640327
59.252246
61.793693
54.873912
56.453561
40.124489
43.186431
36.039447
27.801046
26.502239
24.915420
30.317792
34.489883
34.404596
35.640490
39.954477
41.907135
54.005871
47.107697
51.749449
43.734597
53.611654
46.038024
49.675030
42.213362
45.460553
35.215087
59.126868
50.450369
72.911192
62.714757
71.318403
62.264247
71.621918
64.336190
64.914358
43.713139
50.422610
40.098751
44.277844
36.297238
42.818589
47.093879
55.567196
40.162214
60.369426
44.253005
47.065711
40.567304
32.522620
39.913607
32.564342
42.019026
36.183379
33.787320
33.082770
33.848201
27.449466
35.234379
34.548393
45.098351
48.279826
47.615236
43.295042
50.610214
56.360953
68.988369
68.121877
77.232782
64.731465
76.320085
71.977076
80.694288
68.378079
71.629100
61.254791
80.211971
66.734719
84.532755
74.601138
80.774530
76.582276
88.696540
86.107169
91.483900
88.568617
99.802225
94.851437
104.273435
95.815296
92.203279
86.540642
87.343715
76.283147
77.000855
70.171425
63.196422
56.712429
55.453538
54.011580
47.035676
66.256314
60.404164
65.757114
66.259860
70.739473
64.055907
72.427468
48.771927
51.917115
31.556577
33.307789
30.697064
33.745613
25.597449
41.446912
30.564505
48.053066
32.522807
43.629414
29.076622
28.110406
13.427188
15.022545
8.344942
19.756898
10.638149
23.417340
23.220779
34.416436
38.190193
46.779596
45.454400
41.902966
35.278435
38.885281
27.257905
26.909850
17.246654
12.988354
25.556856
26.796505
32.929576
29.312627
25.355935
21.928237
21.407197
20.906727
21.246317
18.885420
36.817174
25.895793
35.107328
23.605184
32.634103
27.916948
38.415223
33.293292
44.975067
27.272176
32.405919
22.153698
32.470985
30.678859
32.201353
27.295455
36.667326
23.879259
35.363158
19.360237
26.571375
15.731231
18.274389
23.228010
27.033213
16.684941
20.031289
21.337491
33.332803
30.593774
34.297593
40.076555
36.400139
39.941240
38.157955
39.770405
39.043074
43.932498
50.844737
57.070418
51.462814
63.643209
44.379000
54.744029
53.765123
66.853205
69.448855
73.764442
67.049345
88.189956
76.890631
92.016482
82.292911
92.186517
87.844972
84.006325
78.838518
93.894886
87.229050
101.544780
91.624471
107.691829
95.246117
93.856497
90.734866
97.964753
94.548004
101.497244
103.094627
112.665474
105.437205
111.281158
108.134334
103.060030
109.359737
93.745947
96.546239
97.552097
99.456160
103.695791
100.422438
93.970875
100.550735
83.037308
90.173783
77.681315
84.016899
81.671516
79.415891
72.934594
82.528719
73.190734
92.078544
81.848474
94.788593
85.247165
84.224834
74.134694
74.000797
61.687861
71.776012
49.125817
62.360800
52.983777
58.109279
55.571990
58.779151
59.116939
61.068508
57.772050
65.349335
62.335110
70.631194
53.755295
51.437065
51.047904
44.488075
48.254779
49.175902
45.042816
49.691663
46.526700
42.815728
50.347104
37.916146
54.453105
43.091904
55.617418
53.574271
59.630421
60.929593
67.067194
64.102978
80.892950
64.416552
74.851559
60.034978
69.380762
58.337764
62.391694
52.916587
53.814426
48.317202
68.136192
66.986301
81.391385
77.629744
87.370211
90.120527
93.775927
96.895584
110.922131
99.982181
112.485205
109.886850
113.282062
111.949705
106.471684
112.020892
105.055259
103.281002
108.694157
112.262680
117.267590
122.021045
120.743065
136.681799
121.979382
122.193779
116.308601
126.534877
121.534556
131.845973
127.056791
133.866069
117.857421
128.333973
108.954693
111.452644
110.170627
115.322015
109.838898
113.518683
95.935847
112.988190
93.355585
103.867426
97.153190
101.628292
97.576104
97.428354
91.324423
91.305237
65.710783
73.129567
68.284973
77.776071
75.403445
66.924752
75.127451
75.917834
72.070513
79.152069
73.402314
79.911617
83.191460
80.983755
94.635886
73.698929
73.586102
61.670167
58.702522
62.790981
67.360287
61.623990
67.830299
50.495745
72.683591
58.022870
72.112262
72.283053
76.367829
69.361058
82.036158
75.724566
96.849373
82.781873
96.675383
85.257637
90.839099
94.538423
96.147717
96.999603
110.831537
95.320704
100.216471
83.497535
83.395048
72.793126
62.709856
53.748288
37.245603
26.677916
24.647872
12.040736
18.118161
12.576248
7.415931
14.900301
8.796677
16.327943
6.798847
9.397356
7.889865
8.498820
12.590743
29.999574
22.000622
31.388896
12.940217
19.298391
1.827251
14.276199
9.616951
18.599270
16.738713
37.792814
27.469607
45.174423
31.931484
41.392002
44.040679
49.786982
41.647352
49.141641
46.009737
60.630203
54.016044
66.149461
54.987943
52.357586
52.495049
48.592059
45.563451
44.533892
32.421610
31.556070
21.245026
15.416288
10.565097
1.740982
12.054665
9.103720
10.871008
8.621886
11.049052
3.565582
7.068524
-0.284873
8.608856
-4.811490
5.937067
-7.216882
-3.383798
-9.519644
-7.803374
-22.600727
-8.388860
-15.003434
-7.682208
-21.355224
-13.185089
-22.108875
-12.970586
-17.659294
-7.707217
-27.600116
-18.023615
-27.549327
-25.592728
-30.128069
-31.838364
-34.701841
-27.191473
-28.937322
-21.583942
-30.451972
-30.725690
-36.852561
-40.050202
-44.104786
-49.363290
-49.000912
-45.262953
-37.319428
-38.478677
-33.113004
-35.471655
-24.209091
-31.387918
-22.482820
-27.127415
-22.390619
-32.723099
-22.584626
-30.660614
-22.299322
-33.532289
-24.667570
-46.899729
-36.677056
-51.042398
-44.253934
-43.841352
-33.105844
-41.612155
-33.197929
-39.309435
-19.566871
-27.862530
-21.884026
-36.022366
-31.071467
-33.772697
-31.991096
-30.498952
-19.450345
-15.100935
-4.859537
-9.658400
-8.329305
-5.452953
-5.408469
-7.133051
-17.006155
-15.535684
-20.151599
-23.021768
-30.016502
-25.813100
-29.676451
-21.804045
-33.890345
-23.359007
-36.485025
-40.739110
-53.332017
-54.411115
-73.131286
-71.696440
-88.714713
-77.854797
-82.086113
-71.453811
-82.883326
-59.268299
-59.526124
-52.984582
-63.427104
-51.395755
-65.315520
-62.930470
-78.583350
-83.139161
-91.253972
-88.111205
-86.916443
-80.190017
-94.404439
-88.930172
-92.769276
-76.360256
-76.707879
-84.522245
-80.119608
-80.033101
-82.501746
-85.125342
-92.785629
-93.381298
-95.861762
-108.289365
-94.993592
-106.503850
-96.045344
-98.146247
-91.812947
-95.042637
-89.722281
-97.334574
-90.991604
-103.193080
-95.416763
-106.631374
-101.862092
-112.693565
-109.885442
-108.723240
-96.822371
-107.112133
-91.803523
-103.175870
-88.829478
-93.357334
-85.711833
-85.852408
-81.373107
-84.320560
-70.822516
-76.365316
-62.378538
-70.429756
-70.080212
-63.065952
-57.792681
-49.354304
-48.175306
-48.735213
-44.447232
-50.967451
-55.092289
-54.634079
-56.130008
-41.588383
-47.233717
-39.730086
-38.629121
-37.140256
-34.730609
-30.503611
-36.163292
-22.684099
-40.717087
-31.905473
-42.883069
-39.950325
-34.987846
-30.653796
-38.981483
-25.783728
-45.834402
-28.807791
-41.219110
-23.242499
-28.037105
-24.759059
-30.130485
-38.930380
-50.238835
-37.717254
-50.887367
-33.107266
-39.900522
-38.507495
-41.293689
-44.825730
-48.180491
-49.141950
-56.556303
-45.639930
-45.890698
-51.368285
-57.436927
-62.395146
-55.693595
-64.382943
-58.558263
-54.538674
-43.796993
-43.292827
-39.293352
-44.053040
-25.475510
-33.464662
-12.981408
-22.563819
-24.827147
-34.047204
-30.650229
-32.070384
-23.133902
-32.875434
-10.228503
-20.498593
-5.467007
-14.509625
-9.993811
-14.914314
-10.013788
-18.379741
-5.514244
-11.622217
2.582342
-6.899599
1.823341
0.960262
2.191623
-4.922756
0.807709
-1.481620
6.002797
9.628858
25.947609
29.484270
14.690543
13.592655
-0.473337
-5.825765
-13.701713
-18.659008
-19.017084
-12.217213
-19.178405
-13.101796
-31.549439
-14.509823
-20.564851
-13.916619
-15.311416
-4.209217
-5.106599
9.123034
-4.181282
13.818845
-9.801372
-1.596752
-4.207211
-1.293075
-6.641380
-3.959999
-6.342861
14.882636
3.572108
15.459445
0.929361
0.584899
-8.124453
-15.457409
-27.213296
-26.304866
-30.120157
-22.327785
-29.593854
-29.111349
-29.611793
-41.446021
-36.776479
-30.767200
-26.714723
-33.834004
-39.967871
-39.902736
-37.319579
-46.202341
-32.631354
-41.415154
-34.454377
-35.876829
-38.266418
-51.569044
-52.485383
-64.229460
-59.483274
-72.914382
-60.273227
-68.236668
-56.208106
-61.322534
-52.491708
-54.354458
-41.202562
-53.052095
-44.499225
-59.060433
-48.214484
-54.136696
-45.155979
-51.836626
-53.349527
-65.906646
-59.203076
-68.060448
-64.653987
-70.711616
-65.512937
-63.982043
-60.972065
-59.318590
-61.229305
-64.673407
-61.395000
-57.643781
-53.841631
-43.283028
-52.716013
-47.537930
-55.636006
-50.171957
-62.782333
-61.829363
-71.173338
-59.017690
-70.869777
-63.857178
-69.617090
-46.135539
-47.168291
-39.991756
-37.921288
-27.601224
-39.053752
-34.426620
-53.729243
-38.893896
-50.393697
-46.656995
-56.335507
-50.268669
-49.601450
-39.326670
-37.437721
-19.515113
-23.213244
-18.468592
-36.863909
-47.474230
-53.858070
-64.887133
-60.804161
-54.450331
-53.212271
-53.576169
-53.362776
-47.101801
-42.234796
-47.817318
-37.664227
-43.263518
-35.182058
-36.428953
-33.417803
-36.882693
-30.735348
-41.751236
-32.397473
-49.017234
-33.687617
-41.350180
-31.671554
-39.245650
-33.986557
-37.258637
-26.021263
-44.148003
-32.346628
-45.773912
-41.018658
-43.236216
-37.645679
-43.141879
-34.599967
-50.632205
-36.314202
-51.734258
-46.513989
-44.300530
-33.892274
-37.103443
-42.225519
-42.384592
-39.045334
-36.297842
-27.484544
-24.533684
-19.061548
-8.625807
-6.384111
2.011513
-10.116821
-19.504275
-19.819479
-16.783492
-21.352664
-18.392658
-31.020455
-17.364426
-29.575232
-11.696505
-15.236031
-1.501456
-1.809460
5.441278
-4.748028
-2.305704
-24.382333
-11.395151
-20.184635
-4.642579
-14.876220
-4.922879
-8.000802
-3.542958
-8.308843
6.250498
-3.086254
7.315815
0.320775
1.824642
-3.683467
-1.346820
3.790415
9.063036
2.678994
11.273874
7.693582
16.484845
19.942406
20.050147
25.229192
22.159917
32.194011
25.457026
23.287758
18.797066
12.927449
2.557806
4.356778
-3.756009
10.651206
-1.536600
6.715207
-4.542507
2.037435
-0.387805
7.000783
-5.755106
0.086964
-21.913931
-19.235909
-39.333831
-24.499461
-26.095762
-16.272476
-14.594321
-2.274328
-8.271161
9.013280
-1.397712
16.145232
16.710311
18.310009
5.850590
3.953724
-2.778992
-0.728306
-5.760518
1.486817
-4.810606
-0.328182
-3.176616
-7.065998
4.788914
1.904353
7.553826
3.321030
-3.518639
-9.768277
-14.424513
-21.855571
-9.437729
-11.954747
5.048440
-5.261967
6.024972
-0.271681
2.886746
-1.349633
13.916664
3.836886
19.489543
-1.867685
5.373969
-10.871521
-5.879713
-9.310990
-6.155933
-19.175565
-6.770788
-19.946346
-10.154946
-22.148025
-12.618029
-17.298535
-19.516056
-21.837879
-22.904228
-24.733508
-15.308889
-24.556575
-18.147121
-16.958644
-19.498625
-14.165731
-27.626680
-24.984545
-30.080769
-35.535408
-29.909341
-24.861179
-32.438774
-27.961793
-51.399104
-43.589379
-55.962118
-50.222298
-51.208498
-55.420897
-62.618332
-54.005496
-58.706993
-36.785802
-50.476725
-38.095630
-41.214495
-30.658805
-31.527929
-29.734666
-40.989833
-18.747224
-30.940368
-18.111284
-25.029198
-7.830373
-14.519047
-25.096854
-24.445499
-21.395488
-32.394461
-23.243837
-40.990981
-40.889694
-46.226991
-44.819987
-38.325782
-45.302292
-38.261071
-38.029991
-46.090490
-43.193765
-50.926297
-54.279884
-47.910485
-62.325368
-44.887346
-50.703220
-44.517470
-48.874545
-53.384631
-57.056058
-52.922170
-69.242997
-61.122951
-82.669613
-70.582816
-83.894756
-83.117059
-85.400088
-77.231776
-89.483685
-83.703583
-106.902528
-85.292786
-96.427467
-88.831958
-92.323535
-96.576257
-107.265750
-107.353404
-108.144240
-87.518897
-101.498141
-96.123931
-105.869601
-100.005766
-96.363813
-98.598071
-92.062831
-94.470398
-103.120729
-95.852653
-98.086347
-96.274985
-75.536695
-79.186684
-69.605636
-82.766677
-73.953809
-77.812440
-82.620743
-93.522440
-94.971849
-111.118160
-94.273150
-106.526120
-89.495078
-97.194848
-82.665780
-86.067869
-83.333709
-92.397199
-82.109580
-96.503410
-85.558451
-109.377760
-100.811372
-109.311398
-98.514244
-90.604747
-81.391585
-84.087052
-72.864347
-80.505610
-72.334013
-87.264525
-86.264584
-96.867026
-104.614615
-107.422742
-109.561207
-110.058989
-108.005437
-112.506189
-117.368244
-118.469449
-124.160470
-111.597386
-113.936284
-111.308726
-123.245295
-125.628374
-123.533155
-107.067877
-106.835155
-93.093889
-103.152757
-88.215300
-93.417087
-73.402900
-79.833985
-75.123174
-86.640784
-81.426705
-97.156581
-86.744544
-99.833213
-94.242165
-101.078246
-93.284651
-100.656170
-89.528190
-98.411192
-88.642577
-95.390525
-85.735917
-94.729297
-90.698703
-90.699473
-95.203983
-97.114925
-92.046608
-92.070739
-83.671357
-83.365500
-81.372852
-71.316280
-65.866920
-54.598469
-62.721807
-58.539176
-56.857241
-52.367089
-61.049423
-56.857325
-69.115657
-67.742948
-80.170438
-65.937588
-75.349106
-66.232399
-74.863563
-73.779838
-84.715545
-74.687777
-86.363409
-79.265007
-96.546582
-90.091042
-96.858091
-95.744713
-112.167175
-103.957096
-107.102851
-89.820826
-90.699103
-85.553193
-98.335205
-95.221927
-101.026311
-93.990947
-95.994333
-92.860409
-95.485399
-82.101049
-87.749026
-85.042333
-87.981807
-89.770391
-88.783228
-96.863129
-94.432444
-96.134431
-93.848095
-96.195804
-100.072064
-109.687789
-100.747007
-104.524864
-85.343483
-91.247266
-80.496782
-87.361120
-83.127865
-95.601832
-89.831416
-102.694909
-92.125976
-108.187341
-92.004790
-98.997196
-92.914045
-102.215507
-103.395846
-122.088293
-121.612010
-137.738305
-123.881153
-135.204109
-127.976118
-122.011530
-120.277632
-123.333769
-111.989185
-113.161037
-106.720537
-115.570350
-120.740886
-130.035939
-133.460554
-126.172101
-134.412808
-127.949517
-127.902771
-131.957328
-131.878743
-123.828388
-125.290662
-120.851305
-135.818624
-126.997381
-133.172143
-124.862915
-122.322011
-117.825705
-123.812625
-113.949296
-119.955750
-101.539385
-119.136566
-108.486656
-117.960196
-118.502026
-123.320571
-109.313944
-108.713619
-93.026692
-108.920304
-91.071403
-103.591215
-102.526484
-107.868480
-110.439621
-116.474311
-111.991999
-119.472860
-110.014723
-116.553523
-110.643060
-113.787953
-112.760355
-111.543286
-124.923393
-129.929506
-133.207028
-143.044134
-145.761718
-151.627303
-154.499355
-142.505508
-158.721974
-156.905756
-163.209659
-156.066102
-163.723932
-165.438793
-174.802297
-161.858005
-172.406167
-155.664559
-172.973572
-164.662926
-167.077749
-156.106480
-151.010209
-137.511625
-146.742910
-129.863998
-143.586658
-128.568266
-139.160712
-133.929496
-135.740757
-135.304390
-131.618771
-114.832270
-109.468181
-91.469742
-98.109316
-86.329053
-95.456845
-102.155697
-94.110595
-90.440534
-89.952112
-87.144215
-88.446691
-78.186771
-78.449460
-80.471177
-60.474522
-67.169664
-63.206772
-70.376459
-66.943097
-70.478233
-73.472953
-80.663281
-77.587054
-91.210357
-72.089224
-90.678776
-80.194046
-83.109925
-70.991909
-69.016292
-56.278789
-60.856513
-52.537619
-71.816189
-61.754012
-71.439902
-62.386940
-63.277979
-61.690034
-62.252108
-52.250359
-62.748468
-50.316307
-60.829813
-50.267042
-49.726561
-45.961204
-37.868386
-42.676888
-46.657091
-44.691208
-51.643648
-49.774697
-52.320073
-68.222084
-66.623471
-67.268649
-52.920066
-60.919686
-54.551917
-56.475323
-51.085529
-57.460046
-54.359778
-69.761644
-61.222520
-79.933004
-74.534581
-77.785797
-73.574563
-81.242466
-69.177073
-81.302893
-58.954773
-72.486571
-56.103278
-64.235968
-62.659283
-68.789684
-69.504378
-89.804080
-82.543032
-98.392805
-90.840423
-102.736506
-94.330032
-92.437781
-96.122698
-97.559049
-98.206381
-101.553570
-96.829624
-96.467711
-85.426874
-93.357737
-99.919672
-99.910463
-102.057442
-93.797153
-105.580674
-109.088426
-109.078823
-91.610615
-92.816800
-81.791075
-93.382748
-77.824928
-80.513373
-71.956173
-82.663590
-80.481043
-87.199822
-75.642113
-88.248154
-73.728288
-77.679664
-57.795212
-63.002600
-50.339984
-55.455343
-40.167036
-48.693964
-39.685750
-48.741961
-36.612501
-41.331938
-39.861192
-44.646204
-46.261692
-52.913298
-45.985442
-46.833406
-32.421918
-36.249403
-34.617757
-31.191069
-30.079032
-26.687357
-27.930552
-31.044471
-40.530647
-44.161950
-51.109234
-40.733039
-41.528250
-24.809269
-24.898973
-6.315885
-5.553903
-2.679045
-4.830868
-9.882831
-23.057452
-15.574174
-34.467892
-18.222573
-35.928752
-26.626496
-29.415737
-19.632040
-21.144085
-11.798243
-25.012410
-12.147178
-22.295018
-3.148019
-11.354452
-3.764150
-10.634333
-17.857863
-20.736297
-9.125895
-15.944618
-3.142706
-5.286582
-7.058112
-4.225515
-5.873991
-13.577571
-16.568712
-20.461409
-17.513548
-21.582154
-24.309365
-17.817563
-24.642061
-15.993496
-17.238166
-10.669470
-16.150771
-11.024310
-16.939842
-17.457433
-29.018651
-21.807669
-34.538325
-17.683439
-26.213959
-25.422827
-39.575119
-23.643595
-24.244619
-14.213230
-18.614939
-1.200171
-11.183480
-2.982605
-24.451564
-26.306576
-34.069156
-26.975502
-34.462500
-29.802741
-43.467608
-44.871783
-55.023035
-44.003451
-38.205041
-30.172151
-21.334916
-21.481643
-18.800159
-15.911464
-23.994859
-23.808343
-24.203274
-33.351606
-37.260319
-50.174564
-34.039240
-32.429492
-16.220247
-21.975939
-15.889966
-18.207713
-15.512970
-23.943433
-10.574219
-23.571014
-13.651667
-27.364795
-21.538657
-37.977109
-41.501922
-48.640928
-32.213917
-34.504844
-12.066150
-14.274749
3.489593
-3.714599
1.635836
-8.125527
-12.754670
-23.572829
-23.083821
-45.473584
-37.184852
-44.700303
-40.289588
-39.926557
-32.635899
-31.483581
-36.835706
-35.684849
-26.592180
-31.838953
-31.103883
-28.936382
-36.272991
-26.433891
-38.417406
-30.070060
-26.024822
-29.847133
-34.374693
-31.736517
-33.291091
-14.564264
-34.487172
-25.187350
-41.148672
-27.520912
-31.621632
-32.193927
-49.317623
-46.255045
-59.623133
-45.473443
-59.779325
-49.279948
-59.044299
-50.252269
-48.166353
-48.443498
-55.192664
-47.943370
-61.756782
-46.951785
-61.326373
-56.536666
-54.242831
-51.572875
-45.999600
-49.606551
-50.637074
-45.282114
-54.043273
-53.689838
-66.114686
-84.390781
-77.825472
-88.301063
-77.509658
-82.063331
-74.508507
-63.495870
-60.848534
-70.977408
-66.279150
-89.427410
-76.722682
-89.874167
-84.231486
-92.871980
-90.674699
-88.305431
-75.761900
-83.890038
-69.637875
-99.994889
-83.967899
-100.198425
-95.311273
-103.168775
-102.263578
-109.996395
-109.942261
-120.733073
-102.914110
-111.392073
-98.524010
-96.779428
-96.476517
-86.027581
-87.980684
-88.473173
-83.721816
-93.837027
-91.156510
-102.862620
-100.125326
-88.766573
-95.886059
-93.068691
-94.367510
-94.784148
-90.530620
-89.393859
-89.091349
-88.489117
-109.568471
-97.896615
-101.316910
-89.411481
-87.163529
-78.491207
-80.545824
-69.965475
-74.958426
-65.246772
-73.347522
-53.015385
-67.680095
-58.958620
-66.941056
-66.384607
-68.680363
-53.120154
-59.710895
-45.280688
-61.876869
-42.639267
-46.283345
-48.690167
-49.386415
-50.063216
-53.579384
-49.694392
-52.876908
-44.851841
-45.679720
-31.319685
-12.048528
-14.084536
-2.665083
0.409591
1.461398
-0.350723
-10.397293
-25.630842
-29.262085
-40.699202
-39.327621
-59.465897
-44.080844
-50.783917
-46.796349
-57.204749
-67.087840
-77.248379
-64.016339
-79.602145
-67.438802
-84.284189
-76.013731
-80.343340
-72.276008
-78.448235
-74.016885
-87.526706
-73.638022
-93.066047
-84.237589
-94.072118
-95.687931
-97.073701
-96.883797
-105.751512
-103.462173
-104.579796
-90.757588
-101.089823
-96.250470
-90.783237
-90.783314
-84.553570
-88.685973
-91.347248
-91.581873
-87.486293
-85.892080
-78.256452
-81.906022
-71.809407
-80.957611
-74.076296
-79.663172
-81.254589
-89.297902
-81.846385
-84.189557
-69.915950
-75.577441
-55.151015
-68.174977
-60.469987
-66.665607
-56.244340
-60.233725
-54.985095
-68.431664
-51.215793
-51.481155
-41.090051
-54.783588
-40.538784
-40.053581
-30.193500
-30.003056
-26.938733
-31.153239
-17.759205
-25.329618
-15.544034
-13.094294
-13.808122
-7.506382
-4.500502
1.127755
2.839355
5.287494
3.129942
10.013708
2.386383
9.208279
-2.543432
2.380117
-12.856020
-12.692689
-21.511529
-17.798128
-18.616002
-6.999886
-20.708057
-7.564553
-23.634484
-17.744492
-27.199321
-20.458219
-30.180420
-28.555182
-34.359040
-23.527925
-36.901057
-25.764663
-33.652323
-28.948189
-40.307517
-45.579616
-50.830889
-41.878224
-54.754691
-45.223616
-50.752476
-46.904503
-56.189163
-55.052835
-60.067861
-59.345378
-62.088182
-62.903482
-51.195833
-33.222238
-20.302604
-12.314540
-4.218360
-8.357828
-0.219751
-2.838853
4.354301
5.331375
15.864249
15.633196
32.686427
27.278846
45.114969
36.109037
41.423880
30.972585
43.511798
33.916030
28.262232
22.145673
42.493589
30.845833
45.624037
42.243675
52.747200
54.050421
58.467510
47.441274
58.063258
47.779014
62.882561
49.101339
50.785885
46.571608
46.612794
47.750473
45.026906
37.984583
44.463867
35.159518
31.973832
35.291825
40.813422
50.184294
40.789079
46.424951
38.908653
29.185882
17.122237
15.076562
1.722290
4.868752
-3.632373
9.977694
-4.968211
1.969868
-2.512272
-3.949744
-13.028986
-8.124334
-25.445872
-19.688122
-42.338118
-25.636363
-36.977697
-31.462612
-38.235225
-38.766562
-42.105144
-26.332527
-37.415901
-25.821127
-37.697440
-30.830090
-34.270970
-38.275658
-44.429517
-44.825463
-47.170879
-46.039889
-43.254342
-25.163218
-29.469003
-31.351706
-22.627880
-30.595996
-21.449649
-16.539489
-16.125133
-11.238366
-16.415143
-30.937306
-27.852589
-48.097701
-39.085316
-53.994214
-47.305546
-51.710768
-55.077883
-64.858518
-59.271984
-69.140705
-53.248608
-59.667097
-41.446714
-42.190012
-32.284575
-38.831191
-40.310713
-51.779337
-42.202360
-59.284854
-49.613375
-64.101716
-50.976020
-47.279159
-41.408233
-40.050563
-34.807542
-42.531194
-36.243136
-44.390718
-41.571109
-53.343596
-59.485010
-62.517305
-73.886904
-71.281204
-73.163203
-67.405467
-62.803991
-65.704916
-58.724068
-42.473349
-50.083173
-35.017981
-49.185346
-49.001426
-61.139342
-59.216697
-58.492691
-49.675790
-78.409537
-72.242160
-93.276805
-75.349913
-85.269326
-76.545373
-78.946028
-70.208776
-75.570144
-63.565418
-75.406241
-59.010396
-67.449772
-60.883118
-64.699122
-62.997681
-63.534216
-61.236938
-65.509740
-62.255840
-72.192909
-66.472449
-71.344521
-69.891597
-69.503680
-73.921224
-76.386213
-86.475777
-100.881016
-98.311360
-97.135650
-106.414927
-106.238138
-125.622720
-112.341264
-119.745426
-120.001904
-126.907305
-128.869136
-134.808958
-119.197853
-132.547773
-119.723816
-131.351731
-119.321025
-125.627064
-116.900956
-116.130147
-112.349433
-119.665711
-112.775369
-129.215361
-120.393545
-127.550699
-120.410914
-138.174689
-139.257238
-142.005271
-128.685069
-135.471793
-124.869012
-129.120460
-127.148567
-130.890117
-132.439997
-130.256212
-126.372740
-127.910375
-130.057291
-133.411339
-131.750123
-130.383575
-138.256025
-134.796278
-147.387021
-142.153088
-146.063298
-147.990929
-156.297349
-158.714632
-172.205679
-165.839541
-177.579533
-155.896536
-158.676748
-139.888353
-139.158554
-130.687918
-138.213359
-133.689377
-138.961246
-125.600401
-138.464790
-121.533216
-126.788871
-119.894942
-124.840705
-119.934166
-128.614847
-121.143732
-125.349647
-106.016363
-108.000220
-102.845849
-103.456972
-96.573688
-99.370802
-94.293530
-103.258273
-105.715465
-112.779718
-109.465765
-102.818647
-103.791630
-99.686326
-107.399986
-104.484113
-102.827717
-101.741110
-110.078594
-105.849282
-111.738929
-111.532333
-128.994859
-117.835334
-131.023676
-127.483103
-131.229678
-121.816660
-131.376826
-113.917340
-121.961772
-109.122094
-121.307572
-109.666162
-117.658698
-108.920959
-107.557041
-93.098601
-107.784121
-100.734884
-115.047097
-109.773216
-114.549120
-106.815569
-104.277642
-99.858855
-96.001369
-89.674822
-94.661477
-86.716628
-103.573231
-105.636856
-101.615895
-105.989365
-97.752066
-101.225906
-93.085936
-91.704835
-97.513011
-100.030230
-91.351003
-92.409230
-85.905159
-98.235319
-88.597970
-101.953477
-101.492153
-104.839774
-95.783409
-102.903252
-94.351550
-104.863658
-87.048625
-94.715695
-71.066256
-82.020115
-76.783112
-85.229731
-78.579560
-86.823667
-81.618529
-91.159968
-81.940588
-86.169094
-70.519604
-76.891023
-77.960691
-82.845209
-81.229236
-84.281991
-73.841133
-75.804107
-70.893850
-75.466077
-73.139133
-64.956726
-69.659517
-65.443332
-64.780100
-63.498141
-64.083589
-64.003377
-64.864370
-58.406273
-61.280379
-36.324487
-44.551373
-36.268320
-41.683346
-33.136426
-30.664676
-17.576834
-26.112222
-18.380872
-35.763040
-27.449070
-55.386841
-57.915598
-67.096906
-59.817232
-65.603020
-49.096269
-47.944414
-31.368750
-42.272801
-36.471108
-39.167435
-25.796128
-28.037744
-18.623888
-9.198847
0.551831
-8.973800
1.365114
-2.444725
0.537470
3.593579
-2.333665
1.383390
-2.003259
2.544240
-5.933509
-20.315289
-17.554452
-17.847357
-21.033548
-14.042520
-32.163020
-25.373412
-32.390372
-27.515932
-29.690348
-30.260028
-36.010128
-25.950384
-39.671204
-19.646905
-36.390453
-21.938046
-28.198933
-26.863639
-31.911627
-26.236355
-38.283218
-23.970066
-44.514915
-30.162917
-38.851045
-37.765579
-43.803514
-46.054758
-45.025116
-39.081809
-45.626224
-25.261949
-33.499755
-29.074168
-37.894272
-38.671350
-32.260629
-40.888100
-40.628953
-36.009453
-43.854131
-39.316575
-43.577548
-47.655016
-43.035062
-56.434707
-39.567057
-45.816985
-42.900670
-48.963882
-51.313826
-62.868391
-62.494310
-82.727451
-76.184839
-99.990514
-83.281278
-95.516563
-92.080043
-93.366333
-100.396901
-111.698910
-101.889920
-120.524755
-101.694584
-115.526516
-106.864937
-114.209505
-109.596257
-103.865343
-94.780460
-96.304726
-82.833307
-94.233065
-78.395708
-77.217479
-75.303978
-73.657969
-86.022516
-94.685293
-101.010414
-111.601142
-115.243725
-122.526621
-124.430641
-109.793183
-113.064220
-100.349151
-113.975900
-110.809620
-113.043153
-120.304887
-122.790978
-114.788368
-126.421108
-117.228145
-131.797571
-108.703845
-113.078952
-108.509789
-105.928240
-97.096686
-100.793402
-84.291390
-90.168625
-66.533567
-76.541079
-68.103028
-78.263558
-85.246400
-82.317571
-70.941655
-72.940873
-58.687856
-68.457183
-46.459839
-50.456690
-53.680515
-53.211928
-64.201102
-62.338208
-58.910369
-60.219095
-48.677172
-54.787419
-52.876483
-43.955029
-45.995902
-33.590479
-42.497533
-41.040562
-33.589106
-26.623784
-32.053354
-25.067066
-29.783067
-14.316927
-34.562301
-20.712905
-30.955330
-24.594505
-25.825184
-13.561783
-15.394489
-1.375707
-17.998218
-8.142292
-23.154829
0.469838
-3.817394
-4.897456
-5.547323
-0.172896
-0.857316
20.987828
10.444159
25.095972
19.875553
28.371449
32.869882
28.773491
25.652840
19.996726
9.586016
14.348665
6.709918
18.583848
23.872660
13.054370
23.037944
10.755675
13.163168
4.082865
-3.152850
-3.198640
-3.866730
-13.231028
-4.907079
-14.412553
6.206858
-0.534786
2.465693
0.392751
5.117554
-6.170789
5.580746
-4.608913
10.394591
0.690225
14.570725
5.300064
1.933357
5.519166
17.811913
5.863215
18.452927
11.196190
31.413886
27.594905
36.363279
41.758474
36.441216
27.810229
31.134852
29.657142
36.862813
29.049351
30.983889
31.396462
29.659251
28.927526
19.409322
31.432497
34.335281
39.277164
41.829152
45.232060
42.937311
54.943454
48.051207
62.388854
51.598782
63.383179
49.530883
46.336418
39.579603
45.206174
34.997825
53.307836
43.331243
55.527124
49.521198
58.343433
53.848272
63.051631
49.084397
55.071497
34.301378
42.001885
35.507049
43.867756
46.407366
57.695009
60.371925
64.208985
59.424026
60.960308
54.652865
65.616014
61.476406
62.253756
66.050327
64.171711
69.107065
79.536231
91.220414
86.583414
90.404598
88.738356
99.516553
87.722078
92.488024
83.362403
86.627592
78.832868
85.756625
81.344218
86.148487
73.157563
82.325756
68.291500
75.055580
61.711569
67.626309
58.304531
67.609209
53.503365
51.167172
27.658905
36.941113
26.475062
30.898722
15.026029
5.894370
-3.479539
0.260924
-7.671619
-1.138305
-10.363444
-4.740215
-10.209388
-13.972942
-13.364906
-20.913278
-18.414787
-18.575049
-20.633882
-23.171884
-13.909285
-5.784229
7.890376
4.228533
12.869886
6.138521
18.099281
16.688016
16.179988
9.693122
22.949398
8.733281
16.631516
1.309217
12.670159
4.334444
14.463297
12.273126
25.515861
18.611572
26.139609
8.850306
23.428996
17.880952
32.080064
20.198716
25.058851
23.685910
25.613161
13.214706
23.292187
22.237946
24.172234
11.820411
2.286076
1.683139
7.457139
9.508774
22.416742
16.654928
9.703324
-0.937180
-6.028289
8.349718
9.264718
25.982038
14.425792
10.797921
8.237085
12.242692
8.252609
20.505730
16.795579
39.429666
27.071296
41.165141
29.922788
33.298458
18.284305
17.113071
7.149700
18.054104
0.664291
6.820442
-9.725931
3.834522
5.788487
7.231922
3.896404
19.016671
19.086393
31.015686
11.897974
25.058535
25.911985
24.511667
23.391937
20.672063
12.738516
10.188427
2.394683
10.360720
8.205367
5.994893
8.264362
-5.421051
0.453394
-4.592388
3.430388
3.444498
1.522307
-4.664691
-4.822387
-10.790232
11.076779
-1.593827
9.321854
-1.253761
1.071235
3.253513
14.047572
9.681219
20.972122
2.980254
16.691543
0.282352
1.214866
-8.652203
-6.646102
-9.707322
1.970839
-11.553463
-7.776664
-23.220447
-15.847799
-21.143611
-22.768911
-22.303193
-15.226130
-13.064869
-4.988911
-20.250936
-21.801585
-37.400514
-39.688716
-34.320435
-44.016889
-32.635238
-33.655538
-22.426444
-16.276359
-23.036467
-22.150955
-8.345209
-21.497141
-12.209250
-29.015104
-21.842488
-38.455092
-37.567228
-37.381849
-34.534169
-50.819395
-43.047108
-59.590421
-48.157172
-62.433597
-52.662756
-56.481213
-52.117704
-52.663730
-46.395168
-53.125262
-41.741436
-60.175669
-45.831698
-46.120656
-38.896793
-35.854128
-37.650008
-37.735059
-27.159389
-42.507603
-38.230795
-48.055757
-46.214001
-41.512949
-47.727661
-43.803202
-44.099281
-34.802403
-31.159198
-32.559101
-32.092166
-24.228802
-35.739271
-24.409341
-36.498176
-23.062156
-30.435935
-19.533748
-11.547939
-7.265501
-21.271131
-12.056089
-32.724201
-19.290102
-31.486404
-21.731582
-29.299069
-27.528515
-27.919492
-15.545147
-23.327151
-3.872192
-11.597115
8.949168
5.437893
11.823149
7.507449
3.778581
2.622342
9.351826
-5.205606
3.253184
-3.330926
-8.581044
-16.232319
-18.290768
-9.539036
-6.607856
-1.706234
1.110743
3.115049
6.009590
7.392899
-2.716442
10.414297
-3.892753
0.825297
-4.546762
-1.394943
-9.339148
4.190343
-5.006137
-1.444967
-16.347394
-4.686870
-14.520464
0.588353
0.695356
-2.174540
-7.354058
6.672626
0.631132
13.434155
-5.827750
6.369862
-3.285402
-4.837889
-12.381998
-8.742060
-8.590902
5.018006
-1.423584
4.467336
-0.395257
6.344878
11.369049
13.673007
17.830834
21.065174
18.389554
20.175362
21.249146
12.154773
15.105628
4.614428
11.707550
13.936648
19.472714
17.472546
18.883012
15.357796
23.026397
12.373797
26.283226
14.969560
24.585703
8.420014
10.545959
1.032698
11.674084
-0.590716
7.884892
-3.102758
13.056927
1.181216
4.810086
1.147425
11.174979
3.063828
11.694234
-7.714358
-5.563004
-14.923717
-8.497178
-13.130090
-6.473484
-7.203193
-1.672997
-4.989778
-1.937367
-6.479553
-0.719560
-1.455818
-1.273521
8.869656
3.617851
10.133983
4.112592
2.648324
7.026049
17.269337
15.007483
28.226163
23.249260
40.350348
33.404111
39.809415
25.098485
27.536804
21.782802
30.760736
24.659893
38.636966
23.439538
35.067638
24.667532
30.671715
24.907603
35.407700
24.457661
24.840537
11.572761
17.144134
0.597480
2.388508
-13.074764
-8.220692
1.868228
8.764310
11.089671
20.723239
7.827308
6.919237
2.546032
2.476728
3.599891
-3.925827
-1.893353
-6.623779
-9.412075
-18.355092
-19.714410
-20.947498
-9.460758
-7.548287
9.098693
1.611147
14.519824
10.019484
14.915396
8.564557
18.658776
14.704974
28.938937
17.708641
29.330466
21.111261
34.287791
32.853577
43.235664
36.410018
45.967579
37.327895
44.415847
40.488707
55.336396
47.789867
55.345924
46.889859
48.919103
55.037029
62.628480
54.468492
65.024148
63.026935
63.526338
65.306894
60.917101
62.789758
61.227468
62.966701
56.191887
55.379565
44.649130
39.372346
34.009328
41.156752
34.502500
42.272222
33.358786
42.098656
34.116803
35.687227
30.683313
33.369219
8.595335
12.113129
-6.051372
0.983896
-14.644389
-6.810406
-8.527079
-4.855233
-15.247803
-6.917394
-24.409164
-12.883028
-23.570599
-23.721187
-29.328720
-29.017894
-37.507910
-38.555297
-49.451032
-45.136394
-51.143870
-40.040687
-39.457136
-40.569172
-29.362992
-29.344321
-17.427747
-15.899508
-16.687094
-8.044805
-8.322708
-11.950903
-14.438541
-22.295710
-9.293447
-19.607491
-1.211467
-6.425245
2.035493
-2.390352
5.553359
-2.078187
12.454284
-2.445465
13.639897
2.988802
8.883133
9.117559
8.949384
-2.924500
2.713661
-16.815750
-4.295197
-20.937131
-1.665145
-1.825407
2.524619
7.736186
16.178281
20.552016
43.498093
35.532945
39.885267
33.483452
33.631844
36.805413
34.413329
41.614380
42.843889
36.600315
37.875209
29.319299
38.236138
55.419241
48.303598
63.404285
50.916843
58.584639
63.704510
72.024178
71.302701
75.549283
71.560090
84.062257
64.691359
87.775701
68.460907
74.253955
69.283269
69.727407
66.307205
72.776110
58.243185
75.316198
66.837717
91.777560
86.748433
89.517617
90.610727
89.175169
82.412776
89.288357
72.191529
85.248768
83.800971
90.201476
96.935229
89.819025
93.920639
92.409937
86.013301
84.665470
77.926196
88.106282
86.094226
77.951694
85.429126
65.991238
80.311085
74.970685
80.020340
81.675876
86.095660
78.565200
89.769994
76.217104
94.305160
74.394842
80.985230
78.117715
81.370041
75.853699
77.583742
69.246827
87.404473
66.256654
77.836374
67.453070
64.545405
57.389058
51.308994
47.459852
49.609532
33.285164
46.543610
44.010025
56.482800
55.442929
47.466715
48.129777
44.286606
41.021704
40.453660
30.289871
40.110311
40.837496
36.588114
46.745120
32.695124
41.689781
32.933601
24.727287
25.068052
27.119454
28.387430
47.870620
32.695519
48.318380
33.378101
42.964240
33.693099
44.223716
39.054408
42.094097
36.728964
53.460537
37.110282
62.762793
53.770954
63.939264
64.197629
59.951059
60.942263
75.377542
61.297601
78.316849
58.029555
61.346781
64.284546
62.499554
56.579596
65.590233
65.147462
77.945720
60.311803
63.922226
59.933441
57.612645
62.384928
49.040982
63.039180
56.461220
59.442427
60.165780
58.446467
59.551222
64.047343
50.110175
69.996289
66.211000
81.919898
70.193944
76.273940
68.209571
74.418667
62.230828
79.634680
71.486188
90.557559
73.494959
71.641335
67.814497
75.252157
70.416019
74.672677
56.833908
69.728880
50.638623
62.439404
70.848035
77.445945
84.210147
70.307941
58.034798
70.145756
59.667918
62.672578
56.173586
54.981767
58.343271
50.586875
57.280012
50.940585
43.304400
42.695641
40.639237
37.038075
43.366359
30.180643
43.687486
25.096067
31.969080
31.936848
33.664285
28.763301
31.438487
16.358882
27.575168
9.835803
26.813641
15.154227
25.175277
19.792908
26.097750
25.263513
32.042900
24.190742
43.451589
33.688809
41.990329
35.201750
37.695807
40.103337
45.555129
40.152378
51.580887
46.339485
50.936324
43.277304
39.963972
41.238500
36.372759
39.896009
33.472256
33.608311
39.319451
40.823606
34.846017
36.293488
31.248883
40.693088
25.031632
32.860100
21.917471
21.870036
9.247240
10.433437
-9.560270
-0.343230
-15.184739
-10.243054
-26.316723
-20.446783
-28.320993
-22.488545
-30.572702
-20.648953
-28.695267
-18.569767
-31.265414
-21.679620
-33.425934
-38.222031
-51.019200
-52.018466
-52.669043
-52.300186
-52.490731
-41.602534
-46.886361
-40.745983
-36.283883
-37.300421
-36.372878
-38.316916
-35.476217
-37.698233
-45.440920
-46.498012
-34.347239
-35.435550
-25.212493
-35.478735
-26.178873
-31.743120
-19.316067
-23.936965
-13.216680
-21.517137
-24.373310
-45.539346
-40.352356
-53.053030
-31.734605
-39.032094
-32.756182
-35.234778
-24.008450
-42.787417
-36.368969
-50.191111
-46.333038
-60.124621
-60.098327
-67.958797
-61.773022
-71.819461
-71.465176
-79.305237
-68.784354
-74.330387
-76.933755
-82.040396
-84.455841
-77.032404
-77.940643
-87.380284
-94.694646
-94.716776
-89.721654
-79.237283
-79.862428
-72.754797
-84.298563
-78.494839
-79.475260
-75.066569
-86.459138
-83.928943
-87.881986
-74.345648
-84.961234
-71.631654
-84.106504
-77.204544
-94.844992
-93.517627
-105.093007
-101.784767
-110.937850
-96.960589
-108.829367
-97.798496
-107.889881
-105.166061
-112.859835
-111.939882
-118.320704
-108.506512
-119.080698
-119.454122
-128.738373
-121.651840
-132.721792
-128.368911
-135.055915
-133.552512
-122.715037
-118.595659
-117.266228
-115.465773
-110.150888
-106.888070
-91.773440
-97.012797
-81.652973
-83.014616
-81.083224
-82.197029
-79.150517
-91.524920
-83.804289
-98.669888
-99.183021
-115.692700
-98.276561
-105.301030
-105.168113
-108.438007
-94.228049
-101.439418
-83.658470
-89.557531
-69.989525
-75.804305
-67.196513
-68.200772
-56.193840
-66.339919
-57.468792
-73.875824
-71.928769
-80.765508
-77.513001
-80.086688
-75.563198
-70.319497
-61.302891
-62.900507
-58.240020
-66.965656
-62.646319
-64.450562
-76.001189
-74.541849
-83.422655
-79.511798
-80.660072
-69.112485
-65.352338
-61.359698
-62.635737
-52.101265
-56.912854
-39.057815
-49.242855
-46.584720
-58.953842
-56.852837
-66.214331
-60.722663
-70.271546
-58.943148
-78.052492
-67.594768
-78.218347
-67.506284
-70.721777
-67.447627
-82.833317
-70.891767
-74.281940
-71.152361
-89.617359
-78.425940
-80.984981
-78.492413
-85.200124
-81.566424
-81.844508
-71.461455
-73.029498
-58.314706
-51.125429
-47.346568
-33.556944
-37.016230
-32.647445
-41.160868
-48.699334
-59.521831
-63.484494
-76.587908
-75.119194
-87.194260
-69.204612
-75.104189
-60.985798
-60.695024
-47.731200
-47.276031
-41.598991
-56.686413
-45.120875
-68.822520
-65.608989
-84.671533
-83.304431
-91.709175
-83.524908
-82.412325
-68.253984
-84.273869
-69.407971
-91.600614
-96.510184
-102.652198
-98.050086
-97.577437
-102.288582
-107.174968
-101.675315
-101.974304
-93.105277
-97.488527
-92.588107
-80.109557
-87.593050
-77.107626
-76.172843
-77.375016
-76.677134
-76.437653
-81.110383
-79.371580
-86.049132
-67.058388
-71.624995
-59.126123
-63.294327
-64.075256
-70.207531
-68.127566
-83.552049
-73.850787
-79.310421
-68.154157
-87.435754
-76.173730
-77.923126
-77.760512
-94.086127
-89.934746
-97.960147
-86.231448
-103.217376
-94.744143
-99.268215
-95.961113
-104.909259
-103.278148
-102.500358
-88.345545
-104.708149
-98.825690
-98.921358
-99.783134
-94.156463
-101.167254
-95.628184
-92.094570
-93.046943
-87.986262
-91.043278
-87.341890
-77.647759
-85.431307
-75.215336
-82.683143
-67.155266
-66.960125
-70.531734
-73.408421
-63.949729
-72.772517
-55.954539
-71.192134
-62.466363
-73.831529
-68.355133
-73.761731
-63.198961
-70.361477
-64.220830
-75.773291
-61.304136
-82.430373
-68.729641
-79.830030
-76.241721
-71.782954
-69.554416
-82.037596
-70.018168
-83.240370
-71.327997
-78.305520
-75.890494
-71.080250
-71.938616
-62.933927
-63.782985
-61.328333
-58.017177
-69.167736
-71.253451
-75.650773
-84.004631
-74.574956
-91.731798
-89.942559
-95.481083
-90.164301
-89.825763
-89.580981
-103.781320
-92.594245
-104.842467
-95.987790
-118.958461
-119.540362
-121.378270
-112.165294
-118.880553
-111.461321
-125.731501
-104.372013
-125.132682
-117.471045
-124.744063
-127.576912
-139.145019
-136.716646
-145.098956
-135.223594
-156.896534
-153.016600
-159.060321
-149.138656
-144.669048
-149.823407
-148.377328
-151.406582
-161.293695
-158.450174
-164.781221
-159.822741
-156.896834
-159.008628
-142.819186
-156.739509
-149.598926
-143.601580
-135.067318
-125.600637
-109.638994
-114.897427
-94.921201
-109.679971
-94.627265
-100.944690
-93.944589
-96.565266
-93.115731
-98.229790
-82.965639
-94.836706
-73.943825
-93.600971
-74.685435
-73.040943
-70.204290
-76.448726
-75.587180
-79.405890
-71.291872
-95.935533
-87.629355
-98.056712
-90.160734
-86.731749
-92.577951
-96.460258
-97.392996
-98.491802
-86.651517
-92.277754
-83.076925
-81.220525
-88.744266
-81.420928
-90.247239
-86.110997
-93.151382
-103.632927
-109.185931
-106.344689
-106.532390
-97.697329
-111.799429
-92.794578
-95.249890
-76.537102
-76.242942
-70.167290
-74.238444
-65.188003
-80.055789
-64.413227
-78.755962
-67.055511
-77.351650
-74.647681
-72.629381
-65.632495
-73.481328
-56.187863
-63.360851
-44.279052
-52.724667
-50.156882
-57.907357
-58.700877
-57.367679
-52.624684
-63.243244
-54.619733
-60.017704
-54.683400
-54.448827
-60.472754
-48.620468
-50.931053
-51.342932
-55.696407
-71.183899
-75.091636
-69.972842
-84.225907
-74.350405
-91.749947
-83.546452
-92.224532
-86.390428
-99.052532
-96.572204
-106.752137
-101.656934
-117.978715
-111.126869
-121.400021
-109.322717
-125.077823
-120.095745
-125.923700
-113.971067
-123.067410
-108.991599
-113.323661
-94.537221
-104.674926
-98.033192
-99.054464
-94.685179
-97.300930
-95.861488
-108.777826
-108.523820
-118.518795
-107.621219
-109.212326
-112.771803
-109.649474
-108.608307
-105.093951
-101.496424
-101.194960
-101.758342
-99.530822
-107.773962
-101.354069
-116.323336
-109.594769
-117.843980
-110.658565
-119.361186
-113.626281
-115.860008
-110.092155
-124.256766
-97.458578
-104.274834
-85.815858
-86.083596
-80.875112
-89.415255
-83.148641
-96.604491
-84.045250
-94.644311
-78.286242
-92.035651
-85.548571
-84.768529
-73.814230
-77.246034
-76.101071
-90.832046
-77.859221
-84.379597
-78.366473
-79.191123
-85.865971
-83.231226
-90.579793
-90.179898
-87.870146
-86.403298
-78.293143
-76.178596
-76.520767
-65.209941
-69.045915
-59.895996
-60.056144
-53.676476
-55.460213
-53.216676
-56.870626
-40.200054
-55.357277
-50.239893
-60.437755
-48.360304
-54.555184
-54.370203
-66.032095
-52.633741
-65.737788
-55.026829
-70.906962
-53.604744
-60.989114
-44.647460
-45.685826
-27.433654
-29.546363
-24.932782
-39.433730
-31.909871
-40.236702
-33.944422
-36.285617
-39.017687
-47.230129
-52.956207
-56.556856
-45.190117
-36.723999
-40.189700
-44.679487
-48.299797
-46.779634
-59.290906
-53.665340
-53.425301
-43.741180
-48.514405
-48.989129
-56.818145
-40.932954
-49.400621
-37.301978
-45.593118
-35.315580
-37.530033
-28.918317
-44.519816
-37.083203
-44.132115
-32.319854
-45.096333
-38.313291
-58.590344
-55.565531
-63.919183
-52.129899
-63.282972
-48.529438
-48.361507
-30.704098
-41.187593
-36.121840
-40.535443
-41.762235
-48.967478
-52.138312
-64.181608
-67.806917
-72.995471
-80.546303
-81.089409
-78.727612
-72.605964
-68.827965
-58.006422
-54.421512
-54.399383
-51.624927
-39.691342
-42.106450
-31.825909
-46.019953
-39.801300
-52.003065
-46.844946
-48.172967
-37.441973
-40.716281
-20.708710
-23.240324
-1.586027
-15.569938
-6.805055
-11.272180
-4.454940
-13.707869
-2.137154
-9.753225
3.377675
-9.793578
-1.137814
-10.558323
-4.238376
-0.088778
3.649588
-6.183069
-3.983811
-11.721886
-3.834624
-7.471395
-14.552409
-20.367043
-20.084301
-16.248920
-20.434252
-21.999655
-27.816895
-36.155352
-36.887873
-38.454077
-48.030039
-31.510412
-42.444913
-28.354734
-40.738529
-37.984478
-36.045100
-31.879403
-44.182332
-36.254594
-50.092992
-36.951746
-48.586289
-38.305077
-53.922581
-45.581249
-45.041534
-39.601873
-60.523018
-54.777715
-66.234427
-56.568485
-63.279525
-53.971998
-52.494175
-43.160928
-38.941765
-32.840404
-41.082021
-26.893990
-32.673978
-26.154992
-21.415858
-23.936668
-19.148487
-24.781739
-25.682970
-34.781923
-48.917079
-55.115460
-56.798529
-58.021720
-47.391579
-51.810613
-39.909402
-53.208079
-51.144375
-53.198114
-39.746472
-44.695868
-35.687975
-50.447554
-39.164566
-49.951744
-40.211064
-54.431364
-51.823257
-49.533660
-41.456982
-50.349271
-33.084632
-56.110398
-56.819205
-77.471305
-77.526896
-90.530720
-87.567331
-93.236104
-80.022634
-94.442262
-89.510581
-94.129683
-87.342945
-87.922058
-87.694614
-88.406964
-105.107593
-107.070543
-107.232491
-107.950742
-109.660388
-113.326967
-115.587927
-106.315322
-120.135001
-112.234276
-124.165557
-122.838155
-125.062948
-119.799979
-123.344329
-117.723344
-123.457551
-108.532786
-119.171728
-106.612403
-114.769924
-110.150304
-117.937183
-111.348009
-120.031177
-103.615465
-108.919825
-94.390564
-106.064629
-91.307122
-98.818728
-90.963226
-90.452503
-87.487039
-96.331301
-88.206986
-102.269020
-102.766597
-115.362519
-113.978570
-114.523019
-119.947806
-120.535656
-113.171458
-117.111428
-115.452914
-121.537774
-129.202956
-130.425003
-142.083496
-129.931152
-135.513144
-128.670109
-129.875232
-129.534791
-131.476131
-118.067414
-118.856921
-108.100327
-119.975560
-97.865221
-107.252208
-101.829948
-113.927119
-102.728009
-117.139174
-117.633458
-130.786825
-116.919893
-130.723507
-121.032861
-130.680308
-119.962435
-121.913581
-123.556910
-135.370052
-133.517848
-149.940636
-149.088793
-161.002069
-140.972075
-132.128467
-126.373920
-120.017676
-115.827804
-112.888251
-108.224441
-113.216607
-119.884678
-126.599385
-140.796611
-136.946361
-142.410665
-138.222608
-136.067587
-125.986849
-124.899237
-124.021061
-124.840857
-112.901596
-127.083452
-114.751316
-143.904923
-140.899410
-142.160409
-141.083215
-151.128042
-132.873560
-135.184605
-120.825029
-140.590704
-121.997330
-124.878157
-114.179025
-116.402329
-115.030236
-129.420368
-133.332214
-152.581007
-142.697263
-145.359908
-136.524429
-138.368082
-127.427440
-125.394966
-119.716135
-119.209876
-107.741335
-110.944130
-103.827276
-101.888234
-97.913622
-93.456702
-103.477871
-91.935758
-92.388137
-89.487175
-87.828063
-80.228267
-87.069826
-77.490901
-85.762608
-71.189843
-81.196289
-76.965991
-82.256111
-66.615177
-61.651421
-56.705694
-68.570854
-50.016357
-61.998176
-42.244709
-54.476786
-52.767224
-58.706947
-53.719091
-55.838328
-49.372025
-58.714430
-43.323720
-55.121402
-45.333801
-55.482564
-51.616051
-53.261790
-53.565028
-61.552342
-59.803057
-66.763922
-58.025445
-67.368323
-64.783101
-60.448250
-73.514447
-63.575884
-64.716648
-65.468412
-66.036885
-60.203623
-69.384159
-69.905938
-78.293916
-57.083788
-68.725826
-65.343603
-85.690498
-88.906414
-98.760107
-93.553502
-103.459377
-94.294873
-116.181200
-103.870174
-122.737116
-111.926592
-116.668423
-109.597792
-107.579120
-96.039348
-96.526863
-76.173015
-81.180503
-76.110928
-81.681346
-78.494931
-80.008382
-83.050225
-87.948427
-87.410825
-108.362562
-98.479232
-96.057247
-92.763638
-84.976228
-83.717773
-78.758327
-80.245726
-86.669210
-86.697740
-86.900315
-90.698488
-90.274955
-96.932444
-76.510001
-93.145399
-77.691265
-78.382180
-74.540867
-78.102750
-78.804909
-86.413915
-71.324231
-84.608518
-81.099798
-101.931943
-95.545761
-101.542554
-103.252962
-107.452134
-100.352494
-116.834071
-103.872253
-119.135805
-108.368840
-119.952235
-122.739355
-126.914970
-124.901303
-125.736114
-115.852795
-130.235421
-127.867629
-133.922200
-123.236336
-124.570286
-126.612548
-118.948568
-117.953030
-111.887252
-100.488067
-100.383504
-95.376962
-91.007146
-95.884531
-93.918424
-107.183620
-93.439061
-106.505587
-98.586808
-97.825783
-88.610882
-92.553358
-79.829160
-86.161949
-64.745640
-77.695418
-67.978998
-79.402755
-79.301936
-88.509496
-82.467999
-90.926761
-75.969245
-81.467462
-53.382396
-55.238885
-52.508065
-63.471616
-64.751185
-69.069861
-59.338120
-72.893864
-65.872037
-76.647866
-65.572089
-70.673242
-67.705078
-60.433961
-67.061026
-66.473216
-65.129128
-67.364143
-62.021238
-66.834045
-72.133833
-65.794723
-80.702312
-69.029342
-81.423136
-85.542373
-95.545609
-99.314837
-99.523383
-92.917604
-106.129661
-94.683355
-119.250251
-118.301999
-129.130906
-121.144332
-119.432513
-115.142328
-119.319312
-101.742209
-124.966342
-113.169529
-129.675361
-120.341860
-131.674615
-134.123631
-129.599545
-120.196470
-126.155225
-108.389045
-114.752190
-97.485587
-105.260345
-108.586386
-103.987268
-106.332012
-98.903976
-93.952559
-103.586842
-102.260929
-107.136462
-114.649304
-114.468029
-126.079981
-117.076169
-131.231669
-125.567812
-120.429407
-114.644822
-114.633365
-112.870356
-127.687468
-115.419762
-125.028314
-98.823016
-107.231750
-99.939550
-94.186600
-88.770355
-105.554904
-95.640009
-105.769653
-83.788436
-96.720260
-89.654433
-97.414175
-98.330826
-100.868435
-92.940964
-98.616031
-86.057351
-97.405453
-88.604950
-98.480019
-96.198513
-96.062753
-99.743499
-96.776427
-92.574585
-99.432952
-91.980412
-94.910401
-93.437659
-92.240873
-110.662394
-108.091136
-112.690829
-107.467491
-119.446746
-129.881365
-139.211123
-140.824220
-159.229424
-145.562185
-162.382725
-157.103910
-171.184401
-166.001811
-164.190562
-156.328618
-166.392651
-157.300285
-172.277069
-144.474384
-156.293411
-145.157592
-154.905365
-153.326693
-157.044651
-150.473677
-156.177137
-150.023623
-168.394484
-154.542239
-155.135579
-158.256709
-168.092257
-173.353016
-171.336958
-163.644610
-171.879669
-165.130600
-169.122305
-165.287336
-151.831428
-154.225091
-138.453992
-141.781565
-142.575589
-153.241779
-155.893733
-153.599475
-160.387353
-168.849101
-164.669442
-184.588880
-167.979207
-179.943839
-180.166146
-182.087978
-177.377736
-179.467071
-159.381805
-165.976302
-150.513652
-174.188744
-167.228678
-170.248745
-164.649703
-172.951767
-172.531749
-183.154506
-171.718095
-191.291873
-173.734238
-183.156086
-181.012656
-178.188846
-184.784449
-184.112304
-176.229967
-175.792012
-160.711551
-170.680038
-159.074881
-154.412925
-157.490612
-144.037605
-155.087768
-146.118842
-138.744084
-136.524913
-129.655756
-126.613861
-126.409440
-121.502432
-142.268191
-127.944309
-142.352409
-135.666324
-136.239920
-132.782290
-139.329590
-130.596321
-140.458890
-114.306877
-130.828010
-115.788223
-122.204297
-116.284343
-119.215230
-112.878209
-124.027802
-111.929378
-124.970394
-103.522100
-116.117830
-103.140612
-98.024225
-93.926275
-99.227823
-102.808258
-117.757352
-114.615893
-130.327690
-127.945425
-130.345288
-133.832092
-128.822095
-134.533606
-129.283663
-129.974007
-127.488508
-119.715930
-118.810885
-119.763585
-111.669015
-128.763307
-109.691195
-116.996435
-103.872296
-95.207283
-84.253329
-74.400933
-69.570585
-82.516494
-64.428207
-81.525806
-63.732670
-73.348201
-70.355453
-78.386686
-76.714763
-70.066610
-52.202202
-72.797712
-56.520893
-73.354926
-67.079065
-67.584349
-66.822214
-66.677187
-66.987071
-77.871226
-65.122912
-73.202349
-63.056434
-70.698594
-77.715651
-78.180990
-91.408060
-86.308950
-90.594522
-91.766900
-87.268279
-90.736313
-89.871358
-72.511483
-76.959727
-62.332240
-69.530389
-62.542642
-66.855159
-64.828506
-67.377342
-65.830785
-83.611544
-74.389255
-87.290825
-70.158860
-80.791903
-75.035165
-74.739170
-66.913112
-65.931794
-53.221381
-72.582810
-50.955112
-65.223882
-56.189211
-64.023366
-68.449622
-68.837040
-67.741452
-70.267899
-60.737354
-70.614247
-60.552079
-74.981181
-69.630950
-58.188145
-66.781128
-66.048705
-59.591472
-66.685586
-64.799437
-69.011351
-62.756198
-54.616935
-65.092507
-54.982822
-61.508062
-52.719815
-51.818747
-51.814913
-62.341541
-61.128650
-72.624151
-56.986666
-76.994209
-66.145521
-82.829477
-86.077451
-91.755180
-95.271428
-99.954645
-91.266614
-108.238371
-85.312976
-91.925956
-76.982613
-86.076637
-85.454936
-84.815384
-81.280660
-89.061351
-80.928760
-101.812847
-96.267330
-106.599430
-109.953940
-113.171764
-121.834491
-114.568656
-115.539666
-128.538404
-118.659429
-124.667603
-125.578986
-123.166935
-129.533075
-121.631063
-131.507746
-129.147714
-129.893909
-134.726390
-137.195623
-127.394175
-131.325488
-116.656598
-131.339849
-113.203160
-120.095691
-108.036534
-110.231916
-107.686141
-116.964654
-104.434156
-113.435270
-100.126713
-113.694452
-103.701799
-112.969918
-110.724496
-108.567197
-102.620720
-114.461999
-103.190653
-123.431208
-109.947389
-126.982723
-129.564245
-123.421573
-118.014132
-106.983044
-105.730574
-111.007423
-99.583001
-97.713320
-92.212943
-94.095608
-98.238542
-89.632261
-91.528049
-78.715951
-75.141506
-80.788559
-82.470897
-83.162237
-96.287945
-88.520867
-105.668584
-84.290900
-95.282704
-86.971196
-85.877009
-83.837698
-84.286513
-72.749852
-88.935810
-78.280213
-102.499956
-95.722565
-104.977748
-99.626247
-105.993306
-97.170759
-103.400809
-97.235840
-110.108538
-96.587829
-111.679317
-104.889591
-106.361590
-109.060257
-106.639651
-107.945318
-115.855039
-105.723653
-117.186120
-112.641315
-110.547909
-119.339531
-108.945489
-122.474672
-119.273537
-118.003002
-117.316097
-110.417252
-105.389089
-102.418216
-95.352848
-112.012118
-96.337451
-109.234236
-99.247046
-105.564597
-108.673853
-112.465632
-103.485567
-112.631978
-82.838864
-94.024835
-71.345083
-77.099272
-67.986502
-69.833699
-67.518299
-77.748221
-68.709097
-90.796369
-79.949304
-97.713099
-86.975749
-87.206048
-91.390635
-95.396802
-94.519377
-103.250679
-92.388578
-98.314094
-89.906907
-92.079333
-98.409751
-96.015086
-97.433409
-92.060052
-97.492596
-103.533884
-107.342087
-113.754389
-114.591028
-112.635225
-130.198376
-117.363363
-133.005692
-124.921443
-123.923166
-122.998200
-129.695488
-122.611725
-133.534567
-119.307934
-135.776302
-127.691792
-136.336233
-133.860743
-137.270011
-132.857510
-136.740948
-121.691597
-138.595331
-129.978596
-147.626795
-133.246345
-133.349813
-130.542531
-136.668845
-127.291376
-137.001613
-130.149217
-138.194722
-121.837249
-120.931099
-118.849142
-113.726512
-115.483287
-106.189141
-101.654852
-106.171096
-101.441199
-102.700336
-102.824281
-93.399167
-96.755803
-85.877768
-94.231654
-77.041463
-74.812876
-69.121137
-71.038145
-62.188224
-71.949007
-58.838770
-71.351771
-54.314058
-61.652670
-50.624144
-58.552515
-49.890472
-54.271533
-44.428765
-61.025083
-49.970321
-63.799625
-52.239513
-55.440144
-43.579381
-44.804854
-36.383320
-41.923083
-34.073195
-38.987340
-32.205196
-38.072145
-33.491104
-29.534192
-31.306835
-29.703792
-24.299774
-23.549689
-30.639992
-33.727394
-30.501104
-24.691241
-33.849355
-27.848807
-36.442485
-27.684775
-30.108436
-19.534535
-19.505795
-11.509392
-17.452236
-5.058218
-16.019836
-1.939657
-11.666403
-0.848047
-1.012718
4.733891
-0.316572
15.517891
3.289238
21.832490
12.331681
26.404243
24.820956
33.635291
33.697370
37.879370
29.595349
41.852313
32.181281
44.253865
35.862576
42.167717
39.165450
32.977050
33.790769
37.210978
36.636722
43.683168
38.319529
39.241247
48.297591
47.891197
57.938876
49.887023
56.867776
52.344383
53.793529
53.314155
53.072429
41.396497
50.813075
29.351406
42.870450
34.901330
36.900808
29.385613
32.635374
21.843873
30.715609
5.288109
7.077987
-10.704079
-4.018332
-13.515339
-0.476586
-2.765725
-0.877503
-11.845627
-2.888154
-11.588399
2.735407
-5.067458
3.486950
1.317988
0.777941
-1.961772
8.948879
8.667314
8.535624
6.139406
9.508762
6.864957
5.644695
17.036700
7.213197
4.676091
-1.489660
-5.096678
-7.995573
-4.957177
-17.046307
-0.439951
-10.057916
-0.422337
-6.150724
9.272879
-2.493869
0.907076
-16.243635
-11.904408
-25.898706
-22.516502
-32.320991
-16.659689
-25.887961
-23.954067
-34.198153
-24.384490
-30.969549
-26.714439
-40.642824
-36.268940
-47.175125
-47.981430
-52.665151
-52.100247
-52.491150
-41.285068
-48.923293
-47.616245
-52.588332
-47.238753
-50.116964
-54.783434
-49.629785
-52.096378
-52.693996
-58.343369
-62.073151
-66.153381
-55.527902
-55.690058
-41.371680
-48.607047
-35.586860
-42.466903
-33.186041
-34.949848
-28.878376
-39.310128
-26.835037
-41.636110
-22.655085
-24.786617
-6.135611
-4.867334
9.254317
-1.023531
3.909999
-7.357117
4.291827
-9.656409
-6.563252
-19.907377
-16.479690
-23.738349
-18.620000
-25.583368
-23.969325
-28.652958
-23.583763
-33.797561
-35.203639
-43.251271
-52.491020
-55.671053
-59.026280
-47.991612
-47.321962
-36.755611
-31.416054
-29.428297
-38.668233
-38.226066
-50.281035
-53.671781
-73.271313
-72.764441
-82.868585
-71.409171
-71.791655
-72.498135
-90.442580
-74.484352
-81.904280
-65.139377
-74.232390
-65.526367
-73.293667
-73.172760
-85.197576
-75.596146
-79.790119
-62.637192
-72.781850
-63.427203
-62.999965
-53.767648
-49.224806
-40.189088
-51.931483
-45.635725
-54.183928
-51.214349
-53.837170
-56.019526
-56.326941
-57.972107
-55.266156
-58.619596
-65.932172
-71.351570
-75.099398
-74.660531
-77.458485
-90.354983
-79.550308
-81.794353
-80.717209
-86.783364
-74.820200
-71.550223
-59.956002
-74.342704
-60.060438
-79.199231
-64.629480
-75.026026
-67.340585
-76.146325
-69.879878
-68.426585
-45.529783
-59.033956
-35.911535
-47.489284
-39.702868
-44.403326
-45.305274
-47.394270
-34.541215
-58.444117
-48.095519
-56.709758
-42.549071
-45.194170
-40.850664
-32.663795
-31.122736
-36.877095
-36.311059
-40.647606
-35.828447
-37.829439
-39.123929
-39.460048
-53.849947
-43.046187
-49.132122
-35.664566
-29.840961
-30.197649
-36.059841
-28.789812
-39.906198
-24.244198
-37.964646
-25.601602
-35.999648
-30.278114
-37.464561
-38.058874
-43.260356
-27.970634
-37.955443
-25.129163
-39.020924
-18.291805
-29.466966
-29.361264
-37.943068
-40.306441
-56.369969
-47.734443
-57.990980
-47.631277
-55.143880
-59.331559
-58.764522
-55.454263
-53.798624
-49.388864
-57.323077
-48.298341
-45.731759
-49.313146
-49.081977
-64.525668
-63.159835
-77.524209
-77.156512
-70.339564
-72.135656
-77.104850
-72.406887
-80.536943
-61.277200
-71.641058
-54.970203
-64.385610
-52.961297
-48.281754
-46.813664
-51.624590
-42.534155
-61.642289
-51.914220
-69.547428
-56.767413
-61.180731
-63.589772
-68.327048
-55.144984
-59.064905
-43.078402
-54.119174
-39.255869
-46.281589
-40.090575
-41.039122
-43.477175
-48.897829
-45.286989
-49.735076
-33.596184
-46.153567
-46.317213
-39.672416
-52.233459
-41.204039
-48.887826
-44.516515
-49.677412
-54.084809
-59.511553
-59.160690
-65.889912
-51.967139
-68.736629
-53.868405
-61.022894
-58.721019
-61.647834
-58.165108
-63.528817
-58.114136
-74.872754
-55.536109
-72.705365
-65.575802
-67.503176
-59.041818
-57.713444
-48.166290
-56.502254
-49.664155
-63.293639
-40.502638
-49.336453
-45.181295
-49.527577
-53.292030
-58.168837
-59.679045
-65.664579
-50.151082
-54.299979
-45.455682
-36.904706
-39.859550
-35.912300
-41.921068
-38.491853
-32.330004
-28.362568
-27.776933
-31.118194
-38.169389
-27.111175
-37.697913
-24.227210
-28.542040
-16.455937
-18.359802
-16.233115
-14.684589
11.078996
0.336977
16.840000
1.950957
8.113207
-3.812962
-11.616746
-12.895687
-6.824071
-15.449529
-3.404010
-31.316230
-29.660125
-46.158402
-42.362265
-48.641960
-49.410487
-55.215921
-55.843289
-65.970169
-55.817020
-61.405123
-53.559635
-54.136719
-64.060032
-58.025952
-61.200487
-57.717294
-52.668031
-62.432978
-63.268117
-68.777697
-75.796305
-72.344385
-88.019808
-82.631193
-94.228731
-83.034104
-87.418712
-92.300477
-97.082871
-86.565553
-103.561229
-95.920478
-116.100647
-105.268598
-116.499161
-110.795927
-106.327050
-97.558556
-106.799023
-91.208690
-103.560546
-81.371933
-84.363378
-77.488721
-79.442233
-85.258589
-97.814438
-91.488893
-97.265536
-85.200466
-98.541033
-96.849640
-93.467895
-93.954830
-83.913096
-78.843268
-84.931207
-81.819630
-87.998948
-81.334426
-84.443377
-92.693177
-77.346021
-80.004079
-68.750696
-76.869058
-72.307105
-73.230566
-72.940569
-78.355978
-61.979361
-70.009913
-42.357630
-54.052985
-41.221894
-49.867287
-41.797827
-46.997900
-45.503558
-51.458054
-31.396983
-49.790968
-42.753515
-46.015962
-33.689601
-37.898476
-39.354027
-45.855835
-41.128201
-50.818686
-40.729320
-49.797992
-36.004678
-40.025200
-49.675434
-47.246698
-53.724623
-48.900869
-36.328596
-31.704720
-21.817260
-19.922984
-19.232727
-15.130565
-32.964171
-28.120889
-32.870423
-34.005793
-44.291576
-45.288582
-50.276450
-42.422907
-54.880368
-36.948305
-46.703831
-34.615086
-36.783218
-29.194606
-38.301260
-30.975842
-40.612401
-31.064636
-46.956313
-32.917672
-39.223302
-36.871808
-45.740154
-42.681655
-46.217065
-45.621318
-65.184844
-48.972925
-56.557148
-43.392954
-48.063691
-48.823919
-45.543666
-53.602131
-60.460411
-54.489438
-59.009973
-53.414418
-56.731298
-63.014902
-49.693684
-56.047167
-44.852283
-52.011026
-43.977682
-39.114660
-37.265872
-44.011935
-40.720631
-51.246527
-33.260232
-51.371096
-36.113521
-34.002308
-23.761621
-24.420655
-11.771066
-23.434176
-12.343323
-25.508360
-14.517120
-34.169969
-31.034327
-42.222337
-41.695529
-44.365708
-34.323569
-54.671800
-46.935176
-55.388957
-49.048834
-58.814790
-61.491814
-67.510621
-73.857704
-72.519859
-59.546851
-61.052608
-61.355887
-64.313544
-66.717271
-61.557685
-71.211356
-75.003614
-76.826172
-80.566037
-82.809218
-79.274539
-77.734168
-69.920755
-80.165660
-61.611585
-73.731022
-65.022045
-64.273538
-64.429473
-69.005820
-61.280302
-70.082765
-55.216769
-64.991608
-51.200660
-56.253703
-52.338181
-64.002925
-62.914061
-72.990870
-67.135659
-86.876210
-73.951819
-82.631469
-72.972005
-77.018111
-75.707932
-76.161715
-70.800384
-79.144907
-68.731624
-75.981977
-71.749621
-76.377883
-82.115968
-79.241736
-79.813460
-76.648128
-78.555448
-76.450654
-76.271138
-73.925177
-77.249904
-69.287285
-75.364747
-66.650159
-75.957908
-78.711715
-89.406504
-76.503254
-82.010946
-72.818107
-84.797945
-66.949954
-70.968278
-57.298164
-59.012420
-45.566798
-44.572668
-36.105591
-50.441040
-39.477043
-52.484682
-42.034028
-48.742564
-42.356064
-49.645546
-38.367265
-41.676209
-27.936425
-41.628789
-34.672607
-38.548283
-33.326205
-40.534762
-46.754081
-45.299979
-48.461389
-54.991901
-52.055880
-50.336900
-43.717398
-36.432133
-38.566434
-24.730639
-35.231174
-31.756169
-37.448195
-40.758536
-53.331144
-49.304556
-54.205049
-34.944600
-46.743931
-38.522883
-59.803099
-55.618776
-66.268451
-69.723840
-83.088555
-80.519416
-93.942139
-80.311480
-95.473980
-82.780324
-81.144474
-64.731293
-69.588186
-69.967134
-75.749523
-59.754522
-63.917076
-51.893564
-67.764257
-59.636850
-56.104129
-53.805466
-47.640581
-49.598079
-52.631863
-37.169941
-34.670807
-32.411057
-31.629534
-39.913123
-30.016374
-35.142511
-31.807420
-42.201065
-43.892014
-42.541016
-36.690766
-42.802905
-40.052302
-58.277492
-41.863024
-53.806881
-45.987768
-59.852739
-51.530108
-47.574241
-35.453310
-49.214233
-32.154345
-41.947731
-33.172514
-48.119606
-44.473921
-59.674494
-57.892688
-73.521211
-70.115205
-72.811156
-60.861788
-60.416546
-43.352698
-40.315885
-34.935068
-25.722378
-27.310013
-37.711448
-42.544601
-48.769310
-44.075738
-40.087811
-37.672860
-30.110384
-28.047916
-14.057964
-16.624564
-16.509895
-20.949513
-23.243217
-28.744580
-22.599582
-38.376093
-33.257239
-40.867918
-35.374058
-46.224230
-29.960855
-31.727187
-23.810633
-26.406649
-16.977603
-30.977508
-21.557348
-34.363076
-17.988451
-17.445240
-12.912364
-22.577115
-18.163398
-29.681919
-19.172869
-23.104747
-12.626674
-17.163217
-12.733348
-15.015080
-15.661615
-16.205328
-12.871934
-19.871720
-21.966052
-31.974457
-34.461760
-28.638674
-28.410753
-18.013234
-16.619594
-6.684915
-0.351191
3.053635
-0.575824
-1.285198
-19.652979
-11.727984
-23.025957
-6.407196
-10.709365
-0.753554
0.574367
8.764599
12.127662
25.473634
23.505557
39.863383
24.936453
37.098925
23.085698
30.106720
23.175254
32.660544
26.057599
36.330169
30.543308
40.398204
32.967678
33.583726
29.091810
36.494515
28.958788
29.842803
20.878590
21.523467
13.420689
19.611115
29.267933
23.189276
27.788608
21.968523
28.091819
25.796535
33.790988
37.963004
36.482791
27.302288
25.741236
-0.952030
4.184292
-3.802961
0.107937
-8.783240
-8.125698
-17.818818
-6.894313
-11.487218
10.488034
-5.743766
8.636843
-3.676203
-0.590928
-5.270091
-2.865042
-3.082533
8.945957
-1.446227
12.897066
0.054715
16.786216
5.655575
6.049309
6.095193
-1.371357
-13.506005
-7.072227
-16.804673
-6.300978
-9.525100
-0.184260
12.395282
12.184593
13.197521
5.687612
-3.953077
3.907679
11.868398
14.189585
28.188555
19.648765
35.405568
28.324719
36.839485
20.154364
26.425669
26.821910
37.527017
26.566771
44.508706
30.784864
42.190847
37.690432
46.961236
35.347895
39.997842
38.354305
49.567816
44.942901
63.496567
54.275206
74.050528
65.726843
64.957466
68.708672
66.430005
58.622551
64.168161
54.651283
62.130930
53.943717
49.815146
46.180816
32.071237
33.660960
27.488388
26.698435
30.207515
25.460412
20.867196
17.144341
10.116226
25.885253
11.776962
15.418771
16.419307
25.441621
24.600525
18.839291
10.386919
29.729935
13.359272
27.498846
6.359989
10.207332
10.119122
8.488913
-0.335363
7.080973
-4.419073
14.265712
-2.659769
9.440585
-3.643587
-1.558240
-0.625144
4.324621
9.543620
22.476355
9.384546
17.896631
6.894706
10.896258
12.563903
10.688301
21.772231
22.971944
29.352940
29.138660
14.597194
12.237383
11.472418
5.946141
24.634947
22.253707
39.445791
37.955220
37.864539
36.698752
29.363571
21.088404
28.789456
7.839380
30.435558
19.209076
21.211412
12.192656
12.260104
12.769220
23.881130
14.879339
30.268353
4.070592
11.790186
-9.749635
-1.466329
2.630398
3.676640
-0.352110
7.757981
-3.610684
17.188871
13.087064
24.977389
28.933879
22.276827
21.743385
20.741799
19.784925
22.323368
15.525397
26.384284
25.550233
21.450605
32.817539
20.269595
26.798654
17.386453
10.238508
12.891439
15.014706
14.635198
27.723280
13.980512
31.271687
26.923753
49.117620
44.488769
43.861976
37.316770
35.791002
11.227148
14.003229
-13.484421
-4.347093
-14.256182
-6.836667
0.578386
4.520246
2.864261
5.891604
-3.606914
10.443730
-9.602382
0.926970
-19.988141
-31.644572
-23.591796
-30.149104
-40.949365
-36.687383
-42.343423
-33.150572
-33.071173
-36.143364
-28.083644
-41.551087
-29.443756
-28.985825
-27.106280
-24.848579
-27.322299
-32.741848
-30.979790
-55.353072
-39.006360
-49.891411
-36.178604
-44.515169
-40.695738
-48.518641
-39.561373
-44.827935
-26.449905
-44.455586
-38.647247
-44.891106
-36.761084
-44.471575
-51.020796
-62.139850
-48.415719
-65.585020
-47.819016
-63.375126
-61.917526
-71.618798
-73.335252
-75.304831
-73.716577
-79.358320
-74.983970
-90.451754
-83.791082
-80.991644
-84.836343
-78.638848
-80.223591
-77.249917
-83.483693
-85.799402
-88.584801
-88.446855
-89.250349
-85.303833
-89.824404
-75.085928
-86.207530
-76.701964
-83.781662
-76.600579
-70.162040
-60.865535
-63.886475
-44.753023
-55.160548
-34.034043
-40.182547
-27.351664
-33.455006
-21.780439
-26.650591
-22.872328
-28.763397
-0.545191
-11.825693
2.563856
-9.231289
-16.693834
-30.283398
-33.938857
-33.770030
-32.152045
-39.627744
-25.613261
-28.792589
-28.312053
-27.572442
-35.096058
-31.863385
-35.473497
-32.961268
-33.008329
-32.275807
-41.360298
-38.772858
-47.516906
-40.356202
-52.968377
-39.313739
-40.893957
-30.910638
-33.384424
-29.539025
-37.219141
-24.783035
-38.099960
-22.099343
-37.830431
-29.265241
-39.320741
-35.673066
-39.264685
-28.086213
-43.561005
-31.853662
-48.252701
-47.141312
-59.479643
-64.423419
-68.069798
-67.364140
-72.783354
-65.281726
-68.142320
-62.053735
-74.514421
-73.367287
-76.575233
-84.154524
-85.803278
-86.021234
-81.044707
-74.470079
-74.206174
-67.278762
-66.371866
-73.149351
-68.715281
-79.676157
-70.028871
-75.783132
-65.902984
-66.545385
-54.832793
-57.905454
-52.745713
-67.807864
-63.055968
-81.623325
-88.733678
-107.938317
-102.130274
-111.995096
-114.043851
-126.615625
-112.589833
-128.479791
-117.988036
-126.498273
-116.692605
-119.104018
-114.672134
-122.048319
-123.557798
-136.879280
-128.207092
-132.392179
-123.201993
-123.787769
-122.222098
-118.652949
-120.638454
-120.634453
-118.381012
-120.826520
-120.878701
-119.905569
-122.598686
-113.171402
-125.702074
-116.972599
-121.554808
-108.762390
-115.414655
-122.128935
-128.401105
-121.219212
-137.039557
-119.572319
-131.285399
-117.566305
-119.381857
-109.455294
-115.992648
-100.330234
-104.542876
-94.113310
-106.666814
-104.473252
-111.428783
-99.630362
-102.798083
-95.375027
-106.129512
-96.954653
-109.707156
-111.958835
-124.315809
-112.114425
-105.526593
-108.858450
-112.636361
-107.929594
-104.432819
-94.783600
-94.411314
-98.785158
-102.539249
-95.593633
-87.613953
-98.190497
-93.027801
-95.630181
-85.508504
-92.175640
-89.013030
-90.922918
-75.654888
-82.161794
-75.613072
-93.117056
-82.416371
-90.363428
-82.269745
-94.897291
-87.159778
-92.898210
-77.741145
-88.926970
-79.404866
-89.806336
-83.345786
-87.578928
-80.663064
-91.919565
-80.324010
-81.137636
-72.900525
-84.110771
-78.759767
-85.174016
-84.270422
-77.509008
-78.102838
-77.812871
-70.153200
-80.471418
-79.186760
-76.289781
-81.792799
-83.688935
-81.431369
-73.144284
-82.532919
-81.541044
-79.988674
-74.895651
-81.785418
-71.930126
-75.025408
-61.204315
-70.014547
-58.600652
-66.413000
-63.694610
-73.501440
-65.647169
-74.602160
-59.253886
-82.049367
-65.659954
-65.954054
-58.003642
-71.864123
-67.275982
-67.204993
-54.405878
-70.425872
-57.051472
-72.973082
-69.241537
-76.621441
-78.357459
-80.742567
-77.132865
-73.783632
-71.233138
-84.132834
-70.187111
-72.115792
-72.237770
-64.445061
-66.045201
-54.426326
-57.087080
-64.138367
-65.324496
-67.812742
-78.738859
-67.641703
-75.249561
-59.167360
-76.590828
-71.330892
-70.587949
-67.207851
-71.832497
-70.363452
-80.506980
-68.186078
-85.026579
-67.151285
-79.395899
-70.709741
-75.341622
-70.250360
-74.649279
-58.490412
-72.015387
-58.758908
-70.135914
-62.480023
-72.950686
-85.321630
-97.348158
-93.664558
-92.449672
-85.328699
-96.905552
-83.802192
-92.618521
-98.238607
-95.520046
-107.386679
-106.832374
-109.923862
-110.411472
-104.367515
-103.777720
-102.316310
-91.344316
-99.313454
-82.823074
-93.880498
-77.985237
-81.937488
-81.736830
-83.057180
-74.844171
-84.626187
-64.067266
-79.941340
-58.986244
-69.704278
-67.598737
-76.502447
-77.281756
-88.006520
-68.091281
-78.936329
-63.580026
-75.754346
-72.617471
-72.605741
-69.084314
-68.584700
-63.501793
-66.321508
-61.361896
-72.910385
-64.815632
-67.174616
-73.780965
-64.501320
-64.687166
-57.375713
-51.878996
-44.007394
-38.480413
-44.025508
-43.995509
-40.818829
-55.911764
-53.862642
-69.414124
-62.612931
-66.175356
-66.403492
-65.461628
-59.104778
-63.451685
-50.689077
-58.488199
-31.144213
-36.359658
-28.586929
-31.958015
-16.734667
-14.540562
3.523715
-10.683469
1.026339
-10.330563
2.881121
-3.101981
-4.060867
-6.926105
-3.522315
-13.961256
-2.713128
-17.411695
-5.498092
-9.715158
-6.128794
2.725409
1.440593
2.083736
-1.651388
-2.747065
-1.280716
-9.915142
-7.539747
-8.080220
-23.593489
-20.354443
-30.688266
-29.561761
-37.731205
-42.600072
-45.322822
-38.357108
-59.111234
-49.977033
-66.066837
-47.335290
-59.068616
-58.182871
-72.423922
-71.103044
-84.637197
-75.826056
-87.595487
-76.104703
-91.702037
-79.196265
-84.823488
-85.324595
-86.640253
-85.013074
-96.171766
-86.115314
-99.490592
-92.695144
-102.027993
-99.295632
-94.894985
-92.026122
-86.993679
-78.161643
-79.231435
-75.847570
-78.818683
-81.772472
-79.722653
-86.963090
-80.703800
-91.087156
-86.958014
-84.156944
-76.153679
-73.103181
-66.582446
-75.011342
-65.635509
-75.107844
-53.859368
-62.956861
-56.024512
-57.072572
-47.846811
-51.571537
-36.235658
-50.141857
-40.309474
-54.278999
-41.656428
-42.620166
-33.819845
-35.432358
-23.236901
-30.460753
-17.543633
-24.576664
-9.136329
-17.496106
-11.775508
-8.043734
-9.976309
-8.988087
-3.724328
-10.156621
-5.230542
-10.682106
-9.030822
-3.420795
-8.556872
-7.009803
-15.150400
-12.173935
-18.527090
-24.536608
-34.737187
-30.053630
-39.270035
-27.989943
-35.192968
-32.936407
-37.888124
-31.707095
-40.779204
-29.397482
-36.993912
-21.466529
-34.490557
-15.136571
-19.911058
-10.431571
-18.781095
-15.026533
-19.418352
-3.187987
-12.609933
0.867861
-8.922327
1.985186
-8.191948
-2.838695
-0.366143
5.524759
-4.132139
-0.251586
-8.351960
-8.046255
-11.636638
-10.473580
-6.284320
-17.291313
-16.898150
-16.171576
-17.448237
-20.035986
-19.302892
-20.586476
-9.186863
-15.013431
0.469106
-2.568880
8.557083
0.193617
1.873600
-3.451939
10.720105
-1.092551
6.502327
-13.263771
-16.335401
-31.431038
-23.331085
-28.674602
-17.347626
-25.655835
-17.932699
-26.215274
-13.496862
-22.390028
-9.153623
-6.336329
1.241147
-5.607559
2.455538
-9.400381
1.837271
1.112131
10.821145
11.999578
21.531794
23.317175
29.245106
35.908172
37.963314
37.866536
38.889162
38.720545
30.530392
40.469030
31.417619
40.234290
34.359168
42.861219
42.870341
47.648661
39.608448
42.932057
36.876978
48.695350
25.573784
37.582603
28.051956
38.098438
38.976709
45.102699
36.962439
49.809584
41.040261
66.476146
43.210915
46.580396
33.482376
37.426539
29.200630
35.824759
26.125934
38.258392
29.340207
41.605917
42.100377
45.960997
49.019591
43.530039
40.975891
44.200400
43.426511
54.104939
53.669623
57.737379
69.694631
66.171456
69.634408
62.662581
73.407003
75.582905
76.917755
72.969500
82.572148
74.709608
93.827248
84.758013
93.063928
75.699862
88.105775
83.936530
78.726002
70.808986
81.564589
62.285393
78.885967
70.309696
81.317396
66.997300
77.247570
77.699964
83.357093
80.664047
94.802208
87.981018
95.433439
87.333438
95.423701
94.837956
86.685011
86.891106
79.145458
80.723218
88.111116
81.739712
78.963738
75.664820
78.212688
79.783242
62.094063
66.352730
61.051813
68.847508
72.654719
67.872015
57.227336
60.786380
45.365663
39.131374
15.680418
24.592219
11.107270
16.541855
6.828938
14.005224
9.841684
22.199039
4.492875
23.173025
17.798858
37.065164
22.116296
17.111362
12.869285
11.964088
-9.761495
0.515051
-10.286635
1.852004
-3.610701
-0.177601
1.718525
-5.543050
1.133468
-0.366649
-14.475619
-4.800687
-5.776391
-5.706471
-6.353545
-8.531189
5.580555
-1.612525
-0.633450
1.617340
8.001709
6.906838
14.863632
7.215434
14.840659
-0.964807
15.155807
10.649382
21.091594
21.244876
30.158861
24.174787
44.120292
28.950176
46.085149
28.816085
37.275116
24.200773
19.607301
14.288477
18.631586
6.789226
28.293028
13.795868
23.327084
16.230322
12.253630
7.753365
-0.465792
-0.368905
1.486512
-2.718390
10.304814
3.775228
9.365508
12.429705
6.185194
22.880603
19.689086
27.709336
22.526703
11.111124
11.685498
12.470667
5.557433
23.058374
9.803385
29.736863
25.296928
38.448209
42.957848
40.674972
24.352331
23.736243
6.367590
18.857651
4.065024
21.910520
16.474343
21.312339
19.734508
26.898558
14.325839
17.250657
-5.585670
1.953688
-14.263531
-5.099657
-8.079563
-13.146956
-9.707145
-3.680250
-5.669892
3.514897
-2.202005
3.162068
-2.656411
-9.163361
-1.238008
-19.335104
-18.868220
-8.164005
2.524687
13.078854
16.271023
8.276614
12.616939
-5.415166
10.442323
-1.152946
-0.198994
-3.984522
2.934183
2.171553
16.296771
0.417064
16.044080
-0.167106
15.037284
1.379926
3.516741
-0.228470
4.757927
0.387660
11.434227
-10.037455
4.386194
-6.327310
-9.871409
-9.560681
-4.015359
-3.425961
-0.695194
-5.568221
12.174843
0.835701
7.089703
8.336745
7.553265
15.157502
5.782210
11.153113
12.608251
9.772318
12.358781
10.920738
6.998488
23.753575
12.418386
26.473194
11.694428
11.492702
8.513709
12.280609
9.298450
14.106493
-3.803197
0.632454
-15.827987
-7.493872
-15.391836
-6.478324
-12.793798
-8.077659
-11.814896
2.771311
-9.812725
2.537019
-14.229805
-1.379842
-5.313193
-0.599928
-1.425100
3.420436
-2.297511
7.883084
1.839079
8.366700
5.382680
4.510391
-2.728701
-3.685396
4.634776
4.929596
9.619293
12.382191
15.373019
23.909904
33.495869
31.652505
35.573623
22.650269
31.377803
29.880638
35.360517
26.417920
25.136573
13.475288
22.249480
3.605401
15.924887
1.266218
2.249795
-9.188372
-5.550124
-24.191490
-24.741755
-42.503318
-29.610698
-47.565123
-35.528135
-44.354024
-38.429127
-44.043962
-37.749033
-45.136654
-35.731529
-43.818551
-34.266415
-37.090315
-32.083486
-40.913394
-41.146006
-39.855406
-36.374671
-32.630841
-29.375430
-31.062352
-30.727654
-29.126338
-38.889394
-30.647498
-39.912328
-35.509647
-44.421032
-36.610227
-42.254395
-34.236211
-37.908578
-29.432678
-40.509860
-28.809042
-34.067289
-24.220587
-27.173044
-13.733936
-20.709975
-2.613293
-12.777504
4.455579
-7.848735
-3.718238
-8.788499
1.581686
-4.347260
1.125531
-7.251239
4.497660
1.892616
17.094152
13.204068
20.625299
20.266316
22.385394
23.826036
23.574124
26.534130
32.619091
28.420424
31.713482
28.555635
16.194509
24.358653
13.192305
14.560529
12.536530
13.871228
8.414118
13.139675
11.659803
31.073912
16.121960
24.773504
16.296673
21.918608
19.045310
20.720753
3.189096
7.915108
-12.338072
-8.699510
-21.859376
-13.131338
-21.027004
-7.096755
-10.174111
-1.878379
-9.405989
0.585309
-17.431598
-8.034410
-14.854781
-7.169404
-7.604471
3.030781
8.938644
14.598750
11.292270
15.977274
2.004758
-1.964321
-1.440874
-12.494685
-20.374168
-37.594155
-37.930927
-38.754704
-38.807144
-35.091557
-25.696850
-30.667622
-13.617828
-23.680096
-3.558754
-6.341682
-4.557598
0.312881
10.079569
-3.037867
3.866643
-13.954160
5.748771
0.030785
13.846655
10.668545
26.552559
23.603118
31.477147
25.865821
39.028604
20.391401
33.693095
20.591094
19.575949
7.615975
0.544254
-2.599765
0.852873
-8.019592
15.849809
13.046173
10.221659
2.371903
-15.390868
-8.444408
-13.403092
-9.529929
-9.940218
-21.972514
-28.311304
-21.888792
-21.608025
-5.345510
-17.281350
-6.948359
-19.008213
-13.123000
-7.957835
1.795487
-7.632792
2.320403
-12.505859
3.726839
-13.034746
-2.338156
-1.923277
1.049863
-1.790773
13.704679
2.552634
12.330906
-2.956948
3.630701
-13.268487
-15.604895
-13.117660
-15.787362
-19.943929
-1.359576
-3.268041
16.827894
7.544417
11.305761
15.381549
12.074022
14.982237
6.198651
2.614297
0.524132
-11.854427
-12.620877
-7.962156
-18.225624
-15.298149
-32.333061
-17.276847
-19.216640
-21.936306
-26.768359
-29.243877
-39.014581
-31.221665
-56.277716
-41.140803
-50.173722
-37.153270
-42.374928
-38.175116
-32.597536
-15.429225
-20.417621
-0.532621
-14.012240
-1.133925
-15.771489
-7.379369
-4.250789
-0.164037
3.229100
14.069122
5.317954
17.766456
17.686450
27.258341
24.353040
21.335138
22.808619
28.532456
29.339280
33.598799
31.971032
30.783124
28.133356
21.650092
29.996926
18.758631
21.831262
18.246521
19.190628
24.431189
29.432174
24.641297
45.025553
37.895605
53.789579
40.805195
51.488851
52.100096
56.851170
46.650027
61.654177
45.774803
55.966080
32.262519
38.103829
19.994898
25.178896
18.487437
13.713810
2.043312
4.999099
-12.650191
-8.185547
-23.893724
-26.690785
-32.010587
-34.846821
-40.165175
-36.563194
-40.280949
-41.994810
-49.451558
-47.018081
-39.784542
-47.048124
-39.835614
-40.384614
-29.263167
-33.500452
-37.270985
-44.990004
-40.093501
-52.191201
-44.249413
-58.711036
-48.867379
-58.327517
-57.370036
-60.216005
-47.648811
-59.845750
-47.085277
-65.929045
-53.032876
-61.303359
-49.011256
-55.509603
-47.856141
-49.187342
-46.884453
-59.207764
-42.152565
-56.535470
-44.081472
-51.387460
-50.811405
-53.149500
-48.697390
-63.408830
-64.289892
-64.045335
-57.814166
-61.209012
-55.247192
-51.778464
-62.963780
-54.756177
-58.207232
-52.164703
-51.321800
-59.367727
-63.734982
-50.374483
-58.585308
-45.917962
-58.061740
-48.593482
-54.155310
-57.874508
-61.524985
-54.667614
-51.917236
-33.909715
-51.103646
-29.767654
-35.930123
-35.312507
-43.663672
-38.857702
-51.292335
-37.640280
-51.569541
-35.938485
-44.311798
-33.503124
-48.917184
-36.533179
-34.465871
-30.657032
-41.273907
-33.345606
-42.878083
-34.398350
-40.562778
-45.002959
-41.552768
-50.796368
-49.250332
-63.537766
-66.342856
-59.174550
-53.216361
-54.446156
-53.008049
-63.762648
-53.944241
-64.657956
-58.198791
-60.456209
-55.162391
-53.267425
-40.915133
-40.986830
-27.759763
-43.120679
-32.550613
-46.176268
-30.793805
-39.080114
-36.072571
-36.601348
-30.224397
-41.407583
-26.918946
-39.821152
-28.144073
-33.730223
-26.043411
-24.696402
-25.428574
-32.234406
-31.217377
-40.889645
-31.236625
-37.381686
-38.278223
-40.845908
-43.853072
-35.043331
-35.543546
-28.002694
-16.182105
-18.853343
-17.241620
-12.001981
-9.748977
-1.387580
-18.562762
-9.101907
-16.157591
-10.087546
-18.613013
-17.807930
-29.513684
-10.984748
-9.174078
6.820005
-10.955058
3.152900
3.760097
17.532861
8.345498
16.523046
7.892074
7.570135
-11.584280
0.999039
-18.159845
-8.934693
-7.547426
-1.246703
-3.269003
-4.733940
-8.953016
6.302468
-0.399503
12.125091
9.149045
7.758286
3.765300
-6.446861
-2.193516
-0.090346
-0.139078
4.689116
2.542047
3.760857
2.884874
-9.807764
2.755506
-13.049470
-6.625690
-14.713612
-11.947838
-7.066640
4.634431
-6.562147
5.865609
-11.528946
0.847079
-12.413357
-7.102309
-22.446044
-23.530411
-31.466157
-22.121067
-36.723313
-20.957142
-44.134182
-26.483086
-33.700918
-22.335660
-24.643890
-25.473274
-23.030627
-8.137735
-20.739828
-5.687487
-5.475205
2.048520
2.765167
-3.841988
3.894373
-0.869637
-4.419172
0.941273
-1.797077
1.985431
1.693182
0.412195
14.201601
4.280450
23.697700
25.917428
27.119759
23.885414
19.924759
10.504122
14.415909
-11.620831
-1.650184
-27.828953
-27.351303
-24.501121
-20.483041
-27.378359
-18.200611
-31.487456
-13.364405
-35.548303
-19.326874
-29.946697
-23.744833
-25.204951
-35.291419
-41.896777
-35.364621
-50.373957
-38.318200
-46.494032
-38.857705
-38.572963
-44.475200
-45.097651
-49.231935
-48.728525
-39.402407
-41.057864
-24.437772
-23.593529
-29.478873
-17.982146
-30.910280
-23.368525
-36.147234
-37.363065
-40.079648
-44.799392
-51.077131
-37.938061
-48.129142
-22.684366
-37.747506
-29.355260
-38.595442
-40.023862
-42.255379
-34.106314
-54.256469
-42.309752
-64.066045
-45.349506
-60.455516
-58.413513
-49.999490
-41.064381
-48.667691
-42.779642
-51.986537
-40.570384
-63.186478
-60.411264
-64.275113
-63.253964
-60.111336
-64.594855
-64.569528
-52.297907
-53.654005
-44.178296
-40.587559
-49.693796
-53.139304
-64.730285
-58.697853
-66.126993
-63.542224
-59.963087
-62.965050
-62.597678
-57.684729
-67.475473
-43.640042
-53.988004
-42.497833
-54.089810
-53.558359
-65.237257
-61.087582
-62.946380
-49.929223
-62.278775
-48.288249
-58.960634
-53.747861
-55.079607
-47.769961
-52.547290
-43.754948
-55.934200
-31.750635
-30.270746
-11.694982
-13.730110
-16.490912
-24.774382
-24.300880
-32.153245
-26.077464
-40.729142
-42.886151
-47.828049
-37.178413
-39.307615
-44.884652
-38.727938
-45.938237
-32.819371
-34.524276
-34.276944
-33.908642
-27.451748
-38.234871
-29.226638
-46.174840
-47.552609
-67.607973
-64.974224
-65.319364
-60.864072
-69.840995
-53.586811
-65.059564
-54.215474
-61.139175
-44.217503
-40.442873
-33.796286
-41.200708
-28.065822
-38.365718
-23.132474
-34.526011
-31.817998
-36.121027
-30.146677
-31.747982
-23.676557
-23.197210
-19.026640
-25.565245
-21.937611
-29.940190
-35.950773
-37.487307
-40.098637
-35.086758
-33.276975
-31.663992
-34.273837
-31.375174
-35.398822
-33.255375
-37.995972
-32.125884
-40.757343
-35.248178
-49.477153
-37.634276
-43.093354
-28.590389
-36.797555
-25.719259
-34.377971
-19.337538
-26.989831
-16.136355
-27.654392
-27.380513
-41.793308
-37.550427
-50.615410
-44.433119
-62.155041
-55.704220
-60.372218
-45.517672
-49.993385
-44.066791
-58.385999
-52.834582
-56.357753
-50.866892
-58.625608
-55.869306
-53.269303
-50.080456
-51.075609
-49.041173
-46.759443
-45.582745
-40.613861
-45.379663
-42.702035
-51.218216
-42.877872
-54.575840
-44.088467
-51.025670
-47.248753
-50.708615
-46.602240
-57.814576
-49.780045
-60.545572
-46.996016
-63.311365
-52.398162
-64.380601
-55.383137
-57.184902
-44.552551
-52.525303
-34.309506
-44.924270
-33.020463
-38.350597
-28.527393
-24.401294
-18.853592
-22.724525
-13.330646
-35.155803
-30.903846
-33.681106
-30.344344
-35.267913
-34.419938
-22.576469
-19.385550
-23.258260
-18.895496
-23.897341
-18.892433
-12.385520
-11.612176
-1.602120
-11.560033
-1.338766
-2.962872
0.404898
-6.033770
-2.432498
-11.223256
2.207988
-14.739303
0.613598
-16.245999
-12.449820
-18.518744
-19.188018
-26.937380
-12.508032
-24.429736
-11.219893
-27.315354
-16.881585
-25.437985
-28.519853
-35.080236
-32.977143
-38.040673
-25.526851
-39.853909
-36.557648
-48.135399
-46.099153
-43.702537
-46.208141
-44.088007
-39.567653
-43.701111
-40.349802
-46.832729
-43.623558
-45.506412
-53.955152
-48.080365
-55.110125
-52.195821
-53.026581
-43.188268
-39.835041
-35.675818
-33.533366
-8.229614
-19.009989
-9.856195
-22.092737
-18.193287
-25.324977
-19.880500
-23.666777
-17.393108
-28.751996
-14.030599
-39.262990
-37.302665
-54.382860
-49.409097
-59.662495
-53.932019
-60.506302
-52.299018
-60.931255
-39.116010
-39.712513
-33.052867
-32.931995
-33.797026
-29.538538
-24.229956
-30.244051
-29.755709
-38.012720
-33.713315
-29.817234
-27.049051
-21.286126
-30.633583
-26.618565
-32.059394
-39.944052
-42.170146
-43.796114
-45.375621
-28.292882
-40.875520
-23.315707
-27.551962
-18.938726
-27.067930
-26.195020
-35.961429
-25.634246
-35.338401
-18.857778
-29.416600
-11.111641
-13.179011
-3.996493
-7.978143
5.022365
-2.611585
7.122544
-9.350501
4.490913
4.168484
19.227210
11.427025
12.149449
15.066684
21.655555
17.596477
23.969169
16.757678
33.671960
32.604713
21.693184
28.902814
26.094308
34.386112
30.347554
25.211132
20.280337
19.524141
18.232724
25.087466
12.057159
24.508833
16.524514
21.111512
9.077012
13.177113
8.275858
17.112815
0.201164
18.063157
3.615581
12.582466
6.662609
5.490906
9.339034
13.727087
-1.303881
12.129914
-0.318443
15.593100
9.940881
23.652876
17.781040
18.985885
18.146777
26.573075
16.880471
18.829194
12.401196
20.230332
16.880985
11.110587
14.072842
12.790532
8.143731
16.572840
11.156973
-2.696102
-4.441534
-11.196946
-0.715384
-9.646316
1.311836
-0.614628
3.671590
-7.794754
4.026965
-7.737437
1.428910
-10.672836
1.577240
-6.240193
2.278901
-5.823834
-0.024191
-6.330928
7.518528
-10.834450
4.773560
-10.848781
-1.333015
-12.741806
-14.021076
-26.823191
-27.304320
-36.211179
-29.594006
-46.487608
-39.354717
-45.115702
-46.816941
-38.724374
-37.361390
-36.477851
-38.897803
-48.992380
-43.284076
-44.748723
-43.052212
-36.264151
-41.022982
-27.488094
-25.786061
-20.780414
-26.610076
-27.996805
-36.849241
-27.766087
-37.397979
-30.829479
-43.867045
-25.380693
-41.341210
-47.222283
-62.340266
-62.049794
-75.336868
-71.386780
-90.311127
-77.385713
-87.138436
-71.597054
-73.951021
-69.235335
-82.181137
-72.978205
-82.993182
-74.212984
-87.005982
-70.224073
-79.084409
-75.333924
-80.027222
-78.515204
-69.081649
-65.930368
-67.146962
-59.520605
-64.524449
-65.099208
-57.361861
-62.002239
-59.955927
-66.292125
-65.830075
-71.378974
-69.223682
-68.712432
-62.704361
-64.656344
-50.880783
-60.740334
-36.972018
-43.644986
-31.268582
-38.686884
-36.009067
-44.222275
-43.983786
-55.905557
-39.058495
-49.253771
-34.091656
-38.500881
-29.033235
-35.260646
-28.737378
-33.034417
-24.748762
-35.182449
-21.730001
-32.697598
-30.325882
-29.994825
-30.580791
-32.599459
-27.858776
-28.032238
-16.263145
-27.841491
-20.320002
-20.256471
-24.817710
-20.849135
-30.570706
-32.227783
-38.696961
-36.521968
-40.304713
-32.422432
-30.998084
-20.104002
-33.655048
-21.351620
-30.842879
-15.281894
-26.692311
-16.958774
-18.534087
-12.325513
-15.704356
4.995461
-9.663077
3.212433
-6.585621
-1.458740
-14.466115
-5.208754
-10.989447
-1.111433
-2.062403
13.954450
-7.442811
6.444686
-0.371552
-3.356492
-4.704300
-12.008406
-18.113837
-16.046108
-22.383467
-12.080438
-15.844602
-11.843370
-11.710962
-14.983586
-7.920364
-10.757502
-6.726086
-2.824238
-5.516203
-8.959942
-2.998567
-8.465241
11.990489
-0.350620
16.627604
15.796571
30.893975
28.602653
34.256922
23.506271
34.284969
15.677058
30.879458
17.083240
30.486229
19.399694
20.146397
13.589489
17.081903
11.093856
22.117924
-1.466317
6.421799
-1.028193
-3.003180
-7.477509
-8.520997
-6.219104
2.923907
-4.774695
-3.548948
-11.429693
-6.021552
-11.654587
-18.648620
-20.685041
-30.971679
-23.603558
-19.416097
-21.334836
-12.923091
-9.337763
-10.060567
-9.459632
-31.951468
-12.614378
-21.264040
-18.110749
-23.029047
-16.420186
-21.283270
-17.323768
-30.227840
-6.717233
-13.426096
5.767058
6.859004
17.436485
17.054135
24.109473
18.930446
29.333572
8.973059
24.186626
10.787095
5.972239
0.158810
2.569058
2.114763
9.053307
-3.038093
2.667797
-16.464126
-15.102165
-20.279155
-26.013776
-16.682619
-14.832469
-3.634923
3.152908
-2.597317
-1.920880
-5.652564
-11.534863
1.483375
-10.168933
0.720587
-13.442505
-10.353708
-14.559587
-22.026987
-26.440186
-23.968273
-35.923306
-19.154244
-42.677663
-24.954294
-34.742150
-31.090766
-30.350843
-23.884772
-35.574850
-20.922208
-28.828835
-19.570910
-34.262662
-17.070395
-15.388513
-13.908253
-18.077227
-15.310738
-23.593124
-20.319953
-41.360877
-31.709395
-32.504262
-31.479193
-28.762726
-38.793834
-40.884218
-39.385681
-47.342405
-44.200913
-46.592995
-51.875405
-45.507407
-51.035187
-45.267162
-46.229191
-36.060888
-38.898826
-35.071415
-34.671339
-26.022140
-36.328705
-27.844121
-53.990064
-47.760605
-71.498206
-68.655510
-74.111840
-72.697473
-83.771948
-76.890075
-87.137806
-63.166972
-71.950912
-66.663724
-71.589220
-64.969084
-78.243433
-69.475980
-78.360872
-73.390999
-75.454398
-66.995614
-69.266912
-58.297413
-51.261577
-52.332552
-49.358244
-40.320051
-47.198929
-45.310384
-55.772675
-66.899444
-64.178442
-70.189307
-58.619764
-58.085094
-45.004932
-43.565818
-29.264424
-34.828974
-26.653202
-28.873583
-23.799146
-35.913816
-20.466199
-36.091140
-37.428857
-46.663683
-36.216271
-47.536826
-35.704133
-48.635119
-44.134700
-55.521148
-40.677415
-46.483918
-36.288802
-41.070117
-30.439317
-38.757583
-31.436136
-36.089821
-27.295810
-32.051275
-30.069424
-32.489958
-27.045548
-26.079831
-17.605790
-21.387485
-15.474042
-6.719923
-7.649778
-6.638554
-9.199205
-6.479994
-15.991036
-15.396767
-21.560823
-22.493734
-33.485621
-33.871160
-41.011133
-26.064132
-31.365934
-17.545613
-34.961912
-34.015311
-44.650430
-34.539344
-44.381644
-38.798494
-54.908026
-37.014384
-44.836264
-27.358881
-37.543077
-37.647737
-43.171983
-32.595213
-40.988875
-27.836931
-39.591219
-44.231760
-60.717382
-63.123387
-68.399995
-67.157079
-67.731944
-66.328974
-66.976927
-53.994867
-64.367621
-59.427327
-64.997602
-75.023479
-70.976554
-76.694364
-75.994664
-85.683072
-94.258950
-92.927288
-79.980792
-83.431475
-68.943050
-82.065731
-76.459952
-83.314538
-79.444199
-87.152128
-80.852144
-84.520164
-76.793992
-94.544566
-81.097650
-87.666919
-77.905716
-84.524696
-79.362363
-88.796692
-78.589937
-82.146682
-65.492959
-83.284727
-67.103417
-72.358205
-70.364167
-68.008614
-63.288076
-65.186956
-64.858242
-74.906653
-65.653751
-66.960974
-59.641905
-56.732220
-59.820704
-50.347538
-52.784160
-44.032117
-35.714013
-35.220230
-28.601063
-21.499909
-27.116361
-10.233357
-20.952617
-4.585558
-15.590405
-11.656688
-17.872174
-25.369498
-31.416343
-23.404336
-43.035759
-31.863211
-50.021020
-38.405815
-44.840001
-44.204910
-52.018179
-37.179024
-45.902828
-27.643345
-41.293205
-25.333073
-36.362341
-36.314025
-32.012006
-20.848373
-19.804235
-17.350813
-32.395443
-18.136685
-24.478373
-14.349638
-16.841634
-20.112522
-12.777225
-10.325933
-11.502696
-6.778701
-8.111937
-13.630850
-19.592635
-29.460694
-18.212912
-34.986953
-27.264539
-26.565248
-33.197477
-39.888824
-36.744489
-46.825019
-36.355533
-45.661914
-19.219229
-25.201155
-11.266415
-14.362150
-12.536217
-21.651236
-24.437755
-45.005632
-31.754109
-50.468849
-37.065117
-46.800742
-44.251597
-46.839110
-36.961644
-41.545912
-35.811444
-44.980593
-38.806096
-47.137403
-39.956577
-40.634002
-42.695947
-35.550386
-31.508994
-35.292275
-27.602363
-31.194882
-33.926159
-40.319933
-51.667322
-49.046694
-59.266195
-60.025303
-68.888163
-62.830473
-58.614427
-55.583014
-65.230784
-50.983479
-63.772296
-44.828096
-58.428216
-53.686460
-66.291548
-71.449589
-83.449258
-77.718589
-95.025152
-72.078344
-80.992039
-57.754950
-55.011114
-44.447823
-52.297459
-52.401283
-62.425742
-47.653388
-55.940454
-41.731534
-48.552003
-42.954622
-40.902042
-32.405849
-28.710664
-25.326775
-24.833072
-23.286954
-30.172719
-28.903245
-27.597923
-36.511222
-34.836655
-44.478034
-47.242121
-50.199173
-35.242011
-26.723128
-23.521930
-33.744668
-22.346135
-32.958639
-18.821523
-27.338734
-19.096790
-22.262782
-13.595561
-22.848320
-15.077587
-33.755232
-35.124275
-46.016151
-37.092306
-47.079484
-39.459318
-44.803951
-35.982544
-45.869160
-33.006634
-40.811154
-40.106571
-44.595164
-44.339584
-54.827204
-50.260376
-52.741296
-48.983690
-66.388743
-66.481472
-70.807422
-67.299381
-60.190361
-59.783992
-50.395681
-43.591678
-39.314446
-36.793272
-33.184773
-37.734929
-30.454090
-42.323220
-36.439065
-47.857460
-35.784159
-31.287344
-17.905935
-22.370452
-14.732677
-26.240971
-11.654174
-24.177036
-6.529462
-12.219821
-1.284858
-5.715213
5.340266
-3.780643
0.713108
-13.516002
3.730060
-5.647187
5.543569
-2.713542
-4.213485
-7.163041
0.777602
-6.850533
-5.558045
-24.553705
-19.361700
-18.849565
-18.789352
-5.190829
-2.832698
3.277041
14.062746
14.392919
9.323746
7.277834
0.037896
-3.366524
-27.527053
-27.155506
-34.699014
-15.565230
-13.541883
-11.305179
-20.426796
-10.602835
-19.316097
-5.135924
-24.228515
-14.012025
-32.372149
-21.742837
-40.536367
-40.746664
-43.509400
-25.181390
-34.247032
-27.045227
-43.109754
-30.598233
-40.455596
-27.031379
-33.503067
-42.997481
-55.393834
-46.779964
-57.741737
-44.970835
-47.670618
-38.038388
-27.616530
-24.035713
-19.750482
-28.025947
-32.337908
-36.632733
-41.516725
-35.303452
-41.165874
-48.710877
-34.037966
-38.407378
-30.569682
-31.856713
-16.796040
-19.941104
-14.457643
-22.097985
-17.563313
-33.035642
-22.420076
-35.501064
-19.932157
-21.709259
-11.796118
-18.815192
-8.872342
-22.382670
-14.748269
-34.864297
-25.968836
-48.108370
-53.214209
-58.855405
-53.446931
-50.089019
-40.779188
-46.527487
-38.757696
-46.816628
-38.222965
-45.833484
-53.561076
-59.900397
-62.887422
-59.984182
-57.284819
-61.020981
-57.249760
-64.332203
-63.106323
-61.200464
-72.493936
-62.148612
-71.925630
-73.070391
-68.794072
-57.986831
-65.693650
-58.408368
-56.487511
-38.974028
-58.238962
-49.785527
-55.340902
-47.964991
-51.006914
-41.008437
-47.495459
-42.060008
-54.902769
-39.344119
-54.859775
-45.867321
-54.248230
-50.269183
-50.130112
-45.934604
-54.117816
-40.575510
-50.218017
-44.823404
-61.028920
-64.423221
-66.663415
-74.075982
-77.439107
-79.230264
-82.712286
-72.819166
-84.513024
-87.653958
-81.059823
-87.420077
-78.184712
-90.641829
-81.264988
-76.479898
-69.537775
-74.913560
-74.115371
-83.351198
-75.881695
-87.431781
-77.678860
-92.363936
-83.467500
-91.022326
-91.520727
-102.696071
-95.964318
-110.779972
-87.033182
-90.791962
-69.677927
-79.825835
-75.064189
-77.881099
-79.734839
-82.552289
-74.119132
-88.222828
-81.434169
-95.449509
-88.450623
-89.089299
-90.777971
-87.575271
-89.486127
-93.873331
-88.755881
-95.578878
-93.731852
-98.289034
-98.777018
-88.490689
-102.458937
-92.496939
-98.590259
-102.109499
-105.575456
-115.944551
-116.495497
-94.440604
-105.668033
-91.904915
-103.983673
-93.672815
-97.316346
-93.988463
-99.905948
-102.252606
-119.283718
-105.785255
-123.153162
-106.649173
-107.087847
-86.340922
-82.024471
-75.510735
-78.072382
-61.420646
-77.323077
-60.190931
-75.128411
-67.120961
-66.347054
-70.487304
-67.949685
-66.673794
-61.778129
-51.002902
-55.227125
-41.663884
-31.328475
-31.409228
-20.908744
-28.817849
-22.893259
-25.305540
-23.339347
-20.853218
-21.172049
-27.083867
-22.715588
-35.817497
-22.507666
-40.532653
-39.112390
-50.433160
-46.605250
-50.297825
-46.135166
-49.049819
-36.600612
-50.963142
-33.281549
-41.602669
-34.941533
-38.997511
-35.864897
-48.933744
-47.602586
-62.670706
-40.751956
-53.335285
-45.134214
-49.944273
-53.295113
-50.338552
-52.183690
-58.041217
-48.094961
-59.645546
-48.411403
-51.383240
-51.679646
-41.916094
-42.495034
-32.988805
-30.762319
-20.087304
-16.173593
-18.867001
-16.362758
-12.918733
-28.249715
-15.434067
-28.427892
-15.140288
-26.570308
-21.278184
-22.256554
-12.597629
-25.069903
-16.177523
-27.202273
-20.653422
-36.391652
-23.271173
-26.061839
-22.625788
-31.495125
-27.550375
-35.992277
-23.553699
-40.127785
-25.007289
-38.605766
-35.647430
-31.418185
-35.144565
-40.848088
-34.943531
-43.564636
-35.069752
-41.405510
-38.603825
-35.847797
-37.512553
-30.889354
-27.139386
-25.021857
-20.803424
-11.336519
-9.341896
-4.994722
-11.045361
3.489468
-4.396485
3.318946
-7.748624
-14.572106
-19.189387
-11.710401
-15.382529
4.569390
-3.910387
17.105683
13.096687
20.449151
13.562737
18.789792
11.788673
12.411086
4.979477
16.896328
-0.719305
8.254489
0.373645
1.144642
-14.948157
-2.207009
3.632445
10.944906
8.454758
23.494086
21.403370
33.811538
42.521469
41.771528
46.406795
46.200149
49.725528
49.904707
51.073306
49.980141
53.462746
44.059121
39.490203
33.085960
41.596441
34.813747
40.884763
46.375321
53.401657
53.321495
72.200718
62.915403
77.758807
60.346699
66.843257
59.452271
73.455402
65.171325
73.235818
60.686377
70.029227
62.153415
67.316106
56.183411
57.509527
48.967534
51.202167
42.389653
50.521863
38.213187
45.656184
44.427065
51.696915
57.877622
57.360612
55.831498
52.597180
54.828406
62.123829
56.946279
54.852402
55.007514
41.837408
44.477089
37.531981
38.532423
31.282271
33.812063
24.693521
27.259978
17.040027
28.838307
19.408797
28.480892
18.990535
34.371375
28.469326
26.658388
20.296981
26.006204
16.600625
28.232369
5.076377
18.718649
11.828773
21.969523
16.817710
17.686628
5.767677
8.523102
-10.316529
-2.101374
-5.751933
2.784654
-2.517876
-1.840624
-2.841288
-2.845207
-0.479233
7.135175
-0.971158
3.318502
2.125884
8.208274
15.621768
4.564064
17.518583
23.093748
31.993117
28.941077
31.761487
27.897773
39.880295
34.820457
48.585142
33.610975
48.113981
41.855483
44.347710
39.865403
49.961669
35.811557
49.988487
32.126036
43.780209
31.269979
41.886888
39.688186
39.786843
26.868564
34.682518
24.608870
32.537534
25.850654
35.623190
36.334760
32.704313
24.799045
32.170915
35.331991
51.331629
49.850071
59.272592
62.959326
60.693349
69.151876
64.808579
70.938009
65.210574
59.127582
53.491127
58.258067
52.416853
54.577113
41.278027
54.241265
39.380473
42.792038
27.399046
20.599178
14.126097
16.211380
-8.926252
6.130602
-7.169380
10.996558
2.903459
12.422205
10.156928
12.427641
5.288687
14.249806
-7.137454
2.796610
-11.343063
-6.181156
-7.979699
-5.163714
-4.065552
-6.718905
-10.731579
-2.785581
-10.648397
-1.602728
-3.701082
0.366956
11.916934
9.211878
15.744869
14.646662
23.681608
26.272733
25.574894
22.504937
26.467140
11.091253
19.812927
-3.116462
5.183105
7.828826
7.088418
-1.308059
7.702927
-7.637048
-4.028418
-24.344885
-12.463456
-25.019775
-11.985024
-12.372510
-9.554668
-19.503899
-4.585782
-19.178871
-6.153626
-25.280629
-16.286224
-29.100584
-31.574425
-31.306215
-29.128068
-32.716851
-17.871696
-33.859411
-33.974286
-44.505625
-49.470624
-45.032758
-49.319499
-45.027979
-44.188251
-46.028281
-45.020370
-49.985266
-45.734048
-31.051134
-43.546605
-37.019583
-48.427855
-38.926884
-39.954184
-33.240060
-29.855046
-17.322801
-33.523238
-20.237131
-35.816132
-28.212581
-46.272144
-41.073192
-44.311554
-45.950713
-51.579864
-36.323791
-50.577096
-39.523820
-55.948041
-45.904817
-46.232478
-43.529914
-44.496145
-40.419874
-49.056357
-35.659786
-42.707492
-30.062536
-37.138409
-33.950399
-30.421788
-40.460580
-41.501824
-43.851433
-50.809503
-53.075834
-63.483242
-72.046367
-74.873006
-87.857229
-79.647778
-92.960213
-88.682225
-91.377815
-82.567818
-89.452797
-87.740423
-102.025002
-92.779297
-104.068036
-94.105766
-100.782181
-92.728005
-96.419327
-88.766503
-96.534955
-89.065208
-107.140170
-98.405023
-117.744923
-103.818602
-99.212954
-86.577227
-88.320627
-79.220308
-87.260098
-73.979686
-83.969688
-85.074967
-92.799476
-93.607380
-94.716256
-96.073673
-93.364643
-84.244495
-82.557190
-68.350478
-62.473040
-68.342296
-66.842433
-74.955473
-72.198817
-75.779990
-67.099947
-72.823453
-70.712563
-74.319848
-67.805243
-77.203025
-64.968643
-80.758308
-67.865580
-74.423762
-74.076829
-84.183531
-72.833111
-80.579340
-64.936980
-76.023047
-56.921585
-64.764802
-53.003190
-62.833065
-63.615002
-69.633076
-64.622544
-73.089613
-59.268833
-70.626744
-64.766726
-71.527156
-67.515280
-66.883480
-63.330728
-69.125838
-71.210424
-79.361506
-72.425641
-75.627932
-81.557322
-82.020900
-89.020824
-82.052037
-85.764887
-75.356409
-72.781312
-67.947390
-76.148794
-74.297184
-84.808422
-70.462405
-80.482283
-69.951757
-73.927496
-63.724642
-72.032783
-61.988970
-73.859679
-62.167573
-70.882673
-47.559607
-48.801312
-37.066704
-43.192426
-31.914995
-40.485459
-31.118692
-50.116111
-39.171433
-55.429046
-45.142659
-40.374209
-38.087923
-33.488610
-25.382714
-40.770530
-37.764002
-46.825706
-46.677143
-46.728703
-49.120891
-49.063998
-54.411232
-56.535466
-54.109033
-50.339808
-49.357019
-46.637447
-39.328033
-33.377465
-39.930318
-15.326144
-20.869264
-14.519411
-30.271742
-38.077926
-43.521761
-32.151041
-50.410147
-44.741508
-64.125482
-57.898989
-69.555927
-61.906058
-63.253141
-55.561050
-62.446133
-46.178216
-63.006379
-50.210488
-57.239106
-54.718879
-58.978732
-62.325268
-73.819711
-67.683716
-82.214941
-69.213967
-75.376850
-73.896351
-80.013662
-78.481285
-68.510169
-71.486521
-70.070996
-72.309700
-70.191580
-64.540656
-61.171557
-69.237255
-65.430301
-82.739030
-78.848779
-89.359837
-90.177930
-94.881489
-91.295090
-93.016470
-74.208448
-81.118031
-68.276212
-87.818928
-75.245796
-73.754937
-61.643672
-66.824163
-62.156105
-66.443237
-52.665432
-62.526058
-46.389220
-59.301927
-46.957918
-57.070691
-55.433178
-51.386948
-44.817242
-53.916508
-36.804974
-57.891225
-47.582136
-45.433835
-52.473852
-52.610567
-56.762362
-65.626255
-71.146788
-68.824981
-72.153907
-70.591408
-73.485739
-69.756578
-86.350661
-86.618843
-103.725577
-102.111114
-98.557555
-104.191608
-110.951653
-101.187874
-110.415790
-95.997481
-110.067105
-99.886140
-106.781686
-106.333128
-109.814862
-103.144469
-109.028362
-90.867021
-101.845726
-81.803865
-86.155449
-70.190947
-77.125966
-76.231948
-70.838380
-67.721858
-76.663473
-64.183847
-78.445973
-68.470325
-79.116790
-79.254477
-62.864422
-51.719890
-48.312652
-58.744541
-76.383149
-73.930375
-80.896483
-78.588218
-72.359186
-88.995651
-79.828555
-85.993021
-74.440076
-72.508048
-72.541240
-77.434103
-82.356799
-84.013430
-67.986979
-78.690100
-60.717718
-74.493700
-66.653982
-61.607139
-52.579586
-55.642508
-48.474860
-66.673577
-51.808300
-68.378974
-52.736334
-58.540372
-46.125794
-47.053093
-41.436258
-45.517484
-33.742455
-50.501197
-39.145120
-43.788100
-31.906896
-33.649008
-27.620722
-20.109617
-11.616301
-20.693518
-19.533211
-25.901446
-31.334275
-37.342220
-47.842080
-43.495789
-55.072208
-54.788794
-61.353235
-56.608334
-52.032393
-54.140706
-66.339633
-51.335549
-57.506217
-39.348786
-47.526807
-42.569988
-48.986933
-45.236234
-42.197413
-40.415205
-53.895200
-32.509202
-47.890423
-37.462005
-60.729069
-60.478941
-67.416909
-72.623339
-76.999401
-71.219005
-78.747322
-61.028371
-66.623875
-52.331018
-58.276753
-57.695934
-50.654807
-50.782616
-57.270406
-55.573923
-57.729294
-58.240599
-67.524296
-70.917947
-68.514027
-78.528241
-63.130886
-70.377396
-71.522714
-75.952601
-83.658321
-87.505628
-84.993455
-98.008794
-84.355916
-99.183101
-88.622396
-88.792647
-78.678733
-77.442704
-72.182709
-81.087049
-65.084325
-87.912931
-73.477654
-81.381380
-65.199507
-64.332968
-58.466500
-65.628776
-58.999652
-66.437994
-49.345497
-66.425670
-62.467741
-74.688902
-74.923812
-77.182569
-86.458706
-84.572748
-74.931910
-77.123304
-59.875110
-59.872533
-47.866697
-42.358754
-45.778510
-36.043409
-50.201826
-49.169250
-48.385598
-56.102664
-53.019620
-49.361367
-60.340080
-57.563611
-75.619732
-54.364876
-63.806317
-61.079041
-70.297053
-69.900126
-73.372207
-56.925576
-67.447399
-46.219185
-61.822066
-46.949956
-60.349285
-55.815513
-58.352463
-47.292682
-57.688948
-45.060880
-59.712367
-54.334255
-72.427661
-68.301809
-67.402454
-64.190026
-60.852939
-59.777970
-67.588167
-62.915936
-76.806266
-68.866822
-74.061374
-89.581233
-86.484450
-92.409845
-83.330891
-75.945485
-76.964976
-76.663667
-77.685988
-75.819839
-66.458805
-76.653508
-61.655177
-71.577912
-63.082959
-62.955185
-60.237871
-64.326899
-52.413864
-59.537569
-43.816430
-59.419259
-40.191613
-49.244036
-51.427003
-55.782403
-48.638904
-55.810142
-43.029651
-65.195043
-53.518118
-57.655104
-38.187720
-36.867201
-37.081799
-37.299080
-31.192690
-43.560643
-41.963767
-53.159588
-49.393276
-57.348064
-67.653142
-63.569505
-67.949044
-57.513190
-47.482844
-49.144067
-41.166422
-39.511138
-53.116166
-49.511089
-60.651025
-47.121680
-58.324030
-52.942733
-59.066594
-61.432381
-60.764594
-59.438849
-66.656672
-53.353930
-70.939772
-49.699339
-54.002778
-38.134380
-37.459776
-35.466147
-47.551140
-28.638799
-46.556749
-29.531567
-41.372568
-35.311288
-37.772510
-35.607388
-27.567684
-21.712898
-32.975546
-20.606129
-31.251670
-19.030306
-29.633208
-36.816435
-31.844593
-41.211903
-43.486978
-45.256897
-45.702681
-37.588023
-38.577119
-36.622599
-26.307167
-38.083658
-22.595089
-28.497033
-21.677401
-28.551088
-31.107924
-30.436224
-24.125440
-31.215347
-20.770875
-36.633536
-15.693886
-27.189458
-22.826960
-26.484494
-20.533324
-27.469246
-19.144892
-39.773050
-26.841833
-41.357853
-33.209411
-36.409150
-35.294751
-37.117522
-33.446306
-46.844452
-31.754360
-41.088325
-35.598729
-47.574533
-49.527483
-51.529640
-62.612067
-61.435267
-54.473322
-60.238209
-48.335976
-44.181187
-37.524379
-22.057280
-25.580539
-11.229261
-13.244361
1.030420
2.894769
7.199336
9.962648
13.270567
-1.439661
10.998285
-5.923817
10.618073
1.832618
3.493949
-2.446454
6.208918
5.929970
27.350268
16.283883
36.131771
26.023439
36.991476
32.726598
33.070069
27.030295
36.398451
29.921859
38.384629
22.425098
33.290858
24.952840
21.993312
12.224726
4.886401
-0.783635
-8.825885
-17.999427
-13.658914
-20.815287
-19.077837
-16.400856
-19.150227
0.279871
-4.624692
-2.998618
-5.459471
-4.847522
1.958251
2.838643
-9.086958
-1.476424
-21.049569
-5.767776
-17.765380
-12.947798
-19.380990
-17.038638
-21.250468
-0.811157
-7.568174
7.789776
-4.762251
11.013344
12.612996
25.437620
19.227098
21.981490
7.418047
19.431016
0.954017
11.188731
-0.318449
6.201965
4.566727
3.477578
4.519864
5.082838
-6.237453
1.949100
-4.982850
4.353763
10.599252
7.218160
16.720328
12.120382
21.555448
22.935014
22.675412
18.555545
16.455783
17.167426
20.523466
5.500652
14.184520
-0.642342
-2.424467
-13.483640
-17.838999
-28.992878
-20.797625
-35.525646
-21.702442
-30.961804
-15.569549
-27.701409
-24.018218
-35.615673
-31.858154
-37.152164
-34.654894
-56.400492
-50.067634
-60.296294
-52.395643
-54.353423
-49.744734
-51.005643
-51.192598
-57.552835
-39.144995
-36.025930
-30.297576
-41.129772
-45.349377
-45.625158
-40.991595
-39.505873
-38.992123
-35.637835
-29.861176
-19.579925
-21.998337
-15.480638
-26.139362
-20.735071
-34.450727
-31.610196
-41.315251
-38.975392
-38.255779
-31.066224
-49.757566
-41.612811
-54.694063
-43.060019
-46.546629
-29.112355
-34.089628
-27.738230
-32.349690
-14.520269
-23.771295
-16.974509
-35.473104
-39.750345
-61.468337
-67.789576
-77.768673
-76.478941
-81.335704
-73.734619
-79.181610
-66.477092
-58.185447
-39.030786
-32.731480
-34.719269
-34.755787
-38.604064
-44.576278
-42.164588
-37.639227
-39.613400
-44.928974
-61.654052
-58.826449
-70.478655
-58.262483
-66.115348
-64.389837
-79.359611
-74.826112
-75.030745
-62.996329
-72.750369
-53.294876
-54.102951
-34.748550
-43.966530
-26.587291
-20.251140
-7.092999
-22.047955
-9.749576
-10.499336
-1.137040
-13.799084
-8.670434
-14.619034
-5.480390
-8.825162
-6.057828
-9.851354
-3.937566
-3.864304
-1.414141
-8.115344
-11.838194
-11.161178
-20.693372
-30.285000
-21.331983
-22.032311
-29.746625
-25.118924
-26.553412
-14.718126
-14.783172
-5.649601
-14.560038
-3.230804
-9.109464
-7.747695
-18.178580
-5.512246
-17.203556
-2.600388
-13.189953
-11.131350
-21.140681
-10.177761
-19.928800
-17.497663
-33.749786
-28.074390
-41.019565
-30.001538
-40.670057
-36.168963
-42.799491
-33.469040
-41.750723
-36.623357
-53.197376
-47.645173
-54.722685
-55.436425
-62.591855
-59.783622
-57.796206
-53.737854
-49.347836
-40.671541
-34.314250
-32.695761
-22.859444
-22.961739
-10.991938
-14.732195
-11.685992
-15.978258
-9.180142
-12.131677
-3.264460
-16.832735
-9.966510
-14.990640
-6.505252
-18.024414
-14.302882
-22.032494
-12.979557
-27.004751
-19.055206
-31.260729
-10.542499
-23.087747
-17.191127
-23.924368
-10.595280
-10.260544
1.788837
-3.470268
5.934871
-10.627878
-6.080289
-9.594646
-6.243610
-9.012131
-3.863143
-5.988670
-10.773206
-18.486693
-13.230403
-18.478330
-21.078783
-20.202476
-27.421430
-19.941132
-29.760156
-22.642287
-22.121132
-26.855620
-31.278921
-23.893237
-35.929489
-32.098296
-45.763022
-49.018100
-65.857134
-63.437627
-71.637460
-65.347675
-69.558089
-52.583870
-66.698302
-45.911717
-51.075953
-44.020050
-56.747269
-54.233102
-59.455333
-46.998188
-56.663589
-41.972510
-53.610267
-39.227074
-42.765472
-39.426204
-39.860023
-40.647849
-46.189466
-39.459367
-46.415727
-39.522666
-43.330639
-34.231324
-24.213228
-15.446642
-2.093940
-2.886959
0.032907
-3.081926
-8.001952
-16.681316
-15.645804
-23.157847
-8.188300
-16.001406
-8.851041
-14.345607
-0.293348
5.425543
17.669979
3.265440
11.972614
0.753123
25.744446
20.382658
31.418041
30.728228
38.528429
37.566308
54.620244
43.155611
51.025095
41.219363
59.014993
60.682985
68.237630
71.384933
75.444478
61.759981
57.617352
43.804473
48.097798
31.755985
25.953474
20.539545
11.279878
21.026517
20.857346
21.600977
20.159568
12.002973
14.971639
16.521321
9.454227
16.029218
-9.817712
-0.249834
-9.541419
-5.752137
-6.250217
-1.701926
-5.500961
6.241057
-5.382561
12.246198
-3.075376
6.643326
-6.719607
-21.051210
-38.706222
-35.693601
-45.267094
-30.726789
-48.852825
-32.570239
-38.169464
-29.977858
-31.854741
-26.906593
-24.894535
-14.707394
-19.195584
-3.588469
-14.305205
-3.218389
-7.568728
-8.302139
4.199568
0.411085
-0.550968
4.907386
3.688325
13.679274
16.383718
15.220639
33.545136
22.970859
26.878722
5.162670
-1.385192
-3.620403
-3.361858
-10.571473
3.256428
-20.994777
-9.792586
-22.709741
-7.414672
-5.547105
-1.788770
-6.231990
4.867650
-7.899749
4.040660
-9.306727
7.120278
-5.027057
5.703767
10.431525
7.244047
5.136696
9.279065
-7.074166
-3.817749
-19.227653
-16.766812
-21.603235
-27.547162
-34.644660
-41.921800
-33.682675
-21.868163
-26.558029
-29.971928
-37.565565
-37.281010
-22.149806
-25.052220
-10.315010
-9.370640
-2.374718
0.414101
-3.931344
-22.949632
-22.999293
-36.018317
-19.604050
-39.521168
-33.033713
-43.768361
-43.056731
-50.897949
-43.524481
-52.815293
-29.449155
-39.671083
-24.871416
-39.349616
-31.647607
-39.014145
-40.021490
-44.208948
-38.212779
-44.880371
-28.034537
-34.658601
-21.217718
-23.641537
-15.381334
-12.826732
-12.028501
-5.973110
-0.824316
-3.475752
5.141695
-3.703395
-0.118979
10.418055
-6.834939
3.775414
0.706115
7.714840
7.093463
4.067423
-2.196892
1.241681
-10.984079
5.913879
-12.727285
-4.214027
-14.453584
-16.966781
-14.205912
-1.033006
-13.575521
-1.481162
-17.006954
3.007950
-13.169155
2.526445
-2.879804
0.407383
1.279383
7.381275
-5.868853
8.684367
-7.338910
-3.156391
-11.993446
-20.868750
-22.411469
-22.904542
-27.188608
-27.153108
-35.194878
-31.420040
-31.167239
-35.212922
-21.207267
-20.711270
-14.072708
-10.796533
-2.893061
3.034638
-7.249744
-21.766064
-17.019151
-29.065300
-15.571336
-27.210650
-6.268984
2.128272
17.957550
20.709869
34.978162
28.520193
40.136267
24.805741
32.733774
16.188706
24.756309
19.433946
17.511998
5.288150
16.090126
8.980783
32.365294
25.926002
35.372929
35.307017
42.510230
52.355362
54.690254
54.023022
61.727402
53.895846
55.030382
45.222378
44.759022
40.656527
40.075490
45.972664
48.626691
50.406506
50.485409
45.792745
43.312186
46.746906
35.449666
47.624189
33.520933
46.749746
40.128910
49.193126
50.756374
48.873117
30.227874
35.511473
19.433535
37.935686
25.254455
37.190374
29.483603
25.177606
17.233322
23.296378
16.544142
40.031772
27.502030
38.239012
30.847211
32.124436
29.597071
32.587510
29.821443
28.189334
20.521013
41.631769
40.256494
39.181684
52.588851
46.059437
47.167521
50.384308
49.315690
58.950829
71.891973
73.628096
74.266030
64.200565
77.002580
68.032873
78.258995
81.824022
87.822403
85.803333
93.168450
79.860080
82.708756
64.652205
82.146579
74.299092
86.180770
72.588451
88.446080
88.306674
97.315212
87.313485
107.563306
97.920335
108.186321
107.241538
101.571139
96.472552
95.874852
85.953216
95.675227
86.053710
100.063962
93.770353
94.608757
95.965701
89.486606
83.987964
84.928325
86.387712
85.755468
80.749894
69.044069
62.466018
59.980584
73.335540
71.543698
78.867783
72.964503
73.663906
72.613872
79.516987
67.314823
72.793658
59.006046
75.135063
63.850834
76.904920
72.095162
79.835591
65.302468
72.357814
61.059394
66.538069
48.677392
59.291822
43.268429
53.532657
55.615954
59.062286
47.985981
52.186902
36.945228
42.288749
24.601864
17.617776
9.735615
-0.190972
-5.047805
-8.985791
-10.605087
-5.432458
-3.561303
-5.628734
-15.333411
-31.144167
-24.031734
-37.801472
-26.580239
-29.542504
-26.676490
-31.273094
-24.827192
-27.004017
-11.176024
-5.074883
7.597427
-6.586672
2.494089
-5.051455
2.216213
-4.609896
3.212739
-12.495926
1.604577
-23.310683
-15.428734
-23.281852
-18.316552
-25.775944
-20.821229
-29.601114
-18.480586
-27.026824
-16.378712
-28.145050
-25.134823
-34.421052
-39.035261
-37.271544
-32.052807
-31.126503
-33.425964
-33.438343
-27.664244
-17.938261
-19.653909
-11.654006
-14.815842
-6.621355
-12.170110
-15.836079
-27.067867
-23.309990
-21.058065
-8.380027
-22.332489
-7.764804
-14.529919
-4.218521
-5.629055
7.500707
-0.746866
6.845186
-1.327519
13.085388
0.283322
12.939235
1.233343
-2.940173
-5.684804
-0.277465
-14.452545
-0.963273
-6.998375
15.495568
13.709536
21.737448
14.982203
15.992296
13.413778
17.122475
14.030620
16.855629
11.707479
11.722300
17.062546
11.228024
11.750135
11.180249
8.031092
12.870236
13.808145
2.201847
9.663139
11.344620
26.341216
15.428381
20.419426
13.559126
21.738579
12.430323
21.513162
17.827661
26.245449
13.678922
32.051741
20.512009
36.747976
34.436445
42.124658
31.980228
39.691125
27.825590
31.692354
13.512818
18.380801
4.014333
3.063173
2.094485
3.629060
3.228261
16.614262
9.580621
13.941386
4.812034
13.934054
11.588611
5.246561
3.381462
-4.969534
-6.421916
-12.407729
-16.437744
-15.902995
-11.980500
-25.630455
-16.675530
-23.532222
-15.991310
-27.475042
-22.902961
-27.519470
-27.291750
-34.262315
-14.246837
-22.207519
-4.157304
-5.200336
14.271506
12.027329
17.496297
11.752671
17.223362
5.264846
12.019108
2.488518
10.622614
9.474665
20.931486
10.854886
15.403166
12.333738
16.360357
17.016235
27.960316
25.935429
33.659871
31.872007
22.380495
14.058939
10.385868
12.274951
17.393471
17.765305
22.078920
19.240157
10.959456
27.433588
23.655567
38.375450
34.036478
34.539195
27.771957
37.179403
30.531411
42.313022
24.172160
37.612257
23.257631
35.227765
25.795145
34.163861
26.279236
37.504162
32.174459
40.629445
24.988672
37.952231
29.303720
38.518600
23.181763
23.434082
17.070599
26.699029
19.967457
30.634080
29.800871
41.703407
42.528185
53.014168
60.219889
58.489690
58.721561
56.618747
48.726026
51.863116
54.051286
53.854956
62.963851
54.356369
59.318834
53.358068
57.030172
59.517802
73.066286
61.674307
63.426021
51.122281
68.883498
57.242521
62.759897
57.312624
66.925342
68.011161
79.013961
67.765366
74.685251
58.523717
69.633864
55.655907
54.059863
39.220193
42.466845
38.141913
47.390088
35.941515
52.060523
47.549159
58.476469
61.814261
69.892552
76.187997
80.330466
82.123473
83.855248
77.584156
72.644141
66.922399
56.371364
56.960554
48.738151
51.256490
40.171114
43.004542
45.112290
50.181771
47.116974
52.269002
41.561389
58.870826
50.171956
59.508611
60.756042
60.645729
41.772740
47.761036
33.558810
50.550409
34.691534
51.270840
42.855758
59.511342
64.032993
74.892677
67.817408
72.644971
59.016028
70.494389
68.548591
79.487939
74.547144
64.358756
63.510033
63.879597
54.069891
57.626238
52.675522
63.767753
56.726118
52.952844
50.382164
37.667196
45.675984
41.243420
41.752553
37.222871
33.909306
30.736932
39.229745
28.483673
43.266686
27.443340
30.551604
21.397945
26.929927
25.905350
30.396606
15.703251
25.146287
7.642754
15.625376
9.550591
16.986495
10.102560
15.870617
10.559845
20.075426
14.557030
22.115854
3.766611
19.738281
16.789748
20.711987
25.507223
24.746519
18.431662
20.608355
14.265907
27.176289
26.508343
36.686373
47.212281
48.522995
55.280321
56.179669
54.267731
53.148429
53.279468
48.773835
54.922773
43.716691
48.983603
37.947546
51.108276
43.870444
47.046484
37.782002
42.698674
37.942818
50.862478
36.608202
50.157974
29.857909
36.824936
22.373411
17.655721
10.037462
16.834010
5.471692
19.560343
8.211479
18.795679
11.920558
19.659861
22.681771
27.953114
26.151580
35.237275
18.183311
23.095842
26.502969
38.407868
36.664406
30.991973
33.560662
35.560422
34.686147
34.495619
32.223844
26.865783
27.555656
16.449495
22.832746
16.813500
29.764138
28.826187
36.165230
43.721215
60.142764
53.782615
63.667115
45.090178
58.265233
42.862918
46.946333
36.462806
39.036932
32.660358
49.048155
39.842141
59.698979
54.738542
63.301845
53.601475
63.996857
68.227999
82.498155
85.813906
92.759557
87.260465
100.138214
89.996617
95.216482
92.374025
88.368703
90.039839
89.333032
76.054969
68.279853
54.556050
50.079795
56.098262
56.286882
71.232109
63.881076
68.457889
68.187190
71.979907
70.193781
72.060430
57.743290
72.163662
57.081613
67.822748
48.512378
49.798601
43.139339
46.416498
42.404169
53.209248
38.344720
55.718772
36.023162
46.128576
42.435940
50.090092
48.095850
52.774249
50.944354
65.050694
49.077296
54.999366
45.392928
51.691213
45.671884
39.335855
33.662036
32.030215
39.542734
48.988674
51.400543
59.130524
70.408011
70.639558
71.917335
60.458257
66.580533
59.597855
53.964870
46.617978
53.968257
41.760585
48.945335
36.659368
53.262187
45.437142
49.379766
42.986790
47.076843
43.551737
55.591512
39.075838
46.632286
33.284260
44.344762
40.574234
48.302056
51.257862
61.331987
51.713843
58.124832
50.231934
52.077411
36.093827
37.843974
26.902518
19.155704
11.799058
2.724960
-4.488333
-4.246063
-13.636582
-8.871541
-2.768061
-5.869857
5.508966
4.035373
4.556856
-7.715436
-10.553650
-16.562263
-19.114891
-32.564872
-29.198286
-49.992589
-38.563796
-52.126004
-47.956819
-56.575581
-43.442778
-49.733566
-43.152888
-55.975070
-43.065281
-58.359242
-48.668124
-56.608357
-50.279210
-58.739319
-52.990467
-62.221830
-53.531575
-59.449137
-49.765247
-56.365904
-44.256784
-46.200692
-40.887187
-44.162340
-43.085871
-44.746483
-35.470058
-39.793419
-27.494712
-28.374811
-37.614407
-32.278450
-41.507458
-45.646186
-46.814201
-46.319058
-50.967198
-53.668119
-50.604808
-37.715623
-41.282514
-30.245855
-38.607091
-25.879860
-37.226668
-37.118022
-44.879752
-36.908924
-52.006570
-35.866338
-47.381817
-33.016543
-46.010372
-42.965037
-51.969865
-51.659602
-58.364020
-50.273939
-67.061212
-59.723201
-75.180838
-71.151032
-78.919359
-77.266362
-77.050327
-78.484246
-84.944847
-77.281396
-85.143391
-75.371686
-70.780579
-70.849087
-63.899475
-67.756770
-63.567465
-66.590465
-67.825907
-71.741374
-74.298307
-73.326387
-63.928363
-69.890442
-59.010335
-71.141520
-68.449749
-70.350206
-62.164568
-66.274698
-61.312582
-82.502681
-79.260639
-92.881176
-72.935117
-77.591949
-65.818484
-67.958162
-58.273378
-63.172577
-48.449826
-58.009994
-45.140647
-61.867799
-52.377956
-54.846099
-59.353005
-71.047668
-70.815983
-74.837836
-67.822510
-80.298557
-67.527544
-72.281382
-70.711666
-71.841395
-75.951944
-67.566666
-63.172298
-62.515311
-56.884118
-57.304692
-51.903310
-50.640944
-68.749256
-56.661425
-62.580011
-51.386256
-58.891823
-61.664068
-63.981053
-53.488718
-63.050588
-49.654911
-61.975855
-43.484532
-54.795519
-46.380003
-50.571635
-53.373517
-55.015727
-40.687786
-50.499392
-31.441102
-42.697316
-36.147979
-39.657453
-28.731859
-20.956521
-13.798766
-20.133356
-5.508310
-18.309096
-8.852444
-17.666602
-15.493745
-23.396122
-33.641024
-26.837578
-26.889487
-31.170642
-23.204535
-24.331531
-14.020870
-3.016274
-7.426659
-3.181230
-17.784695
-16.105462
-28.120399
-19.328799
-30.929524
-38.299972
-46.373957
-31.046974
-36.171778
-22.828877
-30.613433
-18.745704
-25.228140
-18.284110
-18.660986
-11.417988
-23.613392
-7.251167
-19.227610
-4.338186
-13.212344
-4.932080
-0.904788
4.763627
-5.367855
-9.158464
-26.449421
-11.163890
-22.967172
-11.331338
-12.507830
-13.709822
-8.926494
-5.944639
-3.354543
-9.478968
-9.885570
-6.070466
-0.305455
-2.780601
5.402536
-5.624042
-1.683470
-2.770399
4.464653
-3.922991
-1.447415
-0.592631
12.781506
5.251288
22.019576
16.011385
27.642478
26.766112
30.927763
24.938595
41.390869
32.715632
44.153573
25.936414
38.613745
28.963310
34.440852
35.920142
43.440018
32.916274
37.019735
21.556303
23.714115
11.448863
16.754869
10.636546
8.096452
1.551670
7.641160
5.559687
15.239837
13.211604
17.493305
9.891510
8.425175
19.406544
14.182684
26.891014
14.548762
13.738891
13.424950
19.975502
22.193571
37.697972
25.535511
43.957350
42.106206
54.880419
47.831737
56.475518
49.778340
59.550459
50.768985
54.486528
38.442846
46.655394
34.428411
44.438415
39.473492
45.744971
46.251577
60.227046
49.048372
63.169577
58.964212
74.601283
64.455545
77.271749
78.612277
78.880046
81.515563
91.852222
90.423582
94.467206
95.207999
96.101287
93.631148
83.986596
86.091843
75.891690
74.548726
67.405046
70.038100
62.915302
63.259543
54.467699
63.295196
56.029112
70.463306
55.860178
67.513227
64.272398
65.559743
61.794980
63.062999
49.216453
70.819865
52.643845
60.630423
48.111642
50.794882
40.134657
35.400867
27.610989
32.352828
13.754296
26.467491
14.263619
25.011953
23.312256
24.476917
32.367786
37.531719
26.311588
33.614905
29.122031
30.655952
25.131910
28.342864
43.219834
40.209962
39.550582
37.569865
37.700668
34.427374
31.200077
22.423551
35.359953
19.673544
32.507839
32.553338
47.234913
40.141693
45.306919
49.153326
56.540627
47.330554
61.614508
48.094218
61.157609
51.308355
58.241978
49.453574
57.672568
50.438966
60.081146
45.793853
59.697502
45.067510
45.583214
40.253952
45.994035
52.207149
51.652375
49.333561
62.315992
51.720642
58.389546
56.060288
54.910417
63.061626
52.117112
51.988188
45.341769
37.408502
42.157545
33.927973
21.686648
26.151642
10.350540
24.773011
10.623791
18.538024
11.701283
13.245114
6.867932
19.038132
11.822540
25.178518
12.117578
30.396396
25.757963
29.314363
24.269573
24.434083
13.752440
23.786838
-0.076446
7.629223
-5.742019
6.467100
-2.906249
-3.030873
-6.956756
-7.169520
-10.274948
-2.928415
-19.407280
-9.685617
-20.184803
-18.533584
-14.610824
-21.315953
-17.509567
-24.861170
-31.499293
-25.762246
-21.848575
-15.949540
-3.028257
-8.890887
7.831373
-1.947566
-1.195245
-4.295211
-1.614911
-3.098879
2.288278
-6.332680
11.528676
0.343764
17.885399
11.783167
19.714520
12.221755
14.167204
8.615713
19.208932
8.389644
26.126200
3.596406
17.416248
21.659905
23.846786
29.215204
28.865683
28.072715
46.870479
36.380444
47.263423
36.193959
38.363376
36.420388
29.171378
32.441977
23.329342
15.267430
19.575335
17.286871
19.894870
30.210713
18.521066
26.620132
13.429372
18.606700
12.624490
8.539939
0.821140
0.732270
-4.831136
8.732677
-8.977509
8.436475
-4.078033
2.570453
-0.883320
3.564626
-1.295354
11.745200
-2.995896
11.690812
-4.039248
12.647874
1.578410
4.365972
3.958120
13.256328
11.932164
24.299012
11.161399
26.456761
13.730788
19.241302
20.018478
9.756684
11.218879
10.709371
8.050726
18.119923
18.990279
25.472441
42.273293
40.687006
51.353617
45.723186
58.262463
51.170694
46.933508
46.860674
37.629202
30.419099
42.607551
22.923721
39.794022
27.292051
39.155869
36.496449
45.824520
43.592938
48.144527
36.829277
47.670741
25.929548
38.266568
26.536191
31.888259
36.610355
39.375465
28.254139
29.145573
13.952397
36.813346
29.109870
33.598766
31.835041
15.873538
12.090970
11.377199
4.314381
7.246480
-0.706076
3.932022
5.385910
4.652630
13.562167
7.673090
18.977565
18.274195
20.958737
21.642498
22.974590
16.629256
23.814629
0.139450
7.295536
-4.630117
-0.749014
-10.989957
-2.983457
-0.984558
10.144408
-1.632410
17.848977
10.176398
27.957218
8.920598
11.377110
5.876991
3.429839
-4.166412
4.659024
-10.275426
0.170394
-13.992565
-3.023957
-12.620013
-13.301862
-11.934227
-9.701043
-16.749523
-10.739813
-20.759269
-15.310658
-22.853110
-26.536944
-11.560936
-13.119394
0.359659
-4.718491
-3.168190
4.809074
1.427242
0.691784
6.615717
-10.776178
3.559800
-15.252263
-5.166673
-10.074986
-1.088865
-6.840557
0.072251
-12.260409
4.117416
-8.826541
8.737728
-1.212209
5.898180
5.662810
15.689113
16.796875
25.792796
12.615764
29.287914
17.277215
35.427492
28.334839
22.664904
21.892249
15.611455
10.762621
20.772298
10.894527
18.668694
16.769541
22.234112
26.958352
22.177169
32.783588
28.556145
27.010121
33.489351
35.394526
35.750051
44.014747
25.432973
40.325428
31.874559
43.446380
30.723750
32.946056
34.863127
32.537716
13.560787
23.898095
8.330475
31.344100
24.477335
40.463192
44.910088
57.676144
55.685501
69.234121
52.646531
64.613739
41.652012
44.320786
36.135408
36.312840
35.834075
39.466529
26.810103
38.005178
36.625247
49.480636
41.289451
38.872509
40.761608
33.382845
33.841280
29.708941
25.944726
23.819650
21.863932
25.505094
27.322695
17.572853
30.089953
16.398867
23.805457
21.470388
26.464828
16.683743
21.660784
14.814758
28.114915
9.994113
21.484640
5.191053
9.336083
-0.097691
3.548999
2.076251
1.706100
-10.503436
12.302402
2.059387
6.146747
-2.100382
0.878841
-2.327488
4.449328
2.821063
10.950415
5.142795
9.453238
0.078157
4.974974
4.961497
4.210396
11.762111
14.285273
11.892148
6.932142
4.029676
1.616270
3.200078
-1.847166
8.223339
-4.092178
1.030722
-3.524881
4.961237
4.185558
9.830480
5.206130
9.731375
-11.851853
-0.678256
-19.300341
-7.271822
-14.565515
-10.321245
-8.515204
6.958272
4.397971
23.250049
11.604730
20.178829
12.933459
17.989208
6.758324
16.516922
12.208103
22.341865
9.297045
18.467315
16.634515
24.583067
27.929684
28.855493
30.363543
23.971535
13.862238
18.356848
22.945093
17.690943
11.395800
12.997733
26.204413
23.547267
33.475335
29.101006
27.071438
12.818611
5.273482
-14.272633
-10.793399
-28.056122
-20.674511
-24.838348
-9.452559
-16.505184
-3.772178
-11.840656
3.302277
3.922460
25.259995
11.702038
20.194412
1.887912
-4.415504
-21.605364
-17.614451
-24.734422
-15.939594
-16.089105
1.302141
8.924481
15.053125
8.086754
8.992646
7.895189
-0.572577
-17.644162
-18.760565
-22.929752
-26.166824
-33.118060
-36.164950
-27.454467
-33.260357
-34.748877
-38.881057
-29.190208
-25.637618
-14.466202
-20.164681
-13.008464
-17.846010
1.114148
-8.301438
4.496063
-11.807749
-7.156409
-21.113374
-18.903026
-33.647951
-29.554752
-34.197535
-10.454441
-14.235267
1.313618
-0.892494
7.734664
3.188361
17.158164
8.707681
19.453964
8.850362
14.944710
9.309664
13.718542
3.208276
1.119944
-0.743615
-3.244028
-7.733304
-5.601985
-6.221786
-5.746335
-3.214727
-3.224158
0.409206
0.048146
10.084608
7.912279
12.133407
3.711744
11.991509
1.440062
1.080262
-12.331748
-4.132103
-14.392142
-11.134662
-21.058311
-12.376909
-14.571266
-9.667074
-13.966681
-0.694388
-5.557645
1.450988
-7.065056
7.264475
3.302696
15.987552
0.289470
2.126344
-11.431558
-4.355799
-2.675258
6.479491
1.906242
8.883099
9.094840
12.072335
4.795530
0.007347
-11.529936
-13.919388
-16.665621
-18.189843
-17.406150
-21.790904
-18.819696
-24.466391
-22.559822
-29.203018
-24.204995
-33.156554
-28.682951
-35.698603
-28.518181
-31.455564
-17.037925
-24.630618
-15.715584
-27.598944
-24.505038
-31.681003
-18.421169
-25.753860
-8.965153
-10.563384
1.721805
-5.245211
3.410243
-11.966532
-9.050314
-26.735100
-19.885071
-22.342638
-18.132472
-21.127388
-6.823261
-9.582574
0.199872
-8.313352
-4.621739
-5.515187
0.307253
-1.066936
3.171358
1.797024
7.473562
15.191903
14.648518
14.443006
6.911067
2.522773
-1.704731
4.315148
-5.985092
3.226066
-3.782142
8.723686
-6.563254
-6.561848
-15.911683
-11.223201
-28.016287
-18.854537
-26.382907
-15.008678
-15.871147
3.680927
1.937170
13.060846
-6.173104
2.382181
-9.497356
-3.758673
-15.067240
-20.648550
-27.778206
-19.279354
-19.390630
-4.905171
-13.955437
-12.466887
-21.700752
-14.644515
-10.785989
-9.696651
-7.381982
-6.980137
-14.442740
-9.202025
-7.625057
-7.151780
-1.277258
-14.943874
-12.030152
-23.536858
-22.835071
-27.251780
-27.587062
-39.716410
-36.406948
-47.911530
-35.871397
-46.312163
-46.427039
-58.302712
-55.255740
-62.656314
-56.084522
-66.558295
-54.849781
-69.166269
-56.939000
-70.430868
-60.378412
-67.241551
-57.359406
-55.640590
-51.394652
-51.155638
-42.232332
-52.699034
-40.576012
-50.017054
-51.251973
-49.603164
-43.462107
-43.182847
-47.185737
-49.971904
-49.965307
-53.294910
-45.815271
-39.327933
-53.198796
-47.182442
-57.048037
-53.565829
-64.058991
-80.806288
-88.195888
-84.170119
-92.045522
-80.980533
-86.723236
-67.654755
-73.582113
-57.856635
-55.216859
-47.921522
-54.631180
-37.599560
-43.833122
-29.293590
-37.322351
-27.471222
-38.846473
-36.442204
-42.635321
-31.140609
-38.395974
-24.416208
-30.089827
-15.436689
-20.454097
-7.811523
-2.763956
3.464184
6.563007
5.076311
-9.798987
0.973844
-5.772581
-3.472509
5.189722
10.433403
23.632782
10.720485
21.074234
23.804012
26.480910
30.549931
34.660821
30.586445
42.117687
20.751713
32.678654
20.233220
35.373227
29.331002
29.723892
21.420145
33.875654
18.149123
24.612834
6.647147
21.314353
11.877626
15.781672
6.982790
6.983613
3.829344
11.687330
-3.520283
5.094942
-6.893130
2.519292
-5.199172
-6.450283
-4.404193
-4.150659
-10.799046
-2.915496
-13.700076
-10.076067
-12.033216
-17.584238
-6.029161
-12.758551
-12.190178
-21.578581
-22.172362
-20.146214
-25.278151
-31.371104
-14.607535
-27.138571
-18.880766
-27.348247
-18.011862
-25.793713
-18.927866
-17.109757
-11.644372
-16.850983
3.495096
-5.344578
9.735606
1.752504
7.709923
-2.850166
-3.283129
-13.505177
2.265755
-15.258813
-7.295459
-21.773914
-12.656295
-18.895524
-16.106254
-6.822170
-3.267853
-8.386742
1.110361
-14.998767
-7.910459
-6.390433
-13.197984
-3.865039
-11.700345
-12.298954
-12.217501
-14.387447
-20.350340
-23.305901
-30.003533
-27.312437
-32.314475
-19.732019
-29.528121
-25.805324
-37.833281
-31.634859
-28.521582
-15.803583
-26.542339
-7.361661
-24.960947
-10.559186
-27.935446
-22.596811
-24.480553
-22.751261
-29.661684
-17.828943
-36.608078
-27.924077
-50.903602
-47.439614
-59.393958
-68.501411
-77.736279
-78.426545
-84.411439
-75.944848
-79.585033
-64.430380
-64.389645
-58.195027
-49.911357
-52.314097
-47.297633
-53.321433
-69.533636
-65.877150
-66.276057
-70.969070
-58.738837
-61.693180
-40.081289
-42.195994
-31.609350
-41.514173
-48.785017
-56.261474
-52.591910
-74.605012
-68.514477
-83.585543
-73.525840
-80.649179
-70.935260
-78.200846
-69.635649
-74.025516
-69.265073
-83.929374
-67.114745
-76.826764
-72.405974
-81.988786
-82.968619
-87.119913
-90.820123
-102.232813
-83.818575
-88.355209
-70.342991
-77.148346
-79.566604
-76.657781
-77.496616
-77.069270
-79.935626
-79.529773
-80.291167
-84.799326
-89.705459
-85.764045
-99.227804
-92.002920
-102.798685
-92.495249
-96.582656
-89.307808
-84.376067
-76.908930
-94.264733
-78.946187
-94.049700
-86.800772
-99.865616
-90.595315
-89.605691
-78.246707
-83.314792
-67.259126
-90.322583
-82.475526
-93.625074
-86.763349
-90.389445
-84.550939
-86.154343
-83.230034
-93.625253
-81.882022
-95.991984
-83.403617
-88.362291
-96.087985
-101.776945
-111.419555
-112.584589
-114.471049
-118.810093
-116.687709
-118.729536
-113.027999
-105.325999
-113.005030
-113.101988
-124.916938
-109.955768
-108.763031
-110.187371
-113.533630
-108.369245
-114.101473
-96.167218
-105.302332
-90.181978
-96.143229
-87.377764
-93.544588
-92.530634
-97.195881
-84.474917
-94.752872
-74.248089
-84.221057
-77.939447
-79.846992
-72.327903
-75.936327
-69.026032
-81.432297
-63.236655
-79.240153
-79.191620
-85.456740
-83.095966
-74.362269
-72.818957
-81.265113
-79.659046
-87.355033
-71.924176
-79.949325
-90.927313
-89.842396
-95.394310
-92.440069
-89.201804
-80.950162
-77.671408
-72.957089
-73.962956
-71.533596
-85.239206
-71.720631
-72.784858
-51.028777
-54.567170
-52.481991
-55.495938
-49.344014
-62.864812
-49.493601
-62.716176
-43.690697
-48.967890
-35.383240
-36.559202
-29.161547
-42.043515
-31.094305
-46.712946
-49.197014
-61.586045
-63.326749
-76.809545
-71.184063
-74.441532
-76.069102
-79.363384
-81.286811
-89.987671
-82.750859
-87.092456
-94.960728
-93.059672
-97.132353
-99.193944
-102.661915
-109.999130
-107.495861
-102.119885
-107.818161
-99.593542
-110.126836
-96.233581
-108.765744
-102.243229
-101.734432
-100.956483
-112.355653
-109.058537
-125.794922
-111.576800
-126.120431
-114.182116
-134.545382
-130.376292
-134.652017
-119.621738
-120.410500
-109.117648
-114.765324
-103.007329
-119.406879
-115.159564
-113.554751
-107.881123
-116.951557
-120.594015
-130.901695
-118.072507
-122.381465
-111.503965
-106.745490
-102.875110
-106.255460
-121.221365
-123.368086
-118.452282
-124.706788
-120.347124
-121.669316
-131.927616
-114.542310
-118.805850
-104.570934
-116.684010
-117.353114
-119.468849
-110.013808
-113.573102
-100.414046
-110.015356
-93.557153
-101.567300
-95.814180
-101.184919
-92.625720
-95.340628
-84.858094
-101.569404
-87.299512
-97.786070
-85.462298
-102.058422
-92.506154
-97.663896
-90.217496
-93.403236
-90.089480
-97.670062
-83.556835
-85.660744
-71.064834
-73.234880
-77.239568
-79.197308
-82.996133
-80.902873
-72.722373
-75.618067
-75.407461
-81.550955
-95.516752
-98.057312
-109.501653
-99.763476
-109.380869
-108.961533
-109.296490
-101.481889
-105.019297
-90.340263
-92.527285
-83.223439
-97.218935
-78.489002
-88.310359
-78.900414
-86.807203
-83.202163
-94.930929
-89.800698
-113.152452
-102.743568
-114.830786
-110.512922
-120.620143
-119.152875
-127.061157
-122.218161
-123.868012
-104.278032
-118.012352
-109.012371
-116.584746
-113.938753
-112.974262
-117.315174
-112.102486
-101.796488
-100.306069
-100.758429
-115.424120
-119.961902
-108.321692
-108.654280
-101.843019
-110.908325
-110.503002
-117.384767
-107.913748
-104.714305
-89.055540
-89.154104
-67.738791
-72.134274
-61.492394
-67.701746
-56.061519
-58.425848
-47.246030
-54.408870
-45.964627
-58.061030
-40.829413
-56.688417
-41.033572
-47.852569
-38.311764
-37.541523
-36.661149
-42.154114
-23.068364
-37.865840
-24.647647
-30.462100
-33.425524
-40.297759
-40.941806
-43.510207
-46.167663
-51.299475
-45.785553
-51.623008
-52.510269
-51.034031
-57.009839
-49.102508
-53.215349
-48.465477
-49.660546
-56.632757
-56.948263
-55.853207
-62.036203
-48.118608
-59.286205
-47.046789
-53.745856
-42.433227
-51.387502
-51.778416
-66.338149
-66.223089
-80.482808
-67.941005
-81.704542
-67.161996
-81.029747
-84.710417
-99.035253
-91.445845
-105.557210
-100.722253
-110.026837
-95.047246
-103.743715
-84.209954
-83.462066
-78.256359
-73.141437
-71.964097
-66.582368
-63.896523
-77.712029
-76.071091
-83.956126
-93.342676
-86.765831
-85.273784
-79.659031
-81.282268
-82.044776
-80.336177
-76.034331
-80.115827
-75.300644
-88.889430
-81.074522
-103.069689
-88.438635
-89.797236
-90.432387
-92.472169
-78.606353
-82.517780
-67.200579
-85.272308
-73.123930
-85.476036
-81.533616
-91.362046
-91.759282
-100.830023
-98.162483
-104.279868
-86.937929
-99.971534
-94.874270
-99.578422
-93.319286
-85.928998
-79.500146
-84.499167
-80.268750
-82.704844
-74.430403
-78.369548
-71.221140
-67.341035
-74.520705
-64.116327
-61.749454
-61.056619
-62.386173
-65.143959
-63.932545
-57.598395
-75.404867
-73.432225
-93.022847
-86.818808
-98.191388
-92.842323
-94.346964
-87.241573
-92.456406
-80.385254
-92.737242
-64.193264
-73.257562
-56.792389
-63.588972
-63.969684
-60.003423
-51.183060
-58.879046
-44.728665
-61.646545
-39.866831
-46.224428
-40.918723
-50.939697
-56.256237
-67.728377
-74.755603
-80.539279
-67.651605
-83.100541
-90.262924
-89.027355
-89.376224
-74.921852
-80.104160
-74.745227
-68.902100
-75.979661
-75.324069
-79.458881
-80.385533
-62.919772
-73.622760
-65.264230
-84.786040
-77.398957
-71.789417
-75.269124
-88.099520
-79.794686
-91.607698
-77.982461
-96.607900
-80.163455
-84.486970
-81.977734
-81.575022
-82.797617
-93.638674
-75.452078
-86.637817
-58.457536
-70.822793
-58.497327
-52.451513
-46.048782
-43.095163
-38.692126
-45.798691
-40.400237
-51.332521
-42.449531
-49.630340
-59.103668
-48.523481
-46.105159
-42.840568
-43.819229
-43.283359
-43.150801
-45.380955
-48.838591
-42.297886
-59.392355
-46.428252
-53.042165
-47.533262
-54.283557
-53.207230
-59.863822
-55.733064
-70.784436
-61.450489
-83.934523
-81.533494
-95.315204
-85.168808
-83.704401
-82.966538
-89.145915
-78.969094
-91.989394
-72.833705
-85.471519
-74.958993
-84.436927
-77.875648
-74.266166
-62.918076
-70.304569
-64.396216
-70.587177
-52.740599
-57.020569
-62.352188
-49.362104
-56.412681
-59.500842
-61.748074
-65.842449
-57.247870
-61.152207
-60.294520
-52.639577
-69.207397
-62.718498
-74.448207
-73.922510
-78.717670
-77.432450
-84.470725
-86.044513
-97.841191
-78.755388
-92.436655
-79.614808
-89.462116
-88.841756
-97.538142
-93.420022
-103.435787
-90.559768
-98.016041
-76.372647
-84.528230
-65.222807
-68.493509
-61.677103
-61.338321
-51.358824
-60.856454
-58.145930
-78.136824
-72.876804
-87.058819
-85.864251
-76.868501
-75.679764
-76.851942
-82.424038
-85.841200
-79.820684
-81.187496
-75.957981
-75.146867
-84.253411
-70.920049
-84.064743
-81.628588
-80.577908
-77.325223
-77.881855
-77.502906
-84.321117
-55.907480
-69.642350
-53.711586
-65.832284
-57.997044
-60.280550
-56.712681
-61.694538
-50.415987
-67.377979
-55.124187
-74.757378
-62.699969
-74.937385
-76.834500
-85.654675
-81.344374
-83.784744
-74.424374
-87.662534
-80.648786
-91.602607
-85.408261
-84.661342
-89.614102
-93.112783
-91.572481
-96.275158
-98.186980
-105.600231
-97.252576
-100.005961
-107.125292
-104.691525
-109.745277
-106.179155
-116.294216
-121.379800
-126.520263
-122.522832
-136.583721
-136.182832
-151.323967
-148.577748
-160.423100
-148.697100
-157.080695
-142.935930
-145.879186
-134.115902
-142.150799
-125.234370
-131.901003
-118.566695
-120.775583
-119.958597
-128.106078
-123.344933
-134.807188
-122.492463
-128.929102
-112.067685
-120.866225
-110.130573
-117.812206
-111.920281
-112.897571
-111.127090
-120.032839
-115.495128
-119.284042
-122.335170
-122.604191
-128.169963
-123.582009
-124.692013
-130.137263
-138.116958
-135.946441
-137.545112
-132.305944
-128.104214
-122.735619
-136.475770
-127.853965
-138.385162
-130.897734
-131.267184
-120.704214
-124.789392
-106.132206
-112.295216
-106.994468
-125.330518
-121.574093
-127.864417
-117.007365
-128.347318
-111.432325
-116.188073
-97.698882
-101.458004
-80.709222
-83.337946
-80.257948
-90.518020
-94.578696
-101.261000
-92.255234
-97.490050
-90.179843
-94.089210
-86.835252
-77.741465
-76.836670
-70.296691
-70.014648
-65.769221
-75.440436
-90.622187
-98.677988
-94.800813
-97.801814
-88.795939
-100.951284
-93.007016
-92.770052
-77.727538
-74.783416
-64.084273
-66.646117
-51.344554
-60.091642
-47.292622
-60.192144
-55.470539
-69.482651
-69.076527
-80.177678
-75.736328
-84.256345
-66.452408
-73.065352
-63.336002
-75.036326
-66.807649
-68.304118
-64.809000
-68.517740
-60.145119
-64.348870
-43.216508
-47.795975
-37.409635
-31.940354
-27.909942
-19.982104
-23.202213
-19.687839
-11.441996
-12.842518
-13.778310
-17.388661
-22.669744
-13.765904
-34.677917
-29.541846
-33.150227
-24.203908
-33.120457
-35.843810
-39.165606
-25.937982
-32.719082
-14.899780
-27.445448
-10.191890
-15.083087
-7.032478
-9.099258
-5.528221
-21.641009
-2.700344
-14.114269
-2.188207
-10.124929
2.303476
-0.864633
0.639776
-4.746229
5.625777
1.587313
12.377263
2.475542
8.283214
6.511307
3.508580
10.865086
11.198379
14.118381
21.997049
10.741896
15.991582
18.983542
18.897369
37.907646
37.144737
50.536010
45.498121
44.768365
39.544824
37.644435
33.062282
38.524682
21.502603
26.699808
5.835245
12.393181
-2.687183
-4.685576
-8.028909
5.705350
-4.347270
5.645625
-16.735189
-6.388216
-20.396401
-16.524928
-18.771556
-18.459800
-20.157956
-7.699987
-13.782467
6.516395
3.088350
14.310263
13.061305
4.989271
-3.026321
-0.882780
-2.685335
-3.138210
-15.936920
-13.282021
-22.201485
-26.389329
-13.007031
-15.197281
-2.228918
-9.829515
-5.895505
-10.697748
-21.984789
-22.942659
-25.269502
-46.985202
-33.630722
-46.030973
-36.609068
-38.809608
-35.539576
-41.487652
-38.059750
-52.647131
-40.619798
-59.903877
-46.259221
-60.461166
-62.461049
-67.970234
-58.570040
-64.088342
-49.330058
-54.007917
-35.555489
-44.498738
-32.626345
-39.450286
-46.337862
-53.065244
-52.823139
-56.675415
-56.492807
-60.710175
-52.002468
-50.155942
-43.855576
-33.599563
-41.743016
-33.450570
-33.388620
-32.175283
-31.993428
-33.590430
-35.946435
-26.114389
-36.564430
-13.809334
-25.928798
-22.775946
-22.214268
-9.233850
-16.462867
-15.657844
-31.708225
-21.358321
-36.982663
-32.933170
-47.840907
-41.796882
-43.216508
-31.064158
-33.227437
-14.152778
-27.064859
-13.345437
-20.953162
-10.566323
-17.058147
-16.708634
-18.188005
-17.971334
-31.239101
-20.495255
-23.331417
-23.607433
-17.880674
-24.626905
-24.727126
-33.789236
-40.870165
-40.951728
-37.123700
-33.238459
-31.063128
-40.359571
-27.858537
-39.107062
-34.072078
-35.632714
-33.442018
-32.273460
-23.306979
-26.587918
-11.745707
-23.709549
-11.799253
-26.308906
-17.339387
-24.196963
-17.186239
-20.762839
-8.085805
-23.960678
-6.030156
-14.231745
-4.110875
-10.217701
-10.001803
-12.137532
-0.459284
-3.345591
-1.841684
-13.649774
-11.112542
-21.506066
-14.449397
-18.611103
-27.599989
-24.769743
-27.371987
-36.253515
-34.403747
-33.639513
-39.992096
-41.095053
-51.570838
-50.286372
-56.282705
-45.180136
-51.524583
-59.267660
-60.690077
-55.520293
-65.616586
-58.967205
-78.004677
-66.080660
-77.045150
-66.673855
-69.082425
-64.488127
-65.437178
-45.592911
-43.192479
-15.012038
-21.818278
2.881260
-3.171547
-2.199505
-14.537315
-12.091881
-22.679453
-14.507380
-20.501575
-7.464980
-18.990543
-14.375949
-10.392690
-12.481597
-8.795445
-5.940393
-8.041858
-7.036780
-3.614262
1.266965
-0.939159
-4.952821
0.360446
-11.796453
-8.247953
-19.344219
-19.919859
-24.022404
-22.880122
-24.205254
-11.269791
-23.374092
-9.022825
-18.041240
-13.170786
-24.193390
-25.533368
-36.096845
-30.911628
-42.693734
-31.839433
-50.473337
-36.946328
-56.335380
-51.762181
-65.321851
-64.112924
-67.579631
-65.848692
-74.968415
-68.900937
-79.062457
-64.247168
-75.255894
-72.472066
-80.333871
-90.863491
-85.973759
-88.194231
-93.562973
-94.228787
-96.821271
-99.795137
-106.350624
-114.082623
-107.289083
-121.969660
-114.408838
-109.389459
-102.079996
-108.559928
-114.708353
-125.825630
-121.001082
-135.950459
-120.024697
-135.920099
-134.262136
-149.172822
-144.737359
-150.980986
-145.448989
-155.983689
-141.184774
-155.324818
-140.083360
-154.603475
-150.056791
-150.737393
-147.647903
-147.092433
-132.229189
-134.808342
-121.070334
-130.862138
-125.190010
-131.833565
-139.671257
-133.641417
-133.999051
-138.121334
-127.206715
-136.947823
-121.960709
-113.654175
-120.246778
-111.958377
-128.365996
-124.791104
-125.955292
-124.477969
-131.287632
-137.105653
-135.988662
-118.349576
-126.916524
-106.860905
-114.519243
-101.213875
-103.181539
-94.216648
-97.381400
-96.381970
-106.916006
-88.980660
-109.178885
-102.990853
-118.085902
-111.536281
-108.210927
-103.551283
-104.661320
-97.243169
-115.321055
-97.250613
-110.681824
-99.525796
-105.260445
-108.822304
-107.542785
-106.247124
-113.346687
-108.612486
-121.699397
-113.909602
-116.898135
-112.093396
-103.649522
-109.154502
-98.622070
-102.228569
-94.848720
-90.391335
-94.222767
-98.691561
-99.243824
-115.743302
-102.237696
-116.181573
-106.085136
-108.240230
-101.821019
-99.261396
-96.284629
-113.227101
-103.140691
-123.119364
-102.780573
-115.811338
-111.955503
-104.836821
-92.708666
-94.347721
-79.341541
-84.740073
-61.278428
-68.641722
-48.387897
-49.432310
-41.000425
-45.594683
-49.715937
-51.774570
-36.442904
-36.589288
-29.331479
-32.605724
-23.773091
-20.983933
-26.969603
-24.294944
-31.257149
-37.421148
-41.996748
-41.976398
-38.595399
-30.472870
-27.593999
-18.577152
-37.031011
-26.915285
-32.823350
-32.873074
-37.289462
-28.715522
-39.268201
-18.768805
-30.390085
-10.165439
-23.373783
-11.059926
-17.217267
-14.554023
-21.357409
-8.159393
-18.841585
-5.708475
-14.342757
-9.529255
-23.659693
-11.639104
-8.771732
-2.752600
-6.235284
-6.903599
-10.518830
-0.738482
-6.534082
-1.702877
-4.038455
-8.806291
-11.302293
-12.146134
-4.736553
-5.962367
-6.415371
-2.096109
1.320150
-19.888682
-14.820267
-15.988795
-3.204629
-10.590206
2.158336
-3.039688
9.808458
2.403445
14.931126
10.622521
17.960872
7.446358
17.259498
7.139855
15.485235
2.996786
13.133833
5.817449
17.373691
10.017292
26.017770
18.244169
31.689966
26.764200
20.655228
4.374828
-0.522889
-9.755504
-4.276147
-12.207942
-10.222123
-11.180156
-11.701920
-15.680558
-17.688506
-22.412809
-23.006316
-26.965894
-34.711984
-40.836401
-46.994843
-42.362522
-53.060788
-42.640334
-48.799164
-48.190241
-50.994657
-47.490748
-51.798926
-37.420614
-53.168070
-42.371440
-61.018726
-59.562828
-68.914554
-58.855468
-65.333835
-53.613851
-59.022122
-41.559148
-59.490900
-39.966148
-42.761169
-34.121096
-38.168625
-30.903153
-37.642917
-34.444167
-52.924292
-48.698013
-51.885542
-43.907560
-39.264371
-39.988417
-32.530782
-24.766599
-29.069969
-23.571037
-33.955028
-31.331601
-25.081679
-20.929433
-11.441719
-25.473496
-19.367717
-23.301843
-18.625670
-19.356481
-10.033063
-10.636213
4.645281
-1.812608
19.561358
12.320216
23.235061
19.216300
29.542198
26.406884
33.792731
16.792224
29.307980
11.177439
28.474257
21.608957
34.066574
33.427149
37.798387
37.249222
44.499353
26.040627
28.037888
7.698575
15.085551
16.906505
15.632287
15.951313
22.008699
16.030397
20.471578
15.472639
14.391783
11.787667
8.343034
10.694051
7.296305
15.247837
14.639361
13.155322
16.268185
24.458826
22.655385
29.200120
12.234501
22.550640
14.145535
27.917846
22.727092
24.447197
19.173643
31.598723
18.939669
33.779717
20.430108
31.287377
19.142915
20.240249
13.389056
15.258413
3.144227
16.329524
4.138370
19.856968
14.526848
18.179151
18.836710
16.257921
22.977026
27.898002
21.172766
33.355921
27.436975
28.684851
24.821730
20.309838
19.335332
6.029110
13.263556
13.288056
16.723042
23.311187
27.788827
23.352504
39.411972
28.377887
35.199241
24.881965
25.993542
19.877271
24.727409
17.418635
33.632969
19.235167
34.849768
23.060274
39.695335
31.023056
37.965083
27.118632
32.205765
22.090838
34.987234
19.056544
20.856287
12.056973
22.362750
33.196137
46.743229
46.942763
50.571483
42.784913
45.503853
32.191775
37.283463
33.148614
23.692038
25.287612
22.497895
18.231737
14.651956
10.566668
-1.712229
-1.866645
-17.640264
-16.936898
-36.273060
-30.709030
-38.139299
-44.264508
-48.597571
-40.242695
-57.157978
-40.940036
-53.281263
-45.612703
-50.559377
-41.792653
-54.553513
-50.867320
-64.037121
-57.674013
-69.784282
-48.681536
-54.222260
-47.401876
-50.084882
-39.625491
-49.308459
-40.542380
-52.427191
-49.056738
-54.514616
-35.068516
-31.251103
-32.318236
-30.980079
-34.133843
-30.020280
-26.914153
-34.747759
-27.382480
-25.302875
-33.965724
-26.525561
-27.333647
-12.232923
-17.360030
-18.030768
-27.501802
-32.642782
-37.311542
-29.985115
-36.717507
-29.067069
-38.160653
-18.274097
-21.821214
-13.175651
-16.173521
-6.284155
-17.278211
-11.614572
-19.094427
6.785433
-7.312051
2.939402
-0.378670
2.667872
0.402856
15.506561
12.727300
22.572310
12.315230
19.947596
3.752500
3.559835
4.537542
-0.553434
-4.879660
-4.595501
-5.582447
-3.157433
-2.963422
4.101647
5.465175
2.958936
7.576234
-5.682824
-6.089955
-8.141883
-4.843082
-7.280557
-6.051701
-13.305758
-4.958149
-21.708731
-5.139035
-20.548641
-14.183523
-28.051374
-24.513101
-28.138124
-12.251788
-12.406652
3.518097
-12.787270
0.592759
-10.895433
-0.978478
-4.268704
-5.613649
-15.680073
-14.798713
-22.005900
-0.036286
-7.111177
8.836968
14.172749
21.612241
20.638424
17.361408
18.618674
15.956115
-3.095772
-0.861277
-10.361912
-12.941575
-1.319308
-6.184914
7.151222
5.900874
10.462740
10.331796
4.901690
-7.542390
0.236157
-14.414483
-1.586862
-13.535279
-5.414463
-21.715803
-25.135261
-29.539210
-15.051832
-14.440012
2.599918
-13.590329
3.950984
-13.855177
-0.274707
-1.884341
-0.032318
-6.488193
-3.080359
-18.224536
0.291537
-12.020789
-3.556012
-12.302085
-16.399064
-14.238613
-18.779818
-16.228536
-10.294611
-20.300004
-16.175595
-29.543263
-26.474074
-29.919719
-41.607219
-33.764997
-34.799304
-27.025004
-25.333786
-29.799076
-29.359788
-28.800047
-39.107344
-29.849559
-52.671895
-50.146439
-66.385824
-61.242813
-62.597725
-59.325836
-66.604080
-50.880150
-58.098201
-45.706977
-67.835333
-56.595381
-68.332869
-63.675872
-62.420499
-54.770516
-59.012578
-40.636833
-53.672723
-41.530838
-59.336973
-53.487277
-54.302653
-53.319817
-52.782327
-47.987515
-57.457249
-50.923335
-55.241171
-41.969861
-30.748331
-40.578461
-31.619207
-30.135218
-31.899337
-47.160937
-41.081675
-35.368833
-34.379558
-36.700777
-25.222947
-45.655377
-34.941986
-41.305660
-35.035577
-44.929577
-45.210193
-48.609217
-41.306333
-52.699130
-39.087051
-58.500850
-39.626953
-46.153981
-39.554013
-45.319144
-46.758397
-58.427621
-50.529230
-68.592652
-46.506829
-55.809525
-50.561326
-57.282982
-47.984241
-42.466994
-35.948925
-40.160667
-36.642390
-50.194865
-36.043672
-30.633631
-24.902257
-20.877495
-16.853231
-13.341904
-9.604060
-10.607071
-11.285504
-7.657787
-11.683072
-1.636393
-10.003567
4.680790
0.031974
13.738924
7.508434
4.567120
-9.446013
-1.226734
-15.969555
-10.526873
-22.695459
-5.836799
-12.020876
-2.324575
-7.796728
-8.840660
-10.955815
1.516011
-10.707804
-4.440015
-18.160315
-10.525359
-11.495038
-2.637047
-11.574559
0.797467
5.519361
15.891213
6.332683
14.114840
13.737933
19.316295
23.889777
29.733831
32.622331
26.841733
24.196911
24.010486
20.274932
17.781869
25.952396
18.110784
23.442210
19.684403
18.038637
6.640369
17.033492
15.379262
33.678161
24.826300
35.757935
20.244856
32.806868
19.190567
24.605926
15.572269
15.132286
3.373975
16.109438
-2.885014
0.685218
-16.204332
-12.956042
-22.636876
-22.042544
-28.284254
-22.462281
-32.196746
-15.918109
-32.132512
-28.089922
-29.909447
-33.874322
-32.923475
-36.191892
-40.068173
-38.656639
-39.718763
-43.286036
-49.310521
-44.256489
-37.093956
-45.461981
-39.318532
-45.583971
-41.204408
-49.463192
-57.700806
-68.470434
-58.417098
-66.389979
-51.964315
-63.481880
-54.073492
-63.590373
-59.763679
-63.033203
-58.411270
-68.534307
-54.125184
-62.240388
-48.124885
-64.020817
-58.946585
-64.405033
-54.956452
-50.782818
-40.393197
-49.632728
-39.837268
-48.765791
-43.659418
-56.514637
-59.541756
-52.116788
-40.626090
-37.738180
-27.876869
-29.223329
-16.338238
-21.858079
-17.719535
-8.712466
-17.435835
-6.806885
-8.727458
-9.448826
-11.173970
-12.061814
-14.918452
-16.094473
-25.271665
-6.043881
-18.794873
-3.440848
-7.613969
-10.139192
-10.417908
1.715561
-6.349892
5.952231
-5.276766
7.137979
-10.432602
-3.200147
-9.264610
-6.619003
-10.297413
-2.381972
-13.012913
2.976886
-12.033587
2.283022
-7.817164
-17.687783
-24.223241
-28.943347
-35.871362
-30.814413
-36.861263
-28.499229
-34.474577
-27.085124
-22.975903
-27.840588
-14.731656
-18.729295
-20.458005
-24.810775
-31.722465
-40.814259
-44.234297
-52.254786
-40.322223
-56.091790
-43.998299
-53.592949
-49.318503
-51.770094
-44.457700
-57.210836
-49.720149
-66.799534
-39.808667
-34.046825
-20.454500
-16.886068
-12.591947
-31.290180
-41.367604
-63.234683
-44.773377
-57.985852
-47.308648
-48.889737
-47.834466
-47.125182
-48.768701
-55.093552
-45.200890
-48.141753
-36.086115
-39.715428
-37.085216
-34.125762
-39.578290
-34.088674
-33.842726
-29.374516
-28.571285
-29.843333
-40.823215
-36.544787
-42.515742
-33.368979
-38.376601
-24.151857
-27.479942
-23.665630
-25.676697
-24.870001
-47.370391
-29.213282
-42.527437
-25.596349
-31.920458
-25.306350
-30.816742
-30.392780
-45.769302
-37.792874
-45.652415
-35.494661
-44.391858
-37.830791
-42.498154
-32.013454
-32.767831
-22.296290
-22.951750
-8.096264
-21.225954
-21.569228
-26.233325
-16.861318
-7.992585
0.577220
-4.850128
-19.161879
-24.526688
-26.632052
-35.589103
-48.105388
-43.155674
-45.947845
-37.372205
-40.573714
-38.613999
-37.644502
-34.351969
-40.562025
-30.475009
-44.114779
-35.229070
-51.465091
-51.489232
-67.044110
-63.546794
-76.820123
-70.817330
-82.826364
-67.989268
-73.727707
-55.117630
-66.751044
-64.401222
-68.051819
-65.105420
-72.090480
-65.690002
-84.280732
-78.079049
-83.847961
-73.736095
-76.915061
-81.159786
-74.993623
-70.757359
-75.850335
-67.293187
-73.127395
-70.507697
-68.291226
-74.283324
-57.620459
-54.805870
-48.200096
-49.744295
-52.763663
-57.210806
-53.777439
-58.253791
-42.189733
-53.573902
-37.383656
-46.466333
-37.470782
-36.792407
-32.376376
-35.923657
-22.696790
-34.413487
-16.009527
-23.208620
-5.638246
-9.216000
-2.551614
-0.112368
4.323073
-7.606589
3.705387
-14.915914
-8.262355
-22.697223
-15.936166
-19.371750
-17.317139
-14.128458
-15.973075
-23.396387
-17.743665
-24.095666
-19.853488
-22.342265
-20.695159
-23.631161
-40.221721
-36.493415
-49.157972
-48.107085
-45.543518
-38.771614
-43.812917
-42.208556
-56.564104
-42.020136
-49.450660
-40.726671
-54.704342
-46.429188
-50.284760
-49.435570
-62.076742
-51.893898
-74.881893
-57.589449
-71.041777
-57.496206
-60.137989
-55.706223
-59.075949
-59.697319
-77.881579
-75.182163
-92.873495
-85.639523
-91.637772
-79.302672
-72.684348
-64.106696
-63.368986
-53.300388
-54.397181
-43.045817
-47.907548
-40.073600
-37.533377
-40.678638
-25.416977
-32.567839
-24.557240
-23.800059
-28.124859
-33.151466
-30.428709
-33.470359
-25.433579
-28.032197
-16.628272
-35.100387
-28.838466
-44.980866
-45.879672
-52.472510
-56.058896
-78.056414
-60.635279
-76.918017
-69.420728
-80.063784
-72.540520
-77.754233
-69.586355
-79.126042
-73.590910
-88.072547
-74.497075
-94.783272
-85.506060
-88.682555
-84.312156
-72.001925
-70.894702
-63.583656
-54.724479
-66.631427
-51.993877
-58.606144
-60.080578
-59.959957
-77.057271
-74.275433
-75.882480
-72.922485
-71.591528
-73.712720
-73.768220
-61.946877
-80.284312
-70.133246
-71.828506
-47.672960
-48.080872
-45.792562
-39.401666
-29.069065
-47.081565
-36.619997
-56.119279
-36.907288
-48.641078
-42.354223
-47.043545
-47.617092
-53.783472
-44.226934
-56.771793
-41.787431
-53.763694
-36.015149
-36.699605
-34.446253
-27.592004
-26.107783
-28.292436
-15.843967
-27.577412
-17.592030
-23.764304
-25.362147
-22.755925
-39.814973
-53.729048
-60.937053
-64.334779
-72.822112
-79.424003
-78.261010
-71.819770
-79.834008
-72.432160
-88.247203
-78.858218
-84.391814
-85.164534
-88.626931
-87.421029
-90.410282
-77.259463
-91.481656
-66.187478
-78.724242
-69.384587
-63.900745
-52.534877
-58.946460
-63.600425
-81.553520
-67.747170
-84.818091
-74.641352
-90.143019
-87.232963
-89.541083
-90.300341
-92.002548
-85.720482
-103.720248
-98.759919
-107.543511
-106.440282
-102.052551
-94.357441
-89.358597
-93.845237
-94.501183
-97.299173
-101.680518
-95.582875
-88.181904
-93.695553
-83.215026
-96.819799
-85.577027
-94.934498
-86.319196
-82.259234
-73.201481
-77.397346
-69.308383
-79.644076
-68.125706
-93.579908
-81.705194
-87.125948
-83.520025
-90.954421
-82.000836
-99.928740
-83.824167
-87.287867
-74.845633
-89.503057
-80.066858
-85.834905
-78.412557
-80.707481
-78.000782
-89.682698
-87.679195
-99.923494
-97.672478
-98.917369
-100.314822
-94.193584
-96.332356
-97.457746
-88.220761
-85.043353
-73.953930
-63.149050
-70.423546
-61.548750
-71.674361
-65.727053
-69.957869
-69.243249
-67.832385
-59.600448
-66.520860
-58.823085
-73.835732
-66.904981
-83.191593
-70.432384
-75.660526
-71.624065
-79.431886
-75.952717
-96.729434
-93.998906
-94.424348
-69.007210
-81.444814
-70.880030
-69.837753
-61.278510
-63.691281
-55.345249
-63.534529
-59.334916
-72.266761
-74.188167
-75.652675
-72.126792
-68.738623
-65.707407
-66.624198
-64.490158
-63.675065
-52.015182
-42.871185
-50.341910
-50.896615
-59.718753
-51.810862
-59.565512
-55.578667
-61.428308
-55.890358
-58.750837
-49.554958
-63.304710
-52.148545
-57.206299
-41.941054
-40.635430
-27.480126
-38.021159
-28.476799
-44.204988
-37.816130
-49.093222
-40.724571
-55.359155
-49.610633
-60.649924
-61.419223
-68.412998
-62.378177
-69.057931
-56.961241
-67.686967
-65.352494
-65.873996
-65.590578
-69.593653
-65.240103
-71.039448
-73.150598
-81.211701
-79.034629
-73.221645
-70.190473
-64.069075
-63.972959
-55.593057
-66.731378
-63.355501
-69.279693
-79.019631
-94.193201
-92.165215
-102.611373
-93.128529
-103.016368
-105.459890
-123.474911
-131.568191
-148.521977
-143.194918
-162.469376
-147.418692
-151.681959
-140.595607
-149.449668
-133.043275
-132.303967
-124.757667
-133.732153
-118.870700
-126.660539
-114.825810
-128.708892
-126.108320
-141.940814
-141.191041
-130.702225
-119.180681
-112.864027
-95.663830
-100.851750
-95.255249
-99.051503
-104.264402
-102.034371
-108.456178
-108.442515
-115.594427
-123.728813
-124.482759
-115.533566
-123.049131
-116.307074
-126.457109
-113.802957
-120.730652
-109.215455
-118.534201
-120.243634
-128.868118
-128.773923
-144.333792
-130.060272
-137.227606
-118.774294
-131.248559
-117.533782
-125.075286
-124.590224
-135.556776
-128.414882
-140.678955
-126.940647
-141.460543
-134.434365
-134.637867
-127.049827
-130.506841
-127.787263
-132.758438
-127.881908
-148.909633
-144.528127
-144.006725
-151.318432
-155.106302
-154.137925
-145.359082
-149.101901
-150.364259
-146.572846
-149.460381
-148.615442
-133.727064
-143.966793
-129.911543
-140.140491
-124.497609
-116.579337
-105.794530
-101.050139
-89.649471
-98.003271
-87.519787
-100.661963
-88.245423
-101.692482
-91.249996
-98.031620
-105.673822
-120.471684
-107.906789
-121.186223
-103.578141
-116.240410
-112.659266
-118.544608
-128.530107
-147.813580
-142.857752
-138.937780
-126.323247
-136.631986
-121.577235
-109.697007
-102.443223
-93.331046
-98.747904
-96.190108
-98.361272
-103.767963
-85.826125
-95.895671
-105.052406
-96.724631
-106.104325
-91.765383
-92.868462
-77.521042
-75.273015
-75.717601
-78.437145
-78.797470
-94.425831
-79.200141
-95.579409
-85.868847
-93.152589
-83.821520
-81.849222
-73.615494
-77.280060
-61.665647
-73.052198
-54.184688
-70.356396
-54.191616
-62.192344
-55.016477
-55.621411
-45.975307
-47.288384
-41.297342
-48.209299
-35.600920
-37.852998
-35.360775
-35.610814
-32.493485
-25.864573
-23.257255
-29.645096
-23.247275
-22.247570
-25.720929
-23.993172
-32.805943
-21.883467
-32.645227
-25.411593
-36.792933
-41.855529
-40.385351
-30.203274
-43.924557
-34.320959
-48.595858
-39.854873
-53.886678
-55.270977
-69.332903
-61.355840
-70.879929
-51.147188
-57.332714
-38.699871
-50.969847
-35.793852
-44.553565
-50.723983
-54.650868
-59.628815
-74.820383
-60.242798
-70.948437
-55.593508
-52.312705
-48.828802
-43.441946
-39.625613
-37.357144
-28.476281
-16.009156
1.382771
2.817249
9.730626
20.857231
17.881778
28.789596
32.008519
36.660500
41.562524
40.129272
34.571053
40.209421
33.408124
48.681333
41.939204
55.924705
41.514961
49.351586
49.697954
63.340099
58.026704
79.055201
66.366864
87.920730
86.452126
96.552843
89.160384
92.726180
85.775842
92.469140
79.626199
93.805722
83.703998
93.610795
80.376289
78.485728
75.480958
73.372420
62.950662
75.503403
71.001098
79.843691
75.090946
63.299590
62.944094
58.130353
63.784585
57.802232
54.720656
54.316076
52.293606
46.760785
52.821966
40.163785
51.702261
43.275847
45.304537
40.200012
46.782805
38.788537
48.465674
30.035893
42.914052
28.792073
39.568364
32.568640
29.319173
11.479217
14.962151
9.594806
29.669072
19.724513
36.868788
35.064664
41.712896
41.240423
35.834348
25.970372
26.009294
10.585595
15.373122
4.761057
6.142982
0.797100
-1.176213
9.779255
3.552082
-0.789626
-0.431865
-4.416816
1.721134
5.202348
2.492574
6.896177
-8.388662
-7.102294
-11.259994
-1.296936
-1.797299
15.476747
19.809917
39.982340
27.973631
42.859341
34.358906
43.126175
26.878429
31.831167
22.426030
25.076902
11.801418
22.952802
12.159579
33.108759
29.206226
42.840741
39.155229
40.016251
39.233097
40.884422
34.240679
46.282659
38.341969
45.587654
38.686385
39.637484
35.634279
36.137309
36.762331
33.250739
32.420753
38.587002
33.344479
30.625886
35.583635
20.174369
22.055483
11.562821
21.234033
12.990052
18.394206
17.160882
23.646531
16.598632
30.473268
22.530084
49.906812
42.612848
48.001766
41.966122
41.557963
28.927539
35.620277
22.191445
34.199295
26.614177
48.378040
49.004888
57.962902
60.762730
68.803674
60.483912
72.189230
59.215212
70.505042
55.570489
51.571069
53.102732
46.987355
57.547472
63.917558
72.697778
80.577779
67.729395
70.918342
72.866919
68.040781
76.203170
70.900484
77.219602
71.014724
69.619520
66.912030
71.279177
67.685365
82.008394
66.878159
92.060448
78.888940
87.316038
78.413708
80.594115
81.825406
83.103933
72.636031
91.741357
76.076372
89.773105
83.372347
96.837126
94.597711
102.503982
106.743884
113.695829
109.063618
127.450457
114.984982
125.420293
118.308979
117.371413
119.559467
111.430314
106.378728
104.532618
96.417371
99.834206
95.772470
95.553709
104.346902
96.797573
109.114117
97.148555
98.400707
90.480726
86.304966
85.846787
95.568934
83.602409
96.209002
80.858474
101.716514
91.780447
95.767185
102.934469
119.698083
112.194769
122.519732
101.083397
114.838394
94.881799
102.190494
101.905814
107.243774
108.733271
115.887874
103.664566
118.299174
106.300381
122.160939
114.252141
112.903284
113.138833
112.768913
121.166441
128.350999
120.912177
129.333742
115.809590
121.851933
127.175401
116.590342
123.763883
116.985716
119.118373
120.304478
122.370139
123.673375
126.128911
111.987826
120.939591
106.206190
115.550480
103.754983
117.461609
116.255910
120.471538
116.779762
124.690795
106.059245
125.895541
109.651197
118.977692
105.948951
108.787842
111.515381
113.251697
105.025235
120.594171
106.272452
116.569085
107.625782
115.421351
115.706137
106.727365
105.778592
109.963590
103.792954
112.782761
99.411987
100.980551
109.073675
100.063301
109.240095
105.503469
111.765266
109.811299
113.984061
118.241809
128.404115
133.825466
151.154026
142.887868
162.351026
155.051189
157.592145
151.684802
152.799214
157.059856
175.015368
155.410401
167.209308
151.540362
163.491657
152.371807
147.137230
136.532007
144.819662
142.231540
153.840524
146.944174
170.501366
160.482021
163.026631
155.151527
144.822172
146.918046
146.445120
132.941565
140.911332
137.274699
153.283697
157.486178
147.561657
156.379466
155.915554
159.867950
162.103590
161.538215
162.475079
169.409886
159.843858
167.012521
154.777676
166.534452
156.841130
166.014951
157.303383
163.960950
157.170485
171.345486
164.860765
183.590626
169.273591
183.787821
174.492761
190.175304
190.974806
199.181572
193.094199
206.383572
200.778527
214.241140
195.537289
204.007833
201.965984
205.507764
206.148974
216.870400
212.131419
217.692690
212.708468
222.317716
221.117434
212.628673
214.292727
217.757358
220.396640
212.558670
214.402505
221.517793
213.104475
209.143582
225.437359
219.325021
230.136452
222.079454
225.910838
225.921670
233.364492
236.249605
249.958217
238.016817
250.154745
230.886379
245.417797
233.876436
237.213137
230.665662
234.831346
235.899840
259.823666
251.311801
274.320210
260.562653
262.431205
254.519246
259.491844
248.773481
238.323584
220.399489
222.792462
224.396485
238.905805
235.806757
245.757281
258.868817
265.702816
277.578187
271.516124
263.428602
269.994557
267.580007
249.601152
243.965636
232.492085
250.922173
249.794541
257.741680
260.147605
263.845318
263.368186
285.368751
281.721055
286.506397
264.151163
277.645552
266.771455
274.267830
264.625350
268.088805
261.518096
269.526291
258.067202
271.076421
254.891405
272.366820
266.875415
266.376646
264.859360
266.417499
255.727213
265.701050
261.495236
276.838222
273.040023
280.122857
279.212282
273.789275
274.066954
276.442130
280.157971
287.853154
285.527759
278.258844
279.399130
277.321169
285.126383
264.243152
261.304948
255.252936
255.762092
250.839855
257.309547
246.382570
256.827315
246.862044
260.442831
252.945310
256.696428
246.382854
243.014392
228.491277
236.263622
214.883146
226.476420
218.396568
230.659125
234.526873
247.967143
251.120112
259.536360
247.840557
255.298548
240.187184
242.231653
234.214034
243.721454
236.449738
238.596575
239.485549
243.079125
241.808883
242.591619
249.326329
246.199861
248.490483
248.924532
260.750548
252.090116
256.041489
255.024938
259.421163
260.508458
263.343596
262.371450
277.147618
271.779191
289.434263
278.086107
285.573270
270.026206
273.225336
257.933138
264.636655
257.579150
266.394790
258.213846
271.870095
271.823143
285.191574
276.584246
282.218348
274.323555
285.864393
274.793977
278.209091
266.806447
274.588369
275.609920
285.100293
281.590283
284.610393
284.461632
289.357266
280.550615
274.590585
270.149315
269.536479
267.799449
258.842135
256.167433
252.820433
257.340034
253.917024
265.295657
268.101327
286.489431
285.668552
301.946312
288.225404
303.318068
288.084895
294.311040
286.289943
291.737171
283.109638
292.942146
281.531350
292.500814
280.771463
290.855092
273.124882
281.339628
271.538831
273.614239
253.658978
257.522863
254.839914
261.151028
262.437985
272.107413
268.998345
276.884242
268.700324
264.748388
252.587816
254.796919
266.557087
263.105425
264.561752
263.146136
256.328820
252.871754
257.671477
255.274841
261.667332
255.040523
263.923547
256.569131
266.831185
261.040406
261.297807
253.152936
259.531652
244.547516
249.914870
243.117639
254.311579
236.864579
239.585533
229.281032
239.183329
226.987525
230.145453
217.005772
221.179637
212.383256
222.906178
212.412949
220.643282
212.300026
213.469052
206.217835
212.197004
207.616778
219.254505
218.258778
220.588370
210.198367
200.030455
198.157889
184.499318
185.018067
199.634309
200.338053
192.017983
189.030783
181.060041
191.332682
182.916814
186.079511
168.715822
171.624630
164.800025
164.551891
163.166250
169.479481
163.138539
184.053142
175.308375
193.825726
187.912175
198.706683
188.728115
192.256182
181.282652
194.025669
184.127899
190.992545
179.181955
184.848091
177.805334
184.250815
180.231367
189.123698
180.966968
183.797714
178.019189
179.914285
167.290642
160.182282
157.228629
155.112901
155.764057
156.513781
149.609405
146.753824
153.905309
147.411738
152.140459
145.735177
154.549548
144.705657
138.054066
124.751176
120.979117
110.466181
120.052783
109.875874
125.176392
114.985110
126.232592
118.823407
128.836518
126.174152
130.977390
122.227224
141.710035
123.186516
134.830282
117.305957
119.534558
114.879204
128.675819
129.224026
137.116886
129.143691
137.692241
130.748209
143.149087
142.794200
154.889273
162.350117
158.007045
147.687456
141.616568
132.013406
133.139117
132.078164
131.737661
137.410583
129.333000
139.150214
146.663268
166.327628
162.803570
168.880882
167.323741
168.563281
154.590604
169.168938
156.667489
167.467672
156.317836
167.802892
162.232264
169.009473
168.809185
178.721961
158.036000
168.656889
146.437850
153.619821
154.459701
157.361753
150.130780
157.347736
150.360912
164.867125
159.564032
170.898035
160.376841
156.228567
146.185508
136.978955
125.738719
121.664922
118.970361
121.571965
115.292325
114.788419
120.229787
110.857148
128.789136
122.954950
121.708600
121.277026
124.322903
122.627987
133.427305
124.439160
137.221776
126.215887
144.073692
135.836994
136.644625
133.683209
131.387129
115.698350
117.560212
103.238749
127.082337
116.872669
133.469035
124.996594
120.508359
122.629727
138.438683
130.944131
136.694292
120.555493
135.285164
125.991462
121.741170
122.606214
124.873114
127.776066
138.810257
129.039481
143.087800
135.721191
139.424806
141.380345
125.064782
140.107556
130.979646
129.897755
133.104615
139.844359
145.725964
148.905089
138.496437
152.580891
141.073040
139.308364
121.374280
122.082277
119.975846
125.805097
115.203474
126.301367
112.670696
133.321227
120.426086
131.737969
117.969586
123.355812
126.837425
139.745636
129.252153
141.122898
123.740414
133.035663
117.636246
112.998447
113.700417
114.478493
117.579541
130.135807
117.682171
124.156993
117.350437
118.291969
122.003617
111.028637
114.297721
105.968270
101.376654
98.693598
93.888607
94.050344
88.941314
77.931348
89.101609
73.693656
84.007665
77.206403
76.116558
74.980091
68.541121
63.239471
77.787161
63.409012
84.785356
70.681417
81.399835
75.822096
79.481775
67.659714
68.572109
52.550379
62.140950
40.805716
49.873492
33.452193
34.919268
38.686730
49.930817
51.924482
51.914951
42.036083
48.166166
37.056386
44.653307
52.484342
50.113704
46.953872
37.247482
44.856806
55.817784
60.074647
68.116145
71.580501
77.186218
94.904916
79.887349
86.535647
71.252975
69.804642
68.716086
74.802686
63.892357
76.007526
63.380413
82.018091
69.948439
79.816897
75.118225
74.505118
63.274288
68.923431
55.699054
74.850414
58.697693
79.601201
74.812180
72.926916
66.771396
71.618078
71.844689
79.221182
72.492297
89.286155
82.193735
93.522560
86.334331
80.107443
92.237029
90.433064
86.514018
90.104380
90.881976
89.307921
91.450198
73.970455
77.741397
72.805126
83.120684
69.901966
61.093504
54.757230
61.918141
61.666129
72.544371
55.180868
71.827125
55.754438
71.423629
68.236876
68.995557
61.646501
64.262537
59.270683
79.096983
66.202756
80.754171
69.673723
74.214406
68.511060
74.462903
68.848537
80.041604
69.752343
79.275212
78.815415
92.454264
104.869347
107.877513
110.191212
109.048844
106.282270
112.124467
107.660599
107.427275
106.689482
104.743234
109.390928
105.185849
112.961944
111.345467
117.980855
116.133416
109.677435
103.171514
112.342123
99.967867
109.009070
81.199675
76.296645
57.734671
56.651953
55.592834
74.893152
68.042798
87.425599
76.496553
99.877444
95.876660
105.002112
99.065218
89.731142
81.808119
89.681742
78.491871
93.965491
85.528424
93.569357
85.365994
86.555235
90.203508
92.912417
86.320865
92.814409
85.081632
85.638109
79.933883
80.088660
90.224122
77.381391
82.289430
80.753258
83.479903
96.890098
109.326799
97.922688
108.727327
92.199571
104.781849
88.484620
101.569344
98.723077
104.113498
99.863105
111.315127
101.629386
121.891498
100.705257
105.449049
97.573199
101.910866
91.619849
93.229142
81.151423
81.339167
69.117086
86.923897
72.850591
80.773322
77.984114
79.761481
76.224042
78.471756
75.302556
84.378985
73.199990
79.717556
84.959700
78.061623
79.469233
75.199639
82.832389
84.557969
88.135396
94.150805
98.309934
96.709440
109.299735
100.095105
117.612091
109.131234
120.121154
114.389321
120.166155
109.453190
117.745150
104.708924
118.039300
104.474146
116.377259
111.218499
121.624024
118.059719
129.691574
124.430354
142.827259
128.064677
133.332374
125.065661
134.494817
137.996197
146.386776
142.752324
152.673178
144.228995
149.790955
142.218208
137.246453
131.119353
123.968777
117.009719
115.955541
113.565286
112.901186
119.072445
126.732068
130.917398
124.056916
135.607123
123.505250
132.703745
127.157375
133.285823
133.122597
142.580427
125.684349
134.666030
119.866355
125.972212
112.342383
121.130139
112.910722
124.117196
127.177212
138.464634
124.286229
129.104463
108.515269
118.088650
103.317445
111.583538
112.228367
124.595452
123.879650
132.521792
126.528918
138.363319
122.557180
114.869328
109.949482
106.650751
104.888198
97.040726
97.226726
98.640451
95.690245
96.136492
96.377568
89.506214
98.244650
92.072387
93.242733
80.832804
78.895474
75.635460
74.191204
69.835193
83.822926
73.916984
85.597634
81.978493
97.411509
90.903317
101.014212
90.874740
95.396358
78.424024
89.716883
67.376690
75.563606
62.048803
64.342984
61.034681
69.512809
70.948264
90.049250
81.511895
96.685908
81.869414
90.546233
85.094864
71.610862
67.741033
56.901718
48.893120
56.513215
58.352686
71.342250
72.974308
63.839030
63.359147
40.737972
35.359397
30.907960
36.099761
34.620774
38.745502
39.663108
49.102554
32.054698
42.863456
36.078789
41.147212
29.808286
31.118753
25.116258
31.449152
21.157041
40.368820
28.859847
37.071472
28.204352
50.115252
53.220493
66.377625
66.077810
78.449648
68.265073
80.252731
70.055344
82.872751
77.264049
80.259990
77.734789
81.368502
81.626398
89.311575
82.894964
88.614684
85.985528
77.015057
75.480298
66.729056
74.658922
73.290942
77.227423
76.554474
73.623895
70.425402
81.942138
78.306594
99.518222
91.888806
104.380542
90.397181
102.253723
101.926997
108.337312
99.289452
114.531484
97.427345
109.760849
105.797501
112.452989
104.864572
114.584240
108.465190
115.977706
100.980971
108.934696
91.600038
93.893455
89.358214
90.577228
89.114406
89.949740
75.662117
84.598123
72.732405
76.413769
73.385185
68.563634
75.325751
68.683160
71.224965
72.869268
74.069567
78.471826
92.248660
98.969920
115.467825
107.231779
118.850894
114.330388
123.732961
124.381834
119.789640
106.113876
112.471016
102.776787
123.099002
109.930173
129.139209
116.393108
128.449924
124.238944
119.427668
106.372557
111.703790
90.157553
96.399355
86.302472
98.728305
101.693041
107.361137
106.396625
111.721232
107.380367
118.451415
111.750917
127.671414
123.749921
121.097912
122.944988
114.579589
115.545555
103.436266
103.360399
105.111258
104.280034
103.858415
113.968684
108.914430
107.260832
94.266362
106.224699
95.056810
87.458198
75.272781
77.511702
62.615720
74.105958
64.797151
85.429749
79.207523
94.046307
85.856779
92.643967
88.476177
102.148713
91.235141
106.531726
95.822169
109.435001
105.119577
103.836993
101.995937
113.386787
115.314097
125.499200
114.100058
127.174832
122.427915
121.515161
124.795056
119.747585
123.016827
119.117259
107.652386
107.538613
110.337463
112.869676
120.614935
116.823007
127.102306
119.704603
125.664877
120.243367
123.359800
113.419128
114.415346
100.996067
105.453594
83.982127
101.534304
88.513803
91.637127
79.172672
80.658751
77.402602
86.151035
69.666802
85.256288
70.942700
83.145574
72.460886
73.808376
65.077321
57.121292
47.674657
53.625004
31.320406
39.147787
40.306690
49.729578
51.145162
50.655630
54.439464
47.315236
46.331312
41.883827
33.010324
36.314683
36.977013
31.282180
32.859886
23.508661
31.977906
22.717370
22.255592
17.341784
24.819205
30.310879
37.237944
18.659181
36.256172
28.897747
41.926832
40.145664
51.634645
47.335379
54.821681
45.533606
64.254903
54.928975
66.454442
53.778500
58.942548
46.300846
47.812384
45.226469
61.355999
58.279329
77.897819
75.593177
85.776759
86.654668
86.542985
78.468724
70.849611
71.038291
71.533944
62.772793
71.883240
78.816460
79.504221
94.566855
89.591506
102.166924
93.547224
95.115195
93.022555
84.947712
76.527877
81.103378
68.315391
77.545392
61.967624
79.218241
82.632450
92.025810
86.272187
94.186184
83.871172
96.379462
78.069861
93.388077
82.207385
79.621759
64.752890
66.273868
65.995316
68.551196
62.053792
78.705206
64.494795
67.978783
62.851617
67.122321
71.198287
71.570549
66.695151
72.905337
74.339997
86.428780
79.748232
85.281253
88.122364
82.524970
84.974317
66.061824
67.675862
63.712097
64.100006
56.961802
55.861211
36.981933
42.951698
29.972024
42.865558
39.517016
49.442251
48.869437
58.356273
55.693452
65.246769
49.814023
70.707605
55.690458
66.253470
60.231741
61.440785
60.699406
71.620977
64.044305
83.646892
73.808926
82.799073
74.977893
79.311348
77.117867
82.560567
79.998240
81.057993
77.673081
82.036651
66.856869
71.840343
76.995270
68.545977
79.493398
77.808756
79.747450
85.847800
82.745300
75.167507
78.398952
69.016218
83.193337
63.674556
75.272304
54.610625
54.355824
44.484679
38.722156
24.769770
37.410594
24.220320
34.919600
14.537437
21.267833
12.988814
18.466186
2.634566
6.161613
2.171129
15.562550
1.332689
15.552922
8.749082
13.451544
9.069485
12.084323
13.053759
11.252563
-0.687536
5.295145
-3.101390
-0.230860
-7.558001
-7.707760
2.354522
-7.855912
-5.030097
-8.301227
-6.451772
-4.507954
-2.802780
-2.505804
5.733433
-11.228495
2.021618
-13.672847
-8.070403
-15.096978
-7.644551
-9.867898
-0.985243
-3.884483
10.085421
-10.285517
-1.231300
-13.947197
-18.996754
-24.127112
-17.320137
-28.451089
-18.530447
-25.949666
-3.625946
-14.562983
-5.456072
-7.639018
-7.831284
-11.727275
-2.357874
3.018826
12.683605
2.967388
10.864489
-0.220153
-5.115784
-6.564225
-16.866948
-12.205918
-12.485049
-14.699173
-9.565259
-12.366730
-15.143620
-7.182398
-13.766688
1.859547
-11.912470
-2.750093
-8.001924
-15.195212
-23.754590
-26.323345
-48.719618
-42.458961
-63.172391
-47.836499
-56.182982
-49.941103
-48.884339
-44.345214
-51.542409
-52.815171
-67.750239
-49.439068
-66.456440
-53.284368
-60.809936
-56.942011
-59.108776
-62.925480
-76.038727
-68.811098
-76.275044
-59.917118
-72.815639
-70.693768
-64.137832
-71.346684
-73.650101
-85.129240
-101.663887
-92.932196
-90.513046
-87.957486
-83.176659
-89.324995
-79.782478
-88.012480
-78.886073
-85.946768
-86.220087
-94.001793
-93.239718
-99.776514
-89.815299
-108.166804
-90.106957
-106.205197
-94.384608
-93.582666
-91.947367
-89.451917
-79.135798
-91.115055
-67.555003
-75.220177
-49.614460
-46.889050
-47.518307
-48.426180
-48.319972
-52.302506
-49.844980
-65.679982
-56.578435
-72.700205
-72.682380
-74.433613
-73.570739
-61.767759
-59.262582
-60.751174
-49.791907
-56.792434
-64.846653
-70.376296
-82.771591
-76.433638
-88.440994
-75.556326
-84.310890
-85.883133
-87.155882
-83.922357
-88.442337
-68.580291
-76.514890
-61.293474
-77.071333
-61.950410
-63.100737
-64.006889
-68.676697
-61.773572
-72.330798
-52.141928
-64.081429
-45.694532
-51.993839
-39.819508
-37.248751
-33.138092
-42.580134
-34.103048
-45.062700
-21.014248
-24.183775
-21.716383
-21.244621
-20.497151
-15.276082
-19.445766
-25.766453
-15.222010
-30.344659
-24.075481
-25.930752
-35.656599
-23.872637
-34.991039
-24.715527
-35.489996
-37.954840
-44.814526
-47.931976
-54.339234
-46.366264
-62.399328
-45.010357
-54.713863
-44.759735
-46.393527
-36.730596
-44.913856
-43.214964
-58.272507
-44.126781
-61.380919
-49.789728
-56.349259
-49.469271
-52.891101
-52.400663
-64.921692
-52.167331
-64.859003
-50.039921
-59.701921
-58.932736
-60.971149
-60.427386
-57.148659
-51.497293
-53.699959
-42.452802
-48.352795
-40.463496
-42.818397
-41.064216
-25.128103
-33.216747
-20.885651
-17.174442
-16.383675
-4.789206
-1.683367
-8.264867
5.206928
-3.298352
10.376447
-8.739419
-3.393663
-14.800017
-20.357790
-29.434770
-18.756116
-22.009731
-2.104059
-24.238839
-5.521477
-18.951437
-5.774020
-4.833143
-12.516416
-19.688715
-17.632326
-32.515643
-16.718970
-43.708309
-35.511196
-47.415276
-50.434432
-49.853546
-53.854004
-61.519988
-49.268921
-54.545290
-43.403939
-50.953439
-57.181327
-56.255896
-60.508741
-46.910746
-52.927224
-57.408000
-59.262102
-63.606054
-63.470004
-56.029127
-52.784829
-31.739403
-43.089029
-22.523276
-22.266875
-25.880079
-23.456583
-15.990742
-23.261246
-0.787712
-12.661973
7.082340
-8.365428
-7.410957
-11.485771
-6.496152
-12.187211
-11.025027
-17.494765
-0.507855
-18.623437
-5.809514
-10.042862
-7.155602
-4.250042
-1.638613
-3.369231
2.240631
-0.689146
14.995628
1.874615
-2.511262
0.059372
-1.454418
4.812497
4.383581
4.488911
12.947321
13.988260
14.922650
20.985038
16.920312
26.442925
4.635754
10.795971
2.761579
3.467842
-3.873788
-9.271443
-27.871786
-23.894169
-41.588001
-26.815908
-45.960968
-34.413475
-25.987315
-18.685790
-26.615139
-16.816824
-28.307659
-13.290385
-35.576199
-29.259062
-32.256118
-27.662512
-28.662200
-22.497400
-21.404352
-7.322853
-20.624501
-13.949374
-24.873949
-25.533787
-29.615203
-45.001351
-41.026292
-46.120705
-39.443719
-35.926222
-40.109836
-39.533263
-44.322292
-50.234475
-37.543345
-55.748498
-43.272016
-48.826284
-44.000591
-36.682673
-29.879937
-26.526509
-8.278684
-25.094763
-5.818366
-23.709822
-20.938280
-34.908756
-47.599852
-55.072036
-39.703028
-43.580340
-28.658986
-48.250864
-31.561121
-36.244926
-25.978259
-28.611837
-29.098346
-31.467682
-21.853239
-34.959101
-28.034618
-40.244414
-34.147949
-43.144736
-52.215997
-50.804970
-57.655060
-58.828324
-56.517911
-67.993893
-58.679879
-52.205948
-61.657368
-60.723759
-69.379042
-56.349137
-67.200722
-65.221817
-60.228052
-66.528131
-78.765747
-71.261995
-89.686181
-65.656282
-68.270443
-45.406708
-45.299699
-43.454443
-45.713664
-38.562621
-54.017401
-35.778345
-49.439590
-37.774661
-55.764367
-52.532358
-49.946129
-46.964543
-58.344684
-47.832679
-55.683395
-51.690780
-78.263630
-82.404920
-77.431474
-77.629709
-72.865370
-77.306336
-74.090717
-54.414146
-49.405802
-32.221973
-30.530582
-35.689372
-22.963147
-30.070264
-24.148362
-34.980960
-35.853961
-39.635858
-36.628225
-49.130945
-41.547129
-52.438134
-31.455819
-45.467786
-33.229887
-35.515328
-34.041850
-36.178941
-29.349208
-38.337400
-21.431137
-45.997142
-44.112793
-56.257915
-48.907481
-60.537305
-60.296819
-64.307786
-51.823038
-66.987706
-60.175838
-76.646274
-60.673045
-62.415568
-62.481369
-60.648115
-68.662206
-65.873480
-56.206675
-65.196322
-56.969020
-54.905139
-52.881909
-43.558178
-50.753648
-42.348796
-51.022451
-55.266933
-59.925641
-65.504138
-70.706649
-57.602861
-69.565394
-51.018904
-66.663893
-56.917771
-57.415634
-49.896054
-48.078240
-39.958278
-49.904016
-28.948645
-41.054865
-27.454843
-40.457429
-32.636748
-42.216849
-45.708120
-57.447625
-50.519966
-64.810789
-46.604692
-58.487617
-48.598674
-55.681292
-61.506616
-61.763276
-59.371717
-68.960034
-57.973566
-65.140450
-59.100782
-64.473973
-72.049064
-61.281309
-67.552028
-60.416971
-72.068243
-75.578276
-73.201526
-77.860957
-88.080252
-82.864880
-92.608863
-70.827674
-78.703779
-67.073407
-70.408210
-67.831694
-69.745207
-53.286252
-56.299771
-41.736842
-56.272144
-54.570959
-67.788731
-55.635800
-59.429537
-61.508359
-66.331558
-60.427210
-73.970786
-59.259472
-72.253665
-56.445456
-64.567389
-65.646983
-62.644296
-64.526736
-68.430537
-60.825631
-55.956304
-40.970029
-53.763725
-53.135292
-45.755386
-56.382641
-53.789096
-56.143187
-54.553583
-51.084485
-57.218300
-55.717988
-43.715587
-53.793530
-41.942216
-57.642477
-48.703501
-56.927193
-49.398999
-54.058526
-54.453953
-62.242202
-47.710797
-59.311981
-40.426091
-47.160495
-31.209480
-36.226291
-30.917935
-42.166112
-30.329985
-36.060516
-21.476115
-37.744192
-22.029424
-35.464850
-40.325865
-45.044610
-43.578853
-41.794311
-43.446352
-53.482829
-41.083217
-39.576347
-27.502551
-26.371700
-30.998785
-25.513146
-27.387117
-35.041654
-35.129281
-43.934340
-42.522326
-40.770667
-52.411901
-40.060516
-45.740398
-35.070938
-37.244300
-25.826732
-22.922269
-15.540009
-25.871467
-15.074184
-26.491564
-15.516049
-33.310467
-21.015531
-20.957375
-4.754775
-8.126442
-4.398106
-14.757720
-0.539802
-17.722012
-4.831563
-11.098077
-1.054731
0.842354
2.926178
-6.628066
1.156428
-8.680409
-1.530217
-6.548671
0.898538
1.710822
-2.767883
-6.741194
-8.675136
-14.435145
-25.239902
-39.533597
-42.544522
-45.649108
-53.983528
-43.410565
-51.474007
-38.938628
-41.297567
-37.004545
-36.839895
-32.326015
-34.407911
-26.520894
-43.129083
-29.917190
-44.438055
-29.828078
-36.394825
-35.474635
-49.461682
-52.395893
-64.008602
-42.166139
-55.769511
-41.471601
-51.207694
-46.040144
-55.207232
-51.218041
-55.922596
-50.565623
-60.493917
-53.076342
-63.788706
-61.206385
-70.237185
-74.226196
-71.258875
-62.373317
-61.969148
-55.740417
-62.363382
-56.155892
-53.707410
-59.185449
-58.250947
-66.008975
-57.380705
-62.815742
-69.830748
-76.725026
-65.940183
-71.999299
-58.146137
-63.252030
-53.098583
-64.983873
-52.065353
-53.872002
-47.367038
-57.912515
-48.988164
-58.324910
-45.934664
-54.294400
-33.508683
-41.338587
-24.598327
-32.838013
-30.231081
-31.428024
-21.760845
-31.734366
-24.439426
-36.531086
-30.079620
-35.684351
-34.382477
-29.977015
-26.763661
-33.450426
-44.687976
-54.655037
-54.898214
-52.800320
-53.835228
-49.149798
-54.701012
-50.929324
-56.468121
-64.801245
-70.838838
-66.353513
-77.467333
-71.202780
-78.003652
-73.251188
-83.747990
-69.926289
-74.466517
-62.629900
-68.329056
-55.651244
-67.882517
-52.622617
-66.598029
-56.565915
-67.424365
-54.389072
-64.309119
-58.080979
-68.738497
-60.699925
-70.786457
-60.396014
-67.747152
-57.228455
-67.006433
-69.133815
-73.318463
-71.946497
-78.762124
-72.270412
-82.297978
-73.331820
-65.335053
-58.038253
-48.879303
-42.930062
-33.470796
-37.588850
-35.514491
-38.530919
-45.869528
-57.406032
-52.960557
-60.351658
-43.676642
-53.826607
-46.851469
-56.153201
-48.975269
-53.005668
-44.391798
-56.674674
-45.738474
-60.698728
-51.041805
-62.902022
-60.182034
-69.107826
-59.015141
-68.071755
-56.941747
-61.395784
-50.546776
-62.252713
-56.027666
-65.999385
-49.950756
-56.866970
-49.986625
-55.894007
-54.599357
-61.125806
-53.067995
-55.273417
-54.486702
-50.598139
-49.273245
-42.416602
-35.741191
-22.354672
-18.951195
-14.732869
-17.042701
-13.388021
-32.336472
-31.289981
-44.502089
-40.584663
-45.088857
-39.477039
-41.879205
-35.177706
-50.093121
-40.972467
-51.571426
-45.069207
-59.547947
-56.151842
-75.141276
-69.230199
-76.121133
-57.871615
-58.811291
-44.126118
-54.644850
-35.067680
-39.517755
-28.461830
-27.977297
-21.510173
-29.751259
-23.030069
-22.591390
-19.118451
-20.618861
-18.862906
-28.096743
-28.644847
-34.701136
-36.030816
-44.746353
-41.213477
-42.879164
-42.045821
-33.969737
-44.707148
-36.985320
-42.165080
-28.412122
-30.425746
-24.313179
-32.522026
-35.977673
-56.670755
-44.592859
-49.016005
-34.128052
-44.512200
-36.273993
-42.389580
-22.862048
-24.044944
-5.181451
-22.200567
-9.047056
-13.958329
-5.191424
-10.923851
-5.215496
-8.671686
-6.338323
-16.232998
-8.929861
-20.506067
-10.551314
-16.935256
-6.265589
4.248071
11.801766
19.474003
26.382810
21.343060
20.881979
16.020917
10.616131
12.803450
7.738257
9.208060
-3.774283
7.359922
9.210429
20.183384
21.179540
24.687806
4.526828
11.164055
-2.938489
4.168908
-12.301875
-5.177387
-16.353977
-16.245190
-21.679139
-17.096632
-30.092932
-12.630885
-22.212821
-15.321016
-30.585507
-26.021278
-37.119562
-25.051522
-31.849467
-25.732017
-32.438087
-15.258391
-23.886779
-17.289326
-14.569521
-15.400975
-23.583808
-10.894555
-5.504962
-0.447855
8.237834
11.925309
23.257703
15.516166
17.830714
11.762227
7.867176
0.235449
1.343816
-8.089870
-8.600801
-16.529040
0.492769
-8.999803
-1.608948
-17.819649
-8.931078
-20.564795
-25.837037
-44.630227
-48.784025
-63.516977
-55.182798
-70.733543
-50.709100
-62.453056
-46.816652
-53.572575
-45.644819
-53.444004
-31.810688
-43.115394
-34.365967
-41.751626
-36.977100
-33.912489
-32.556415
-30.912030
-25.733901
-17.836367
-2.383311
-7.916468
-4.694450
-7.156875
-5.431419
-1.697415
-5.745786
6.228667
8.306176
13.657401
14.675333
20.731637
15.959605
28.068014
15.372037
22.013574
9.205044
13.200559
7.433453
9.912576
7.935918
21.937092
7.351634
25.403668
15.102833
22.082219
7.162047
13.048877
17.338312
21.481467
11.441923
15.907723
3.183336
16.859553
8.357551
14.448625
6.739020
8.016591
7.424626
10.857575
8.424737
22.913656
20.144774
25.330219
21.905611
25.810137
30.904169
18.234445
12.432720
7.990047
4.726330
-2.429868
-9.272777
-13.188613
-4.514638
-10.223425
1.882089
-13.423810
-8.016227
-12.522508
-6.696968
-13.268502
-6.487081
-20.349173
-7.365453
-27.542318
-21.293037
-33.775550
-26.324584
-27.216562
-22.361593
-29.799556
-18.871042
-34.777374
-20.537428
-31.083347
-17.556862
-18.811062
-15.632738
-12.258597
-9.621360
-20.933494
-15.702886
-29.198321
-27.670883
-32.201272
-29.642175
-27.307874
-36.757378
-30.743973
-17.402270
-23.193005
-27.957225
-22.591848
-28.381480
-31.864719
-41.622084
-24.306659
-32.982185
-18.685125
-16.080807
-10.113485
-14.284031
-9.245690
-23.804026
-10.406741
-24.562745
-14.072614
-33.193176
-24.149234
-27.646031
-14.593085
-15.596553
2.266420
-13.907552
-2.897059
-14.593096
0.614940
0.098046
3.569043
1.215863
4.425066
-4.974303
1.918955
-12.189621
-3.823041
-4.330566
-4.883221
-4.388659
-8.625452
-5.854298
-7.853394
-10.831317
-9.504830
-13.501333
-13.681540
-12.436719
-21.417760
-10.243743
-18.356028
-8.364057
-13.490488
-16.898075
-24.269154
-18.445898
-25.533208
-5.899887
-22.219302
-5.926106
-18.521270
-15.138819
-19.128370
-14.728887
-15.606785
-1.539022
-17.614468
3.095973
-7.176004
5.607300
-1.257399
1.923689
3.538580
6.944642
-1.186318
10.147593
-3.397756
5.497132
2.103270
6.830980
11.329145
9.296386
6.855018
10.517216
8.514034
21.215154
13.561010
12.547345
8.406895
-4.066577
14.972093
2.486583
1.852930
-3.995368
1.168357
4.571299
14.740123
10.652919
23.525192
10.906341
27.857955
22.014781
27.396530
23.292282
24.622253
21.462701
35.495638
22.794158
34.028478
16.091488
28.386087
19.873134
21.404543
23.939085
31.549897
28.692942
40.141359
24.126504
33.660951
22.127199
27.109737
28.350225
25.302777
23.823999
30.408430
27.243696
34.056001
17.847546
18.453669
21.127074
14.397760
26.715034
16.608739
20.997027
16.274836
10.416887
3.924060
5.286314
2.360698
15.733042
1.900060
15.631562
1.512348
6.142246
8.026843
13.105990
2.870214
7.054956
-13.151303
9.691982
2.130395
20.079069
10.700895
16.461478
13.340998
10.500044
-2.498637
7.930384
-15.115414
-6.023094
-20.418557
-15.950914
-14.912801
-17.767483
-13.480334
-7.809434
-20.984105
-7.732253
-10.259872
-13.454537
-12.053974
-17.552453
-14.315756
-21.093881
-14.116340
-16.500709
-17.032949
-19.425064
-14.575897
-16.059743
-16.013018
-31.684506
-24.028284
-39.206290
-31.327900
-34.719733
-26.936036
-31.263016
-21.232029
-32.451984
-9.993773
-24.111006
-16.461673
-28.994004
-27.110387
-28.085642
-26.855368
-25.883751
-5.862759
-13.761856
1.819726
-17.735221
-14.312040
-18.925852
-25.612304
-32.096294
-29.393867
-38.509059
-31.829309
-46.926646
-43.083180
-41.280502
-37.035312
-25.052299
-26.713771
-19.789184
-28.361501
-40.885261
-48.032465
-55.609221
-62.812888
-53.210523
-71.439686
-67.777379
-78.202149
-68.692648
-59.193377
-50.042107
-50.768152
-40.898072
-54.289799
-43.895009
-65.960906
-51.571184
-65.290478
-45.389133
-43.353275
-39.421979
-39.753521
-17.056854
-25.817740
-9.250289
-25.349230
-21.136396
-25.649726
-27.682715
-35.696916
-32.097533
-37.654618
-29.464911
-48.630237
-47.363832
-52.306338
-55.752786
-52.153073
-54.002252
-51.744317
-62.303635
-71.189288
-75.133786
-80.536375
-83.506237
-73.996470
-86.752865
-75.926271
-78.246295
-64.441923
-58.289948
-44.924546
-41.319936
-28.180511
-39.118406
-37.986403
-65.492235
-62.667574
-75.968694
-70.279775
-78.480603
-72.578970
-84.482705
-79.413967
-103.326758
-90.388133
-103.862636
-102.080955
-104.968362
-104.599197
-108.590035
-101.942184
-105.839060
-87.773162
-97.888049
-86.584197
-88.911982
-93.035091
-81.947473
-78.558814
-85.372385
-91.071533
-95.702998
-92.611073
-90.951220
-87.023150
-78.192115
-90.612611
-77.866592
-85.587089
-78.157033
-71.423672
-66.319351
-66.380173
-54.122896
-70.192137
-53.508203
-70.565381
-61.996562
-67.550733
-65.254656
-72.668369
-63.283673
-74.016842
-60.141825
-72.400115
-50.464810
-58.914088
-48.423986
-52.988523
-54.475487
-52.703911
-42.170494
-45.520663
-26.246320
-40.111934
-35.320091
-40.794621
-37.402586
-31.580277
-30.105352
-28.952899
-21.793029
-27.228526
-23.256618
-26.945496
-27.407259
-20.873936
-26.101139
-11.984866
-17.496094
-3.679680
4.373273
8.260227
9.958253
21.078211
4.716169
9.347639
-10.845386
-0.930336
-13.177643
-9.898246
-20.313484
-8.881029
-15.033219
-4.357721
-20.027286
-13.991801
-28.313663
-24.286149
-36.150228
-33.802421
-46.168553
-43.587070
-56.240983
-42.963097
-52.337702
-37.513260
-44.054868
-40.390598
-37.206530
-40.571087
-34.309632
-28.069767
-25.962110
-22.838050
-18.834862
-14.161050
-7.556087
-9.247879
-5.165815
-18.107265
-19.236895
-21.945394
-20.704275
-23.172527
-15.273452
-24.424676
-18.276625
-37.160943
-22.288048
-21.977420
-15.409371
-22.199904
-13.516021
-23.176394
-12.766287
-34.580137
-23.076124
-35.957044
-31.015936
-37.586275
-32.081861
-41.183911
-30.334493
-40.624853
-31.644399
-40.255620
-33.860873
-38.585319
-38.705940
-41.901470
-41.558565
-43.180227
-44.014197
-58.635535
-57.488722
-59.734530
-63.235600
-69.306340
-77.573372
-75.113547
-85.225236
-84.499368
-83.660833
-82.005349
-88.996481
-89.947935
-107.634653
-103.079358
-119.221379
-112.793229
-121.289231
-112.948399
-119.277551
-116.763232
-123.463021
-113.112948
-131.706731
-106.551900
-115.263549
-108.186198
-107.784177
-95.619389
-94.431437
-75.252296
-85.030807
-66.612676
-72.258109
-62.707028
-71.739940
-70.318549
-69.893132
-69.090438
-75.885609
-73.229340
-79.447841
-66.976436
-63.216217
-55.375998
-52.962945
-59.305978
-58.520584
-62.211713
-74.183160
-68.518515
-69.429544
-71.781412
-65.571096
-79.555231
-70.405149
-82.872405
-73.957696
-81.563075
-80.114635
-87.054103
-83.424225
-96.847521
-81.939136
-92.353983
-81.521764
-93.629095
-84.375479
-88.514931
-79.724748
-82.184329
-60.089830
-69.922746
-53.601848
-70.117082
-63.518543
-62.479642
-60.800669
-65.552131
-65.466318
-67.020066
-49.618341
-61.998117
-49.203303
-49.235315
-48.222631
-40.237847
-40.754311
-36.566544
-42.202403
-51.100059
-44.406809
-45.799604
-42.044430
-40.142394
-54.517868
-47.468206
-54.899382
-49.030238
-44.245210
-39.824069
-51.323216
-42.912726
-58.851402
-53.566811
-70.144146
-60.694382
-70.562522
-73.303024
-78.803979
-73.026899
-83.753093
-71.769867
-83.519984
-64.705308
-85.041045
-81.959529
-80.318130
-72.546655
-82.241475
-74.709246
-84.638054
-71.020377
-76.705809
-73.810937
-79.919350
-92.477249
-91.135336
-90.372680
-91.227192
-84.888836
-91.461401
-85.347276
-88.200370
-87.050638
-77.652555
-81.315731
-68.385155
-72.406835
-70.750249
-74.517325
-71.900217
-70.764992
-64.792097
-78.758364
-69.472131
-84.231726
-69.799842
-80.399247
-74.410063
-77.122696
-72.437787
-81.133700
-66.660485
-89.763480
-81.360180
-94.119315
-84.842686
-90.201850
-81.800583
-78.494085
-70.273619
-77.722656
-65.058082
-77.835205
-61.211898
-74.927135
-78.547952
-84.040972
-95.396033
-88.398276
-75.024574
-66.771670
-60.263093
-66.046916
-61.629385
-53.034720
-62.738315
-61.916009
-79.368599
-77.640409
-90.172708
-90.263566
-95.856899
-87.971356
-85.356149
-76.663675
-83.337330
-67.621433
-72.920736
-64.739009
-58.905503
-45.494348
-46.208131
-28.590780
-47.057997
-49.876900
-74.418092
-60.639001
-63.870744
-53.088916
-65.377583
-62.278334
-64.461261
-47.904317
-54.585430
-36.463897
-48.796890
-41.710575
-33.261369
-28.621931
-28.217460
-21.319621
-33.586041
-26.500446
-35.208446
-46.648411
-50.167416
-62.854021
-66.717755
-80.082996
-73.324691
-74.337668
-65.999683
-59.708699
-61.007959
-67.473681
-63.108703
-79.192752
-76.134857
-90.511024
-73.321852
-78.374044
-70.966032
-80.942575
-74.449168
-85.184239
-67.895824
-86.938602
-81.379867
-99.347122
-89.516101
-100.944672
-105.377890
-118.327398
-110.935474
-120.297965
-104.008328
-108.880370
-97.406968
-101.407807
-104.314910
-109.312815
-105.396170
-104.988485
-103.020708
-112.935859
-110.831322
-121.838159
-126.400790
-123.765200
-132.016334
-121.901718
-123.512943
-127.157408
-135.826774
-142.869403
-147.191257
-150.617074
-158.901188
-142.323431
-155.172810
-136.611410
-142.419179
-130.957848
-117.258794
-102.314081
-104.243634
-93.213408
-106.091998
-96.992574
-110.325050
-105.664739
-122.080436
-129.589986
-137.052904
-129.818645
-139.326231
-124.776203
-145.644889
-137.326371
-144.825555
-141.881053
-142.089546
-141.785640
-140.158840
-133.734945
-139.970663
-132.993315
-150.227942
-150.186456
-152.866395
-148.460657
-142.405202
-150.970142
-144.506336
-134.439906
-137.883575
-125.878083
-111.820080
-117.048227
-97.102911
-104.107940
-94.114545
-108.845774
-107.116550
-111.345683
-116.056480
-125.158497
-122.178119
-139.834787
-123.723655
-138.694798
-129.223524
-132.549772
-126.910775
-131.220856
-129.904658
-143.603161
-133.653215
-158.509475
-148.392331
-157.535698
-152.029633
-148.966104
-150.710714
-150.081089
-137.557086
-145.111422
-132.703553
-147.734704
-134.466777
-139.402920
-151.460057
-147.086260
-152.927123
-146.920636
-151.669629
-156.603072
-147.214856
-147.354792
-148.601951
-142.749372
-160.495380
-145.637951
-153.094550
-151.269383
-154.731018
-159.237272
-157.550218
-142.352271
-154.233169
-134.500912
-143.482321
-125.857579
-139.961581
-132.451942
-136.426457
-135.941507
-152.653069
-141.054941
-158.561440
-133.417308
-147.966758
-135.586761
-139.118717
-143.647102
-150.373902
-149.303358
-152.787601
-137.739202
-147.790985
-136.038606
-131.388936
-125.001573
-114.217731
-113.547836
-104.829685
-104.764029
-108.363705
-105.675931
-122.006849
-121.021394
-108.024181
-117.462565
-105.126431
-116.982722
-115.304026
-116.423066
-111.350107
-109.840464
-104.256391
-119.411290
-105.610327
-129.763435
-122.186424
-129.199062
-112.417080
-105.790799
-98.762246
-96.925745
-75.727783
-80.677781
-55.538144
-65.790511
-57.729813
-74.897385
-86.178795
-90.079851
-82.572246
-89.647069
-85.105061
-98.884544
-86.762019
-93.011288
-89.996002
-80.676010
-83.753964
-89.770077
-83.677734
-98.309799
-105.428405
-111.978920
-108.676171
-100.861413
-102.900315
-89.458770
-95.053347
-82.180226
-83.180993
-79.134619
-75.145261
-68.422585
-77.727624
-56.207701
-72.715331
-70.533492
-84.907490
-76.065813
-81.214233
-75.318173
-81.099711
-69.913955
-84.679055
-68.566628
-86.996146
-71.910035
-77.499237
-68.263019
-73.376071
-74.801425
-98.572515
-85.581553
-94.519265
-83.886229
-96.174204
-92.526134
-85.921308
-83.967581
-76.310798
-70.977983
-74.655533
-67.041187
-75.196828
-73.999392
-63.327822
-63.877026
-58.595392
-75.203077
-69.878074
-76.118328
-79.563195
-76.033431
-66.762968
-69.406384
-52.825187
-68.069919
-46.430852
-54.203815
-49.148876
-48.591203
-41.190652
-48.577057
-36.827709
-45.273666
-32.345316
-42.837896
-20.608747
-29.601930
-15.298912
-14.052732
-3.448607
0.156995
22.495263
14.968531
29.236163
20.740744
20.612191
18.871322
19.364872
18.344745
22.034989
15.981769
21.493952
18.964611
28.746396
38.847950
38.301541
47.461476
42.052971
39.388260
26.480044
18.488404
12.793251
10.828447
1.732059
8.305032
-4.239887
15.612788
16.274852
28.073752
21.260169
22.770050
0.770286
-2.683931
-16.464910
-11.442509
-32.612592
-28.606604
-36.425277
-21.580533
-22.513922
-9.296881
-17.407727
-2.310959
-17.007219
-13.457278
-26.528768
-31.622802
-40.914296
-42.489166
-49.014416
-41.067353
-46.185513
-37.192954
-44.752456
-35.073806
-23.820498
-21.423142
-20.197836
-16.993488
-18.124277
-18.601472
-13.332075
-14.336087
-0.385115
-0.161281
-0.375455
-22.933324
-24.390665
-34.526912
-32.212811
-38.531232
-25.844046
-33.114236
-17.725593
-28.367971
-17.423634
-32.451791
-24.210097
-36.165235
-28.695453
-37.691024
-28.627655
-42.120562
-32.635870
-37.046252
-17.639891
-19.658818
-6.381190
-11.678950
-2.203776
-9.286696
-6.485149
-15.202115
-19.041026
-31.247343
-31.423449
-36.444831
-32.676376
-32.317285
-36.151939
-34.840719
-32.721460
-23.372708
-23.033756
-13.426421
-15.587277
-16.249573
-22.988683
-21.306804
-20.706548
-9.894881
-10.149590
3.277936
-0.445789
6.469192
-6.313210
4.509906
-8.668264
-4.595634
-11.991521
-6.354968
-18.303362
-4.497711
-14.784041
-0.786891
-14.805171
-11.043099
-27.839732
-22.781586
-30.415831
-17.566033
-17.909463
-6.241551
-13.222214
-6.043012
-18.124675
-21.119870
-24.003652
-26.875487
-28.580317
-33.339971
-41.370546
-40.522547
-53.441699
-58.647984
-60.485098
-65.005380
-55.873814
-63.058117
-54.337005
-53.054054
-45.471673
-48.730771
-40.691551
-52.996460
-51.438037
-70.318605
-71.837779
-90.810142
-80.521427
-92.538998
-81.465675
-82.850068
-65.512586
-71.853501
-50.978608
-61.787697
-56.838586
-65.937814
-53.069493
-60.411188
-63.723065
-73.215479
-61.584142
-68.211158
-58.373623
-58.804860
-43.782379
-50.661589
-46.707525
-47.029626
-50.587192
-59.041189
-63.385027
-68.082508
-63.778779
-71.214223
-79.701779
-76.067781
-79.270426
-67.648464
-66.275170
-58.985078
-61.198784
-66.012748
-70.281474
-55.239253
-69.062906
-57.391564
-68.975202
-57.737477
-63.782009
-49.300523
-43.775234
-35.419062
-43.571211
-33.220844
-52.878859
-42.665636
-52.831152
-39.312403
-41.422829
-32.818324
-32.799245
-22.872099
-34.711156
-27.024130
-37.989362
-36.963678
-47.413036
-44.709961
-41.334835
-35.662434
-34.649060
-30.825104
-38.470838
-44.524657
-49.936491
-47.924661
-47.526388
-56.471216
-54.869719
-68.999415
-61.402280
-52.491411
-47.223126
-45.225182
-39.340713
-42.313662
-27.791529
-41.243537
-18.582775
-27.524571
-22.951297
-26.003507
-15.726899
-24.160199
-6.648345
-23.843231
-3.263161
-13.723267
-2.260526
-9.874450
-8.783535
-15.929649
-12.890438
-21.187831
-7.946374
-23.659823
-14.498264
-17.198294
-15.691344
-13.928179
-9.448728
-8.249127
1.303861
-10.402244
-10.345934
-16.129141
-13.518343
-9.599133
-18.986024
-8.679493
-13.706601
-16.793994
-23.141390
-19.592634
-21.378136
-19.329021
-31.728110
-24.672329
-34.818861
-28.148138
-42.489098
-39.480522
-48.513728
-44.581246
-56.458261
-44.590825
-51.386965
-29.645171
-42.721612
-31.563134
-34.492887
-24.897061
-34.438247
-26.327284
-39.957309
-27.517736
-42.014268
-27.639122
-36.556099
-36.782001
-35.323721
-28.463604
-34.463473
-34.472733
-40.778525
-36.679546
-48.168121
-39.248717
-32.269063
-39.770657
-29.820818
-32.946445
-32.981894
-27.245738
-31.171794
-35.717779
-39.755368
-45.876247
-34.750000
-46.516324
-35.193937
-36.515345
-27.136346
-29.754525
-26.051242
-36.814709
-25.225264
-47.893301
-49.576895
-64.796639
-50.770680
-52.614906
-43.584835
-44.541787
-35.668246
-51.743943
-35.397168
-53.678152
-41.192737
-55.229336
-56.400666
-59.316709
-67.273046
-78.157988
-70.847960
-73.330820
-59.865963
-70.519654
-67.085275
-75.735470
-85.337929
-81.907894
-89.895805
-89.096524
-80.846351
-79.669026
-73.568011
-72.738152
-79.035072
-62.759317
-68.407529
-53.615827
-56.865971
-48.238256
-44.315159
-51.194042
-56.170242
-49.886379
-71.435490
-54.849859
-67.520503
-47.186853
-51.549800
-48.373854
-50.848717
-40.619759
-56.669167
-47.873795
-65.162951
-57.635351
-75.328636
-65.535693
-78.800179
-75.790062
-74.712382
-67.662843
-77.693779
-61.690414
-78.221074
-68.354211
-73.583867
-77.715219
-72.903629
-76.004907
-77.987068
-73.206321
-78.825240
-81.310938
-85.203640
-82.747305
-69.118168
-78.969008
-65.152414
-66.116859
-64.836401
-65.088472
-60.137325
-60.395813
-55.350601
-66.212434
-48.155800
-58.582848
-42.552542
-50.255410
-42.448508
-46.656842
-42.882761
-56.050521
-39.866176
-58.950168
-46.485130
-58.640571
-55.715577
-65.435343
-66.709437
-68.915617
-63.983676
-80.589788
-60.327210
-60.627633
-59.981349
-68.440566
-64.017190
-66.247918
-74.010440
-78.115937
-75.318860
-79.593996
-76.733488
-81.461034
-94.896626
-91.603014
-104.798735
-91.533704
-94.094153
-86.914228
-93.871053
-100.880361
-108.851087
-101.624844
-117.922497
-104.287752
-113.639507
-100.532521
-101.867914
-99.395215
-103.678969
-99.361787
-110.076829
-98.340760
-120.306130
-106.947682
-118.133636
-114.326562
-123.518940
-114.260188
-123.522357
-107.381174
-115.062042
-108.835437
-122.783874
-114.569198
-120.890257
-122.796596
-135.145266
-135.807671
-135.079260
-131.216104
-132.446552
-124.886680
-133.372705
-136.586906
-123.582915
-122.732278
-111.877903
-113.696345
-104.442847
-107.733648
-114.228028
-114.390767
-96.347720
-111.697556
-103.104106
-109.290333
-100.749167
-114.187798
-113.191178
-124.691243
-124.371263
-135.666132
-117.427583
-131.472064
-124.181401
-129.096954
-124.990866
-133.773755
-124.944529
-137.681599
-128.510703
-136.729224
-125.601226
-123.357295
-117.148273
-118.976758
-110.898473
-116.233662
-108.763017
-110.691327
-98.560599
-97.717196
-96.587402
-95.825426
-98.421349
-93.795599
-98.743075
-96.852863
-97.066965
-104.393534
-111.880775
-111.328909
-119.505200
-111.045037
-128.295695
-126.111793
-128.872533
-119.690508
-119.502815
-114.628778
-133.230211
-123.329833
-130.479845
-105.224553
-111.763630
-101.855807
-107.950796
-102.402608
-105.803868
-93.944179
-99.600506
-90.458748
-104.407826
-85.689689
-97.168228
-91.621709
-93.277778
-90.519015
-88.555284
-75.469693
-88.192673
-82.247786
-93.315502
-99.746310
-101.120383
-100.589597
-90.217167
-92.163412
-97.095762
-87.181698
-85.692303
-78.115175
-71.915243
-72.358454
-56.726669
-71.873489
-57.580413
-57.947895
-52.155236
-54.499294
-47.529129
-59.181764
-51.778615
-67.146714
-54.462317
-61.568487
-47.384756
-58.933473
-52.873371
-57.729449
-46.860082
-61.643158
-47.324999
-65.644802
-59.842721
-72.023215
-70.542447
-72.225409
-69.879667
-76.709121
-70.634155
-80.551447
-62.170211
-74.131710
-74.537332
-71.717994
-70.429087
-67.238013
-64.128327
-58.204859
-50.792918
-46.034924
-40.292707
-40.654372
-37.068242
-22.950912
-27.836909
-11.543017
-19.979931
-23.659163
-31.017753
-26.831677
-31.592977
-15.905687
-26.700056
-10.140433
-24.285027
-9.182485
-18.237373
-9.010401
-13.689996
-4.950763
-16.688924
-9.409348
-24.804766
-17.855250
-25.131813
-18.039828
-18.122311
-19.138604
-23.587489
-12.281506
-32.721394
-26.210049
-33.779032
-24.941366
-27.665458
-27.471748
-21.932534
-16.610564
-12.326964
-6.694377
-9.056262
-2.946662
-10.383598
-13.889578
-8.064945
-17.746943
-8.293316
-10.796261
-7.968989
-7.179594
-9.584032
-20.550567
-9.928705
-23.490693
-5.696956
-19.244632
-18.083740
-30.321478
-39.686575
-45.314671
-38.688495
-60.056957
-39.640456
-52.147129
-35.244632
-48.840065
-33.530462
-28.854772
-18.112284
-24.777268
-19.551351
-30.633019
-23.960345
-45.397827
-39.627991
-43.853787
-40.171259
-46.173961
-45.863821
-46.050647
-41.609168
-46.782237
-41.475093
-45.835655
-46.098549
-42.196673
-48.657899
-32.423038
-42.835269
-46.532930
-48.934745
-47.566814
-46.564470
-42.527171
-46.177757
-27.461086
-30.309767
-15.723707
-34.041538
-20.628471
-22.604444
-17.252127
-18.895113
-16.557723
-31.898925
-21.255323
-40.924750
-23.030815
-25.493324
-20.979418
-30.696718
-24.344279
-42.595432
-40.922916
-53.703814
-45.369287
-56.167393
-56.212592
-52.816713
-47.086397
-39.446765
-39.135064
-46.779899
-45.072266
-56.415333
-57.972867
-61.639808
-68.603724
-68.019293
-81.649241
-81.812139
-94.605148
-95.572560
-95.341392
-88.430749
-84.294635
-73.728720
-84.952144
-69.763829
-89.820650
-91.158556
-95.219151
-83.814824
-90.204249
-82.437856
-88.362131
-71.069537
-92.144584
-76.813562
-86.892797
-79.263992
-87.509192
-95.594853
-104.977775
-94.532107
-100.175495
-87.132588
-107.357069
-90.115394
-94.034211
-98.209212
-101.317044
-102.118382
-107.208572
-109.650988
-119.822407
-108.877716
-115.855943
-113.993684
-106.955480
-116.023058
-114.907816
-117.290607
-113.832903
-115.690156
-119.203796
-133.636596
-128.700875
-143.576744
-127.764301
-141.345120
-133.835152
-135.824787
-126.508927
-124.011479
-123.888037
-139.136418
-126.952455
-141.377225
-128.260478
-142.167921
-129.235518
-120.434062
-114.131167
-121.331495
-112.845744
-128.302005
-117.614641
-134.870789
-131.780359
-138.767439
-138.241211
-136.732714
-130.465418
-127.811943
-111.763144
-115.008990
-100.803451
-118.095672
-125.418175
-127.257899
-130.240972
-124.426551
-136.724312
-147.257096
-142.128471
-140.300099
-140.172932
-140.836496
-168.106815
-152.844353
-169.615312
-159.542838
-164.927866
-152.505747
-140.063967
-128.934777
-137.674290
-121.653674
-129.613772
-105.647718
-117.377869
-101.694118
-111.458564
-108.694061
-111.030410
-101.786468
-110.685908
-96.052917
-108.236129
-98.368948
-102.618304
-92.135601
-90.791123
-92.176061
-100.900408
-91.072921
-99.171630
-87.723667
-92.513059
-82.406606
-75.142506
-78.260880
-78.824269
-85.325802
-83.005355
-76.314960
-74.351783
-67.999343
-70.014063
-70.319596
-58.335892
-79.375653
-72.304362
-73.784392
-62.382653
-55.077624
-47.531291
-56.229828
-39.277737
-53.795687
-31.453484
-44.899596
-33.216156
-43.560380
-37.614452
-36.450433
-26.703874
-41.483137
-24.353886
-33.567740
-17.252103
-35.226776
-29.391657
-28.830703
-23.673196
-32.524689
-26.933829
-45.592902
-36.789962
-42.231401
-29.611931
-32.724667
-35.243803
-23.515434
-17.864840
-21.878462
-25.734093
-31.865024
-28.709873
-26.443577
-27.325733
-21.803507
-35.538902
-29.258900
-22.219614
-19.378676
-24.942195
-9.951947
-5.590463
12.596820
0.937648
4.848859
-20.352026
-2.752833
-1.807723
11.026319
11.198819
20.684633
21.120712
36.509132
17.446433
32.628212
22.182883
29.912709
29.382401
37.758827
34.201206
41.314664
27.427049
37.943717
23.357955
28.790216
29.246087
18.977956
14.797944
17.379301
14.437255
25.819492
27.510595
31.147083
32.313897
28.706732
37.724555
27.175693
36.464788
29.364074
33.851157
39.513515
40.895076
41.169035
57.848242
46.948593
62.027380
49.759317
58.129036
42.408603
45.522839
34.757729
31.244752
18.586127
32.294764
12.946207
24.070823
10.399424
15.991728
3.495729
3.299439
1.338658
17.840045
13.665995
29.492795
22.207349
33.862176
29.623972
27.271226
22.242200
24.424623
28.052499
37.336579
37.399466
39.422143
39.026142
38.900717
51.640895
49.763534
53.924500
52.914537
54.688183
44.716856
44.551015
37.362015
35.074945
22.693098
29.940488
18.820481
26.381017
12.487006
9.043802
-1.724680
6.333690
1.039664
8.436554
-19.849866
-15.182896
-34.174911
-34.781721
-61.983020
-61.256871
-67.674698
-57.704112
-65.918442
-52.893703
-59.850421
-52.921130
-58.594984
-51.580102
-53.534052
-45.841990
-52.913553
-48.832765
-52.308732
-49.114224
-52.187432
-44.067037
-42.796158
-44.725790
-42.866753
-56.962050
-55.436051
-58.262565
-47.871035
-50.554526
-44.940719
-53.370940
-45.662336
-52.909725
-37.987582
-39.590049
-32.454563
-40.072649
-30.167840
-38.935269
-32.614918
-36.133962
-17.484466
-25.306558
-20.131268
-39.809385
-40.720123
-48.097126
-32.804405
-39.462017
-29.647661
-43.047206
-34.049044
-35.213380
-27.229222
-32.875868
-28.088056
-34.012731
-26.204024
-28.474197
-25.060194
-29.100765
-30.863140
-23.970193
-22.156970
-19.437799
-18.846123
-22.477338
-26.226124
-26.531797
-34.884135
-30.268492
-35.391027
-28.132427
-34.628560
-23.542713
-32.050809
-27.039124
-32.628568
-23.832261
-27.896955
-18.462221
-36.371919
-25.147783
-28.686795
-21.735437
-27.509371
-18.479576
-24.757977
-16.840912
-21.824132
-8.158451
-23.908473
-15.106876
-27.189963
-21.984910
-24.951433
-16.564857
-22.642821
-19.135211
-24.076128
-12.817400
-11.684864
-5.394939
-4.195591
-10.439170
-16.065796
-27.164345
-27.527526
-17.165242
-20.543507
-21.574669
-15.821104
-16.360507
-3.727219
-2.426410
13.083803
7.547828
12.169347
4.893293
10.291528
-0.925987
7.440421
-6.704883
3.913852
-3.514775
14.111534
13.526217
28.176340
27.818091
41.850426
32.253376
53.237203
37.296386
50.478607
39.164430
39.620857
35.160303
34.053718
25.231779
35.310224
32.739128
49.291356
39.006720
44.837190
46.433416
38.354968
37.086453
31.286754
19.683339
30.759433
28.521007
32.105440
39.766197
34.349936
40.562179
25.458815
28.008518
18.285310
15.434228
9.424423
9.053208
-2.408848
6.261576
-10.149413
-0.643460
-15.099967
-7.670908
-12.441202
-2.900209
-1.535888
6.346934
-7.849954
7.437296
-16.603193
-7.594357
-22.528390
-15.946934
-22.842792
-19.926499
-18.521040
-1.766861
-6.446698
6.621672
0.842294
4.993474
6.855736
11.941727
19.568666
18.283387
5.365315
10.211105
1.475337
4.754537
3.492214
-1.960105
2.947560
-5.613338
-0.568272
-10.457786
-9.689092
-14.017169
-14.372838
-24.077117
-14.026606
-27.443220
-17.040427
-27.773350
-22.166876
-31.737466
-25.729603
-22.553218
-12.084015
-23.023501
-6.855538
-19.913912
-5.966094
-23.116397
-16.278401
-17.429532
-18.514959
-26.690591
-10.614296
-16.917417
4.888202
2.124429
9.182468
11.839291
7.403791
8.195617
10.037542
12.675126
20.011716
8.822141
12.595775
13.624080
9.506860
25.930296
23.483016
36.294063
43.051208
42.196456
44.942791
49.276530
41.080898
53.675507
40.518620
49.206962
42.783772
53.550142
47.499187
51.885591
49.665065
59.888450
54.213623
73.745179
55.519214
66.874726
54.861465
57.620804
47.117916
51.884097
43.824712
52.620875
37.015687
46.282209
31.467604
37.053541
37.253941
34.581777
35.240478
42.764661
35.337981
42.708392
27.680580
31.847058
19.392645
13.768669
16.237737
1.247663
-3.868706
-6.784788
-1.175823
1.990363
10.153219
12.218584
27.139442
25.708776
45.974890
45.946579
51.784389
51.756338
56.386378
58.004461
76.543400
68.828792
79.655331
57.850530
68.386885
60.868094
61.285415
55.841638
65.751691
49.200843
61.810215
38.587660
52.542698
41.420183
46.212283
43.304150
41.369480
42.358063
48.597827
38.446931
54.588725
44.524069
48.780875
48.939839
43.679578
43.779605
34.357327
26.427281
23.937384
17.061302
9.700598
10.887105
-0.418903
-0.982757
-13.554290
-2.492783
-7.483706
-3.291459
-3.528361
9.233617
-2.559627
5.180906
-6.404609
8.874563
-7.409414
-2.453079
-20.030103
-14.498971
-19.895135
-11.807887
-27.264208
-16.607480
-27.551570
-7.842054
-6.344913
-0.299923
-10.994392
-4.976364
-17.600400
-14.302991
-20.770240
-10.872815
-23.110026
-19.663017
-19.617911
-16.922527
-14.393501
-17.603407
-21.463382
-14.695062
-11.699957
-6.059298
5.490259
14.489365
25.965686
22.693695
21.225817
11.483775
13.564171
5.468105
9.265930
0.090250
11.318110
1.052875
9.651723
-2.822949
-3.502198
-4.142320
1.816524
-10.718830
1.738778
-16.747332
-4.164279
-13.665074
-2.601044
-2.155158
2.772904
-3.521336
0.330353
-9.382887
9.905576
6.559256
21.986764
15.465674
22.522616
22.555071
19.915346
17.179643
19.672574
24.065994
36.791194
25.701563
28.500633
32.515584
33.508805
46.071498
37.352608
42.233934
41.013730
44.448022
42.600500
54.836833
43.708513
55.826292
42.285076
48.428901
27.056922
30.543487
25.335856
23.393245
5.703310
15.113330
0.865558
11.705074
-5.881519
6.874932
2.133048
7.829338
-0.238705
5.293279
1.046852
18.615480
12.442566
32.540796
29.328743
29.026284
23.998644
21.149420
11.780454
13.083522
4.325840
8.116263
-5.994967
-4.561747
2.510480
6.828552
17.744089
19.474180
30.191296
28.859383
34.706184
33.861034
34.847616
25.265978
34.276092
14.675228
16.171147
5.843670
8.043740
5.927627
14.814475
15.514724
25.493769
15.356863
32.859147
11.534539
14.327144
4.725115
14.492864
0.341672
-3.043720
-10.218749
1.540524
-8.461452
12.335488
15.157304
33.501618
35.071976
37.065190
35.394975
43.896848
39.056822
40.810774
29.882980
27.205427
20.151887
18.403233
25.713266
15.589414
21.742782
27.412536
26.385344
28.633451
37.025030
43.122603
48.561141
43.623115
51.201546
37.819205
56.468204
55.092970
63.094589
57.653512
55.780866
41.675943
52.219667
36.211171
47.919016
35.056747
44.832002
35.918360
44.344757
38.583321
42.127768
27.973059
35.018006
19.349454
37.794400
37.511519
41.867324
39.370900
39.434176
36.958256
43.409281
34.978003
46.475876
41.638312
37.044890
34.894311
28.402408
27.364932
12.697966
8.442651
5.390626
-12.000529
-14.778403
-12.006819
-13.014264
2.246921
-5.919481
10.753334
1.910298
2.416624
0.968660
3.962055
-5.342884
9.550920
0.281169
14.829160
4.810168
17.651937
7.629568
13.015859
8.822889
12.552929
-2.320219
3.679495
-11.687168
7.321129
-3.306478
-0.170314
1.156759
4.048561
10.084426
17.223678
3.821157
8.452407
-1.399738
10.914160
16.732944
14.415903
14.637404
20.221771
22.212133
29.717872
26.144983
24.483568
19.386109
6.516078
15.213892
-10.805739
-9.473740
-18.088258
-5.945153
-0.079364
7.483282
8.456960
13.910189
-8.932583
1.418714
-11.814464
-1.167049
-6.878798
-2.591991
-7.926798
5.601323
0.280149
9.836736
-4.748220
7.901345
-11.518377
3.618087
3.520618
0.916344
-3.443758
4.340487
-1.964389
8.096043
-9.181365
-1.867915
-9.757191
-18.074962
-35.035887
-53.211951
-47.176541
-38.417039
-39.700601
-26.401516
-25.860960
-22.625204
-6.105560
-12.925464
4.936980
-5.220522
-5.586976
-11.593514
-20.823295
-22.310184
-13.251402
-14.721537
5.532613
-14.223222
4.977815
8.253348
25.512691
27.867606
37.409855
33.793640
40.796528
19.741892
33.734516
15.466196
23.442757
14.059144
11.798518
6.842422
9.763563
5.075031
22.262428
14.075419
30.767791
29.646282
30.659462
31.214904
32.976333
34.457490
32.180911
20.810606
18.833156
6.326075
-2.053564
4.094464
-1.316173
8.434364
6.971945
21.808997
17.592229
22.234984
22.287760
22.768101
10.849445
13.701065
-9.055202
2.181803
-6.365166
5.179898
11.333006
15.806822
13.428201
19.710720
8.771150
25.357819
-4.113088
2.290278
-4.729903
-4.054820
-17.392932
-16.386112
-30.384573
-22.304244
-36.653009
-28.159626
-37.530998
-30.950294
-22.733619
-17.612729
-7.483217
5.242663
3.701321
14.123104
5.395131
7.382650
17.953082
14.601483
23.019074
14.354047
17.656051
15.966698
24.244582
26.831285
18.738882
-0.009159
16.411600
6.929367
16.775161
12.158440
12.020023
-1.681620
3.501616
-10.743368
0.165977
-4.895494
14.144631
12.506188
23.969957
11.730880
19.973237
9.418752
13.523093
-0.688032
-0.699698
-15.725542
-2.043085
-14.055941
-11.005297
-5.967479
2.599791
7.376964
19.447966
11.935342
12.364231
3.253111
2.456814
5.060529
-8.184990
-6.545911
-3.261293
2.893947
2.007677
10.239630
12.814117
18.801478
10.287520
10.074461
-3.138955
6.981151
-1.082233
3.769635
-7.302811
1.357820
-2.471639
13.542693
2.638023
13.507100
3.590819
0.967125
-16.826629
-17.520205
-32.784370
-28.676289
-34.635973
-18.088133
-23.688381
-12.245559
-23.896099
-19.025036
-25.727458
-21.766231
-25.407554
-26.974209
-30.808191
-20.220942
-15.563711
-4.602010
0.592270
2.856755
3.120470
-3.771425
0.400548
-3.656733
-6.270803
-18.878036
-17.405860
-18.730542
-11.098130
-19.979817
-18.744934
-23.771881
-17.006359
-22.822912
-15.831498
-20.782770
-18.636356
-36.958036
-18.403354
-34.301558
-23.982130
-25.952082
-8.740182
-11.293742
-2.947901
-24.009406
-21.191953
-35.528752
-25.564595
-37.523245
-27.551537
-24.617842
-20.643671
-14.630723
-4.638416
-8.574564
-1.056855
-10.908935
-5.394317
-5.635999
-7.801848
-3.796426
-6.261837
-8.973727
-13.359862
-14.556540
-12.937837
-15.013539
-24.841129
-14.522797
-25.073414
-16.277962
-21.228628
-13.939742
-13.702417
-7.741159
-20.405639
-19.431183
-32.553692
-14.822284
-28.019273
-11.469493
-19.993527
-19.811389
-14.364949
-3.800705
-14.798951
0.473548
-9.586471
2.898009
-17.244247
-10.776328
-13.979265
-16.795988
-17.332040
-14.698786
-23.171219
-6.696585
-16.254154
-4.632528
0.411400
-1.679683
3.854457
2.022422
-4.964954
-6.156108
-15.003244
-10.571043
-9.936995
-13.940899
-5.832729
-12.665429
-0.570784
-7.204581
-4.392742
-4.179929
-6.608049
-7.226392
-2.670582
-17.664058
-4.120594
-16.834799
-13.005519
-22.015502
-12.266671
-12.960429
-8.632211
-17.412302
1.222702
-19.734631
-8.012891
-22.465455
-18.000382
-20.883921
-22.162208
-29.036153
-19.177855
-19.843619
-4.087361
-17.336508
0.939252
5.963356
11.269845
18.904255
19.899507
18.861130
28.909903
15.998508
18.298789
10.545374
5.237326
10.932517
-7.169505
-3.259636
-9.757029
-5.176905
-4.392256
-2.754773
-2.185907
12.875556
7.394839
24.455208
10.617515
25.966525
11.875888
5.120004
-5.291310
-0.395363
-5.751088
7.014239
-6.382673
8.554835
-6.740187
-10.144544
-17.173977
-10.480284
-19.656055
-15.419908
-31.357273
-20.584134
-36.765042
-26.474690
-27.787166
-25.790720
-22.306032
-28.016424
-35.987460
-36.903852
-45.050078
-38.337025
-47.987173
-58.338075
-56.667040
-65.104828
-55.633879
-61.385874
-63.170769
-63.416130
-57.808729
-56.105137
-49.278057
-60.034758
-46.503793
-59.675575
-58.340630
-68.907306
-60.622437
-68.061258
-64.230864
-75.018069
-60.926995
-71.081974
-56.015173
-61.251569
-52.424961
-53.921752
-39.559327
-44.237914
-42.244053
-59.241684
-49.148778
-61.641383
-64.925239
-66.890042
-60.968774
-63.860094
-66.114206
-85.929932
-82.167135
-80.423300
-68.775887
-67.801191
-65.329741
-60.896169
-58.456040
-52.140097
-57.357590
-62.238829
-64.672297
-60.521625
-68.276869
-65.000663
-82.990595
-76.593250
-83.363172
-76.257216
-77.666914
-69.578902
-80.625684
-67.357214
-73.027444
-56.576413
-66.323120
-57.728400
-68.823070
-63.552393
-72.688922
-60.409715
-76.282851
-62.289086
-78.454871
-74.601514
-85.104748
-86.585166
-96.573957
-97.291965
-108.637540
-98.265595
-104.508944
-94.138609
-99.569458
-102.683328
-101.901618
-102.130581
-100.054762
-103.669427
-108.218819
-105.443116
-103.826506
-103.255991
-98.523999
-104.815663
-96.370126
-109.967274
-112.652708
-129.474926
-135.012705
-138.259729
-127.467214
-133.021921
-122.117546
-131.944773
-115.782722
-123.053270
-106.948872
-105.086326
-90.852815
-92.897901
-82.908434
-103.850298
-92.294593
-103.174582
-95.938993
-108.668880
-109.432142
-118.954251
-122.137322
-128.033019
-115.236715
-120.948543
-109.211141
-112.837527
-105.300008
-107.544851
-113.635450
-112.498382
-106.116524
-96.018828
-87.763334
-88.094823
-84.914842
-82.903400
-78.160315
-69.248077
-77.752886
-67.955092
-75.882873
-78.057403
-75.272555
-71.098995
-74.182448
-55.723372
-64.224337
-49.965696
-61.706030
-52.103669
-59.038415
-55.868991
-60.456543
-50.194382
-62.790162
-51.529725
-62.923100
-47.073321
-54.177355
-42.439038
-45.247197
-44.612813
-41.910047
-31.835666
-44.339635
-39.417322
-59.504865
-55.313105
-54.054336
-46.958369
-46.047500
-45.799788
-42.510704
-41.089890
-44.518704
-41.130040
-47.323851
-51.625799
-49.210555
-60.057907
-57.278044
-70.031061
-61.046171
-61.282230
-63.145661
-61.430742
-48.361272
-51.681211
-40.759206
-51.281333
-29.019136
-30.509049
-17.161078
-18.449552
-17.654097
-26.716295
-23.567218
-39.752001
-23.825192
-42.536074
-27.351561
-37.331130
-30.913467
-38.746033
-39.414799
-33.380139
-33.083434
-46.875578
-28.709459
-31.077031
-27.373004
-28.530560
-29.441523
-27.421387
-28.226309
-39.824263
-42.298094
-53.506454
-56.677391
-54.943803
-62.368982
-48.302709
-52.508374
-43.470480
-51.290933
-50.175008
-41.913471
-42.357090
-46.127447
-39.232515
-54.981924
-39.944406
-47.407427
-42.731601
-49.601128
-49.653222
-56.453611
-44.744743
-46.398427
-25.277834
-42.955256
-29.423330
-38.719885
-22.271946
-19.950060
-10.048361
-15.915363
-1.078580
-10.607242
3.309035
-9.965060
-2.710678
-4.657467
-13.494292
-24.052089
-33.638420
-43.429040
-36.967226
-42.195397
-29.889402
-33.286028
-33.971282
-30.630223
-37.216960
-33.128576
-42.491322
-40.342170
-34.939407
-25.991046
-36.560267
-31.048059
-50.090931
-34.173134
-40.638570
-25.764629
-27.745395
-15.469158
-18.637708
-15.815369
-25.544179
-13.442343
-37.918201
-19.790910
-28.064157
-15.751237
-20.777229
-25.560618
-36.519686
-37.615983
-52.912123
-29.079422
-44.295679
-40.092464
-40.052979
-35.716722
-34.948552
-41.422038
-38.084153
-23.118333
-35.606406
-29.713264
-28.018128
-17.611447
-13.588474
-23.285387
-19.834596
-22.860683
-24.726100
-17.246793
-15.144097
-11.213757
-1.293959
-14.356271
-11.203335
-33.423394
-27.581643
-32.757871
-27.541449
-33.798525
-19.661109
-29.037715
-14.857536
-27.412605
-11.663749
-18.492285
-9.465297
-14.522314
2.414418
7.374864
20.845697
10.544267
30.205497
29.846040
45.816093
35.989960
36.152491
34.238344
33.967076
21.192680
26.496974
17.783472
36.095592
40.908129
47.595305
54.098525
51.734906
64.125233
69.113862
67.735371
66.827323
61.850383
56.559021
53.408674
38.927114
51.027874
41.701148
47.368343
29.480410
33.556946
25.835135
29.619097
18.512997
37.326013
28.209817
37.287025
20.197533
26.908660
15.699865
27.018562
26.841553
33.718147
23.685407
30.664332
16.298712
29.455155
18.926747
26.659322
19.421906
30.090637
30.022873
34.742060
29.529673
33.910369
26.520891
31.165884
22.094365
22.316012
22.780525
13.002857
10.952857
9.986542
6.471577
12.407621
31.113004
30.062461
38.667291
28.739656
35.868352
35.046090
40.519882
39.206275
49.662480
46.025855
55.261350
48.143059
64.362917
52.692612
65.888294
63.003472
71.229122
60.356505
64.245320
47.725926
57.823723
40.191534
49.538103
37.478886
45.209224
44.055496
49.349967
39.449856
40.016051
22.032653
25.220379
20.396181
32.309153
38.642954
44.899832
50.360135
54.702242
52.039001
54.075876
52.852657
49.334642
45.262182
28.284205
34.384674
34.043597
44.497972
55.369396
67.784668
71.549273
82.133992
78.939514
94.889328
88.097982
100.529256
88.266109
98.536754
84.667273
87.392073
86.141768
99.522810
95.278217
114.843496
105.907185
121.096469
113.168069
120.649605
121.787769
131.910186
124.122231
131.767811
108.835400
124.025392
118.708974
128.267928
131.439415
139.404316
151.658865
156.841934
160.274441
165.356642
166.030298
178.018078
177.258528
167.120295
171.453622
161.683220
164.996210
161.026582
157.743428
157.115052
163.635949
154.665988
166.978480
152.670097
161.502947
164.839399
185.033816
178.006035
172.969241
157.971911
163.045777
142.280089
149.491022
127.736501
137.496256
111.950734
112.755867
111.630033
116.545845
103.543383
110.894692
93.922207
104.019444
90.161289
101.806904
102.238139
109.256246
111.941885
103.741066
97.432559
102.983217
91.214700
98.473859
94.318925
81.967712
82.000577
76.506590
85.710138
82.349621
80.079880
78.084455
80.165591
76.282586
85.315370
77.855230
88.731748
79.482293
92.788489
87.513146
91.707181
79.600419
89.245858
80.559423
88.498277
65.973468
78.586118
71.807228
85.306641
79.456890
86.407553
88.086808
102.534032
91.010818
100.553247
84.887341
85.669490
84.364809
84.197216
83.225271
88.757758
91.661548
105.809315
97.242878
97.784301
99.663131
99.806549
111.879912
112.143698
118.954225
118.548688
119.841317
122.623974
128.605513
127.073698
133.002636
122.600775
128.407685
114.977473
108.943318
98.089054
103.858747
96.206694
108.240483
99.068846
116.385949
112.742134
132.858314
131.238243
136.500686
127.116944
132.728264
119.479746
129.530988
118.761636
130.516231
121.788882
132.855999
131.120042
140.501802
141.509445
158.829607
152.446887
162.432496
153.190876
146.334932
142.216195
141.568542
142.938172
138.818780
136.174165
143.399074
150.150436
151.078347
147.460749
147.313744
167.871357
159.751242
169.884214
171.743624
169.731381
162.531191
167.470357
155.232231
163.329055
145.168380
158.455423
139.986737
148.691537
146.431074
155.700145
151.913662
168.038619
150.647116
162.616795
149.816560
149.497952
144.646531
145.147653
141.048704
144.521647
127.570630
141.050913
123.458137
127.476263
123.967858
122.596256
121.221366
118.615022
124.880511
127.484817
115.342430
105.603549
103.847783
101.404205
109.124272
107.988886
121.087780
114.548136
121.368291
122.466805
126.052608
120.723233
124.692863
113.950738
127.144155
115.128081
129.013856
122.449734
134.954868
135.275229
142.927149
133.709685
151.375462
146.590170
164.424988
147.574489
151.205328
144.582824
155.380959
145.222182
147.641103
132.608701
144.750565
136.944847
150.907902
146.792172
157.111354
153.386759
149.737175
138.178194
133.452776
120.803667
125.460678
123.244686
129.203094
138.101527
138.001244
143.106354
136.243705
145.179104
139.710208
130.742836
130.914456
130.798979
116.405843
123.744460
115.395344
131.663540
129.165991
153.450114
146.987360
153.556518
147.042397
150.716143
139.584869
151.391387
123.843238
119.695889
106.607966
119.818966
124.552695
133.650231
134.350470
148.872534
142.493447
151.186737
129.712794
137.490166
127.446729
127.656911
135.548555
141.408172
142.036069
151.789459
147.573725
152.922366
152.303011
154.383414
145.322328
134.945658
141.132170
138.275050
144.816897
148.850628
154.900107
154.692076
150.185619
141.503054
150.686287
136.354439
148.144178
135.758254
140.284257
140.322201
153.698341
155.703546
174.441766
154.131507
166.352072
142.017971
146.985997
133.146983
131.514067
130.583296
133.721428
132.239904
151.524494
147.050260
171.576555
155.208913
156.856036
151.795007
146.410083
141.263866
141.485705
123.900283
138.190586
127.933260
137.671342
137.517451
128.847121
135.068396
121.013273
122.723126
119.594423
114.296046
113.935847
104.882184
100.784108
117.390362
105.567366
117.382977
99.763650
100.463725
86.306767
83.880256
82.298609
86.640515
62.111265
72.392512
55.978972
76.743215
70.086806
74.245997
68.216899
68.157399
59.111075
70.667835
51.494783
64.447925
55.778434
64.628484
62.792533
59.010342
63.661247
78.378005
72.300074
75.276404
62.227232
60.443752
53.345537
46.193444
42.604412
32.674469
26.645587
27.082012
23.422970
18.105923
13.346417
12.436105
23.787305
14.729467
33.349336
24.470612
28.208299
21.501779
30.223920
33.749136
53.723539
41.074789
50.852695
44.627838
62.414611
55.511069
67.041655
72.075881
81.967600
81.418004
98.671374
91.092789
103.705019
93.943869
105.035830
88.297016
85.259339
69.982799
66.007761
54.525420
64.179857
54.230168
55.847344
53.290597
49.587111
56.567950
60.543190
54.460483
50.156333
48.485905
47.255088
55.696265
58.949604
65.632318
62.865349
71.356437
77.790986
92.698007
85.451513
94.007233
88.655392
95.612686
83.520357
90.685557
75.830108
80.190432
66.886823
77.007066
72.841750
90.188284
89.313312
105.138697
92.814842
101.076056
83.918197
90.846422
72.989954
71.785823
54.519373
53.148130
44.547150
54.300285
47.302391
47.561912
42.105962
33.049693
33.400349
30.465276
27.322361
27.324149
35.414794
44.883491
48.428771
52.841196
54.134047
40.744938
45.675074
38.099874
41.826454
40.271421
39.153142
36.471233
39.111738
26.329930
40.865167
34.533146
50.819016
39.746369
39.988791
28.940763
38.115390
31.556486
46.959487
29.160847
23.087220
-3.674400
0.980676
-2.027097
4.592636
6.699251
15.282350
1.968168
18.271774
-0.055022
-1.415034
-9.665128
-17.006772
-17.086122
-12.409228
-2.735621
3.963579
-2.179714
4.169595
6.731402
13.924502
28.802986
17.474560
31.302067
23.674757
24.243082
25.818239
17.871083
8.705879
26.670569
17.270476
35.169771
28.157303
44.873096
43.853290
51.958831
40.857974
41.881674
26.884133
37.897211
21.393349
35.466179
21.603932
34.363633
38.874607
48.935033
45.288181
51.426154
38.855922
52.906231
38.062145
41.773813
39.416248
43.337625
43.871455
39.970735
33.267735
43.150527
33.874968
43.188047
38.264234
36.238448
42.383287
37.376856
42.565004
37.379818
46.099370
43.792035
39.049048
34.918496
40.184793
35.233652
47.193272
36.559666
47.187301
41.180193
45.016025
41.206247
42.918918
32.631266
45.365523
31.447502
45.573200
32.906078
44.069816
52.549772
64.553839
62.673002
78.533776
69.444479
81.378227
64.929286
80.722506
72.417845
75.247254
73.077814
70.251357
68.004561
74.798267
66.482813
71.695942
60.901114
53.958540
55.730480
43.382335
47.356154
52.943174
51.795007
54.923552
52.953814
48.237611
50.139060
36.017222
42.810333
31.523791
36.151820
30.652262
34.848532
35.624530
43.654487
36.427373
51.464903
39.357865
58.235090
48.955197
59.128780
43.529603
37.032024
20.629870
27.553791
14.542686
22.194773
8.086799
19.308553
14.340759
21.281959
17.687864
17.045860
14.121522
25.676073
16.274622
24.576449
20.823252
24.035912
28.667326
32.822905
36.298199
43.157761
45.442066
37.335819
30.001367
25.370342
26.929383
15.938809
16.968887
12.629504
22.449454
14.661450
10.293595
1.785209
14.830216
0.170410
8.771737
-7.614175
2.990230
-0.114298
8.903002
8.226695
24.664974
16.473442
23.777210
12.085180
27.297992
16.454754
25.068971
23.747615
33.860713
26.062974
33.621477
24.695127
34.872887
35.347388
47.704890
53.550801
55.442245
52.240093
49.892296
49.581102
55.444005
48.065438
48.676609
49.182190
46.807409
53.625339
50.480080
61.292149
53.207455
56.637232
51.990711
49.161385
40.639901
53.486210
43.519255
58.009493
49.020019
53.322514
42.739284
47.843397
40.763653
45.353739
34.872000
53.950978
43.990040
56.029502
44.300254
53.142954
49.599156
56.301208
51.350369
66.962828
57.935856
74.641342
76.429806
88.163102
88.373671
85.174567
88.327804
83.053885
80.345608
82.882458
71.670861
74.231417
64.906991
58.197312
68.775714
59.818927
56.791192
49.658608
55.969502
55.723816
56.274693
49.485576
54.577872
46.230830
58.266543
42.769499
45.285096
38.458405
44.521245
41.636239
53.505694
40.504051
48.039909
30.776353
44.638706
30.246558
41.455737
34.753094
37.086528
25.981942
31.829724
18.900717
36.748486
20.647871
30.099604
24.685080
26.743506
23.627419
21.342321
18.700422
23.406573
22.860587
32.191311
35.727344
46.234346
55.242773
57.096637
68.290547
60.096151
66.428633
64.841090
64.689732
58.743940
63.405443
60.662086
70.693941
45.615196
59.406504
59.400169
74.434333
72.005105
79.358145
72.283154
85.423118
73.833666
84.206220
55.753825
57.835008
44.130860
41.693967
30.866006
34.243781
35.902544
49.415027
29.232888
43.330820
28.447232
38.263138
31.214700
22.638216
20.113297
23.464564
15.054030
10.800923
-6.094551
0.550821
-0.568931
-12.773260
-11.064906
-28.465907
-23.399769
-22.779398
-28.198816
-22.000659
-16.952556
-22.304521
-15.875029
-30.138572
-19.923975
-33.457720
-19.474417
-26.889432
-27.158854
-34.732461
-30.932002
-31.557048
-5.541128
-13.473272
6.545914
-6.640893
1.177162
-1.569794
-4.581748
-13.161426
-2.761168
-15.756631
-7.873921
-26.130155
-11.826956
-18.287048
-20.033429
-12.557565
-0.851011
5.019531
13.831022
-0.954153
8.114692
4.166843
0.061951
8.103872
-12.811560
-4.622059
-4.955289
2.911483
5.313427
-2.206823
5.463208
19.233362
12.447128
31.843003
17.937435
22.438269
19.872361
25.358951
15.782517
16.957894
0.655474
5.394689
-12.171786
-0.745103
-24.729395
-23.436904
-32.989222
-25.987926
-34.982140
-30.641559
-32.724163
-17.442386
-28.312415
-12.583417
-16.468449
-10.557903
-15.351039
-4.190205
-1.167781
5.764850
-2.090296
12.402051
1.962696
6.133571
21.985116
31.271789
40.242717
39.209505
34.615439
29.438607
31.556810
33.319675
33.326375
26.438764
35.936579
17.147589
22.451156
12.281630
15.383416
11.014010
15.675030
3.820060
9.492773
-16.052983
-2.802396
-16.582724
-8.111182
-10.990976
-3.451578
-15.690556
-12.666369
-24.484055
-10.197362
-20.206922
-10.311476
-21.170739
-16.819093
-20.571234
-10.701675
-7.226172
-2.839265
-17.560899
-0.089217
-4.257009
-4.078119
-5.362787
-9.853234
-2.253417
7.145530
6.818982
-3.140813
-4.963633
-4.629597
2.685012
-3.247285
6.499767
8.391616
9.092106
-2.229679
-0.756362
-8.489861
-8.862276
-25.359319
-23.113182
-33.869273
-18.979678
-27.620231
-23.346298
-37.590928
-30.236010
-35.851771
-22.874212
-28.575467
-13.460560
-18.551247
-3.860719
-14.907184
-11.809842
-12.635924
-1.242901
-10.996301
-7.868762
-14.342834
-6.976387
-11.384943
-7.034824
-7.398633
-5.202808
1.551906
5.584328
-0.667922
5.317874
6.981989
11.591414
13.274348
7.582726
10.515553
7.276667
7.350308
7.785067
16.358866
16.809559
24.969046
20.435315
35.707758
22.635235
33.848953
23.720608
35.250491
30.437967
33.039814
30.215493
40.592098
31.690097
42.857656
34.144630
44.908725
33.237006
34.488944
29.636933
32.107712
24.663680
40.755065
28.975813
38.631790
28.269876
29.918728
23.704372
30.003112
32.361958
28.238703
16.961231
27.673180
26.014187
26.814948
37.353641
31.673866
47.914076
46.812943
58.243737
63.881806
56.186194
51.843752
49.123634
38.340473
47.377925
34.045849
40.404217
39.870529
48.329456
39.934472
52.635045
47.849967
50.991421
30.251982
49.524402
39.301940
57.072078
45.979296
48.373291
40.718236
51.699709
52.180793
54.122912
31.216737
46.286208
37.683396
48.452942
49.972829
50.547052
48.812422
48.952291
41.695351
50.543500
43.902305
56.069297
60.375913
59.444718
69.679960
60.742460
68.725086
68.992991
68.851929
76.453142
81.828042
77.535654
91.524716
73.770962
86.467295
85.350048
94.406651
93.566211
88.823464
95.345435
112.000147
97.553495
111.984030
89.431825
105.292367
96.328579
101.838094
96.420600
108.023795
94.485777
109.026121
87.564051
102.035375
91.892926
99.002100
95.793160
88.965730
90.093698
88.308676
75.619429
81.033235
60.433275
63.244153
61.500073
58.078789
66.857613
57.247001
53.286108
53.933377
48.884922
48.029257
40.360828
31.559378
43.152832
28.597364
37.083069
28.541936
30.361648
32.373679
39.844659
44.388736
61.560568
48.546550
60.880741
48.320899
61.228551
52.171156
60.106853
45.636332
45.619894
30.171892
32.525558
10.251630
25.417373
16.064887
26.208347
19.799683
19.695153
15.753184
14.849678
1.201540
13.249290
3.757166
16.379501
17.708153
29.613135
33.338901
18.596028
16.102642
14.881684
16.021004
17.434684
6.232077
5.277978
9.926969
-4.718938
4.205017
-5.610724
5.557355
4.258209
9.194015
3.460179
12.608050
0.575735
18.445652
6.560154
20.658676
8.298873
11.039952
5.113350
9.903436
0.521571
10.016387
-1.399165
17.046747
7.424221
18.205053
-0.408866
-0.180989
2.871755
9.700889
2.137288
10.931164
-3.417798
4.862152
0.991446
-4.463631
-6.802230
-9.838541
-11.394013
-8.178354
-11.821592
-9.557625
-7.704959
-2.682936
9.402412
7.708686
16.793952
16.863713
16.482911
7.728017
13.929497
8.935323
21.403324
9.987673
28.379299
18.651558
36.003435
35.650587
38.761015
34.117075
43.661504
33.617325
46.784074
30.295243
42.289081
38.051297
49.085799
47.742417
54.913911
53.478921
66.538068
47.869749
54.158378
45.964266
44.229371
43.945539
51.527408
52.289745
60.577354
53.485435
59.199988
56.043174
56.631258
58.803515
49.950580
49.169280
40.477958
42.260472
41.859685
45.436621
42.030137
41.635715
44.845502
58.236904
45.171095
60.322072
56.375630
60.001084
59.624450
67.375427
59.466874
75.356368
61.498107
76.854215
59.477820
66.500116
61.399976
66.475835
64.351077
69.907347
57.359461
71.576394
54.098191
63.752247
57.941517
61.105724
54.504039
51.882353
46.385563
53.343744
53.695056
67.096328
62.758807
67.807467
70.949768
62.554963
62.762708
60.322818
66.985530
65.138669
70.341329
77.601158
87.893811
79.658327
83.697957
67.244424
80.254374
76.335288
80.622715
78.968480
82.126509
70.601308
64.971073
50.831167
64.474493
42.347688
48.783749
36.628378
39.602792
37.788613
44.973574
33.759176
42.623202
28.273765
32.186233
11.266386
14.745113
9.239406
20.203180
25.998298
36.890755
30.060817
34.222419
25.048822
37.261898
36.721660
32.302039
30.223724
27.012707
31.329592
34.484024
38.644057
44.783825
41.261395
43.354400
57.531329
49.474759
59.454344
47.214996
57.467446
50.463306
54.555096
53.202790
62.455494
48.362772
62.798367
46.880099
55.840613
45.572173
62.053731
56.917200
59.438043
52.243635
61.197322
43.662885
52.526891
37.128193
46.395201
39.904543
38.666451
32.953816
35.547420
22.881997
29.248779
20.765228
20.903787
9.164027
19.698046
26.429242
21.803436
26.462756
20.268226
22.544862
25.761771
22.782460
28.246802
29.826163
24.556653
38.001499
24.416350
35.569280
36.277288
37.805828
30.073664
34.200124
24.613278
30.524200
4.670232
17.236134
3.863143
15.457434
10.342355
17.545918
13.421031
29.677834
27.678884
52.481984
43.013757
52.316836
40.065672
42.968637
42.659604
38.325122
33.826282
44.653407
36.141542
51.390990
39.191412
49.866790
57.665741
58.421633
58.740326
45.989469
44.770655
52.833233
40.611714
30.821911
22.136084
16.906664
23.314379
11.135900
17.194347
8.829369
16.545730
17.206072
20.539566
21.806824
34.794879
11.927870
29.802847
13.867893
25.190703
17.650893
29.154465
26.977578
25.253720
18.904870
42.492517
33.472661
55.228773
43.254182
54.185620
50.834704
45.394054
41.542637
49.665149
38.968687
50.721593
35.614440
41.179685
32.616639
32.428781
44.213286
42.357181
44.136187
45.888794
43.321107
49.467911
48.164770
46.767341
54.810982
40.064257
50.758981
40.785716
42.113827
41.519239
43.093323
36.065363
41.426813
35.950327
49.319374
32.570403
50.610938
41.447211
44.355032
43.764418
44.789950
36.468052
48.413536
27.213303
38.122577
20.797176
35.306552
35.141369
45.663759
43.706895
50.911051
41.565570
52.671178
30.389700
34.142899
27.840678
27.225438
28.876612
28.927018
26.040039
30.651069
29.814705
38.701504
35.899737
37.132613
43.797531
34.205091
39.996776
24.949384
28.656588
29.447322
27.259051
22.878288
23.690476
19.008471
37.999677
28.956858
41.924175
21.928613
32.755445
36.894961
47.510198
44.107445
57.064467
46.930237
65.142572
46.151284
61.812400
55.276751
55.440031
43.257836
43.309990
35.141882
46.681406
26.112666
20.930153
3.001314
11.272438
10.862986
21.029593
26.097390
29.219140
26.424513
31.474439
20.499888
19.500658
20.849023
19.392106
31.558488
29.761562
33.072633
29.201573
31.812305
27.934015
25.548047
14.765184
24.636541
18.022955
29.361701
10.859324
16.340207
8.894127
10.993216
6.878319
17.903737
6.051714
26.589170
14.317374
21.722015
9.194514
18.435631
21.469867
31.700186
21.927908
37.857811
30.895219
41.446849
33.768882
44.152066
40.891423
42.748537
37.549709
42.700684
39.125614
41.444023
30.339777
24.143981
18.913905
17.903324
21.123441
19.039190
22.326526
21.416694
19.192954
13.840300
12.523996
-0.812388
7.283326
-7.630946
4.882471
4.564560
19.289945
10.865490
15.048613
-2.127195
6.867475
-6.652679
8.412400
-3.206764
7.513630
-4.787255
5.820436
-3.470809
0.919492
-2.789889
8.973626
-7.757570
-0.901877
-5.322800
9.985194
8.079761
9.502210
1.934154
4.806391
-5.248466
-3.992776
-9.031061
-4.617491
2.058361
6.386843
14.096976
11.197076
11.158135
13.477018
18.183844
20.504326
20.291298
6.833857
19.138160
18.404277
31.842284
29.180407
37.950260
30.959414
45.050472
44.266553
50.931646
36.200826
50.869161
40.350473
53.393043
48.353164
53.017653
39.386557
47.706519
42.430737
53.553423
44.769365
66.137244
62.817928
76.115958
73.671963
75.286614
70.140580
71.696490
58.027376
60.708553
49.433691
60.183426
61.843141
68.196134
78.630669
78.741037
75.779051
73.879388
74.062368
72.474191
71.726024
65.601580
74.978284
61.484485
69.110875
54.718129
51.857145
56.106259
69.030416
67.267183
75.252426
63.675393
76.924773
68.119464
84.164470
71.048417
71.008980
62.710607
68.751361
54.450815
60.183521
35.287249
42.576778
20.702991
21.081147
19.645734
18.690173
12.022663
12.848666
1.163287
11.444542
-6.746833
-1.847687
-1.314459
-4.462297
-1.643840
-2.664361
-5.552450
2.748538
1.824004
-0.282535
3.006920
-0.084829
4.654219
-8.887619
1.599775
-1.879184
-1.573705
-13.573717
-16.715719
-16.864465
-2.083519
-4.387753
18.554020
5.194223
15.467361
8.068001
14.739747
9.111158
13.261201
10.788907
26.724379
6.278079
16.617481
1.086636
6.543845
-0.293379
7.925610
8.701728
20.942719
13.451505
31.370426
27.633973
51.613371
55.504850
64.513196
71.279435
72.245916
64.665563
75.546966
73.329099
77.387834
76.064431
63.019221
63.049621
48.155214
50.544396
48.019753
47.953781
45.938519
45.887567
47.185912
52.476096
40.737224
57.570522
33.990577
41.287680
36.926393
37.999810
28.685909
35.694594
24.460635
38.560911
28.936314
45.809282
38.898070
50.891979
48.739371
57.235630
55.551347
71.108285
67.193316
90.638383
85.056908
95.928945
91.755735
86.064281
83.007046
86.917137
85.808744
88.651335
81.388625
86.963284
88.370288
86.524499
91.282534
90.033002
98.112693
98.551677
101.893583
101.861754
101.184378
102.745438
117.417618
108.196560
120.729948
109.392253
128.261791
130.254784
139.863242
130.260293
136.941806
123.633990
136.266308
121.790887
136.750887
131.345060
136.202937
128.795706
147.908610
148.514767
166.361296
156.493360
169.634712
163.414310
174.940920
169.948143
180.380122
170.616777
162.857298
147.190900
152.407245
142.951706
146.742986
142.870201
137.984551
131.256214
121.115541
125.985748
130.706904
129.533853
127.278468
125.936329
120.052832
126.744326
116.545904
114.595085
97.802331
97.653422
85.346340
78.893585
62.068397
66.551589
53.925707
66.444359
51.272901
60.261242
54.158077
59.506852
56.293796
63.312713
41.364668
53.679495
36.115271
48.398348
36.164929
47.328707
46.849769
53.684985
46.161952
53.041210
50.210948
61.970744
54.568450
53.826114
51.361922
46.860672
45.398663
44.251477
44.111643
49.505060
40.432507
36.437021
34.627428
23.715217
27.374978
11.013860
13.441150
6.638646
10.179689
12.400823
14.752821
4.183876
16.442121
1.975782
23.372709
10.576293
23.637010
17.285389
18.214839
14.119733
18.647134
-14.257262
3.854077
-9.507436
7.581442
-0.672264
-5.658216
-10.578863
-9.738117
-18.170331
-12.666107
-37.111378
-26.358143
-33.705051
-32.195767
-31.824386
-30.844280
-23.820836
-31.118914
-36.217718
-24.698290
-41.851567
-39.294359
-41.338030
-49.378665
-40.619702
-41.342075
-28.420777
-31.835523
-29.332878
-28.980352
-25.172446
-34.071071
-28.062526
-40.998395
-20.524342
-27.104048
-13.286689
-17.589957
-7.067942
-15.574612
-11.181135
-25.210549
-17.715852
-35.382693
-19.950926
-34.600696
-25.815485
-27.070353
-24.780411
-33.386615
-20.544850
-26.225277
-23.529087
-41.902893
-26.212769
-25.595329
-21.587058
-16.436980
-6.264896
-2.664500
-3.455816
-9.149778
-10.337834
-8.576966
-0.221870
0.555081
-13.890393
0.657263
-8.007131
3.707895
16.029640
22.906914
33.995853
41.779155
30.831981
41.338750
26.230347
32.177402
20.876533
29.994038
28.280620
35.074824
28.194288
35.747577
18.713634
28.715429
10.078326
20.088231
8.997882
9.983027
4.278622
12.594720
18.096732
33.737270
22.461319
33.249840
23.105362
29.464028
21.760486
14.255724
11.133424
8.594335
2.648793
4.342297
-4.583089
5.658647
-0.400771
-10.649764
-9.201151
-24.012480
-22.391190
-22.041755
-18.698663
-24.095542
-24.149280
-18.309802
-7.029243
-21.538416
-3.325848
-12.916890
-2.491734
-6.282083
-8.915707
-16.383958
-5.219558
-20.731782
-8.366468
-24.914849
-15.710616
-23.335254
-8.230163
-14.022313
-13.138567
-22.966611
-14.694633
-31.639965
-20.045879
-35.941934
-27.993074
-35.547733
-36.557450
-27.105349
-24.188074
-23.196429
-13.058080
-24.364279
-18.134469
-23.602843
-28.986750
-34.379626
-50.061293
-42.114900
-47.204641
-44.707361
-47.672456
-51.146822
-51.790565
-42.638373
-56.681536
-42.039205
-52.161274
-39.882499
-46.306511
-37.713448
-31.333061
-24.282877
-39.116095
-23.210048
-38.241696
-12.883942
-16.377861
-3.476224
-6.840341
-0.373236
-3.954101
2.327653
-16.269136
-1.012819
-19.843176
-9.669730
-17.172348
-20.535915
-20.933196
-30.372282
-36.145505
-25.267439
-30.989774
-13.961012
-10.641816
-10.287483
-11.063569
-23.785704
-15.644191
-11.648157
-8.395109
-4.690797
-5.233508
-2.939346
-0.450141
-11.015480
6.855631
-7.935514
-3.011219
-13.801555
-16.466416
-22.842179
-13.845212
-20.000755
-5.863364
-16.889176
-2.695525
-15.435593
-7.908166
-17.486137
-22.446102
-31.285105
-23.149105
-31.442274
-13.232869
-25.932111
-9.706685
-18.832819
-13.950183
-21.133923
-25.153549
-22.938385
-14.738120
-24.892489
-13.599953
-17.353293
-10.457814
-12.790824
-18.629853
-14.661181
-16.724304
-20.272334
-24.789870
-28.492278
-30.570585
-26.016505
-26.346843
-22.777207
-44.701148
-36.481324
-39.475572
-36.600704
-45.856086
-46.556437
-53.873435
-49.007151
-69.144105
-61.819267
-81.783495
-72.908211
-82.198538
-68.633847
-74.826199
-67.884185
-73.864321
-55.255594
-61.424803
-48.285030
-55.786031
-51.368203
-57.448626
-50.179286
-56.787335
-54.540548
-70.565459
-63.861284
-66.551246
-55.552912
-56.865186
-56.514249
-46.756226
-40.110161
-35.503788
-30.171471
-34.393329
-36.771018
-37.335987
-44.553385
-32.330471
-42.334649
-37.236055
-40.084762
-31.713625
-28.877686
-20.238907
-25.650437
-14.496494
-25.687037
-16.837133
-27.740787
-12.911661
-18.647203
-7.931869
-17.450904
-8.464604
-19.097406
-11.604020
-28.381947
-22.739278
-32.181947
-24.887572
-36.069478
-31.230590
-35.369117
-33.191768
-49.413829
-45.699935
-54.624779
-51.652518
-58.014125
-56.593590
-51.077066
-41.909381
-50.962669
-51.876266
-57.165992
-58.601400
-59.543859
-66.213012
-58.131984
-62.768161
-60.692056
-65.511989
-55.740809
-62.715111
-56.867158
-62.446518
-51.114053
-65.473117
-56.336676
-68.138991
-56.559641
-65.029835
-59.363280
-59.428513
-49.900515
-53.938079
-30.699048
-41.767374
-25.676192
-31.052074
-26.034241
-36.177722
-29.713889
-37.721023
-26.314361
-35.737753
-20.918362
-30.919214
-26.146781
-25.998868
-23.568669
-21.612987
-21.550712
-21.905770
-15.251845
-21.701764
-20.810722
-16.016693
-13.974032
-6.152640
-11.042543
-8.729507
-11.106105
-8.310277
-1.572499
3.689486
2.894486
15.760420
3.114459
12.868899
-5.741831
0.777070
-4.809430
5.260067
0.063813
10.112987
-0.260773
16.021001
12.945048
21.961494
7.626238
13.777596
8.460848
13.202876
5.541754
16.719837
5.294468
19.351899
2.772195
1.234491
-1.573622
4.215253
7.073207
7.950960
2.495964
6.149402
-3.027733
-0.520542
-6.218025
-15.901959
-16.971672
-22.910012
-20.122716
-30.124986
-39.441454
-34.268970
-17.891108
-21.333058
-11.928637
-21.314105
-11.034064
-19.324763
-5.533723
-11.354128
-9.078722
-11.205737
-6.236746
-13.847142
8.372848
-2.887550
15.472326
6.176043
22.046597
15.875422
23.035953
17.792353
24.172232
16.128841
38.589869
27.324684
42.101938
36.935351
38.854798
39.221193
40.859179
26.542960
30.102891
26.823714
41.410758
41.317569
36.686724
47.504242
51.805014
61.713845
65.681740
60.159534
62.674746
57.753984
51.285875
62.319322
57.803106
68.272998
50.826358
60.411208
62.597602
58.622843
50.387883
58.384855
42.304677
57.408225
38.160967
50.745668
41.131189
47.452536
38.212797
38.717021
30.602590
46.412536
32.596159
38.915493
14.942175
10.238977
-5.126540
-10.078159
-15.037296
-18.219912
-27.115556
-23.177231
-32.943959
-10.935132
-17.843078
-20.049105
-8.036269
-5.583709
-2.969859
-6.640197
-15.508046
-24.375710
-34.476206
-47.440181
-43.143460
-51.916950
-37.422407
-36.034765
-22.776651
-23.972851
-15.464399
-9.895427
-3.454713
-13.050624
7.038077
-9.210084
-5.187064
-26.240799
-14.385121
-16.185940
-10.492565
-5.046928
17.403466
11.090325
33.624979
18.959367
24.993038
18.386678
20.074855
18.487895
22.162525
7.434744
17.618166
8.378626
23.892355
22.462886
26.521359
35.186701
30.030696
26.102444
29.295732
21.821870
25.758970
20.580242
25.935173
37.184146
32.606004
44.882544
29.814816
26.485691
29.359395
30.981856
28.275121
36.920847
18.464269
26.227742
12.513059
20.654563
12.045299
18.519175
21.488320
32.257118
27.782482
42.003071
25.080853
35.894578
27.441654
40.611191
25.913494
23.361261
22.761922
27.324305
17.124682
30.253933
20.353796
26.394399
13.096585
18.511876
17.951920
13.138485
18.923473
26.767189
25.381358
36.855255
39.551690
38.658649
38.037947
19.779930
14.990226
2.353776
8.346457
8.692900
6.789433
7.855064
17.080223
17.732760
28.024403
9.405528
28.117994
24.913849
26.466310
17.542335
16.018314
3.415410
16.049540
4.476257
17.415245
4.538126
12.823965
2.160081
10.428964
12.791598
30.438256
28.570269
45.633349
34.577347
37.907239
33.276648
34.138322
34.409842
31.211011
20.842079
29.424493
24.512369
38.853348
38.413408
36.984540
37.388336
39.142775
48.729191
47.050351
47.160909
40.953848
38.547311
42.558628
62.692643
67.104148
88.142698
81.406099
90.530856
85.537942
90.505267
85.248198
102.119864
93.640953
109.925024
89.316920
97.870417
94.358697
106.272236
94.097129
90.879416
78.759237
87.106751
77.026103
88.920238
72.063193
68.087136
59.225565
58.366665
58.332559
63.941948
62.086028
75.139971
69.605301
75.460795
71.015853
67.568935
76.283740
69.898606
72.590366
75.838549
74.714975
76.150067
80.498047
85.839934
100.579633
94.709003
110.320161
101.481837
106.627455
109.209572
117.040007
107.355161
117.705217
104.730045
124.586419
112.805616
125.042908
113.109885
118.036479
107.329689
111.976605
99.700471
116.592666
104.957043
125.426205
122.202776
131.764289
122.496128
116.131255
114.195279
115.222502
105.232984
121.519116
111.044846
113.021708
108.291585
110.919200
117.734099
116.432190
117.237599
121.527249
121.350103
123.232549
116.595759
110.000172
116.151490
99.601102
102.924010
95.866404
103.309939
98.635961
105.033784
103.368748
104.833509
96.149851
115.485117
106.293070
124.707665
119.468827
128.784381
123.215906
127.157165
116.213035
130.429885
122.734344
137.379408
123.953463
126.822612
120.960085
127.707296
132.315645
145.252389
137.466672
153.371540
149.732796
161.114271
161.141484
163.985643
167.440309
166.603795
167.208127
170.687623
163.411914
174.769231
177.702112
178.373810
193.246026
192.249088
209.976377
208.805724
215.241747
208.065564
213.943892
211.193654
211.939261
197.682991
212.294803
195.445914
209.175868
208.925447
218.126866
214.880224
224.834959
219.278479
230.030040
208.969945
221.417532
212.163341
224.521223
215.020066
217.718361
216.884389
221.117423
209.323150
215.392886
193.521834
206.110718
205.622812
204.739608
200.950317
202.629941
200.855156
194.723507
188.867323
200.742215
189.529110
185.771090
184.326033
169.351962
170.786676
163.329840
176.526601
176.049528
182.285063
185.485041
194.102944
186.876915
188.834929
165.045696
176.482930
165.973911
174.186507
160.906881
162.204620
163.001550
160.732894
143.184686
155.856863
136.302921
153.171894
139.033487
140.284367
136.816077
141.334649
133.760149
138.228862
125.769156
132.666181
114.543768
123.964674
120.041228
112.415990
109.621784
110.068552
111.604144
122.318444
115.305081
125.266079
124.713450
126.150094
130.490613
120.537537
121.622201
117.896614
120.346346
119.485012
124.525292
114.262488
117.214894
102.831140
113.800294
102.397940
112.174357
99.122156
94.501183
88.818218
102.831867
100.730492
121.074409
104.970067
125.383508
107.611319
115.780712
122.897572
139.017914
148.749815
160.965662
151.172434
169.404433
155.389506
168.750148
152.143633
149.606897
146.028261
137.421683
140.430730
143.729270
133.211082
143.184680
136.641383
140.602365
142.180135
139.716131
150.930963
133.188992
130.053890
124.626991
116.312438
119.426840
120.384093
108.450920
131.499952
125.697209
147.227137
145.296538
152.830834
153.689039
148.086569
128.292249
122.772653
97.725402
117.081618
103.234721
116.747089
108.824493
117.240681
117.344126
126.380936
109.490187
119.653850
108.400231
126.037070
127.777350
139.239003
134.062339
125.123648
125.891437
128.469094
117.345748
124.534983
117.433961
129.324107
132.697793
129.232853
133.570911
129.298781
140.675984
145.442885
141.768642
141.890323
146.714384
138.246570
142.429869
122.033490
138.802935
131.723879
135.911584
135.540435
144.695421
140.309032
153.158301
139.653319
156.185316
139.556190
154.912745
143.995881
145.958487
143.070444
147.159033
136.644131
151.702707
137.168930
145.068683
126.240141
137.488010
135.025383
131.027666
133.897282
130.869197
118.745958
124.195657
107.468772
118.379143
123.974710
119.279620
128.676304
124.802087
136.350917
144.504474
149.639570
155.014288
155.003778
148.670490
157.446204
143.804830
153.457716
140.006222
143.389736
141.999259
147.284688
146.187046
147.010049
130.668571
141.090866
120.146844
134.628792
129.568204
139.485435
135.497910
143.052092
140.824494
151.661040
132.287539
143.040743
128.569330
143.471678
145.320782
145.725091
141.823835
139.762073
129.507129
134.190190
121.330123
134.288798
136.772258
140.032048
148.435651
145.259609
149.543706
146.441255
135.806050
140.956910
136.284981
131.913954
124.241817
111.125866
124.250953
110.657124
108.547036
104.346547
117.393396
114.536392
128.698758
127.072023
149.116558
133.997639
142.273312
123.934307
123.859049
119.120028
125.616291
114.360903
130.461128
123.275811
135.513068
122.587905
139.244817
134.971212
137.369551
138.170698
144.297005
134.592963
134.828499
110.672477
107.304725
95.276498
96.415810
97.480261
91.438838
88.532322
98.896755
97.704797
105.781069
107.189841
108.327550
118.539464
114.225250
120.459443
110.682289
110.173532
88.896520
85.788102
81.460381
89.371200
74.895960
89.459673
75.600029
92.345263
74.137791
80.853162
77.156568
79.655159
75.213835
90.247912
79.895299
94.189978
87.902842
97.144920
88.311229
88.935758
79.485656
86.071197
80.374081
90.397723
77.925202
81.657685
77.280277
86.476038
89.217116
92.131214
94.315138
98.753653
101.319960
110.683760
106.366631
99.632943
100.441636
91.166115
88.831731
76.550957
77.111201
74.799016
76.900119
70.833237
78.933691
68.654680
75.684096
65.860572
71.356583
62.507417
73.767564
77.781476
86.882673
77.372916
81.029382
64.579966
72.485359
52.056270
65.766741
57.059253
65.295995
67.631803
75.998194
66.836748
71.793874
66.668273
90.530577
83.955370
87.309373
75.508288
70.151168
56.444148
56.931465
53.373950
53.233245
48.699956
53.474196
59.724269
60.599453
67.393284
67.663990
73.596463
71.183465
75.119145
74.736628
80.031016
70.385522
67.011173
47.819762
45.162612
23.002518
26.526828
21.496339
32.619002
23.348626
37.649320
28.415911
42.552806
28.881983
34.622539
18.831086
25.145580
11.885168
18.219276
2.143734
4.381428
-13.480718
-10.353980
-15.762516
-6.947576
-2.510856
-1.149909
-4.785901
10.684232
3.788677
9.263678
3.050794
-3.110335
-7.693135
-9.437343
-5.242891
-8.611003
-9.163205
-15.669393
-7.903044
4.730079
16.070749
17.033143
29.645573
23.748990
39.499895
37.159110
42.518756
29.948087
29.647344
18.357005
22.942839
11.132060
26.153754
19.729818
35.345614
30.601249
38.812458
38.579198
57.047167
59.235286
73.718762
60.781294
76.029179
68.166171
71.818533
62.739257
67.228643
66.428991
74.074858
66.094890
74.182428
66.926763
67.636932
64.468080
60.826633
63.297188
61.099377
66.032803
67.917291
67.990489
77.815940
85.293977
77.130562
86.638613
71.948476
78.508094
70.479872
72.798986
68.378280
64.876485
52.742483
67.556244
57.160918
76.444584
74.665188
92.245337
89.979725
106.255902
105.662528
117.356637
107.729117
118.241817
99.824082
108.859219
97.897187
101.743047
96.941515
96.532865
85.494052
91.735555
79.271117
88.085654
78.072865
86.175059
80.044221
65.516037
65.531425
60.451217
57.298245
58.716940
49.709925
48.815515
44.469741
37.611127
43.271579
33.027281
41.887066
27.741735
22.615529
15.600990
19.402240
16.548380
22.968102
6.535526
19.989904
14.685357
28.346583
24.416027
29.964646
27.916987
35.860934
22.072160
42.600121
22.608335
36.928689
24.331340
28.751248
22.907943
20.105322
20.831875
37.650668
24.956201
37.554515
28.597669
43.140324
45.469146
52.182455
56.206786
61.114229
65.714074
70.178366
65.525899
77.253338
82.901068
81.561545
92.400349
82.253677
93.560587
87.234186
84.565568
75.715675
70.827544
63.838585
73.704586
64.967707
84.678959
70.770382
85.777389
86.446931
92.498254
89.804735
95.135324
87.830486
104.536421
86.260212
99.205863
83.825271
90.618475
83.812357
77.356667
69.670782
72.559310
62.678515
71.678269
58.671458
67.232969
74.248068
80.060855
81.335617
80.335369
83.583900
93.863630
81.180449
84.350230
75.082578
66.741146
77.458162
69.970958
70.347555
70.237189
67.913660
71.969311
72.550893
63.715979
74.080066
54.756813
65.044926
50.279048
54.186061
52.588242
61.785952
58.523161
70.035958
55.679345
65.004288
53.472894
64.507932
52.835883
53.510981
44.625707
51.072561
40.238245
44.737764
23.617801
35.211924
26.283569
37.118016
36.845345
38.597191
37.271416
34.575653
26.243374
31.345570
18.707977
23.203769
28.523343
36.084839
44.077195
32.018793
34.637115
29.373667
30.447246
36.103318
43.922822
45.934120
57.659276
52.937722
67.114852
53.167802
56.935506
47.937221
49.737804
46.514097
52.781260
38.386876
49.858291
36.601376
52.572783
43.273877
50.995782
44.272969
57.453402
55.321493
66.588769
51.750475
60.867710
51.657325
65.658260
65.701214
67.202494
62.653420
68.105588
55.173913
65.069660
58.666515
66.047563
64.429565
70.333122
79.368723
83.002116
87.279733
80.862557
68.001930
68.426284
67.992284
62.847600
68.223014
54.064402
61.475376
50.385518
52.956081
49.052467
53.096238
48.072237
55.504283
37.285212
47.511356
28.896510
33.433234
27.647090
31.955471
14.034827
20.009968
10.075837
23.240882
8.444490
23.970599
18.966427
22.614737
20.520810
30.703813
30.601447
34.975862
14.347530
22.269088
16.864948
24.024510
24.511887
21.520419
30.300929
34.762655
28.402330
30.342650
25.180650
28.098342
34.309075
28.423682
39.186027
29.937984
40.455537
41.769997
48.398022
52.579902
56.808641
51.219666
67.568452
49.778179
64.054233
52.084111
57.864758
45.946126
52.268258
50.395491
58.327801
52.722106
74.973135
61.757698
77.198154
71.759545
78.434013
81.233930
88.799145
77.426670
79.781235
55.874449
54.848987
45.803960
49.144832
50.243893
49.677881
55.540877
55.531477
43.106608
41.848436
36.818288
36.782600
40.377027
42.528377
47.761949
41.437567
50.174849
50.580511
55.470721
52.512995
53.607485
42.627890
54.128040
44.332509
64.871018
50.309471
55.223942
50.301289
57.205461
50.437060
59.568904
51.454496
63.505966
46.154149
58.842757
43.782133
49.939632
42.296021
41.385468
32.979912
35.327133
21.663623
34.727523
26.207141
32.276227
32.205618
32.859908
32.716437
33.721916
20.643311
25.069345
15.636804
15.052686
4.081732
3.712933
8.706157
-1.582102
-1.543988
-13.097822
-13.739144
-13.310227
-9.551241
-19.108786
-21.623561
-32.322041
-26.185621
-47.126837
-32.907134
-34.522704
-21.284169
-25.077588
-22.598978
-35.526591
-22.818087
-42.116971
-27.476287
-36.487102
-31.620397
-35.146733
-26.002336
-23.864881
-15.805744
-32.676120
-20.856007
-29.911329
-6.679205
-16.783808
-8.649488
-3.341083
-1.513157
1.026196
-7.363744
-19.413237
-8.301592
-14.276211
-11.545829
-10.656267
-14.607673
-18.853005
-29.858209
-22.699693
-21.566340
-18.011760
-19.253882
-25.304663
-37.847397
-30.984901
-44.843671
-31.626938
-47.896782
-45.648228
-47.630113
-38.937138
-39.488252
-31.930322
-45.098019
-21.309556
-29.042977
-9.722154
-28.547529
-31.625696
-37.954847
-36.774701
-44.402069
-39.747121
-55.694412
-37.285577
-48.504429
-41.246695
-41.380129
-39.042914
-42.018258
-42.118947
-45.650786
-42.150996
-63.200835
-63.208520
-65.742581
-60.886194
-44.283912
-42.795419
-26.803782
-24.693611
-23.283160
-22.692514
-27.498794
-38.112750
-42.316031
-65.787057
-57.477570
-78.501235
-75.600377
-90.566626
-94.009392
-95.854992
-91.821904
-102.377894
-77.580887
-92.361620
-80.217699
-88.939689
-79.839265
-86.037550
-90.237980
-96.802612
-92.317993
-113.107823
-108.100998
-127.708284
-116.028452
-115.387749
-107.321763
-99.063325
-95.294572
-103.786254
-99.379222
-100.903463
-85.955642
-94.959333
-98.437827
-96.689928
-107.386496
-106.583646
-109.036756
-113.845684
-119.668208
-123.662606
-127.263377
-125.437118
-138.814010
-114.364607
-123.687554
-115.759678
-121.672950
-121.231772
-124.067379
-120.320195
-127.999739
-118.399354
-135.741131
-116.056136
-121.634887
-110.620769
-106.448531
-90.237412
-87.527907
-73.012850
-85.406897
-67.823918
-82.069954
-66.420368
-75.587126
-74.941212
-77.461474
-74.571628
-77.493449
-65.685444
-78.914478
-71.918136
-70.968392
-56.899370
-51.387823
-47.756399
-42.165734
-49.498816
-50.196261
-47.340916
-53.892552
-46.089549
-47.138240
-61.627887
-47.633495
-53.644378
-37.705280
-44.525365
-36.248559
-34.115775
-28.211997
-34.125574
-25.467333
-44.922777
-34.641974
-55.986098
-54.517919
-63.548332
-57.047977
-54.919629
-39.947559
-48.694282
-32.471891
-49.825221
-29.612468
-34.449188
-26.412490
-28.898795
-28.897953
-29.316433
-22.360557
-32.523037
-20.363437
-30.866703
-23.944440
-23.806116
-23.069717
-7.058870
-0.461226
4.743531
10.115759
9.444714
11.925172
17.550005
9.383476
9.668433
-5.702224
4.238931
1.596237
5.297953
3.629709
12.983547
3.006272
8.956030
-1.798515
15.321566
0.498538
13.450105
10.281742
13.375993
9.206356
18.894123
7.407202
24.168200
5.203377
11.951261
-0.132532
8.002700
1.766536
9.874851
7.517022
21.645720
15.272597
28.029085
28.784001
32.538170
24.316685
25.634573
27.605854
30.791375
30.803946
38.377172
37.282554
39.550371
42.864410
41.843197
46.067605
42.571266
47.520028
38.095026
34.675296
25.512400
29.646828
20.867739
28.307835
18.385032
28.081422
16.751360
30.198437
23.392495
32.213316
22.992429
28.712807
8.314337
14.931641
1.783580
15.791054
6.371617
14.353741
8.394059
25.462233
23.671813
37.505710
30.878746
42.789402
29.071926
29.888485
28.620940
36.149290
36.820176
43.319530
48.152786
57.317975
56.617642
60.482831
61.877171
59.987753
65.392222
49.833717
51.839190
55.648743
57.773561
54.802157
63.942164
61.408782
77.753544
70.992837
79.602677
72.464991
74.529836
59.244358
66.567380
58.073383
63.511942
48.331647
58.479873
44.203376
54.603461
40.843175
47.853558
40.623640
50.331714
43.763429
54.346842
37.541316
45.511832
37.120114
43.478001
35.953622
34.175848
33.827187
37.119655
29.037865
25.162168
11.030311
7.022711
1.779669
7.446076
11.154030
7.075786
11.858622
1.330685
-2.318368
-7.284768
-13.402270
-25.856395
-25.032402
-32.875946
-24.785932
-28.873555
-14.968096
-20.667099
-7.250975
-7.227379
-1.605159
-10.384136
9.340460
-3.375399
7.771786
-7.040899
-2.276441
-9.770079
-14.011617
-25.102032
-17.509628
-23.962067
-0.595626
-10.775955
2.485548
-1.790407
-6.311443
-12.003095
-18.224193
-30.674054
-23.064219
-29.187226
-18.305451
-17.007823
-17.941967
-19.065895
-29.080702
-23.555070
-17.480221
-17.734550
-18.724871
-18.778677
-23.943432
-15.685548
-30.000982
-16.221793
-23.039585
-12.739582
-16.998708
-16.190566
-24.209449
-15.891272
-32.587968
-19.740765
-32.832305
-22.346715
-38.461830
-27.989111
-31.872432
-34.790407
-53.826098
-47.558772
-57.039455
-40.105517
-63.300789
-59.317211
-65.006127
-55.899285
-43.807268
-32.694257
-36.640798
-29.965427
-44.274206
-34.587732
-39.811598
-38.401126
-37.445993
-53.950130
-50.782586
-45.267724
-45.002235
-31.141303
-19.789081
-18.752516
-17.608893
-23.040838
-7.024586
-14.570185
-10.324301
-27.199886
-42.909551
-53.480915
-51.837670
-68.730236
-56.537297
-74.789562
-58.247275
-64.333560
-53.936671
-55.765947
-47.923160
-56.431644
-48.239720
-67.255218
-44.259089
-42.719490
-24.504375
-28.208962
-33.707673
-32.638471
-30.823195
-47.521129
-32.776533
-37.903118
-27.935017
-36.527570
-34.859725
-34.916482
-34.889028
-34.894800
-37.755391
-52.351404
-51.460892
-55.081271
-64.104868
-64.945240
-84.282500
-78.042276
-76.411495
-69.836242
-69.595718
-64.676397
-70.589132
-62.219470
-68.766824
-54.666732
-69.786586
-65.559835
-81.317482
-77.845680
-85.835731
-82.522429
-88.738451
-73.693133
-84.493985
-66.364543
-73.628193
-66.013580
-70.260335
-75.056480
-93.427980
-81.221615
-91.174196
-82.937847
-99.245156
-91.741364
-92.957195
-80.019640
-67.561449
-58.346829
-57.715674
-41.305778
-41.876556
-33.350700
-40.222009
-56.297913
-50.401695
-56.735884
-58.888428
-63.818267
-66.097120
-60.412099
-49.236009
-43.105362
-23.533644
-26.572203
-7.521750
-12.994932
-10.726288
-13.628031
-8.390692
-22.265983
-13.878497
-28.487756
-15.456963
-28.783620
-17.510731
-15.662686
-7.591656
-11.702113
-4.816901
-12.433127
-11.319000
-36.570054
-25.104022
-41.826333
-41.313912
-42.184117
-36.520208
-41.410486
-34.532282
-39.754107
-29.690607
-34.686784
-24.191639
-18.212642
-30.059463
-30.036837
-37.769039
-44.593790
-51.582171
-48.134753
-36.235660
-30.066015
-34.672720
-19.765701
-20.956920
1.936673
-3.348274
5.198471
3.978816
5.468562
-2.430666
9.669975
-7.858449
4.489526
-10.896046
1.483034
-5.674914
-1.394706
-7.016214
2.507412
-7.624797
7.046976
-7.339821
1.162955
-14.597813
-17.864273
-24.302024
-18.294761
-22.595359
-19.180063
-27.618998
-6.732910
-12.005007
1.478543
-5.403809
-14.244115
-9.016548
-21.056689
-16.337188
-12.414265
-9.348324
-5.242321
-6.199739
-7.133361
-6.943900
-25.095737
-13.099004
-13.749984
1.700278
-1.214454
11.653834
11.224350
19.055617
6.066851
19.006742
10.869186
29.702715
20.737653
25.469341
12.062015
21.374345
20.157540
31.662135
18.712619
37.675781
20.713063
31.479590
21.477576
28.255860
26.880176
24.049784
23.192096
37.592208
28.243965
39.789924
33.954312
41.917921
41.267435
42.505237
50.885316
43.632420
49.084055
49.593649
39.957019
41.373637
39.651263
30.918382
45.913505
29.248222
35.093626
23.568903
27.044906
29.175702
29.825524
16.688889
24.024127
6.882804
16.444826
-7.861167
-8.473720
-20.162533
-11.729467
-16.745099
-7.456570
-16.981931
-4.679941
-16.450782
2.036628
-7.334512
-0.263607
-0.286269
0.252382
-4.672081
-1.917480
-18.562952
-8.087799
-23.708670
-10.127182
-7.386461
-1.892394
17.032127
23.019452
36.260328
39.237304
35.380527
39.993074
35.521058
33.656245
44.714211
32.936298
39.886328
28.117735
36.217085
38.426769
40.649134
31.052852
36.018894
23.817672
46.828173
25.519329
28.477642
16.005640
25.016516
27.559300
26.934932
14.379544
25.311941
4.586822
16.444758
9.276831
18.012606
12.481585
8.441839
6.404807
14.465292
7.997215
21.237733
2.272326
13.791164
7.465021
3.060855
5.301208
-5.086111
-7.144266
-10.413089
-25.786983
-21.883544
-33.044136
-27.519785
-21.857300
-28.796716
-16.046484
-15.435443
-8.177267
-7.788567
-13.463807
-26.194459
-24.693804
-29.425176
-9.988884
-27.619823
-14.320960
-25.875992
-19.303432
-23.870452
-17.679051
-24.341196
-6.949636
-23.309616
-5.327211
-18.653518
1.110826
-11.502121
-18.443512
-30.017956
-31.685852
-42.524106
-28.675441
-40.420030
-26.879620
-36.567059
-42.037896
-42.269763
-41.822457
-35.363629
-22.281525
-19.066989
-10.804536
-3.482037
1.094690
1.089884
-11.078318
-5.880898
-14.390868
-16.324073
-17.507893
-14.700526
-18.154079
-11.024452
-13.152408
5.986612
5.789430
29.073318
27.476699
42.865673
43.184060
48.161204
35.290384
45.079791
31.742154
37.126389
23.886317
35.005098
37.243561
52.128650
47.819548
63.632843
59.381779
74.567908
53.475634
57.132572
45.036721
46.909860
34.332516
28.245267
23.961232
30.939146
36.053914
48.003000
50.881301
60.623930
67.737679
63.361167
62.197276
51.139990
48.366791
40.919190
31.124456
16.182413
15.412210
2.529870
-3.482172
-13.645720
-0.010590
-11.453675
-1.992650
-7.481786
-1.724016
-9.232421
-7.696066
-26.145047
-18.392962
-26.369660
-12.397618
-16.166971
-1.475711
-6.342512
-1.485981
-9.199426
16.444848
12.754602
22.941012
7.720805
14.992107
4.568249
5.575991
-2.275413
4.156558
-0.451739
1.097530
-6.807976
4.323933
15.309407
21.360870
29.861910
18.681250
13.706420
16.463809
16.023905
14.255812
15.661764
9.882253
15.859931
0.267929
-0.240924
-16.406073
-14.558470
-22.591436
-18.573675
-21.359481
-11.755753
-19.525337
-5.698802
-14.198926
-4.682372
-13.639981
-12.569719
-28.094205
-22.609060
-47.629527
-52.855061
-66.347339
-45.635612
-50.258453
-45.832932
-49.222799
-41.553305
-40.302260
-33.429781
-40.543385
-29.655695
-30.207920
-26.355213
-37.617686
-41.713170
-37.944435
-37.977590
-23.299433
-12.192824
-6.453499
-5.617712
-7.104771
-9.822792
-3.635016
-18.948466
-15.583280
-24.311432
-19.229792
-29.391360
-20.629604
-24.370664
-0.604507
-13.024098
7.401221
-3.771553
4.740530
4.047364
4.874217
2.075743
17.999668
8.408687
25.379046
13.072322
28.996612
16.213594
19.328628
20.306103
19.386158
6.750250
14.471443
2.353248
9.509959
-4.357750
2.214506
-0.747061
-2.463308
1.788886
2.615288
5.891400
1.764657
-8.522987
0.312387
5.647126
-1.347623
14.275215
8.925818
24.431951
25.363289
38.543563
41.577096
37.880284
29.487941
37.327192
23.057825
34.688330
24.700439
40.159209
40.620098
47.137935
47.023888
53.181459
48.302551
66.721891
45.123889
56.996749
44.063366
48.566321
33.690274
24.357951
15.164301
22.954768
12.222981
32.054894
28.139718
43.866320
47.377865
45.814995
47.312979
43.359160
35.096817
41.711585
38.078044
39.445947
34.253863
27.336078
35.327849
22.817143
26.622057
26.755479
32.800132
43.178967
49.573518
48.555374
63.976176
55.216470
62.290827
40.201868
44.874067
36.721638
43.867723
37.309358
44.886165
33.132254
48.049524
29.476623
37.884309
27.762554
31.625703
33.877370
44.913184
46.185758
62.233802
56.220520
74.282597
62.856370
64.444065
57.311008
60.026480
62.083087
64.568348
58.161614
68.408957
61.235138
72.092960
79.025342
81.887538
95.675120
100.446884
110.658594
107.773673
101.499747
98.930101
99.734271
85.481667
98.094017
84.289276
99.563235
91.992130
102.851558
101.079772
108.324441
98.126901
101.248793
77.400797
83.731975
69.901107
81.196779
70.207655
69.378093
60.740073
80.218794
76.500015
88.782451
75.085497
92.047628
85.786437
93.604393
87.021504
85.351563
79.658252
81.823336
62.386523
61.916272
54.099076
49.588884
43.690188
34.403978
37.846050
31.169497
30.140842
32.685964
33.273726
35.748878
36.779694
25.437880
33.718172
29.609767
37.178520
34.810285
40.619600
30.998329
35.603187
24.797570
39.852524
35.449831
47.314466
33.620116
33.660969
18.081047
17.013146
3.564362
4.472115
-14.447119
-3.194927
-17.164345
-7.831963
-18.556045
-21.577652
-32.085498
-31.580213
-38.587390
-26.486234
-33.087434
-22.385610
-28.541432
-27.220784
-22.395012
-20.873487
-15.649497
-7.746507
-9.973255
-3.236366
-6.504371
-13.137842
-19.716842
-29.050887
-15.445622
-21.286156
-2.371131
0.223336
11.377753
14.298576
19.891639
11.837984
20.675137
0.919600
10.973847
-1.030670
7.403527
2.046919
15.113079
15.809846
29.606105
19.325931
35.643135
23.516733
40.111084
32.256363
30.010082
19.448452
19.430635
4.440572
9.943388
3.193319
20.706105
14.678512
10.377606
8.060139
3.753043
-1.793040
-2.439156
6.774776
6.260134
-0.550339
7.889903
6.245796
2.609153
11.991162
7.186866
21.204769
15.517555
23.398516
17.342237
11.405443
2.603514
13.272121
5.069736
23.069667
6.891197
18.063975
11.405368
17.423000
8.484454
17.352284
9.521649
19.580522
5.233077
14.832549
-1.242035
9.268778
5.912961
13.481940
16.904941
19.701726
7.821119
11.419118
1.741703
17.043921
17.417884
24.541172
31.748043
30.172530
23.581392
26.562765
18.327167
23.151475
23.085642
27.207034
33.162779
28.387652
45.057712
45.279447
56.903026
58.744464
67.103134
60.725935
60.573354
51.394145
59.046388
48.602531
64.593386
62.278205
78.806045
67.068859
62.795711
59.711196
76.674322
73.373561
94.582475
82.979684
103.622859
93.660835
86.837590
76.285278
84.357666
78.478994
88.068066
75.868268
81.873527
63.467999
67.342129
69.138675
72.805511
84.370736
92.826889
93.130801
95.080081
79.636279
71.489129
68.442845
57.555907
59.032324
42.563547
41.745892
34.636421
36.014326
39.103907
39.911926
39.508445
58.319666
53.271492
78.594067
68.600198
76.992133
65.177967
61.690053
54.690265
60.325735
47.398942
61.095399
45.826471
62.643814
45.888770
54.535937
51.964081
54.764295
55.095214
62.232193
43.134868
58.448060
42.682595
52.346787
44.011332
38.826322
39.457927
36.640437
27.067951
23.950162
10.689199
18.825165
23.123612
20.951146
26.935085
5.938707
9.096748
5.465074
9.116339
7.916349
2.429946
2.698436
8.830387
-2.695694
10.656305
-9.404983
2.128074
-4.974374
4.126336
7.279095
12.158976
5.735018
10.697275
-10.398893
1.411556
-10.161432
0.455717
-6.021086
3.019942
2.085744
19.467357
10.286363
23.104236
13.011586
27.422240
21.565780
23.471250
25.895105
29.451928
21.904602
25.323618
21.484294
35.594889
28.790724
30.028975
37.796096
33.481340
38.926329
37.498717
37.179997
36.603464
28.396531
20.611545
23.898319
15.776256
24.906252
16.531095
28.693250
28.921649
34.330280
17.868920
21.149519
4.472237
13.597364
2.546012
15.151450
0.693093
13.214683
0.624912
-1.741720
-12.026248
-1.217627
-1.754983
0.663496
-15.979378
0.322901
-4.372309
2.498987
-1.949295
2.844185
1.591061
5.535946
-4.513350
0.522490
-8.401379
-10.004907
-6.989356
-12.182376
-11.387885
-6.235521
-1.792465
5.184122
14.650954
9.212728
16.710357
13.480953
20.614571
8.216819
5.150006
-0.641913
-1.081502
-14.601953
-5.988705
-11.967368
8.861232
-5.334084
0.855386
-3.137633
12.249220
1.847410
6.393643
-0.612745
4.385743
-8.946051
-0.061987
-12.526844
-1.562314
-1.712816
18.193097
29.516932
42.307851
36.720494
35.956453
21.849786
28.771306
24.293801
24.757103
20.057177
17.579881
22.886218
25.593750
29.109573
31.285996
23.718227
26.071767
37.496584
29.601486
35.181670
14.349750
14.823558
6.387732
3.516791
-0.285903
4.084279
-9.135447
-8.191033
-27.957633
-14.855304
-21.850465
-13.824959
-17.032143
-13.768570
-22.832816
-8.634907
-21.244515
-8.647180
-23.797726
-11.997515
-21.231425
-19.139918
-14.840528
-10.752511
-9.457756
11.347128
0.323499
17.867244
12.663135
8.856690
8.686708
9.454801
13.269855
8.292891
3.812951
10.824228
11.833320
18.856424
32.647678
35.952316
50.462280
43.933269
55.077260
48.750017
51.795270
53.293741
57.508763
46.099846
63.391853
49.109721
54.666120
32.373428
34.357941
31.924803
39.407232
33.575012
47.905633
28.678778
35.696921
16.388804
24.190642
14.243648
13.693826
14.905294
16.850829
9.779501
22.366707
10.531542
22.727324
13.026734
17.864319
31.720923
31.989759
26.475734
29.912981
34.656564
47.135456
40.829771
42.649845
40.252210
19.300685
23.508980
14.382348
15.029105
19.299886
16.652540
4.506150
7.011687
5.567711
13.344836
4.875006
19.532865
8.471763
10.448255
2.474139
2.707796
-4.520624
10.703443
-1.304209
17.568396
10.245808
16.145257
1.320580
4.073675
4.927169
12.710486
-0.717908
9.987845
-4.026109
13.354352
5.721504
8.466739
10.663933
11.902238
15.501107
16.622856
6.195994
14.034382
2.090283
7.217318
15.846516
9.993563
14.886275
12.733406
20.078685
17.970092
18.804475
19.928260
26.672897
13.755519
23.025956
7.128724
10.431364
1.380897
7.140438
-0.364468
2.733142
-7.752170
7.154609
-6.873087
10.305156
-3.085838
1.649717
-2.538922
3.706129
-7.882030
-0.906747
-12.270033
-4.374280
-19.454824
-8.212541
-2.254379
4.218624
-3.496196
-0.133349
-6.181053
6.950309
0.935319
10.909308
13.153753
17.981308
28.953065
32.519271
37.798319
42.203363
41.654585
36.059630
30.796455
24.312031
37.887068
29.364533
33.865399
23.923605
26.403532
19.274652
17.006848
10.757613
18.925736
3.507838
22.377533
13.380903
26.654371
20.603600
25.118598
17.347897
30.641215
11.112755
22.937255
9.805610
23.678594
14.470634
15.527990
12.774903
15.557646
12.681086
14.135334
-0.056203
15.229628
1.472411
5.437783
4.224167
-0.121774
-1.039413
-4.756084
-8.681346
-10.166813
-16.806550
-14.092179
-13.317171
-10.926341
-4.671719
-12.195676
-3.760449
-14.177728
-12.377550
-14.090353
-2.925501
-8.083145
-3.193235
-12.078196
3.783410
-10.560772
2.909261
0.308746
15.764908
14.190900
18.838409
11.638874
29.665300
17.430578
34.310507
20.597968
28.850812
24.350080
33.733327
33.172277
31.557880
31.206490
45.788536
33.925855
35.073660
24.565299
26.278247
19.807849
14.198949
10.576345
1.587594
-14.667313
-17.515905
-20.085463
-11.722568
-9.153794
-9.582821
-1.784902
-19.969882
-8.307882
-15.127568
-16.673706
-9.089068
-3.890951
0.161427
18.233924
10.120242
28.339043
13.276548
26.425257
21.310290
29.704005
27.363966
36.541877
22.405392
37.888535
25.581751
37.886425
30.707920
37.088245
36.428727
38.334121
31.933246
36.294465
25.006754
38.903836
23.168406
36.101721
41.531745
45.193155
39.874029
32.731966
32.171299
34.767874
31.245101
35.175422
28.336233
29.363307
34.699388
20.609989
35.156083
35.419305
44.022000
46.417160
40.647163
36.242823
39.272539
28.615456
44.707612
32.088753
46.680000
32.749834
30.851115
27.796278
31.555288
23.418769
41.232122
24.395334
51.356072
41.404475
54.354560
56.736405
55.349647
54.844846
64.521164
50.505535
63.653742
49.889519
61.125164
51.035030
49.976228
49.716432
52.754624
60.409352
69.397715
61.212953
63.073880
54.730266
56.704269
58.674329
52.381616
59.401705
55.623278
62.393376
58.651483
59.567532
65.207689
71.951153
60.380696
69.655575
55.324869
69.600868
54.502960
57.144149
54.140168
56.985698
51.056600
63.045918
52.129474
62.083344
48.889520
61.972818
53.516541
57.666742
59.388409
61.601152
45.288848
56.731418
45.803396
61.661347
51.672743
60.667519
62.016773
48.954523
41.536939
45.665655
38.445008
44.828773
35.887532
45.767343
56.362943
49.584127
54.335139
48.525116
51.073272
49.497422
45.894505
47.081695
43.648707
32.372232
43.519958
37.158022
52.557466
38.598582
47.621422
40.339583
40.644628
34.461944
41.702761
24.274047
42.010524
27.211397
37.357811
28.923926
36.612215
37.437385
50.255522
43.157515
49.873223
35.711978
41.325349
25.888309
25.013356
20.564816
29.787037
30.765895
33.718742
25.967306
21.857051
10.747019
18.556181
24.323506
29.247880
38.296562
39.982197
56.268638
59.492435
51.020093
44.265427
50.369855
40.647683
42.084948
30.132393
39.775994
29.272544
36.490088
30.116890
44.047300
32.502389
38.777069
26.221757
34.078080
21.829692
30.655812
15.384589
21.226118
11.977799
24.046121
22.655087
36.393755
28.648224
34.638537
15.841303
20.438386
12.937266
10.192037
7.221021
8.092196
1.188464
8.334007
-2.031100
3.001351
-0.254227
2.475479
4.760098
15.339591
23.208609
25.749110
23.002764
18.645286
15.289510
2.446725
-0.269910
-11.763222
-9.304890
-19.887622
-15.867134
-25.664217
-18.238032
-24.029255
-11.947061
-22.001947
-8.201698
-8.930636
2.366661
-10.714889
-2.863136
-16.972728
-6.796685
-17.737847
-6.423316
-11.153254
5.348943
-7.885738
1.110815
-18.800321
-20.283729
-29.665195
-26.248557
-36.129002
-25.011216
-30.154867
-25.699347
-33.265351
-32.750690
-31.971766
-26.096206
-32.180490
-29.092895
-30.690496
-30.851578
-28.490075
-26.990028
-23.757483
-24.889378
-13.078745
-24.137638
-12.958979
-18.207021
-19.462252
-24.345867
-16.157674
-29.606212
-26.288626
-44.576716
-33.777228
-39.928870
-29.338571
-39.254643
-26.764843
-42.318680
-36.068654
-50.230353
-31.422670
-47.595444
-35.088979
-31.704742
-26.816393
-24.665735
-12.530236
-26.248742
-15.835020
-28.777685
-22.570188
-22.002029
-19.531451
-20.308170
-27.279268
-28.756657
-32.703131
-35.044884
-26.392095
-24.615632
-28.019137
-9.484984
-22.279023
-26.565638
-31.473987
-25.781942
-17.977419
-16.614407
-10.799118
-5.749651
-11.789917
3.773610
-12.934425
6.633575
-10.479853
-13.387937
-18.724356
-14.180666
-27.796594
-13.918825
-28.287338
-4.305185
-18.152372
-4.377981
-5.745825
-3.081994
-10.433261
-2.906433
-8.556284
-0.896411
-19.151339
-9.820609
-17.768700
-16.831188
-13.243363
-15.255350
-15.808066
-17.678598
-22.900274
-14.408424
-20.574438
-25.542155
-27.061005
-40.341207
-27.909457
-33.958500
-36.031952
-36.661453
-34.965250
-37.061328
-34.662281
-44.010452
-25.184075
-34.857662
-34.463431
-50.209668
-41.760187
-38.912743
-28.208125
-38.133272
-23.470640
-33.850277
-11.461059
-31.671133
-26.931624
-38.447123
-42.484271
-49.639132
-44.259933
-55.672300
-31.239504
-42.200855
-39.494478
-47.517538
-48.813388
-48.489091
-49.593016
-54.760216
-47.159626
-63.053334
-67.844361
-85.010510
-92.552660
-85.798031
-94.601941
-91.445828
-92.832285
-88.281396
-86.562505
-85.167633
-82.171618
-72.306155
-80.181663
-60.699280
-73.113153
-63.247409
-71.881934
-68.582242
-72.230696
-65.321766
-61.865702
-44.009846
-58.066004
-42.970880
-56.197071
-47.810198
-51.138366
-36.838612
-32.382084
-13.302559
-24.270682
-4.649253
-15.817723
1.265959
-1.876904
-0.128372
-3.805702
3.802610
3.796759
0.001528
-17.232497
-10.680811
-13.368744
-11.642959
-13.479460
-12.941237
-9.775506
-15.892027
-22.705710
-25.368925
-26.484072
-38.063101
-47.872878
-53.839586
-36.119007
-57.512317
-57.727692
-55.942987
-50.747600
-46.988937
-33.867413
-42.658898
-38.826393
-59.153230
-45.408645
-53.335539
-28.621390
-30.977031
-22.004346
-28.851743
-21.020577
-37.550390
-24.063555
-34.367894
-21.975006
-31.226944
-32.288811
-39.410009
-35.990465
-41.678671
-30.845724
-41.221458
-36.917600
-39.285591
-34.577141
-27.882525
-26.145660
-22.739596
-23.481343
-25.739138
-18.128505
-17.594270
-19.534232
-21.040527
-30.291173
-27.168819
-36.898301
-30.055576
-38.935865
-34.214234
-35.188760
-25.598934
-33.991623
-18.421281
-30.171614
-9.253513
-22.776241
-16.772998
-15.982494
-10.423671
-19.638518
-14.586905
-35.209248
-26.497156
-40.295619
-30.189773
-36.155056
-36.381312
-37.830463
-29.840844
-28.777290
-10.270462
-16.517652
0.702435
-4.510297
-3.705959
-2.110678
1.225165
-0.379130
6.053779
-1.084369
5.179521
3.711992
5.203243
11.111149
0.968273
8.859969
0.048100
1.919792
-2.269312
-5.682159
-11.565709
-2.922841
-13.325870
-4.605682
-18.460024
-8.906030
-13.173166
-7.858776
-16.644675
-5.397887
-20.996827
-8.976142
-28.019849
-13.070215
-29.656521
-26.230467
-33.619781
-24.999520
-23.212322
-9.020370
-24.143844
-17.683922
-35.071755
-30.573001
-30.748453
-29.632478
-25.598546
-25.492358
-29.022429
-16.002601
-21.658938
-8.793047
-4.896785
-9.645931
-7.194110
-12.824832
-5.521864
-7.268357
-3.803964
-7.948848
-5.239160
-6.018247
7.867183
-3.199688
11.630444
8.546627
19.128819
15.672200
19.870526
14.145526
28.028840
14.860751
31.211372
11.487302
19.715763
10.729996
15.687348
11.778625
18.709806
11.128982
18.496390
5.967244
23.780665
9.664812
26.841569
22.801976
21.178939
20.430155
13.462381
-1.847478
-4.306311
-23.232213
-21.273890
-30.756133
-35.195115
-38.362426
-51.400399
-50.392140
-54.595850
-56.320486
-49.090551
-51.355090
-49.141294
-44.156023
-45.804713
-25.161667
-33.092780
-23.827690
-37.161770
-37.560840
-42.443741
-37.463355
-45.379557
-29.313157
-36.881518
-12.988361
-16.396026
-5.965878
-9.449224
1.605757
-0.152911
9.212253
-3.525702
14.857831
1.663685
18.851610
19.888955
26.382055
20.180318
16.136958
4.667310
7.405709
-5.038906
3.922990
-3.624523
-1.559453
-2.927189
-5.367291
-6.737004
-14.691980
-15.771934
-10.564514
-8.624389
-6.289520
-2.683610
-3.305869
4.314335
-10.237816
-1.049817
-4.605281
8.784861
1.295155
0.686847
-4.786265
-0.277823
-16.699016
-5.292339
-16.873995
-1.756529
-9.139480
-2.883511
-6.145933
0.345190
-2.965391
11.354135
0.589924
15.680392
1.873390
17.978867
18.471005
28.624333
28.193921
31.039728
34.750767
45.411102
32.690766
43.368512
43.231467
40.087171
41.118012
41.490696
42.190855
42.734854
43.398864
42.985013
42.187246
40.422715
43.890832
32.844491
50.207234
40.234120
52.565145
41.835059
34.577738
34.684478
32.683919
12.855841
18.593196
3.732111
24.917927
17.457311
21.085923
18.128909
26.361361
21.363269
30.943617
18.546038
35.100339
19.829970
30.255101
27.598767
32.240046
28.121260
33.814103
29.401904
40.101896
24.266906
28.855249
11.568850
10.942066
15.430504
8.644119
10.441472
8.982391
11.264600
25.817425
29.353781
26.931356
30.028037
30.083670
49.623913
40.082769
51.483958
58.459051
65.535428
63.598562
70.163996
66.623546
79.863126
54.830779
59.080878
40.638368
49.845545
48.388062
53.586351
51.265743
58.340609
41.714876
60.914158
50.429584
67.046593
63.282676
66.812474
71.929068
74.691831
62.218080
69.634090
56.865618
73.599077
60.288328
63.530704
58.464262
55.551877
58.305298
55.050232
58.417650
70.764994
58.503289
68.093769
68.793451
62.433482
67.658169
50.680428
62.900068
59.291497
64.836964
59.984299
58.485582
55.171300
68.043567
57.514746
80.554417
66.762444
88.497434
78.544637
80.723609
80.007751
87.024484
72.244074
85.056472
66.152953
80.508212
69.879143
77.586549
80.288988
84.397723
80.769844
89.067691
73.512361
86.313849
84.292815
91.702496
83.285802
81.389046
82.963724
85.079096
82.943461
86.868531
80.351234
86.274418
87.011332
86.373898
105.367590
108.541495
119.650292
118.028323
123.032520
118.900563
124.112609
121.293923
131.514388
121.096964
131.959346
114.544080
111.042166
94.985383
94.803355
92.590206
98.186497
86.868990
101.022474
82.983889
99.032478
88.197180
98.248399
86.773372
95.028042
81.132207
84.056429
69.265830
78.886769
70.874457
76.034004
72.599130
70.704094
73.677451
82.111116
74.801900
79.668318
80.539560
89.234775
93.395721
93.314167
102.163781
95.301426
101.114041
102.218612
109.493260
118.313067
127.707929
128.275730
131.230290
120.318443
130.751118
122.984682
128.148047
114.094351
121.558073
120.368558
133.905026
126.684628
138.086734
129.238475
142.927706
133.760880
140.378288
125.103086
130.601057
118.954564
122.502089
106.610440
123.026722
112.532045
117.148851
112.719297
121.797193
122.004691
128.156442
123.508316
131.459555
120.207413
113.378067
105.428844
103.595503
103.773421
99.992769
103.115878
101.492523
104.052335
101.719402
105.474964
100.766453
104.444271
99.030733
112.532311
108.340941
118.888223
112.018229
124.052954
112.450489
120.307454
107.586935
120.107600
109.810432
117.544700
112.136469
127.204477
117.200929
126.146084
114.625167
117.676941
101.561840
105.416063
90.404920
97.233355
84.238022
87.187412
79.685238
86.085542
79.487194
82.932711
81.526633
94.319913
89.316817
90.990609
96.149192
86.707809
78.024789
76.081903
79.568297
85.454764
84.888405
83.775522
94.262337
78.733827
77.110410
67.402836
76.733621
73.755203
84.210132
82.295462
87.595085
79.158691
95.682209
90.718916
95.492858
77.081751
86.038758
76.081537
89.820222
86.641686
95.317678
86.395326
98.442051
89.897167
92.461336
79.238391
82.708314
75.637474
82.913980
75.107588
77.873905
62.886323
67.646369
62.521758
69.585389
71.171766
75.283193
71.527325
65.020136
66.622336
74.049762
72.330100
75.821021
83.203834
84.312745
100.439214
89.222798
97.602343
96.281160
98.548556
87.611788
90.319366
80.416746
92.261009
75.092731
83.830585
73.031464
70.387823
56.264452
58.233708
48.285294
67.093049
57.499429
75.607954
60.877822
72.957501
74.245816
81.366850
72.491211
75.762119
73.376151
80.978438
67.652953
74.919454
66.241670
67.565226
68.127288
64.303508
58.988886
54.999323
54.361487
62.439913
49.035245
47.583320
48.433676
34.855162
38.878463
31.985350
43.709917
43.386970
42.443628
50.182864
56.777413
49.159819
64.098964
51.850949
68.964580
58.731789
68.238790
60.556463
64.905982
61.668947
74.838118
63.112339
75.459819
60.821553
78.398171
73.826479
74.504495
76.327259
90.617994
91.319428
110.038541
107.465205
116.697318
101.749504
103.115056
97.798068
92.536397
93.111555
90.052910
87.593527
105.515504
103.080407
116.632035
129.605191
130.490065
143.914934
131.815083
127.852324
123.244478
119.553788
112.899139
111.037957
109.935340
129.869632
123.215711
149.528698
140.823778
159.681996
160.387167
161.680683
156.187219
159.047869
143.010839
163.033732
142.567686
152.552030
143.923343
148.431604
148.810472
159.728547
150.789120
160.164308
136.047147
143.992168
128.208105
131.191217
129.401801
122.937949
114.114644
120.102771
122.099925
137.795462
123.185838
130.447109
135.587474
142.353452
161.960175
156.220680
162.261854
168.915081
174.893941
182.110102
179.183582
169.210434
174.453055
154.284628
169.338102
161.670483
168.606469
168.305495
171.687624
168.861168
177.102724
160.569823
187.072713
167.838178
172.188701
157.693595
156.603679
146.512861
142.030280
125.189252
131.987577
110.328370
114.997554
101.167206
99.510652
102.789948
105.658086
106.528347
119.059893
112.005941
116.102971
109.100577
112.532006
107.508960
99.393995
110.395793
109.390639
117.171995
118.978173
117.408135
122.205463
122.293315
117.489701
127.403309
111.806254
116.209608
100.863392
105.298867
105.647672
118.393178
117.105411
127.061219
112.149371
124.074821
101.448563
111.734443
106.645597
113.172226
111.190792
120.276355
115.612490
128.900135
119.032820
128.955806
120.086822
126.110348
120.343758
120.454677
111.462250
116.139397
98.326647
104.417437
98.285479
101.904902
96.687012
100.845494
104.232544
106.423685
114.121284
119.982447
120.784340
119.519085
118.233107
116.831556
119.417449
103.377770
103.521933
98.427752
99.884873
97.062018
96.872559
82.856739
94.607413
79.086408
90.462264
74.744410
80.923711
74.744808
80.216129
71.791590
82.394885
70.482263
85.876822
77.367535
94.912489
96.976392
104.428683
98.953204
100.947957
91.808040
104.713237
96.243042
108.038916
96.662919
91.383917
89.083630
90.738365
93.268374
88.964168
89.472025
104.603728
106.211114
105.652521
107.170422
103.919001
101.638492
87.307236
84.822308
77.266617
72.941378
59.955949
58.761046
54.501405
66.358695
58.016647
75.413288
71.025341
80.722418
71.384050
78.324754
66.120950
72.677625
58.754629
75.378948
57.051802
77.216818
69.729910
76.163155
74.423723
83.045079
77.713899
89.414682
82.728439
96.725031
90.136985
88.209886
80.532234
86.470453
92.699762
104.631829
107.975544
111.206308
113.742161
124.328568
136.696980
133.461055
134.406571
127.113517
121.176190
116.539215
105.852668
92.602775
93.925292
79.877752
95.040856
90.274069
108.496468
110.700480
122.446978
130.459135
141.772352
134.577036
150.136345
131.761980
144.506708
124.497543
128.563256
112.318950
123.554902
120.157570
122.104144
105.597774
122.907112
112.892076
127.702974
116.659700
113.437886
102.482052
98.418635
79.212943
77.564459
69.516088
72.256497
61.464445
58.468159
60.353972
44.831016
43.240031
35.026476
34.543115
31.824291
29.100723
24.911695
23.882042
14.194533
13.051024
-1.263512
6.380616
-6.815039
-9.283715
-22.391561
-17.658688
-18.115641
0.610314
-5.441727
10.669861
-2.335842
11.956142
1.044994
1.260232
-5.712245
-8.448415
-25.100041
-20.933786
-36.760720
-19.410707
-33.604517
-19.463985
-19.139360
-17.813746
-21.969877
-12.556078
-8.621243
-3.601478
-10.186554
-0.658292
-3.559357
-0.567374
1.359955
-10.893657
-8.555782
0.125646
3.318666
10.438975
15.555327
13.492687
22.881835
7.934673
18.940037
12.362268
25.441686
21.779655
26.374877
13.478621
19.657339
11.287589
21.449190
0.924413
14.804963
4.633966
18.923980
20.309747
26.383496
18.395729
31.802624
24.936892
35.988348
15.029313
23.768677
12.727733
7.261036
10.999226
20.868263
19.380890
29.834865
30.786750
44.231545
38.327106
39.346461
43.159533
41.655180
44.212955
37.000072
31.912404
30.690243
31.293515
25.100130
36.187337
36.125820
38.926398
25.301808
39.513199
37.018383
40.931977
35.189214
38.679270
28.647476
39.553164
20.411055
29.999895
7.429500
11.858003
3.703713
4.379247
-1.718829
7.204674
-10.427840
1.910744
-18.752154
-9.787284
-16.102081
-8.592521
-18.765368
-26.616265
-35.996108
-34.992649
-43.042472
-32.757268
-46.929645
-38.098854
-35.685042
-32.847345
-25.401624
-27.473809
-30.554302
-26.262605
-27.761224
-25.490005
-24.498491
-26.375624
-10.254498
-16.455703
-2.767067
-7.936833
-1.184786
-1.246972
-1.430321
-5.169456
5.047541
-4.739148
15.528881
-9.547348
-3.516511
-12.253133
-2.128917
-10.808668
-3.919059
-8.322575
12.300755
6.130499
20.516968
3.434299
4.631434
-2.263491
-0.723604
-2.643293
5.337279
2.175358
15.042878
-2.151631
1.084109
-10.322339
-22.706130
-17.590721
-24.668798
-25.698391
-16.094805
-24.376617
-24.064096
-33.058459
-39.099004
-36.313771
-44.108546
-30.524543
-51.704396
-51.081118
-52.658672
-59.966981
-68.089187
-58.079636
-63.763552
-46.249578
-69.392233
-52.090665
-58.065923
-52.410143
-51.906274
-44.784400
-56.666072
-42.487153
-61.526633
-47.466832
-55.900922
-41.596062
-45.170416
-44.534548
-51.431966
-46.446719
-54.991672
-38.868067
-49.291706
-32.360817
-32.065386
-35.101796
-31.973300
-34.131138
-27.664995
-10.833105
-9.479740
7.493089
10.286686
15.865557
19.691142
13.894311
18.346825
3.821377
8.224210
2.300572
1.128713
15.840610
27.409225
20.915568
35.264425
17.734616
35.570963
25.967952
32.884175
30.523165
23.257153
8.148275
12.239578
-13.563422
3.306683
-10.611548
0.436257
-7.012449
-0.920052
-3.602774
2.970712
-9.544530
2.288039
-9.106247
8.099967
2.558312
14.593522
20.044040
16.929336
17.274765
17.426804
13.514875
26.434596
25.087914
19.927277
16.931195
10.045843
21.162785
10.574713
14.597976
7.324070
0.120759
0.308998
10.035029
11.330223
37.348525
35.873855
53.257630
44.476079
42.862634
31.768732
19.003278
2.235639
1.653496
-22.151634
-7.043395
-23.278056
-16.400915
-22.348135
-17.496230
-19.154278
-13.267613
-23.920630
-8.708272
-27.148459
-23.030138
-39.037837
-39.190707
-41.724108
-37.046667
-33.048606
-24.088478
-30.265223
-20.246935
-29.978624
-26.261434
-25.258217
-31.167139
-27.594048
-40.740611
-39.155349
-43.435218
-44.074907
-38.686108
-34.477426
-36.216993
-24.122686
-35.161744
-21.591808
-28.392623
-17.617833
-15.904211
-14.242942
-32.580155
-25.615650
-39.348256
-29.954958
-40.759903
-25.507753
-35.946494
-31.187301
-32.493487
-26.007624
-36.917748
-28.773669
-45.030460
-33.617879
-55.376685
-52.528148
-54.454967
-58.523161
-60.508207
-63.173648
-69.067103
-60.104929
-71.401780
-70.568921
-75.805516
-79.482637
-63.811305
-66.725422
-58.099134
-47.719493
-36.308580
-26.663875
-24.830120
-29.543918
-29.499950
-42.588856
-35.059638
-47.351081
-47.607301
-58.252181
-54.329496
-58.518971
-55.120095
-65.758751
-50.767243
-62.591937
-50.729687
-67.456471
-60.993791
-69.169876
-59.958455
-78.346470
-66.990851
-73.415880
-59.467684
-71.617157
-64.160960
-62.244145
-49.183442
-51.316044
-57.481709
-67.364133
-66.745974
-69.554801
-65.190423
-73.548959
-73.382665
-75.985303
-81.086282
-81.029054
-85.957887
-86.859972
-90.290703
-88.766153
-90.373302
-90.732621
-98.765492
-87.730378
-102.062973
-101.980305
-103.958520
-93.325105
-92.833983
-80.535902
-88.880359
-77.781382
-86.448946
-75.921130
-87.724101
-76.634896
-85.540418
-77.667983
-88.594542
-76.695838
-82.969788
-73.132374
-80.105168
-66.628098
-73.984114
-65.790694
-66.991726
-55.006046
-59.789313
-53.398226
-52.236227
-43.386528
-52.228011
-46.311856
-37.830779
-30.339519
-34.522917
-34.798816
-29.485529
-26.725541
-27.857794
-36.430781
-39.029947
-46.706562
-44.154653
-49.558409
-38.831894
-40.905345
-29.819560
-35.017943
-28.427431
-44.990264
-33.747458
-40.994395
-33.380904
-39.675910
-29.958859
-35.831093
-33.804090
-45.335995
-32.854748
-43.089023
-34.714562
-50.833705
-45.611603
-60.068654
-57.525252
-65.462870
-62.676814
-67.236158
-51.483622
-50.485011
-40.336094
-37.986508
-25.182361
-31.426815
-31.620008
-20.289672
-16.094356
-26.248121
-29.167811
-29.016241
-28.399770
-23.329682
-28.175537
-19.844403
-19.104651
-16.257565
-16.791806
-10.990106
-13.456222
1.216386
-11.910497
-4.020557
-12.446115
-6.617054
-20.543534
-9.860608
-14.228983
-7.800263
-13.424949
2.441800
-7.920123
5.657369
-2.958546
4.289449
-7.171407
-1.151234
-13.321384
-7.689450
-11.666004
4.415754
-4.832713
7.453005
10.845000
15.225722
10.795941
7.009754
0.912486
4.294489
-3.642105
-1.928342
-5.254402
1.206591
7.799371
3.776287
13.887830
4.612181
0.439918
-9.454602
-12.626251
-17.882910
-13.053536
-11.772361
1.478927
-8.518108
7.086322
5.591267
14.456563
10.633198
23.551247
15.634660
22.720459
1.255891
5.941267
-3.581382
7.325162
-6.088624
-2.291311
-3.262045
3.191015
-10.784306
-2.456445
-16.830459
1.444798
-1.020901
11.358520
18.139470
22.237949
17.480818
18.627174
12.979452
24.663749
19.399127
21.436910
25.278262
22.982492
26.094996
18.157304
16.400110
19.701012
14.953063
11.302079
14.290479
1.682717
5.075635
-6.021301
7.319484
0.364180
-0.671734
-6.956155
5.850744
-3.997015
11.211294
3.628690
17.557295
2.940961
12.974402
1.932059
0.614612
-8.154359
1.034007
-12.297713
-7.548271
-31.149366
-15.426453
-18.841058
-16.501534
-24.086533
-29.349728
-33.112041
-27.356865
-35.546316
-27.122680
-35.722838
-33.878242
-32.682196
-37.382590
-31.635923
-35.959230
-31.263515
-29.311190
-37.180719
-36.554035
-24.311799
-27.060727
-7.385671
-13.401349
-8.692289
-23.663297
-20.305872
-16.834640
-19.303110
-34.339131
-36.004950
-45.700483
-24.674327
-38.974354
-27.042949
-31.366750
-31.371573
-40.598036
-34.990703
-52.401930
-44.454013
-58.824608
-43.017537
-52.707342
-46.421691
-44.618521
-34.476144
-32.956265
-16.872383
-26.468471
-10.838076
-13.287941
-10.500628
-13.244698
-14.018027
-9.776044
-8.670568
-4.776007
-6.155310
-10.685192
-13.064994
-12.637146
-18.074548
-8.030589
-23.865975
-12.248711
-22.395729
-23.025637
-23.603611
-23.265224
-27.004395
-14.564592
-29.582063
-12.236174
-24.809121
-16.020858
-23.342577
-17.645021
-21.887523
-17.996195
-37.796942
-29.956394
-49.154822
-34.659728
-42.287178
-31.523847
-32.467619
-34.960526
-42.302234
-32.597918
-44.165407
-40.086515
-54.890523
-45.476567
-44.039765
-44.335941
-44.377480
-47.381331
-54.326543
-54.950335
-63.121236
-56.320877
-52.517694
-54.013343
-44.188003
-49.693216
-40.757282
-51.917200
-58.643937
-58.511122
-57.386613
-62.135893
-49.771159
-62.121905
-47.507592
-61.353303
-47.000651
-55.141670
-51.697409
-51.273956
-35.309163
-40.594853
-27.433673
-43.824291
-30.510912
-36.848898
-29.320945
-36.535945
-26.596365
-32.102503
-29.870754
-46.278664
-32.419893
-39.027607
-24.990058
-16.752439
-4.334204
5.966407
9.425010
17.755500
29.162087
15.345118
21.121464
20.157837
9.802806
13.571729
-0.853590
5.512233
4.006406
7.240588
5.935732
13.282261
12.621707
13.361274
-1.407091
14.112295
-1.455760
-0.642351
-11.685040
-13.094412
-15.322448
-7.175413
-18.535784
-11.614545
-29.226681
-13.250712
-23.399493
-17.982537
-26.782994
-38.863210
-58.595410
-48.080958
-62.265468
-51.939776
-61.512046
-53.371345
-62.056268
-59.589999
-60.636843
-53.803752
-47.908803
-39.988697
-43.288771
-43.647435
-57.164897
-61.927429
-58.847889
-59.027659
-56.602293
-64.501105
-76.232381
-72.858566
-64.153688
-65.055304
-49.930154
-67.265090
-53.866713
-60.387158
-41.208704
-45.702186
-32.858534
-33.046892
-18.875350
-29.602002
-22.253079
-38.303483
-24.228523
-29.751665
-18.553598
-16.852716
-8.022272
-12.024532
-1.024967
-20.918694
-7.325932
-19.437190
-21.890753
-29.449726
-37.053237
-39.703393
-35.375689
-41.144263
-23.835890
-26.467559
-20.267849
-9.270819
-3.450657
0.242776
-1.152406
4.473348
10.476131
9.575014
8.319276
16.080892
17.024926
30.648684
26.963323
40.139165
37.623610
48.997641
39.855585
44.866334
40.893841
56.725323
38.124003
46.217760
31.027756
33.340622
21.876418
26.068250
15.091412
18.506691
16.133308
29.362463
18.685509
39.447341
36.175992
45.044315
40.734571
38.905244
30.284808
33.760945
17.722421
28.816187
23.107182
33.622526
27.215769
23.486401
21.807419
21.870811
28.367684
36.340231
31.273392
28.847454
37.517102
32.721393
34.692813
25.662422
30.612545
24.046246
22.089304
18.295003
27.559773
23.438878
34.732073
22.815442
41.740400
24.763692
36.398936
25.177283
19.100655
5.724925
12.966185
1.469421
13.773581
-12.333959
-11.808944
-15.024014
-5.835810
-12.053638
-8.988328
-15.980973
-10.225404
-11.656279
6.421499
-1.493484
-0.148117
-6.239358
-14.993021
-13.769023
-10.105685
-21.820160
-25.171426
-36.712814
-38.860557
-33.424650
-33.058645
-22.898531
-32.456040
-31.683658
-37.100540
-34.753846
-35.094274
-36.174038
-47.787923
-39.423465
-52.945387
-40.888414
-51.030607
-46.009296
-48.021524
-36.713608
-40.865908
-29.037112
-38.867817
-20.006345
-36.261025
-20.702657
-28.299087
-23.335823
-33.908752
-29.871736
-34.460467
-27.660402
-42.235181
-17.126187
-20.977204
-11.870524
-14.368085
-21.322036
-21.504950
-22.426094
-24.647410
-20.947067
-28.629382
-24.000010
-25.803416
-30.068931
-25.933169
-34.929499
-28.207066
-30.787155
-23.944223
-29.403166
-31.020142
-31.436933
-16.879465
-25.465657
-13.760374
-24.012981
-11.021084
-18.595321
-11.822134
-15.506442
-10.232652
-23.305478
-16.046192
-33.982116
-16.544595
-21.067560
-9.500682
-10.619311
-0.430514
-11.274069
-8.696822
-19.407259
-10.465585
-24.465778
-18.512830
-30.562757
-30.461780
-28.620994
-29.862083
-26.211089
-22.204137
-25.086444
-16.483297
-15.972987
-7.875242
-4.680798
-9.655205
3.841359
-1.169567
5.603837
10.140541
14.392686
7.567833
3.050387
-4.753784
-0.267884
-18.479462
-14.614193
-20.019046
-9.834076
-14.469225
-13.972409
-22.794343
-15.697865
-30.112854
-15.180759
-32.994599
-14.799434
-24.472520
-15.664214
-18.695604
-1.605976
-5.114351
9.392190
3.980175
22.488486
16.110549
16.054215
10.685475
6.449639
4.107845
-1.914741
-5.417589
5.755447
-1.725951
3.306016
-2.338759
-1.609587
3.774993
-3.390429
4.299356
-2.179412
-10.594636
-10.430657
-10.810166
-13.678688
1.070331
-9.257448
7.058283
-0.445764
6.703290
3.904241
10.795219
9.166646
13.597655
5.052721
15.415302
-5.177769
6.193227
-10.231426
-7.187289
-8.354816
-0.292074
-1.178011
14.832970
2.218264
15.706044
-9.998879
0.550491
0.545239
6.416291
7.994857
4.778625
-4.043012
2.277612
-7.774568
3.771515
3.711882
9.662168
29.237135
32.184211
46.809378
43.033188
38.703829
43.974302
39.589521
35.914376
39.910387
21.320495
38.085735
32.552979
43.475586
44.544717
46.340132
48.108045
65.688068
51.578021
61.858133
39.668201
55.897464
46.539099
57.220369
51.779340
52.074340
45.422155
57.692427
47.813557
66.813089
51.370146
68.254711
68.174529
73.680372
73.839907
79.849770
68.482570
70.116794
58.716198
65.819034
59.960013
59.067538
53.094434
45.581392
62.173132
70.811543
76.411799
86.397102
90.086885
95.752176
99.268939
89.344283
105.058679
93.616645
93.258713
85.160613
85.637519
82.226083
85.034613
70.963875
79.859286
73.184846
93.699810
88.653908
113.197795
113.674143
114.358151
107.901467
111.805543
97.133510
109.140547
98.004482
115.039123
102.602805
107.015973
106.720207
107.150197
102.400297
115.607141
108.379439
122.458411
110.160081
114.106855
113.996941
98.234233
91.569372
83.082804
73.855893
76.495416
71.278433
71.353130
61.260379
51.307377
59.111130
44.610290
57.325822
60.774005
69.998202
73.142172
71.839422
69.317430
80.860000
63.101568
70.462103
50.817574
48.939911
38.435260
40.013591
36.406550
47.809253
33.775952
49.731388
43.642228
66.338166
53.009120
57.655324
56.168448
57.592332
48.450702
55.698542
37.205635
43.340155
38.823201
57.422334
57.789671
53.057206
53.090352
54.274366
54.528184
57.380240
48.632442
48.903558
52.481639
45.385825
56.346106
51.646522
53.824007
38.569787
45.534525
45.451311
43.711343
36.183700
51.241787
37.205424
51.316512
36.639238
43.557522
38.705793
47.007127
49.290120
52.886411
39.571774
56.114192
43.164565
56.666731
38.574451
39.138440
28.931454
35.127043
22.637809
33.352862
22.282618
41.858319
35.839342
44.727261
39.461703
40.727989
37.448713
33.064854
23.300482
22.356218
13.587264
19.924823
14.334258
5.554273
17.099927
16.825209
29.970755
25.735435
33.924179
35.859202
40.113941
35.301613
41.969641
36.212662
47.862373
40.015857
53.824306
44.048042
52.020192
51.758873
66.000332
60.088043
67.632341
55.310930
60.510379
41.886908
48.656237
34.924471
36.496129
24.210898
33.412651
24.737468
40.161271
43.002444
57.933270
57.291950
64.731700
63.830855
75.824426
77.646373
87.468087
83.236652
81.379324
65.896500
58.744337
56.478983
45.283068
50.169429
51.661854
64.299932
63.208006
62.821083
54.845145
61.144370
56.367652
62.347442
39.910221
38.215146
18.451988
19.299066
8.817398
22.419181
14.775856
33.748259
31.429116
56.574737
52.325106
65.815069
64.115673
82.637165
74.401906
86.926781
74.363084
83.427281
73.730274
79.498504
75.010749
82.729661
86.280957
99.409917
100.536948
109.087103
107.565422
105.977769
102.026450
109.719187
109.525943
98.986110
96.003816
82.511348
80.243999
74.381858
68.841035
60.771149
65.124956
57.064091
62.350220
59.838604
67.356388
64.967316
75.819690
77.276413
92.945451
85.678204
93.267627
83.154162
95.513413
86.429158
98.082665
91.967434
105.739644
93.594408
99.191860
86.326237
90.990396
80.252937
86.925205
79.434985
85.303963
78.273456
79.159394
74.029422
86.304782
88.450881
92.416168
89.669627
90.741761
92.671092
94.275935
87.361670
82.091320
79.043504
69.149789
57.845750
46.921185
55.828139
55.179058
60.591819
50.974565
54.586475
48.178567
51.899527
51.920127
66.264895
60.871646
71.749941
64.228874
76.605157
68.473596
82.500522
81.327015
91.998254
89.641071
102.401888
89.633781
99.981647
92.538165
94.904525
75.391304
70.291548
58.662558
61.438192
48.125918
46.440689
30.578004
36.017041
34.307531
36.095109
36.702012
30.912112
33.104653
28.836862
24.976620
26.803717
21.089569
13.751238
15.800195
-2.705453
2.923472
-13.069465
-24.546350
-27.890598
-18.608169
-16.107229
-11.046142
-15.591012
-0.978679
-11.097433
4.094020
-12.624117
-8.506370
-17.026332
-12.366832
-18.339873
-10.443579
-34.256982
-17.916414
-28.777408
-17.207933
-28.776317
-24.570573
-29.969794
-31.880433
-37.926360
-32.567938
-54.894480
-45.403976
-52.919663
-53.251467
-51.715693
-57.523671
-65.556464
-61.479095
-65.432128
-61.910559
-62.844704
-56.573457
-42.753361
-37.324899
-30.080905
-40.104242
-31.958207
-34.017047
-42.596210
-52.084698
-52.849959
-70.426096
-57.405453
-67.365432
-54.223295
-54.163508
-45.623392
-50.774518
-46.654897
-57.801485
-46.414513
-58.291249
-43.619872
-49.931029
-39.743780
-53.520743
-54.849084
-61.805153
-65.846324
-81.353388
-66.040772
-83.315778
-80.527442
-93.602647
-80.507283
-75.277689
-78.247028
-83.043506
-96.419126
-104.808354
-100.336071
-111.123301
-106.361626
-101.325534
-103.833995
-94.281986
-103.074335
-103.509647
-112.948360
-115.144821
-113.237030
-110.345614
-118.210980
-109.854757
-119.150202
-99.342563
-102.271519
-89.314376
-88.571649
-82.459152
-85.803019
-75.200532
-96.657901
-90.527141
-107.240340
-89.070926
-95.549541
-93.527090
-96.148465
-84.058338
-93.810058
-78.906314
-93.030871
-76.638461
-80.931215
-69.828905
-64.930027
-66.757701
-70.763190
-60.230807
-59.282586
-42.453943
-45.927461
-37.487165
-33.398405
-30.030430
-25.902673
-46.392722
-47.156349
-51.973002
-54.209270
-53.350549
-55.651137
-61.706064
-46.081910
-54.355376
-41.342973
-59.126255
-53.757315
-60.814074
-57.567185
-70.069921
-64.469244
-74.073837
-63.993867
-83.125773
-73.616334
-87.074462
-80.553682
-80.986437
-74.321667
-88.291319
-80.280052
-96.885907
-84.074036
-101.045449
-96.203891
-98.895918
-101.125965
-102.816991
-92.820029
-102.144109
-94.475892
-97.147986
-89.859725
-90.005746
-88.225258
-77.597884
-81.089877
-78.102177
-87.700146
-91.077342
-91.266161
-93.529406
-98.814961
-90.313633
-101.460489
-91.729215
-100.047264
-91.422638
-96.770015
-103.264393
-117.775077
-114.848206
-134.372933
-120.865748
-127.498621
-108.398038
-110.674605
-100.530794
-105.728642
-95.684243
-99.320528
-84.923248
-97.452346
-88.565963
-102.404846
-88.065497
-88.740811
-82.823809
-95.038154
-91.052749
-97.200779
-87.342453
-91.732183
-85.209710
-88.409432
-93.470487
-95.833413
-104.930986
-109.430023
-105.688191
-104.430821
-93.427766
-85.438796
-88.018579
-76.445858
-88.478356
-76.325490
-76.160983
-77.957756
-78.013942
-75.074350
-79.289436
-64.951176
-77.699197
-65.679664
-73.370438
-56.252064
-63.550447
-54.474880
-55.815320
-41.443726
-50.764443
-31.059621
-44.908980
-29.624015
-30.168873
-18.714819
-24.268451
-18.023689
-32.709870
-26.356773
-33.075719
-19.305856
-25.443763
-17.817672
-16.525887
-10.308629
-8.349634
-8.186621
-12.672588
-13.419662
-23.054392
-23.820213
-27.226955
-38.240500
-30.047406
-33.036774
-20.720921
-17.954032
-16.261174
-23.053947
-19.247653
-36.207377
-26.705019
-41.864644
-32.533346
-45.197939
-37.068818
-42.764437
-36.400590
-37.416526
-24.203638
-31.667009
-9.179316
-18.897509
-10.587027
-30.817041
-32.116082
-36.155831
-25.676681
-34.098114
-17.522302
-23.098761
-17.789969
-32.065578
-31.665372
-33.660156
-22.327049
-18.799934
-13.863628
-25.495064
-8.214086
-3.711114
1.385485
6.237382
4.842457
24.607134
23.635318
40.688035
45.773269
45.713680
45.492577
52.445732
40.722249
51.101241
39.544518
56.701477
53.835909
63.720225
62.532202
73.072307
57.845848
71.769704
65.373628
88.535271
79.010398
91.356767
85.132774
93.616124
89.282522
95.319842
80.581105
92.997682
84.249174
100.528260
98.621444
100.125424
98.100378
97.664298
92.745605
98.665032
90.080943
92.540709
87.346422
84.949200
78.501925
72.870187
75.722415
73.202427
78.937780
87.296428
90.301671
99.914314
102.421979
90.792179
104.792888
88.073674
103.661528
92.344263
95.786002
101.373875
109.099544
103.885588
124.158533
118.996173
131.406012
117.297880
131.324094
124.898840
129.164222
127.373667
126.566207
118.491509
129.816537
114.945633
131.310704
124.357643
131.690173
121.087064
122.304646
120.722472
124.107885
118.587950
128.386227
115.441964
112.306164
100.861800
92.201472
82.542935
67.814686
70.658147
73.013187
69.387564
65.127053
66.784275
70.718635
76.710299
68.346986
86.494442
80.506871
88.299619
79.997674
76.267117
72.035372
78.518632
66.003860
78.541071
59.042016
76.628912
63.774685
72.860460
63.623462
67.959375
60.660954
62.575167
44.926580
56.744899
36.872522
47.329938
34.055863
33.348730
33.376444
33.069842
26.476967
36.629408
31.040003
45.349766
40.517475
52.558177
60.088980
61.368032
64.421380
62.812635
57.647494
57.377797
53.801386
58.258487
69.797483
70.855624
84.079128
70.847538
86.293372
80.859096
91.172256
92.565989
102.478327
96.693846
96.787030
75.814773
91.224727
76.654760
90.726694
85.478639
91.997959
92.849063
105.710065
95.763845
107.586300
81.590404
88.260311
70.012754
67.106500
68.339150
65.317838
62.680025
63.524586
52.274801
66.107941
56.042269
54.670250
47.595103
47.902266
51.969700
39.865166
40.031025
37.733953
29.095401
39.389972
40.767130
55.271285
69.438608
68.105564
86.184587
74.371573
77.586044
78.259422
74.634887
73.888587
84.159641
71.110885
86.228122
54.575918
65.619203
59.057278
62.399790
57.571849
63.202748
60.427863
69.148440
50.764997
70.884965
59.278480
69.642887
61.418444
58.899175
58.646387
67.507416
58.639480
60.608909
44.860080
55.482613
49.495459
43.644650
50.462094
54.779605
53.737517
56.864752
51.922769
47.007242
40.246921
31.199970
36.193700
25.460116
35.710297
35.440102
40.238799
39.338809
35.622300
33.978017
40.861460
26.839401
35.329871
18.031572
28.870603
26.137532
32.809169
31.286875
45.861610
38.530355
51.862713
29.026706
40.527949
20.166703
24.417978
16.770622
20.433085
18.383636
24.315794
6.330008
18.652336
4.312363
14.195544
4.012925
3.506793
8.418817
8.263476
9.705778
18.442822
17.567344
20.331648
17.373481
17.217340
18.701227
17.776734
28.816916
19.940097
24.460495
30.627190
35.393903
34.371416
42.204559
36.901117
57.346397
49.332807
65.023313
47.430261
50.927881
45.833048
43.854048
25.160024
32.939687
26.293175
46.521833
32.379564
40.661002
43.695469
58.072991
47.834122
50.759320
43.850238
57.735779
43.287548
60.507128
60.361490
66.476579
58.030313
46.959603
48.299402
56.263240
57.831230
62.516473
56.944209
58.635971
63.114227
57.088701
58.574813
45.600688
43.746000
35.201946
33.531900
36.300220
38.758930
24.580817
33.106700
25.284280
38.137174
27.131639
34.480380
30.612432
35.364730
29.851524
41.833812
31.810244
42.429678
19.744729
23.375681
19.932605
40.260218
40.595509
58.251132
50.943857
61.085414
49.584226
54.238862
40.019888
41.825875
33.725103
36.576392
31.988424
35.895069
35.428861
40.248700
40.447494
49.785578
53.176799
56.280094
55.886858
51.383177
48.399354
36.614149
42.087041
42.321799
39.887514
37.000403
51.893679
49.694194
70.294829
61.384865
69.114843
63.255816
69.533987
55.295210
55.229540
32.431120
43.518215
30.558434
39.188914
27.144448
38.137631
27.773275
36.637033
21.998913
28.136884
18.450254
17.837649
5.201320
14.612422
11.666926
21.446432
16.904178
22.616864
18.485951
24.814146
24.693600
24.738827
22.830801
25.317145
21.956573
10.883823
3.409319
10.948900
24.460595
22.516550
23.290424
18.697725
23.105681
3.902032
12.541654
8.930358
18.706176
9.744910
11.229411
-2.417542
3.552160
-5.183446
-2.270431
-28.433555
-14.398137
-13.765927
2.081681
-2.469374
12.577214
0.448976
4.841879
-23.715481
-20.850293
-22.882224
-14.677404
-17.548394
-12.135884
-14.953519
-0.020180
-5.117651
3.189066
-12.047418
-10.914646
-9.100651
-5.161599
6.586484
11.100667
17.884178
16.679916
19.254074
25.090494
28.848228
21.922478
32.915051
23.130847
24.512362
20.434525
32.857764
28.458077
35.906609
33.926741
53.562159
44.416641
46.476593
30.003771
43.098651
37.615003
39.208378
33.229662
45.953788
38.118980
61.506858
45.641080
60.087145
47.452781
57.093884
46.761544
42.760961
41.858553
54.113477
42.584807
57.977173
39.478040
46.452077
45.165983
48.207703
57.908684
60.909459
67.284469
71.749759
62.129600
71.863463
76.994663
63.240517
69.679823
62.602897
78.043184
66.199781
62.567658
62.040236
66.392791
63.156176
70.426593
54.751129
71.652527
60.045595
74.710222
68.496939
70.786642
61.537340
54.457566
42.541975
54.077414
36.218997
54.236703
44.801246
59.071054
57.438814
61.937933
56.336953
62.913933
53.386556
70.319128
62.505021
65.844835
62.952566
68.392150
68.986988
65.252340
61.603359
63.822814
50.354897
54.424033
