-10.955634
-14.298392
-23.775004
-17.229347
-36.590609
-39.150932
-52.252877
-50.995217
-49.329622
-50.416633
-55.235893
-63.541429
-69.301239
-71.066569
-79.331108
-76.080453
-72.443488
-66.819493
-49.272055
-59.249566
-40.867127
-37.548313
-23.335689
-12.007997
-6.664451
-3.945726
2.615447
-16.260335
-6.507931
-25.179411
-15.797464
-29.400528
-31.210325
-40.958033
-39.577956
-54.879902
-36.902381
-48.851955
-31.678296
-33.018974
-20.499631
-27.480971
-39.262683
-49.928486
-45.293981
-53.859945
-41.734690
-50.307686
-43.292988
-49.069413
-55.022959
-56.963442
-54.856998
-51.883415
-49.468032
-51.825397
-49.646450
-48.571626
-55.848926
-59.564189
-75.398352
-71.899059
-76.342396
-77.019633
-77.992504
-71.840434
-75.637783
-58.524325
-66.722596
-58.735872
-61.907064
-37.986743
-49.887499
-41.647289
-43.577546
-43.685791
-53.540783
-35.613973
-43.624698
-31.154815
-48.865091
-46.252463
-50.721291
-40.565269
-38.572418
-24.701481
-25.731432
-3.525261
-4.404242
6.088719
4.904805
8.680663
5.201252
4.767082
-4.055588
1.804727
-1.141959
-1.280470
-4.831946
-8.888648
-3.052874
2.987487
7.614820
1.397597
9.518356
11.497821
16.400991
17.775878
26.124808
11.443397
16.247226
-5.197214
-1.978481
-9.987936
2.422145
4.557906
17.194604
16.093046
33.176340
14.751081
17.866821
-1.764194
4.340752
8.060325
14.914953
1.081769
6.163927
-6.401707
4.711364
-2.051571
6.046211
-3.428341
-6.928330
-8.794686
-7.802068
-14.367639
-5.739629
-6.777213
4.352326
-6.333962
-2.819192
10.846991
7.451256
23.271766
14.653554
24.312736
26.369032
29.609164
36.849764
49.070359
41.729894
53.305891
36.445624
41.237737
36.764262
42.668712
35.649434
49.153297
46.015246
64.622889
48.409272
63.537856
56.308380
65.434056
58.954650
56.058632
46.072306
49.625423
33.166184
47.284354
28.931511
36.065818
30.357656
42.692415
53.445379
63.959811
68.335542
76.272153
75.961350
91.038557
96.023188
106.951661
107.967732
92.615411
78.678756
59.997912
59.024324
63.116609
57.070884
55.369789
66.778953
59.470581
78.579874
72.170657
90.107016
86.045323
92.661857
85.806770
79.960776
65.836876
69.856415
49.117967
56.889659
32.105300
39.447861
36.225222
40.919202
35.822578
46.364209
37.052163
55.522046
39.722176
63.317907
73.653071
83.944819
89.664515
85.774279
75.755526
72.018040
51.890346
58.906100
44.381047
47.334540
51.031114
53.884593
60.902332
63.021732
75.544950
83.355880
86.189366
92.619574
98.807920
78.709124
87.767426
82.330779
92.490682
86.996238
91.354401
90.252975
100.718635
88.469463
103.763800
88.076152
96.247890
77.992780
76.997685
73.902915
68.401716
60.390162
65.994598
46.106298
49.911552
38.465792
60.760885
61.435967
65.965240
66.841666
68.402285
62.816252
79.788197
74.202691
85.248648
76.558469
75.866676
82.445932
89.204415
95.968520
95.916422
88.152002
83.310857
81.129705
83.611432
80.845964
76.843305
85.455602
66.997177
77.532938
74.359248
83.066598
91.382554
94.276184
83.786651
89.571892
66.825898
80.607263
67.871874
76.806397
69.104789
76.762261
65.246731
74.633346
61.428998
82.745563
74.958423
90.876645
81.772248
95.085792
92.422262
103.727732
112.443561
119.705464
105.950769
108.308898
96.169792
94.974491
87.651682
82.036570
83.733142
80.797732
65.845556
70.909884
69.957114
76.818593
75.566295
75.109218
89.104331
81.249430
92.824910
80.632317
75.717820
71.343541
68.168957
62.134893
70.030504
55.801669
67.550425
47.449457
45.423644
38.110368
43.545084
40.950975
55.549831
41.237743
55.220498
37.500803
47.888899
35.034955
42.068100
38.452517
44.110137
41.004680
44.498365
26.068343
26.217053
11.409474
14.540087
5.485399
8.250958
18.797059
18.828673
18.488203
26.700010
16.178614
22.010850
17.221411
10.661536
15.035838
-5.758971
-8.494711
-8.293736
-3.243912
3.396401
3.124486
-4.888364
9.441623
-3.966818
9.873496
2.271515
6.253074
-10.212322
-9.380470
-15.911157
-2.366612
-7.860670
5.498083
-9.016659
5.841654
5.216128
21.271195
10.947730
13.375689
10.860253
25.543524
9.489109
18.784668
0.249008
3.633688
-2.479806
-3.516577
8.832783
15.373703
19.378417
26.747639
23.578589
28.369143
23.162636
23.686422
23.936802
19.630639
22.902978
17.231367
5.612161
9.369980
11.247773
8.702377
21.789774
16.142243
41.301789
35.561330
35.589983
28.018713
21.111452
9.691707
18.874710
12.930175
27.332700
13.319378
33.384294
30.753501
47.671704
37.552838
39.307888
31.881602
31.936277
12.742441
25.711684
11.968392
26.408525
21.628150
27.716931
29.428919
31.683611
30.227933
37.188488
24.870173
37.649730
37.648781
35.795069
24.122673
11.799194
-0.262177
-17.698520
-30.414295
-37.318306
-34.378166
-35.600591
-22.775933
-18.225534
-7.497342
-26.411866
-16.773854
-28.433260
-22.349126
-22.543278
-14.103546
-29.384042
-16.515203
-32.665843
-16.905642
-27.278430
-20.181949
-16.512402
-14.713723
-19.060295
-8.057891
-18.507779
-1.783037
-14.323134
2.490999
2.758053
6.275606
-5.505909
-16.085103
-21.572971
-12.238840
-16.697745
-0.847066
-5.595329
0.616570
6.856585
6.409720
15.058209
15.924421
13.424803
14.839113
11.847519
5.240518
9.561334
4.457114
17.032940
5.046732
15.390257
18.503908
22.275284
23.007075
40.825828
37.384393
47.428128
36.114578
54.229273
42.000129
58.729555
64.870252
71.205478
71.511827
92.625263
87.310439
108.830924
98.008328
110.648885
105.284090
112.940526
121.395106
134.368726
136.887012
147.891804
126.581343
134.157514
119.052382
125.543589
125.365515
121.814446
118.318468
122.029382
118.594519
127.803587
128.916994
138.457728
147.279243
133.935855
148.677431
135.659558
135.859922
118.084061
109.103316
110.055492
106.659893
86.016555
91.724871
68.986092
73.028667
59.306593
73.758816
84.184948
92.399707
83.080203
90.126940
76.084928
96.255586
89.379430
101.004531
96.216283
88.284926
79.164554
81.482405
64.427146
65.374320
59.796242
81.098301
73.267895
66.142390
71.434402
68.054952
69.138262
69.004921
56.791796
65.792257
56.597711
57.691563
62.401361
53.820779
70.893650
51.977421
51.719361
48.192629
40.974984
41.207244
44.561068
36.296069
50.744752
35.689215
53.588966
40.602692
48.717838
45.443760
48.361299
36.148447
36.152264
7.523533
15.792069
-2.670239
14.817101
13.372175
16.016191
11.713959
12.188022
11.165928
26.124158
4.283481
27.230077
18.451614
26.925069
38.127486
42.661374
55.794422
64.032646
56.981618
64.747532
52.086209
55.204184
50.905648
37.135287
39.918237
23.935789
28.800181
36.376501
46.342644
65.268745
79.267102
88.737158
108.991497
103.510374
118.496725
100.376265
111.874609
107.940965
107.262521
94.795638
90.185781
74.039765
92.525920
70.476274
91.250957
87.502868
89.615388
88.130148
86.716187
83.033278
94.287971
72.043680
88.515285
78.795682
90.329516
91.755328
82.867169
82.808926
74.365864
62.361960
79.234081
70.153984
77.249253
80.375576
69.538223
77.233115
69.662268
74.008102
82.716763
87.705363
101.974815
104.745302
103.873806
124.980361
113.018409
128.454554
114.084177
113.730091
110.301404
105.060492
108.456178
119.132065
109.023847
124.330753
102.235835
128.453178
119.058070
118.184735
122.245781
128.579505
121.195218
138.025167
117.276292
135.665038
125.900015
132.593312
135.722790
126.790264
125.386347
121.247445
106.619413
117.022223
100.018827
112.235469
106.449486
112.762700
130.381031
117.441094
127.113812
131.271177
123.003533
125.629246
118.137730
114.190076
123.820112
104.394681
113.483025
98.308183
88.430313
84.374792
82.599658
90.044942
100.494976
86.717728
106.053808
85.495502
108.783567
94.482618
90.367272
78.443889
76.959347
77.847182
88.394096
54.732535
68.874647
48.792856
53.659453
50.489789
46.741982
50.235596
42.658614
38.790077
56.229707
50.068553
75.761130
81.826745
84.776071
99.460342
94.694907
107.130414
111.484073
104.210147
107.346386
93.083275
80.238039
84.639919
65.322567
82.448683
67.567189
68.244752
75.017520
71.347995
76.591209
78.460608
62.363944
80.766488
59.232073
80.183094
62.561170
64.522117
58.339428
46.352900
43.161400
61.769798
48.678336
75.651802
57.256960
66.152015
54.315289
46.626400
53.116289
52.285259
45.531406
67.072538
55.005142
69.442197
66.930523
72.503203
80.963530
72.831703
80.435063
78.101578
67.370863
80.207981
63.278508
69.232592
67.628269
45.395931
66.315647
57.318451
63.213772
58.810932
61.611850
72.642499
72.779214
71.092159
87.293985
62.708376
81.058932
63.257404
66.951110
64.558654
66.720145
74.679417
81.911735
65.757622
88.799799
63.877377
77.919366
74.956588
76.558597
82.196748
81.900529
73.790121
92.857243
74.142048
78.289512
64.907486
69.402170
76.923612
65.417510
73.837876
78.722110
63.220031
65.902966
55.085265
57.657833
65.609767
57.217196
77.352295
62.570217
72.536583
77.479786
70.721287
73.848479
71.641017
59.969285
82.196028
55.417953
77.773845
76.222897
76.841296
71.462277
62.499119
59.716444
69.640348
46.165588
66.966888
46.836129
61.417285
56.514241
58.842967
61.489254
64.685086
59.037594
72.614267
56.316357
76.786883
63.671635
71.149919
79.238323
71.451431
85.022761
88.334341
78.448465
88.706359
79.311239
94.726498
100.274391
81.298490
95.702407
76.461988
82.000078
80.439234
73.270645
83.418246
86.195498
86.989683
109.832205
95.789970
127.791959
122.026081
124.681787
124.363752
102.100630
82.107440
84.675191
60.265663
78.107955
51.291877
70.640333
66.916608
70.661335
81.734924
91.425905
83.298672
103.380642
81.941984
96.084410
68.877601
64.273274
63.072526
60.493668
80.560187
89.075121
84.629342
98.361524
82.586118
87.337111
71.552463
57.953436
53.819863
32.945243
38.371290
31.218902
29.930334
51.315098
56.098271
52.375596
68.159187
54.798038
79.426160
70.033549
73.937779
70.846781
60.076588
47.605770
39.251972
12.031524
27.153314
8.358784
21.668928
4.274175
5.628047
4.959669
4.872730
4.010885
17.646233
0.096224
25.548035
8.983686
8.193950
8.277254
-1.158109
7.278600
16.349944
4.907313
14.663550
-4.600983
13.999257
12.233499
4.654639
19.057615
11.646666
25.966687
28.459494
20.585843
31.691061
28.905190
33.720779
49.698492
22.761172
33.518685
12.380243
20.268334
27.610539
26.180091
34.130534
45.891939
29.455110
43.235500
23.739268
48.687072
44.872820
40.991734
38.386133
30.082189
17.940033
27.292904
5.110171
26.453486
5.368453
9.729964
6.249618
2.168689
6.874476
15.431440
10.131450
28.071472
18.310169
36.463921
24.963656
9.783298
12.727404
-0.753655
15.734071
15.680827
2.417513
18.811584
7.274893
3.522724
4.311235
-18.806813
-1.533128
-21.892366
-11.208722
-4.477368
-12.654044
-10.655224
-13.620296
-23.251986
-5.641575
-27.538446
5.857572
-2.989821
0.840319
3.489304
0.758435
2.311338
19.544581
5.655040
28.617933
10.989804
15.268544
9.338911
1.752595
2.234027
3.914005
-5.776520
3.668179
-20.101759
2.910564
12.982000
30.632631
42.142384
24.556734
27.796555
20.936651
4.646262
2.128839
-19.869004
-21.515257
-11.709108
-18.936880
-6.673075
-24.348573
-12.504039
-0.929136
-4.952446
4.937635
4.333736
-2.216141
15.559255
-10.349335
8.778021
-6.890251
-6.207658
0.684899
-8.912953
-23.867116
-16.405064
-29.020082
-5.514403
-25.254719
-6.462613
-14.226368
-15.262489
0.498583
-5.843055
-8.054052
13.841648
-4.075599
18.808013
10.249327
9.863174
5.026790
-11.843187
-5.135755
-11.976224
-26.941394
-13.833558
-33.085098
-25.319665
-14.768629
-24.128710
-1.930276
-9.794821
-0.910221
9.757277
7.243859
11.989283
9.593681
-0.559377
12.596993
-20.425422
-10.072529
-28.525195
-22.827736
-23.158482
-26.453623
-26.622920
-14.945570
-26.600282
-4.188941
-20.243942
6.983236
1.112099
3.610563
10.859900
2.890374
-9.601521
-1.641125
-23.743970
-5.654811
-26.515598
-17.950414
-5.071797
-7.186728
9.609549
11.261888
6.685135
15.873821
4.254253
12.711381
11.330348
-1.962499
16.519828
-7.904348
-8.213477
-8.890893
-15.683616
-8.711607
-9.533163
-10.069984
8.031729
-5.059216
17.686709
7.387572
12.641025
7.739632
-5.291422
-8.457641
-7.032113
-36.200867
-11.191304
-34.067371
-19.920864
-25.066994
-16.455118
-2.654029
9.657877
16.361747
33.780573
9.985471
23.359948
-3.137430
1.188799
-1.182106
-17.898563
-22.463419
-30.967132
-35.760840
-18.302733
-31.862578
-19.091278
-21.807419
-30.235146
-11.364818
-19.226325
-7.331724
-4.806307
-6.697682
-2.033160
-27.565002
-43.711421
-38.009179
-56.721302
-34.615241
-48.024876
-41.366815
-36.971300
-45.735313
-48.848175
-39.447229
-49.604260
-33.112853
-59.343577
-39.868507
-51.640570
-58.051840
-59.762479
-67.218620
-66.366148
-42.812992
-55.959708
-28.210852
-48.654093
-39.570562
-41.054004
-42.816927
-31.803261
-35.533501
-48.434336
-41.309303
-67.244536
-55.664057
-62.393151
-56.199881
-39.592335
-51.761814
-41.220321
-36.023656
-43.486210
-28.133040
-21.853593
-18.973426
-5.102696
-23.081738
-4.754911
-21.432101
-21.496314
-29.371795
-40.321852
-40.908433
-26.790449
-33.936342
-11.536392
-30.964725
-0.086263
-16.639922
-5.943677
4.098951
2.258830
8.208821
15.512924
-5.419928
12.796711
-7.854098
1.896712
-5.735767
-9.210629
-11.274943
-9.721608
-18.549739
-8.772755
-21.511772
0.844495
-0.635852
5.451399
23.956060
17.241067
27.960856
22.462392
8.208925
13.679604
-1.007788
-8.168067
-11.785814
-27.689116
-9.154748
-22.331652
-18.738214
-20.878376
-19.766828
-23.681471
-29.581169
-43.099007
-25.583385
-39.636472
-16.477094
-31.019235
-30.363331
-31.641819
-28.397496
-34.387652
-28.074038
-48.274345
-29.662992
-53.453962
-46.503065
-57.482911
-58.546824
-58.743448
-61.905061
-63.415978
-49.534986
-67.170512
-45.090601
-47.721090
-42.511972
-31.409816
-32.376455
-17.016046
-13.391053
-25.873821
-17.372778
-35.867784
-46.661673
-46.622452
-53.576530
-34.361424
-53.042308
-38.291239
-42.607771
-44.865559
-23.459197
-17.313892
-24.517506
-13.427396
-38.024284
-21.218117
-34.340248
-24.446313
-25.384284
-22.341563
-18.886779
-8.475693
-20.448032
7.440315
-12.722145
11.056144
8.365550
9.195947
15.032386
5.246302
3.444428
8.811787
-17.173967
-9.453041
-20.666476
-24.527959
-25.809721
-34.848756
-23.893681
-17.093131
-14.295198
14.983357
17.682089
37.764037
39.495551
20.475393
30.000268
13.124904
17.795996
7.557986
-3.309566
-4.348702
-2.077826
-2.452990
10.303373
-8.423094
6.588176
-8.327817
6.790678
3.830574
1.468106
-1.066728
9.127425
3.255042
25.601040
-2.426844
18.540925
13.890165
12.041635
7.346243
-0.379567
-5.402161
6.943121
-5.797015
17.247893
9.723494
20.407223
28.908571
27.051346
31.348475
28.434864
21.177436
22.140452
3.161411
14.627658
4.307151
-12.384310
5.288918
-2.902185
15.473847
15.006087
17.764489
22.567594
14.538088
5.456092
11.271666
-10.297915
-3.300752
-20.129585
-8.958177
-8.696606
-7.515409
-0.462133
17.556186
12.568958
35.666542
8.242622
20.291284
5.596244
-0.121293
-14.150127
-26.818094
-37.586330
-34.857532
-51.417459
-28.057250
-38.649991
-29.026464
-29.817350
-30.755538
-29.179902
-34.778123
-47.027301
-34.210018
-49.865182
-43.196177
-56.608692
-66.858658
-51.247029
-54.975053
-39.690292
-34.698004
-40.574008
-35.292026
-36.986867
-37.712175
-29.163381
-53.451036
-42.827725
-57.229397
-50.075985
-52.976923
-45.280200
-43.162111
-37.582921
-41.125989
-12.948522
-34.883217
-11.080400
-13.743989
-7.710364
-12.539239
-20.110769
-29.598594
-14.478466
-25.582403
-1.872856
-19.135632
-10.947370
-18.044223
-23.807589
-28.069169
-29.461706
-33.770639
-23.804733
-30.754811
-10.222835
-12.897157
-16.680730
-9.380515
-21.903426
-9.079252
-9.987054
-8.879384
7.509844
2.723528
4.474207
14.889306
0.589670
13.682711
-5.497601
1.167322
-0.186075
-2.108549
0.595053
-0.785561
-11.706719
7.505972
-9.223176
10.977547
2.731516
-2.540157
-14.586126
-27.374564
-37.929756
-28.984122
-48.776356
-31.656272
-39.216556
-18.519756
-17.667833
-20.370645
-11.271919
-8.157697
-23.082479
-17.294575
-38.266966
-28.998850
-38.256564
-34.382319
-15.655022
-15.113952
2.735133
7.614621
11.491224
26.012806
15.186524
13.820267
10.735489
-6.301545
-2.393026
-30.265414
-32.590688
-50.107928
-57.970182
-43.720682
-33.740923
-42.553523
-25.197823
-30.288850
-5.150144
-23.102060
-10.522706
-12.608002
-18.723669
-25.544787
-31.744809
-60.107117
-44.586227
-75.245745
-64.997171
-62.026332
-57.164118
-51.871974
-53.556061
-57.138088
-38.353952
-49.817285
-30.547635
-45.615030
-45.769372
-46.328333
-63.914992
-59.570563
-68.278908
-71.703436
-62.325303
-64.593882
-55.412575
-45.743088
-42.133495
-27.721276
-31.329646
-12.002123
-13.550915
-26.995380
-24.921353
-20.199050
-23.255618
-6.039702
-27.380668
-5.862410
-19.011684
-6.752493
-0.404846
0.839207
4.516512
9.258448
-7.332787
13.700501
-9.305545
1.912026
-6.942580
-5.761592
-1.935937
5.349275
6.261406
24.945777
14.029837
34.248544
26.459096
34.354199
33.877180
11.237898
5.878378
-0.326701
-9.842980
-0.245210
-11.209695
-3.715614
1.150637
-14.910924
-6.820395
-17.062325
-1.702122
-4.386042
-11.071578
-8.209216
-20.746062
-29.193529
-26.626794
-50.627789
-33.242781
-35.992308
-17.292110
-15.415768
-19.864664
-22.675111
-12.638348
-25.912065
-1.395712
-12.753917
-0.925796
-17.866940
-17.902406
-21.430626
-26.206145
-27.323635
-15.928058
-34.405286
-24.139052
-34.666114
-31.988968
-22.049975
-30.332871
-32.981334
-34.959048
-29.448997
-13.133267
-25.820043
-19.907773
-14.744057
-20.733334
-6.891353
-22.428389
-10.828980
-15.276290
-17.226978
-12.823922
-10.025033
-11.407541
-6.966829
-25.414670
-0.659561
-5.373251
3.557473
3.103432
-4.084281
0.972786
7.781205
-12.637966
8.050881
-8.663564
2.374727
0.342068
6.305750
12.158328
10.658336
0.041270
14.964765
-1.513140
15.750734
5.386258
13.639890
13.841356
1.404279
5.099603
-0.968630
0.495365
14.196635
-3.466865
15.384432
17.525653
11.727883
31.922168
25.056018
33.239146
32.706352
23.521445
23.084796
19.374853
12.183212
29.146412
8.809457
15.850983
0.970026
-5.724337
-10.029867
-2.228120
-6.081417
1.086237
-7.142588
25.036377
0.252089
28.614151
10.970525
19.464844
22.244622
11.972038
23.609241
41.038720
32.351223
35.849392
27.299273
60.682378
59.118468
61.818952
54.941980
64.405991
55.348853
69.403269
52.706438
50.517983
54.524577
57.036277
60.965640
46.486102
51.462888
41.088859
34.610896
54.724013
42.865430
38.934431
36.033958
16.734207
36.739368
25.903384
33.000029
36.700744
41.009219
39.689037
50.740652
36.884688
57.852458
39.977766
62.929603
44.196878
45.709594
59.178681
56.056103
50.572263
60.981915
44.649071
62.954524
50.936022
56.749906
59.811841
59.457653
61.613531
54.525240
46.633704
59.854156
47.933923
64.414489
59.521276
57.964444
65.000847
49.615833
49.511043
43.228156
44.066507
53.156407
37.240404
36.506877
41.447812
30.587362
46.884512
30.618227
38.530327
35.642650
30.819423
29.937372
38.924233
20.344343
50.269025
20.512569
38.764967
30.393836
27.350790
13.609046
5.853009
-3.371024
3.792083
-21.342834
2.631236
-14.718357
-0.802468
-3.213950
-4.955645
9.502214
20.600390
4.490238
21.914534
-8.408662
-8.122549
-12.161291
-14.594335
2.781045
-9.074721
-5.696319
-4.827905
-14.442910
-5.659547
-12.543078
-10.242257
-11.783937
-24.579866
-4.465531
-19.574835
-11.774637
-16.173272
-26.177356
-27.336405
-22.265871
-31.988157
-11.642972
-23.132323
0.071165
-9.872309
-6.062704
-5.528100
-18.983274
-18.052925
-13.389304
-28.600517
-11.696928
-45.121877
-35.207330
-30.428136
-33.246732
-24.234583
-25.879033
-35.466851
-17.810243
-40.744679
-31.374952
-52.819523
-67.091272
-70.072457
-81.977722
-77.447942
-67.136379
-67.670946
-52.084177
-59.083995
-54.221913
-31.805434
-38.184515
-25.577917
-43.386025
-39.173237
-32.199940
-37.037425
-37.596174
-40.552682
-55.176135
-35.568231
-47.905070
-24.124153
-29.156637
-21.517211
-10.647390
-15.554209
-16.928395
-8.617722
-33.696192
-20.638429
-59.483266
-61.122194
-66.632996
-68.972142
-59.520059
-47.186383
-54.247958
-33.551883
-56.734185
-34.367251
-40.163969
-33.637775
-34.143916
-42.146741
-38.539391
-42.314932
-48.721388
-29.882282
-30.502634
-26.810601
-15.315848
-30.908627
-19.201369
-18.815865
-4.797877
4.688469
-7.233539
2.332170
0.601207
-13.088862
-0.856609
-25.696630
-9.469577
-19.613972
-22.745091
-20.447038
-24.410914
-27.600044
-13.036646
-31.639348
4.186665
-6.171513
12.701465
12.084621
4.346700
0.543752
-2.227528
-12.851843
8.429059
-3.870976
9.276267
-5.908994
-11.459746
-4.925832
-10.736467
-10.250081
-11.884605
-26.323934
-13.914206
-30.429612
-27.110105
-34.619094
-49.492330
-36.781889
-55.161196
-52.371743
-44.714618
-46.891761
-32.536857
-34.527318
-38.131392
-22.565001
-41.043370
-25.518074
-43.439216
-43.831867
-42.274532
-53.774313
-57.107735
-47.429408
-66.795686
-34.516080
-48.042867
-31.268444
-43.169750
-38.789371
-23.305477
-16.979451
-31.818444
-20.866445
-42.509227
-19.974305
-24.478943
-27.680546
-29.392285
-33.685160
-24.955244
-20.638628
-32.621766
-14.312890
-28.256523
-23.595980
-26.550593
-41.438155
-36.392337
-47.496587
-38.728025
-19.762042
-28.756874
-27.809720
-27.080742
-40.158694
-30.441194
-47.187165
-37.006616
-46.152009
-43.189525
-46.952806
-55.589121
-50.636853
-44.579747
-61.381250
-35.630693
-58.445203
-62.990180
-72.382717
-67.639923
-58.605363
-58.441227
-73.233571
-54.495644
-65.886331
-37.163013
-53.144291
-43.902290
-33.692764
-45.522407
-53.036066
-52.419089
-63.084891
-35.529793
-56.127735
-42.376982
-40.210697
-48.749261
-38.356553
-35.203067
-30.396940
-20.316152
-24.793898
-13.162366
-23.966699
-27.746748
-19.864078
-40.678753
-25.448161
-43.350750
-46.294111
-37.724168
-40.317034
-42.005963
-21.194022
-27.589434
6.161700
-13.866407
2.004361
-8.732853
-15.706804
-14.048054
-21.598481
-26.880888
-17.962267
-40.974276
-11.512218
-18.484796
7.630455
7.174937
7.086044
15.389602
24.453508
12.098859
24.220238
-7.513872
13.114452
-8.157388
-6.681719
4.164317
-0.041658
8.872953
11.128682
-2.048995
16.210760
16.658374
15.541321
29.591027
15.574163
30.102970
25.032323
22.011951
22.187003
18.709031
25.722208
36.680906
36.052871
65.253363
42.767899
63.692202
47.239942
43.767314
50.662849
40.124192
27.872322
28.257747
1.043729
21.953370
13.436284
39.916050
38.262259
37.280760
49.176932
61.109608
60.863289
83.452272
71.401850
71.025780
51.525585
37.586915
36.151615
23.922598
22.305052
31.540859
16.228388
29.225763
21.131576
37.020541
51.178814
49.283626
64.040901
59.956220
74.502377
73.635408
65.398932
64.237342
67.008997
55.080210
76.659880
62.504664
81.393005
80.834869
80.368172
81.950991
73.817041
70.962288
77.449127
57.743392
69.920006
49.863943
63.422243
47.996714
44.885607
50.087321
61.669348
48.577179
66.201747
43.543715
56.487750
47.165939
44.003904
42.279952
33.994857
36.640163
43.122023
43.987411
53.293879
51.554096
59.963571
62.994747
59.747225
77.781148
71.037514
65.033643
67.846754
57.213698
63.054789
66.439086
51.485388
68.918662
47.549108
65.694262
57.028677
43.746845
47.856334
47.928231
44.229997
60.607582
23.818692
50.163902
29.990671
40.324845
42.637450
42.210898
53.822662
61.594440
52.520367
76.709298
61.234764
78.857964
78.026416
79.485500
83.107421
74.560134
88.865589
101.377816
83.964169
96.568999
90.227980
89.834630
96.720376
96.507330
95.276861
86.787666
73.031642
86.882036
82.122194
85.788187
88.884099
80.380317
86.760478
69.651201
79.133226
63.666231
62.548986
62.219877
52.019751
52.192174
70.577862
64.923954
83.102723
73.866640
88.197235
82.639076
80.564630
71.461990
63.975275
56.896891
78.059532
64.003520
76.685552
78.758209
80.768857
104.099379
86.820734
91.593133
104.237764
90.965024
98.750364
80.410691
71.649993
81.110038
66.699316
75.097588
57.453050
80.510472
79.851306
69.247106
74.219786
81.601666
68.174898
101.926703
61.723313
79.256152
75.023849
78.685731
88.797080
101.608792
90.892409
103.539197
81.257237
109.639453
102.299782
106.343478
102.028652
93.885513
88.655273
77.390696
70.750363
73.995587
52.115162
44.405933
33.765575
41.057354
41.242652
41.567733
48.057194
55.919957
41.751281
65.116660
62.315938
73.234684
76.337798
71.862404
72.750882
64.054568
59.279481
61.236681
52.426031
58.175840
52.440152
45.069104
41.126943
30.887578
42.608665
18.526062
30.947975
33.708515
34.883020
31.207168
40.646280
35.820983
42.802031
33.478158
47.960567
37.455778
28.373715
24.475398
26.666306
13.078541
23.419223
-3.198116
8.637687
-2.214788
8.576263
-0.165728
-2.513048
15.326427
19.747768
24.339842
40.281047
22.422536
18.225892
8.162060
-3.561722
7.837080
-2.092951
3.737101
11.675184
9.252889
24.154057
25.034539
29.241118
54.849821
53.983990
73.687446
72.345222
68.620839
74.870736
63.794142
64.841619
63.134295
51.079406
75.329086
57.958835
70.013768
61.637163
63.803077
58.912007
58.001003
47.272596
57.055770
43.768276
57.602860
39.452051
44.925482
37.765003
33.927787
36.444192
41.014736
30.539371
52.451675
48.376296
71.862180
63.246394
67.330607
70.901315
57.577758
61.945082
59.326385
39.609656
38.049362
20.935987
21.184543
24.010738
22.992488
50.231357
46.096427
58.086032
64.239792
62.092441
70.624690
80.519323
64.576778
78.360910
49.873761
52.563742
45.070738
53.638689
53.144230
55.461455
60.352977
79.349474
70.285149
89.936144
74.376741
90.465224
71.079351
59.710759
50.886744
43.098911
28.322876
44.306490
20.592010
39.532034
25.946399
30.914356
33.102857
31.867148
37.775908
50.544131
47.560152
65.418665
57.933546
59.356047
49.466273
26.421790
28.919000
15.535904
15.791162
12.947113
13.663626
24.232332
29.500646
24.970670
38.373829
25.624368
35.776967
19.718542
21.201916
14.217288
10.791471
0.414559
16.423435
14.116958
38.912902
29.996089
48.123763
48.315941
56.727208
59.782794
65.710877
50.289397
62.352654
48.528284
60.781417
47.258262
52.833920
53.175295
48.986179
42.739283
35.125719
30.357207
44.562396
31.393683
32.295520
31.949825
31.782439
38.111873
30.104700
37.184003
40.039414
38.664178
38.439493
39.486874
35.775543
48.353821
33.365391
46.326857
36.882528
51.051107
51.761582
48.915838
41.010091
46.020981
30.915508
38.538401
27.311981
43.893526
40.417804
47.575109
53.006031
55.738265
57.677168
64.304369
47.514295
60.237816
48.011741
49.790900
46.285494
46.514847
45.151034
45.238625
37.071997
48.758005
35.785484
42.944717
42.634026
43.670530
55.301599
47.117386
47.558277
52.420029
44.453199
40.074667
32.842221
21.632078
28.128734
20.194636
24.470040
16.197170
38.726421
44.001437
45.586657
45.943734
55.529326
45.211364
58.220977
37.865397
47.202658
26.902271
25.159167
17.821131
18.349209
6.377586
11.332641
5.611553
28.612386
13.477771
32.746372
38.501756
47.263505
44.852629
44.066553
21.310271
2.086336
-20.937450
-22.980794
-31.463536
-41.932223
-41.612239
-42.418793
-33.365691
-30.970973
-31.744192
-30.112443
-30.207786
-28.773585
-23.943809
-30.255662
-19.150194
-22.927819
-12.187075
-16.618136
-19.753929
-26.596889
-19.929704
-37.372435
-25.445095
-30.887499
-15.757928
-28.177437
-14.822417
-13.790918
-8.400864
-12.709444
0.566380
-12.912256
-8.506404
-33.382425
-22.468382
-28.662665
-35.827973
-38.348040
-32.249098
-28.763438
-21.261585
-35.219171
-18.033291
-28.186639
-26.234597
-35.998069
-40.575368
-29.106578
-24.897461
-21.538984
-6.776882
-1.323284
6.297940
16.599836
7.468554
25.837700
21.643970
27.047213
30.578547
30.188649
27.477587
28.526988
13.796173
24.312990
2.673272
13.073689
3.936421
12.621271
20.379351
36.973838
35.537885
50.659013
37.527641
52.268141
34.033278
41.582484
31.047670
34.937940
39.158857
47.396990
40.846083
45.405665
32.017289
47.157683
32.975966
33.195132
22.463440
26.575718
30.457975
14.180258
9.991871
8.686314
-4.255690
5.557691
1.385031
-11.479673
-0.666791
-7.495465
-18.255443
-26.073966
-26.263264
-32.535034
-36.306395
-41.894441
-24.045818
-30.959318
-16.155218
-26.668253
-21.832975
-26.380919
-25.287265
-34.167347
-29.795405
-54.787361
-35.732346
-52.558031
-39.324518
-49.719510
-53.040184
-55.048050
-48.421348
-53.031570
-33.902001
-53.528531
-45.171045
-51.798280
-51.129461
-49.489196
-45.693634
-50.418371
-47.719214
-49.796892
-44.017119
-43.562555
-40.197208
-44.625578
-40.659610
-22.386213
-20.610945
-6.863716
0.748413
5.877159
0.853654
3.431089
-10.133364
-7.607767
-22.440514
-6.355103
-13.889500
-8.748930
-17.594516
-11.365595
-21.128076
-8.509812
-14.285170
0.198260
-7.351594
4.909314
-8.161229
-8.737233
-17.264715
-17.185114
-29.590646
-29.648152
-47.518792
-38.396183
-51.137783
-51.240068
-54.633933
-43.738149
-45.537019
-54.148789
-65.604741
-66.270049
-86.641084
-91.546567
-89.443790
-88.080595
-89.337192
-89.041927
-81.022918
-81.341561
-81.725821
-81.908752
-75.420734
-69.920861
-69.010965
-80.674171
-72.626922
-82.173506
-71.804987
-87.866641
-80.910073
-84.852753
-74.642798
-86.559970
-69.320121
-76.966057
-51.940152
-56.744469
-52.953787
-63.650411
-62.845882
-74.940747
-62.757915
-93.117815
-86.450444
-97.910093
-91.141885
-93.980570
-90.788126
-82.044019
-69.448420
-65.952768
-48.314510
-52.762684
-49.161498
-52.525903
-49.967192
-48.101187
-53.528622
-48.667756
-57.020200
-58.465466
-60.164608
-57.820164
-57.084706
-44.897782
-58.751372
-53.988199
-60.045647
-47.128706
-47.812320
-44.743209
-57.664188
-62.368006
-85.948604
-77.310288
-91.792680
-81.601695
-92.140417
-88.001931
-88.325810
-77.932827
-76.945033
-68.966150
-81.050275
-53.577527
-59.957823
-50.440228
-53.246662
-44.151516
-49.838058
-45.129494
-53.821670
-47.491720
-50.268139
-44.482090
-44.596841
-53.203538
-60.983331
-65.979868
-66.598045
-62.771943
-56.943263
-54.448954
-59.924978
-72.030995
-79.573591
-92.743890
-79.152733
-84.574916
-88.526139
-95.834905
-98.847418
-108.713628
-106.809934
-121.766780
-100.205644
-109.563758
-113.533660
-127.606793
-119.981255
-125.419074
-122.606104
-134.289384
-122.841404
-134.211043
-114.101022
-121.901769
-98.899575
-86.654234
-72.007019
-72.396735
-67.351346
-72.984801
-65.500160
-81.221868
-73.560554
-79.064633
-81.718126
-76.485252
-79.703408
-76.615199
-72.100820
-72.331241
-57.927618
-59.044108
-60.081161
-54.696210
-68.476716
-66.585849
-85.553906
-74.051111
-68.830319
-65.668598
-67.937757
-54.102176
-57.843954
-34.785890
-53.544432
-43.478289
-44.197229
-49.583490
-61.856033
-60.038598
-69.820593
-61.868890
-81.102536
-68.050905
-73.730049
-57.835901
-56.424317
-44.823273
-41.528173
-26.099043
-36.086665
-17.011856
-37.256864
-38.184810
-47.732104
-55.716229
-64.486119
-81.045316
-77.073857
-71.842362
-85.389402
-76.347571
-68.698646
-55.632812
-38.155887
-43.151603
-35.456364
-37.095185
-33.026853
-26.541728
-32.601310
-43.011144
-39.033887
-44.685605
-25.743232
-35.442132
-21.092926
-26.405223
-24.721434
-23.998122
-20.232751
-23.467189
-11.215524
-26.122106
-7.181067
-26.489432
-14.343458
-12.379833
-6.774077
-5.207151
1.074783
-6.422003
3.184337
-8.892549
1.523479
1.503903
11.799594
14.832217
16.569709
21.664617
29.271512
22.982642
39.207863
38.589947
43.024571
42.807669
27.626163
31.749018
25.550288
25.358115
28.918320
22.792006
33.971641
44.031292
23.246874
34.551543
13.332367
25.035972
7.651717
-6.187947
-21.105665
-36.245661
-51.065511
-34.076943
-44.850192
-25.246401
-36.610412
-18.955357
-21.934430
-27.650460
-34.569272
-23.065989
-30.106184
-11.637478
-26.711139
-17.352901
-26.707907
-27.935829
-24.934482
-33.952150
-33.221528
-15.549118
-23.844805
-13.041547
-21.440828
-22.400920
-26.124037
-37.316297
-29.630254
-40.970347
-38.195463
-36.568036
-47.885322
-41.220927
-37.545378
-35.901292
-15.578401
-33.016536
-29.270308
-40.147389
-40.690516
-49.408381
-48.952559
-55.155645
-35.649895
-55.125674
-33.141171
-52.382351
-48.925701
-60.167021
-72.969247
-77.974492
-70.419508
-89.154023
-79.363112
-104.620320
-92.412474
-98.688942
-90.478319
-83.291714
-79.390077
-71.611376
-63.003512
-72.243105
-48.935698
-58.052083
-59.498898
-66.894613
-88.803571
-82.103368
-96.182093
-99.223203
-101.795774
-121.549746
-111.929144
-111.062082
-111.024811
-91.479462
-103.657568
-90.179565
-87.964692
-90.984166
-87.214851
-93.889773
-97.843372
-88.836301
-105.248728
-89.148389
-123.594190
-114.674455
-118.903146
-122.720716
-123.725768
-113.388899
-124.382259
-95.551820
-105.607359
-89.982660
-95.725252
-86.265488
-77.664297
-82.029581
-78.353588
-72.489717
-83.222235
-67.294496
-86.950128
-79.142026
-82.917015
-91.876270
-87.121566
-91.403282
-81.208566
-69.815159
-75.354748
-60.510172
-66.193828
-67.832544
-55.625129
-86.032265
-86.360616
-99.418356
-105.767645
-100.693461
-106.548921
-106.620359
-93.674515
-113.813392
-92.129061
-104.929664
-90.891483
-94.778708
-105.863992
-101.352354
-96.247204
-113.167131
-103.689797
-135.697536
-124.535216
-132.119792
-120.942494
-110.968039
-102.954450
-95.946839
-87.395967
-106.122588
-89.499902
-110.982758
-117.495277
-124.742551
-139.854496
-133.228148
-127.231719
-117.338415
-100.548622
-113.606809
-98.705917
-94.575659
-101.459539
-82.222647
-98.395116
-78.476856
-91.500386
-112.613419
-114.587847
-119.329091
-119.570069
-108.761117
-125.424819
-102.757175
-112.461926
-92.954634
-99.186392
-102.243680
-95.750327
-88.544940
-94.950436
-77.812403
-115.223114
-107.569257
-129.281417
-131.059649
-119.120412
-106.954981
-99.136378
-80.205418
-91.151429
-68.208627
-81.509267
-67.414147
-63.334209
-68.450584
-64.840944
-68.656323
-71.226180
-72.736263
-93.554951
-78.031199
-77.972848
-77.826209
-80.063508
-106.045102
-90.848599
-97.126050
-91.416037
-75.531322
-72.460166
-62.782023
-59.056633
-78.633840
-57.144536
-81.582955
-71.494828
-76.540589
-84.531531
-90.364616
-92.208986
-107.770091
-94.083554
-111.137964
-82.108161
-98.117223
-91.757917
-91.387359
-102.565602
-99.721203
-102.301206
-119.789953
-97.650037
-117.590170
-106.541882
-109.579899
-113.501291
-103.078281
-102.281245
-95.377471
-75.187108
-80.594590
-65.281727
-74.916608
-87.828783
-78.972790
-90.712158
-71.057821
-71.352128
-75.613493
-67.834005
-82.643968
-82.356446
-84.212978
-108.501606
-93.356288
-125.701639
-117.934957
-121.359223
-121.444132
-117.881349
-126.446304
-139.790993
-124.576434
-135.218543
-110.967304
-123.911785
-113.771115
-113.658489
-113.596827
-108.688811
-95.478308
-113.273270
-93.888955
-117.523479
-102.355141
-117.426810
-120.646055
-110.451242
-115.969323
-106.770087
-96.024425
-102.003494
-84.458560
-88.244379
-78.674304
-67.756131
-82.488670
-73.402699
-93.779318
-101.689259
-97.323813
-114.336959
-109.489669
-105.362949
-109.490745
-78.600577
-94.976603
-73.073740
-74.665677
-75.590743
-78.592627
-86.106273
-87.065820
-66.720577
-90.602356
-71.054915
-92.898030
-77.693622
-73.663322
-81.456480
-84.608567
-76.153721
-82.991000
-62.142771
-84.108350
-57.664783
-57.087264
-47.462176
-38.710526
-42.580770
-46.198395
-33.592716
-55.894113
-41.124877
-58.559818
-60.036578
-48.502983
-57.565635
-48.519178
-58.361300
-60.148862
-55.504526
-59.811953
-49.091404
-47.809189
-58.158561
-45.186430
-62.872302
-51.760822
-60.121907
-60.067196
-56.591306
-61.474712
-61.012851
-41.354230
-62.970552
-39.710938
-59.845183
-57.207851
-66.860782
-79.059102
-79.160247
-72.491962
-83.358239
-56.882138
-85.359155
-74.272604
-83.922467
-74.417921
-61.554155
-62.554633
-56.831244
-49.372175
-60.002938
-46.884867
-64.840965
-55.775720
-56.117445
-70.676163
-58.120864
-67.716902
-63.710825
-53.425463
-69.768602
-63.149177
-61.775465
-62.557780
-49.675733
-74.404142
-59.520434
-64.258608
-66.251976
-64.052054
-87.281563
-85.678694
-71.799186
-78.905289
-42.758422
-60.518847
-47.224942
-46.457867
-46.738857
-49.461975
-49.330680
-61.826023
-51.480635
-80.009176
-57.719249
-71.077011
-70.298414
-75.355101
-88.536209
-86.723262
-87.118329
-113.568031
-97.432281
-112.870175
-93.287536
-91.111915
-91.801479
-75.927792
-71.156702
-71.456929
-70.545706
-85.895732
-81.598084
-86.676420
-96.008194
-94.438688
-113.305287
-94.376219
-90.511535
-92.397126
-79.964901
-81.442292
-71.889688
-57.452542
-73.571570
-51.185427
-77.769121
-67.714987
-80.955901
-81.337233
-71.477999
-68.654303
-73.403338
-49.972585
-70.751778
-32.500122
-43.064923
-34.970625
-35.288775
-45.747131
-55.610111
-52.334589
-79.862841
-72.333488
-97.672324
-85.912879
-97.497586
-99.761412
-85.937652
-94.325181
-103.819604
-109.377685
-117.868802
-108.990551
-128.103263
-138.805748
-128.444045
-149.356080
-135.211737
-138.046080
-128.821571
-119.698339
-122.226309
-114.150657
-105.262963
-117.699678
-100.670752
-130.264222
-125.040002
-141.458595
-151.038734
-153.531126
-147.444616
-143.505484
-126.900355
-143.132932
-109.304822
-126.128419
-119.270256
-114.744628
-120.001277
-123.845027
-122.381292
-133.552328
-114.641127
-133.727452
-121.217231
-132.433131
-131.068139
-120.798561
-114.899717
-108.655095
-105.976658
-120.898281
-94.935624
-100.177321
-96.719842
-91.460402
-112.741016
-100.859376
-115.783496
-109.957180
-99.104046
-107.847308
-106.508023
-115.878735
-123.764076
-110.854853
-142.392003
-128.790151
-142.284724
-140.573073
-133.721650
-134.333630
-142.596526
-135.104527
-145.778192
-117.986287
-132.162859
-124.346338
-131.942575
-132.189883
-127.010313
-119.767914
-136.203442
-120.356313
-147.593927
-125.735659
-138.479524
-145.056435
-149.422665
-158.537109
-153.698254
-147.961819
-161.965728
-154.870056
-175.944124
-171.497819
-162.006560
-172.125031
-154.852821
-151.823475
-143.701764
-133.996012
-129.980438
-117.714914
-118.345724
-129.884507
-111.262494
-124.018799
-102.912984
-114.547542
-115.708903
-106.010808
-107.338302
-108.169297
-95.117231
-108.969207
-87.197707
-103.712490
-80.651509
-84.180241
-84.399697
-77.336410
-66.298330
-72.584900
-55.822266
-76.149675
-64.120709
-84.650937
-90.060762
-97.268683
-103.117515
-103.290922
-97.048431
-110.978311
-91.476304
-106.352499
-93.776387
-91.833034
-95.918221
-85.750144
-91.049830
-85.422360
-77.913569
-93.126560
-89.697150
-90.248919
-96.333970
-80.695186
-102.087137
-98.566444
-109.635569
-103.122740
-106.797077
-108.591926
-105.130785
-96.803876
-122.323602
-113.409089
-136.057178
-119.451317
-132.155626
-128.361375
-120.284317
-110.755475
-116.844783
-101.016522
-120.107538
-99.148956
-101.709561
-90.823055
-90.890815
-92.457330
-89.362146
-88.427038
-91.350552
-81.358893
-95.035077
-88.118901
-96.980272
-101.777891
-89.016327
-102.522407
-95.069198
-94.493619
-106.612003
-102.737118
-113.570462
-117.935599
-114.908854
-130.618519
-119.995403
-136.525241
-138.463774
-138.181302
-139.371501
-135.246877
-115.588688
-124.054120
-103.315228
-121.624223
-103.599017
-111.732819
-116.189884
-120.904910
-127.139665
-140.742994
-125.324745
-142.815792
-114.123965
-121.398888
-112.011605
-107.170890
-108.857035
-116.956742
-118.314340
-127.812935
-110.390692
-130.217880
-123.321056
-129.825762
-127.846456
-116.422926
-118.228429
-104.710717
-89.112665
-92.581215
-70.731362
-68.838290
-64.994425
-53.491722
-67.356476
-58.627674
-65.974028
-66.117628
-77.401968
-96.819121
-108.697313
-113.213751
-126.385685
-101.270790
-123.299976
-110.551030
-115.305699
-102.970073
-97.459295
-89.989256
-88.748963
-74.058292
-96.633032
-73.547934
-90.231575
-75.716337
-77.245631
-82.506855
-84.527484
-76.023833
-77.011317
-54.140720
-68.879161
-59.641152
-70.751615
-81.090936
-79.110973
-84.715822
-80.372750
-70.216636
-79.296903
-63.426314
-60.089146
-53.555297
-38.883714
-45.950854
-33.003180
-38.260796
-39.631109
-46.080068
-58.958280
-62.838146
-61.237892
-69.255731
-59.365681
-77.905116
-61.916081
-75.567389
-74.092649
-66.546784
-68.902932
-74.097218
-65.454984
-102.967334
-89.152734
-114.724438
-120.776650
-133.201477
-138.986959
-148.960565
-151.406640
-161.283206
-142.775178
-152.928878
-131.634067
-130.490910
-126.025038
-121.311557
-124.549693
-124.957325
-128.912553
-146.334226
-139.821134
-160.327766
-159.263878
-153.995156
-171.150628
-161.623063
-167.242777
-160.269936
-157.091585
-167.960980
-160.306098
-152.599679
-164.001614
-140.754553
-156.256115
-136.658414
-134.198828
-127.920880
-123.020164
-125.786501
-129.434629
-118.386810
-133.313381
-102.251307
-109.802690
-101.760785
-103.415629
-106.971049
-116.632602
-112.193995
-126.461035
-115.918981
-143.157973
-137.111945
-140.591644
-138.490725
-131.241023
-130.572142
-123.171605
-113.332572
-117.289840
-93.543904
-106.590722
-103.007686
-101.579328
-114.797181
-99.948923
-101.134549
-103.088084
-96.683601
-102.807122
-102.889977
-94.363183
-93.288769
-69.906235
-81.638030
-62.033156
-61.346285
-63.828399
-53.026786
-46.149766
-61.126898
-53.783507
-69.152267
-46.212376
-58.488713
-48.129942
-53.239375
-55.425593
-53.787545
-37.933548
-48.308585
-31.229592
-50.885299
-28.822688
-40.187614
-53.818466
-52.509126
-56.548865
-47.714893
-34.708913
-43.974460
-26.746424
-35.906164
-31.069776
-26.430620
-36.646900
-36.803043
-39.650083
-41.968026
-30.131344
-33.983129
-24.506484
-35.582028
-58.146275
-44.889555
-54.232846
-45.157786
-55.222213
-50.724317
-39.126823
-40.037498
-47.130493
-27.686912
-47.529903
-31.407988
-47.935902
-35.448580
-32.921900
-34.991523
-30.436511
-32.954763
-51.982777
-40.028117
-66.927895
-43.809401
-51.235607
-53.249912
-47.187730
-59.143296
-58.419438
-48.517626
-71.259651
-49.161124
-57.777076
-47.387629
-36.824972
-41.435492
-33.025664
-37.441037
-43.403118
-40.508131
-63.482568
-59.581246
-50.380457
-52.724305
-30.819918
-36.931905
-21.876537
-26.554583
-25.505518
-18.217774
-21.600779
-29.318297
-13.398549
-38.076657
-25.996305
-53.705529
-44.242742
-50.523382
-55.016231
-42.845053
-34.272882
-45.927211
-20.381221
-36.944235
-17.637422
-30.651610
-29.378288
-30.945029
-45.804617
-58.408728
-60.307597
-90.790357
-78.095729
-91.470970
-84.296559
-78.703473
-86.525161
-62.952835
-67.058127
-73.748060
-58.621867
-63.181757
-45.959023
-44.158197
-57.591766
-57.102897
-91.163194
-87.719021
-89.298168
-93.039744
-84.314770
-85.291458
-93.138500
-76.428577
-86.017393
-52.233901
-59.983806
-54.684004
-67.055300
-76.707693
-76.690550
-79.503685
-90.731252
-75.102586
-106.612166
-82.256758
-85.160936
-79.392628
-74.490831
-71.519984
-68.863683
-46.399951
-54.357954
-30.632135
-44.504958
-39.085933
-40.654965
-49.576495
-58.432740
-75.136083
-75.481024
-63.489827
-76.536977
-55.561750
-56.870738
-62.847370
-46.058363
-52.853189
-42.372593
-49.144993
-54.887160
-63.356676
-79.763338
-86.240258
-81.449780
-90.973470
-55.198793
-62.048789
-41.015139
-33.343993
-31.450796
-29.760770
-26.505643
-25.963547
-1.637649
-23.985668
-8.164213
-25.572522
-30.824175
-33.044507
-28.770448
-29.710874
-21.490405
-45.957403
-24.519860
-43.374724
-33.729029
-42.762279
-43.154839
-36.037490
-44.183156
-45.990105
-36.317425
-62.693146
-47.166473
-53.284393
-60.237408
-50.821322
-60.014321
-46.337321
-42.754417
-43.052971
-34.315337
-36.258598
-22.840875
-9.836016
-25.119369
-13.128977
-26.013535
-16.998607
-24.589565
-23.919116
-25.497038
-25.253923
-30.711969
-3.122169
-17.750358
0.764484
-15.870516
-8.682041
-4.083347
-9.415689
-19.375127
-14.637281
-33.126622
-14.609646
-31.830840
-11.937172
-15.033020
-20.379376
-11.301370
-5.663995
-11.948441
-3.146824
-15.029025
-10.298236
-27.802824
-27.565412
-17.323924
-37.853976
-28.181086
-32.262163
-32.570141
-13.370853
-18.106317
-9.182201
-5.868824
-16.021106
-2.645503
-20.592039
-14.019499
-19.379067
-32.974891
-37.125967
-41.208643
-56.209187
-44.179311
-75.063529
-54.893213
-50.344209
-25.235699
-15.397856
-11.600059
-10.726394
-5.562952
-27.963754
-17.354287
-41.801595
-23.555742
-34.408762
-52.919913
-62.441438
-59.986425
-53.347477
-38.554985
-48.765810
-22.405550
-21.232756
-17.794836
3.099029
3.453635
5.282705
-5.044598
-17.913286
-22.806331
-45.169850
-51.287494
-52.257676
-76.100836
-76.139316
-89.798325
-82.643507
-85.287043
-88.633733
-77.964281
-72.371201
-80.272273
-65.713302
-85.095455
-67.246621
-86.884801
-81.444212
-85.186446
-93.207471
-92.521288
-77.480521
-83.315548
-67.165533
-77.042321
-50.021251
-53.490121
-49.530550
-54.203441
-60.743923
-62.717218
-52.949863
-70.553132
-55.495778
-64.770912
-67.795006
-68.651771
-69.245123
-56.738689
-58.725655
-60.828593
-60.537458
-69.196121
-57.895882
-57.354202
-75.508472
-67.126926
-85.509420
-76.479619
-78.230386
-69.207260
-57.799493
-59.325918
-67.244491
-62.877096
-74.801609
-49.736466
-70.632908
-56.152688
-60.152080
-74.434574
-86.161224
-80.742750
-99.626224
-90.666526
-110.466562
-85.721801
-92.511478
-87.495326
-77.253968
-69.881650
-66.826733
-57.486453
-70.083712
-59.448864
-75.036929
-70.059318
-70.359699
-80.523511
-77.587215
-75.076299
-75.501592
-69.484802
-77.616024
-68.126325
-76.998760
-83.523704
-62.130145
-69.452414
-64.048744
-73.591592
-70.500737
-73.492993
-74.162691
-78.263051
-71.411325
-85.942852
-69.802223
-76.804881
-63.806716
-64.309270
-57.602341
-67.461528
-66.882204
-78.408335
-59.368134
-66.987554
-49.263481
-56.594723
-45.698828
-44.208276
-37.841359
-42.702212
-34.308696
-50.288953
-37.137631
-45.328017
-41.464578
-50.171925
-57.600598
-59.008409
-57.350533
-60.001836
-57.225963
-61.412815
-53.504547
-57.896975
-50.088522
-50.482268
-58.042776
-46.409188
-48.628370
-43.128108
-48.374069
-54.481078
-70.724895
-68.765986
-88.740890
-82.792982
-98.769435
-84.512398
-90.472323
-84.882039
-79.091464
-68.652671
-70.088572
-52.136303
-67.173037
-49.243589
-61.837181
-53.421469
-51.077451
-49.692182
-52.835412
-47.374661
-68.587845
-50.803020
-54.639048
-34.556835
-26.619824
-5.040381
12.664418
15.752509
23.859825
35.910065
21.201249
26.898368
7.219456
3.489575
12.166950
1.892035
10.218533
-7.474879
-1.655581
8.956615
16.270632
25.110815
44.382309
41.160870
55.222977
52.948724
63.942989
56.203787
57.904128
42.811151
42.787831
28.963197
43.465486
34.609359
54.678899
45.299362
59.378137
57.389266
70.988101
64.063322
70.168452
54.987928
65.868494
51.578691
57.548627
45.444391
39.739742
31.830998
28.682572
28.055998
38.673074
34.559133
54.499906
57.246564
62.073189
58.484983
55.894426
52.263042
40.816807
32.958184
30.926267
22.347814
21.185869
27.397191
33.580612
56.504495
52.402506
70.281349
78.699486
95.105770
95.824199
105.758182
95.390205
100.616619
72.705702
78.022945
61.462193
82.351193
72.121815
72.031775
62.445551
77.859079
73.355402
92.988362
91.217669
104.199844
83.577439
83.912846
76.671800
77.061904
72.075056
80.271943
75.064457
83.379749
79.830821
86.063625
91.735909
86.753133
91.667324
86.101484
91.085240
103.168297
108.337034
109.068111
108.356449
98.826216
102.021416
77.705622
70.937878
55.849003
55.301080
57.356978
52.549236
42.618455
57.346270
56.768385
83.258882
67.808325
75.130903
70.948259
81.592498
72.300430
73.691385
61.446418
75.470340
62.547890
79.355639
72.449134
79.210936
89.476341
100.296936
96.840807
100.301472
96.766352
114.738975
99.460987
101.908776
95.844155
90.476657
92.225210
88.441401
79.404586
77.710436
66.345785
70.056345
74.015394
78.386106
89.203367
83.047302
97.334670
77.002650
64.549196
51.566470
53.989326
49.556994
54.275904
42.511973
66.222538
52.753380
60.331304
55.823948
65.522181
57.949671
63.326559
43.382106
45.862288
20.036200
24.755240
6.624645
5.348430
1.308544
4.612375
2.500298
14.679126
3.892462
13.418791
4.549937
16.089270
9.872186
6.120296
6.754926
10.421225
6.366284
2.913793
-13.183853
-26.399462
-39.229341
-50.986906
-44.700141
-57.508768
-46.510551
-41.437888
-30.727708
-14.004407
-9.241480
-11.365288
0.439216
-13.126252
0.639341
-25.800809
-29.281833
-48.269810
-47.847073
-50.849361
-44.164438
-54.572007
-37.903420
-58.026037
-42.822111
-48.995468
-38.405574
-27.655538
-18.663825
-26.112403
-19.610022
-40.778935
-22.821192
-38.162349
-39.915316
-46.094365
-43.072674
-31.164147
-25.654000
-33.614301
-20.072713
-31.763209
-30.806587
-35.858784
-46.941129
-35.644516
-49.400133
-47.221643
-49.683957
-55.450697
-57.626445
-56.045889
-61.105036
-52.164506
-61.246191
-40.384069
-45.476835
-43.753207
-46.237842
-45.276196
-50.882276
-46.180901
-73.331749
-59.094224
-85.732005
-67.785560
-76.043546
-75.364658
-68.880539
-57.038232
-54.303188
-46.738001
-70.372916
-53.267086
-72.061394
-73.572277
-72.400116
-76.851267
-74.797217
-74.070956
-78.156120
-57.076693
-60.474766
-47.145615
-52.705614
-64.818602
-56.201095
-67.754352
-66.009655
-68.711619
-80.434940
-77.417137
-84.952831
-87.276998
-77.125975
-101.953321
-82.078938
-90.144205
-84.602761
-83.547121
-83.419272
-88.998449
-89.301893
-106.731697
-87.117633
-108.400829
-95.312779
-108.245132
-112.604164
-114.510512
-116.044530
-129.102929
-112.778857
-121.274710
-97.936917
-111.244998
-100.868689
-96.569562
-101.995326
-100.516316
-96.354936
-108.622801
-94.232922
-108.861898
-97.174240
-105.492862
-117.456398
-112.317757
-124.519558
-103.958678
-101.695509
-100.609649
-83.278789
-90.901564
-96.302892
-88.564975
-105.638172
-95.446739
-118.704180
-119.124623
-106.957976
-112.787831
-119.747485
-110.508822
-122.408440
-111.930361
-146.555803
-130.341745
-137.604690
-134.548037
-127.426754
-131.712683
-136.578340
-123.632013
-137.860620
-111.461931
-126.647100
-116.699034
-117.098779
-115.712203
-113.546725
-107.499816
-114.861061
-99.751444
-118.538237
-103.452346
-111.937955
-115.238530
-109.662298
-128.413193
-124.319259
-128.561517
-144.077015
-138.564156
-142.906853
-130.764927
-120.453583
-144.363196
-126.110715
-145.856802
-144.508108
-137.498225
-141.344293
-129.665564
-118.576527
-130.773605
-114.733622
-133.984144
-106.293828
-115.839748
-114.057746
-114.504024
-124.699203
-132.261603
-112.729197
-128.000576
-104.057480
-117.210243
-99.107873
-95.693101
-94.349873
-86.771222
-97.863300
-110.046540
-94.404887
-113.437528
-97.630781
-101.152937
-108.850110
-99.213756
-111.286750
-93.669894
-87.307593
-91.628196
-71.648549
-76.460435
-79.525996
-82.022966
-93.836923
-69.818536
-84.826304
-81.959135
-71.980688
-78.141163
-64.882162
-62.992529
-69.460894
-42.578284
-62.935327
-43.746006
-56.009926
-49.666503
-45.281900
-48.972512
-46.494878
-28.894844
-41.657634
-8.606217
-29.794485
-11.598355
-20.930666
-22.413589
-21.961509
-27.168537
-38.209395
-20.009773
-35.759918
-18.545053
-33.982148
-37.406815
-20.160332
-31.292349
-31.327875
-46.092475
-58.247948
-49.786603
-70.023967
-64.033596
-56.276227
-62.420869
-44.737501
-59.854994
-61.453734
-68.900053
-74.798313
-67.517041
-73.128305
-78.872020
-54.088358
-74.066507
-53.129104
-66.937267
-59.213243
-48.963616
-58.638540
-62.796507
-54.994845
-76.431949
-61.846724
-80.074650
-59.028065
-57.046580
-57.596335
-54.029031
-54.261942
-59.354684
-51.705520
-73.642521
-57.894931
-77.629088
-63.895427
-61.542413
-62.911679
-47.988533
-43.476020
-51.495711
-40.550478
-48.781637
-38.314135
-31.226645
-40.963487
-22.287004
-47.242919
-43.216911
-41.929066
-48.614839
-38.721151
-43.803666
-51.188377
-28.993150
-47.499251
-30.362791
-40.307439
-29.663269
-25.114822
-30.917568
-33.098686
-13.218240
-20.598753
0.282455
-17.010468
7.154263
-5.512240
6.387845
9.651068
5.751117
6.681008
19.251361
4.680184
31.391707
17.985672
36.120510
40.741064
37.721105
40.255117
35.776295
26.822096
38.592770
19.916849
14.077261
16.946231
18.338152
27.393854
17.514378
34.210904
39.469550
36.178866
42.835764
32.687894
33.762666
33.962852
9.574431
33.940856
23.727710
40.849853
40.839974
32.920355
32.079442
36.726118
27.716385
52.092723
31.248391
52.847703
38.411883
46.618465
48.239118
42.371322
35.736727
40.711402
32.966576
49.699703
35.030646
42.259481
28.426097
25.701242
32.732039
25.358686
27.149795
32.202268
12.001417
27.734103
30.275702
39.985349
51.107623
44.146376
50.683914
49.173946
54.329105
65.727773
56.587857
64.856803
63.805745
40.368467
47.926527
30.712093
37.023450
31.559303
29.963702
37.924625
46.336740
36.625076
61.213069
45.867413
63.588645
44.341948
36.673730
27.595011
21.010768
16.124488
23.623278
6.908209
33.256927
18.683944
36.031838
22.351597
14.566006
18.880391
16.171266
13.074452
22.266277
4.307317
21.921659
14.687533
17.638844
23.804274
9.635247
18.280720
14.389516
6.874785
16.648181
21.794712
25.584881
27.875657
10.623178
23.764939
1.980814
12.052698
9.617725
9.920018
9.211522
2.426020
-9.460283
-5.123902
-30.939151
-17.275093
-32.595579
-26.168978
-30.970646
-23.825935
-15.209542
-1.547412
-19.267966
-10.376001
-35.714397
-22.017004
-23.321923
-23.768681
-18.537119
-6.984131
0.535584
7.121906
-15.837421
0.941357
-10.120255
-14.906885
-25.046065
-37.853935
-26.192372
-23.984824
-31.882999
-26.062308
-37.546858
-27.102785
-19.340090
-24.509956
-4.146644
-24.353181
-15.413313
-11.324271
-15.020787
-13.829051
-10.852955
-17.734807
-0.028185
-18.140164
1.534976
-12.946372
-5.791328
-1.633561
2.422157
4.197271
15.146126
-0.764729
12.305372
-17.548035
-12.704899
-17.942563
-20.019372
-21.627214
-25.142095
-29.707760
-12.727015
-32.003126
-14.493659
-17.943035
-11.692567
-5.295254
-3.026089
10.533321
9.468603
7.258689
24.975688
18.246905
16.630017
17.682819
2.961317
18.196550
5.720198
5.342787
-4.608603
-10.828721
-3.433191
1.020742
-4.109845
5.095345
-9.177652
13.490873
4.693697
4.777816
5.729586
6.406306
-4.153716
6.179093
-8.755792
10.993774
-9.978709
1.272928
-9.138477
-8.716381
-18.257615
-17.522181
-26.903157
-12.297228
-32.445528
-12.988376
-18.235048
-21.196464
-18.721687
-29.127305
-24.352399
-14.034257
-19.092248
0.342581
-8.891089
-7.101211
-8.088943
-21.402534
0.904663
-1.241215
5.458224
3.322148
-8.941975
-2.286070
-7.391780
-20.306294
-11.455520
-31.953302
-9.200538
-23.644175
-13.898250
-7.143781
-4.898348
-4.357005
6.209035
-8.281641
11.618850
-15.484573
-5.821507
-12.475376
-14.912622
-13.709694
-11.586209
-24.434129
-6.286978
-29.154696
-7.810754
-18.986561
-8.267745
-0.761047
-5.454572
4.992887
9.419217
-12.205991
6.188812
-3.503360
-6.131913
-11.847028
-23.397365
-14.854552
-23.108432
-29.063685
-25.590618
-29.616982
-14.321172
-1.254151
-1.916615
22.627714
5.841402
21.798179
10.832858
14.779753
26.613851
20.198257
19.562395
33.088886
20.879134
45.776552
25.608391
43.199306
33.039292
37.373203
44.053244
43.757363
32.596650
47.998695
26.173644
47.971560
32.546145
38.905269
41.624304
42.641777
41.025182
39.032211
30.602026
48.383586
34.494578
50.421001
58.971348
55.053821
77.566070
71.948716
73.740189
85.959731
73.739612
79.245470
69.291934
54.509262
66.808317
48.683317
59.707568
51.022252
57.730552
65.580721
59.620537
55.692538
54.760643
36.905379
51.793137
31.363634
44.508057
31.339880
25.430811
32.921074
32.199285
16.292524
37.061558
21.628597
42.238165
25.618445
31.097469
30.821289
22.795481
19.506707
24.663408
12.721426
25.223616
11.483424
18.941902
15.123203
11.729845
17.881579
2.282239
3.104065
3.816264
-3.843799
7.470791
-3.285525
-12.011823
1.614402
-6.724712
4.523676
-3.907418
9.831652
11.844905
7.786997
-1.030385
3.557969
-15.394815
-2.732151
-25.348406
-8.557442
-9.058586
-5.463843
-5.188383
-0.456329
-11.214106
-0.161559
-17.774692
2.032652
-14.925999
-6.814882
-7.356912
-12.915616
-7.846853
-14.472793
-15.859126
-3.480341
-18.614798
-4.726180
-6.507238
-0.434262
-0.789428
-8.002375
-15.611678
-9.147026
-11.603508
-5.804461
-16.843385
-13.929789
-9.363350
-24.020786
-13.174006
-27.583280
-16.955418
-11.944310
-17.680833
-18.708203
-11.973814
-22.821311
-10.387170
-34.013343
-19.697792
-28.266976
-19.533352
-17.233965
-4.707997
-14.113509
-2.435445
-12.161830
10.315228
-5.036868
1.375743
-16.739755
-20.393108
-19.568306
-15.565641
-28.085480
-26.970394
-39.750951
-32.177743
-47.079267
-38.495361
-30.203954
-33.340881
-34.244484
-44.006246
-43.541100
-37.441674
-46.911245
-50.652016
-52.309374
-53.175067
-38.261467
-48.461693
-45.451217
-56.747336
-56.710842
-53.220492
-52.153833
-59.689867
-46.343595
-62.882850
-52.504837
-68.656954
-58.838324
-63.274465
-65.902073
-76.827221
-76.730829
-81.579007
-63.752343
-77.684056
-59.374269
-69.452908
-66.358520
-68.991792
-55.209588
-55.572641
-48.831271
-57.053724
-50.744911
-69.844316
-67.883500
-68.696023
-67.033667
-60.108715
-68.035510
-64.837887
-59.881600
-75.040226
-75.537140
-72.627626
-74.393817
-65.649669
-67.987465
-71.991763
-67.687692
-59.610348
-58.947662
-61.088442
-58.531190
-47.263810
-55.601696
-49.641701
-62.028522
-57.346079
-72.630621
-70.732833
-72.909314
-62.938286
-64.328254
-44.394106
-55.447849
-42.248258
-47.873812
-48.086823
-49.668599
-56.678393
-62.196095
-52.133655
-65.788749
-47.830229
-50.142649
-42.586205
-52.218768
-50.690828
-58.196105
-64.068894
-64.393054
-63.793906
-73.080326
-72.452300
-82.262896
-94.113981
-89.758707
-95.226407
-95.631277
-101.380292
-102.633121
-92.382968
-92.735605
-91.735376
-84.283888
-85.871753
-74.582691
-81.173328
-77.669504
-70.195275
-63.683566
-75.288340
-64.803564
-80.715455
-63.277645
-78.027032
-61.757503
-61.501169
-57.260081
-52.514003
-38.604668
-49.784864
-44.862483
-58.411875
-47.643554
-58.620304
-62.465818
-74.291517
-84.784256
-91.680205
-86.483100
-95.002041
-81.723599
-93.605705
-96.060013
-92.022616
-95.305651
-98.732627
-112.721967
-116.923726
-117.908995
-128.283324
-124.442799
-122.877937
-128.441854
-115.361955
-118.520076
-94.298323
-113.263320
-115.493934
-115.231067
-113.960711
-115.446156
-100.152583
-120.931948
-112.991194
-131.128130
-112.553736
-116.604238
-115.974729
-108.126227
-94.956938
-100.966839
-68.391083
-91.781292
-73.790860
-81.431784
-71.934779
-72.526347
-80.151863
-85.519843
-79.900887
-84.122315
-63.584240
-75.510786
-55.213277
-43.698085
-48.284918
-22.030789
-21.538070
-16.671338
-16.959195
-29.587203
-27.713697
-43.086241
-50.622929
-38.160512
-52.994138
-38.389234
-31.717363
-29.171822
-20.822009
-22.338577
-31.121799
-20.373205
-45.635081
-33.061038
-44.858884
-41.797272
-48.215834
-38.303863
-34.974290
-28.076629
-29.632845
-14.044564
-36.587445
-11.672204
-20.937606
-18.924467
-20.691911
-35.699206
-53.492654
-55.693680
-77.745069
-53.012721
-71.916700
-54.500350
-52.594531
-61.438654
-44.852933
-47.745697
-38.397226
-26.242845
-42.615701
-32.769750
-40.790622
-47.511554
-31.639335
-48.087287
-38.730108
-50.142256
-41.547276
-32.129098
-37.779192
-37.404556
-23.422058
-36.278049
-10.591637
-31.429545
-22.972985
-23.017098
-15.304689
-18.607419
-22.235879
-30.094781
-0.819856
-30.456577
-12.941275
-24.078042
-4.341611
-6.855744
-3.974289
-4.928242
5.496676
-19.964670
-21.063410
-43.799383
-36.862034
-40.884823
-40.682938
-34.082191
-45.524155
-43.513110
-39.870304
-63.522273
-44.536032
-44.119776
-51.931119
-36.862968
-50.303898
-42.202841
-42.956550
-41.445921
-45.719492
-64.599201
-65.615129
-53.716149
-85.920801
-52.293744
-82.161700
-57.414663
-67.049715
-74.769424
-72.967723
-74.859366
-74.049052
-64.264437
-98.911471
-77.917511
-87.922120
-90.952622
-82.766788
-76.013863
-66.674243
-58.858044
-64.742129
-38.364900
-50.029529
-32.828651
-34.965806
-44.916628
-42.751593
-52.600068
-62.175850
-52.491898
-75.688435
-64.924685
-72.324225
-83.108526
-74.014154
-80.136374
-62.683367
-78.951351
-81.182780
-73.217985
-91.938794
-95.927486
-94.804479
-115.034531
-101.484065
-125.573680
-103.271241
-105.694806
-100.019892
-89.941977
-95.822524
-98.897799
-82.058456
-108.805013
-93.188299
-117.045346
-109.993734
-121.205316
-127.730370
-137.290446
-134.804364
-145.497933
-127.453269
-157.546690
-127.688521
-140.866622
-136.415520
-123.548378
-132.104550
-126.048862
-127.133630
-151.119256
-128.019985
-133.658676
-130.442982
-122.847675
-142.718716
-125.403025
-133.055384
-130.451076
-117.380755
-116.060752
-121.930924
-133.208372
-143.258926
-137.490928
-160.821301
-145.898855
-163.337708
-151.942875
-147.648654
-153.600884
-161.590683
-141.888185
-151.506606
-126.252713
-140.145358
-127.891984
-135.538379
-140.284030
-140.836396
-140.031200
-153.099844
-135.765456
-162.235181
-133.489112
-145.556567
-140.646589
-130.613563
-128.611095
-127.822492
-131.096973
-137.793827
-119.033985
-134.437314
-129.076803
-124.358280
-132.896320
-125.576903
-129.852195
-128.038574
-118.928810
-116.935238
-95.600118
-93.612418
-99.722741
-89.851965
-115.331106
-101.684169
-116.043361
-118.994923
-129.562046
-134.371341
-134.092867
-122.750302
-131.746447
-109.935417
-136.274152
-127.723764
-139.159521
-142.479754
-154.003238
-149.270035
-153.915674
-140.584344
-150.136446
-133.431608
-151.531952
-138.047720
-138.413737
-138.668068
-132.011327
-127.704094
-136.743490
-111.908686
-129.934698
-116.739450
-115.550068
-123.023127
-110.298911
-103.600918
-99.207519
-95.580474
-111.269902
-103.015916
-105.973532
-107.467839
-92.375494
-99.940096
-89.021294
-107.062514
-96.500801
-90.741677
-103.259492
-105.242278
-92.206979
-109.098555
-95.356438
-110.754419
-97.927837
-101.805215
-89.681303
-88.295792
-86.119739
-92.251933
-73.079096
-97.229561
-88.656296
-114.773506
-109.631687
-112.952165
-124.971198
-130.427239
-127.496501
-141.530773
-124.626106
-139.545278
-125.126900
-131.525651
-140.662154
-130.823542
-137.012834
-134.974105
-126.226739
-142.837485
-140.216362
-149.215467
-158.023450
-147.176756
-161.950373
-147.965813
-145.391890
-133.249804
-124.128935
-123.801706
-121.012321
-121.847703
-139.985832
-121.522213
-142.154593
-131.435238
-131.253628
-136.599741
-140.853476
-129.507253
-137.661951
-111.101714
-127.003855
-103.605090
-120.322911
-117.673226
-125.828658
-126.313725
-118.076092
-114.407142
-124.712786
-107.836229
-126.278133
-112.872536
-116.349713
-128.498986
-111.118727
-121.299236
-129.581674
-117.834301
-133.279195
-124.223720
-133.531892
-140.809857
-121.382769
-137.617674
-123.821656
-119.530596
-117.386853
-113.252411
-113.469043
-119.520020
-109.350869
-133.220232
-123.884455
-135.490708
-119.064184
-109.546149
-105.065397
-94.799204
-86.590242
-90.625320
-76.440020
-101.662440
-81.819442
-93.781324
-75.229446
-70.273729
-77.888563
-74.181298
-69.848651
-91.420564
-70.738793
-77.977010
-51.305914
-49.682080
-52.440061
-38.380057
-31.173168
-28.692257
-14.966333
-29.680445
-13.308469
-19.462347
-26.541594
-17.756687
-36.329758
-25.362776
-29.943485
-37.955822
-36.035524
-51.214829
-52.110504
-39.203519
-49.317487
-29.269314
-47.198421
-27.366804
-32.992539
-39.045957
-38.726415
-47.889106
-65.138587
-44.727249
-62.052216
-43.309503
-59.367760
-54.021481
-49.767667
-41.457693
-41.436101
-31.504745
-39.943577
-26.493087
-47.832797
-30.658325
-39.005331
-46.739322
-42.907956
-44.831439
-49.342408
-32.962567
-46.685678
-33.908792
-44.729226
-43.872071
-36.394368
-58.159268
-54.087165
-66.038451
-72.067159
-70.420975
-90.433444
-85.335087
-77.227657
-92.570871
-72.851478
-83.977808
-64.792338
-58.764799
-62.578011
-58.474941
-59.093372
-75.191771
-56.755508
-74.965349
-57.753212
-61.663183
-43.800108
-42.612554
-49.302289
-46.510901
-47.866593
-58.614263
-49.222519
-66.130739
-50.919212
-70.708081
-66.271662
-66.746196
-63.403790
-66.023487
-50.185528
-55.169422
-30.021161
-31.125125
-32.413284
-31.530416
-30.841765
-24.496844
-39.930698
-44.546070
-32.297243
-40.660208
-34.950291
-31.767310
-34.852899
-14.430935
-34.578193
-31.761205
-46.620896
-47.593438
-48.492309
-46.850065
-51.229967
-40.918854
-52.226404
-40.020809
-61.750907
-55.275121
-61.471120
-55.644468
-55.233008
-47.388405
-59.190698
-39.048903
-52.298464
-37.597311
-48.021260
-46.931010
-49.851216
-41.061585
-48.433817
-48.791892
-62.741761
-44.014234
-54.383954
-46.449308
-49.205822
-57.432854
-51.002181
-59.673260
-64.465673
-62.045414
-72.950021
-71.612031
-72.320898
-71.941951
-72.011938
-92.757458
-82.350814
-85.948721
-83.630759
-84.527667
-72.638147
-80.983778
-76.112926
-84.628795
-74.844906
-88.599440
-84.096755
-91.690779
-88.628246
-87.486662
-72.305102
-70.465956
-52.181391
-65.557797
-50.984322
-58.960887
-49.235501
-58.725270
-64.862893
-69.689323
-70.379648
-84.062201
-73.460347
-83.189550
-61.614171
-73.271128
-68.681300
-62.961728
-66.118770
-70.609448
-69.521623
-77.467730
-70.910989
-73.101415
-87.837799
-86.502036
-85.304866
-84.788146
-85.996397
-87.030381
-83.773414
-79.027895
-69.005160
-63.956642
-77.061516
-50.608676
-49.533238
-25.143410
-35.844240
-22.812983
-28.678584
-5.241798
-0.639669
-8.251463
-13.143288
5.267600
-23.039759
-8.453586
-18.208114
-12.009479
-22.482637
4.995169
-12.003590
10.047762
5.829757
18.866314
15.616815
3.541684
1.068145
-4.681103
0.568764
0.285764
-4.052267
4.942588
4.122176
20.459968
29.558594
21.727441
23.181680
31.005628
23.209342
23.992351
16.440029
16.295998
31.539947
8.741818
23.894378
24.324026
35.177979
29.904825
33.014018
22.484509
37.299481
28.151885
58.642104
31.097157
39.029146
31.414065
18.847622
8.452829
7.169479
-2.143519
17.901261
3.417871
22.346634
12.257059
12.392434
-0.237654
-12.915087
-14.083684
-14.428192
-29.281114
-19.846712
-28.427788
-22.501198
-34.063166
-33.040261
-18.778906
-23.980043
-9.048175
-19.125039
-38.077193
-28.758098
-32.270562
-39.428448
-27.802538
-58.808791
-41.500040
-44.042170
-31.621666
-29.607353
-41.835836
-43.824668
-44.748774
-53.926104
-29.836411
-59.705557
-47.947989
-62.799515
-58.260710
-55.684406
-50.473917
-56.510397
-37.316627
-65.929528
-35.595113
-45.837145
-41.255027
-39.078039
-44.283360
-39.976308
-45.146664
-49.204772
-27.883136
-40.033591
-16.896598
-6.611075
-9.461697
3.151287
-7.402963
-1.801561
0.512080
-9.526551
-2.007841
-9.859375
-15.636901
-11.189097
-31.141367
-16.113024
-30.304202
-25.376252
-22.607941
-23.498964
-14.423377
-7.939035
-26.323304
-16.329784
-40.727182
-22.788110
-38.172289
-35.734324
-29.433776
-28.617149
-32.597193
-13.650759
-37.890620
-14.615696
-30.585322
-19.962556
-18.714261
-24.233463
-23.524191
-13.677093
-21.495131
-6.324724
-31.657963
-22.795154
-30.584708
-42.998034
-38.048488
-50.691744
-34.933386
-29.671142
-32.566578
-15.104675
-18.730229
-11.420339
3.912126
-20.361837
-9.881936
-33.059040
-34.577065
-39.056129
-58.911752
-58.366963
-51.455938
-48.358277
-20.459342
-37.823064
-15.517651
-36.952799
-34.556869
-31.191434
-33.494712
-33.843221
-22.982217
-49.468901
-28.410447
-61.923243
-42.432600
-42.275512
-35.885473
-25.211554
-26.205790
-28.045784
-14.735289
-41.032813
-33.540854
-41.285861
-57.842699
-57.949467
-72.437672
-62.680999
-57.219558
-57.614840
-35.237818
-51.636527
-44.597848
-37.874388
-51.692295
-31.500552
-48.417864
-43.665455
-56.112628
-70.883436
-72.291488
-90.302788
-106.143027
-92.662257
-116.791870
-104.170007
-120.967773
-109.222146
-103.215069
-98.820482
-89.191163
-85.281223
-100.760381
-82.210193
-107.953586
-91.581421
-108.830019
-116.105713
-113.048705
-117.428350
-121.790237
-107.967095
-118.588512
-88.435467
-87.996844
-82.059174
-72.179295
-89.483399
-88.153554
-95.462395
-109.187145
-105.433442
-119.385908
-112.141794
-114.948092
-121.944116
-97.480049
-106.426880
-91.133926
-95.711445
-96.566394
-90.214987
-94.361333
-100.739799
-85.977326
-104.579290
-89.980293
-108.676536
-104.275197
-95.884684
-90.872957
-88.798389
-78.887107
-90.220020
-66.283918
-96.612194
-75.751410
-91.945308
-103.591845
-104.470781
-109.727151
-114.229965
-109.548601
-123.017936
-94.107449
-106.200232
-95.183946
-100.999181
-111.784757
-103.428247
-109.724847
-110.169098
-102.920855
-106.692960
-92.977994
-96.810781
-92.385589
-69.232629
-86.974859
-81.889675
-81.751638
-93.439088
-87.801940
-85.421965
-94.540101
-90.441059
-116.560615
-102.692748
-113.034614
-100.777115
-103.765921
-107.275075
-112.683846
-106.882307
-123.103709
-108.550569
-136.264835
-115.923478
-127.175104
-113.436950
-115.512791
-112.343214
-112.069205
-104.238845
-118.453208
-93.295454
-109.322413
-109.025816
-112.399225
-116.091357
-115.767289
-125.618302
-133.528734
-121.323239
-129.270681
-111.760008
-126.451251
-124.055032
-107.142771
-125.420103
-122.373327
-135.132733
-147.326963
-146.892304
-159.874082
-170.072309
-162.417390
-177.599880
-156.212137
-164.522280
-152.665515
-149.892009
-152.151843
-141.023830
-137.043382
-153.339865
-144.790406
-175.024657
-165.193174
-184.511077
-183.207384
-171.533404
-161.384336
-155.082337
-130.045964
-144.391664
-124.562795
-137.777193
-133.602299
-131.331138
-136.693420
-131.110003
-123.735699
-138.838833
-130.372899
-150.233100
-142.861666
-148.752105
-152.182632
-143.203805
-153.928638
-142.951259
-137.589512
-135.011780
-123.483051
-134.859894
-138.100645
-126.188478
-150.339496
-138.885144
-145.693563
-133.106659
-132.697501
-126.747432
-125.246476
-115.846328
-134.837868
-116.324625
-129.867181
-104.444622
-113.186695
-123.437926
-113.685035
-105.201145
-109.615617
-86.195227
-98.702534
-79.539974
-93.696319
-86.246927
-83.526315
-85.663570
-83.793920
-78.068327
-89.173470
-73.337439
-91.294922
-80.996200
-89.917380
-93.985616
-92.050887
-110.041836
-112.797850
-116.861571
-136.231229
-128.516189
-129.663276
-132.232499
-125.929056
-143.146519
-124.426512
-137.022527
-136.374693
-131.768677
-128.838029
-120.577735
-116.969801
-135.897663
-120.803234
-150.559492
-142.831070
-156.968808
-158.270863
-149.176058
-134.647069
-128.773262
-115.152371
-140.034078
-115.700007
-139.090735
-140.289937
-137.903410
-140.654243
-138.689054
-137.156288
-144.060194
-121.136210
-139.806000
-124.352962
-127.827387
-123.042098
-114.253337
-123.718563
-117.569543
-105.887632
-114.055028
-110.958102
-130.925264
-129.925277
-121.717829
-147.067835
-134.555612
-144.677369
-136.982971
-130.330292
-130.521947
-131.534254
-138.876030
-146.209421
-120.310449
-128.907070
-102.889152
-107.230790
-106.285649
-105.295850
-109.320673
-123.704828
-112.304615
-139.593636
-130.829802
-149.488781
-148.071709
-145.637308
-147.687381
-140.498524
-127.892971
-124.650856
-97.725468
-111.663107
-100.214579
-106.810228
-105.915456
-109.963416
-120.481690
-122.186837
-116.185856
-120.906505
-102.519497
-109.115422
-104.304367
-98.532666
-112.923481
-116.887941
-129.992604
-118.626389
-115.512402
-115.940096
-117.515711
-117.296099
-120.549852
-107.785490
-124.480334
-109.173010
-112.915545
-101.200707
-94.574276
-83.685466
-88.768393
-81.483383
-104.218402
-86.418312
-105.920356
-88.371305
-93.838658
-98.422842
-92.456603
-89.041243
-91.577604
-78.291452
-96.492521
-80.364305
-88.858074
-80.908835
-77.108519
-73.814427
-74.658324
-82.303021
-94.422579
-93.436735
-106.323291
-112.652221
-111.927784
-111.004455
-97.859478
-93.463997
-84.913900
-73.180831
-74.477689
-77.743124
-76.547392
-84.114514
-78.429117
-90.225113
-74.635409
-78.732469
-61.463538
-56.155554
-48.600018
-57.431645
-56.878584
-72.650574
-63.548826
-88.787893
-80.980115
-92.548589
-84.473845
-84.151714
-74.035982
-82.164192
-68.099315
-84.034063
-69.199564
-70.081332
-63.627778
-66.818982
-61.122515
-60.113672
-57.351520
-69.325096
-73.188246
-93.777332
-91.837958
-98.686159
-100.465406
-97.793267
-102.540586
-92.993577
-91.951018
-91.805246
-81.991975
-77.048525
-79.062721
-70.782943
-87.469933
-79.502070
-91.101303
-98.284138
-114.061458
-114.197484
-117.110630
-107.899425
-125.747659
-108.333719
-118.944838
-106.138373
-111.384276
-112.311422
-120.155508
-121.255471
-136.685085
-137.490522
-162.520319
-159.832197
-164.239574
-154.595649
-151.935817
-136.661871
-125.294001
-104.928490
-99.063437
-83.699883
-101.897158
-98.222680
-105.915026
-109.452719
-111.585487
-119.318559
-114.586957
-107.645255
-105.378343
-94.305116
-93.473043
-91.801945
-81.494370
-94.861041
-80.400322
-74.804006
-71.386119
-70.964488
-77.967241
-85.878962
-68.186091
-87.593098
-71.614241
-83.446420
-61.951866
-59.428637
-47.652966
-38.229546
-36.681125
-40.035200
-14.766536
-38.507182
-18.409324
-37.723740
-37.874503
-28.212524
-36.611827
-41.547140
-33.668898
-46.217486
-31.997365
-49.958360
-39.526442
-31.080004
-37.453546
-28.974499
-37.881143
-40.661602
-31.092045
-36.169687
-33.671874
-43.115250
-52.330184
-30.536997
-43.973154
-31.298593
-30.090673
-27.758695
-10.582871
-0.309096
-3.067973
17.681698
1.273666
20.994971
-1.022244
5.313484
2.920369
-4.424684
-2.451690
-11.934037
-28.061940
-4.379248
-19.648693
6.270412
-13.644573
-9.266479
-10.565922
-20.982105
-26.929694
-14.142473
-33.694659
-14.848445
-34.118362
-18.811484
-14.108165
-9.871911
16.003332
9.499961
10.841648
17.982657
9.162469
23.798976
16.654180
15.774221
21.792991
1.039830
12.039768
-9.815422
-9.560925
-3.719842
-17.430864
-19.639350
-13.611493
-29.606720
-9.857659
-26.435802
-16.873034
-25.507497
-25.280870
-17.091751
-4.025389
-15.927898
5.887291
-18.777391
-7.558606
-26.705987
-17.889989
-14.963890
-27.641307
-23.002381
-16.625559
-29.374552
-10.547171
-41.451719
-32.569476
-40.050966
-45.905341
-37.807887
-47.012824
-48.069364
-41.177276
-57.061035
-38.880393
-33.309007
-31.210163
-11.645360
-20.991504
1.610660
-4.215488
-11.513492
-9.191117
-26.407677
-30.633798
-34.375480
-47.475157
-25.966962
-41.668806
-33.731547
-30.992675
-28.653548
-24.987038
-31.076126
-39.144044
-21.732530
-61.802118
-45.538462
-67.450206
-48.989205
-50.615146
-61.105634
-53.805064
-50.696591
-57.951144
-36.429411
-52.388368
-35.882278
-38.429910
-41.727291
-43.876777
-51.300748
-51.109052
-47.553720
-63.224122
-41.174827
-59.481110
-58.288054
-44.343310
-52.470364
-35.420967
-46.981462
-43.555929
-34.714069
-50.285041
-54.695508
-62.807490
-88.845883
-82.705924
-108.950833
-89.086452
-93.390437
-95.418212
-101.388902
-107.073281
-105.152807
-80.898698
-97.762361
-76.113899
-103.858934
-95.323659
-102.057111
-97.232810
-92.000469
-89.809412
-90.442194
-69.022897
-89.436256
-72.011077
-81.825914
-76.266611
-71.569398
-78.088593
-78.596292
-83.047293
-98.725845
-84.841254
-106.947688
-100.251709
-95.200376
-107.578352
-100.190428
-108.971604
-111.996376
-109.320025
-118.749759
-115.197630
-118.405941
-119.654872
-110.164967
-131.287730
-108.238631
-117.649774
-114.424431
-108.165063
-105.864881
-109.263687
-93.859750
-105.096626
-84.022633
-101.685522
-80.938178
-76.936821
-76.654079
-75.004183
-78.871203
-90.454108
-73.545649
-111.721175
-102.830725
-109.404813
-101.650615
-98.855235
-96.195296
-84.912137
-85.443707
-93.574122
-77.646557
-95.042938
-86.660779
-82.724806
-92.471780
-89.863694
-94.668400
-89.811156
-78.584401
-80.666169
-59.502190
-54.289996
-50.922414
-34.757025
-46.045773
-30.808741
-43.426778
-50.528723
-50.898661
-60.306734
-72.195442
-71.538548
-82.924927
-53.033628
-72.191445
-57.776013
-64.081544
-59.963903
-50.962377
-39.754209
-56.535641
-42.328995
-65.824520
-49.283100
-58.121029
-53.486620
-46.766535
-43.367049
-35.771818
-33.258464
-43.697739
-27.050253
-37.693692
-33.197636
-47.730391
-59.442880
-52.680077
-65.464841
-72.492638
-73.076060
-77.773111
-68.011252
-78.248773
-85.885878
-77.747031
-90.329140
-72.384555
-86.318437
-84.606799
-78.805361
-80.126258
-82.089782
-73.317519
-93.125060
-82.051664
-100.724384
-89.626521
-97.629633
-100.321719
-94.245224
-86.970488
-103.257445
-79.777766
-88.643261
-60.897752
-73.491615
-76.017814
-75.100480
-75.323292
-70.863709
-64.077954
-82.998178
-70.829912
-94.675023
-80.633700
-80.741261
-89.299382
-83.203940
-91.909257
-99.091014
-96.260022
-114.221236
-99.877916
-102.345804
-108.513421
-95.662838
-117.047983
-101.383301
-118.620051
-127.898685
-125.502802
-134.807179
-132.588620
-119.626384
-125.046003
-94.936245
-105.042252
-85.688216
-88.683698
-92.617799
-93.519906
-94.536126
-106.440863
-89.513815
-117.911157
-97.874211
-108.303866
-107.138442
-112.312591
-108.958507
-107.142925
-97.829657
-105.482887
-76.221424
-98.787402
-88.584920
-84.550326
-90.465597
-76.526883
-75.637019
-82.192347
-78.036701
-89.945674
-79.748185
-95.719403
-102.974822
-86.413277
-100.786637
-91.562826
-95.982943
-100.574105
-105.234575
-114.725002
-113.690504
-111.146432
-124.474725
-92.220253
-109.084087
-101.187599
-93.292350
-94.750994
-91.740423
-82.176706
-98.813285
-84.442297
-109.842012
-88.736784
-99.470816
-92.575538
-88.575216
-103.628789
-94.362699
-81.278307
-106.772936
-87.652240
-106.250501
-95.713313
-101.206223
-107.990760
-105.996593
-102.788288
-95.207818
-78.938525
-95.592896
-81.236776
-80.478257
-75.140302
-70.578331
-78.956322
-74.321639
-89.920413
-103.721676
-103.387205
-110.290956
-105.520845
-88.935600
-100.414139
-77.046137
-103.359523
-86.228185
-92.720340
-94.985575
-96.269267
-92.721481
-100.416921
-80.507788
-104.197487
-87.089018
-106.985509
-107.833687
-108.522317
-113.202308
-122.911577
-118.257574
-129.612936
-99.701540
-115.371380
-101.238533
-101.474294
-103.522316
-101.424623
-110.130948
-116.446343
-108.689528
-130.925363
-124.712650
-136.834262
-137.056700
-130.833588
-144.167517
-135.317164
-135.572778
-136.493529
-128.517899
-136.795740
-137.259177
-130.326462
-141.629336
-128.611261
-143.253845
-135.463387
-134.494595
-132.313504
-128.568060
-124.657706
-135.694161
-116.999917
-130.965742
-106.204942
-120.301785
-105.114573
-96.498923
-97.492186
-90.190131
-85.087708
-97.763502
-75.829582
-96.871500
-86.875767
-105.875583
-109.826614
-106.395053
-112.114655
-121.934769
-104.254421
-115.508574
-100.851697
-104.565654
-93.956297
-92.969413
-92.545373
-89.227359
-89.512307
-88.432401
-85.880935
-92.133291
-86.496124
-86.483190
-97.320305
-89.151311
-105.555395
-98.030613
-103.142933
-95.817189
-93.063343
-90.621982
-90.345230
-76.632736
-81.119017
-62.668411
-78.808671
-62.143107
-65.441209
-66.321222
-79.044736
-80.447616
-87.328130
-68.874673
-79.157733
-48.505941
-46.612459
-44.417817
-43.933212
-38.226265
-40.209453
-37.844976
-46.763727
-31.783506
-46.061804
-37.951966
-31.613294
-40.208536
-28.290133
-20.664230
-13.858591
-2.658782
-0.333115
8.061955
17.356335
15.144613
22.744062
17.860371
28.800748
26.829537
30.611527
21.006749
18.503812
3.100342
4.341884
-7.927488
-1.627389
-22.073831
-14.322897
-23.178885
-19.910579
-18.743044
-3.650702
-10.706871
7.016349
-5.628822
3.627875
-0.590040
10.362115
3.883604
6.151434
-9.221136
-7.176862
-17.774015
-5.499703
-15.484612
-2.569127
-1.335450
5.494742
10.939263
6.656121
7.517325
18.867455
12.237940
13.125626
5.436002
-11.478674
-13.221347
-29.823029
-24.421203
-31.858632
-33.334626
-35.956798
-33.733648
-31.697787
-14.133375
-23.191761
-17.912157
-32.508678
-22.354970
-36.191687
-42.233915
-48.455294
-43.260917
-56.823432
-37.970247
-50.626649
-27.605855
-31.901581
-20.389998
-20.459054
-18.635559
-20.237732
-20.129948
-32.310559
-11.222142
-29.653367
-26.395946
-32.491164
-39.257089
-24.528487
-25.773966
-29.234485
-19.765986
-27.244410
-19.003494
-20.377776
-28.223226
-25.787742
-28.993519
-13.369112
-17.587732
-15.905894
-16.799163
-9.095380
-6.510785
1.038568
-7.846754
8.716889
-1.522826
9.484265
9.327381
3.073371
5.364775
22.264310
5.973660
24.582770
3.723963
4.182742
-15.381592
-17.136917
-12.950800
-7.287803
-14.453025
-8.601937
-31.620971
-8.741711
-25.262379
-18.605960
-17.627067
-15.021848
-5.970829
0.248395
-1.048662
8.677373
-9.514864
1.854934
-0.416473
-7.361193
1.595111
-16.593108
-17.176071
-18.318683
-23.268599
-17.016885
-23.156566
-22.799435
-16.474891
-37.592356
-26.118397
-40.099672
-38.296166
-35.562856
-42.835197
-41.298869
-39.147069
-58.652593
-42.472711
-68.774349
-55.385581
-71.782359
-69.276646
-58.974816
-53.747370
-59.580975
-42.989746
-58.556631
-37.603821
-49.084400
-39.973444
-40.670652
-43.293323
-35.333667
-39.077344
-56.494012
-45.481353
-62.342402
-40.131200
-45.485324
-56.277246
-47.535761
-67.028847
-60.212815
-59.147491
-63.181174
-46.642864
-56.394750
-61.917384
-52.839084
-71.737514
-51.911029
-66.429019
-55.895904
-50.807285
-47.446547
-38.883022
-34.108565
-50.888919
-29.649166
-48.792786
-25.300073
-21.978666
-14.714736
-10.131207
-14.280554
-23.218232
-18.446764
-46.020684
-27.557543
-48.843275
-38.893787
-44.430971
-48.069093
-41.723273
-38.978267
-53.639388
-37.580005
-54.559326
-33.098795
-42.107106
-55.333116
-51.045060
-65.358368
-58.130951
-45.129964
-46.982565
-26.699247
-31.835313
-37.425949
-35.709316
-52.153552
-33.635393
-50.784524
-41.560132
-39.471228
-48.012325
-43.822675
-41.043746
-50.903913
-31.561356
-51.579223
-35.157152
-49.170116
-50.581222
-50.624223
-48.250797
-37.281305
-19.661154
-26.212592
9.487744
-3.876180
2.516646
-9.641033
-3.947215
2.037067
-8.831688
-15.411354
4.315460
-10.471370
16.308059
15.142350
14.842688
25.322549
12.632948
23.497704
23.051636
14.261436
21.433521
7.628855
11.500602
16.849146
10.972760
29.062800
12.975184
13.006623
13.915949
-4.629514
3.076753
-5.568651
-18.827750
9.196313
-14.258219
5.512845
-1.174463
11.809976
14.839195
13.198893
18.424157
16.872805
1.922891
13.826615
-19.045396
-6.867151
-16.748858
-10.472375
-8.437688
-12.363312
-21.782117
-1.959927
-26.608000
-10.194762
-26.349876
-18.911641
-18.686984
-35.882466
-32.839024
-38.246381
-35.706757
-24.620400
-33.162866
-19.753666
-21.288117
-33.483995
-14.438617
-34.080107
-24.290502
-27.178598
-27.173694
-23.282304
-36.236750
-35.704171
-23.489302
-46.753140
-27.439151
-35.562316
-20.570963
-19.133006
-3.871971
2.127179
7.067135
-15.129378
-3.450209
-29.446437
-24.060771
-37.707540
-42.002849
-39.079228
-40.838769
-43.099663
-19.922298
-30.118808
-15.758414
-33.578262
-35.936814
-32.935390
-46.342246
-43.190836
-51.730518
-61.162889
-50.225461
-60.694393
-54.429700
-63.623272
-68.369892
-55.922493
-67.371308
-62.999134
-62.989059
-70.291088
-60.186909
-62.126360
-63.180289
-46.091443
-64.377594
-47.871180
-64.434282
-62.194833
-57.201108
-59.051932
-56.856609
-46.754336
-57.819423
-33.678577
-56.387377
-35.063021
-39.752566
-30.221828
-34.098976
-41.984142
-54.771762
-53.037186
-78.973391
-57.343664
-71.923987
-61.504966
-67.449204
-68.629788
-54.841196
-52.549495
-53.420266
-39.825023
-44.589744
-35.551639
-38.554110
-40.645730
-36.655431
-56.588523
-53.606447
-56.411194
-65.792183
-62.218252
-64.279918
-57.931767
-45.620816
-58.602038
-33.962576
-51.508306
-41.372929
-49.560495
-60.145849
-62.417088
-56.346294
-75.183520
-55.568706
-69.498715
-53.792115
-71.522597
-66.965545
-48.994936
-42.750733
-43.743425
-23.480523
-40.458763
-20.157838
-35.248346
-34.120382
-43.464126
-50.090332
-42.284208
-39.664339
-49.099332
-30.516015
-49.250105
-46.695126
-48.249323
-52.939129
-46.783302
-46.477305
-38.962376
-31.948965
-41.030402
-31.334850
-32.205388
-38.521648
-24.769616
-38.265089
-22.480497
-34.623186
-33.014258
-26.282088
-33.421686
-37.690207
-34.479743
-53.074840
-19.744335
-32.737606
-17.245555
-17.589746
-23.730975
-20.627229
-20.873162
-32.476088
-31.795862
-57.444688
-27.872240
-37.361886
-26.888699
-28.428523
-25.532455
-23.304586
-24.624554
-42.250401
-30.929153
-45.122429
-33.881703
-39.209126
-47.025178
-35.627924
-47.928858
-43.575129
-40.400395
-45.853712
-25.340101
-34.044252
-29.616693
-22.369119
-43.088008
-32.969200
-54.463745
-56.174128
-67.420333
-72.486329
-68.385263
-60.648383
-70.168636
-45.630167
-59.781096
-42.326072
-51.353856
-50.836454
-52.298471
-58.402488
-76.164710
-59.808928
-69.414586
-46.250474
-52.177869
-38.721801
-37.146905
-38.334155
-44.424962
-47.476092
-64.765636
-53.160790
-81.267654
-68.183376
-81.161974
-86.623338
-75.419525
-86.913775
-82.683906
-71.931473
-82.468463
-59.776457
-65.364451
-62.733270
-53.398211
-72.559521
-59.181113
-70.293118
-71.620892
-72.783634
-80.744471
-71.585335
-70.490058
-79.744416
-52.966382
-65.201253
-41.990086
-58.142480
-58.409306
-59.665670
-56.039648
-60.555027
-53.056515
-82.805011
-63.243799
-70.567439
-52.608981
-56.587915
-65.147832
-52.398663
-38.622041
-37.211827
-11.092042
-25.677460
-10.607899
-24.452666
-25.483672
-10.505922
-25.073470
-32.581901
-25.665001
-29.177432
-7.159687
-11.387751
-6.808279
2.430501
-13.926332
5.877425
-0.700385
0.014333
1.100436
-1.913347
-0.464244
-1.690714
-10.836153
4.639577
-6.948361
8.191426
7.826122
3.208636
4.598523
2.967789
-12.692868
-3.114540
-26.328522
-14.645674
-40.960611
-22.159446
-19.115361
-17.118668
-7.946042
5.577914
-2.628166
10.239204
-8.226470
-1.657964
-20.555516
-21.536731
-24.169335
-33.144572
-32.229031
-35.444484
-53.695343
-35.142480
-40.058350
-32.011654
-14.538452
-21.513205
-13.972619
-21.950523
-20.860886
-20.827926
-31.949124
-32.779261
-41.814315
-56.735086
-41.973846
-57.353248
-34.896558
-44.088840
-32.295669
-31.167923
-30.941914
-31.118921
-24.317047
-30.136982
-11.989839
-29.205233
-14.949996
-26.061718
-12.505462
-16.444651
-19.260411
-26.602743
-19.907834
-31.198884
-22.180922
-40.646793
-44.161522
-66.461057
-61.655628
-52.444149
-56.565765
-50.171097
-30.962865
-38.375775
-27.121144
-20.451777
-25.261130
-26.256079
-36.305241
-34.758599
-29.511570
-24.857240
-10.753665
-10.763530
-20.785711
-4.962337
-17.563702
-1.236564
-0.677582
11.187472
10.836484
16.364569
9.654759
17.744797
0.705743
14.175377
-10.742783
-0.815563
-8.452952
2.385271
-1.057665
13.556726
11.034798
22.865628
13.580401
26.422366
22.776702
21.551288
5.940542
3.611164
4.536010
9.111011
2.373109
11.003381
-2.195545
4.987265
4.720630
6.909735
10.220471
-9.949222
-14.077629
-18.569310
-22.041362
-28.878864
-22.541169
-20.960444
-12.597541
-14.155466
-4.265814
-13.553484
2.706759
-8.261144
-12.260168
-18.733661
-22.249873
-33.498755
-20.737552
-34.885362
-12.320668
-26.922242
-16.533905
-21.410572
-16.686366
-23.229221
-1.392538
-8.629567
-0.912910
-10.297889
-9.831925
-23.695941
-23.439891
-17.761727
-17.613053
-19.812802
-2.040950
-9.183112
13.380805
17.852422
20.536957
28.823595
23.353949
24.501842
24.075867
15.822724
3.275941
-8.508832
-15.611914
-16.973069
-26.536148
-12.059277
-13.733137
-9.491739
-14.344092
-21.766783
-26.513235
-22.296121
-31.123124
-19.134031
-37.419450
-16.428954
-22.705292
-13.987267
-19.696679
-12.095424
-14.087178
-4.098851
-21.600565
5.201779
-4.489421
11.088592
3.385130
4.593759
7.399232
12.722900
2.266672
19.927614
14.812010
21.790897
20.234097
28.200580
28.668887
32.790389
39.445682
42.765684
37.827910
49.825219
42.232700
33.116869
38.358276
26.664779
30.897346
13.786691
21.447293
25.023202
31.001800
43.919654
41.105190
32.385106
38.584344
17.601321
12.892016
6.368726
6.925285
-4.980373
-6.150634
-12.865510
-6.681224
-0.425454
3.686628
-11.192758
15.387791
10.191505
26.676935
26.936731
27.873528
11.384586
2.839092
-20.578708
-20.268470
-25.022620
-22.058922
-10.671476
-17.943711
-6.148307
4.434783
-15.156186
-9.644912
-18.229029
-19.719334
-5.191514
-28.547293
-29.855615
-43.082071
-44.355872
-46.959587
-48.167703
-30.924096
-23.564439
-25.811735
-7.053631
-27.779421
-27.281146
-42.306988
-46.220433
-53.332099
-50.055135
-56.871384
-39.328058
-63.599766
-26.154142
-34.256099
-8.937558
0.136735
-0.986530
-0.436499
10.484700
-2.214858
7.233523
-8.253635
-0.422742
-3.025135
-14.051898
2.911950
-3.337159
-1.611883
8.381092
7.273692
30.212949
16.393742
27.919418
36.821111
26.660456
36.423814
17.851101
13.872554
6.772186
-9.614526
-2.309828
7.105464
6.273601
34.417858
19.579895
30.883730
30.032584
27.234493
31.787127
36.099302
28.064231
42.110560
15.746295
27.422807
13.671147
20.572860
20.061534
27.006459
20.127651
16.222397
5.210531
25.392364
6.644102
19.531767
8.903217
0.793686
2.250648
-7.449552
-5.329371
-4.698827
-14.921109
3.767558
-9.226271
-4.653653
-2.731424
-17.197955
-7.675986
-8.909489
-3.981972
1.057215
-12.470660
-8.842249
-6.934926
-18.128397
0.653440
-26.610392
-9.114456
-19.429598
-18.835520
-8.836267
-16.935229
-23.048841
-15.400531
-40.790602
-15.798395
-32.022071
-18.931390
-15.143114
-17.629960
-11.466736
-2.551930
-16.662554
3.254595
-25.123657
3.117343
-6.584414
-5.139160
3.023412
-0.110906
-3.767558
11.726076
-2.467636
5.441359
-11.388611
-7.881380
-2.002545
-11.045492
-7.840516
-14.249645
-13.796179
-2.093767
-19.581816
-16.788971
-31.740557
-53.595275
-41.046750
-60.995848
-45.768964
-55.137273
-45.210016
-33.024503
-31.810757
-32.278292
-18.550857
-33.127535
-14.070880
-30.643379
-15.238506
-21.208092
-29.751379
-40.874617
-37.224880
-47.322243
-31.019927
-50.533750
-28.649887
-46.798383
-45.404978
-43.048211
-49.506069
-45.681034
-39.878218
-64.450341
-53.325663
-78.851241
-64.246507
-56.271389
-56.549700
-43.679154
-51.457475
-50.481899
-28.905836
-38.744454
-27.657675
-37.992541
-51.533914
-48.208617
-77.728859
-64.879104
-80.380753
-80.682909
-73.068055
-71.645739
-71.663188
-50.929965
-51.129373
-24.136692
-47.293842
-34.970100
-37.043459
-33.046440
-24.201666
-24.757960
-50.511136
-36.364335
-60.015233
-36.503743
-46.076825
-33.396792
-30.293507
-32.428240
-17.887879
-9.601208
-17.605491
9.017512
-6.209114
14.714485
16.437090
14.634887
29.248412
24.760292
26.525065
35.898018
28.714065
41.903723
33.497061
35.322638
46.558705
37.156014
48.598969
34.260367
44.700982
56.385529
54.119574
56.788493
57.683363
44.179451
66.713086
42.081093
55.794736
43.018456
39.941610
40.763025
29.291690
20.583325
41.857963
30.505758
45.729258
25.695421
39.101954
39.664319
33.187662
27.336913
34.210543
15.715376
36.732836
26.363587
41.691455
28.794619
12.532215
19.707252
14.446122
22.107474
27.293018
17.399658
38.007223
24.236418
26.747990
34.536118
22.482753
37.136443
29.009725
28.954196
26.642721
22.516207
28.570756
33.049740
28.301271
44.377875
23.908178
41.234283
38.337561
37.534826
36.502975
30.131151
20.156806
31.234315
13.616494
43.390852
29.011446
39.305789
35.224753
28.707163
29.238079
28.680388
15.815943
27.135646
6.987316
19.633036
19.040746
26.937838
16.702787
8.831295
12.173077
23.018534
12.672343
22.158777
12.981069
17.799246
27.420980
23.114402
49.650193
43.151067
38.228717
44.715797
39.742542
38.974279
35.485351
23.945292
39.052410
27.291887
42.177592
29.734247
36.184262
43.903084
35.457302
28.898600
41.755250
17.701666
31.612955
17.982661
36.474241
35.466124
42.223616
45.878730
48.835753
34.366941
48.103286
25.285694
33.001946
14.832582
8.658916
4.207581
2.232164
-1.295545
-4.778407
-11.015525
2.691479
-7.341685
-3.793039
1.767582
-2.618712
13.187076
5.770321
-6.265600
-1.119552
-6.382467
-4.757076
-6.259049
-11.151283
6.087060
-7.737965
5.146897
0.150556
0.872647
-10.457238
-9.955978
-10.234958
-3.328814
-17.349437
3.176686
-22.749663
-19.675593
-28.181658
-30.572618
-30.032705
-32.603509
-41.150284
-26.945071
-42.714371
-31.224901
-45.689673
-48.341294
-49.861672
-51.682938
-55.323730
-41.452209
-63.586906
-56.303815
-79.969028
-82.376186
-86.931301
-100.542386
-85.815194
-86.069630
-75.699991
-70.168458
-81.262205
-71.534292
-76.127482
-93.326170
-89.720399
-118.075944
-106.879363
-113.932215
-121.558653
-118.419767
-116.931397
-117.497537
-100.065797
-109.238708
-74.135415
-85.838460
-74.645229
-73.454490
-76.438602
-77.469661
-73.363260
-77.901865
-58.229692
-83.441588
-59.125481
-60.128638
-54.277689
-48.990209
-52.869521
-56.312216
-48.557732
-73.139863
-57.075835
-66.389484
-59.580979
-59.006097
-70.600967
-58.325373
-60.263985
-54.351449
-47.003011
-67.387396
-62.158475
-67.018765
-71.842961
-52.890176
-62.675289
-40.686220
-34.331535
-28.766526
-19.185586
-15.021293
-21.781841
-10.344719
-38.125794
-17.627589
-41.175495
-48.115037
-54.025197
-49.210994
-36.970829
-20.784653
-21.574323
8.492797
-27.757499
-14.717901
-31.821052
-34.380056
-44.283350
-51.270215
-61.706710
-55.186328
-59.009239
-28.315132
-33.545108
-20.127990
-24.293607
-39.272564
-32.907977
-45.496762
-49.379684
-54.143732
-82.976345
-74.490531
-78.795586
-88.874621
-73.983761
-90.595345
-77.830730
-72.637292
-70.567684
-69.285861
-82.390171
-82.891662
-78.315790
-99.015445
-77.490845
-93.141167
-77.034719
-73.273559
-79.031038
-77.194347
-66.344242
-82.875809
-67.681131
-94.079396
-71.566570
-78.379897
-81.395259
-80.903859
-76.465722
-83.189533
-75.054981
-94.482871
-75.229883
-81.499954
-61.304475
-60.487545
-69.367674
-58.796128
-60.268956
-67.771597
-57.203881
-67.367889
-51.616957
-56.491442
-75.296206
-76.583374
-80.841274
-64.570161
-53.566025
-48.669041
-39.220633
-43.334518
-42.046396
-31.846643
-34.063307
-8.715131
-21.646668
-6.073364
-5.764661
-4.350835
-2.992816
-0.041500
-8.768079
17.636980
-3.927073
1.185094
-5.925804
1.868220
2.567023
-2.184940
-4.161481
3.606436
-13.215789
-0.431862
-26.747172
-23.761257
-35.567290
-31.364071
-25.225710
-20.962952
-22.369817
-14.510627
-23.523004
-11.167157
-9.270853
-5.883725
4.955663
-5.030237
2.927743
-6.207120
-5.700147
-6.074418
-22.912392
-24.382313
-13.944724
-21.702994
-7.360102
-28.270754
-13.618624
-6.554638
-2.265650
1.018248
8.437893
0.853537
14.687904
-1.319980
13.757720
4.428472
25.803698
33.286793
45.541077
47.797401
52.629583
38.742594
37.161169
12.824944
30.122639
23.197895
22.288638
26.257865
31.318782
35.392719
53.483252
44.547948
54.999768
46.004381
47.435559
45.797528
32.437962
28.626625
20.620392
19.648193
27.050121
25.481442
43.182847
46.845266
43.548339
55.136124
42.760951
45.372292
25.986475
27.195827
15.561966
7.670146
-10.516529
-2.137765
-21.804751
-1.786581
-9.453034
9.736207
16.058222
29.868751
37.287750
47.181738
40.141276
51.932619
30.138381
42.698062
27.395357
28.182935
27.944941
22.654989
13.611615
23.377004
8.369126
17.969229
16.283741
21.698196
13.261364
26.361863
41.869619
38.880750
44.510426
44.408460
40.996611
49.070876
53.434842
51.624928
59.885816
43.988710
44.580658
45.173464
53.604790
47.654986
44.373275
41.295470
43.786991
25.004511
36.272405
21.834402
28.889304
23.384308
29.331731
32.299688
41.987046
25.934275
36.739406
19.684372
30.366762
29.658744
36.492022
23.628110
20.265011
13.786081
16.066191
0.757021
10.706299
6.722956
26.979401
28.075671
22.414248
23.156547
22.854234
23.903629
25.754691
27.209294
33.615720
32.112339
27.221412
32.266982
22.752897
30.965697
25.042990
30.487542
31.967380
35.916808
39.607518
51.461429
40.570446
52.376833
33.635107
37.830345
29.022910
38.696475
37.623985
47.372309
41.688359
61.113790
48.549033
60.898265
58.997766
73.410422
65.790063
60.623649
50.841322
54.388360
45.660582
58.894817
47.236526
47.380509
48.097942
49.315688
51.031773
52.387384
50.872688
69.079714
63.794357
67.362527
61.538895
44.969110
47.260053
27.323643
32.351281
23.925164
31.574790
38.698461
41.468731
44.089684
55.668735
41.267995
63.187007
52.689951
59.094191
51.729238
49.697626
40.884566
52.087014
30.845579
33.480419
8.994257
20.987584
27.846852
34.013242
39.389814
55.425693
43.801631
61.234906
47.840961
61.316428
45.835356
51.043548
35.673297
25.565928
22.664974
31.540231
33.732749
47.932352
38.197058
47.233349
51.203470
55.392434
67.567965
59.976993
66.641964
61.901915
46.005107
41.239344
41.406447
32.956991
46.993933
41.831354
65.064008
43.158524
52.909091
53.522181
60.000093
53.445145
51.830008
28.309335
42.968152
22.160081
38.727137
30.284864
32.261252
39.690822
44.701459
41.245540
56.433706
39.577867
60.463087
47.261413
56.092885
50.541981
46.664675
60.298646
64.805420
55.733320
67.841852
48.136664
61.845671
57.020384
46.965740
47.143037
25.669043
36.712975
27.895617
28.798990
37.172681
33.685098
40.545428
48.786194
27.259132
42.305735
34.976445
48.331316
48.104032
45.040353
46.214078
52.003943
28.164130
44.090673
26.168886
42.697202
30.783896
33.756502
33.931563
27.677718
18.424032
31.001220
17.244299
43.972773
27.846038
31.643940
26.945969
12.672321
3.666113
-7.650504
-15.453717
-1.615898
-29.755411
-19.132013
-23.767970
-26.123003
-27.300220
-32.171349
-23.026534
-36.225257
-44.539004
-35.129414
-52.790277
-60.479611
-59.932960
-74.831558
-55.896399
-67.632063
-53.243398
-49.540353
-43.212762
-32.303115
-21.920441
-31.266205
-13.000153
-28.278616
-9.894942
-27.750480
-34.158961
-36.761506
-29.474169
-26.123789
-2.535192
-12.611434
21.929420
16.799775
29.913659
24.069327
16.638225
17.495545
19.272320
14.643922
24.652809
3.302156
15.076213
8.878129
10.965179
28.470171
18.608099
29.778103
35.961855
18.490711
24.657495
7.499673
5.912744
22.273641
12.728594
30.717997
16.037175
13.597463
8.114754
8.385460
12.537862
9.357732
-3.686922
23.786858
5.657597
19.522924
8.252175
12.743443
11.330942
5.489840
7.100953
22.163274
3.082513
27.833055
9.582008
26.306545
23.388126
14.861536
16.981212
14.193624
10.879483
29.744013
13.075843
42.965905
43.035723
63.890330
72.869354
71.463956
72.670985
68.703049
61.006054
63.933590
45.903629
60.632937
68.389215
59.323402
78.598475
68.831280
82.184206
79.809606
68.728753
71.275057
69.749319
56.311580
62.853242
46.274123
71.359843
54.027976
61.104521
58.816358
52.567053
48.097905
61.192771
38.714226
58.827143
33.454341
38.038188
45.835646
58.098274
60.745232
53.593749
50.505480
55.823134
23.692070
48.870848
36.153967
38.007832
38.430964
28.748178
29.649705
24.299048
17.163987
24.415748
22.320229
44.951411
41.612565
39.368830
66.643795
51.094729
49.048174
36.771449
17.953521
22.085222
7.790239
-4.370024
1.825868
-12.564139
9.388385
5.061336
20.034868
22.179689
16.790572
12.255168
19.527292
-6.277952
1.432706
-36.184917
-30.007757
-46.613703
-42.746710
-35.343452
-49.038932
-40.041208
-5.466336
-16.048645
7.441921
-2.237752
4.484215
12.500904
-1.742196
-3.529401
-3.071991
-8.517320
5.860595
-13.380041
2.022694
2.896881
4.582927
20.918617
12.002280
34.571736
32.417303
14.158473
14.664022
5.768837
1.112049
8.160212
-9.155557
8.647029
-9.219006
9.374533
11.380280
9.755313
22.894786
30.719815
30.273748
52.497047
24.667706
44.636093
32.078681
25.044660
22.579547
28.379239
28.603420
48.950660
41.882140
74.626715
65.429618
74.790713
71.912861
60.007827
64.666259
52.927395
32.900760
31.108524
7.954567
12.271831
7.905793
11.233351
15.092955
3.234539
7.451612
7.047019
5.347183
4.946707
-3.521477
-9.103855
-6.438526
-29.493158
-10.055010
-29.483356
-17.830153
-24.388942
-21.815048
-10.493397
3.399448
3.808234
19.455723
-9.797411
-0.362656
-16.540048
-19.452289
-26.524369
-24.573427
-25.525614
-14.222481
-22.774013
8.540521
-4.174089
11.069433
10.063721
12.246228
16.387908
16.429603
13.017159
21.814711
2.255662
14.740399
0.986231
-0.624295
14.652983
5.717675
22.317272
23.213160
27.691958
35.110304
20.963684
21.620860
32.879517
14.213099
28.892811
10.827515
14.541487
13.082512
19.749731
33.002427
43.268442
40.661533
64.381122
48.603578
68.405413
56.836086
63.992233
60.053159
52.227930
37.480244
40.879295
21.138521
38.107026
17.621235
28.917191
20.032840
21.721286
30.014666
30.244367
19.315470
27.727437
19.361972
43.294657
28.849279
23.347316
26.127461
22.243920
37.635881
32.417187
24.688027
33.013788
23.341186
17.277592
19.950247
18.252423
41.233006
26.556878
35.408292
35.727579
33.709570
34.632357
27.842533
15.493608
22.984000
8.243564
42.078619
31.885730
33.541569
39.704154
44.060548
37.540366
52.916367
30.351807
37.085661
12.287945
8.995982
-4.444609
-6.713644
-5.717317
-14.231640
-26.321228
-5.274995
-18.939945
-8.225254
-28.250796
-23.178715
-20.740976
-29.756005
-27.914171
-44.973992
-63.609137
-63.197622
-80.530792
-70.554092
-68.732576
-77.283202
-55.146490
-61.694548
-52.866467
-44.973760
-37.602302
-31.463558
-33.236448
-42.513810
-25.468071
-62.556143
-51.376056
-67.379994
-68.852494
-65.400592
-55.066510
-53.620988
-42.919358
-58.574224
-37.249964
-50.970740
-35.702354
-45.714433
-50.980035
-60.113493
-68.089607
-80.354406
-70.250559
-78.604498
-52.457536
-61.964825
-54.748065
-57.455307
-65.856773
-63.132057
-61.541508
-68.319673
-60.136507
-60.532420
-48.325701
-45.821631
-54.866604
-44.865332
-64.957609
-67.629995
-71.960890
-88.300065
-90.327253
-96.564839
-110.027052
-86.991218
-93.099576
-70.726313
-85.968996
-82.663375
-86.143562
-88.032438
-84.359836
-70.095534
-85.867936
-62.375887
-92.136603
-85.692623
-98.031642
-107.631020
-100.116213
-90.234699
-97.844673
-76.289706
-90.646619
-67.974014
-77.644329
-60.441487
-54.489383
-53.112429
-37.427348
-29.532425
-44.177786
-40.403414
-57.392026
-50.997441
-59.717627
-72.031316
-60.964192
-67.147801
-54.828559
-53.336085
-63.454279
-62.466840
-73.935607
-78.037217
-67.023449
-88.091979
-79.644055
-85.700234
-83.021537
-82.142683
-72.184516
-60.849171
-46.994340
-59.323466
-34.647823
-46.247148
-33.906257
-46.432393
-49.830307
-59.084148
-59.450991
-63.211225
-43.695605
-66.273061
-53.491226
-76.134822
-76.974479
-75.990263
-84.587701
-81.696673
-68.093707
-86.084102
-70.235507
-78.833049
-65.360635
-59.602902
-72.276213
-57.937322
-66.416483
-67.205185
-66.705939
-63.950271
-48.332082
-49.394852
-49.681539
-34.582573
-46.093771
-28.513820
-44.884368
-41.746522
-44.222784
-56.776470
-64.505530
-53.846948
-71.043454
-54.817899
-70.737202
-57.511982
-68.868552
-65.259918
-60.922711
-56.768437
-70.184173
-48.982164
-62.366659
-45.920218
-60.637528
-51.637658
-53.591871
-57.944195
-47.083086
-45.757971
-53.469282
-23.466202
-37.273577
-27.422619
-20.337843
-16.826526
-0.974554
-10.899646
-21.679446
-26.441564
-44.811236
-39.728656
-48.981628
-53.659916
-36.441791
-46.862052
-22.626530
-34.098456
-29.241630
-28.853046
-37.310617
-35.077921
-29.077177
-61.734285
-48.909574
-80.261981
-72.144595
-82.111103
-88.928369
-75.768613
-73.725458
-73.963598
-52.871163
-73.375179
-57.514072
-84.398346
-79.917162
-87.812555
-101.083644
-100.906157
-94.840602
-95.267603
-71.490331
-79.660434
-62.883170
-66.957147
-57.926192
-47.378414
-70.033034
-70.246370
-78.045644
-92.835335
-80.646737
-85.624358
-79.475581
-63.531871
-72.304623
-53.543547
-57.285925
-47.070452
-31.129262
-34.086719
-38.535717
-44.268967
-68.206806
-59.117926
-91.648212
-84.255474
-100.520870
-101.683354
-88.579150
-72.716426
-66.797458
-44.319509
-62.161707
-43.641696
-55.412950
-50.198399
-65.573179
-68.907452
-64.633983
-58.242612
-67.346179
-47.928233
-53.990583
-49.681071
-57.032674
-47.682766
-45.824049
-60.450981
-62.529191
-65.787697
-75.399320
-73.713123
-89.449462
-99.175360
-95.657509
-113.354846
-104.801246
-106.599855
-99.163285
-95.058136
-90.247835
-91.785304
-87.802097
-96.838051
-90.123996
-112.514342
-100.490707
-112.360319
-114.768154
-130.377233
-129.336035
-137.098603
-134.952858
-145.865674
-124.297920
-135.283161
-120.849028
-119.551500
-109.353952
-112.804971
-110.280242
-121.002354
-112.138051
-130.814860
-122.228264
-142.403230
-139.858822
-132.581027
-123.578334
-117.926992
-109.939652
-114.494830
-103.139944
-100.338571
-100.081304
-101.162693
-105.291840
-94.991687
-94.998091
-92.014058
-98.195694
-89.591925
-84.839921
-79.957842
-77.401792
-57.999699
-69.785059
-56.248884
-80.492858
-88.864475
-98.745162
-89.559781
-101.327248
-99.589592
-113.683450
-100.840535
-112.522971
-101.611552
-114.815067
-111.585391
-121.942188
-128.600844
-149.148803
-143.129063
-156.826086
-140.627416
-149.879480
-140.136711
-134.504111
-135.620184
-133.115159
-123.270538
-126.904277
-119.148878
-127.282192
-126.921201
-139.212181
-143.279541
-144.241959
-144.577809
-139.278191
-133.997188
-115.970874
-112.877742
-101.699100
-105.177115
-95.438817
-109.631394
-102.583129
-115.294341
-114.500770
-129.067635
-131.935894
-138.459530
-130.381077
-140.239274
-128.645857
-141.784795
-127.925619
-132.258456
-116.622138
-113.062263
-106.264887
-110.407113
-104.737708
-123.977693
-119.479181
-140.204816
-134.589882
-143.604939
-144.006482
-132.134388
-113.433721
-118.881431
-110.682991
-123.436645
-121.532725
-126.546224
-128.873714
-119.841401
-120.326862
-119.644497
-116.327841
-118.503843
-111.931782
-120.793965
-122.362982
-119.907947
-144.516995
-133.182732
-143.531744
-143.711558
-143.274402
-139.087024
-145.417800
-127.191035
-137.020539
-107.883788
-119.723166
-115.345928
-128.242242
-123.202487
-124.356528
-125.747309
-140.982601
-137.013838
-165.081836
-145.294363
-154.386049
-144.180455
-132.475172
-115.892586
-112.538675
-97.285470
-112.033682
-110.095836
-139.155022
-145.705112
-161.783425
-176.035908
-179.369451
-193.254697
-190.846380
-186.538557
-192.126621
-172.860082
-161.097407
-158.469201
-149.826874
-164.584619
-162.549972
-176.553821
-179.093894
-188.350404
-196.131331
-212.265925
-206.819941
-217.229524
-190.169754
-195.545151
-169.918889
-165.297349
-154.549554
-150.453738
-147.361719
-156.979727
-153.034045
-181.288382
-175.603344
-197.319457
-183.479468
-174.797078
-171.367002
-165.426673
-161.283323
-172.261955
-149.867275
-158.504734
-142.050480
-140.034009
-141.300311
-127.229146
-135.348766
-136.684322
-138.189286
-154.393585
-144.519650
-144.415531
-142.436710
-128.090681
-143.363680
-132.165596
-143.440301
-142.194458
-143.613736
-145.201465
-139.387120
-128.784907
-150.403763
-128.570055
-138.453128
-120.912570
-118.548299
-119.001626
-118.022748
-110.898726
-119.245370
-104.190966
-137.081059
-121.300913
-128.920992
-119.683889
-112.371161
-105.251542
-90.200086
-79.683446
-86.494018
-65.392239
-97.734087
-89.804555
-93.720730
-97.526888
-93.200888
-101.810167
-104.446829
-92.603867
-110.581499
-102.015109
-112.081563
-110.603428
-92.656136
-107.093190
-89.829215
-99.187015
-105.309925
-102.939386
-108.748942
-102.879738
-97.278375
-118.665708
-102.740451
-119.137235
-103.794127
-105.182888
-101.400644
-98.009719
-88.938987
-91.738107
-74.088999
-100.011139
-81.365523
-92.527953
-81.830851
-78.297751
-73.813273
-66.448058
-52.801241
-64.295198
-42.765324
-55.333121
-47.192576
-59.305154
-52.979659
-47.666652
-59.903108
-69.957042
-64.064634
-79.402945
-63.107833
-70.650221
-66.770900
-46.358504
-57.069194
-39.817476
-46.525196
-41.784755
-27.718570
-39.807757
-37.386692
-31.897443
-36.996553
-10.668185
-41.133683
-35.343415
-38.846445
-40.768351
-30.802373
-24.626847
-21.189801
-2.497100
-16.750657
7.742641
-8.388894
1.796823
1.504125
-4.958896
-17.945717
-30.081389
-49.775813
-44.457296
-69.196594
-46.846308
-61.518713
-59.787594
-42.932130
-39.547302
-30.777027
-26.724797
-42.771681
-27.204086
-42.098338
-47.571566
-44.263194
-61.113103
-48.565703
-48.429039
-44.999210
-24.419444
-25.652304
-21.261050
-12.569172
-26.504665
-9.029397
-28.251799
-9.260771
-16.819527
-27.345740
-23.909114
-24.668093
-28.490535
-8.727538
-30.914391
-5.406763
-16.449988
-2.703224
-2.463865
-3.185614
0.237261
-5.303584
-26.159024
-8.365968
-35.821274
-16.709411
-23.883383
-21.786834
-7.330908
-0.005180
11.691990
26.826752
24.486728
39.715916
23.732733
22.401755
12.419852
-8.239229
-4.420767
-18.594364
-26.393875
-22.220303
-35.220191
-23.956057
-18.636734
-28.296097
-18.346294
-42.856044
-26.157155
-38.961391
-40.331186
-38.181816
-36.062688
-40.586160
-34.649428
-56.257054
-31.197065
-46.345155
-26.782931
-32.638043
-34.884022
-32.351404
-33.273223
-41.826875
-22.842184
-43.385168
-22.175044
-30.565418
-18.811859
-6.030839
-6.055590
2.512860
17.943407
13.679667
30.831913
18.675165
31.972698
26.908973
19.650037
37.896943
33.097691
35.493603
47.110805
35.207606
50.071343
41.475699
26.107481
26.936576
-8.143788
-6.736966
-12.936814
-3.004618
11.255140
11.598484
4.527189
14.359031
-2.730712
26.635658
9.674965
17.022003
1.552420
-2.577798
-4.788771
1.230627
2.648937
23.830483
-12.869034
7.010189
4.884661
5.955209
10.909484
8.182395
7.722680
10.747919
-4.743787
15.242898
-8.219653
-0.429208
-6.265570
-6.659031
3.901638
7.539269
16.081358
24.621853
16.748935
35.249330
33.048303
32.321893
36.135926
16.860276
26.118564
8.600855
-2.070311
-5.500163
0.599096
13.770338
32.470364
26.588982
48.376312
32.110266
47.494970
30.965561
21.392072
21.950824
20.438375
12.245675
34.951963
22.460078
46.620728
38.485969
56.673803
59.342402
66.981189
74.593372
81.378561
71.036223
88.175311
65.379627
74.470065
56.025697
45.550933
44.221324
30.749133
31.425938
33.183422
25.010856
46.236198
42.375249
45.306909
55.723441
35.657938
46.619250
34.168317
36.491563
35.664099
29.325527
34.885573
39.636515
30.695220
49.749922
26.403911
45.311827
41.043886
41.547906
40.397380
32.067462
19.809410
24.176737
3.224282
23.103287
-1.091525
10.645874
12.268805
12.150241
14.684540
27.559536
18.658441
36.216236
21.907167
30.433003
16.689323
19.880019
17.577988
5.911948
5.018168
7.161893
4.368466
15.893592
11.513686
18.937987
17.529275
5.691602
29.286311
28.019103
32.296340
33.567253
19.851353
17.542648
24.125288
18.778668
35.976202
21.647379
28.061823
18.076633
24.809972
21.564813
14.810362
-3.183684
7.144651
-15.359500
-5.349811
-27.669324
-17.123584
-21.893905
-30.284548
-32.073667
-30.308573
-46.775935
-36.011984
-53.254245
-24.944863
-24.313271
-20.593140
-4.118600
-2.225402
-2.943073
7.684136
-14.682115
-4.436897
-16.616787
-11.466597
-6.701545
-20.451750
-4.118833
2.530807
10.940773
26.898812
21.529425
31.040795
31.041296
4.173521
15.538977
-8.014889
1.303097
-6.746385
-12.134345
-30.947999
-31.383576
-36.444758
-14.513855
-27.686488
0.305527
-11.809212
-0.988351
7.447041
7.679664
7.727491
15.575812
-2.212947
6.652629
-12.790311
6.643708
-6.139583
-5.992109
2.512503
8.751235
14.238450
26.673447
16.836011
35.886431
27.635339
33.699576
39.559300
31.088778
33.833222
14.846917
1.150086
13.913396
8.478810
20.816118
33.038546
30.648657
58.091204
40.863310
52.171866
38.559930
29.606911
22.785815
13.289680
-5.200683
-0.960891
-25.580218
-4.526751
-16.618882
3.734197
11.062563
20.010260
21.568247
28.372451
23.155926
42.412258
19.681587
30.689614
18.632093
17.550621
16.870140
10.674661
6.786491
24.591075
3.438630
25.838383
27.950494
40.442901
57.134151
54.127633
64.748989
54.539766
46.554823
56.909186
47.777157
52.913430
46.714336
41.417580
54.786753
31.534322
47.607215
50.692199
35.978377
37.782739
40.748764
43.294987
54.068658
31.573390
45.652872
19.424430
24.093397
21.609800
28.130562
30.116668
36.708672
18.740326
36.558518
5.928496
23.944377
8.522638
1.121115
3.685609
-6.985206
-18.087230
-4.596627
-10.771906
5.039311
-8.797118
6.912866
15.452859
13.831347
34.047725
40.941924
32.564194
36.815663
22.171132
23.881673
21.256299
7.310898
20.273202
3.310520
16.037993
20.250210
23.852260
41.803356
40.665892
32.719409
45.368939
16.411847
25.048289
2.810737
0.329756
-9.843119
-13.087489
-6.682658
9.134703
1.901417
22.526656
6.136354
20.198004
3.504302
-5.440666
2.098206
0.834979
-2.812952
12.210340
-1.028971
19.971716
5.519471
17.939498
33.138784
30.834181
45.198194
51.069768
59.530977
69.788486
52.915244
68.700422
60.466589
50.489382
62.831051
57.111346
73.051320
67.352999
68.746312
81.360596
75.051222
74.511313
81.372495
59.961136
69.502098
49.201327
57.519844
51.293653
37.271896
30.598990
35.404551
25.894967
51.282638
30.471649
46.221812
24.854600
19.065700
10.370945
9.255954
5.991182
7.494370
-9.000586
10.896395
-0.389241
8.573582
6.505819
7.916591
14.905584
4.688234
8.528126
21.975321
11.438785
6.989390
-0.402282
-5.486428
-3.527503
-5.537153
-7.814985
-15.526850
-1.403629
2.022370
4.035057
11.113242
19.189127
7.065686
33.029271
17.956665
31.250395
25.148320
20.934005
13.706544
20.937884
15.271080
30.426416
24.836156
46.329258
31.121090
35.591323
42.696494
49.124920
42.485017
48.493232
26.106389
42.071797
20.434985
36.920282
21.959861
26.860781
17.573387
21.650783
24.180848
30.836102
15.489696
21.347446
18.983926
14.972929
17.158694
9.452928
10.574493
-0.612418
-3.915986
-0.971256
-4.199906
5.971152
13.539396
19.939564
29.620605
24.001545
33.467530
39.052761
40.767267
46.490259
54.530166
42.342216
51.200999
33.591012
52.693187
41.747105
48.315049
38.329067
47.355289
46.263333
59.725268
57.102930
74.164665
55.335985
71.547883
62.460176
59.986176
62.332586
63.711406
62.180472
68.201042
58.332666
66.279343
61.682935
58.902313
64.634343
53.494296
51.765954
37.552401
25.189833
29.693089
11.043267
12.980441
26.668007
17.158201
33.130797
27.518818
40.599109
29.643476
27.857489
17.993514
14.269653
6.819260
0.908209
-17.276862
1.728276
-14.535946
12.374357
11.034460
13.162834
12.907129
21.483893
3.583825
6.323937
-16.860615
-5.403729
-16.668286
-11.985825
-8.315823
-12.736420
-18.289397
-7.011936
-13.809530
10.700998
1.957402
7.759120
12.411810
14.564215
21.254127
14.076099
4.332834
4.758284
-6.922708
-5.803187
-8.019814
-15.215160
-7.443192
-17.533384
-10.226166
-9.072697
-7.913784
3.134769
16.698166
11.638788
21.046887
1.936472
15.132375
-4.201119
1.888157
0.323562
4.284201
2.682207
5.796808
-5.809578
12.673128
-3.680588
6.403253
0.678046
2.134138
-6.699304
-0.673901
-15.319339
-9.282180
-28.442875
-13.052568
-7.455916
2.273354
-3.733898
-7.962317
1.097968
8.733916
7.047131
14.950837
12.351509
23.205208
27.608321
16.006491
27.575586
18.308111
29.555200
31.560276
26.219493
25.990124
26.609600
13.417203
31.518680
19.927872
47.478888
44.409482
55.747906
53.721002
67.307586
65.796624
73.165140
58.551927
70.665431
51.853584
54.200618
47.168048
61.750499
61.914904
65.446792
65.684545
84.872025
68.161288
78.289115
61.982268
73.176239
75.474107
68.116907
72.586198
68.816138
70.167274
83.028405
73.441767
87.806562
90.122369
82.390885
98.994207
89.726837
97.615993
89.777683
73.213542
65.730889
57.157702
46.751945
54.286663
37.153437
58.215039
52.577887
65.245275
64.727682
68.502963
70.777209
75.731652
56.456575
65.403462
39.506703
41.356196
23.710043
21.658344
29.332550
33.351356
26.120387
51.672219
38.121350
48.327246
34.599823
41.920903
42.912475
35.925323
37.628347
36.744526
35.727263
47.584637
24.506155
28.282362
26.176762
19.364847
30.305829
27.047491
31.361241
35.889304
21.732016
19.247707
17.901026
11.908126
23.017429
8.235262
23.975007
14.529849
24.994427
30.303199
29.215123
37.792536
43.795569
27.551594
50.017944
32.093004
42.780076
24.159857
29.822846
31.284975
25.090535
24.121861
39.875905
34.129063
54.761809
44.039143
59.582525
70.586100
72.075381
80.841748
80.460226
69.421612
84.427982
75.517138
85.721740
74.975032
67.300836
74.932671
56.496282
63.426182
71.950614
79.894822
105.089365
102.554261
109.644993
129.117553
111.862373
127.115807
107.303796
108.441404
103.066317
98.612576
92.468718
87.676293
74.360881
90.514515
59.246131
73.630050
76.075354
92.154389
102.572519
107.194689
94.371609
105.800034
83.837619
99.562938
76.057129
76.028937
63.252617
51.651139
54.067903
50.133590
36.025895
51.507933
52.000036
75.005172
66.575539
64.276958
80.593441
69.523001
65.493668
57.340396
34.402067
40.086028
22.757176
23.751974
39.909089
22.635543
35.956918
20.966170
29.199934
34.922714
25.219017
26.930169
19.578067
-4.442043
18.361192
-4.759158
20.897732
18.541913
28.370386
32.111216
35.846780
39.264093
60.697887
47.293682
65.079195
40.539076
49.992610
45.224990
46.205699
55.476301
60.273040
50.637286
65.817758
48.615291
60.672449
43.798021
36.909778
35.051536
0.414578
-8.745361
-19.027776
-38.095666
-31.946695
-41.385034
-38.580379
-33.066418
-43.591299
-22.117238
-42.008067
-38.845208
-33.007787
-43.330910
-29.541462
-21.938483
-29.448552
-15.919784
-38.740519
-23.037471
-44.594388
-33.255080
-26.702941
-21.619552
-14.135623
-2.495854
-22.364253
-4.975193
-30.315556
-18.645155
-19.783804
-10.355183
-7.087495
-6.056504
-1.064467
19.268545
5.542090
26.796889
12.188467
6.023538
7.998965
-12.501428
-13.457884
-17.506755
-30.699987
-22.850913
-44.909356
-37.535251
-37.612457
-43.738705
-17.346989
-28.781765
-22.427206
-30.157996
-36.896307
-36.052664
-47.675397
-59.749121
-50.710037
-77.526708
-62.185866
-79.958117
-72.757657
-73.955242
-74.023425
-69.496771
-60.297443
-71.363900
-54.742069
-72.586875
-54.693320
-68.949721
-68.823454
-66.663761
-68.642434
-86.372314
-70.448709
-83.628598
-65.329582
-85.375265
-85.535151
-76.066796
-84.189116
-79.042491
-79.723956
-96.005460
-88.346298
-101.356526
-96.448681
-106.533785
-117.085634
-108.934010
-114.644890
-99.695722
-97.101791
-91.554552
-78.260538
-73.230598
-69.678743
-52.096340
-66.418594
-53.587563
-78.320260
-77.008437
-90.373661
-92.242084
-87.615998
-80.303063
-98.782044
-78.465401
-95.962965
-77.367415
-77.797765
-74.424419
-72.116716
-86.677425
-100.873357
-98.331502
-123.142880
-99.132932
-109.632408
-86.485280
-77.889715
-74.580267
-62.679721
-50.207695
-50.808132
-41.760222
-57.264878
-53.787181
-66.608264
-81.748839
-81.204174
-96.919766
-81.810570
-78.944465
-78.994181
-70.442152
-74.794784
-68.006443
-56.955209
-75.273351
-55.435921
-82.000824
-91.973542
-111.035308
-129.802674
-138.105088
-132.636731
-141.951558
-124.043410
-133.113681
-112.121182
-127.384647
-119.502196
-120.469362
-130.040014
-137.150455
-127.193453
-147.001444
-129.635265
-152.831832
-141.558875
-138.800177
-131.743282
-114.622140
-119.761976
-126.709672
-114.546394
-136.899969
-126.323804
-148.946643
-166.108938
-157.176210
-164.571679
-154.059471
-157.083513
-164.131867
-147.840305
-150.965804
-150.569569
-128.710266
-143.729657
-131.524075
-152.065706
-148.398676
-156.488330
-162.937005
-168.124768
-163.370432
-175.366973
-158.203760
-174.287401
-149.831065
-162.977420
-167.932103
-165.396495
-165.353765
-170.736253
-155.082975
-167.803416
-139.400507
-149.551591
-137.026572
-130.352376
-132.525330
-125.571771
-120.396387
-136.834370
-125.477376
-147.987008
-144.605720
-144.861430
-138.832680
-118.543520
-121.358690
-111.429675
-106.533723
-113.066073
-103.923675
-109.424511
-107.491378
-104.202488
-120.295063
-108.504297
-117.295907
-107.422172
-102.425210
-100.998577
-95.434194
-87.921428
-102.548847
-84.521107
-105.700634
-90.467013
-87.304174
-89.480246
-97.704817
-106.578164
-122.910907
-111.152258
-128.121445
-94.080153
-104.223766
-88.488593
-88.831327
-99.166621
-92.889832
-85.011851
-94.821363
-81.258390
-100.597962
-96.675483
-111.340438
-121.854618
-119.228568
-128.667671
-124.938884
-114.225092
-116.463020
-111.660525
-122.747194
-117.623254
-105.808861
-120.871191
-102.013659
-106.580323
-93.010855
-96.914664
-102.608882
-96.512240
-87.164448
-90.537421
-65.059697
-79.372753
-69.401048
-80.666642
-82.049021
-80.510622
-81.584277
-85.409377
-67.555066
-86.518866
-62.466583
-81.137538
-74.316718
-75.179892
-72.546680
-72.499050
-66.097769
-69.223332
-53.851453
-72.658865
-54.618145
-61.882408
-63.925389
-58.805554
-59.157156
-49.195200
-44.647658
-47.067740
-22.861761
-32.787188
-44.487803
-49.863048
-70.320656
-69.367211
-86.177645
-90.301885
-84.748119
-89.769161
-83.464313
-81.044518
-94.101193
-73.448130
-87.393223
-76.705824
-89.073585
-80.083501
-76.923191
-69.991948
-74.895625
-60.628083
-88.736863
-63.546716
-72.062734
-60.788819
-59.468055
-54.695046
-47.887068
-40.782508
-48.026306
-35.608114
-63.527524
-61.963227
-74.862945
-81.687570
-87.791705
-96.293806
-94.007911
-87.747042
-92.633923
-82.451658
-90.514895
-99.198259
-99.582416
-99.957255
-88.116986
-103.860557
-109.210210
-114.160471
-130.511478
-134.821489
-128.717203
-136.833461
-125.144794
-132.094149
-119.786366
-132.013073
-127.512541
-130.846542
-134.559073
-142.992258
-138.570901
-159.744134
-141.283329
-154.517722
-136.622992
-132.362878
-114.386049
-111.497902
-101.651160
-110.984902
-104.077459
-128.451583
-118.065757
-140.482345
-149.807412
-159.568834
-163.123609
-155.823461
-150.608974
-151.017107
-127.198814
-125.684860
-104.810554
-94.363300
-94.964841
-93.882268
-115.929346
-131.277478
-147.335867
-154.393730
-152.223694
-150.729510
-154.269541
-135.448794
-140.414926
-118.449704
-127.525252
-114.307719
-122.400111
-124.326407
-127.548233
-120.561458
-139.090489
-135.454938
-149.210331
-132.511476
-139.395255
-126.032006
-122.596317
-107.218780
-107.089816
-94.516713
-110.444332
-93.374297
-97.968662
-91.807039
-95.063933
-103.589212
-102.839940
-105.584240
-124.612179
-115.413856
-126.480729
-125.965721
-120.049450
-108.943783
-96.337302
-106.131038
-99.114797
-96.554169
-105.849258
-109.024515
-116.949369
-131.011886
-121.829168
-128.667801
-112.324330
-117.012793
-104.234456
-102.777827
-95.391221
-104.177160
-99.664898
-113.180517
-99.312299
-120.761139
-114.678933
-125.319302
-116.748904
-133.433911
-125.158494
-124.733764
-112.399028
-114.205724
-86.476135
-101.734632
-95.061459
-110.909139
-110.317215
-117.305635
-121.487436
-127.422214
-110.629760
-122.524277
-113.551294
-115.429916
-116.237525
-103.599165
-110.293974
-105.159571
-99.784300
-97.445081
-87.636414
-88.929554
-97.578002
-97.467813
-101.796974
-82.367957
-91.952650
-91.396017
-99.732230
-88.566192
-91.107354
-88.031023
-103.201291
-91.387948
-102.200662
-91.564622
-100.806306
-88.082045
-94.149147
-85.141347
-84.070261
-65.045119
-83.415454
-69.544473
-86.412601
-83.707382
-91.457011
-92.483471
-99.162254
-96.768103
-93.065465
-77.320371
-87.081536
-65.142257
-61.615503
-54.809520
-52.191446
-57.870703
-59.177063
-64.657590
-78.887307
-76.742452
-84.831482
-79.259354
-60.985347
-65.979005
-43.802777
-44.842645
-44.859349
-53.349791
-64.922832
-71.748296
-72.430742
-95.122841
-84.136879
-108.817194
-99.738039
-102.669430
-92.393331
-82.545388
-73.292635
-84.011395
-76.969103
-106.390431
-89.231581
-99.769537
-92.851534
-96.409309
-92.532897
-99.720136
-89.441292
-91.518202
-61.847270
-65.742828
-48.775792
-62.367790
-69.523154
-66.527179
-82.989822
-75.461270
-69.128066
-86.684628
-81.314064
-92.938114
-97.301418
-89.112356
-95.121547
-72.069697
-69.668108
-68.145927
-70.381859
-81.717427
-84.163540
-86.416047
-93.205440
-76.488774
-103.009673
-84.819834
-91.158295
-85.348598
-77.009565
-70.894585
-71.395002
-52.949144
-79.423913
-66.102513
-91.811601
-90.377973
-97.803793
-104.145620
-101.375751
-95.407327
-105.627213
-88.711731
-107.199848
-85.708715
-90.024241
-88.041427
-79.258185
-90.265978
-84.773877
-79.652880
-100.687481
-93.766976
-105.610165
-103.098924
-95.080409
-112.802442
-93.693253
-100.369970
-99.694952
-89.345947
-98.742355
-101.244267
-107.076266
-127.894879
-117.499022
-142.026541
-137.148367
-148.696457
-154.327590
-154.753418
-153.805042
-148.115641
-126.985497
-141.782554
-115.631130
-125.818849
-111.566107
-101.679127
-106.713502
-104.170488
-96.087294
-118.167275
-111.998654
-132.061373
-108.996637
-120.623862
-123.323993
-107.833564
-106.118271
-104.418050
-88.300106
-105.438315
-99.624356
-118.360674
-117.217205
-124.742675
-147.189296
-137.059738
-146.987400
-147.955264
-138.140411
-148.362713
-132.792753
-117.964917
-131.616425
-110.428679
-129.221399
-114.239475
-131.543294
-144.692153
-144.129709
-160.482246
-170.362284
-159.903473
-182.221229
-157.721507
-174.018873
-167.848317
-164.736096
-156.945702
-149.922228
-151.611707
-173.870206
-154.846612
-186.682043
-169.305031
-173.362870
-180.850457
-188.777756
-200.463932
-193.109703
-179.418056
-192.846763
-166.706117
-185.378939
-168.808335
-166.528554
-173.817735
-153.981562
-163.000713
-164.578021
-155.521831
-171.235574
-165.049468
-159.135312
-161.024686
-150.184993
-171.196369
-152.629171
-162.023482
-170.855130
-170.811696
-178.618500
-184.299085
-165.419630
-175.513354
-148.431458
-164.139320
-152.180954
-164.030679
-178.395082
-181.229215
-179.564940
-186.449199
-166.538619
-195.856567
-168.848167
-172.757560
-161.084536
-152.437524
-160.120405
-162.040538
-163.461677
-177.432496
-167.251172
-189.742128
-169.234762
-171.685368
-182.133981
-171.308936
-179.303888
-177.525277
-178.184411
-197.694247
-198.986021
-215.076338
-224.140216
-202.342445
-203.441284
-177.398661
-187.707154
-187.902995
-177.085010
-172.295937
-172.184129
-170.187129
-191.221936
-173.782280
-195.591645
-177.520708
-178.470257
-176.508424
-170.095553
-165.737806
-172.286665
-152.211340
-171.326647
-154.892977
-174.051774
-166.587443
-171.763496
-180.436934
-184.688995
-177.487787
-184.797661
-167.452991
-185.497786
-171.455888
-167.727339
-171.974196
-162.324615
-167.048667
-158.233284
-149.314732
-154.435601
-141.689926
-149.016390
-148.019989
-130.278474
-143.403228
-130.666085
-134.725084
-130.444216
-129.491380
-130.812724
-130.679070
-127.567009
-145.872177
-125.731862
-154.739037
-143.626146
-151.951231
-156.437109
-160.226027
-163.423127
-175.827615
-161.451604
-182.032527
-157.375405
-171.776101
-169.745493
-174.152080
-177.089500
-170.476638
-157.915536
-166.481829
-157.502870
-186.324217
-179.873010
-188.474521
-185.460640
-181.009908
-185.593752
-172.414630
-154.185984
-159.955721
-145.653051
-156.660653
-156.378908
-149.050764
-164.176822
-150.688224
-165.600419
-166.157600
-165.547754
-181.365900
-181.030350
-179.046560
-185.176027
-156.135210
-166.396276
-143.828128
-147.471109
-145.784510
-149.557331
-162.513307
-178.747063
-174.740402
-206.222260
-180.756352
-190.975568
-179.702001
-176.625551
-173.633972
-178.028107
-181.050626
-191.317328
-172.017363
-192.047970
-185.975656
-197.509615
-214.430079
-217.926018
-218.905693
-211.014717
-192.012583
-200.257961
-190.962884
-197.318379
-191.746278
-179.402748
-196.472870
-184.259991
-194.786592
-205.883755
-209.926836
-219.757474
-213.309781
-213.768501
-222.080110
-199.306590
-211.032085
-187.287391
-179.622845
-175.933555
-173.993398
-168.450781
-170.082537
-154.048749
-184.456955
-174.412069
-196.674050
-197.811618
-204.589541
-204.512551
-196.419666
-188.467675
-203.598958
-174.957884
-194.581691
-179.557849
-185.259626
-189.095509
-185.946764
-198.359704
-199.421960
-189.401428
-202.160766
-183.270020
-202.447522
-196.204380
-186.846953
-204.744781
-196.540909
-205.769048
-214.198085
-211.917934
-228.685254
-223.655124
-221.317801
-239.448230
-229.415764
-248.590148
-234.344054
-245.378611
-248.116006
-245.766854
-236.458220
-240.602207
-221.770501
-243.768594
-235.229272
-255.782144
-244.744835
-239.029024
-236.665917
-228.916610
-210.161095
-220.586340
-192.527861
-203.228719
-181.191038
-185.600785
-191.659181
-185.660250
-188.329757
-192.978164
-189.517824
-212.638676
-192.599505
-204.606196
-198.072647
-178.132880
-168.923243
-145.985598
-136.086625
-127.242275
-113.885841
-127.701594
-130.111853
-124.981301
-144.035754
-145.868956
-170.865031
-159.829997
-165.551478
-166.098665
-152.710047
-145.966031
-140.815922
-118.230129
-135.837773
-110.284406
-129.964619
-128.573796
-133.065171
-138.311581
-142.264829
-144.474265
-167.662070
-149.594434
-162.044589
-132.666351
-127.001917
-118.774172
-107.437700
-100.961318
-99.563298
-91.890341
-118.004478
-109.429136
-126.500478
-117.457024
-110.681374
-125.269050
-116.239453
-120.430963
-121.033325
-111.750192
-119.848074
-112.483271
-113.806371
-115.922867
-101.304926
-123.296612
-115.363578
-131.777706
-132.323637
-129.132556
-130.348622
-135.824989
-119.837898
-139.208048
-120.348215
-126.790638
-109.787758
-119.381246
-130.148668
-148.787745
-147.018035
-169.039287
-156.251193
-169.961360
-148.907193
-149.026346
-134.072636
-130.824639
-127.843428
-130.743609
-123.829939
-143.207127
-128.258063
-141.432878
-144.704291
-154.495922
-175.352484
-168.589458
-167.072657
-161.068593
-152.453487
-161.736684
-145.909435
-149.244596
-150.158911
-139.718087
-159.826160
-156.982855
-163.759215
-153.394804
-153.047033
-157.992470
-162.170429
-152.898233
-160.197529
-139.255072
-155.540231
-146.469386
-148.774679
-147.234751
-144.703237
-138.209662
-148.342572
-123.174222
-134.359766
-114.190433
-131.814074
-124.846933
-125.131770
-124.350243
-124.777482
-114.154165
-113.843589
-95.068620
-99.475016
-90.910062
-104.539566
-108.989199
-109.876400
-111.930896
-113.798214
-113.349296
-116.445839
-109.180707
-107.158604
-100.082647
-91.465381
-102.216005
-94.684928
-99.864722
-96.125656
-90.776358
-90.347115
-89.761163
-72.039918
-72.044773
-66.327265
-77.656928
-73.679965
-79.682681
-75.031623
-78.251810
-68.023731
-81.102280
-72.135773
-88.866845
-72.714144
-73.270437
-62.881589
-70.926722
-64.112078
-65.035455
-49.727508
-63.446038
-52.411374
-71.139342
-73.426648
-74.928579
-65.754347
-60.535556
-60.237776
-59.961535
-51.545525
-53.620664
-46.244944
-60.352202
-65.418822
-66.630332
-74.921939
-77.283158
-93.708872
-90.888713
-90.808229
-90.383320
-84.617387
-81.511216
-90.410297
-72.142114
-87.592396
-74.747378
-76.670821
-67.473758
-73.626742
-74.234296
-81.560530
-68.705358
-87.139288
-65.814922
-83.933955
-86.358251
-100.650975
-101.664727
-109.264592
-93.789379
-107.585186
-92.651369
-93.516302
-70.777288
-72.069718
-63.807441
-63.376365
-78.936918
-87.695991
-90.968401
-107.332257
-100.573398
-104.195324
-108.366676
-99.740560
-96.476490
-86.114247
-82.248153
-76.789580
-71.446130
-83.059202
-82.358846
-76.177689
-92.874857
-81.792039
-101.356165
-96.830978
-101.273037
-99.601361
-93.481133
-81.490508
-86.684087
-66.503363
-83.463837
-68.637947
-82.549542
-87.631868
-88.974717
-83.920262
-86.145582
-71.296679
-76.589230
-57.224672
-68.952795
-53.932329
-61.042810
-69.007671
-71.876246
-74.915931
-82.275693
-61.784747
-80.825704
-69.700944
-82.211343
-85.729233
-88.488744
-101.772427
-97.350279
-96.237472
-98.667453
-84.668720
-89.021254
-92.023716
-78.272563
-79.949972
-61.450276
-71.302200
-69.640828
-81.342349
-91.058745
-90.241338
-83.288340
-98.051713
-85.372143
-107.104592
-82.262158
-86.640853
-84.334708
-95.536386
-97.597294
-101.158386
-94.472343
-117.714495
-101.503361
-123.008630
-107.914845
-105.250412
-106.244954
-101.706713
-103.442007
-108.370518
-95.499583
-112.523836
-101.172534
-113.621110
-119.497176
-109.768270
-114.845764
-100.361977
-97.539256
-103.105323
-88.027657
-102.832762
-109.179170
-108.833963
-126.527621
-116.264503
-138.639800
-135.891502
-129.610170
-130.869118
-127.486479
-129.208916
-139.651108
-120.095404
-140.526747
-116.924142
-128.589281
-128.783750
-134.246369
-136.040837
-137.591698
-135.686439
-162.917115
-141.856127
-163.864642
-143.500413
-151.625791
-155.746165
-153.374000
-158.540121
-160.291812
-143.915094
-164.370827
-148.417204
-155.908706
-152.036799
-137.212548
-145.010381
-132.318949
-134.852795
-142.092670
-133.045467
-153.350816
-141.732081
-131.734527
-147.915683
-144.216098
-157.548219
-149.052246
-145.013334
-149.162299
-136.619525
-141.444147
-147.767199
-126.968574
-140.292702
-121.317433
-137.030052
-134.263350
-138.539953
-140.590582
-129.806868
-122.666932
-129.071676
-97.496044
-114.974007
-93.221075
-100.486142
-99.403651
-96.892839
-101.610596
-105.066173
-93.791399
-127.078482
-99.749026
-108.029158
-106.041835
-99.704483
-102.972540
-93.145404
-88.060925
-84.694088
-70.563390
-88.350838
-70.167699
-62.674538
-76.298961
-60.045850
-62.750804
-45.088439
-43.272926
-54.672056
-60.232811
-68.327240
-76.086971
-71.212948
-101.115719
-84.452752
-102.129048
-102.350736
-108.876577
-124.416699
-124.600436
-111.559281
-125.789607
-104.782696
-129.656113
-111.528627
-119.424690
-125.520616
-129.301482
-136.677195
-145.886621
-136.615185
-160.438717
-142.446405
-153.345929
-133.166360
-120.769564
-122.573776
-116.653613
-120.030442
-127.381339
-115.781917
-146.898030
-139.120226
-143.677352
-149.943989
-134.722452
-148.007329
-137.842602
-139.163565
-138.376940
-129.775945
-134.393962
-133.696053
-126.499015
-146.181998
-133.343332
-147.864341
-140.119746
-145.273775
-147.483197
-137.957648
-125.944708
-132.317721
-115.152460
-142.486290
-126.967877
-139.342431
-132.828490
-128.858992
-132.907476
-137.483981
-115.149941
-111.568398
-85.063650
-99.487581
-78.369809
-73.803396
-67.950291
-60.195896
-66.350562
-78.964092
-70.879419
-96.697365
-86.964600
-91.341638
-93.532462
-79.427885
-86.450304
-67.500924
-62.858301
-63.608401
-53.069408
-52.704306
-48.743880
-41.143746
-62.597836
-59.066555
-89.715521
-86.172237
-95.207051
-97.575602
-86.094968
-75.389694
-82.380350
-60.195512
-82.034733
-63.988759
-74.395934
-63.484644
-70.989427
-85.179206
-94.217888
-92.902039
-117.725938
-98.711654
-115.123629
-101.866299
-106.675900
-110.968225
-105.094844
-102.735286
-106.479761
-94.303244
-114.693946
-106.603570
-125.172167
-123.731424
-123.144660
-134.244284
-125.287332
-127.494716
-117.383845
-87.311387
-77.056611
-56.601373
-47.054914
-56.149749
-40.897854
-47.227374
-36.515493
-43.174781
-52.487033
-52.856478
-49.440827
-49.266429
-28.190169
-48.553687
-31.262206
-42.420355
-23.056054
-22.451740
-29.682592
-25.703277
-11.377277
-28.411628
-6.032239
-27.640894
-18.596708
-21.278790
-24.523756
-19.650038
-13.370540
-18.804468
0.339881
-16.652890
-1.926013
-20.850981
-24.328739
-11.614680
-22.183111
-21.511144
-23.367599
-33.842065
-29.498241
-36.146048
-26.952870
-21.141388
-33.326498
-19.072737
-36.917897
-40.158469
-45.727952
-55.030056
-58.439249
-60.242842
-67.528514
-43.996921
-67.441560
-54.769979
-66.125213
-69.078558
-73.904187
-81.859758
-81.352926
-70.765296
-97.629579
-74.070454
-94.933693
-89.380560
-102.186676
-102.092372
-94.849401
-95.964302
-113.802264
-102.812554
-123.091966
-102.477323
-105.556926
-98.499311
-95.389674
-102.423681
-94.206577
-93.398775
-96.112769
-70.176071
-87.372016
-86.881052
-86.615057
-108.389897
-94.620881
-103.911142
-102.020532
-91.030458
-97.682570
-99.367715
-103.518541
-113.526270
-90.262593
-110.110429
-97.020527
-105.434507
-105.289267
-111.223258
-120.089342
-139.161531
-140.244320
-162.582658
-144.931116
-157.825856
-135.833947
-133.617372
-133.535080
-122.167585
-116.044711
-114.328950
-90.338446
-108.760884
-89.696665
-101.470448
-104.653102
-109.157731
-122.405982
-131.803083
-134.935535
-140.943560
-127.808405
-145.680916
-132.407859
-129.284042
-138.944193
-121.399751
-133.541457
-126.070155
-133.872660
-158.725996
-156.906610
-158.059580
-166.202038
-145.994990
-164.039881
-137.932171
-139.519952
-126.086727
-115.926954
-113.374796
-131.361467
-126.303343
-148.466464
-131.848455
-161.128361
-152.003799
-163.972047
-162.804928
-158.101304
-146.315764
-150.505966
-132.376113
-144.064316
-123.146680
-134.202739
-124.835506
-118.694904
-131.209945
-136.363814
-141.644161
-151.853741
-141.510867
-154.308947
-139.577375
-137.932273
-147.297442
-131.756149
-146.623173
-155.177272
-152.134995
-163.688503
-168.100654
-181.161118
-201.675718
-186.810234
-198.072180
-186.928836
-205.048594
-197.961548
-193.130533
-183.549093
-191.949931
-189.723505
-202.016982
-185.778955
-200.848508
-180.286166
-183.162347
-183.397864
-188.470704
-192.162890
-199.499574
-193.833888
-213.633017
-201.349149
-226.346764
-224.979172
-226.096864
-223.911776
-221.715578
-207.817885
-206.236416
-188.983790
-198.106391
-195.482206
-208.940695
-218.171409
-219.928733
-230.138125
-222.639861
-223.086645
-228.287525
-223.366906
-220.183129
-213.587859
-200.044827
-210.695355
-202.931342
-219.933260
-228.489542
-241.431844
-247.495941
-255.293956
-245.317099
-251.612243
-230.629588
-240.844155
-224.875528
-232.266021
-220.878668
-219.475236
-214.225557
-220.381955
-204.458747
-215.319201
-199.078283
-216.479964
-206.299731
-216.551176
-220.601852
-215.203005
-209.114028
-211.495346
-199.922206
-208.690272
-190.187533
-196.816936
-188.187147
-182.787235
-192.346497
-197.818705
-195.492745
-198.149634
-192.801304
-200.621370
-206.408762
-201.339670
-211.812399
-194.967720
-201.571659
-193.430968
-190.101571
-194.564381
-197.211711
-195.642003
-208.341207
-194.211024
-199.782580
-182.535829
-198.404849
-185.820314
-184.198466
-184.135637
-193.923318
-186.343861
-204.653216
-195.830594
-203.224768
-187.267992
-199.988512
-194.938749
-190.389135
-189.387080
-197.679709
-185.330425
-192.031544
-181.728180
-184.949520
-181.797234
-182.629508
-187.824568
-199.635625
-208.085779
-211.326452
-208.692958
-207.265768
-206.772125
-194.117303
-193.896447
-183.904306
-190.879464
-178.186681
-175.853549
-180.174899
-183.412549
-186.767052
-202.901680
-202.318214
-215.843016
-193.822475
-204.436938
-198.136175
-193.569002
-186.765790
-184.202757
-154.041932
-166.530404
-147.261540
-164.542124
-157.851464
-174.683483
-188.698647
-190.286406
-194.965510
-197.997869
-175.824833
-183.461976
-164.242473
-171.662541
-164.673274
-157.362102
-156.216519
-154.449896
-157.641314
-169.584244
-169.179202
-177.030983
-180.110064
-177.525198
-185.256579
-174.689608
-178.916434
-167.266893
-162.292389
-161.852221
-156.015088
-143.141778
-154.602146
-137.991532
-150.835528
-134.911975
-143.046676
-136.509795
-132.214406
-129.194542
-141.591100
-132.002468
-154.463639
-143.060554
-159.614401
-153.373464
-155.339062
-146.019680
-141.240777
-134.879196
-148.450523
-140.455725
-156.130432
-143.386821
-153.955791
-139.171252
-121.425249
-119.187290
-113.454908
-104.418552
-113.316676
-102.412489
-110.563349
-108.128378
-99.076211
-111.784787
-98.850132
-116.496552
-126.196514
-115.610339
-127.200612
-123.305345
-123.636895
-139.556475
-121.748170
-140.090879
-132.265282
-145.190767
-155.672467
-160.491071
-169.899308
-176.027620
-159.975900
-173.277688
-145.516900
-153.530587
-140.839444
-139.678671
-137.295407
-140.080823
-138.226240
-157.011411
-143.297273
-170.711383
-163.041789
-174.305923
-179.891484
-165.377848
-169.557571
-165.382161
-138.294604
-139.090032
-122.809498
-140.973678
-130.518141
-124.502026
-148.623735
-144.283314
-156.069066
-165.598270
-166.375106
-177.897800
-170.744889
-170.395265
-186.717504
-169.110331
-181.259669
-169.468403
-170.299454
-165.435665
-171.115275
-177.815773
-184.732667
-185.210534
-211.561622
-195.782572
-215.519978
-211.717205
-224.468012
-239.312172
-249.535412
-244.413787
-253.752721
-231.480781
-245.519265
-216.655800
-220.194281
-210.441308
-197.114699
-193.869395
-190.070556
-182.316655
-204.110946
-190.690007
-206.476522
-209.587187
-216.700019
-228.877840
-220.902002
-225.028602
-221.858747
-217.813128
-231.080168
-219.101273
-205.025315
-209.879670
-195.005503
-217.146760
-210.395474
-226.289852
-237.220808
-236.782853
-240.629009
-242.950740
-233.387183
-248.500427
-221.125277
-235.460752
-225.326245
-222.865189
-221.816844
-217.702246
-213.342705
-220.534798
-200.810348
-224.082454
-211.279787
-222.636326
-223.856100
-214.287592
-205.316628
-193.813220
-180.315667
-190.689396
-157.807096
-171.729170
-173.862423
-182.838031
-199.196630
-189.291490
-195.952399
-197.258669
-184.271635
-196.339794
-184.614308
-178.282505
-180.803809
-160.923155
-172.161861
-158.542843
-156.407419
-152.375932
-155.846749
-163.848659
-163.895666
-155.141558
-176.775732
-150.046569
-164.133306
-147.767776
-151.395175
-145.850943
-137.013547
-130.072153
-141.473959
-127.295867
-154.313187
-131.774071
-143.620501
-140.805717
-132.514408
-131.203718
-123.660279
-109.358934
-124.014506
-103.840987
-118.898749
-99.955620
-95.613307
-101.377186
-91.840624
-104.369737
-111.651686
-111.929803
-128.470026
-112.356246
-123.160773
-132.187700
-115.743741
-135.015127
-122.055874
-131.232284
-134.835018
-125.536804
-134.202182
-131.896100
-122.626673
-141.700145
-118.645422
-144.161312
-141.980114
-148.133758
-146.596719
-145.616235
-147.342191
-145.938690
-123.710294
-134.940741
-111.429293
-128.025641
-120.778089
-112.667562
-108.720358
-111.375784
-102.545926
-111.901328
-94.752507
-108.791831
-92.708876
-96.231310
-97.827074
-88.739890
-91.174095
-85.396954
-69.720162
-78.326126
-64.582524
-81.889845
-87.138995
-85.702263
-109.606123
-92.233240
-100.460587
-90.945639
-82.383075
-85.915557
-75.520858
-67.367041
-72.863190
-51.663512
-67.299391
-47.295283
-62.922923
-73.507835
-73.071351
-77.230850
-86.747880
-74.369365
-94.282595
-72.777420
-89.002775
-76.163456
-68.049851
-66.354489
-63.208568
-58.165174
-80.015339
-65.714132
-90.735281
-80.049059
-84.466552
-85.391875
-82.963411
-86.440860
-76.197965
-67.577575
-75.933551
-61.174813
-70.252103
-58.041634
-50.930995
-66.230363
-56.204773
-55.546979
-46.327810
-47.558368
-45.940879
-36.974631
-26.264852
-36.561971
-22.769673
-44.362931
-37.883833
-49.326715
-48.928235
-48.156490
-55.688684
-58.064876
-41.902854
-64.609965
-51.221874
-76.053761
-60.164740
-64.530048
-70.750271
-81.146500
-86.288178
-103.890629
-89.808467
-113.609695
-97.970458
-116.762326
-131.151736
-131.150731
-135.258966
-134.285973
-127.895629
-137.950666
-125.055692
-139.466709
-137.774610
-133.435415
-142.846758
-126.069052
-131.214763
-134.490674
-133.293847
-137.323477
-120.933009
-117.197026
-124.892537
-113.277730
-134.528854
-119.401488
-126.065891
-126.266130
-122.473274
-116.476160
-123.986104
-115.620359
-133.060333
-107.148179
-118.643121
-100.584360
-98.730593
-98.661017
-93.848882
-96.472665
-121.281257
-110.263764
-132.123759
-109.393553
-118.485469
-110.486227
-101.014948
-107.040853
-104.217586
-92.318893
-93.747785
-79.263734
-99.567568
-107.663815
-122.051164
-134.404189
-130.889719
-126.175576
-131.782066
-128.909726
-138.383426
-125.529780
-108.162466
-98.713243
-68.874428
-89.538733
-83.566771
-94.580187
-102.348338
-107.144051
-118.010019
-127.321592
-110.603043
-132.568322
-111.113977
-128.406658
-115.518234
-117.213838
-115.250696
-105.460408
-96.614137
-109.222024
-93.022055
-114.746419
-102.240437
-114.147102
-121.094540
-130.385303
-130.671484
-125.486188
-114.244763
-124.527344
-92.856210
-90.747612
-80.436389
-79.166928
-88.621291
-87.423548
-101.547162
-111.350450
-108.799316
-126.348825
-128.359209
-134.472185
-148.708735
-136.796609
-143.628818
-123.095920
-117.953904
-112.187125
-108.160041
-121.725055
-117.736236
-107.529314
-130.710649
-117.027442
-139.302694
-130.706197
-123.261315
-121.654751
-113.801257
-100.944440
-113.762370
-94.923643
-120.371157
-108.638621
-124.575842
-121.423079
-117.794897
-122.610259
-130.830287
-131.922883
-148.829190
-128.538128
-140.472856
-129.369828
-129.133239
-133.897310
-124.578851
-126.356866
-136.028633
-131.939494
-156.933965
-150.847817
-154.453716
-161.027922
-150.987752
-166.610187
-144.184517
-136.166011
-147.490550
-145.617320
-142.431941
-144.785371
-136.083386
-154.603687
-131.982653
-157.305148
-150.991030
-148.744420
-157.595774
-161.911043
-159.536910
-173.310962
-159.123931
-181.709305
-163.199272
-179.214597
-180.668793
-174.924208
-178.548802
-169.832217
-159.752526
-179.256079
-154.676054
-167.126509
-151.265629
-149.749325
-152.959189
-143.311393
-145.031709
-159.330987
-154.180781
-170.762243
-157.845871
-153.291544
-150.692369
-139.068823
-154.502906
-139.441133
-145.307421
-147.932180
-138.423913
-144.888953
-147.705189
-135.401970
-154.084164
-136.652990
-151.649276
-136.933222
-131.017912
-139.696409
-141.616860
-145.979728
-160.150756
-142.158355
-163.682508
-134.684534
-142.520473
-132.875465
-127.464524
-123.057202
-125.841329
-115.701632
-126.653734
-100.817246
-120.623635
-112.615655
-120.858943
-134.301636
-120.920939
-116.495044
-113.496276
-95.184625
-105.579755
-96.378479
-112.627369
-120.131655
-115.929995
-121.984162
-107.365534
-112.215703
-116.510943
-106.750539
-117.404132
-122.679777
-110.701130
-124.216857
-108.212229
-121.870655
-111.835079
-113.854331
-107.122971
-106.026190
-109.153966
-122.900586
-109.321145
-124.317147
-105.387811
-118.985900
-122.447648
-120.282644
-111.464109
-107.147198
-95.925834
-113.872280
-91.322203
-114.729259
-108.309164
-113.179509
-119.903535
-118.575078
-118.543055
-119.577554
-113.967449
-128.447596
-106.045135
-100.291355
-92.062202
-80.327740
-83.309724
-69.218189
-72.572260
-76.172193
-78.800715
-85.029668
-90.864047
-94.559242
-102.797508
-95.885553
-101.012302
-95.501167
-96.242426
-87.972284
-80.452661
-69.318927
-74.362475
-65.301595
-95.706156
-81.956243
-106.231413
-96.957884
-105.415214
-107.332234
-109.562047
-97.997019
-110.428476
-96.681697
-108.622994
-91.978358
-104.565781
-102.876043
-117.779356
-126.232255
-132.600199
-126.739088
-138.002578
-122.046831
-125.832414
-118.373457
-121.972137
-131.409894
-124.245057
-122.112459
-111.729446
-103.249157
-103.859046
-106.541687
-109.104511
-116.807705
-111.460103
-118.280662
-105.870044
-106.174372
-94.629905
-88.900706
-78.518421
-74.626764
-62.642201
-80.419530
-66.402251
-83.286800
-77.390479
-84.261763
-82.012534
-90.768619
-93.392394
-107.856093
-94.031395
-103.476902
-78.241703
-84.097934
-77.642053
-81.718201
-80.445149
-89.896837
-92.896335
-111.628655
-102.230687
-114.533739
-110.985253
-111.689067
-105.413228
-103.236546
-106.411364
-106.131390
-94.402755
-101.038549
-93.876954
-88.969503
-95.561535
-91.172100
-107.104632
-110.735671
-127.037952
-130.977542
-126.971096
-112.951380
-113.618273
-93.039222
-95.822323
-75.681392
-83.766151
-60.706721
-60.514825
-55.965499
-59.349437
-53.650596
-68.115425
-60.259889
-83.592867
-75.390678
-88.933836
-83.739008
-78.817274
-70.231576
-64.421859
-44.639818
-52.533368
-26.347234
-42.775458
-38.624095
-38.355253
-46.662902
-49.956983
-54.178307
-55.793237
-55.408829
-57.126964
-49.699353
-54.592462
-55.253437
-43.582622
-50.579367
-42.001188
-53.583501
-61.624408
-65.321394
-73.249234
-75.810798
-73.774524
-88.594637
-71.471528
-86.868077
-80.274486
-78.127212
-72.062914
-84.836810
-83.812706
-102.921508
-90.566774
-109.195813
-98.529226
-107.836185
-105.600980
-109.513888
-110.952921
-130.158874
-119.059749
-135.496806
-125.782098
-140.915416
-130.674924
-136.907200
-146.909772
-143.911715
-144.946962
-149.786507
-135.781560
-141.906719
-132.651662
-126.034810
-119.126728
-100.281868
-107.306735
-103.072561
-100.171330
-104.102990
-105.605821
-113.151489
-118.124335
-101.827649
-119.638629
-94.861842
-99.536976
-82.912501
-77.798029
-75.632422
-73.438763
-64.469374
-80.247520
-65.538312
-87.927828
-76.900499
-88.546723
-87.692717
-88.118690
-93.618853
-112.971715
-106.362319
-127.764124
-98.641980
-110.701111
-96.910121
-86.494829
-80.617203
-68.578716
-48.459180
-45.620345
-37.168655
-53.618802
-43.608848
-48.672809
-54.866299
-47.383031
-61.506806
-54.284330
-61.450386
-75.810283
-57.683039
-48.622487
-40.718271
-15.788368
-26.066758
-4.148172
-11.844096
0.489253
1.892990
-11.587315
-18.695590
-24.808528
-43.892465
-24.117045
-50.180116
-26.863889
-30.361126
-18.392028
-6.727755
-3.323756
-7.787559
9.273799
-3.267432
18.221003
-7.154805
-8.244414
-13.688663
-23.685686
-25.342284
-20.813508
-28.710383
-1.985587
-2.316164
21.375193
23.075810
13.999738
18.306921
2.061063
-4.981978
-18.394878
-28.808135
-13.241786
-24.476601
-28.152605
-12.330027
-20.814163
9.531842
1.469274
16.137184
18.467312
10.265710
4.283109
0.997613
-21.952460
-15.369222
-44.083808
-24.229057
-24.951337
-9.000309
-5.539805
0.044246
3.500216
22.228652
4.469071
23.025116
12.241612
8.208982
-3.290202
-30.189678
-27.961133
-40.200436
-59.788293
-33.014865
-44.432424
-25.904832
-28.190632
-27.760687
-19.003744
-28.726309
-24.076942
-20.299645
-30.841160
-23.964514
-45.029069
-33.839118
-27.628687
-32.014428
-5.471928
-39.983507
-30.664584
-30.493007
-32.509473
-25.481452
-17.367377
-38.755034
-26.365533
-45.389895
-31.069625
-27.660264
-30.234449
-13.697942
-13.135922
-11.125256
7.572115
-14.203525
12.835987
-7.390353
2.250383
-5.789527
-9.735395
-2.460499
2.993060
-4.035064
25.162378
-1.274881
22.935080
6.166469
5.799985
28.050270
14.805148
20.201206
33.478028
14.620486
4.951892
-5.728443
-9.394635
0.545069
-4.026988
18.877837
6.266263
11.589000
14.577694
19.965519
23.278710
18.590657
15.451269
30.845689
10.533394
29.203246
10.871087
10.116923
16.610757
14.997566
18.172469
41.594415
20.451626
52.682758
28.674786
26.535326
20.159832
15.191908
16.734341
8.684081
-13.016733
5.268304
-19.319855
-0.233258
4.486409
18.773905
27.825358
15.691526
21.285093
30.135821
18.207911
22.470912
3.380011
3.478792
-2.634820
-13.114312
-1.542356
-22.248616
-15.441902
-16.075517
-18.681393
-11.816188
-14.574580
-19.777639
-9.536583
-32.179332
-16.413074
-37.863478
-34.380263
-34.816771
-37.713798
-45.347790
-34.911319
-46.743581
-24.254314
-49.829953
-32.955742
-36.117142
-31.399863
-32.099854
-30.395144
-35.681809
-17.221598
-28.364320
-13.668979
-19.754829
-7.854273
-2.077337
-2.805342
3.462131
6.666766
14.998726
20.293027
8.176710
10.669922
-5.929647
-19.417552
-10.918789
-32.785812
-20.298183
-14.156645
-11.650748
-5.462072
-3.189564
4.876592
7.590807
-9.542040
12.682961
-16.367448
-29.981830
-43.196098
-60.978218
-75.260005
-78.978367
-98.010058
-76.093712
-90.867337
-66.005184
-71.440624
-60.837740
-50.309199
-47.955131
-55.930342
-58.273315
-90.155121
-83.273003
-112.552886
-112.931095
-122.823656
-127.143472
-109.099155
-108.692013
-106.555517
-90.006967
-104.775538
-92.984893
-88.974502
-91.721609
-92.429444
-112.154644
-105.712435
-113.119738
-119.627264
-105.614939
-103.475061
-102.591413
-87.875933
-100.201070
-84.600609
-91.895570
-77.275635
-80.371677
-74.957180
-80.276893
-90.023730
-105.516181
-90.186486
-104.033164
-75.488895
-86.299692
-79.995646
-78.159199
-83.100977
-99.949799
-95.371673
-113.250875
-99.710979
-117.803166
-113.266076
-122.778149
-114.942922
-115.468683
-128.392742
-136.785571
-118.525917
-133.727888
-124.628380
-128.737464
-135.756801
-128.501012
-135.957750
-139.859915
-157.467310
-163.581127
-155.646703
-154.437228
-148.067677
-134.608145
-142.261007
-127.124797
-136.436692
-119.520353
-120.509809
-122.557721
-114.507540
-117.070176
-134.790662
-125.646408
-152.693063
-141.611550
-168.528528
-168.192205
-172.634174
-173.212783
-172.985633
-158.252481
-177.858953
-162.597877
-177.199151
-166.635980
-170.277393
-175.603033
-174.756718
-172.398472
-176.825677
-173.988223
-191.008460
-175.091411
-194.720956
-191.564156
-192.649910
-203.975293
-193.368255
-195.018617
-192.056072
-171.355386
-168.197147
-149.530910
-129.549884
-140.164734
-115.834019
-126.117088
-118.834084
-128.615630
-139.454050
-144.745917
-150.039417
-162.849296
-171.165191
-205.687904
-186.167684
-196.956626
-193.567169
-185.110427
-167.993086
-158.198844
-139.321176
-149.821079
-122.037531
-139.090794
-129.736537
-134.636478
-136.344335
-139.539765
-141.358173
-161.137753
-153.257003
-159.017305
-138.258966
-140.032112
-133.315008
-125.504824
-125.289309
-116.576874
-120.695680
-136.169317
-127.559267
-140.327388
-152.365065
-156.849903
-165.647186
-149.151056
-159.616631
-144.249728
-140.035586
-147.643582
-140.163100
-143.178154
-145.802759
-126.769753
-141.876898
-129.157664
-148.799956
-142.446729
-138.373246
-134.486418
-127.888053
-112.957973
-129.741625
-104.429543
-125.213923
-109.062570
-118.450410
-126.678321
-144.068747
-153.166832
-152.862476
-147.863596
-168.952167
-140.065361
-137.895141
-124.540505
-117.377039
-119.763608
-111.100087
-104.823108
-113.011432
-106.917493
-123.622934
-126.070838
-125.826072
-141.773952
-122.359976
-127.350300
-123.277905
-118.973283
-115.277092
-104.916064
-112.071852
-126.394811
-111.552248
-139.821913
-131.690040
-144.287218
-135.099318
-131.318432
-132.808157
-132.778891
-114.878577
-130.879157
-107.898193
-132.892483
-123.480037
-132.383081
-136.182253
-135.129142
-128.336483
-140.714935
-125.083173
-154.598643
-153.265747
-162.688491
-156.381507
-151.649894
-167.211490
-161.543565
-164.096264
-173.712931
-160.703149
-178.193618
-162.226016
-147.792941
-150.395109
-136.971562
-147.929342
-142.168160
-144.445770
-155.488677
-146.648380
-148.788718
-149.244090
-128.410292
-143.972093
-123.538676
-136.452265
-130.737209
-125.181448
-125.158626
-127.157480
-121.591948
-134.796027
-117.898743
-155.760906
-146.784061
-153.453791
-153.902795
-154.995903
-160.507340
-160.802424
-148.516778
-167.949851
-147.471229
-160.919551
-150.873050
-150.411390
-158.557510
-157.307361
-157.940978
-177.763872
-166.020210
-178.906311
-178.708970
-176.318520
-178.624808
-164.258386
-166.360744
-149.639714
-142.568281
-143.993960
-132.359455
-133.594988
-142.633342
-128.421920
-151.287061
-131.407961
-141.718794
-143.413378
-137.405071
-139.874161
-135.973818
-122.012594
-131.416158
-113.508159
-138.210241
-121.275018
-133.559527
-136.839712
-139.005762
-144.250812
-152.630351
-138.181733
-158.171766
-129.899235
-138.282670
-122.686676
-109.530852
-110.296698
-114.386977
-113.010904
-128.590147
-122.204399
-151.041385
-146.594001
-149.623006
-160.246889
-145.244865
-155.860674
-142.656370
-135.328405
-145.545337
-136.196802
-142.384562
-146.095750
-137.831023
-159.986527
-156.116695
-174.348991
-166.395618
-166.262429
-171.341587
-173.243412
-170.052247
-177.040707
-156.190147
-184.097777
-174.428573
-182.531433
-181.715212
-182.048351
-194.498092
-214.878568
-197.182147
-220.704475
-191.950335
-191.930880
-181.921405
-184.633676
-185.655686
-178.888894
-176.940967
-201.387209
-195.914127
-222.614477
-214.957945
-223.392984
-234.289878
-227.626504
-238.991647
-235.943657
-229.952912
-232.402197
-206.316089
-201.539553
-189.744893
-175.285020
-197.032423
-182.277923
-195.827352
-198.728095
-195.640842
-193.267304
-197.043704
-189.174220
-198.635724
-171.195302
-177.680151
-153.026834
-153.212085
-146.348959
-133.649558
-125.931038
-128.495773
-110.888730
-141.071048
-123.561899
-148.028427
-152.761286
-165.393354
-173.347907
-171.075257
-168.415129
-182.690101
-164.576271
-173.928607
-157.886655
-155.325833
-160.910806
-159.202622
-164.997892
-156.782654
-156.303444
-161.324495
-141.079550
-149.574796
-146.957367
-135.832016
-148.852260
-136.855245
-149.462559
-155.480668
-162.952824
-171.239558
-162.248131
-155.522833
-172.598815
-153.065773
-170.109073
-140.292433
-142.316728
-134.324945
-127.079557
-124.089829
-130.181182
-118.232496
-140.459792
-127.140659
-151.893884
-150.082388
-146.457667
-143.691279
-136.983335
-122.389998
-129.761488
-107.020217
-120.311548
-102.386213
-112.419993
-110.174606
-105.754551
-114.154671
-118.205340
-115.108620
-123.334359
-111.337455
-117.846316
-109.071435
-101.029046
-104.747931
-92.536334
-101.440500
-105.712968
-113.418760
-127.928519
-140.695728
-140.667786
-156.215843
-147.190988
-167.614374
-153.076137
-172.101059
-168.731386
-174.647474
-181.253438
-185.300430
-175.744449
-187.094629
-157.406234
-175.790539
-170.977636
-187.029437
-190.114263
-194.810780
-192.397362
-195.093276
-169.883115
-186.162191
-164.051167
-166.978670
-157.935973
-140.294288
-136.843166
-140.891258
-147.261028
-169.385845
-163.315144
-183.045076
-185.268916
-188.797652
-192.923088
-181.201419
-187.076636
-177.264550
-169.305687
-160.663222
-147.802359
-145.271973
-157.791716
-151.064360
-176.429546
-168.663910
-194.025407
-194.559974
-192.648151
-196.302694
-203.318906
-180.758873
-188.331620
-153.923215
-155.966040
-140.461822
-141.461803
-136.386786
-140.062777
-137.066060
-146.039536
-135.647033
-161.759069
-150.921588
-157.201683
-142.132528
-142.279802
-152.263662
-157.776869
-149.115185
-152.122935
-141.758203
-155.837209
-153.125436
-152.342469
-157.791304
-144.384844
-155.458269
-151.718214
-151.191287
-158.989353
-149.448181
-146.677853
-148.080428
-133.441832
-135.022950
-115.383823
-125.484734
-121.136555
-120.295064
-115.053244
-120.486976
-117.730612
-136.240902
-119.673130
-137.223895
-127.071331
-131.158788
-117.921656
-117.843145
-110.796362
-122.797028
-116.936259
-132.552192
-112.529780
-121.862966
-104.125395
-105.607216
-106.245590
-105.228713
-94.003872
-95.448916
-78.790994
-84.433180
-78.494848
-93.758069
-112.403247
-114.694745
-121.322089
-112.234990
-120.326825
-132.066566
-128.398616
-130.422711
-125.053234
-106.108949
-113.075607
-90.777774
-100.511461
-100.332769
-104.633600
-101.478845
-108.632644
-110.571796
-124.596179
-112.593114
-122.140226
-109.506304
-125.673861
-121.464771
-120.415563
-117.057384
-116.796867
-102.623972
-120.639448
-100.533819
-115.793701
-102.869980
-114.899711
-123.112026
-119.329702
-113.052519
-129.146498
-124.729807
-139.739308
-131.811676
-143.615410
-141.069868
-139.686626
-149.707921
-143.511904
-145.030319
-148.268215
-138.094112
-138.824971
-128.772109
-117.471603
-125.980782
-122.225931
-136.054618
-126.947614
-130.368484
-127.898450
-130.027179
-123.460544
-132.874115
-113.887678
-126.255898
-115.368033
-126.902105
-112.758235
-108.713348
-94.895341
-101.972189
-89.896394
-99.753329
-86.988944
-110.115980
-91.995617
-86.303690
-78.315190
-81.729121
-80.767850
-86.555657
-79.519707
-85.273960
-71.115009
-84.622706
-80.864943
-78.278327
-82.644240
-83.101520
-95.397571
-106.408478
-92.822831
-95.765932
-89.477632
-81.471284
-87.587300
-84.199731
-91.462421
-86.704296
-94.995149
-94.096519
-104.710247
-101.197518
-118.932607
-114.983883
-120.138118
-101.306614
-106.131538
-98.050873
-94.449731
-86.198039
-94.283518
-88.747232
-114.926874
-109.947763
-122.271549
-117.377006
-143.202612
-143.845078
-145.847158
-139.656445
-133.885914
-112.769834
-115.344256
-95.904791
-95.801594
-90.583714
-91.540765
-89.799957
-89.967309
-92.557121
-100.302043
-101.350118
-111.166879
-107.957214
-106.319481
-115.324716
-112.677832
-125.102597
-121.106235
-120.622899
-119.141764
-119.458785
-114.608924
-128.633407
-120.173403
-131.695924
-111.119054
-119.976829
-113.024737
-111.876029
-104.180583
-106.669657
-97.402405
-109.186929
-99.413035
-112.262962
-105.822631
-124.120731
-119.934532
-129.421700
-135.453005
-155.236303
-142.367228
-155.848790
-143.501994
-146.492289
-127.768591
-135.339684
-143.537395
-139.942781
-141.747426
-155.117434
-159.053965
-183.547625
-205.920933
-213.272676
-212.897784
-196.699659
-197.803084
-186.706520
-177.382267
-166.042507
-167.728305
-162.790028
-172.521877
-170.689859
-187.361136
-186.750739
-206.256767
-208.422909
-209.112526
-203.249394
-207.109151
-189.756602
-192.705934
-173.940901
-191.069692
-177.089837
-181.175220
-172.358627
-168.839966
-166.143240
-175.909421
-166.177067
-191.541777
-177.810171
-185.583254
-180.208710
-179.187752
-173.970068
-169.714957
-164.964690
-174.149301
-162.018115
-176.810625
-183.905949
-195.798328
-201.557968
-199.306386
-208.274759
-205.212859
-203.794668
-203.538136
-196.327709
-183.252735
-177.651865
-159.541223
-171.680334
-169.806154
-188.456385
-182.878295
-186.390155
-193.976397
-201.949245
-184.450673
-187.596360
-165.733487
-180.831998
-154.700356
-159.527132
-154.619733
-163.295136
-165.046486
-183.401267
-179.312622
-206.046687
-194.783337
-212.339370
-216.595086
-217.295915
-215.987006
-210.521997
-208.647916
-214.252876
-192.421440
-198.538875
-191.197233
-195.539194
-199.442361
-192.985002
-201.037143
-199.981302
-200.312457
-205.636646
-204.506454
-201.806166
-200.870246
-195.684368
-202.844311
-194.006407
-207.902962
-213.013631
-214.320388
-216.889525
-220.732429
-211.378106
-237.348383
-217.931570
-222.535803
-208.335604
-210.045459
-195.513594
-196.246665
-196.810231
-215.543853
-201.641458
-216.399166
-196.300975
-203.774394
-199.923082
-207.374346
-216.684332
-217.555363
-207.191488
-206.363101
-188.347898
-198.438849
-186.485738
-190.842884
-194.086722
-189.993133
-191.530772
-191.057944
-178.856143
-178.097645
-160.216158
-157.811990
-162.448801
-152.556561
-162.296381
-154.686337
-164.852871
-163.720967
-170.136299
-171.023474
-167.135804
-150.108675
-158.367081
-136.189291
-145.491156
-119.457972
-125.021975
-120.320074
-125.258699
-117.939515
-129.819699
-115.122668
-131.916179
-118.843624
-125.981057
-116.474107
-112.000704
-112.390913
-115.636491
-108.507404
-120.760709
-108.665727
-126.484394
-112.696363
-116.954711
-119.035673
-116.026001
-121.691533
-123.747770
-117.294782
-134.219297
-122.017229
-130.751857
-137.233310
-128.649421
-138.640116
-127.213692
-128.413410
-120.957204
-127.491141
-134.052203
-135.054672
-127.501390
-140.893926
-132.302371
-159.557568
-150.710655
-158.884831
-154.566235
-158.477387
-156.063350
-169.875780
-159.842720
-189.263597
-174.262885
-191.394298
-184.041175
-178.021119
-168.047838
-159.323318
-145.504604
-145.177230
-134.551466
-147.613015
-131.643522
-134.600523
-134.975545
-134.421109
-143.901924
-153.471685
-153.220648
-156.309203
-138.649440
-144.923304
-136.985540
-137.186645
-146.181258
-139.583847
-149.340688
-146.000209
-145.814486
-155.593476
-151.915323
-140.425062
-161.849035
-138.814263
-151.912192
-138.886710
-145.708938
-150.387983
-148.824870
-139.270998
-144.525510
-140.787371
-172.734953
-157.688129
-171.363035
-165.464784
-166.143336
-170.077737
-182.966560
-171.272890
-185.101046
-167.456259
-188.309266
-184.061906
-197.426816
-200.387663
-189.383001
-184.892628
-186.418845
-182.793181
-189.814557
-178.614912
-191.550761
-184.847708
-175.075913
-178.948554
-162.524572
-161.859118
-159.525572
-159.034029
-166.639933
-163.071463
-165.141258
-169.111562
-148.668297
-170.256395
-153.265249
-155.502286
-141.252327
-137.146571
-133.197993
-133.269442
-118.445572
-141.361212
-126.268150
-150.903321
-142.632988
-144.819554
-146.593794
-145.468538
-143.687042
-149.991430
-115.118911
-127.415908
-112.994745
-125.323294
-121.911836
-119.388135
-119.820545
-124.747300
-129.259669
-147.636677
-133.930861
-146.563721
-142.056864
-136.158701
-141.095059
-125.194942
-129.683115
-126.365732
-120.986238
-126.187490
-117.843010
-120.725027
-140.077106
-123.036836
-147.827532
-143.144711
-156.172394
-157.874021
-152.310113
-153.717144
-153.033466
-136.786461
-160.894343
-146.243000
-171.856684
-164.650906
-172.729569
-179.800653
-178.338705
-165.796850
-181.458442
-165.511931
-189.114832
-166.660914
-180.960210
-173.946678
-161.756303
-167.138908
-169.180288
-163.779811
-174.076965
-149.217828
-165.492730
-158.043215
-155.310840
-159.231573
-139.718543
-140.685744
-139.823954
-137.938781
-149.611139
-149.739739
-161.666392
-174.569818
-164.235028
-194.583569
-182.800287
-189.770527
-184.983097
-174.261141
-167.052251
-161.767816
-147.270170
-158.104689
-126.202131
-146.857008
-133.379492
-137.157270
-141.333515
-150.998661
-154.390710
-161.407139
-141.346703
-158.487233
-147.473741
-165.357882
-163.483324
-161.343301
-159.877193
-158.455671
-148.286312
-160.986239
-148.053785
-164.500998
-158.415210
-162.371139
-168.903328
-157.794866
-165.968599
-164.685672
-154.082703
-157.326780
-146.247784
-151.636041
-167.849249
-164.525206
-172.327265
-156.703120
-176.807870
-178.096051
-185.836626
-193.793750
-194.721384
-180.083928
-198.433435
-190.309913
-217.639925
-204.818593
-206.100613
-205.103002
-199.149397
-197.270169
-211.651961
-184.009210
-200.456111
-179.184694
-197.964367
-197.436220
-197.914413
-197.125218
-195.758979
-190.503562
-208.805091
-185.754897
-196.534077
-184.922729
-198.057297
-212.618378
-206.898951
-212.335260
-216.999716
-210.585761
-211.819445
-195.292652
-194.057358
-188.684549
-170.897002
-181.918412
-172.243337
-199.401390
-196.443073
-193.857785
-207.178976
-204.398659
-203.801941
-222.335770
-198.636849
-219.958935
-200.505715
-208.312524
-213.116115
-205.808469
-195.487020
-199.251861
-192.990528
-232.495524
-228.673253
-246.965833
-240.959633
-242.454823
-233.884923
-224.058687
-213.136247
-225.464883
-202.209522
-223.109421
-209.184508
-211.799538
-223.611755
-223.417244
-225.577888
-223.875576
-210.290828
-222.322123
-201.982300
-201.179103
-197.260592
-175.530099
-187.914661
-167.395606
-165.176712
-162.301917
-156.936703
-168.520804
-168.227490
-173.492334
-191.005564
-171.310857
-193.880150
-178.821401
-182.035650
-178.957909
-172.196986
-168.230435
-166.494311
-142.981597
-168.145286
-149.601971
-172.712693
-167.309026
-178.610755
-180.512112
-173.963467
-161.463652
-170.493607
-144.565371
-164.515171
-145.889775
-137.026371
-127.046349
-118.821914
-127.026235
-135.465441
-133.949223
-155.079073
-149.763951
-168.824838
-167.282126
-174.883390
-194.413276
-185.400814
-197.714958
-192.170259
-180.402574
-180.962206
-164.615772
-158.963481
-167.516175
-140.009079
-154.722105
-137.285749
-142.186625
-144.376700
-134.752814
-142.309236
-151.584395
-125.251495
-138.858314
-109.550383
-120.142682
-109.428869
-109.989724
-114.002310
-104.988872
-98.497194
-121.357823
-104.605760
-139.378971
-118.197578
-127.527215
-123.391524
-110.274762
-113.969043
-112.771493
-98.905698
-107.758230
-88.728825
-106.736058
-112.496507
-125.921983
-144.167058
-134.048876
-155.091736
-148.670996
-134.633846
-141.848372
-124.635326
-109.282565
-102.630148
-78.108360
-98.139105
-83.915678
-96.440460
-98.261851
-97.201435
-105.135280
-119.472041
-111.771056
-132.791713
-102.712719
-118.111860
-108.638770
-106.452928
-103.698728
-94.033273
-86.201768
-93.233084
-70.535840
-97.181488
-72.010769
-91.007324
-96.912568
-97.835055
-110.339246
-111.124626
-100.777886
-107.445641
-87.081523
-100.362470
-87.739897
-83.170862
-93.619760
-81.776146
-86.538449
-94.675989
-89.320495
-98.453296
-85.930168
-81.620291
-85.440216
-70.302631
-84.193219
-67.483450
-75.384720
-76.086253
-83.459817
-99.010150
-112.000654
-98.879030
-119.673035
-98.689855
-119.481200
-102.940928
-108.602582
-117.927420
-111.951610
-114.828312
-130.250382
-111.494908
-130.205733
-110.171204
-139.578202
-142.253913
-134.274361
-137.340453
-133.383501
-121.187323
-134.543107
-113.851148
-128.901299
-123.473330
-132.137701
-151.233368
-142.453718
-159.630613
-166.655601
-157.483252
-174.093946
-160.349293
-161.135323
-162.205495
-152.686959
-172.777101
-157.952615
-167.801393
-180.248360
-173.120310
-174.278759
-171.140619
-157.444230
-168.740658
-140.413832
-160.501067
-142.413167
-145.196234
-145.932304
-142.768867
-136.014314
-141.397007
-132.067623
-158.157820
-141.462013
-165.224589
-160.617230
-149.095287
-148.821788
-143.932557
-137.249005
-155.508063
-137.695800
-163.778681
-146.220824
-139.085472
-145.890580
-132.303415
-142.025872
-139.348528
-130.710695
-135.597913
-114.157622
-126.863384
-124.642109
-108.542083
-109.378286
-82.413892
-90.352906
-96.513337
-91.869913
-102.797715
-112.226312
-105.905123
-123.424671
-105.861387
-129.688513
-117.346794
-117.093562
-121.628698
-117.051608
-111.012541
-120.262498
-106.776812
-132.921305
-113.214772
-129.545645
-123.023134
-135.851307
-143.875739
-145.226474
-145.746247
-160.124968
-140.662741
-158.226076
-133.660985
-130.625512
-135.286864
-122.358962
-132.258656
-140.260279
-135.422518
-153.825651
-135.474130
-148.909533
-151.828969
-136.967979
-154.025422
-137.431910
-139.488984
-133.714870
-123.485961
-122.829386
-119.900327
-124.414007
-146.383555
-132.089597
-158.836373
-145.436806
-155.893618
-158.495516
-149.240985
-145.201953
-143.681636
-113.426068
-129.877640
-99.200681
-111.394450
-100.259674
-101.719995
-107.603712
-108.981239
-110.231730
-136.868713
-119.691541
-145.902970
-129.202955
-132.114544
-133.532558
-126.302156
-129.423306
-122.045641
-112.281326
-120.745888
-105.374331
-114.581161
-117.624599
-122.338835
-139.892714
-136.028200
-145.936986
-143.002345
-140.612508
-151.547428
-137.829578
-137.086273
-155.963790
-148.723990
-173.611734
-157.688583
-162.330283
-165.114550
-162.081499
-160.377454
-166.756016
-153.309586
-176.810332
-156.008849
-165.872900
-157.377616
-164.398103
-169.871621
-170.150060
-169.845973
-186.337813
-172.710617
-196.277109
-175.460492
-174.667067
-166.157610
-157.689426
-155.717677
-158.485529
-151.746258
-165.527597
-142.909197
-156.413812
-150.424040
-144.255794
-158.848713
-144.682656
-151.372737
-153.564892
-150.829399
-163.316948
-154.490852
-149.059390
-146.982153
-122.491363
-133.269889
-103.541292
-101.341781
-95.866858
-89.001522
-91.428506
-97.680657
-89.500844
-114.559298
-97.555729
-114.216709
-93.342626
-105.849612
-103.602326
-99.264496
-96.253641
-101.665700
-80.636755
-100.586660
-75.483155
-81.593348
-69.658023
-67.458423
-70.092095
-71.242384
-72.243720
-83.781150
-69.533415
-79.973954
-72.263148
-65.017045
-68.782929
-56.697716
-61.977726
-63.091054
-66.813328
-81.589017
-71.859124
-72.609156
-82.542574
-74.753254
-94.170155
-79.325831
-86.933222
-69.782161
-58.649841
-56.494050
-50.206124
-29.959906
-38.277216
-16.290460
-41.312414
-31.966294
-41.750680
-52.124318
-56.426602
-49.885500
-63.074605
-37.639946
-51.143690
-26.180179
-33.280566
-17.570865
-7.715290
-4.651789
2.694369
14.934537
1.876151
12.604423
-10.743415
-11.899007
-20.346094
-27.106575
-18.271265
-22.553839
-14.401560
-4.456540
-11.624490
-1.413444
1.858993
6.829443
21.465393
9.876827
22.216106
11.799282
15.272004
11.746818
-3.532873
-8.043105
-5.670354
-31.026683
-12.474094
-31.220486
-19.358051
-27.019432
-28.311909
-25.522692
-22.654497
-40.926302
-32.630395
-60.182907
-43.061223
-63.630406
-50.730091
-58.408319
-59.466682
-54.745382
-53.853126
-62.989343
-44.868218
-55.947018
-31.518100
-31.034285
-33.932037
-24.827922
-30.691679
-31.739925
-39.784085
-56.003907
-44.011012
-55.011139
-54.067480
-37.591140
-51.098855
-43.381798
-53.377809
-51.987605
-48.149865
-49.606805
-55.026331
-48.676457
-72.443073
-60.460200
-72.584343
-53.708394
-63.428876
-70.110311
-69.579479
-70.992493
-77.693812
-57.523208
-69.653942
-53.765120
-76.750338
-69.606662
-76.476006
-77.155860
-69.511122
-71.648934
-90.488566
-81.485763
-98.778382
-88.678985
-100.474540
-104.429239
-104.104805
-104.531219
-103.397081
-106.369472
-111.223521
-98.665143
-100.606303
-99.584824
-94.821895
-105.350638
-104.553562
-113.685028
-112.579617
-111.205934
-105.881009
-98.425932
-90.616048
-93.748660
-79.598334
-93.302734
-77.131869
-82.020862
-78.467144
-79.083924
-76.313221
-83.804997
-71.221239
-83.869306
-60.463399
-68.005208
-46.674527
-50.706099
-49.708273
-47.243364
-47.234971
-65.639099
-65.682395
-93.093752
-84.680883
-105.758801
-107.652991
-101.673276
-107.653013
-99.922961
-85.771720
-92.659392
-72.557975
-72.871863
-65.491701
-61.216724
-76.521867
-62.040257
-78.817558
-82.270654
-80.985924
-97.496332
-97.831530
-100.366818
-101.390223
-97.435667
-114.212421
-97.490329
-102.693741
-93.372499
-89.913752
-100.955029
-120.014620
-117.394419
-142.272286
-126.898531
-142.671562
-136.802062
-134.382193
-134.232902
-121.310479
-108.352999
-108.171047
-76.763333
-94.108662
-77.694128
-80.930021
-82.992185
-86.050816
-87.634393
-86.369211
-90.616308
-102.973419
-88.067106
-104.968458
-96.918829
-88.958439
-102.282747
-91.916872
-96.339264
-98.502699
-98.160976
-113.852159
-104.723916
-104.177534
-123.050729
-107.156614
-119.797618
-106.978202
-120.626558
-108.621392
-105.693733
-92.792839
-93.090337
-71.428422
-87.367597
-83.556563
-86.893229
-87.399188
-101.480648
-101.702205
-105.431619
-99.226137
-105.463840
-78.241316
-105.883322
-80.926360
-88.386240
-73.687005
-69.724351
-84.551037
-75.508216
-80.102703
-100.707508
-88.206525
-95.571397
-88.490722
-76.535733
-95.305718
-88.426201
-82.742299
-79.856516
-68.869132
-69.553767
-59.384691
-72.502300
-80.950485
-69.085970
-89.236741
-76.733069
-81.590966
-77.481481
-72.233418
-71.768506
-69.661822
-49.590494
-61.979062
-40.841474
-61.237630
-46.144841
-53.734367
-66.316456
-67.126472
-62.822045
-78.625282
-66.113348
-73.753618
-55.907096
-70.169850
-65.049386
-65.883269
-75.094314
-84.144858
-83.559899
-85.474794
-74.944220
-88.211105
-90.315411
-95.679181
-100.729407
-87.085981
-95.760341
-105.104687
-90.399193
-95.538150
-89.165360
-91.691787
-101.099307
-93.829462
-117.641537
-108.509102
-110.166276
-112.203258
-112.304810
-118.449363
-121.067651
-99.052905
-102.299758
-80.453689
-98.193993
-79.900473
-74.284857
-82.694801
-76.412914
-69.618165
-90.543079
-81.935506
-102.671601
-86.425122
-102.274325
-101.601023
-97.221717
-93.383923
-83.167151
-74.471689
-79.140924
-57.338593
-73.664625
-59.240859
-57.241620
-72.672726
-70.776129
-75.195156
-77.241335
-61.963814
-82.646773
-75.847144
-80.688565
-82.828989
-69.382986
-79.497515
-69.231111
-70.536279
-76.192111
-76.827084
-88.304980
-96.771291
-94.040541
-115.981078
-91.986040
-115.185382
-106.199160
-103.913352
-106.997037
-99.739265
-95.336302
-102.318935
-81.708327
-95.208783
-79.239777
-95.143034
-93.067429
-90.272513
-93.944577
-92.662118
-93.392051
-112.836331
-85.139793
-104.151005
-87.505186
-88.387554
-89.510940
-87.479672
-96.281765
-99.732213
-89.395304
-101.457049
-87.434755
-91.224947
-88.957758
-72.055451
-80.884226
-61.105331
-55.239675
-55.516117
-52.561844
-65.911420
-69.939373
-68.964136
-84.326322
-67.581554
-87.686783
-63.672955
-57.009367
-61.102543
-44.309313
-21.658489
-32.190825
-12.632848
-39.971360
-21.637471
-46.230466
-54.059364
-52.156290
-61.583686
-60.578401
-48.363314
-69.642806
-60.489114
-89.661471
-78.907012
-78.964595
-80.097537
-73.423545
-86.237150
-91.570833
-85.490038
-101.266799
-94.550788
-104.120760
-105.683487
-99.828004
-105.520283
-91.140037
-91.602969
-95.632453
-88.364744
-100.403853
-104.567690
-105.846511
-122.332982
-110.949312
-134.591425
-121.633062
-130.508220
-141.217846
-137.329450
-130.377483
-142.911075
-133.948838
-168.388142
-147.103700
-156.630286
-149.505928
-145.333745
-144.801230
-149.360033
-140.510697
-153.746946
-123.169523
-132.844904
-114.211422
-119.695119
-127.258629
-129.949124
-133.539676
-138.846427
-126.465703
-145.974747
-138.292566
-149.901895
-152.335680
-140.885042
-149.332368
-142.681846
-145.066658
-140.406344
-122.816272
-133.086323
-126.877817
-115.084566
-118.062192
-102.070583
-118.723551
-106.161490
-116.244929
-125.884144
-125.683533
-119.014979
-117.967605
-88.117919
-104.159772
-77.990455
-88.240420
-76.330141
-80.872499
-84.714189
-81.106283
-68.898961
-87.261598
-80.014198
-104.080496
-93.701504
-114.455786
-118.539976
-112.077871
-114.444190
-109.663402
-91.120187
-99.019153
-74.315867
-79.983096
-82.066336
-77.334117
-90.770147
-82.892258
-95.012463
-97.930807
-87.986415
-100.047833
-94.570875
-95.998495
-103.700607
-79.637053
-85.048299
-69.071196
-80.085432
-86.396350
-84.018482
-86.413301
-91.391091
-77.921864
-102.346123
-87.655967
-101.270062
-92.196321
-91.898959
-91.596230
-93.386601
-85.278033
-98.697474
-83.898128
-97.480869
-84.886475
-100.996200
-101.027060
-101.659987
-115.190216
-125.606091
-111.328389
-116.326352
-99.783805
-115.313049
-113.715909
-110.590305
-119.950669
-112.322562
-111.170846
-113.442742
-101.709935
-110.321762
-99.343021
-93.424153
-99.251942
-90.091263
-108.067183
-96.927674
-96.233553
-99.172365
-96.984761
-93.425020
-93.549319
-83.921402
-106.640922
-85.405540
-100.585382
-88.010442
-88.836462
-89.544268
-98.059670
-95.396931
-106.917110
-84.926616
-106.153977
-86.464079
-96.024805
-93.427386
-89.830085
-87.695470
-101.722861
-100.611333
-125.837085
-116.896059
-133.409477
-129.296947
-139.241053
-148.768517
-138.080530
-126.172081
-116.305472
-109.132380
-112.531189
-100.177621
-103.187075
-112.637049
-119.027060
-139.737354
-148.017116
-168.750741
-172.453178
-166.227776
-162.510357
-159.341475
-133.311668
-143.093445
-119.060021
-123.612282
-112.323362
-112.567939
-115.979855
-119.926973
-122.249902
-138.272531
-128.332691
-145.385765
-132.834118
-146.684209
-136.722320
-136.081139
-130.896528
-136.162036
-128.156231
-136.807288
-115.224517
-130.748870
-129.073431
-140.157708
-147.598058
-155.754865
-161.544113
-161.768163
-149.737852
-150.872594
-143.346464
-142.458775
-140.204502
-132.814445
-146.174863
-139.242778
-142.540432
-140.652334
-145.311997
-151.361370
-153.593906
-155.071878
-166.876218
-151.643877
-161.768656
-143.401911
-143.760824
-135.962238
-137.343405
-133.216471
-138.266478
-118.125549
-127.532740
-109.205904
-116.902321
-108.243032
-113.321550
-115.270103
-117.215973
-104.915765
-112.970277
-96.707855
-113.854952
-103.843107
-109.952885
-101.115236
-103.765555
-105.129792
-110.549444
-103.213223
-112.474730
-103.944116
-110.272445
-115.855115
-123.456946
-137.211662
-126.339290
-122.847826
-116.771051
-116.691641
-109.935715
-105.047422
-94.000182
-97.243565
-92.760593
-110.182394
-102.233261
-112.219210
-112.642887
-125.991497
-127.438812
-140.976892
-142.130526
-164.174082
-158.343048
-177.824557
-169.881266
-172.638440
-162.139501
-159.443527
-145.076932
-147.217522
-131.616369
-152.511171
-142.649124
-159.241239
-154.522870
-150.840974
-143.656676
-143.917163
-128.092454
-130.844096
-121.455497
-122.946962
-118.647594
-118.782432
-115.595850
-104.739064
-109.132602
-107.799601
-106.684662
-105.040391
-99.937218
-102.638253
-117.886394
-108.539356
-116.430108
-102.887602
-113.129271
-109.688632
-111.157671
-107.360166
-112.615599
-104.635952
-122.024189
-110.711223
-123.320607
-114.358285
-124.834277
-121.083017
-118.330885
-110.031824
-123.114756
-103.045498
-122.365534
-106.589079
-126.717714
-131.016596
-128.158723
-125.940168
-121.174799
-111.901035
-113.637989
-98.710599
-105.689454
-106.692036
-112.008193
-121.364633
-113.387965
-115.865679
-111.746120
-102.211037
-100.280870
-85.303524
-74.762344
-74.430534
-65.760929
-77.882517
-73.266549
-87.196687
-86.192924
-93.686635
-93.915590
-97.227991
-90.134414
-108.337560
-89.778480
-104.664813
-99.928820
-104.674468
-108.058858
-113.199861
-108.032070
-113.543797
-88.576129
-90.914789
-71.835033
-83.675945
-82.041550
-86.940313
-88.574105
-86.737870
-80.794426
-94.793789
-89.167484
-101.327450
-94.188772
-91.692004
-94.370411
-86.508242
-90.518799
-97.856032
-93.105258
-92.162256
-83.278071
-85.166699
-91.214077
-77.858034
-82.979493
-75.493748
-79.001698
-82.628267
-90.682602
-87.340615
-89.486356
-62.339734
-70.980109
-47.445409
-49.301508
-35.400123
-27.927189
-19.148988
-18.462204
-15.607782
-32.731972
-23.311165
-46.921924
-33.781456
-38.202756
-29.148231
-27.342240
-25.059878
-24.317303
-13.595231
-27.264695
-17.787738
-36.513794
-30.368387
-42.112527
-54.796641
-58.593848
-64.311278
-61.490754
-46.808389
-44.447280
-44.713481
-46.599268
-60.227768
-46.841459
-58.936663
-42.339993
-39.110860
-48.485029
-51.499760
-56.465720
-68.239071
-52.649959
-57.764567
-42.400117
-56.805390
-54.764341
-61.926040
-64.686510
-68.796550
-60.098568
-78.687270
-63.313110
-87.427825
-78.223020
-85.372135
-80.577335
-69.138514
-56.984786
-57.447609
-39.827679
-50.869162
-28.532659
-49.861063
-47.314209
-53.826915
-72.928431
-82.261637
-88.492794
-96.694173
-85.453781
-91.767590
-68.379511
-57.245615
-52.163428
-39.929606
-53.002635
-49.687393
-44.454075
-35.176246
-23.138432
-24.482806
-32.555821
-22.948376
-41.013072
-33.552246
-62.738564
-52.463997
-47.441633
-39.881343
-38.343487
-19.852211
-22.037324
-3.347145
-9.019926
12.022913
-6.717627
-5.429469
-7.879501
-11.008388
-10.548148
1.203034
-6.508461
22.362496
1.190307
5.136804
8.663318
1.637492
7.289802
1.404825
-7.719760
-0.047444
-17.918433
-11.613252
-16.563706
-23.380285
-21.693138
-46.009006
-46.614987
-54.059331
-63.985478
-54.798092
-66.060090
-61.386504
-45.953033
-58.277536
-41.461408
-45.867829
-35.587694
-41.315302
-51.954628
-56.846235
-47.964236
-64.216926
-49.173647
-74.677732
-61.524739
-60.953835
-63.356346
-65.638622
-57.463768
-52.496969
-36.636981
-60.972918
-45.342637
-72.128755
-65.045937
-61.277338
-58.869524
-45.881504
-41.463488
-52.406461
-37.203964
-52.562093
-39.052954
-45.230632
-45.851844
-25.087698
-34.675484
-24.500277
-27.583431
-41.405985
-34.238889
-38.872023
-35.869637
-24.101440
-30.170342
-15.059884
-32.723188
-37.745170
-36.363018
-43.101592
-36.753632
-31.253972
-45.562000
-18.753379
-36.198948
-25.456943
-40.634272
-38.252800
-40.216653
-43.958745
-51.484004
-44.092347
-74.483087
-66.827261
-97.453329
-84.601304
-82.387578
-82.634159
-75.811821
-72.854402
-75.775866
-48.613483
-58.973853
-37.531480
-33.590108
-36.500635
-25.720360
-37.036063
-29.653279
-36.608351
-55.502046
-46.633746
-67.492039
-66.004999
-58.880333
-76.541437
-59.628410
-73.625780
-64.186211
-58.803538
-59.062416
-45.644783
-36.221605
-48.700817
-34.695204
-52.308323
-26.697682
-41.445023
-37.543681
-34.579058
-39.378917
-39.011429
-23.915373
-39.386281
-12.987245
-42.141158
-33.654436
-41.853791
-59.447543
-58.499376
-82.284328
-98.756687
-93.013241
-125.366526
-101.229391
-124.980714
-124.817309
-100.401594
-101.535990
-89.126613
-89.548682
-91.469986
-75.380908
-88.836711
-84.320694
-93.651079
-117.891127
-108.005389
-119.810157
-111.397919
-99.464686
-94.444873
-81.088174
-81.518996
-93.397843
-74.282877
-86.806547
-60.252735
-79.280865
-77.559905
-88.897010
-100.523090
-107.325141
-96.824225
-120.799900
-110.309265
-127.548150
-108.073341
-112.868132
-124.034876
-128.715552
-128.726463
-143.694743
-132.061750
-156.687157
-144.877282
-154.408577
-149.519406
-147.560024
-154.819885
-152.606270
-151.063033
-164.650474
-151.721915
-166.056665
-161.244920
-172.212525
-177.058216
-165.876695
-180.124236
-166.155117
-163.720089
-159.827374
-144.909089
-144.471038
-145.221343
-135.841124
-165.127955
-154.807039
-179.049821
-162.812307
-149.564776
-145.747435
-136.490384
-118.093104
-126.187241
-94.315654
-107.033794
-84.581347
-97.236469
-92.683758
-95.851764
-107.400763
-104.601045
-82.272656
-93.099706
-70.220051
-83.843575
-80.717038
-90.777231
-99.136141
-91.681848
-100.733593
-105.017872
-89.417625
-104.356454
-95.068469
-98.975266
-106.442142
-96.674846
-108.825696
-92.157649
-93.927442
-97.559754
-96.410892
-105.040202
-110.943293
-102.649315
-125.716539
-104.747158
-117.251193
-109.158500
-105.326165
-103.676254
-96.866296
-86.615155
-104.306053
-81.540720
-108.283299
-97.241911
-109.776111
-104.665475
-104.352922
-103.259497
-116.749768
-106.633986
-124.441649
-102.523427
-120.459514
-125.874362
-130.169691
-135.562082
-135.615838
-141.846535
-150.644269
-135.793799
-145.949664
-132.880989
-138.536463
-148.130496
-141.208084
-148.141771
-127.044565
-134.549610
-137.748625
-127.865556
-145.065703
-147.423374
-144.110341
-160.473433
-143.208845
-152.782514
-140.450143
-144.208667
-143.545155
-135.521915
-134.230048
-142.898279
-132.462779
-156.332990
-153.425594
-177.974667
-171.635828
-170.871394
-185.428816
-189.429641
-177.946116
-199.307486
-178.229520
-205.499425
-188.576793
-185.992376
-180.421101
-176.665344
-183.230944
-199.812672
-186.672435
-202.818242
-184.288161
-195.325251
-200.277894
-195.176120
-204.214356
-193.009511
-190.546672
-192.859228
-179.126060
-189.208571
-194.622633
-185.747242
-199.624060
-183.738453
-199.267617
-187.727911
-195.951655
-203.948385
-199.255405
-194.154034
-201.015443
-180.384366
-195.074875
-165.535640
-158.863468
-142.775471
-145.887672
-141.260917
-143.794663
-136.901671
-156.477244
-150.383211
-171.190073
-157.633546
-163.303861
-161.195618
-164.644603
-166.075733
-180.278276
-181.193994
-196.812970
-187.283597
-187.557772
-186.268574
-179.726074
-185.027864
-172.373045
-165.341279
-168.574583
-160.023072
-177.474107
-161.252813
-152.486320
-165.546201
-146.130101
-156.628815
-143.102462
-144.579739
-143.388087
-137.903706
-139.623871
-148.791540
-139.256269
-167.917838
-152.393908
-169.329240
-153.921084
-149.127905
-141.210286
-139.550984
-133.035944
-157.299552
-136.084844
-154.685399
-143.252342
-148.557584
-143.247090
-146.035439
-144.318231
-142.315799
-136.158818
-155.094835
-137.995824
-146.872350
-141.943199
-128.831633
-137.215890
-131.247171
-131.126266
-142.213301
-137.509061
-147.354330
-143.789728
-145.250608
-143.064888
-124.182668
-133.705498
-123.920870
-126.889753
-127.407010
-126.407718
-135.588491
-141.363312
-123.684914
-146.201154
-127.383534
-141.467276
-142.894853
-143.357189
-147.429036
-145.727546
-131.216275
-149.150625
-120.424420
-128.920926
-106.971933
-118.459692
-125.226856
-117.005075
-114.504306
-128.202459
-118.176123
-142.088433
-127.676718
-137.916062
-134.923240
-125.806844
-135.998105
-124.536579
-122.505503
-131.751402
-113.023930
-129.756810
-125.813377
-117.506670
-123.288435
-105.808775
-113.736759
-110.029619
-111.284073
-121.257785
-121.674186
-120.574597
-128.847810
-109.677865
-140.163371
-128.814236
-137.489245
-137.725616
-147.132841
-159.396122
-166.830247
-163.622713
-173.900993
-141.235845
-160.483974
-140.916842
-143.140828
-136.853965
-130.319327
-119.353045
-115.056634
-88.635789
-101.893797
-75.552957
-89.985098
-105.590843
-118.576906
-132.766572
-128.540141
-128.540051
-142.234047
-125.775691
-147.431840
-141.051743
-136.032326
-147.079760
-136.982969
-151.772473
-151.335992
-149.169487
-158.551331
-151.990697
-153.269566
-158.517649
-142.654538
-167.637697
-148.220262
-162.642757
-160.204584
-151.273268
-151.555593
-148.577172
-132.284126
-153.510977
-125.889053
-144.282417
-133.626936
-149.189518
-157.672543
-161.493409
-153.339448
-158.880790
-140.044400
-157.718042
-140.032971
-147.951012
-138.261196
-123.133999
-122.756719
-114.421739
-116.512456
-135.542074
-124.360267
-140.403402
-140.991845
-137.533108
-141.813673
-129.586093
-135.799330
-121.216555
-110.389912
-116.594426
-103.439487
-109.549183
-117.761308
-111.906046
-136.650873
-122.511795
-138.514770
-137.354220
-139.163459
-141.814173
-143.418475
-132.077535
-131.524194
-89.084067
-94.285686
-68.220857
-63.786283
-51.597721
-45.475364
-45.591532
-57.976184
-50.385198
-66.001304
-39.945652
-42.098486
-32.937365
-36.871709
-43.114952
-38.100395
-29.266199
-38.834617
-30.794052
-55.299164
-48.952371
-56.271068
-73.100812
-78.066816
-106.038132
-106.655919
-110.456075
-119.752682
-97.151359
-100.878363
-100.409197
-82.448180
-97.526001
-81.095194
-92.816842
-94.265348
-101.337305
-111.039119
-118.243226
-116.501069
-135.485060
-108.794181
-129.477410
-119.113099
-133.871297
-126.352804
-124.566569
-121.301804
-129.954234
-122.940561
-150.454077
-139.953642
-163.580895
-167.222961
-172.460482
-178.818006
-173.634833
-163.491658
-166.578947
-151.573924
-164.853139
-150.542777
-149.221626
-147.150924
-146.025336
-153.673033
-156.951578
-165.251256
-178.815083
-164.489463
-162.231590
-154.720093
-136.412495
-145.439957
-123.315027
-129.117609
-122.856321
-123.065868
-135.687184
-145.659972
-149.774840
-164.284717
-142.625291
-160.837361
-140.582656
-143.866381
-129.693219
-110.863410
-98.033203
-89.009646
-68.322531
-81.894169
-51.383824
-61.645575
-54.203028
-62.708330
-58.842545
-62.226299
-63.814146
-72.052424
-52.481908
-71.247761
-61.127205
-68.684814
-71.730282
-64.811236
-72.408695
-68.461083
-70.313120
-84.964507
-84.083120
-95.837176
-100.284837
-102.626660
-119.739295
-107.146258
-117.207439
-115.741914
-117.777555
-117.532456
-112.174379
-104.289444
-108.296481
-97.086673
-117.529749
-108.014130
-124.784053
-110.623910
-112.959889
-110.044499
-112.513687
-95.409145
-100.094179
-85.828022
-100.822672
-83.685703
-92.645629
-81.761156
-86.786210
-86.916029
-96.164890
-82.339839
-93.589894
-69.420980
-63.640131
-51.670758
-52.255638
-60.623428
-56.582646
-54.624227
-67.339287
-67.740317
-78.987927
-86.121057
-91.137002
-98.122202
-87.360909
-97.252661
-85.279502
-77.305065
-66.616540
-55.592398
-43.562107
-41.772125
-28.447715
-43.294870
-44.814953
-63.162203
-58.455291
-71.182616
-79.095698
-95.330666
-99.759646
-116.848442
-91.538249
-106.186612
-80.056272
-80.754951
-73.049853
-73.603836
-64.694970
-73.175806
-60.719603
-74.013583
-65.161033
-77.356008
-64.693698
-65.321086
-53.256154
-37.805361
-28.993230
-27.948765
-11.912045
-19.471155
-15.339393
-14.089678
-21.277444
-16.222813
-26.094920
-20.715390
-24.588995
-20.759351
-13.259219
-13.825767
-19.191187
-11.790344
-32.035460
-24.254477
-36.380477
-28.668266
-27.240249
-29.193285
-42.316161
-36.715446
-42.696869
-16.960551
-23.059769
-0.898878
4.356533
16.592637
22.142346
42.431776
26.157891
30.716434
2.191739
12.290702
-4.077705
1.771225
-10.333021
-22.220514
-33.111997
-29.715338
-36.591602
-28.222212
-36.225131
-29.331559
-30.760895
-27.497204
-9.036656
-0.278884
15.451271
26.641959
34.815778
42.338691
33.823860
22.321737
30.930867
12.645078
17.878257
2.627502
6.472799
0.935520
13.842755
25.179068
35.879841
25.750931
51.104618
41.780723
47.847103
39.250400
46.640946
33.049026
31.160354
19.632883
27.807169
-1.283025
9.763577
6.574569
21.978499
24.981502
29.180707
41.342662
51.095654
52.181477
68.951228
50.739608
41.876771
31.285616
17.768375
22.208706
19.513911
25.585600
30.570278
25.880217
39.760984
42.354423
43.896970
58.548051
46.356614
60.628563
44.895759
31.934793
21.485541
10.854361
0.762863
-7.713785
-31.988018
-13.376824
-35.498534
-20.784302
-23.362812
-26.939942
-23.499993
-12.970518
-24.906078
-12.646684
-35.665690
-19.829089
-46.653608
-48.306649
-39.783847
-46.375582
-50.391004
-35.109939
-40.979075
-12.605265
-23.338925
-12.652287
-20.271185
-34.193086
-30.919500
-50.678964
-60.762940
-50.300597
-56.768390
-45.593499
-52.524990
-47.878733
-27.728193
-43.026323
-34.790485
-40.476752
-38.983778
-39.367659
-45.564165
-47.479496
-38.995251
-53.400737
-27.804777
-44.974728
-19.475857
-20.323516
-18.592092
-9.869319
-0.587887
-8.139764
10.757529
-19.504449
-0.403841
-19.754500
-21.796336
-27.705913
-32.241487
-30.852899
-17.570427
-34.106791
-16.710735
-36.067669
-30.404520
-35.923460
-42.581883
-30.994330
-41.482693
-36.151410
-27.905609
-42.063963
-27.366578
-39.168488
-36.597676
-18.891296
-29.455817
-8.344911
-10.432445
-18.530920
-15.566395
-28.084908
-29.262359
-21.055531
-36.090219
-13.582395
-31.985644
-14.009068
-12.940241
-9.699691
-5.689488
-9.137749
-15.003390
-5.860190
-35.855500
-18.599822
-43.641724
-40.356688
-38.797959
-43.452136
-48.533948
-53.989241
-72.183286
-50.052114
-59.662117
-23.848958
-13.029336
-16.737859
-6.554781
-17.102481
-20.951156
-24.064406
-40.943337
-29.305551
-48.015126
-54.471435
-52.510903
-74.621165
-68.637619
-70.190661
-56.645893
-39.472593
-41.335907
-33.307670
-31.277874
-45.450143
-20.393998
-41.445231
-31.571835
-42.200029
-45.989521
-45.024928
-49.171577
-64.895174
-49.880755
-67.689556
-42.343116
-63.099200
-51.669140
-43.694306
-35.439933
-16.838476
-6.114734
-22.489724
-4.958626
-32.761238
-35.700764
-44.641695
-52.580452
-46.728131
-58.297247
-61.689994
-46.882406
-59.930668
-45.022979
-51.110949
-43.227218
-30.817015
-47.010699
-27.968422
-36.520454
-36.814264
-31.909698
-36.426505
-30.428673
-28.714105
-39.921003
-25.331608
-56.695905
-48.762641
-52.265421
-46.124815
-35.808481
-35.342568
-35.407977
-30.508965
-55.525859
-39.766177
-65.896411
-59.097023
-72.453816
-83.610521
-81.416137
-75.314720
-82.466884
-51.205770
-69.679105
-40.454869
-41.238405
-32.689244
-29.437923
-39.728717
-45.231970
-50.653676
-69.523034
-52.111339
-63.313214
-51.417661
-56.193821
-55.108597
-21.967038
-26.319086
-19.167808
-16.237824
-27.341740
-23.249193
-31.985308
-39.437637
-27.899801
-48.428968
-27.417663
-30.661303
-20.508714
-16.932438
-17.031017
-12.817452
7.703447
-16.163343
-8.168118
-49.241935
-54.666329
-69.521600
-71.469170
-76.121155
-81.326551
-85.107822
-56.291063
-72.158771
-46.296932
-66.276467
-63.263072
-69.213372
-79.254365
-80.567956
-79.091524
-88.463189
-72.046725
-88.883803
-79.103331
-85.036724
-85.515588
-70.019323
-77.426587
-70.163322
-69.026227
-74.111392
-63.957113
-74.671315
-87.292992
-78.706876
-100.940138
-82.064579
-87.093739
-74.536892
-72.530555
-64.832954
-58.337630
-52.801149
-66.731542
-47.895518
-61.947578
-51.737207
-62.872325
-69.241357
-77.019176
-78.549374
-83.417742
-53.335383
-66.860218
-43.053782
-54.623938
-42.948734
-42.385783
-41.260730
-39.168020
-28.255681
-43.767751
-35.676894
-57.995924
-49.738750
-38.738989
-32.963888
-27.681126
-30.995666
-15.249136
-12.060771
-21.578407
-2.822509
-7.510429
-11.421390
-0.746675
-27.475762
-24.194422
-45.301828
-48.481286
-54.510669
-65.140583
-60.351115
-46.445628
-54.025925
-32.322715
-50.140912
-36.928639
-37.751299
-37.991035
-41.169751
-41.371176
-63.133936
-57.801878
-85.904104
-65.169055
-76.094075
-59.512176
-51.030857
-50.146610
-46.227117
-37.611845
-52.987666
-32.761682
-50.505859
-39.612360
-53.415266
-59.082814
-51.273538
-64.254962
-70.887268
-65.591697
-83.455592
-73.213710
-75.931415
-75.069880
-63.780289
-81.705116
-67.626453
-70.371763
-76.770952
-68.378430
-85.677161
-99.675241
-94.843223
-112.488319
-75.738026
-84.338533
-66.527567
-57.245126
-44.913881
-35.584272
-31.159971
-38.908947
-13.939654
-24.220676
-3.781424
-25.771377
-20.084503
-25.872826
-28.848792
-29.274821
-15.394369
-32.583265
-6.186123
-22.044763
-13.961230
-32.205157
-41.910872
-34.872122
-44.745536
-55.793023
-35.904467
-48.688324
-55.189772
-78.516616
-84.005680
-79.336154
-93.673434
-79.757746
-88.683219
-93.724862
-86.278267
-86.775746
-72.079354
-61.769952
-81.378187
-61.532042
-83.172038
-74.261226
-67.158103
-63.411419
-54.043309
-48.908270
-57.727480
-37.301080
-65.993275
-56.558429
-77.731572
-81.743703
-83.163847
-83.453071
-88.741150
-79.249166
-87.514741
-67.924367
-77.982405
-56.381368
-36.734435
-32.717356
-24.110893
-12.623745
-10.086332
0.120339
-23.994293
-22.724407
-40.496780
-42.263392
-44.103811
-59.194501
-51.538647
-55.466911
-60.312060
-50.968154
-57.426190
-58.811305
-63.795045
-97.135217
-78.843914
-101.898495
-107.590407
-115.423072
-125.391782
-121.296278
-120.281992
-133.583715
-111.187917
-119.274010
-88.382910
-95.165453
-85.367577
-77.895808
-64.497455
-45.448168
-29.007388
-42.904977
-26.440206
-52.013732
-39.549760
-44.036437
-44.227528
-33.607816
-37.316202
-42.876976
-29.887886
-38.352383
-26.392545
-39.649255
-37.165341
-31.713888
-36.803100
-21.189175
-32.488726
-29.027786
-25.363553
-38.475465
-39.783359
-33.862554
-43.643575
-20.849432
-27.334825
-18.205766
-18.459232
-24.140161
-24.808260
-26.682744
-45.163254
-37.612618
-58.142421
-37.520655
-42.841532
-27.731659
-15.546188
-3.245244
-2.288626
6.885128
-13.606049
-1.000194
-32.589094
-21.917392
-38.401662
-46.206206
-52.444061
-65.613503
-80.195833
-79.198925
-96.009870
-92.335346
-108.549439
-103.898205
-108.097894
-110.183540
-101.266599
-116.030898
-129.460691
-118.860949
-116.511037
-113.463364
-107.174358
-106.309349
-92.239930
-108.767208
-108.282997
-125.026847
-119.727960
-112.672227
-113.584104
-123.819434
-108.791641
-123.796710
-113.001012
-124.129107
-105.555389
-111.231293
-109.530706
-125.773094
-125.094125
-138.965819
-122.996277
-142.516065
-126.971299
-125.266909
-121.736484
-121.054893
-109.406577
-115.670955
-107.208539
-123.892148
-116.753983
-136.202236
-128.468382
-141.401050
-147.361335
-136.201980
-139.156322
-141.351150
-129.606083
-134.011430
-135.194097
-122.233611
-125.849031
-105.974779
-111.039436
-104.243961
-107.237665
-98.187390
-100.878778
-106.342509
-111.770755
-114.074256
-131.213338
-130.048710
-147.773276
-135.647402
-137.582139
-122.434396
-125.233423
-110.897098
-105.768825
-98.616381
-112.848456
-87.411597
-106.376301
-98.125950
-100.404062
-108.004302
-112.404291
-109.163590
-133.481770
-117.266868
-121.603339
-104.971867
-111.334052
-104.573407
-99.235225
-95.686618
-92.741747
-94.123884
-100.553486
-104.532668
-114.013135
-125.157570
-130.705613
-131.294562
-117.087244
-117.544791
-110.864476
-117.547138
-111.308154
-120.484398
-129.135553
-140.554766
-127.132569
-142.391351
-122.635560
-121.544073
-113.840009
-117.640119
-109.419739
-120.281716
-100.654569
-110.116761
-95.865159
-93.417519
-98.249068
-102.655540
-97.647029
-110.874887
-103.740152
-113.938827
-93.175207
-101.342713
-97.391166
-107.586225
-107.982906
-110.622722
-108.880623
-111.798918
-108.840986
-115.465984
-107.016143
-108.418481
-113.951616
-109.561395
-117.299226
-108.308538
-113.327922
-114.415583
-101.478596
-100.994773
-108.029855
-90.943713
-101.730302
-80.252998
-86.360490
-79.844579
-91.601974
-83.325727
-86.177220
-89.720633
-108.007708
-98.336743
-108.382808
-87.723044
-85.599362
-71.658569
-71.077869
-63.030778
-65.349943
-49.973323
-65.927124
-52.288602
-70.326886
-60.618310
-65.628802
-74.669426
-70.675497
-68.974651
-70.923077
-59.851792
-76.807817
-72.638936
-85.354316
-81.948847
-67.222408
-69.657555
-70.698098
-79.807279
-92.373767
-93.823868
-102.042587
-106.135948
-98.210542
-108.741657
-90.285685
-100.633669
-91.042112
-83.377186
-76.039254
-74.332913
-65.909526
-84.533711
-75.224366
-102.914389
-102.123819
-119.602182
-122.243525
-115.480147
-105.489592
-104.869772
-85.347040
-106.052171
-82.360662
-102.608763
-92.183351
-96.585956
-106.658227
-100.999208
-96.677482
-106.320592
-90.508284
-104.127061
-87.405108
-94.444199
-86.419547
-66.780239
-72.741664
-63.802032
-61.461941
-62.666125
-54.182156
-69.412398
-67.051189
-63.131145
-74.343424
-51.417376
-66.192470
-63.881990
-70.398936
-77.825570
-78.811531
-83.628181
-108.843522
-98.376366
-126.811425
-117.836720
-124.277423
-117.731282
-123.193300
-120.511514
-122.122256
-106.767850
-116.709153
-87.561208
-98.692205
-77.646067
-72.688548
-76.715875
-74.631388
-79.816460
-96.235445
-92.150036
-112.063683
-97.125393
-107.252389
-105.390786
-102.994604
-119.565079
-113.430808
-107.663191
-117.610022
-105.229328
-119.992524
-123.336356
-118.665237
-132.929399
-113.533251
-133.806813
-126.534301
-117.988830
-128.198024
-125.369572
-119.121660
-131.787392
-112.411900
-150.450205
-137.491722
-155.605629
-163.110800
-155.832529
-151.530938
-147.357771
-126.916624
-128.925327
-91.179817
-110.344887
-102.197726
-97.222800
-94.531421
-101.474294
-110.310245
-118.976927
-111.017019
-144.245912
-132.944907
-143.346033
-134.080130
-128.692855
-152.798527
-150.699643
-147.952924
-151.213694
-136.620411
-138.121748
-140.718276
-152.640605
-159.025080
-150.339226
-167.547929
-152.647668
-148.424232
-146.020613
-143.618525
-140.870559
-139.543493
-108.492177
-124.430503
-99.496111
-109.784578
-104.087911
-115.923952
-120.330887
-120.794346
-115.449311
-130.526973
-110.891182
-133.160963
-118.521285
-124.102777
-119.573941
-121.686078
-125.004359
-127.765671
-94.842654
-95.407783
-61.706997
-63.397683
-49.005120
-47.018946
-58.750862
-34.966839
-55.675746
-70.596812
-72.335660
-102.441970
-83.826404
-96.400995
-110.605523
-93.248912
-98.516168
-70.097384
-54.628166
-64.872220
-52.997956
-55.692676
-68.337839
-56.983546
-93.113117
-87.971405
-118.011488
-128.840951
-133.183997
-130.468081
-128.244650
-103.366163
-113.203220
-67.541327
-91.818098
-61.174882
-65.958073
-53.708175
-64.767142
-56.993804
-61.722490
-52.705107
-70.650096
-46.926268
-72.906059
-56.562007
-55.985862
-49.034648
-32.365149
-37.807272
-46.477992
-50.734109
-63.810301
-71.169958
-93.568921
-100.211191
-87.596372
-110.417724
-93.543792
-87.416172
-79.012859
-73.845027
-61.372256
-52.409572
-31.699055
-35.313965
-10.336362
-24.309467
-13.672524
-24.150056
-36.006021
-39.341417
-51.712896
-68.214812
-44.307147
-54.632151
-32.751305
-50.560111
-48.372433
-53.553403
-59.020884
-73.048288
-70.746163
-97.751713
-94.162099
-119.907145
-108.751300
-113.307650
-101.382618
-101.521534
-86.050145
-74.677816
-58.709389
-59.209275
-46.919290
-49.644767
-53.530400
-56.868136
-65.542869
-58.931345
-71.328750
-79.582920
-70.944676
-80.812550
-81.411278
-72.171529
-85.251438
-59.953822
-74.265340
-71.202559
-84.041021
-80.502414
-87.727863
-89.000432
-95.983893
-77.544677
-101.821557
-98.739024
-122.591552
-121.565560
-115.137256
-112.357211
-102.799346
-75.315887
-87.870515
-59.648891
-71.923108
-52.666832
-44.681939
-37.292843
-25.084337
-26.087096
-35.854927
-27.519770
-38.238113
-31.220611
-41.813656
-42.320795
-36.439816
-47.881572
-50.890584
-56.144376
-61.622128
-56.156591
-62.908414
-53.810809
-46.916823
-59.211157
-38.304438
-45.162495
-41.994909
-42.523022
-50.262597
-52.851599
-43.317092
-62.066350
-46.572324
-69.942630
-52.371523
-55.712767
-47.038352
-41.957552
-35.843679
-46.574784
-45.604972
-65.952085
-35.692891
-51.449590
-53.620810
-55.480378
-60.909833
-55.448389
-44.940486
-50.504482
-42.097985
-63.484523
-65.315202
-75.712658
-76.716585
-74.956917
-83.602113
-85.081681
-84.880373
-91.270917
-75.399186
-75.464742
-75.308080
-69.863593
-88.737049
-76.252453
-95.154073
-91.003501
-94.227743
-107.527090
-95.065352
-76.213521
-78.847505
-51.791731
-64.982421
-46.251788
-58.763560
-53.718942
-53.434699
-61.813701
-62.926293
-48.339074
-68.818102
-55.411209
-78.593652
-68.088500
-74.367852
-78.134296
-75.999752
-71.642973
-85.692311
-65.337310
-82.063517
-78.308542
-83.603226
-88.021800
-75.459329
-79.084139
-69.991253
-73.204478
-85.762690
-66.285717
-68.476286
-61.734725
-59.625509
-70.922807
-58.799796
-74.903722
-77.250240
-85.174882
-100.662894
-93.950850
-100.754113
-108.783905
-87.320843
-102.765694
-80.370409
-92.722882
-90.080325
-80.443598
-82.786188
-72.799765
-48.963958
-66.816069
-44.123865
-59.730072
-45.401725
-48.334892
-43.660144
-36.627758
-36.550422
-44.513194
-26.241050
-32.798184
-11.748414
-18.518194
-17.581550
-10.075834
-21.957675
-12.952387
-19.127240
-31.624417
-17.247521
-28.800709
-31.947993
-24.545153
-29.076301
-6.975470
-5.550463
3.768650
3.880642
-4.132878
-1.376671
-8.623393
-22.497708
-5.599658
-14.649178
5.978664
-6.060789
-4.047516
-7.182093
-9.793772
-18.036634
-5.025085
-24.246391
-1.353157
-20.869144
-14.558212
-31.183034
-40.454548
-38.584115
-38.309539
-41.104093
-26.368506
-40.262053
-14.327247
-14.726381
-9.522341
-1.155685
-4.691999
-10.927411
-24.531781
-39.963738
-27.651221
-38.772972
-35.040419
-28.655495
-30.138992
-23.058438
-26.271111
-22.582646
-30.368468
-40.471421
-42.122563
-43.501542
-51.481916
-45.834139
-57.498517
-44.522624
-57.076921
-49.310367
-49.508970
-42.474846
-43.403846
-25.874930
-35.432757
-10.735682
-33.550374
-30.196350
-57.480866
-58.023966
-68.692639
-70.088151
-73.700361
-62.974033
-71.028757
-44.124955
-54.969600
-36.393299
-31.933163
-43.236073
-49.472480
-50.349607
-67.831191
-65.849664
-69.929437
-57.175802
-57.621178
-62.720368
-60.306533
-67.073694
-63.446723
-62.511756
-70.017098
-67.398706
-66.737190
-65.306903
-61.397929
-80.811484
-72.359290
-82.205140
-71.395409
-70.734215
-68.271081
-68.700387
-58.331460
-66.697524
-54.721862
-73.198583
-67.829724
-78.127037
-74.459799
-83.141623
-94.501505
-110.422007
-100.115734
-116.419309
-106.070106
-119.144713
-106.171289
-109.068482
-108.083340
-109.533351
-100.407082
-103.837467
-93.235563
-105.817563
-98.193722
-98.016133
-103.727662
-103.695114
-111.385925
-105.676448
-103.486404
-100.247018
-89.483938
-93.759340
-93.790147
-83.508194
-94.116721
-78.986438
-84.341261
-83.265318
-86.557521
-91.592603
-87.236284
-75.689780
-79.993211
-60.225872
-78.184229
-62.542450
-73.335402
-66.320864
-64.141810
-55.400406
-70.016692
-58.976344
-69.386174
-57.583580
-77.205533
-73.501108
-76.141773
-70.855597
-69.226407
-52.953376
-56.318015
-37.593644
-39.878227
-23.146387
-29.164845
-37.676973
-38.099494
-44.759601
-59.022019
-62.257847
-67.925332
-58.252524
-64.128575
-57.394599
-46.180963
-51.169407
-30.563476
-38.443884
-30.200457
-25.064612
-29.361558
-38.649214
-41.397958
-63.626608
-46.225521
-76.655522
-61.997063
-63.548642
-62.594769
-50.860595
-39.527116
-42.080537
-18.905625
-26.539253
5.175183
-1.490039
10.561942
5.937513
-4.181750
-13.651121
-17.308608
-45.549925
-34.175939
-53.453423
-47.769219
-49.807824
-46.805482
-37.709428
-38.532134
-34.789855
-16.451976
-27.896100
-16.703914
-27.842019
-32.280297
-32.950640
-51.431815
-45.594584
-56.516702
-54.708647
-53.456035
-50.972625
-41.202040
-23.705376
-28.306846
-2.434983
-9.589841
21.950174
26.713266
24.455358
15.580997
12.647028
1.393987
10.452948
-8.972598
14.959741
-4.393406
-7.669558
-14.536894
-13.487222
-11.676566
-0.498136
-20.971142
-17.058116
-40.920147
-40.142640
-51.524374
-67.065427
-63.809196
-63.961794
-62.603784
-55.229325
-55.303447
-20.692332
-19.210842
-15.591977
-10.105934
-20.477445
-2.776120
-8.694612
-11.640216
-12.321095
-22.255514
-16.081576
-16.853751
-34.533507
-10.330454
-21.702293
-4.084746
-7.684310
-8.556294
-13.396238
-29.362699
-49.899587
-39.522769
-59.144046
-30.321370
-39.421085
-19.585680
-8.702845
-2.345476
6.697969
17.996253
6.556585
31.855322
11.443983
19.262651
4.174311
-0.224447
5.126213
-3.459934
-10.336706
-2.814153
-29.095878
-10.412737
-21.169070
-23.663305
-21.897288
-38.140065
-21.508306
-27.513641
-32.364841
-27.065164
-35.484012
-25.138170
-13.975448
-20.902185
3.018544
-15.175904
6.200646
9.338909
7.829319
10.520891
-4.075604
-15.451957
-4.182477
-36.139670
-12.629755
-36.793008
-39.302240
-44.735480
-51.370150
-48.946896
-37.597148
-49.705713
-30.681634
-49.031249
-24.119454
-28.224506
-20.494774
-19.456082
-20.446533
-17.008760
-16.082116
-35.582997
-26.098400
-52.865651
-52.037026
-51.192475
-73.012063
-74.722542
-73.419976
-74.169757
-57.734807
-60.836072
-52.671004
-46.119851
-44.983387
-34.083315
-53.716302
-36.537940
-49.355458
-47.575997
-39.699030
-36.199672
-32.829047
-21.306273
-41.190903
-16.160984
-37.817921
-22.316074
-25.487146
-30.615584
-42.956945
-52.372127
-76.343106
-66.787155
-98.263462
-98.254878
-109.984639
-98.495693
-96.801828
-98.435416
-90.701599
-86.111016
-87.794701
-69.400365
-77.822814
-64.041556
-67.006027
-74.866479
-65.226550
-65.194675
-60.029888
-49.209717
-62.645497
-61.996452
-65.685480
-67.149917
-48.241820
-59.426402
-43.183978
-55.317771
-55.781048
-59.314993
-71.220156
-68.859347
-59.232147
-66.577169
-25.938804
-43.116765
-26.005593
-25.056192
-13.613689
-9.360083
-6.758795
-14.454682
-11.376443
-45.939362
-36.977032
-56.436576
-46.645485
-42.218875
-41.962976
-36.612163
-25.957637
-23.394438
-5.366024
-17.345624
-8.383267
-22.955015
-27.715836
-24.154732
-26.958114
-24.852551
-19.286544
-22.975839
-16.669089
-17.799353
-12.189031
-3.746942
-15.801681
-2.467628
-17.733736
-13.863051
-17.764144
-26.811184
-23.699184
-12.030803
-31.647080
-24.555886
-46.158163
-46.155861
-54.922298
-49.010787
-43.025447
-40.781428
-52.340553
-33.890560
-58.024622
-35.154892
-61.648673
-57.315874
-55.386897
-56.964987
-58.539756
-45.610939
-50.545761
-34.339328
-51.219895
-28.484540
-34.163622
-31.882900
-32.522931
-47.786828
-41.200912
-44.926108
-65.528405
-61.500843
-76.381869
-93.819096
-88.012476
-104.769063
-80.813320
-89.705674
-105.469342
-94.065928
-85.225939
-74.717576
-60.007320
-78.806353
-61.490783
-75.551148
-67.562379
-85.765930
-90.357015
-86.369516
-79.174897
-91.843877
-62.630464
-79.479820
-56.129685
-64.961365
-58.964029
-67.483252
-71.408174
-76.970986
-70.552029
-92.494896
-73.745870
-94.165734
-82.350716
-89.509237
-92.964522
-79.349730
-87.740914
-83.327973
-72.246394
-75.434446
-52.492395
-61.217487
-59.574666
-49.240312
-61.150406
-49.506786
-56.781503
-63.190980
-47.471218
-53.303381
-48.376892
-30.230613
-40.898816
-10.292300
-20.795339
-3.558470
-5.352517
-9.843818
-1.924849
-3.090780
-26.438319
-16.473772
-61.412408
-41.002391
-56.085013
-57.491473
-52.449998
-43.763436
-34.101920
-19.993876
-30.745193
-6.157330
-31.060071
-25.263336
-35.863375
-43.624969
-37.218042
-43.277492
-49.331257
-28.491356
-33.587300
-5.415956
-2.264439
-1.251442
11.441994
-4.810711
7.817051
-4.195546
-13.542853
-20.094300
-36.114269
-41.998623
-31.929908
-51.838366
-31.734166
-39.845000
-32.622865
-44.704906
-49.529802
-55.362739
-61.834698
-70.773589
-44.420048
-53.547589
-26.010169
-25.988577
-10.791161
0.402299
1.883409
-3.618310
-3.211401
-27.877061
-15.224369
-41.107973
-34.193882
-48.651463
-51.776651
-47.047648
-59.537899
-70.359120
-60.416050
-78.351680
-53.434259
-58.256891
-53.649658
-40.985822
-51.989708
-43.119692
-45.658131
-56.089885
-51.522251
-64.071733
-69.237992
-72.260465
-82.299843
-66.556620
-90.600050
-76.599570
-76.264476
-76.502892
-72.896294
-69.493330
-80.586636
-63.012596
-81.733606
-65.251510
-85.651544
-86.526332
-90.582427
-94.982646
-99.564551
-86.617362
-100.123254
-69.831544
-77.612895
-54.313503
-63.757632
-60.920973
-65.271954
-64.561663
-67.468942
-58.242942
-76.366813
-67.022508
-73.238561
-58.136613
-50.581078
-44.871701
-33.556044
-26.445519
-23.455047
-9.420746
-16.112556
-14.670571
-17.639111
-28.972906
-32.566038
-58.904035
-48.513729
-52.355426
-62.074110
-73.646305
-77.109810
-82.293006
-70.560794
-85.618393
-65.537210
-73.814380
-55.051153
-51.056230
-46.043336
-40.200356
-32.546166
-39.288457
-23.078976
-46.404863
-33.981735
-53.499665
-61.119315
-70.310469
-71.209071
-66.264655
-68.918972
-80.017149
-71.972835
-90.078581
-78.375021
-82.310930
-79.573568
-75.837971
-82.754986
-82.478855
-75.476192
-73.769668
-61.324559
-55.406202
-48.399658
-33.607457
-33.772185
-21.894107
-30.138095
-32.623128
-42.327551
-55.142006
-63.947475
-52.817266
-61.108087
-44.141464
-58.694235
-43.588990
-49.707068
-36.752308
-25.559873
-0.958729
7.469819
30.030004
16.264159
26.701891
11.037899
9.756365
2.028857
6.961511
8.468125
20.732379
17.306523
25.306227
19.895063
32.897668
20.176646
7.766656
-8.588568
-26.359282
-35.076375
-48.021289
-67.616808
-64.000353
-69.950895
-67.368233
-60.396176
-60.942755
-39.493999
-36.490612
-26.187558
-42.106405
-49.666442
-56.790577
-49.451982
-64.386229
-61.696469
-85.774427
-81.948148
-89.009026
-86.589285
-85.877948
-74.262962
-78.252260
-51.246299
-58.100427
-34.407688
-36.425031
-25.922126
-32.220835
-38.595410
-52.704667
-48.834577
-60.983495
-39.572618
-55.407111
-54.300389
-71.425099
-69.636148
-75.335170
-73.095470
-72.193830
-67.594519
-62.621943
-50.494483
-49.645214
-56.761221
-55.109952
-59.225339
-42.709281
-36.810368
-37.993981
-35.402526
-28.147017
-24.987831
-14.582719
-28.417825
-11.364497
-21.227442
-7.642538
-20.138921
-22.592961
-29.270286
-30.701570
-45.220431
-39.746360
-60.572490
-47.919018
-54.721052
-40.575733
-39.540532
-28.581864
-28.372400
-8.005377
-20.070002
-13.796682
-31.030797
-30.542164
-30.275490
-38.179434
-46.132338
-47.819102
-57.007003
-48.023267
-58.198828
-48.023189
-54.939199
-66.232422
-60.350742
-74.097403
-74.056141
-75.335442
-91.835968
-89.224028
-99.088821
-102.638738
-88.121787
-97.648477
-81.338738
-73.503151
-51.443059
-55.971325
-54.952219
-44.438133
-37.985244
-52.308705
-42.444243
-60.383571
-46.125554
-53.975282
-49.069944
-51.473045
-54.495097
-56.234257
-45.652524
-59.221640
-42.364358
-64.330264
-62.784590
-56.206474
-62.647586
-62.309193
-59.574101
-61.341829
-53.768984
-74.129267
-61.348534
-71.019334
-73.148329
-73.350177
-85.728962
-83.246824
-85.015958
-94.539834
-91.782084
-94.260902
-101.979556
-95.440211
-112.995365
-101.453809
-97.686503
-83.538016
-82.637219
-81.906597
-78.973878
-74.343912
-79.289039
-72.148596
-99.184807
-79.101239
-98.521110
-97.681292
-113.263475
-128.089533
-131.335180
-115.413284
-116.580626
-86.876196
-100.248534
-79.240625
-82.187206
-83.455996
-82.690787
-84.447117
-94.590190
-94.747289
-116.980696
-106.284930
-118.921695
-122.626048
-110.918853
-121.373856
-117.310592
-105.953915
-115.760729
-99.692607
-110.781689
-97.579518
-85.569401
-103.972585
-90.752368
-112.093187
-110.524654
-122.877185
-135.668049
-123.458926
-111.967702
-114.162506
-86.930117
-106.487797
-84.467293
-93.440661
-91.404254
-98.588149
-118.024464
-127.590095
-129.631849
-159.067225
-138.852156
-151.712502
-125.022697
-128.126883
-124.347406
-112.054100
-98.739465
-100.563783
-72.627641
-84.509228
-62.374618
-64.446161
-59.672004
-52.633418
-56.035666
-47.852606
-41.795589
-49.663988
-34.914687
-40.331724
-32.798372
-26.015608
-35.626704
-18.952497
-35.979951
-32.973721
-37.880651
-45.622098
-48.390032
-54.329817
-59.039874
-48.152326
-77.402852
-67.365166
-75.760955
-72.744618
-69.217468
-67.690701
-62.945361
-55.476880
-72.866840
-47.419266
-69.520842
-56.058834
-58.257174
-56.512140
-59.817431
-60.941426
-68.830362
-44.683150
-53.572977
-31.392387
-53.177158
-54.261309
-60.763420
-73.058354
-73.386801
-77.341161
-87.763571
-75.564849
-87.247165
-77.813186
-70.209966
-67.245738
-39.318257
-42.572800
-28.502069
-27.189544
-35.149058
-25.726979
-32.586175
-43.822232
-37.597538
-55.039394
-38.629002
-60.717987
-48.045817
-37.711753
-27.958411
-19.243736
-12.164826
-29.172242
-4.751602
-33.095080
-16.894018
-39.192643
-39.921990
-44.680374
-56.665599
-62.737796
-48.412614
-64.556918
-37.616668
-47.383472
-39.033302
-30.550576
-31.570662
-23.663673
-24.063823
-35.829961
-21.800757
-44.581877
-45.112877
-53.461349
-65.154107
-54.341841
-65.034799
-48.534660
-35.609251
-22.797676
-12.931830
-15.415432
-21.030856
-14.328204
-35.306702
-19.991230
-45.340257
-49.860692
-57.194454
-57.459926
-46.491825
-31.856374
-27.825933
7.538002
2.260711
22.524058
14.186654
13.291171
11.198401
-3.228285
-17.636808
-11.443849
-33.497491
-19.682660
-46.928791
-42.419651
-49.649509
-51.262220
-41.418624
-40.882475
-43.468408
-22.624114
-37.382928
-14.619351
-15.404323
-21.286644
-8.081228
-18.942444
-2.495568
-2.661817
-0.275060
15.896486
8.034968
8.067325
15.467365
0.758699
10.003907
-11.550105
5.720554
12.100123
13.350764
26.845252
37.559143
39.629837
69.915837
54.303852
82.736448
72.518676
87.984604
85.077194
75.975866
71.859921
79.759049
59.679516
78.281247
57.103232
71.737334
70.226303
69.022987
73.513125
68.268030
48.281435
45.042439
16.663557
19.711104
6.401337
1.637087
11.972400
10.185615
32.179591
46.398448
49.117542
63.711868
69.597128
78.114699
92.024482
81.245397
81.957334
42.042692
23.255289
-0.745201
-13.477151
-20.788849
-21.309365
-24.067702
-1.026578
-12.278132
18.867258
17.997898
19.659426
20.448798
13.051513
2.678799
1.751025
-30.278522
-12.614424
-28.753346
-16.381866
-20.142133
-27.446562
-31.636821
-23.845519
-32.236447
-14.498746
-15.429857
8.834360
-4.739340
-6.613438
-3.222834
-18.438031
-12.248075
-18.655810
-32.832761
-20.624438
-33.688421
-28.591971
-16.492931
-27.586921
1.454378
5.918451
24.946117
24.351147
17.144429
22.017377
29.599903
23.666569
33.472831
21.884727
47.227002
35.372364
44.120707
51.803083
54.703729
46.349107
52.245920
22.958981
29.169374
-9.003144
-0.942423
-9.666902
-12.428803
-5.849153
3.592748
8.307091
31.227609
19.755362
48.744668
51.541964
49.821018
47.949818
34.752360
29.998269
33.256112
22.802179
34.748951
21.705682
24.915316
34.143377
32.200637
55.811160
42.368593
43.504161
31.890972
21.724977
19.655509
10.457961
-2.799205
14.722808
-1.620683
10.110328
-9.012077
-8.260039
-4.919208
-4.025078
-11.309809
-2.786920
-28.919654
-17.613250
-38.560824
-23.967923
-28.217062
-32.849293
-25.960069
-22.567471
-29.289973
-12.291104
-26.522283
-1.775203
-8.708193
-1.780990
-1.042310
-11.639102
-7.808866
-5.685488
-21.820262
-18.450164
-49.437704
-57.259972
-54.925801
-65.325257
-45.427174
-53.318805
-43.921667
-37.808123
-33.126305
-20.835767
-20.777706
-27.200883
-10.262996
-37.411878
-17.408183
-15.004745
-3.417946
-9.975374
-23.550472
-31.839711
-33.900678
-50.267661
-32.553097
-60.795873
-45.835721
-48.141591
-47.424433
-46.486344
-44.759798
-55.682134
-36.242334
-44.990322
-13.106270
-24.289680
-22.524716
-24.583846
-35.830127
-35.701210
-32.180425
-49.837007
-51.750648
-79.975110
-80.702394
-88.977393
-100.397989
-83.687874
-93.752278
-84.223590
-75.768481
-78.788957
-59.522808
-39.214782
-39.644393
-21.930283
-38.505535
-17.383586
-30.523391
-38.366835
-46.599409
-55.350830
-66.360288
-60.789014
-85.951404
-77.597968
-102.999480
-85.410079
-85.258607
-83.885878
-73.552135
-63.056498
-60.670866
-35.047897
-49.411307
-27.044535
-41.485902
-48.789886
-55.723242
-62.952412
-68.054768
-66.380789
-72.420047
-50.797295
-69.407954
-58.873972
-57.751761
-67.152127
-59.854115
-73.281331
-79.338481
-93.955982
-108.897177
-102.785669
-111.544486
-118.213491
-105.359605
-122.911140
-105.994307
-113.705601
-102.606352
-102.436079
-109.759774
-111.031999
-102.799308
-118.820743
-103.959556
-130.510668
-120.270801
-137.331777
-139.594298
-147.163509
-152.424904
-162.376996
-149.893877
-166.743734
-136.377244
-146.591920
-140.714095
-143.363235
-153.371623
-151.604801
-143.162012
-150.934425
-148.120067
-156.854742
-140.225521
-149.250407
-148.032082
-131.798575
-123.608029
-111.376326
-98.234228
-94.830570
-80.512339
-87.008986
-90.782546
-87.497964
-97.396141
-75.381558
-88.250728
-83.399722
-80.979728
-85.539867
-89.779290
-99.761025
-118.729448
-98.351201
-112.662687
-91.368138
-93.575555
-79.227833
-80.261661
-76.535530
-84.395828
-81.199280
-106.125198
-97.804250
-117.092119
-124.855803
-131.833111
-134.735330
-128.617016
-120.083971
-123.579859
-95.517426
-110.811909
-100.936858
-105.324706
-101.858574
-95.595470
-102.381030
-110.804715
-110.758535
-115.197050
-114.929470
-118.942091
-112.333366
-100.075881
-105.373285
-82.818504
-90.472988
-81.317673
-78.430100
-94.087438
-98.540819
-101.179170
-122.665990
-111.333100
-131.717988
-128.178734
-138.705101
-124.106276
-118.970379
-107.989064
-107.492797
-81.922179
-86.457232
-65.081085
-70.054771
-56.375555
-67.306242
-68.943245
-76.717814
-78.199524
-81.458211
-61.752404
-69.905370
-66.538507
-74.750282
-72.795000
-77.739545
-83.053906
-79.362072
-79.887214
-80.472041
-74.846557
-87.503947
-86.650190
-84.824653
-85.064735
-69.489915
-78.499365
-75.459259
-85.411436
-88.125493
-88.823337
-85.506607
-97.911577
-97.614637
-118.716156
-110.835055
-120.320163
-104.710096
-110.944905
-102.409202
-106.690104
-94.868073
-115.981185
-96.246054
-112.243201
-110.858677
-121.728274
-115.347484
-128.986940
-121.166677
-129.230049
-114.722850
-123.778211
-108.045686
-116.040226
-100.737325
-104.203625
-95.560682
-95.606594
-105.249994
-112.038782
-103.856738
-108.150495
-99.530019
-96.943534
-94.645593
-86.076006
-85.489986
-80.202793
-87.943844
-102.296493
-112.633918
-115.771624
-115.937222
-107.134259
-123.977658
-100.388422
-90.341674
-74.917770
-64.646375
-54.383419
-63.359238
-56.107337
-78.500258
-60.232221
-83.528199
-68.150796
-78.308275
-64.549602
-83.854507
-81.390237
-80.178250
-72.415110
-90.311348
-71.824345
-68.317948
-61.461308
-47.092019
-47.478305
-43.786251
-36.395098
-46.492643
-29.236238
-53.210026
-43.057778
-57.282408
-63.809947
-75.633213
-74.631815
-82.895238
-75.706567
-86.274649
-87.496248
-88.501456
-104.564044
-89.290630
-97.043368
-95.554669
-107.098790
-96.693480
-104.383169
-92.658282
-110.124155
-93.558516
-99.284715
-95.977633
-107.189999
-91.600862
-97.650654
-90.433889
-99.756014
-90.148376
-91.717623
-76.794234
-92.795998
-75.382326
-73.200648
-55.563580
-62.948812
-61.335670
-78.894798
-81.456502
-99.172311
-92.017708
-86.145380
-67.827005
-50.976490
-65.936363
-62.308507
-50.109978
-44.858105
-40.174337
-39.123544
-41.886088
-62.943353
-75.164152
-81.848841
-97.537666
-77.714424
-91.457059
-87.523874
-87.617556
-58.565441
-59.431389
-42.434993
-52.827822
-22.233437
-37.044449
-23.621864
-47.842962
-47.757533
-55.780575
-80.346778
-94.051675
-81.838510
-104.695113
-84.749034
-90.136069
-75.400982
-61.162620
-57.377867
-52.744664
-36.880169
-44.695567
-25.510341
-24.897570
-7.298608
-8.988354
-14.975243
-10.752717
-12.291745
-8.609726
-13.937581
-24.354730
-19.350575
-24.254334
-38.606203
-39.548589
-58.396851
-51.948788
-71.089715
-76.830718
-82.145366
-77.545739
-70.258654
-52.802415
-60.459861
-34.743284
-55.005322
-38.234723
-45.259632
-53.351648
-64.410105
-57.333857
-68.080477
-60.768641
-82.973891
-70.774359
-88.897829
-77.820674
-85.552088
-86.115124
-84.020389
-68.645224
-75.059710
-60.721288
-79.444987
-66.521114
-71.517939
-76.195041
-67.575316
-67.007484
-66.923916
-66.293922
-81.747427
-77.959505
-82.429670
-92.349751
-77.227852
-96.088833
-88.689364
-91.952813
-94.702218
-85.415592
-90.060176
-89.261820
-77.202166
-98.797288
-76.438643
-85.852779
-67.857896
-75.823115
-75.544139
-73.576727
-69.221091
-83.392905
-73.610875
-87.337661
-67.029363
-89.785168
-84.398040
-86.597534
-89.468420
-83.399579
-75.789787
-84.316867
-65.483388
-84.882089
-67.566978
-66.420937
-70.373051
-54.227012
-52.847964
-49.981654
-41.269617
-54.268452
-42.413230
-45.361871
-49.895747
-41.353572
-53.429309
-40.821962
-40.343525
-42.136854
-33.813819
-45.811261
-49.248722
-52.437622
-72.553990
-52.588498
-77.045730
-71.383862
-88.213087
-89.741643
-73.938116
-64.230957
-69.747405
-48.242139
-67.886336
-44.045404
-71.089647
-74.349195
-85.406261
-89.604589
-86.301890
-82.584865
-94.943279
-73.325275
-93.863841
-70.841448
-70.112559
-62.377161
-52.873410
-60.526313
-62.782859
-59.834301
-87.906351
-84.752308
-102.942866
-116.624762
-115.476778
-129.315014
-109.180204
-112.807762
-111.554583
-104.899607
-107.060050
-91.609613
-79.563889
-78.204700
-53.219602
-75.646184
-64.708883
-76.243391
-75.614081
-73.467223
-71.570286
-74.776232
-60.418303
-78.420684
-49.602855
-63.449982
-57.930435
-57.674679
-62.831924
-60.354321
-59.351387
-75.076809
-60.922019
-88.625333
-65.618512
-74.001894
-73.457883
-61.915383
-50.805262
-46.479641
-42.411608
-50.857515
-34.025603
-47.572769
-58.464041
-59.223448
-84.766953
-73.268328
-75.151575
-77.380797
-62.864306
-68.573123
-64.564281
-60.331700
-69.576805
-52.772291
-70.693412
-55.573349
-65.049514
-82.295053
-82.862690
-95.981422
-107.192867
-98.548967
-108.515376
-66.902591
-73.024706
-47.154281
-38.269753
-34.206649
-24.881902
-4.914067
-18.169676
-3.849243
-27.740234
-20.620120
-42.380516
-49.805818
-44.589533
-51.027206
-62.647118
-50.842214
-61.908184
-43.338217
-65.625077
-59.781847
-55.742794
-69.988028
-62.515506
-82.026728
-77.089693
-66.391194
-69.982923
-55.551435
-50.811219
-54.245216
-34.992332
-43.605535
-29.953070
-34.254644
-45.131999
-41.703598
-47.385135
-57.591248
-53.494546
-74.931584
-55.257746
-71.827555
-55.659320
-55.739173
-53.338279
-43.846519
-39.824585
-49.638452
-28.304292
-37.908631
-14.659359
-36.460017
-48.203603
-55.067303
-68.187585
-88.233911
-79.777328
-92.310093
-73.058978
-90.366923
-84.051792
-75.225736
-88.645313
-73.989295
-69.423660
-65.263282
-60.242718
-74.604500
-63.783796
-63.167117
-62.361447
-40.461054
-51.638416
-15.243734
-21.229711
-2.026934
7.891474
6.061037
-5.438740
-8.228753
-32.686992
-13.250844
-41.253625
-30.745281
-30.682009
-27.957680
-16.141677
2.261519
4.211553
30.396379
19.013406
45.105995
30.381766
34.725782
31.996322
29.554082
17.538247
17.117170
-2.898316
11.259866
-7.478069
5.724242
-8.745675
-7.270467
-0.428421
-6.098235
-9.402939
8.322294
-9.726803
-5.105241
-16.479817
-36.980428
-24.382044
-52.739134
-50.046276
-54.893074
-47.602942
-34.944052
-36.954921
-28.953504
-20.321367
-34.898632
-21.236523
-51.386906
-37.240382
-49.295713
-49.294760
-35.741053
-23.194931
-20.701932
-0.461526
-24.576473
5.659828
-6.507944
6.689293
9.116611
-8.655411
-4.119913
7.841773
-14.112216
-3.126553
-20.207712
-8.947805
-9.994175
-18.178434
-19.858232
-29.487170
-33.083406
-25.003580
-40.897316
-25.039708
-36.017365
-34.284466
-28.681319
-41.008369
-17.562286
-17.516274
-6.698279
3.720568
0.086573
16.580660
23.015126
7.286669
28.594131
-3.649405
-3.915930
-26.973444
-41.058969
-49.428715
-57.727208
-71.232126
-58.577337
-74.961153
-51.567455
-71.858404
-68.926649
-70.216399
-60.306750
-44.644488
-47.049947
-76.776268
-65.688474
-83.385283
-69.974633
-81.730356
-78.235532
-74.088504
-94.559511
-94.944792
-78.193248
-75.110205
-59.602610
-81.457069
-78.429828
-71.989846
-73.303168
-63.617014
-70.022473
-65.714928
-60.084138
-62.681829
-58.436063
-53.938565
-62.457938
-44.229177
-60.860713
-51.443113
-71.339520
-73.100380
-65.287248
-66.601372
-77.366607
-67.565351
-89.416625
-63.747254
-79.978936
-52.572958
-53.081738
-50.802625
-50.612717
-50.057388
-61.047714
-50.698415
-81.884111
-80.602369
-96.394854
-97.631036
-97.682974
-98.989594
-90.351023
-85.594293
-101.533196
-88.238089
-103.416516
-92.363102
-92.448440
-108.624292
-101.439999
-107.542745
-101.727746
-85.031111
-75.143628
-50.932220
-48.676165
-54.827428
-38.447305
-57.568844
-43.371559
-67.470668
-74.893651
-89.745520
-105.397492
-111.751668
-107.500857
-120.912183
-96.589787
-107.638257
-79.673473
-85.429025
-76.555765
-56.386790
-48.841677
-64.551717
-41.607413
-50.754506
-30.934338
-49.611130
-42.951540
-40.830872
-45.580007
-35.375145
-32.809155
-39.081891
-23.254900
-42.506941
-39.088182
-43.422264
-53.502612
-48.021637
-63.174151
-62.318295
-47.642284
-56.345823
-55.841366
-53.990327
-51.360196
-30.374620
-43.308431
-23.809257
-34.575061
-28.842852
-35.210160
-42.322348
-48.476075
-41.497047
-71.799112
-47.154221
-64.424630
-60.207806
-67.723474
-67.218194
-63.743415
-49.518929
-58.060895
-47.200673
-63.546714
-41.132603
-57.864092
-58.037747
-68.973014
-79.146854
-84.555362
-83.639956
-99.998391
-88.650056
-102.063760
-87.153105
-88.582798
-88.657508
-78.201172
-80.213822
-71.461252
-65.761433
-65.935855
-57.699745
-56.018854
-57.600210
-38.555753
-47.787102
-30.628852
-40.978340
-43.360952
-40.078533
-43.000773
-46.681267
-39.988912
-54.564441
-41.622270
-62.297421
-60.131462
-72.350300
-71.481315
-79.390780
-89.900659
-97.326821
-67.895797
-79.070917
-52.205330
-54.020603
-35.135688
-22.886698
-18.646906
-11.836057
-7.512180
-28.580753
-19.225770
-43.095021
-30.546375
-37.259840
-43.610570
-39.937269
-52.888232
-51.098240
-43.594259
-58.596152
-48.917397
-55.550912
-56.126910
-47.754610
-69.803112
-56.384784
-67.219880
-79.502420
-81.212076
-78.611547
-64.970745
-52.165504
-66.188095
-58.014487
-88.680702
-87.000051
-105.812461
-114.200929
-114.256830
-110.082734
-113.289484
-87.017879
-94.482521
-72.653569
-83.813655
-75.932578
-80.567298
-77.519131
-82.747120
-77.002229
-102.068150
-90.753584
-117.978419
-111.042236
-106.741641
-100.563914
-82.680688
-66.393536
-56.171126
-38.339282
-45.249706
-23.228369
-27.843825
-27.990983
-22.414560
-39.404070
-35.361020
-47.535046
-52.374442
-52.204073
-64.146483
-55.768751
-44.962904
-53.959109
-37.621927
-54.173676
-30.493057
-28.897975
-20.729621
-24.757889
-22.934824
-25.596625
4.034278
-2.138217
8.232727
1.757844
8.739515
11.397019
17.326706
12.365027
10.135124
-6.893975
5.594172
-5.568173
9.543523
10.887577
19.131318
23.353501
17.093652
18.356245
22.819043
3.503597
14.987327
7.460963
8.451308
13.760095
-1.916578
2.891801
-6.289357
-18.661624
-8.504181
-12.929745
-15.795718
-6.997193
-26.561129
-13.738415
-34.766856
-27.473533
-35.290843
-49.579469
-46.271130
-51.344627
-55.799277
-32.144996
-50.957107
-25.547720
-44.476841
-48.363672
-57.510750
-68.831310
-69.194366
-61.951679
-80.020251
-59.366940
-72.061215
-55.447873
-63.444388
-54.158407
-45.080762
-42.478680
-38.154190
-28.967258
-47.544305
-34.517434
-48.476211
-48.487771
-43.278801
-50.295600
-32.802318
-32.761094
-23.302796
-2.462223
-3.623947
5.111961
7.234578
-5.897596
-2.201203
-35.607203
-32.694541
-36.526075
-36.730971
-37.837489
-44.980654
-64.991494
-53.604245
-78.901094
-49.442791
-50.633995
-33.403336
-24.933148
-11.001852
-2.880524
13.289826
-1.037719
18.310361
0.776113
11.057919
5.392550
-4.450940
-3.342124
-7.983696
-12.738741
-25.069260
-41.415513
-32.454337
-49.247067
-54.244141
-60.346916
-71.406278
-49.671924
-46.924190
-50.056141
-50.837820
-69.536155
-56.642337
-52.540775
-62.823118
-34.052965
-45.054069
-24.231656
-16.085149
-24.855831
-30.816433
-48.285076
-57.059288
-46.587388
-75.722352
-57.830885
-75.242774
-61.340686
-58.812638
-53.368410
-45.501303
-25.338248
-31.043168
-10.687347
-38.220549
-22.284426
-45.094879
-57.103383
-54.386854
-60.283031
-65.680355
-52.367262
-69.492483
-46.155139
-60.034335
-48.202923
-42.932178
-44.079539
-28.870190
-32.122189
-25.099809
-9.596335
-28.096844
-14.508135
-7.514224
-19.915157
6.793966
0.407943
16.349352
11.270869
8.523093
15.195980
6.698312
1.269776
11.620246
-20.300899
-1.270583
-22.210552
-29.542290
-32.968765
-30.922539
-33.665856
-27.038421
-37.278058
-3.452582
-14.176218
4.995682
-4.257079
-6.288541
-6.653712
-15.186183
-29.834108
-19.129043
-36.957231
-19.335822
-32.396159
-24.209311
-20.549275
-26.497787
-17.589813
-28.536346
-32.570504
-30.552205
-43.988327
-42.521273
-49.402327
-57.128940
-54.601166
-57.181489
-29.547494
-18.926020
-15.953956
-9.367742
0.872589
7.778215
26.775756
16.694893
37.013892
10.606922
7.301877
-7.525324
-14.607893
-10.996235
-9.075956
-14.307171
9.834750
-7.324006
28.353170
29.610223
42.413436
43.912566
40.581242
37.592979
46.268335
22.796716
31.695790
14.121830
17.789716
19.733879
11.094456
17.276655
14.776735
10.918383
23.005238
12.362093
33.118157
32.020414
31.301593
45.447209
41.061799
50.538535
43.436101
39.212002
46.185947
40.852772
40.608466
51.126438
26.093151
39.887143
18.455046
27.910147
28.713447
20.935559
16.928795
16.438823
9.168962
41.490744
24.162505
48.976783
36.538331
39.570566
44.820946
42.404021
40.158773
48.597979
27.526012
40.333680
13.910108
20.199842
10.638579
5.780405
13.184355
6.364141
9.246390
36.368388
31.911432
51.667489
57.726385
48.160600
63.483652
54.137829
68.065497
71.330760
83.085941
95.633991
87.830792
78.811573
87.156973
71.711505
88.546314
82.579763
89.672431
83.858456
78.977964
75.972597
69.900495
56.623524
81.666868
57.647573
73.775697
48.972860
59.125425
67.258660
74.045496
84.315138
96.028042
88.732617
111.184549
114.539134
121.926846
107.483014
95.393017
88.088390
83.000991
74.391998
83.190630
66.143517
76.687343
70.768966
69.534477
78.085399
77.760466
96.206815
94.940685
92.325268
98.775223
83.829856
82.731634
86.105404
78.337834
91.435599
73.667611
77.404116
75.013051
74.912412
67.642481
65.193550
49.289158
59.156075
32.391759
49.756903
30.389585
35.861037
36.559563
48.451194
60.362024
75.370837
65.180358
91.824448
60.006878
75.153396
62.490558
48.534975
35.109337
19.769005
11.175969
13.178523
-1.149879
13.976498
9.623344
13.182642
20.798906
12.423650
17.247172
7.987715
3.668809
-2.789989
-32.031580
-45.881334
-46.344756
-61.392221
-35.137264
-48.999641
-34.113689
-26.712586
-14.077373
-6.405326
-8.919719
-7.882373
0.312150
-22.692088
-7.195119
-28.987160
-13.911358
-16.925826
-13.974630
-4.338472
17.025335
6.183566
21.570570
1.622882
8.619311
-10.576296
-18.990403
-24.091118
-25.020028
-33.175085
-24.603166
-47.709679
-35.608297
-46.035556
-39.527525
-33.746982
-34.416841
-31.536817
-45.181072
-55.315231
-54.708876
-60.477482
-54.009000
-46.958295
-48.679911
-20.720687
-27.337257
-12.300461
-24.733668
-20.628561
-6.698185
-2.015517
-9.901715
-0.419898
-21.414634
-7.235252
-18.737784
-4.110658
-2.049625
4.378584
3.517200
21.335801
9.230130
18.220352
1.780144
4.759584
-6.354523
-3.800682
-15.003667
-20.582548
-21.061915
0.459320
-7.425064
11.253528
-0.827796
11.670380
12.664910
12.967794
15.599426
8.397221
3.119445
8.424201
4.986416
7.170478
1.194308
0.736119
8.303386
-1.686770
14.460422
11.980142
24.178191
35.294557
41.147621
37.774435
41.527999
24.066115
31.029259
10.539859
18.774978
13.994038
12.831677
8.867100
11.209874
-0.867467
21.408593
13.866614
37.442740
26.444636
41.656845
42.333680
43.205739
31.584625
32.010289
14.801426
21.048904
7.395360
5.189939
-3.651701
-3.981721
-13.229669
-24.544079
-27.928794
-15.709344
-13.013235
-0.012520
4.893246
6.018865
15.564308
-3.704985
-5.938633
-19.676952
-17.498183
-23.620317
-22.068280
-15.961107
-4.153135
-14.643808
1.931074
-16.306942
-5.171810
-12.780382
-12.645998
-25.176496
-26.583894
-31.063788
-10.424857
-28.776833
-16.724684
-25.024054
-12.213461
-9.454014
-4.119000
-5.365771
7.007113
1.482181
20.541381
-8.359131
-2.733374
-12.934671
-22.201609
-11.124111
-8.559975
-2.838334
9.266964
6.248251
15.354119
9.572239
7.659919
9.400075
7.525188
17.892501
19.158340
21.510794
19.619357
23.321363
28.951753
42.166750
34.671361
41.924631
24.490564
37.396269
23.895196
20.805836
7.750117
8.480411
-8.981527
-4.787625
-29.425336
-10.960468
-26.012335
-9.005629
-8.860143
-3.040584
-1.055205
10.227040
10.750763
27.772513
19.499425
38.747158
18.913198
23.903601
25.253467
26.968746
26.900373
35.587500
26.438001
34.944128
31.533822
25.764543
28.871364
20.093288
33.021931
30.043441
33.537352
38.413782
35.141136
35.015238
30.467872
15.678099
33.173345
19.605673
37.405563
38.415577
33.466477
40.628354
55.644734
53.049319
60.992722
54.242967
59.338107
41.538982
48.000130
31.556163
14.255997
4.606764
10.191216
3.512955
11.705940
-12.548773
14.070059
15.569297
29.841253
28.362703
36.654754
31.562704
39.873029
29.261565
46.255416
40.684900
55.145973
63.969844
66.163149
77.506133
77.090729
86.990810
86.248459
74.220838
79.155840
75.706310
56.592836
61.324861
41.940188
48.375212
35.963091
34.293371
28.802073
35.622661
34.407956
43.018993
32.333306
47.822578
28.366376
47.348799
46.510388
50.868391
49.556929
48.043613
33.824254
52.035619
44.777854
65.660487
54.098586
48.583439
47.433885
43.983823
43.561670
51.385570
39.180502
43.744422
37.536037
46.195270
41.332025
44.058225
48.903504
49.419357
42.304517
47.179248
38.026068
37.525862
43.955938
34.327723
43.171912
31.458728
33.333912
17.273610
16.539920
12.050107
14.116322
3.167239
14.263335
2.363860
21.031474
14.444057
28.360761
16.139584
18.869034
11.359666
13.879658
3.368707
11.253322
-8.348604
5.521498
-8.286869
-2.198933
-2.107059
-0.916955
-9.228781
4.612884
-1.741285
8.625343
4.396052
2.959857
-5.020331
-8.257465
-4.499387
-1.394226
-10.768765
5.649326
15.017013
32.817090
41.001821
49.288884
61.836510
55.044826
60.004133
44.242585
38.187291
26.876593
18.572469
5.082109
14.014554
7.768237
16.883529
1.697446
22.467240
27.747925
34.563109
37.498286
48.053423
26.665439
43.318655
16.065150
15.013425
-7.214410
-8.444813
-16.242345
-11.430651
-12.798352
-2.721199
-12.199413
5.447030
8.006422
22.020918
30.172842
32.521258
25.629005
12.981685
0.779098
0.675321
-14.066584
-13.292470
-19.235421
-14.020697
5.829269
-0.684171
10.409873
15.206906
17.972973
28.185484
31.361362
24.646835
17.271678
-6.806128
-4.424619
-18.639633
6.381810
2.279676
9.538569
9.575859
21.089156
20.612358
39.825066
30.493599
43.246397
25.411577
37.347991
25.062618
21.453902
19.088444
27.589360
18.546454
36.172402
35.337914
56.604185
69.542378
75.382916
77.387111
89.173981
89.855688
99.310358
84.173293
82.674763
72.102649
66.631038
56.735497
41.610197
39.282463
37.982319
41.806446
38.530423
41.209643
34.673527
36.311544
26.872964
34.484584
18.148715
13.373774
-3.985305
5.166782
10.151678
22.099239
14.714839
32.161539
30.643227
57.133958
54.245421
67.680611
54.550257
50.206597
24.797211
14.576644
-5.829594
-6.311316
-25.232431
-15.901220
-9.211975
7.394619
7.238779
14.611563
22.294114
41.950399
38.507514
57.861870
46.759372
43.386418
40.545883
15.214939
9.675409
0.948458
2.776181
9.766651
2.101145
7.166413
21.932852
20.429032
32.143016
28.041820
46.791567
37.232353
32.305980
20.247900
16.423739
1.234237
10.032864
-5.905688
7.189023
-2.377805
13.250813
9.255049
14.346688
11.297273
23.927831
25.377614
42.552233
26.832866
31.971687
18.334789
13.423945
9.867277
-1.081080
-11.202676
-4.164637
-21.369587
-12.419109
-17.417816
-10.759100
-9.563731
-9.716610
-7.140308
-15.883359
-26.055823
-28.240788
-32.827516
-26.704274
-30.761925
-42.259110
-36.091608
-47.336812
-40.301199
-51.550620
-51.857294
-66.315596
-66.160923
-78.725133
-76.920616
-88.838314
-70.213479
-82.298813
-79.007330
-90.116610
-85.228460
-91.786693
-88.402953
-96.616123
-82.109320
-95.952656
-75.282575
-86.607881
-76.990760
-80.759022
-92.392302
-100.831069
-98.200116
-116.125517
-101.096163
-114.920216
-115.169754
-108.419161
-102.136654
-87.137786
-72.970569
-63.171904
-60.935885
-58.960568
-65.247129
-76.095674
-76.763838
-65.638768
-75.864973
-73.759965
-69.666007
-61.748695
-62.052301
-66.645543
-75.078276
-65.689220
-91.108807
-88.952903
-103.411707
-91.882535
-98.548730
-94.325186
-99.181333
-85.792169
-85.989207
-63.629235
-77.258043
-58.109582
-60.906388
-58.180623
-66.634273
-72.812917
-101.573474
-110.744306
-138.187562
-137.422298
-148.739610
-143.428629
-155.318512
-158.257145
-153.167856
-147.882531
-138.576206
-133.276384
-140.035885
-131.324310
-128.785069
-124.685680
-103.459402
-108.783964
-98.823123
-97.297649
-91.631779
-88.108799
-91.504488
-102.938611
-108.346700
-122.531827
-110.273966
-122.715124
-114.554035
-129.732373
-130.015179
-129.190476
-109.037489
-107.055320
-85.027071
-96.387292
-73.053282
-79.070315
-68.361380
-68.304588
-68.238856
-78.494807
-79.205983
-92.674232
-92.728148
-117.252467
-116.940300
-124.301536
-124.655343
-127.472063
-121.091333
-121.845801
-105.879024
-106.716741
-92.096894
-86.240794
-78.653006
-62.579071
-71.093543
-74.240756
-86.649890
-104.350060
-116.504965
-123.580423
-125.809820
-110.621011
-117.933954
-101.622090
-107.526196
-87.235591
-87.791314
-83.641177
-90.956619
-85.681694
-105.982188
-93.077511
-111.019997
-105.364920
-115.260925
-107.778761
-117.750439
-107.678713
-103.570286
-88.493446
-86.966146
-59.959347
-60.820956
-49.875095
-58.597755
-55.247628
-49.586739
-49.576565
-61.993040
-50.896431
-69.277237
-65.351061
-58.083925
-61.508291
-58.784733
-65.362978
-55.055436
-50.937120
-46.723658
-47.207192
-53.997876
-57.695464
-50.934032
-67.183656
-55.123722
-75.826791
-70.584613
-80.793037
-70.315716
-60.847044
-58.477409
-63.022451
-54.779457
-73.126411
-55.997901
-69.411294
-63.443519
-64.501135
-51.621568
-57.209590
-53.342836
-59.450736
-42.441878
-52.236447
-39.776982
-51.311166
-68.767556
-79.102466
-78.153358
-87.325155
-72.124606
-85.214368
-74.400901
-70.745793
-66.165546
-48.097289
-49.943574
-37.945066
-29.098512
-20.058179
-10.608597
-14.727261
-24.532471
-27.156121
-39.629775
-27.366239
-53.907874
-49.252795
-45.381800
-47.216503
-46.471608
-44.481796
-42.303159
-28.491347
-44.018456
-23.916629
-16.771764
-0.306349
1.480835
6.339483
-6.138353
-5.534733
-24.124572
-14.642830
-34.621735
-25.482404
-30.430466
-27.980517
-25.672304
-21.195971
-18.538098
1.037855
-1.850827
-0.144519
-10.726945
-10.930711
-17.357043
-28.842070
-27.252668
-37.208865
-53.570324
-52.408648
-51.959892
-42.994940
-32.737739
-32.996347
-21.202846
-21.893303
-8.138421
-10.813931
-14.558157
-16.335798
-12.858151
-13.882379
-5.187537
-20.024268
-2.340597
-16.609534
3.459011
-0.928715
-3.826444
-7.752786
-2.114640
-19.561546
0.032398
-25.677632
-22.474127
-31.813353
-18.445630
-13.461888
-5.487842
0.803193
27.638461
18.732394
43.821094
37.174112
42.951555
48.954466
43.366930
43.388740
33.496316
27.120554
25.333255
23.804470
22.395296
23.548524
16.572572
27.213953
21.626215
41.684345
43.914078
43.390500
41.067052
42.353888
35.180507
44.520200
21.637378
34.376798
24.603315
31.478770
27.401495
36.255580
35.140774
56.024300
33.749477
46.662132
22.666649
25.551091
3.267925
-11.860535
-20.235671
-10.406021
-26.633546
-6.410119
-17.369844
12.671228
15.665094
24.071255
38.097400
32.634944
35.077673
34.247802
4.705991
11.287613
-3.385140
-1.595006
4.324772
-2.721895
20.560876
18.751547
20.062366
36.849753
27.114197
37.320998
40.584405
38.927526
38.502408
38.914375
48.389738
41.345708
42.919587
36.156332
40.749679
31.508184
47.045830
29.832442
39.677272
41.496042
38.209690
29.826988
38.885451
41.221159
57.407996
44.896747
63.656057
42.127217
51.549275
42.438142
46.955131
52.072724
44.771710
42.382482
41.244606
33.386060
38.027794
24.419585
27.835566
36.055265
21.983932
27.574926
10.912154
14.337709
25.035170
19.777696
15.408924
2.592436
0.430753
15.467953
-2.538557
7.305016
-13.395507
-7.909442
-9.180173
-14.557526
-16.208930
-3.090915
-15.494503
9.050602
-8.272882
10.417793
17.734993
7.467906
3.761212
1.785041
-11.937941
-7.723913
-39.603995
-9.916095
-17.643681
-19.030747
-26.368335
-29.586964
-18.393801
-16.604876
-32.156497
-27.182217
-46.134226
-51.094113
-58.696718
-69.906217
-54.823800
-68.196848
-57.659393
-35.707309
-35.539425
-12.082968
-6.533703
-6.964185
7.462057
-10.878288
1.297247
-21.373816
-17.844409
-18.614251
-20.617108
-17.784762
-10.527214
-16.440843
6.360570
-11.709266
10.953513
-1.139696
2.312633
4.848263
8.411971
2.337280
12.187938
-12.615869
0.483498
-14.055683
-4.446778
-11.390216
-17.340389
-9.153217
1.635160
7.538010
21.651762
3.070324
21.647052
25.277891
20.023059
30.739480
14.693454
5.407107
-1.375578
-8.024933
0.135083
9.067900
2.629728
7.012185
-7.645737
4.357443
-11.684100
-8.611206
-13.890151
-28.428675
-27.754393
-26.725439
-32.025717
-8.569541
-29.366424
-19.722810
-27.263957
-21.936390
-15.518512
-7.508069
-5.133268
11.199660
-8.396560
13.329647
-6.030167
-0.978588
-11.928987
-15.567420
-11.007093
-15.762321
-26.888879
-15.789709
-31.297397
-9.377465
-9.632721
-11.781655
6.346291
3.597799
4.800880
-5.179760
-10.418982
0.394133
2.966276
5.492111
19.431776
9.924130
32.507854
24.724382
28.206834
30.705463
16.017057
18.741859
24.456821
6.088993
23.488059
-6.444559
8.580529
-5.482653
-4.974492
-1.481552
-4.674566
-1.879859
16.378088
4.317246
37.714581
15.404876
27.142302
23.933993
5.284358
-3.847761
-19.662258
-41.727573
-20.302393
-35.042273
-14.029431
-14.517560
-17.171053
-4.058992
1.031076
16.056258
14.387139
8.386520
18.080801
6.775282
-0.960425
-6.837728
-24.028365
-4.422806
-19.069547
-13.780453
-12.581934
-15.636328
-2.900244
0.512370
-16.010177
2.826252
-19.618344
-11.599966
-32.891472
-29.893884
-24.360192
-28.801995
-35.467545
-21.470770
-31.589212
-9.718578
-36.975708
-18.743770
-21.980140
-18.143551
-11.603798
-14.663949
-35.768229
-36.090155
-58.583501
-35.969042
-49.179038
-47.548642
-32.878116
-33.236023
-28.946416
-20.653449
-36.064075
-25.603358
-39.318638
-36.184233
-33.775471
-48.218048
-30.527456
-50.522109
-42.282025
-31.740980
-38.476269
-23.220887
-18.629064
-27.791388
0.353486
-27.052303
-9.589411
-24.570977
-22.877007
-33.826802
-37.067426
-38.731156
-29.821469
-40.849201
-9.871052
-28.177896
-4.158709
-2.631226
-0.972334
14.537849
15.293832
9.677313
24.440493
-1.288468
19.870700
-1.978726
-14.435866
-16.891621
-31.787081
-35.326751
-35.231074
-44.458302
-26.976873
-37.628327
-14.919397
-12.302524
-12.785384
4.775204
-13.099179
0.494064
7.384761
-4.289943
7.340036
3.460322
-7.473985
8.190575
-3.974301
18.741674
7.113240
9.440180
25.028987
9.655711
4.592851
1.850045
-12.028641
22.771221
2.446722
27.353118
30.928204
30.806944
34.477638
36.580826
23.351304
37.490743
9.283681
25.320218
8.729808
4.942634
2.774663
-7.686937
-10.685047
-11.351946
-11.745881
5.934279
-6.509291
4.677707
-1.188044
-4.737625
14.849246
2.002434
4.442976
-2.597993
-10.097669
3.322858
-16.227865
-27.433490
-19.860725
-45.258635
-29.524902
-40.059509
-36.226492
-35.444735
-34.024926
-29.823125
-21.679882
-33.806865
-14.062279
-24.953459
-4.247304
-19.465175
-19.495705
-17.872555
-26.589121
-38.449067
-13.670154
-24.286131
-13.064472
-24.255805
-6.755038
-17.076779
-17.148384
-8.512214
-12.518746
-17.913406
-5.731617
-21.057332
-4.435591
-8.159798
-10.957766
14.289274
5.157939
9.786845
11.096606
0.509165
9.165436
-3.649798
-10.127849
-8.081508
-30.010257
-19.160080
-35.951516
-25.201219
-28.374395
-29.800222
-34.674860
-28.907734
-41.658287
-21.019094
-46.155995
-27.413208
-36.595368
-40.107988
-39.062605
-33.036065
-29.636754
-18.361528
-40.061046
-23.655050
-34.591108
-23.166121
-29.676960
-26.782224
-10.730295
-1.912516
-6.305750
7.099969
-4.093608
-0.557302
-18.889080
-20.101435
-3.154536
-13.269808
-13.629455
-14.454794
-25.510001
-26.528444
-45.518724
-42.322319
-28.959788
-37.216182
-16.677667
-22.282872
-6.801048
-5.609187
-6.803995
-9.208463
-14.129884
-28.898877
-15.763724
-38.241391
-27.154961
-52.447817
-62.941558
-71.379270
-77.312459
-80.378529
-66.873617
-79.944941
-53.258644
-65.218247
-38.659769
-36.165606
-21.739976
-2.964923
-7.848997
-15.847685
-6.852671
-18.124871
-17.964970
-48.692712
-60.840441
-54.703226
-68.310981
-60.652499
-58.609336
-60.175793
-46.806144
-58.650276
-48.656841
-42.228238
-55.941177
-47.889457
-64.986076
-57.439736
-64.377152
-64.987634
-62.319916
-71.661875
-73.514482
-45.711212
-64.626366
-47.781157
-69.774746
-59.492114
-62.973486
-72.544741
-82.984928
-82.714236
-101.500591
-79.411734
-93.103007
-70.180915
-71.669523
-56.677988
-33.985691
-23.392314
-18.817018
3.918789
-2.137580
12.351073
-7.184326
-10.231244
-29.265121
-64.217261
-65.165721
-74.428639
-82.981114
-65.210410
-69.768560
-54.233905
-43.797710
-40.591868
-19.920745
-28.941432
-12.735092
-13.654250
-22.951970
-24.390374
-26.036639
-29.820190
-30.713919
-51.769041
-33.297989
-54.523730
-53.698786
-62.111097
-58.736509
-56.634405
-57.491055
-64.275577
-37.894009
-49.504142
-33.380295
-39.308332
-31.853373
-24.340131
-16.493151
-22.460296
-25.336791
-54.830563
-51.396802
-72.033217
-69.795371
-71.544558
-72.513807
-56.516858
-54.279481
-54.696446
-45.058984
-59.007386
-47.151641
-50.572633
-57.405037
-50.709390
-61.779583
-60.750220
-76.680479
-86.168429
-84.009352
-90.809769
-92.054912
-79.973571
-91.014994
-68.800887
-69.778864
-53.973105
-55.276525
-53.869803
-61.096878
-70.991883
-85.483642
-71.525908
-92.097635
-64.271998
-68.446490
-59.712722
-53.370432
-56.354098
-58.636107
-47.983861
-68.473416
-49.048429
-58.275297
-54.128833
-57.796842
-55.552181
-51.813775
-44.668971
-46.889646
-36.038457
-42.880498
-24.185609
-28.101883
-20.222446
-20.135896
-32.186606
-26.561804
-39.661038
-47.744725
-43.968085
-57.140604
-47.194832
-22.423762
-35.399294
-11.802112
-17.070987
-8.215826
-16.435627
-27.287922
-32.018393
-38.094040
-67.265346
-63.625709
-85.974159
-61.053786
-62.087423
-44.101285
-31.515019
-27.341947
-33.479234
-20.496939
-40.680124
-33.127289
-53.257128
-58.483622
-76.412048
-80.202732
-81.976628
-68.138270
-67.440594
-49.546956
-56.127428
-27.082449
-22.591293
-28.909081
-19.009023
-29.418305
-37.206106
-48.776087
-65.890318
-64.327805
-75.026226
-85.726642
-82.780697
-97.532968
-76.019310
-79.010570
-70.471210
-71.566992
-73.053571
-72.440617
-62.184621
-75.393528
-72.999944
-97.840579
-87.239911
-101.809761
-101.185598
-108.476852
-109.890472
-109.457348
-99.997419
-120.653246
-101.178138
-116.710847
-102.257693
-102.439697
-102.230583
-95.721729
-98.111887
-105.677257
-92.626976
-114.158555
-103.463494
-110.754798
-106.424912
-98.861576
-109.496370
-115.138784
-118.574905
-123.422069
-102.275724
-96.116971
-97.033789
-86.548214
-103.754029
-82.568717
-105.474348
-116.752676
-124.372058
-130.541935
-127.749971
-128.962480
-139.239842
-120.253332
-134.854282
-106.918283
-106.443519
-89.182375
-85.105413
-71.983063
-62.992773
-46.373226
-64.133146
-45.041493
-71.964104
-68.454777
-77.370342
-85.229453
-87.246439
-84.932682
-84.892670
-59.222743
-67.276689
-39.759511
-39.183357
-36.780708
-20.814069
-36.305926
-47.588186
-43.059475
-52.353152
-47.459730
-55.800183
-44.005075
-30.310521
-47.068194
-27.179225
-35.204349
-27.885249
-20.726022
-23.812045
-18.768741
-9.427794
-27.058708
-14.930152
-44.709016
-26.156643
-42.652371
-44.182928
-38.638917
-36.046911
-39.292529
-23.826040
-41.859838
-19.339515
-34.554549
-22.197224
-34.298035
-38.553164
-32.937700
-37.369967
-54.115192
-42.305227
-53.216509
-33.351609
-43.868856
-49.070880
-40.924952
-56.220534
-51.755679
-53.927849
-69.674896
-59.908994
-80.519057
-88.307170
-83.153684
-90.700319
-81.932462
-96.795471
-86.956192
-82.021301
-89.646891
-76.697808
-66.305405
-78.106715
-64.478725
-89.221086
-80.125120
-87.603957
-81.113878
-78.659624
-78.073329
-75.417555
-56.493134
-74.526952
-43.796710
-52.829299
-37.794840
-44.220832
-50.087913
-51.848189
-42.940590
-58.095986
-56.730210
-85.585647
-75.383642
-94.324478
-94.256997
-82.466740
-90.423294
-71.344873
-58.544339
-70.232004
-47.093434
-53.015559
-44.356077
-45.163930
-61.216622
-50.445765
-69.576879
-72.173282
-85.331085
-96.230310
-98.627106
-102.563893
-94.110308
-75.527222
-90.068644
-68.247372
-84.316530
-72.175957
-57.650541
-53.526187
-57.670069
-47.393412
-71.364539
-56.147483
-85.147356
-76.359563
-93.610764
-94.229129
-92.522680
-94.053276
-100.270407
-80.658502
-104.698044
-82.243332
-102.508445
-109.697997
-113.625366
-127.488042
-130.378630
-128.600417
-132.649148
-112.900300
-120.911637
-108.708706
-95.966686
-97.591002
-83.824584
-95.949430
-96.072387
-92.137249
-107.769094
-102.590383
-106.026185
-104.251022
-84.061228
-95.599133
-78.821165
-90.540257
-91.939595
-96.374701
-102.057193
-111.374491
-104.849763
-127.647866
-108.108085
-126.084196
-107.314165
-122.260352
-122.283788
-117.413066
-118.864864
-120.345255
-108.761173
-134.186322
-116.976157
-133.380947
-135.421874
-135.142923
-145.768596
-147.685883
-138.838826
-144.300417
-119.308051
-137.993066
-129.938325
-130.029404
-138.294859
-124.822701
-136.752083
-134.038077
-131.333804
-133.175877
-133.787195
-140.257514
-150.026255
-144.968825
-154.401147
-131.279388
-140.082593
-129.381799
-113.909295
-110.890109
-126.854412
-124.367977
-135.361905
-124.657274
-146.823211
-136.457636
-148.061074
-146.161361
-142.754484
-143.506231
-161.655083
-145.198881
-161.636721
-136.650775
-151.612006
-137.212885
-130.680110
-142.114681
-145.739028
-139.670631
-148.837176
-128.528144
-145.385739
-144.414360
-154.059747
-163.135569
-151.837320
-162.356896
-154.601835
-142.329576
-148.523063
-142.677860
-152.549458
-159.777125
-158.225866
-178.956040
-164.331052
-169.158941
-174.267784
-172.748941
-169.381668
-162.597403
-148.979142
-155.930066
-132.751088
-152.405749
-136.530087
-144.528058
-143.745582
-140.963788
-134.663466
-143.872620
-120.622570
-136.458001
-120.273997
-132.105413
-117.075995
-113.654105
-115.429138
-108.279495
-98.218720
-112.455953
-107.013011
-127.386033
-123.872027
-131.331712
-133.977830
-132.722578
-135.916858
-129.353327
-120.859351
-129.644644
-122.830268
-126.445382
-127.301506
-127.025900
-137.626858
-124.719178
-133.200802
-133.637345
-130.779957
-138.425875
-139.389839
-133.751672
-131.690726
-98.250185
-101.212214
-79.579289
-82.630186
-76.748572
-82.478693
-90.362499
-103.846940
-87.600848
-104.539824
-83.276390
-95.466286
-82.062830
-88.944434
-81.913408
-89.082370
-91.271325
-97.610653
-93.065302
-111.678500
-91.191434
-109.797561
-113.151751
-118.732968
-136.574995
-134.737111
-133.460306
-146.785923
-145.321196
-151.271004
-146.938034
-149.156322
-164.592677
-161.166126
-169.240218
-157.237008
-156.334123
-149.029647
-145.585974
-134.613568
-144.177755
-137.578029
-152.259172
-141.931506
-157.988367
-162.502537
-176.277071
-168.663267
-180.694791
-178.675057
-201.093731
-189.338246
-196.509053
-173.001306
-170.871384
-169.303463
-161.133619
-153.196003
-161.674695
-151.073195
-161.233394
-141.351392
-162.646258
-171.322671
-181.586638
-179.460666
-174.795054
-169.631504
-173.390282
-158.906027
-165.658349
-169.192827
-163.530462
-163.447339
-157.070831
-162.086737
-163.549870
-176.227099
-169.455013
-171.039657
-167.172873
-174.150231
-164.378757
-179.769594
-161.738587
-168.499950
-155.329515
-153.109172
-149.183516
-151.660064
-150.863743
-157.024849
-142.055105
-158.541683
-144.121819
-159.248170
-148.435841
-151.516430
-153.311400
-160.120195
-139.983259
-150.843289
-126.499796
-143.086964
-141.373328
-142.557033
-139.433466
-130.594264
-122.303704
-122.591344
-108.764319
-118.330118
-119.537346
-118.821521
-112.907580
-105.372778
-119.504171
-121.180557
-126.971269
-135.312989
-147.197493
-148.614796
-154.963544
-149.295959
-166.027614
-148.054182
-155.891271
-145.554112
-143.224550
-142.452082
-141.723765
-121.960601
-134.848668
-115.415439
-137.160274
-142.035966
-163.083453
-172.771115
-184.757638
-179.625919
-184.787842
-166.462993
-176.404823
-159.655104
-166.784570
-152.012315
-145.681592
-139.953424
-153.952935
-150.102922
-158.979488
-154.913609
-173.107757
-163.699532
-164.024712
-156.180554
-143.875395
-151.579998
-154.833639
-157.723446
-158.178537
-152.520662
-152.328703
-156.690497
-150.529787
-165.567241
-147.559425
-159.710973
-151.950877
-150.837324
-143.840396
-149.566557
-143.302190
-144.837255
-112.305130
-120.226673
-100.376745
-106.790128
-102.216828
-97.736982
-97.425541
-110.667178
-97.403937
-117.731455
-95.549168
-107.035438
-96.858968
-94.211373
-83.393360
-83.250937
-74.577214
-79.159116
-70.313300
-85.459595
-78.376880
-83.439918
-93.245969
-101.984787
-116.091351
-123.119825
-123.672183
-126.943381
-113.449319
-102.982410
-100.311747
-93.951155
-100.545764
-95.882829
-101.785096
-103.944578
-112.356446
-111.928498
-117.358636
-110.305867
-118.574778
-89.727300
-109.015574
-98.530385
-107.313264
-107.516541
-104.432936
-102.820241
-122.829796
-120.408536
-142.070303
-136.541265
-162.876726
-151.730676
-157.484842
-156.258100
-149.798321
-137.777358
-143.973089
-117.577521
-131.501353
-120.985797
-135.154614
-140.679410
-131.379606
-145.655788
-151.167521
-142.246958
-152.507554
-145.626490
-145.232154
-133.448402
-132.549688
-142.038994
-131.206293
-144.875071
-143.383667
-146.925541
-154.289581
-159.722510
-151.504417
-174.674277
-154.486253
-168.470798
-156.860089
-160.292457
-150.627031
-138.623635
-131.947334
-142.509251
-130.310508
-152.415873
-138.990915
-160.738617
-159.785233
-181.594095
-193.727493
-187.811973
-167.827389
-173.863557
-154.580499
-160.762858
-133.790684
-134.708271
-129.593271
-131.896960
-137.544163
-127.271414
-130.744795
-144.776570
-135.382049
-149.251010
-158.062707
-150.865877
-157.512915
-147.936325
-159.549541
-154.044530
-150.801822
-147.900611
-149.729309
-140.758112
-160.208667
-144.668529
-161.321911
-153.470716
-171.239360
-168.380484
-176.695564
-186.509669
-181.116664
-154.545874
-168.976271
-138.557866
-148.052904
-132.627524
-126.182707
-126.301340
-123.573491
-112.761256
-133.410668
-109.941393
-126.422506
-110.605154
-128.038796
-134.917332
-130.066612
-148.000956
-140.634283
-135.945813
-152.760620
-144.435297
-149.802102
-152.792509
-146.896532
-163.573899
-151.083490
-149.153302
-147.416389
-138.052581
-134.871137
-116.653491
-100.313740
-117.496728
-111.121891
-145.075104
-139.037934
-152.209307
-165.003811
-165.184334
-176.319814
-178.889175
-154.369865
-167.086594
-131.881057
-140.154621
-120.487598
-107.898689
-120.603286
-122.024993
-114.529694
-132.586185
-111.218473
-134.533840
-126.789493
-145.159263
-144.989827
-140.831056
-141.564313
-135.969149
-132.839175
-146.126766
-124.289808
-147.763149
-151.171323
-142.898457
-144.741933
-133.804308
-143.711624
-142.613768
-134.594063
-145.071811
-135.069348
-130.774829
-144.535899
-128.274832
-146.620406
-128.040522
-148.309943
-154.446185
-151.803171
-155.657537
-159.538945
-138.691881
-158.685191
-136.796806
-163.741764
-154.389909
-160.309128
-163.216022
-167.250164
-180.201557
-197.779690
-179.139708
-192.189472
-168.291327
-173.683670
-154.989233
-138.666743
-130.778947
-130.200273
-112.296565
-115.583345
-80.658440
-96.426596
-92.728110
-87.033203
-106.107176
-96.766048
-116.189935
-112.630954
-100.416370
-109.096514
-92.467641
-90.145125
-103.251124
-90.052904
-106.252629
-96.172650
-109.581579
-117.861943
-129.101643
-141.619283
-148.460552
-135.704703
-160.145874
-134.520257
-149.348378
-133.657950
-140.125132
-137.329125
-134.763639
-131.043958
-139.364122
-127.039222
-154.465798
-134.651611
-149.268274
-148.496055
-144.081712
-148.486438
-141.075909
-130.756168
-145.272667
-126.444313
-145.969385
-134.116720
-127.150700
-133.642004
-128.147963
-148.048352
-150.465468
-148.571153
-162.656805
-148.015861
-143.245761
-152.986026
-138.288898
-156.993203
-133.103199
-141.599049
-134.789820
-122.151147
-131.161818
-129.209083
-110.963928
-125.205396
-106.510284
-140.542598
-126.978927
-131.432319
-132.403673
-133.013346
-130.252899
-140.258972
-125.353980
-147.422334
-127.612973
-144.298144
-141.868719
-134.427358
-139.888505
-139.046654
-136.057154
-155.855082
-145.517890
-175.450437
-167.409325
-168.484065
-179.404421
-172.232866
-179.813100
-175.059888
-168.301836
-179.316752
-164.766375
-174.706369
-180.758816
-174.352055
-195.540236
-180.903940
-197.167357
-203.991450
-198.303123
-206.115813
-204.913161
-199.869118
-215.722820
-199.336751
-217.753929
-193.341059
-212.616289
-206.805924
-200.062707
-202.234817
-214.862870
-202.237359
-219.244640
-193.144089
-199.971609
-192.196702
-187.747135
-181.806087
-180.427263
-165.661257
-175.431276
-147.404866
-173.316791
-170.338846
-184.563804
-195.170163
-191.857883
-198.581957
-191.880195
-178.975182
-183.575160
-170.487080
-171.816711
-175.827597
-170.471151
-183.440118
-179.239180
-198.731410
-206.893851
-209.961669
-215.617236
-208.868802
-209.393509
-216.846546
-189.692108
-206.800477
-187.407433
-194.546476
-183.890087
-178.210203
-183.513353
-187.847979
-178.068968
-207.442803
-188.365700
-206.606657
-190.777583
-190.769647
-181.149277
-175.452990
-162.732818
-171.477827
-143.481635
-163.386916
-156.270002
-170.144327
-174.918888
-176.111107
-173.085258
-169.775237
-166.341129
-172.418860
-156.386899
-158.685505
-154.967055
-146.698572
-160.176866
-139.812552
-154.283296
-162.445746
-159.542006
-168.591100
-164.027913
-168.176238
-182.997732
-165.592552
-179.857292
-163.617064
-164.788662
-157.065752
-145.968656
-143.475922
-135.637380
-114.125077
-129.773115
-112.232297
-137.376974
-142.910514
-161.296212
-181.078239
-192.454678
-189.790436
-195.680734
-177.747465
-192.647089
-166.479027
-162.329011
-154.527076
-143.587044
-143.056486
-146.760324
-139.505287
-158.492490
-139.940257
-151.350521
-149.349414
-138.939773
-153.637586
-134.374676
-125.448866
-110.981144
-100.827030
-107.895577
-100.226011
-96.146179
-126.451860
-125.879654
-151.392960
-143.593130
-156.540879
-169.284852
-165.787799
-168.228872
-166.396959
-140.385684
-150.964095
-108.975112
-117.902730
-99.779783
-104.824743
-115.667878
-127.156205
-122.194538
-137.823091
-122.660570
-137.976445
-114.443889
-116.434348
-113.973634
-102.322599
-99.810753
-93.043978
-81.590005
-98.977009
-85.027540
-111.025178
-114.217318
-111.371550
-119.371925
-115.991451
-121.532139
-123.013863
-101.983902
-103.925098
-90.236300
-79.772091
-73.721850
-51.786502
-73.924689
-73.532661
-86.726097
-92.113481
-90.894899
-89.920234
-99.956102
-88.819804
-115.365986
-97.768021
-122.092777
-119.062497
-116.782474
-121.824246
-121.991529
-119.303657
-145.581034
-130.249806
-151.088453
-137.114410
-138.390341
-135.659834
-131.847416
-129.268809
-130.698951
-111.846826
-134.467132
-119.101615
-122.104005
-116.059619
-112.328786
-117.063460
-112.610964
-122.730303
-140.639500
-140.859319
-150.097636
-150.671829
-141.611359
-147.075527
-132.987417
-150.282068
-135.777840
-139.065531
-140.149228
-127.459844
-140.229154
-149.373447
-144.402058
-162.915110
-152.754954
-173.015463
-171.120457
-178.225761
-184.341259
-195.937859
-185.348099
-199.660117
-174.853243
-188.598417
-171.859032
-177.931821
-169.929787
-168.627830
-171.369974
-179.394433
-171.718539
-189.618507
-169.536601
-186.580173
-182.002492
-182.138768
-188.325769
-171.179696
-176.699188
-174.178014
-164.538844
-172.425326
-169.746403
-176.543466
-182.387957
-171.544985
-176.731515
-163.937298
-159.211737
-163.042791
-148.685833
-149.549643
-149.373829
-139.458103
-149.714316
-134.159188
-147.597136
-130.675032
-138.441053
-145.461711
-152.652961
-145.408269
-162.171829
-146.812827
-169.864286
-159.971120
-166.192582
-158.784457
-154.170608
-152.945295
-155.303565
-138.938038
-152.069734
-124.532453
-143.784615
-147.932090
-152.379459
-158.719016
-164.241457
-164.811728
-161.910374
-165.809129
-171.513883
-162.518445
-160.699077
-155.418776
-146.459024
-148.333662
-136.104876
-139.003878
-141.278972
-144.302056
-148.270465
-156.167000
-166.294105
-173.216800
-166.146942
-177.512398
-163.884063
-175.359056
-168.069898
-169.631795
-163.513144
-170.725372
-162.075717
-179.055389
-163.068712
-173.433923
-162.043212
-166.225927
-158.354940
-164.099454
-156.379774
-165.957912
-153.866844
-164.379050
-148.345889
-145.995499
-143.912463
-143.996438
-143.976670
-151.024188
-144.907464
-156.701433
-153.168873
-165.667942
-171.171143
-176.203570
-182.750143
-166.319453
-172.447870
-162.387436
-168.753580
-176.164579
-169.240176
-156.211716
-165.833456
-162.599723
-180.648874
-173.962837
-191.123075
-198.937336
-205.336133
-198.648511
-190.314383
-174.750382
-181.306364
-153.580571
-163.547158
-138.837371
-134.600478
-128.151235
-133.747886
-120.998480
-136.583627
-125.616358
-144.511039
-138.678431
-149.113832
-143.746507
-137.629637
-135.467901
-140.240544
-121.915585
-123.444873
-109.469393
-110.953531
-106.052914
-109.834151
-124.566156
-124.792727
-138.481532
-153.954890
-149.478753
-147.474983
-140.843739
-126.245747
-133.099656
-109.967057
-110.519725
-97.734540
-105.272721
-102.417786
-116.322884
-123.091291
-135.308366
-131.729994
-164.731498
-166.056052
-179.525769
-170.550390
-165.319763
-148.878523
-150.879093
-128.909540
-147.069130
-130.985163
-157.539375
-153.166619
-160.871507
-170.826833
-178.001178
-187.521643
-205.860579
-206.373902
-228.608684
-202.943408
-218.151246
-216.851687
-198.272154
-212.461426
-208.157828
-215.880954
-223.389239
-216.553770
-234.866150
-243.131099
-247.628586
-265.616572
-247.421297
-252.169338
-238.702012
-241.497783
-253.156364
-252.384988
-251.624177
-263.812698
-242.534653
-267.209462
-265.955179
-289.951299
-292.326242
-293.366448
-288.622229
-280.980804
-262.747447
-275.436836
-241.048586
-262.347753
-251.336456
-254.995674
-253.998333
-250.490541
-249.534977
-256.665906
-240.191203
-256.326049
-238.413986
-246.172327
-238.831551
-212.846886
-210.277729
-197.172462
-195.133448
-207.980811
-190.609617
-203.538355
-204.509518
-211.326595
-235.450547
-225.610813
-233.661442
-217.274187
-218.346222
-225.837089
-211.163301
-210.024822
-217.259465
-198.377366
-224.078701
-207.554489
-226.117336
-221.391849
-220.727793
-220.208873
-210.879119
-195.819195
-215.171413
-189.465423
-204.627716
-191.929940
-195.436240
-200.134269
-203.260041
-217.092660
-233.244427
-219.417450
-243.549185
-215.345514
-220.923695
-210.546291
-195.241413
-193.813613
-182.162994
-185.711726
-197.037264
-182.528091
-201.888948
-201.398463
-212.857432
-229.269434
-212.851021
-226.741644
-210.761709
-202.461687
-204.789283
-183.224237
-182.368276
-188.508930
-166.670389
-197.062219
-192.461906
-211.235483
-209.097930
-207.584276
-215.253510
-216.543683
-209.854630
-218.557324
-187.574087
-207.797849
-194.694916
-191.213079
-185.182172
-182.722395
-182.248399
-182.839777
-168.733706
-182.301538
-155.995656
-162.632217
-142.714372
-134.718444
-140.405724
-129.157554
-126.754284
-125.720386
-110.769879
-128.815547
-117.071431
-126.939144
-143.716820
-143.253312
-158.548120
-152.567023
-153.351255
-156.145191
-142.836202
-134.142310
-117.639599
-99.398150
-119.582639
-90.573623
-95.765498
-85.725030
-85.781192
-95.243163
-104.847958
-104.989338
-131.470487
-115.070013
-137.204175
-110.287205
-112.359698
-109.225936
-110.443736
-104.573587
-102.525556
-91.459986
-101.773847
-87.410071
-111.117257
-98.760375
-103.133255
-111.404665
-107.215911
-113.953286
-122.109635
-99.430107
-108.699040
-84.862852
-84.811230
-89.479761
-82.211620
-98.344715
-91.266271
-94.659114
-96.851114
-85.576820
-95.040559
-109.555208
-97.643715
-99.861415
-71.957469
-83.444399
-62.705778
-63.552577
-61.490926
-64.672029
-72.552704
-79.267389
-69.849747
-93.723940
-68.127259
-82.796478
-75.553338
-86.196583
-91.639184
-90.709535
-83.202731
-97.032048
-70.445243
-85.036755
-55.448582
-51.152485
-51.398257
-48.472559
-58.500015
-65.601830
-61.608879
-82.436711
-80.901668
-94.509775
-98.650409
-95.379209
-106.618956
-102.046430
-99.572230
-102.532988
-89.827642
-100.967889
-99.310596
-88.955483
-96.387255
-79.930552
-102.049305
-110.692299
-122.500436
-139.286568
-142.859845
-137.643526
-147.824528
-127.829852
-151.105437
-131.980291
-141.440693
-132.152975
-119.406938
-117.158509
-122.073236
-116.630615
-148.503367
-125.131468
-139.991115
-123.086158
-120.247774
-116.290045
-113.004297
-116.383629
-129.102731
-113.994889
-126.513287
-104.521925
-103.557908
-105.077328
-93.613953
-105.285892
-104.363218
-104.772446
-117.306174
-103.753123
-108.303539
-105.497598
-92.799822
-103.943491
-90.659395
-98.035999
-79.982689
-78.370520
-85.294022
-82.166985
-82.410351
-95.732721
-69.911550
-84.333390
-63.290225
-68.707310
-56.899807
-47.810992
-46.629861
-51.447003
-30.340463
-43.684633
-21.638792
-51.883790
-47.773443
-60.374569
-67.635784
-63.296034
-59.611458
-70.895201
-57.750927
-75.806175
-61.113431
-64.076704
-68.463028
-63.451863
-69.033385
-75.478265
-79.772850
-90.932858
-76.415363
-85.180036
-78.874282
-75.871589
-84.873724
-64.842730
-70.515016
-63.040761
-56.201570
-63.662523
-57.540469
-62.231561
-84.051576
-64.590232
-78.714551
-52.541711
-60.157047
-55.877672
-55.630165
-57.698683
-61.180852
-50.357304
-70.877560
-53.313499
-74.401868
-66.843962
-75.813524
-80.948797
-72.877814
-59.810365
-64.393086
-34.220512
-55.082330
-47.804507
-55.177214
-66.337532
-60.378150
-74.433809
-76.454433
-69.941601
-81.037823
-68.204729
-72.579491
-57.126398
-52.512536
-55.908627
-38.676181
-48.569843
-44.562684
-40.059432
-51.251166
-53.572561
-44.891227
-54.095043
-35.525432
-54.712730
-50.257158
-57.947346
-59.433868
-61.313491
-55.226976
-58.287195
-45.453764
-52.291410
-20.378991
-38.869763
-29.329595
-38.415949
-43.551608
-42.134360
-41.338496
-58.747890
-54.464728
-81.650858
-67.185406
-65.721392
-52.460846
-43.000736
-50.523410
-38.721381
-26.340235
-36.682126
-22.315358
-39.511183
-51.470060
-63.406165
-70.406673
-68.586055
-71.816786
-72.369818
-71.644815
-72.460512
-69.484868
-70.054735
-83.816768
-74.943257
-96.850611
-101.748139
-118.618657
-118.959058
-128.815286
-130.119207
-136.683255
-128.758850
-137.507498
-113.983032
-129.154007
-113.406793
-116.095316
-123.903458
-122.771555
-116.697335
-121.651013
-116.764492
-130.423274
-114.110569
-137.866726
-127.955184
-128.252799
-121.021614
-114.878948
-100.574569
-103.713609
-86.711359
-97.543767
-88.678582
-82.899159
-89.076555
-96.234530
-100.012453
-100.418617
-105.156922
-105.808132
-98.102231
-88.272466
-90.234416
-77.054680
-86.259029
-77.024780
-90.343423
-82.344075
-84.720900
-87.820075
-96.729228
-92.644157
-107.039467
-103.010214
-125.590219
-108.140658
-110.357491
-102.859742
-91.665911
-75.049338
-77.612589
-58.524207
-72.713213
-59.316879
-73.045986
-66.891641
-68.840695
-68.376815
-69.348717
-64.159240
-74.215311
-64.268014
-64.525615
-61.311231
-70.202561
-78.981703
-69.440220
-78.774316
-76.463681
-72.203045
-75.940709
-72.491759
-72.228610
-71.346474
-66.632006
-78.144680
-61.920447
-72.176031
-67.973361
-73.404578
-68.383237
-75.570974
-71.192268
-93.296248
-79.992506
-102.483566
-89.846622
-93.068104
-83.249417
-74.528245
-67.460342
-77.399919
-56.390270
-68.665008
-50.714834
-60.712712
-63.191714
-70.326260
-79.413843
-88.524515
-77.628996
-87.686748
-66.701837
-69.949960
-56.387821
-47.377072
-44.781899
-28.108739
-27.808291
-31.501201
-21.222434
-39.611841
-36.169344
-50.478265
-59.924376
-53.295874
-66.591349
-55.341836
-59.562335
-64.655214
-54.934543
-56.855030
-53.466714
-40.693256
-50.800412
-40.616284
-68.107093
-63.658852
-61.585770
-53.189548
-38.193287
-47.604821
-63.272746
-46.596082
-68.329672
-50.305197
-44.657106
-58.666506
-50.891976
-47.611642
-44.532635
-40.814989
-45.263938
-16.771329
-36.810237
-42.215280
-48.571038
-70.136843
-56.724209
-66.961216
-75.359162
-64.839110
-82.910340
-72.831080
-68.463979
-68.136777
-55.855219
-77.338247
-60.567697
-77.508182
-86.451278
-77.536818
-84.577048
-78.800453
-67.701080
-88.921470
-73.073787
-92.099610
-83.912596
-88.901886
-100.960840
-106.754897
-119.082718
-128.741693
-112.922079
-145.512586
-115.793184
-133.933436
-117.788385
-107.933508
-109.742515
-102.592564
-90.118740
-107.360373
-95.738681
-117.323781
-113.128152
-121.006629
-122.613757
-116.623444
-128.910701
-123.629917
-113.498936
-120.837252
-99.821753
-102.041274
-94.131866
-77.400332
-78.129967
-71.854095
-91.396209
-96.005410
-86.463849
-103.187587
-103.159920
-97.383423
-123.595086
-95.949642
-108.431912
-86.408587
-84.015438
-79.991727
-73.817078
-82.235361
-99.211892
-82.816348
-114.344214
-84.855740
-107.328847
-109.147838
-104.335315
-107.376959
-107.192486
-99.318218
-116.202951
-88.184566
-102.023292
-86.861137
-106.754548
-99.959856
-87.572423
-98.791738
-93.491318
-84.798514
-99.635601
-78.458744
-92.757364
-86.868452
-75.458831
-83.210724
-65.955940
-66.252534
-57.818481
-53.051384
-59.168459
-54.152610
-47.503862
-64.510500
-43.262406
-58.364225
-38.638215
-53.143749
-59.116464
-62.560711
-61.071345
-62.740354
-50.528258
-63.655500
-40.152279
-56.862438
-52.479134
-65.881057
-74.482594
-71.422191
-70.500038
-82.527052
-57.355641
-82.187426
-56.244804
-57.088194
-51.984763
-56.019945
-54.120676
-48.004201
-47.921610
-61.169261
-44.326327
-62.320377
-54.382832
-51.134683
-50.389664
-34.393413
-46.366724
-41.483390
-33.012382
-46.053789
-36.564675
-29.697791
-30.355589
-21.441014
-46.024347
-40.610462
-59.814751
-61.799299
-54.397871
-53.380661
-47.266421
-31.493111
-43.643528
-17.665405
-38.743302
-21.622571
-24.264471
-30.917013
-32.225514
-41.011239
-55.998850
-56.885013
-85.384599
-70.924774
-86.918857
-86.784338
-81.736671
-89.355522
-90.298602
-74.981299
-92.455933
-82.610945
-94.312397
-86.935246
-90.510585
-104.136456
-95.419909
-107.364473
-113.042421
-111.286825
-129.970813
-114.298161
-105.129989
-106.795586
-88.922914
-101.602270
-86.138034
-91.214981
-97.376367
-99.414103
-116.212930
-133.592996
-131.402038
-154.712975
-131.284808
-142.654055
-133.008335
-133.815452
-125.429844
-114.745875
-102.154043
-101.377193
-79.583359
-103.266305
-92.059894
-107.598920
-112.654495
-121.158235
-122.127343
-115.411245
-104.009517
-118.897059
-102.839221
-122.659404
-110.821292
-95.961153
-93.101198
-75.829612
-84.517981
-87.028099
-75.036697
-91.873866
-81.087681
-76.686659
-78.021560
-61.194349
-64.623209
-48.596058
-57.851545
-70.481207
-64.497635
-75.732120
-84.557854
-67.663674
-94.019316
-72.152800
-80.862281
-76.743260
-73.470919
-72.960420
-72.513374
-61.456618
-76.097510
-57.123517
-81.528047
-65.104940
-78.261288
-75.842768
-66.151122
-67.462886
-64.482405
-47.187002
-65.907675
-40.183608
-57.052153
-52.517408
-63.354873
-74.301398
-73.846569
-86.481559
-97.062387
-101.102263
-120.071246
-96.845588
-95.738072
-97.067131
-81.079147
-93.643432
-79.949821
-85.046855
-85.488608
-86.658106
-110.958968
-115.983483
-107.985904
-124.485636
-106.166435
-123.943777
-114.784632
-110.894608
-116.434419
-115.378633
-109.078941
-125.250290
-100.301662
-109.701211
-89.108157
-92.123189
-100.208916
-109.981114
-125.122804
-133.919643
-117.138612
-132.933262
-104.571841
-115.399160
-99.187724
-98.130403
-105.509853
-103.308079
-107.158221
-109.978838
-93.386460
-113.580798
-97.774534
-103.804503
-109.193263
-103.548260
-109.269112
-98.547062
-96.297620
-99.167141
-92.728619
-95.830042
-96.541078
-96.496084
-114.949389
-100.494991
-116.111184
-106.635835
-112.911294
-112.445723
-112.997884
-103.897188
-104.561898
-79.301010
-94.682166
-78.987781
-100.910548
-107.451939
-121.975789
-127.932855
-133.610673
-129.066760
-138.322166
-125.894699
-132.269545
-115.144161
-120.565691
-107.363951
-87.818137
-85.448076
-90.233159
-84.240667
-98.460684
-77.978211
-79.383212
-72.253445
-79.274778
-100.751675
-104.117835
-122.983244
-132.596302
-129.165716
-127.211315
-122.940866
-116.298350
-116.050801
-97.743823
-105.363552
-99.087437
-110.591497
-110.019479
-113.565058
-114.624228
-123.222576
-116.534617
-136.963781
-116.848189
-135.968149
-129.944596
-133.739056
-127.330069
-127.241104
-126.146564
-143.691426
-131.731762
-142.714642
-136.338381
-139.726452
-135.167659
-133.175832
-130.940121
-135.867052
-124.399768
-129.131231
-119.352859
-128.254923
-132.804186
-135.057239
-138.651308
-135.169766
-142.800348
-137.020581
-130.629928
-124.324380
-112.012273
-108.699232
-118.248500
-106.526034
-121.646401
-108.345649
-113.412530
-102.832153
-104.122506
-101.101226
-106.368466
-97.426376
-105.668186
-88.948870
-102.638651
-87.348028
-87.241935
-77.380812
-75.056193
-60.021039
-70.465255
-56.436500
-62.095290
-53.390528
-71.570122
-65.269855
-74.861007
-75.227035
-76.580878
-71.485375
-81.726068
-69.595202
-74.363088
-77.492342
-81.585718
-83.000928
-80.289787
-82.132398
-84.558670
-81.151010
-96.940298
-103.725133
-106.133871
-121.431283
-109.118320
-118.342962
-106.188933
-110.640963
-113.727582
-111.850785
-108.185948
-115.883005
-103.786326
-125.368867
-106.623310
-116.405377
-112.082277
-118.730841
-113.395581
-127.368132
-117.965319
-133.186783
-120.255726
-132.698808
-123.284534
-131.674180
-138.224165
-140.722048
-144.280403
-155.681059
-139.378403
-151.389523
-132.531487
-135.381088
-126.947432
-128.011959
-129.038736
-127.356550
-128.727937
-134.327918
-118.392513
-114.543985
-109.272743
-96.721933
-107.173369
-86.140138
-89.391644
-85.391167
-97.460759
-107.086683
-105.469673
-106.553880
-107.156092
-92.010771
-115.671092
-95.825677
-120.339350
-124.658146
-118.819164
-117.753738
-127.882859
-121.928754
-146.181489
-137.269473
-159.231475
-149.339647
-163.171555
-163.243987
-165.996391
-170.692444
-172.396079
-147.433832
-160.542168
-125.655559
-129.529064
-131.122245
-122.682002
-139.534685
-136.022989
-138.961558
-155.418525
-142.742810
-169.289605
-158.355965
-163.013539
-176.333559
-155.195887
-158.803304
-130.415512
-123.468043
-120.796104
-111.903728
-114.750159
-133.048994
-131.848995
-153.870939
-133.339700
-148.778631
-149.063559
-144.398752
-149.538234
-148.657780
-134.564083
-145.980148
-113.894163
-131.860298
-114.846624
-126.033172
-127.464699
-126.771779
-126.885481
-132.244817
-116.558902
-135.549152
-117.406442
-130.990768
-128.612188
-117.740208
-124.836450
-115.685484
-109.263542
-117.698867
-96.752925
-102.377974
-94.939392
-90.380266
-107.917524
-114.979336
-129.716904
-129.107262
-137.988606
-160.211805
-161.482737
-167.798381
-176.991665
-170.055218
-192.693803
-172.918018
-182.758946
-166.242859
-153.748463
-150.705062
-138.608520
-129.926196
-152.559951
-128.510325
-158.135939
-160.221882
-172.132211
-171.260172
-163.864575
-174.676312
-177.148074
-161.041226
-174.314179
-148.635597
-167.348251
-159.109235
-155.550917
-167.218925
-166.169660
-176.295610
-198.610289
-185.876459
-204.043273
-189.911244
-188.742095
-179.989195
-164.823319
-173.338364
-163.162048
-166.760994
-175.405056
-157.964794
-165.515045
-171.018613
-167.527100
-188.283024
-171.890706
-192.596545
-187.316569
-177.915775
-172.532707
-167.048006
-163.529343
-166.461502
-144.215658
-182.220818
-165.934872
-179.939846
-173.950088
-172.142056
-171.869609
-182.059417
-172.668160
-181.734527
-159.348314
-182.117167
-171.379818
-178.582174
-178.237066
-162.184300
-166.897715
-170.963623
-162.546907
-178.663611
-164.104381
-171.625069
-171.861371
-159.499778
-175.617589
-178.363020
-177.844924
-179.609900
-161.070216
-158.205859
-155.226954
-147.184122
-158.713081
-129.786507
-138.779151
-136.323729
-130.131576
-127.751287
-124.015740
-129.907276
-155.474810
-153.757033
-190.290992
-168.869838
-184.019228
-179.520282
-173.435766
-172.898346
-174.866465
-172.188367
-173.606312
-133.983637
-156.729510
-144.680503
-147.797992
-149.557706
-143.989079
-151.297490
-158.937644
-158.271914
-182.720494
-171.978164
-179.888699
-170.763869
-146.951219
-140.106353
-127.115829
-130.739751
-132.864325
-109.979055
-117.266335
-129.116155
-142.441050
-161.719909
-148.930916
-161.006679
-144.692189
-143.214293
-140.653302
-130.090358
-122.870402
-127.949086
-114.849367
-135.526278
-114.647334
-126.595182
-116.777582
-131.193978
-141.246716
-154.630015
-146.497820
-155.698367
-132.808656
-141.794435
-118.602931
-121.058710
-118.929730
-115.370499
-118.745934
-130.989628
-122.248153
-146.875508
-140.652217
-156.756882
-162.549122
-161.591363
-171.482226
-160.878466
-163.863410
-170.384597
-152.510170
-157.393272
-146.881037
-139.778330
-145.084824
-124.521645
-143.525680
-139.454841
-146.107134
-169.275444
-183.903796
-197.524145
-216.729299
-208.357226
-224.926385
-211.172723
-226.945409
-229.965887
-236.214476
-231.693248
-235.134537
-231.451136
-242.301367
-227.331538
-257.776316
-237.886929
-239.517776
-235.092882
-230.433071
-218.248492
-218.702814
-206.340208
-233.991011
-220.088712
-235.648589
-231.714327
-222.469039
-237.719119
-222.308885
-216.595674
-228.072993
-205.334187
-216.464526
-202.481742
-195.620516
-200.972989
-184.267055
-204.386811
-201.358901
-213.580047
-229.225964
-228.484688
-230.055173
-228.784068
-216.783176
-233.728567
-205.279100
-209.333001
-203.208721
-194.809709
-200.599482
-200.480904
-195.703975
-220.268160
-197.812270
-225.418898
-205.353055
-211.850360
-222.742675
-224.330462
-222.289590
-227.417160
-199.023210
-221.023970
-205.531720
-218.989286
-220.971657
-221.965504
-228.525198
-231.515473
-232.724894
-254.626933
-240.448662
-239.370063
-233.211122
-231.447585
-241.136274
-232.319946
-262.498718
-262.389029
-262.616217
-275.954997
-262.168270
-249.569854
-233.970707
-220.367522
-231.480547
-193.640070
-202.498817
-186.291901
-179.880147
-186.831355
-196.623655
-190.457812
-212.355602
-189.426792
-210.941189
-190.643716
-189.593384
-194.600133
-190.302461
-193.550145
-206.399974
-183.227335
-210.731852
-193.989337
-213.267788
-222.999587
-232.076994
-242.648746
-230.422361
-223.209042
-239.649351
-215.810182
-221.624669
-206.779161
-204.948385
-219.412815
-193.998876
-204.339912
-204.949731
-191.490805
-195.908789
-193.121858
-198.292948
-206.408966
-189.120464
-200.808583
-178.999264
-180.993742
-174.133234
-172.784660
-176.497997
-184.180184
-172.503266
-188.985795
-170.243237
-193.469896
-176.212929
-181.099439
-183.668491
-175.576098
-168.668975
-171.057018
-149.879395
-174.358694
-150.470595
-157.898812
-151.281489
-156.824128
-161.157468
-152.581519
-155.150850
-167.255520
-143.516276
-154.486640
-151.960990
-152.524904
-153.739430
-132.514015
-132.181851
-124.450799
-114.995722
-120.275459
-113.433428
-126.743788
-122.394215
-122.978684
-146.743549
-132.198134
-152.803834
-165.653174
-168.746502
-164.925979
-163.917631
-149.906020
-162.273569
-140.772602
-155.895437
-146.068792
-162.209576
-162.703999
-166.215137
-159.623104
-155.387546
-144.840495
-169.319716
-143.668791
-161.065134
-160.608392
-159.408446
-162.673704
-170.770539
-166.717131
-174.468978
-140.054859
-142.824186
-130.091512
-133.470677
-132.181813
-111.817869
-116.811996
-123.322896
-144.784255
-175.243820
-182.226620
-191.554954
-200.727599
-204.298337
-226.244359
-217.091183
-227.844554
-222.881980
-219.471343
-218.601825
-210.923394
-193.414762
-185.007315
-148.088970
-164.852140
-149.259739
-160.912938
-163.860618
-171.398217
-173.570416
-192.374835
-190.656368
-214.060507
-204.225187
-225.517575
-216.538329
-211.698642
-198.384893
-191.254992
-172.622788
-177.946423
-156.518329
-174.602910
-175.043695
-185.731739
-185.121783
-198.877322
-204.134432
-209.275118
-212.041682
-221.076728
-223.244528
-232.648633
-228.527321
-220.930313
-224.256673
-219.454083
-223.681199
-220.591243
-235.917520
-250.308960
-264.114922
-267.441660
-288.530569
-284.807865
-298.563779
-282.932051
-283.071721
-266.580397
-274.566299
-272.409698
-277.545595
-265.068931
-279.082114
-275.280526
-309.898666
-303.108261
-311.570255
-305.130019
-302.571452
-291.601395
-278.325254
-261.051392
-263.004048
-247.102202
-256.572981
-247.939632
-262.240500
-270.607357
-272.145149
-280.610814
-292.482122
-282.148599
-283.824427
-289.824945
-295.816824
-304.158158
-295.938038
-300.674241
-285.409287
-276.328054
-280.028629
-284.139274
-286.755952
-298.031042
-288.740633
-305.048217
-295.018448
-305.548988
-289.678419
-290.807454
-279.533891
-274.128174
-258.874827
-273.679453
-249.240448
-257.545801
-240.028126
-252.805110
-257.399399
-260.123297
-257.800087
-268.481395
-256.241207
-271.120212
-258.558345
-266.178271
-259.389379
-256.050171
-255.430189
-253.605707
-247.533448
-258.210083
-254.709560
-271.945609
-268.560417
-275.053927
-289.626846
-276.174385
-271.477813
-263.655824
-260.693424
-259.749882
-258.952989
-260.350564
-269.398333
-265.726567
-291.724906
-280.778972
-290.321470
-289.472607
-295.195049
-294.697259
-290.844027
-269.063442
-280.670448
-261.742484
-274.621615
-263.989190
-273.079938
-270.105016
-271.335330
-272.335262
-279.927616
-264.516752
-280.243878
-266.108929
-273.946467
-271.412789
-270.474950
-268.511552
-266.303622
-262.857555
-276.780470
-261.699050
-270.173697
-275.384158
-278.246566
-288.345652
-278.876703
-281.959009
-290.288505
-276.456823
-274.695676
-262.277328
-258.963689
-262.949560
-247.889194
-262.906325
-254.955948
-263.618785
-266.044241
-272.417335
-280.364694
-291.721824
-271.870724
-284.482523
-268.933707
-285.841600
-270.217847
-263.302865
-263.696540
-258.094695
-245.091398
-248.721108
-232.456201
-250.865266
-233.235374
-249.035001
-248.477763
-249.818916
-255.030160
-259.866425
-246.049111
-259.831371
-235.550644
-247.316738
-241.344349
-235.662921
-250.431288
-236.097227
-249.774488
-256.158577
-248.749034
-263.675745
-262.599422
-268.388066
-278.557534
-267.856940
-288.243596
-273.920073
-290.390346
-295.836644
-285.482228
-279.849555
-278.562883
-265.827765
-287.856501
-259.007211
-287.067118
-284.425510
-298.404062
-299.466225
-291.450687
-283.802880
-292.763461
-272.541202
-290.084098
-265.735383
-271.768840
-264.719417
-263.000340
-262.005344
-269.309007
-278.517289
-303.136050
-290.962788
-311.430014
-308.861569
-312.336586
-314.805113
-296.160802
-294.108359
-292.672436
-277.773992
-291.297258
-275.634737
-283.490847
-289.450272
-282.932117
-303.914857
-292.909891
-302.294767
-303.702618
-301.316766
-315.252888
-317.111330
-315.048384
-332.977294
-311.619350
-335.386539
-312.667660
-315.672352
-316.536780
-321.105796
-328.193380
-346.031847
-321.815050
-346.072378
-321.975827
-335.650039
-328.858104
-320.116252
-329.598581
-325.057550
-306.133310
-326.152780
-315.635263
-334.923505
-323.694379
-326.221947
-337.877773
-327.363564
-331.713507
-329.929199
-323.360223
-342.276262
-326.150402
-330.158203
-333.251081
-320.001605
-341.776668
-326.662405
-330.001299
-326.547348
-315.658458
-316.595034
-301.392392
-291.038199
-305.052053
-279.189084
-297.935382
-286.381200
-293.951134
-301.773472
-298.244945
-288.998925
-301.399394
-295.126027
-322.489508
-296.392577
-312.618962
-309.430047
-316.778396
-312.097840
-314.659980
-309.485845
-316.152704
-290.648159
-308.188968
-306.957329
-313.478887
-324.084581
-313.351160
-320.047889
-328.488931
-319.220117
-330.188534
-312.509750
-317.945758
-318.854847
-301.548544
-320.673648
-317.183088
-334.112346
-330.899124
-316.711155
-321.598915
-312.460280
-308.005610
-318.238952
-300.269199
-324.503270
-315.205539
-322.978578
-321.792815
-323.027912
-329.992321
-333.912602
-315.625238
-330.063619
-299.960069
-314.701398
-297.991957
-291.883806
-285.139854
-281.407871
-276.680578
-282.127263
-266.178237
-287.150755
-272.907898
-280.246635
-295.165545
-294.114981
-304.367319
-298.962374
-289.109069
-302.271830
-275.952868
-288.887075
-290.103262
-280.962373
-288.391852
-280.560703
-295.543426
-295.737344
-294.004469
-324.557259
-323.558962
-312.500173
-317.128364
-289.752819
-298.382422
-284.740367
-286.571670
-285.218133
-268.977793
-269.226104
-269.765349
-255.636041
-279.841359
-253.339293
-278.621807
-274.089409
-287.382079
-289.572171
-284.297185
-277.518187
-276.457557
-252.257891
-276.451570
-262.053081
-267.802994
-262.030949
-260.582752
-275.424572
-283.031892
-284.285522
-298.064555
-284.032327
-300.395078
-295.672470
-289.522358
-295.710269
-275.982371
-287.876051
-289.021639
-275.501626
-282.652218
-277.645277
-288.758627
-302.121243
-277.972157
-285.960882
-270.829354
-281.300857
-277.210144
-274.136833
-268.001361
-260.516574
-257.406280
-276.118057
-241.504380
-249.130153
-234.255097
-241.581114
-246.070722
-249.236051
-260.498681
-273.585793
-259.838353
-306.099240
-292.649845
-303.399049
-296.931267
-284.844580
-284.114937
-281.164923
-270.609505
-274.184866
-238.436828
-249.231644
-242.970602
-243.074795
-261.516063
-257.783990
-278.256982
-273.212454
-265.500535
-278.720650
-274.623402
-272.682286
-267.971395
-251.922272
-265.229649
-244.119078
-249.708001
-256.237726
-268.385940
-282.290154
-300.910940
-302.900669
-324.948507
-305.654304
-318.077944
-305.395890
-303.117991
-304.456201
-294.078982
-285.995717
-304.252358
-294.772477
-316.311503
-305.474063
-324.727971
-319.064666
-314.035003
-316.958503
-314.349149
-301.398952
-301.434544
-281.463441
-288.098822
-270.691670
-275.720189
-284.351914
-284.515097
-299.856599
-304.864333
-303.067545
-313.466152
-309.438274
-315.309075
-307.956861
-276.882096
-285.570248
-267.875237
-264.249692
-260.938390
-258.170293
-269.262675
-268.228348
-260.056889
-276.316374
-257.999579
-277.317894
-262.158831
-277.302281
-277.733993
-275.159916
-266.600078
-269.448168
-251.809523
-267.044273
-238.346834
-255.906176
-248.283463
-250.691031
-258.604176
-263.829396
-257.787230
-270.628282
-259.027856
-270.338874
-255.317140
-262.342517
-263.911787
-259.435052
-266.883062
-269.177557
-262.099694
-266.752278
-255.159920
-266.349337
-260.600380
-254.541436
-266.045656
-255.752982
-272.087855
-271.962004
-277.039360
-286.583460
-285.404368
-281.381515
-285.039225
-254.054172
-270.728532
-236.953473
-243.440075
-233.630792
-225.702483
-232.312105
-240.727219
-231.001427
-256.948946
-246.335393
-275.101503
-263.975955
-269.611230
-264.526951
-258.520783
-260.666208
-275.474403
-258.088955
-281.257839
-274.041567
-274.591747
-271.439674
-268.704646
-269.779461
-269.479410
-267.740235
-284.643027
-271.679963
-265.927739
-264.596027
-260.705192
-271.354149
-267.338441
-277.369089
-275.985443
-276.543698
-286.395914
-281.809265
-278.116550
-294.886813
-278.819743
-289.840088
-275.285077
-279.442418
-275.883765
-278.345025
-284.408452
-292.297278
-280.143371
-302.628695
-285.284544
-301.122367
-293.763752
-309.605506
-319.240119
-317.737430
-308.954068
-314.587489
-294.804566
-314.580274
-297.324550
-303.375072
-303.341812
-295.501067
-303.087555
-308.005913
-301.213135
-313.471933
-306.611714
-327.507196
-329.832887
-323.644046
-337.747777
-323.598874
-317.062888
-312.751041
-308.644363
-325.093508
-325.757788
-328.450093
-343.558228
-332.163762
-352.863331
-339.386245
-355.763350
-362.490777
-362.864056
-372.036615
-376.106578
-362.110498
-380.999512
-352.620832
-357.967762
-341.701100
-336.620267
-330.972968
-324.800443
-308.207858
-316.346772
-303.580950
-328.871757
-318.058154
-334.045683
-339.754213
-334.649896
-340.013708
-343.150501
-340.963443
-349.940607
-335.378898
-357.101196
-353.048661
-351.420365
-363.723989
-354.548523
-360.032834
-363.611880
-363.885329
-370.076198
-367.590980
-367.872199
-375.379490
-363.285578
-384.273515
-383.105305
-394.907017
-402.584859
-405.686534
-398.819655
-398.033588
-375.881092
-385.837103
-362.152895
-375.229275
-367.512453
-372.993298
-386.889490
-392.305616
-390.411370
-405.794964
-383.745972
-406.739060
-384.888971
-387.160125
-368.486100
-350.652255
-352.781360
-354.199064
-348.168519
-364.128070
-345.272910
-363.114885
-356.101673
-360.595831
-374.205624
-373.543134
-387.555591
-384.282768
-362.787395
-362.544714
-344.432827
-338.772445
-341.173905
-328.541083
-343.164563
-315.322187
-323.559515
-328.717577
-322.803232
-336.767628
-340.444584
-324.648493
-336.872925
-321.268064
-335.683227
-321.285560
-320.252088
-323.855726
-317.367489
-318.451503
-336.213846
-320.062653
-346.777296
-329.796258
-341.140640
-342.621970
-344.166602
-343.514080
-345.419363
-336.285869
-345.566204
-328.933572
-343.621328
-335.141443
-332.797731
-342.393862
-340.150180
-353.630490
-357.662767
-357.583739
-384.922608
-382.293413
-380.548202
-383.788481
-359.270461
-367.356371
-358.860030
-359.101308
-351.960230
-344.847818
-340.703972
-350.441324
-345.873310
-362.534835
-333.553816
-347.924659
-338.457454
-337.081532
-352.096591
-355.313007
-354.233740
-372.122891
-335.673724
-354.243706
-330.118337
-343.047174
-353.819861
-346.983492
-346.918548
-353.908935
-358.319723
-390.529651
-372.689093
-387.840496
-375.512877
-371.512012
-361.920138
-341.979240
-335.731126
-328.836821
-316.589930
-338.457889
-323.834112
-331.485967
-350.018561
-329.175963
-353.846472
-343.450220
-344.146896
-342.327889
-328.957997
-339.335378
-331.081017
-317.839691
-334.582171
-320.726227
-341.998878
-336.297119
-335.325036
-334.989637
-342.603060
-341.764379
-354.011242
-330.618312
-353.967038
-329.457747
-347.331795
-341.393172
-333.683727
-338.655378
-338.981845
-323.220081
-343.892928
-331.731091
-354.631684
-348.590230
-348.078099
-354.256605
-343.793382
-338.839770
-346.154537
-333.440950
-342.181098
-329.917714
-331.306028
-337.668215
-330.284388
-349.627853
-339.830174
-352.959743
-363.450827
-355.742883
-375.557211
-378.228986
-370.336795
-389.726998
-367.038934
-381.195082
-365.459496
-377.023433
-387.216246
-380.122362
-383.690158
-395.973005
-384.302160
-417.517902
-399.947535
-409.217380
-399.178213
-387.824595
-389.672896
-399.654779
-377.744865
-392.219163
-367.346723
-388.574369
-376.479086
-380.511137
-386.076236
-381.288508
-390.931508
-394.378187
-394.211604
-413.672197
-393.652238
-391.151105
-381.861268
-379.343846
-385.780253
-373.381985
-375.565946
-375.039957
-368.713055
-379.491117
-371.133555
-350.521627
-365.904378
-340.176830
-355.873636
-341.012910
-345.552800
-353.040591
-361.322529
-366.496844
-379.526912
-365.269549
-392.324884
-365.543886
-371.842439
-360.208432
-356.185716
-351.933989
-341.063258
-333.300080
-355.988715
-334.831524
-356.658076
-356.005155
-376.476451
-379.840378
-372.646939
-371.252030
-363.903696
-339.845332
-349.604879
-327.499555
-331.131109
-326.600417
-315.675470
-321.858184
-310.249868
-313.864381
-323.157829
-325.189070
-346.222615
-361.674042
-366.949161
-374.650076
-353.547317
-372.570951
-377.738760
-378.030555
-372.952911
-364.852500
-365.267298
-374.187013
-357.386304
-376.042467
-344.689341
-352.983137
-349.364128
-359.494307
-371.461904
-370.744762
-358.005113
-371.715609
-352.950761
-374.501928
-356.984846
-361.226997
-360.227126
-353.762190
-353.542283
-353.994031
-342.865476
-349.552011
-319.350936
-316.065397
-310.545994
-305.522302
-311.331824
-303.977037
-309.055798
-316.170308
-305.134836
-314.093481
-300.544230
-299.797447
-310.937563
-290.691974
-297.257509
-278.875130
-286.236512
-294.476720
-292.565128
-293.812108
-303.066789
-293.127526
-319.761072
-318.135002
-345.106665
-340.256513
-340.829390
-329.104634
-325.407018
-316.861435
-332.445755
-301.448099
-316.818804
-298.871149
-300.466396
-313.727664
-316.488986
-318.926373
-322.817148
-308.480871
-326.161405
-311.317049
-329.481964
-323.741428
-316.438203
-323.536509
-318.034953
-316.600256
-319.417008
-307.453770
-318.679382
-309.523207
-307.934162
-328.629141
-324.902112
-341.553833
-332.423412
-328.197511
-320.330773
-314.811201
-304.864692
-310.229873
-287.135794
-301.126994
-275.914620
-281.187779
-266.546129
-265.345924
-262.856692
-265.838396
-265.604973
-292.701700
-284.493088
-305.421666
-288.981403
-308.081365
-309.716104
-307.978111
-313.673888
-312.848385
-300.483244
-319.803944
-300.881884
-311.291864
-302.604891
-309.487612
-315.737367
-308.500340
-311.053406
-322.255630
-310.346981
-313.487811
-299.145552
-296.628307
-297.718041
-285.149330
-291.248383
-278.806398
-279.925396
-283.369236
-280.880799
-281.171449
-282.419368
-272.854733
-285.663934
-265.399369
-276.579976
-263.906072
-266.542436
-264.753209
-268.486507
-260.839882
-273.122417
-260.659786
-276.863486
-253.224116
-257.812224
-246.251307
-246.772127
-240.598435
-239.178738
-232.347207
-243.065386
-223.209735
-231.857359
-216.121219
-226.821692
-237.200832
-240.784114
-241.332017
-242.091595
-240.317633
-257.917301
-253.311439
-260.550169
-259.202187
-247.879745
-253.064714
-240.700394
-238.109617
-234.060473
-235.200660
-235.391818
-242.347893
-236.504293
-245.002014
-233.946926
-243.805187
-232.499056
-251.089593
-250.886048
-256.166591
-255.899478
-258.252543
-237.487136
-251.808567
-225.542733
-224.109337
-209.905203
-212.934513
-212.883938
-226.072558
-226.346497
-250.589163
-247.288367
-264.036059
-261.588177
-266.961968
-257.436734
-244.362044
-227.376923
-231.792422
-221.045386
-226.372311
-212.472090
-220.710913
-228.800936
-230.296421
-250.270173
-252.445205
-276.152238
-285.337862
-284.398956
-287.058221
-278.165229
-270.684128
-277.254527
-256.187629
-260.950542
-246.743367
-252.047769
-251.708412
-266.139323
-273.026528
-283.558827
-271.307186
-294.588112
-278.462652
-291.853017
-272.815437
-276.403257
-266.717225
-265.340788
-247.043607
-257.660700
-245.355940
-264.265482
-251.487964
-262.817467
-261.331450
-268.083576
-267.008017
-276.869769
-263.891477
-273.436358
-264.024555
-266.672662
-271.356507
-268.198880
-272.004583
-264.920942
-270.800156
-281.177091
-290.374768
-307.346560
-320.504963
-324.133235
-328.585513
-303.805751
-303.948114
-289.328164
-279.232589
-275.873013
-289.559802
-293.132929
-298.881107
-301.560974
-321.751628
-317.163296
-333.146583
-320.676446
-323.918956
-307.554107
-299.368860
-289.342368
-299.764344
-267.582082
-277.956036
-259.760702
-266.514489
-262.825037
-263.419708
-269.196535
-270.825870
-261.428042
-273.664574
-257.361975
-261.793022
-245.271101
-243.340378
-241.380817
-237.179971
-243.485055
-246.735879
-244.921797
-260.399251
-262.849282
-260.558896
-264.927277
-249.108675
-265.433321
-256.901082
-259.381389
-254.135133
-253.260884
-243.200957
-240.343211
-223.908109
-241.551185
-221.683244
-228.595442
-214.771525
-223.451735
-215.148163
-219.159100
-213.525033
-226.347657
-214.659562
-233.095613
-213.024336
-215.959011
-206.177750
-207.425677
-208.253264
-216.334984
-211.002010
-225.225769
-219.302170
-235.021088
-242.583600
-261.250574
-262.513079
-257.558596
-249.594360
-241.232321
-238.167330
-238.685667
-232.150615
-236.908429
-239.345088
-228.996488
-240.948015
-230.655547
-235.559271
-240.826527
-238.115335
-224.803578
-219.201315
-189.885614
-188.132944
-174.499137
-187.650687
-174.269074
-178.951758
-169.801061
-180.055048
-180.907101
-203.066675
-198.257238
-221.065975
-215.612863
-226.572414
-209.948764
-210.873461
-198.532818
-193.063140
-178.244307
-188.521087
-182.607459
-203.047213
-203.651328
-222.235661
-228.376715
-229.140599
-215.594807
-202.514856
-192.060025
-193.847617
-189.948311
-189.204465
-184.535330
-178.984623
-185.934098
-182.559485
-189.010316
-193.171887
-206.528316
-215.343125
-224.287936
-213.115945
-230.047147
-214.870750
-231.678693
-214.465592
-221.528976
-227.054885
-235.944914
-229.018782
-244.306081
-231.380177
-246.724414
-233.577517
-239.782121
-220.945437
-217.363132
-198.725180
-191.199803
-178.443832
-185.596311
-170.195606
-193.523579
-181.419370
-192.522065
-194.979353
-203.222102
-199.420342
-198.580739
-190.413981
-188.947339
-178.907331
-172.719243
-170.764706
-171.348711
-184.202447
-177.410287
-188.569448
-192.800267
-191.679479
-196.217092
-196.747025
-187.743685
-192.177354
-174.146824
-182.817560
-167.226810
-169.957760
-167.793133
-179.895829
-171.979204
-184.160775
-176.866463
-215.003562
-210.804711
-232.987880
-229.518715
-240.136569
-236.923398
-242.065638
-239.633836
-246.557114
-224.075625
-230.982834
-227.421791
-230.405114
-230.425791
-239.574389
-250.571665
-258.961372
-252.883927
-265.144551
-263.638144
-264.256675
-263.987845
-257.194071
-261.839590
-254.428588
-247.087533
-240.650888
-245.186802
-266.121769
-278.097486
-278.526022
-293.185242
-278.194799
-291.517192
-279.097898
-266.834836
-262.583511
-267.720526
-261.156919
-265.989605
-242.000316
-254.276996
-242.236327
-259.657261
-249.266503
-251.876158
-239.135572
-236.716731
-225.921227
-241.612847
-228.254806
-249.216865
-243.374504
-250.428585
-244.198789
-240.087131
-238.498924
-240.012500
-225.154119
-226.105845
-209.227776
-217.169172
-219.043282
-203.914276
-209.176468
-211.651169
-205.076063
-201.013149
-199.931843
-202.597187
-207.227822
-213.429813
-235.796004
-215.409043
-220.753618
-208.187731
-204.724781
-196.775280
-197.409714
-198.500136
-216.035813
-206.760242
-218.381949
-206.494825
-219.588328
-214.494563
-227.864060
-218.815171
-221.329634
-197.873284
-204.352392
-191.892655
-206.604418
-196.012539
-200.860624
-210.912440
-213.616224
-203.693876
-211.432580
-210.259232
-230.089583
-210.072202
-207.634612
-209.672653
-211.650791
-219.004588
-211.014767
-204.671446
-214.689520
-204.929271
-205.922021
-195.368716
-189.068248
-206.077025
-197.693778
-204.130405
-193.509847
-207.597946
-218.043972
-227.185949
-234.564530
-244.326293
-236.694109
-257.223628
-235.832429
-242.408933
-231.355906
-227.870907
-227.700652
-229.853402
-209.745712
-225.528438
-205.836260
-217.915536
-209.804823
-218.960525
-217.259191
-213.153874
-206.608281
-205.401743
-195.326129
-200.892879
-181.975935
-189.595899
-176.156715
-173.701271
-183.006628
-183.619950
-184.262011
-202.516988
-203.214367
-211.309258
-211.377507
-206.846568
-209.290399
-191.935934
-185.014566
-163.953974
-162.790726
-165.183637
-163.091704
-157.836849
-175.793496
-178.096516
-212.849242
-208.261657
-229.394715
-234.783464
-247.736960
-242.445430
-236.849767
-223.983993
-233.282223
-211.603689
-225.878348
-206.508336
-219.683809
-223.622580
-233.991384
-243.049815
-256.924116
-246.888498
-260.623005
-241.055827
-250.270529
-247.782966
-244.339948
-250.792443
-247.580972
-243.869042
-246.358659
-232.233289
-248.040394
-245.408863
-252.584480
-269.342803
-252.266569
-266.860681
-252.736884
-245.374059
-246.389074
-231.048776
-227.383142
-232.702949
-210.722129
-229.876070
-213.873278
-230.975155
-216.900851
-219.394469
-233.427764
-232.292264
-227.961482
-244.134502
-224.309384
-250.573487
-244.333188
-244.264643
-232.214532
-229.271319
-220.954458
-219.424497
-189.736865
-200.413082
-182.355504
-189.305213
-187.011652
-194.691867
-203.737971
-197.211249
-203.913219
-216.082499
-207.466874
-224.489779
-214.999570
-214.313984
-210.960020
-184.377002
-186.333704
-170.039287
-167.254619
-178.020937
-183.170593
-205.606281
-217.996695
-212.327099
-237.865200
-222.387190
-230.057728
-225.148595
-219.861966
-216.611523
-210.312003
-204.779004
-220.842876
-204.453280
-233.526944
-219.976922
-235.666832
-242.381151
-249.552701
-270.897644
-275.231279
-253.939505
-265.430999
-231.260979
-240.684812
-227.631068
-225.864904
-231.864307
-230.553651
-230.126820
-238.087108
-228.150044
-259.293468
-257.170191
-268.033081
-276.682690
-262.486846
-267.024203
-258.197269
-247.262795
-243.574709
-231.847440
-239.005441
-243.212858
-241.419348
-257.723182
-243.259111
-269.780714
-272.049436
-289.105999
-301.830304
-299.132656
-291.901865
-301.321205
-268.604289
-281.996201
-249.029574
-249.140515
-241.123077
-226.785380
-224.393389
-231.853155
-222.106951
-253.763182
-236.253841
-253.607404
-246.590365
-242.696538
-246.118986
-234.737751
-225.471131
-227.502343
-206.286403
-217.535219
-209.033990
-228.739902
-233.476665
-230.293917
-253.068897
-249.230299
-237.356219
-240.138512
-228.343580
-235.001508
-225.399248
-213.174205
-225.505921
-199.109912
-220.881799
-227.183012
-240.068388
-255.362413
-260.100895
-253.798155
-255.885461
-237.609786
-251.829753
-214.599503
-209.684296
-193.559129
-178.763436
-177.679386
-182.390185
-170.752173
-192.963566
-177.122220
-202.131059
-195.465590
-194.572779
-195.802389
-195.996807
-196.061990
-201.128824
-168.916994
-176.515695
-158.679834
-163.208581
-157.678134
-150.066681
-168.679283
-166.520611
-169.824350
-187.189107
-180.181812
-192.081674
-198.156656
-195.351500
-207.994346
-182.401616
-194.956024
-186.524056
-188.647836
-197.003369
-196.514186
-201.808818
-207.628518
-190.132590
-209.361533
-189.800120
-200.269294
-193.084133
-196.469742
-203.876914
-209.736842
-196.246106
-219.177433
-202.504152
-216.635475
-204.935900
-206.515337
-209.484081
-204.085596
-199.381221
-209.089295
-192.724252
-207.703169
-195.968623
-206.711861
-208.152666
-206.120507
-206.505558
-195.039561
-190.241607
-197.335310
-189.504922
-199.861818
-188.494128
-175.816665
-189.314407
-167.677498
-179.138370
-171.816822
-161.571636
-167.242757
-157.422876
-158.744393
-167.642796
-149.019319
-175.934228
-149.981892
-161.503235
-158.682221
-155.627636
-153.689435
-146.872094
-134.860359
-166.657182
-144.556579
-176.970511
-162.565972
-164.533469
-171.130369
-172.388908
-175.102228
-179.117221
-149.933746
-173.062088
-169.123904
-188.353566
-192.818392
-194.844451
-210.180720
-213.160645
-208.185603
-212.679569
-189.042929
-202.916792
-200.769693
-197.365737
-202.872556
-182.507190
-199.351120
-193.669459
-197.359423
-206.734550
-205.157332
-205.635800
-200.470410
-181.041598
-201.035186
-172.569315
-184.109715
-186.687339
-178.343499
-168.464600
-161.988524
-154.517540
-161.512194
-138.965298
-159.118209
-151.161212
-161.872337
-159.889299
-151.513148
-155.708122
-163.401585
-143.179300
-168.678691
-150.516177
-158.501635
-155.186097
-153.162035
-152.418217
-140.429022
-135.569044
-140.727800
-122.210985
-140.819977
-130.526752
-133.489995
-137.632064
-118.218927
-129.787566
-129.480565
-134.352656
-148.294659
-134.406011
-135.606960
-139.365274
-123.582952
-146.970146
-124.751305
-136.257787
-132.296393
-133.872997
-143.453942
-152.824986
-164.709652
-194.797016
-183.389645
-219.873397
-196.220272
-188.333930
-182.189145
-178.093580
-168.313916
-162.523036
-147.111561
-165.131374
-141.476276
-154.165340
-154.771341
-169.662791
-185.480033
-181.499942
-184.980754
-193.573317
-185.559802
-195.062397
-174.328465
-174.939805
-173.918118
-160.067129
-173.133989
-159.069280
-167.080907
-176.780071
-175.079360
-196.620877
-197.380617
-185.309010
-206.169908
-184.886664
-194.030459
-188.458861
-173.941365
-171.547724
-157.518995
-147.140262
-163.548935
-136.484985
-162.470056
-162.152780
-182.463263
-187.163779
-188.041645
-182.877060
-181.012900
-167.658639
-193.437735
-168.796867
-185.305692
-165.338297
-164.222181
-177.205500
-168.559151
-165.853875
-173.153168
-161.874348
-180.549330
-165.281347
-179.655541
-193.809243
-182.190730
-202.407543
-197.132423
-198.307992
-205.452549
-184.289728
-190.756520
-190.943686
-188.868164
-205.873038
-181.912860
-201.628806
-194.883489
-192.913753
-202.440202
-196.812999
-204.627705
-223.686233
-193.032641
-205.117288
-174.517619
-182.201747
-184.980659
-180.138802
-180.844897
-183.265848
-170.309738
-190.346924
-166.244317
-193.467931
-184.170293
-187.059777
-189.079704
-178.717472
-174.282898
-181.521301
-177.240860
-200.757546
-189.618726
-194.452140
-198.038192
-195.504295
-217.531327
-210.561999
-201.815819
-204.154521
-181.241214
-182.761423
-174.329994
-165.101862
-173.645213
-148.409413
-160.551483
-158.062571
-161.538703
-164.212549
-166.562301
-170.431882
-187.330277
-166.613064
-191.547612
-173.623226
-180.057415
-172.426415
-158.835513
-154.779184
-150.024093
-131.350433
-151.544574
-138.839585
-165.472514
-162.257597
-183.419752
-196.397214
-190.608941
-188.807192
-194.830357
-178.317099
-197.001707
-168.750005
-183.707507
-180.327726
-173.427170
-190.027915
-181.174401
-178.814301
-184.582304
-173.025407
-184.448739
-179.797646
-179.055191
-179.750508
-161.034265
-182.105058
-169.730018
-167.800739
-178.539137
-173.087438
-173.575835
-184.796832
-163.871069
-191.126836
-171.174983
-183.615526
-173.369437
-165.612739
-166.187902
-165.587606
-143.240073
-158.159673
-139.993248
-166.934630
-153.320282
-163.936237
-171.350041
-171.371761
-174.356729
-178.883380
-161.383727
-179.557774
-157.895899
-174.792920
-175.345003
-174.088816
-181.318632
-179.603330
-173.228881
-186.095286
-171.484038
-191.529916
-192.720937
-190.209932
-201.566371
-179.357252
-194.714556
-186.497034
-179.997060
-181.507688
-179.329939
-181.918651
-189.906055
-174.101736
-197.502286
-184.032812
-203.762272
-202.103463
-201.157807
-193.038414
-184.295516
-166.269964
-164.445087
-141.842564
-161.171109
-143.940756
-153.793586
-169.986557
-177.630167
-190.484402
-200.565242
-189.486435
-208.168479
-175.923037
-183.400332
-168.172141
-159.111033
-156.518128
-142.839503
-149.082230
-154.763303
-147.183354
-175.788129
-162.732965
-162.854821
-174.556884
-155.474558
-169.770749
-166.065853
-160.936715
-170.630245
-152.539132
-154.892641
-157.685029
-147.050125
-170.115119
-153.197658
-168.427694
-163.902877
-168.951692
-179.179443
-173.626811
-162.249726
-172.882354
-144.185668
-163.271224
-133.966580
-138.170919
-133.884945
-128.666104
-127.361364
-128.037607
-125.521478
-147.931377
-125.978003
-155.507278
-154.233800
-153.718493
-155.161239
-139.449792
-142.478892
-151.244317
-138.802340
-154.564404
-135.325265
-137.974270
-150.874804
-143.106375
-161.041597
-154.398958
-147.399110
-158.071031
-143.749790
-144.036170
-144.932588
-138.059428
-146.350424
-128.225632
-144.889604
-137.384425
-133.743252
-133.440232
-137.640448
-129.510486
-137.621781
-111.698994
-138.145059
-110.096504
-117.996297
-105.060058
-99.033604
-103.069152
-112.890824
-115.002818
-144.613783
-128.944189
-148.877616
-133.276317
-127.800444
-129.120191
-113.921878
-104.759565
-97.087919
-78.705301
-86.558188
-68.560650
-78.244031
-96.304641
-102.867350
-122.079847
-124.407062
-133.237557
-142.342680
-128.818009
-135.685926
-129.946977
-119.931627
-133.308408
-120.817009
-143.304675
-135.862448
-138.121556
-153.486580
-148.035013
-144.075963
-151.300322
-125.647259
-143.670468
-119.055195
-125.708624
-123.395036
-124.510858
-139.688413
-149.598027
-140.022061
-163.284963
-147.415118
-169.857173
-159.113768
-166.308367
-167.917523
-156.845675
-154.243762
-152.994463
-140.648547
-153.592059
-139.707386
-156.089712
-167.038358
-168.607768
-178.559872
-173.862375
-173.586009
-173.096589
-147.472675
-148.343557
-144.209768
-141.420084
-149.860061
-127.205991
-143.374634
-146.656267
-152.437704
-161.175545
-167.032028
-170.823150
-172.320499
-158.527576
-176.354586
-150.830363
-154.143350
-140.272113
-140.434863
-134.164782
-133.831782
-121.668500
-132.924361
-113.056146
-137.311002
-111.403346
-124.321131
-127.024317
-117.256923
-112.295204
-110.977405
-99.841053
-119.897487
-107.610936
-122.503534
-128.230387
-119.241321
-130.750631
-122.873831
-134.684195
-151.401321
-143.879414
-155.317284
-148.367427
-146.676791
-160.458151
-153.952511
-173.754441
-167.449106
-168.858825
-169.504947
-164.972605
-168.433606
-168.578100
-161.283065
-179.689909
-155.800304
-169.233185
-160.609513
-165.837226
-163.106569
-164.733131
-150.226770
-164.650760
-145.053055
-158.945757
-137.395658
-143.407138
-139.254312
-131.909831
-128.089501
-144.260721
-140.347150
-164.247062
-149.690853
-164.694187
-167.496797
-174.063838
-180.908317
-169.994588
-163.939824
-167.011219
-146.796996
-148.699691
-129.057504
-125.040763
-120.162487
-94.779835
-119.308355
-112.982828
-123.669449
-136.493191
-140.349274
-146.850273
-147.745607
-131.647646
-146.271580
-126.589373
-140.805569
-135.824483
-132.894836
-128.980704
-132.610435
-127.639308
-147.618037
-134.471046
-156.912087
-147.874880
-158.850268
-156.901637
-153.150164
-150.119730
-132.817574
-115.855437
-132.053415
-115.640464
-137.392152
-134.030106
-137.896577
-146.754314
-144.943068
-152.504166
-157.532637
-136.491447
-145.053619
-129.331634
-123.715222
-123.631999
-107.625218
-114.763944
-101.320164
-105.419258
-114.947526
-109.779548
-120.643892
-130.159340
-127.471243
-152.033851
-136.092722
-145.148813
-133.749229
-135.008797
-134.962912
-139.230402
-129.231113
-140.594621
-122.103996
-144.580778
-131.791774
-154.436208
-152.514982
-157.177189
-151.848461
-144.598154
-132.041295
-136.884514
-106.217451
-112.365807
-92.843987
-81.070657
-82.446275
-89.557904
-96.306292
-104.614192
-103.468866
-110.478555
-100.617931
-109.382494
-109.241950
-103.994452
-115.784851
-102.625855
-105.469289
-106.939793
-96.755038
-105.299790
-104.284878
-101.156702
-117.055734
-99.684419
-112.954924
-104.034532
-111.622742
-123.528214
-112.429410
-107.190329
-112.199096
-93.353145
-114.356348
-99.111820
-106.716381
-100.131356
-97.988357
-95.880638
-104.632737
-89.860333
-96.642279
-71.300912
-85.860293
-67.107307
-63.651820
-59.389930
-53.890956
-55.569661
-60.217691
-52.605811
-71.492495
-51.544647
-58.646731
-61.499136
-53.580134
-64.463193
-56.064267
-62.380789
-59.094214
-41.470031
-50.860375
-43.756944
-46.916331
-66.125057
-63.122368
-74.610035
-65.616784
-56.253723
-56.321783
-61.976028
-50.512568
-60.780891
-45.680452
-65.690972
-53.627073
-61.716483
-66.928554
-72.838143
-85.635020
-98.257854
-78.594880
-96.695580
-65.623949
-87.034495
-73.936364
-75.495711
-86.899577
-74.425267
-86.627596
-91.352923
-81.105016
-90.865947
-64.520221
-74.778670
-65.159667
-74.810177
-60.771703
-54.069197
-57.112728
-49.279204
-40.343558
-46.142455
-38.317414
-33.726416
-50.750616
-39.823245
-51.081954
-42.900914
-45.508814
-63.583776
-65.020204
-62.714446
-81.627965
-73.881605
-90.344584
-66.853458
-80.398795
-75.978392
-74.014952
-83.615993
-90.974677
-84.045523
-120.219689
-109.361480
-134.961317
-125.263563
-129.124990
-127.789816
-120.266047
-100.586894
-95.079377
-71.554658
-83.752005
-62.286303
-69.526656
-75.336962
-75.494077
-93.584298
-77.504509
-73.185800
-74.318513
-60.053076
-58.457740
-48.331739
-41.125919
-42.327174
-30.471018
-50.525146
-45.501481
-46.028450
-56.188591
-52.920353
-50.370580
-47.981759
-27.601286
-50.077916
-29.325180
-42.879151
-42.313921
-39.619874
-45.062466
-57.708263
-45.406435
-64.353133
-43.171857
-68.429105
-50.198891
-53.641014
-57.844136
-47.048422
-48.680739
-49.170114
-28.419971
-45.556050
-21.145869
-39.587958
-36.189780
-28.792426
-41.637631
-35.719306
-35.789172
-50.013574
-40.447779
-52.170064
-34.585329
-24.140320
-34.485258
-29.888490
-44.101543
-42.672241
-46.737944
-60.022528
-61.589663
-64.247777
-69.827309
-48.680140
-75.049163
-55.089140
-56.987424
-49.886405
-49.614509
-53.850355
-70.005636
-68.689244
-98.545376
-90.097843
-114.301898
-101.777342
-98.793723
-96.483590
-89.119473
-80.986095
-88.756473
-73.910248
-101.472249
-84.307688
-103.529684
-99.705289
-91.517615
-93.218409
-86.726951
-83.421482
-90.384278
-79.236662
-88.339956
-72.920146
-72.841614
-84.656852
-81.663964
-84.617177
-92.168411
-99.889158
-99.795295
-91.469579
-93.323801
-92.120405
-75.229081
-89.524854
-67.695182
-74.028329
-68.969575
-66.819350
-68.290173
-70.640363
-61.839167
-78.574819
-61.503503
-91.879043
-74.837239
-68.443013
-64.164976
-64.077034
-59.631050
-67.972407
-49.138115
-63.412626
-37.253605
-48.123892
-37.057505
-31.155102
-41.922689
-51.005407
-55.264548
-67.890021
-59.306697
-79.046388
-70.008540
-72.383618
-73.432542
-61.809856
-68.268062
-53.203932
-50.731771
-64.659829
-63.271641
-73.122248
-84.118797
-75.721215
-94.290752
-78.909838
-89.890909
-78.763960
-69.120815
-66.998667
-61.913604
-46.028464
-63.864586
-41.111636
-65.869599
-57.782155
-77.078980
-77.249008
-67.257478
-59.565684
-64.679599
-40.927900
-56.863406
-27.687685
-33.036626
-28.259743
-26.074857
-32.728826
-30.311952
-32.310885
-48.922480
-41.162778
-57.075808
-42.690793
-43.609853
-44.848416
-34.085337
-39.272736
-33.170400
-29.129762
-35.585928
-30.026085
-44.708359
-49.555308
-33.433929
-53.740235
-34.370893
-50.535381
-47.428086
-47.963661
-53.993380
-49.117483
-41.929859
-45.606967
-13.735716
-29.450715
-6.443898
-12.789380
-11.097994
-15.048237
-13.384019
-25.581341
-23.101058
-50.979432
-31.884048
-35.412096
-21.961729
-18.089237
-16.961089
-11.580449
-7.566529
-14.081698
2.435926
-17.190627
2.330765
-3.622159
-15.671506
-14.558929
-27.337814
-30.257732
-34.062947
-51.256120
-33.506813
-33.864123
-28.923832
-9.251351
-25.287683
-11.809857
-27.396975
-33.954858
-38.166402
-62.355107
-67.141326
-69.091435
-79.930865
-60.556717
-78.900064
-50.074493
-49.070728
-34.333029
-23.294020
-17.901070
-26.720840
-8.864660
-34.927350
-16.406922
-44.100421
-45.222516
-53.219214
-71.134734
-75.201568
-75.002291
-84.451065
-63.013238
-81.073792
-62.185374
-69.116514
-71.810506
-59.160076
-69.840623
-68.788909
-61.967389
-70.297364
-71.026531
-78.755684
-77.766260
-67.268355
-85.037124
-78.114742
-93.187573
-97.174622
-97.138152
-98.782665
-92.186390
-93.245128
-108.290209
-87.292305
-103.295184
-88.017920
-95.351996
-94.920541
-95.125358
-103.679922
-113.192535
-98.133662
-107.810944
-81.516846
-94.562898
-80.900093
-66.345607
-57.682046
-45.926586
-41.195291
-52.222487
-47.612834
-81.621549
-71.612667
-87.111063
-87.237555
-78.564168
-74.815360
-63.452649
-58.225636
-70.872514
-61.535557
-79.022003
-73.484584
-80.373536
-97.417158
-79.628317
-92.385460
-95.230293
-99.567646
-95.191989
-83.101822
-74.404021
-95.846338
-89.986824
-113.159152
-103.522899
-118.582338
-124.020563
-121.299331
-127.557671
-128.872437
-104.530389
-116.570265
-80.779925
-96.683147
-67.434365
-66.969630
-76.770808
-76.863169
-77.709986
-99.710510
-93.639437
-124.912736
-103.081132
-103.101089
-99.016856
-89.841410
-83.622867
-71.446886
-57.313707
-72.770059
-66.053516
-93.536985
-98.059383
-110.888496
-131.221934
-136.800600
-161.794348
-157.243700
-152.595981
-157.369666
-137.055099
-125.438989
-128.834836
-109.738448
-126.261510
-108.133864
-115.439999
-109.832738
-110.355066
-116.040751
-119.823880
-118.537838
-139.473064
-110.364919
-127.256267
-113.642057
-120.649776
-118.364196
-118.476941
-128.426366
-154.812923
-148.552420
-176.871103
-155.409962
-164.478777
-153.335219
-140.632107
-131.868655
-125.864045
-122.186023
-136.454334
-126.377742
-144.634680
-150.095144
-162.088100
-172.230073
-157.913634
-161.332194
-146.252208
-138.161307
-137.838366
-125.309034
-128.866655
-132.002652
-122.214214
-145.561123
-127.563311
-136.913703
-134.256435
-134.374722
-137.706139
-137.545163
-116.393573
-123.225626
-102.846577
-113.545322
-94.759830
-102.873826
-101.432496
-108.125658
-107.773276
-123.133956
-106.642716
-129.356463
-109.475694
-127.205950
-125.730437
-116.612333
-109.006637
-96.851768
-84.021611
-87.079227
-74.113820
-90.908431
-81.501299
-84.581961
-95.097634
-89.877675
-103.433309
-99.907080
-84.334723
-84.819883
-75.944572
-75.987128
-66.564875
-52.882729
-68.550360
-49.484779
-48.229014
-47.378870
-49.439392
-58.941658
-69.018915
-66.865061
-81.404832
-58.332632
-73.669890
-60.162113
-61.675929
-44.670550
-35.970872
-38.458554
-50.963918
-54.994363
-83.377610
-82.396086
-115.515094
-108.883399
-113.029650
-115.055241
-116.008318
-101.263935
-99.633498
-76.832735
-93.364862
-74.009880
-71.068695
-80.187712
-68.810474
-77.119454
-78.379247
-85.356190
-98.143893
-84.247354
-88.458693
-77.792275
-61.990754
-69.401580
-54.213735
-57.918991
-46.702860
-55.731384
-64.782550
-68.502694
-73.764247
-104.388261
-90.952175
-100.264672
-79.500183
-89.180881
-74.225528
-62.942156
-66.382444
-81.011393
-64.835065
-82.488238
-67.718330
-85.700598
-76.950533
-90.784317
-96.013474
-99.069532
-98.424059
-98.219321
-78.651531
-91.767982
-72.942469
-76.799989
-76.443205
-78.199651
-92.351668
-105.863338
-115.574635
-132.990852
-133.960906
-152.719653
-149.696054
-137.017102
-149.879024
-132.208754
-139.914472
-125.893006
-113.098276
-117.475287
-122.653703
-132.594705
-154.989435
-140.340176
-165.769205
-156.396062
-177.979389
-179.480247
-180.014854
-175.988433
-179.014955
-158.774461
-168.651869
-149.762438
-159.837660
-139.540485
-141.565084
-131.500552
-136.872833
-134.224643
-140.084229
-126.891277
-143.568684
-124.471868
-132.489045
-124.241522
-118.219871
-124.852178
-114.909590
-105.611268
-103.706214
-90.480067
-99.338812
-99.630972
-102.159394
-111.717566
-107.723165
-109.073813
-105.754964
-104.198446
-102.405833
-104.006129
-107.563622
-114.911415
-101.682828
-126.123126
-120.836912
-139.924365
-141.608849
-143.685929
-137.931110
-138.348528
-130.250370
-138.857869
-114.149233
-127.036847
-115.132218
-114.888985
-101.091140
-102.316335
-104.215980
-121.398512
-111.423444
-123.012294
-109.517867
-123.512660
-115.382079
-104.834603
-94.663815
-96.540256
-84.471167
-90.255200
-76.603737
-83.282441
-80.087535
-87.108391
-108.647357
-113.672212
-119.079258
-114.340560
-105.737038
-105.438783
-105.954637
-106.558226
-109.335992
-96.367868
-100.282953
-81.439982
-96.782682
-88.406376
-98.066225
-101.314922
-109.659907
-109.558063
-125.035489
-111.082899
-132.737488
-127.461946
-142.173405
-136.656841
-133.780883
-124.539114
-131.873323
-117.614953
-125.367934
-102.951266
-114.576761
-101.029451
-103.864795
-103.863584
-105.392230
-113.008233
-129.127312
-136.201542
-147.823890
-140.308513
-140.730664
-135.064408
-126.783324
-121.703654
-115.990589
-113.464140
-111.574263
-106.093459
-101.761739
-106.974440
-105.326832
-124.804956
-114.265033
-124.882670
-115.181254
-111.579732
-106.190041
-115.853041
-111.189859
-123.065922
-107.912661
-118.686257
-108.526562
-121.337014
-115.042133
-128.633452
-133.646902
-147.499152
-141.283510
-158.084787
-137.110387
-139.153618
-129.807369
-126.929639
-117.752918
-114.701816
-103.153263
-114.338487
-109.407276
-119.098109
-111.411564
-108.370572
-113.649969
-107.266381
-125.581230
-137.182312
-141.563730
-141.760835
-131.322452
-127.681897
-125.063355
-111.176882
-118.265017
-92.689944
-105.005197
-100.775292
-101.231312
-114.072288
-118.104318
-112.975256
-123.515032
-113.229891
-121.168787
-100.201064
-95.709900
-84.464416
-89.362376
-98.423379
-115.586799
-98.140942
-106.020175
-77.051801
-98.808986
-96.906529
-103.893147
-102.219207
-104.365621
-91.743249
-108.404468
-96.324882
-93.672943
-77.263768
-84.608895
-85.215414
-86.878873
-90.555736
-90.098850
-97.560359
-106.550828
-112.978808
-129.782099
-141.663622
-129.582706
-134.381934
-118.959353
-123.508840
-124.801619
-126.359831
-123.860558
-120.855631
-119.631088
-137.841694
-112.701951
-122.352230
-113.441300
-119.294203
-113.371387
-114.506758
-104.198592
-112.510569
-108.491683
-141.135774
-118.774529
-130.431408
-127.414778
-129.681169
-137.263328
-141.628943
-130.674663
-147.345715
-127.014180
-138.099637
-135.800299
-143.882644
-142.395374
-141.417194
-150.813233
-152.267639
-152.300521
-176.745022
-166.579945
-174.579541
-174.621996
-169.883919
-179.233678
-170.184145
-181.242027
-183.116298
-183.339188
-195.622867
-197.148654
-189.428334
-205.895534
-181.931173
-204.145935
-184.885610
-178.533802
-166.370786
-150.931728
-148.126607
-153.026166
-136.983196
-155.100335
-130.454395
-158.642782
-162.454413
-167.478734
-172.884271
-181.025720
-178.252803
-203.674637
-189.396195
-208.703771
-191.163862
-190.996103
-196.703027
-182.427902
-193.161435
-194.381260
-189.458846
-213.562839
-206.009954
-208.171723
-196.492631
-183.059232
-198.972578
-177.145441
-169.304009
-163.458613
-151.641035
-150.711426
-145.797071
-137.306217
-155.398633
-130.632042
-158.347886
-146.930607
-149.594733
-158.678056
-146.084245
-153.132270
-166.591312
-154.848269
-185.387986
-170.338350
-195.517288
-190.270332
-191.980386
-206.523240
-209.049271
-203.930611
-226.167597
-203.925435
-220.903873
-197.169348
-205.738477
-213.076170
-208.583725
-209.773575
-209.575000
-200.447631
-217.087672
-202.058941
-213.074051
-213.082342
-210.808080
-222.860256
-210.505851
-217.869474
-207.066759
-189.955478
-196.548831
-181.553355
-173.474932
-186.695400
-170.649336
-191.659920
-192.119408
-208.592777
-220.743254
-215.000646
-217.392603
-229.340133
-201.777068
-211.131462
-175.421295
-188.353835
-165.637233
-162.450658
-173.151141
-171.571514
-170.851340
-192.861440
-173.700948
-208.571226
-194.518280
-200.662607
-200.231399
-199.033157
-199.249985
-193.042198
-175.360938
-193.418183
-171.153455
-180.761667
-174.917233
-174.266880
-189.010015
-172.492516
-179.272772
-175.011345
-167.075725
-187.940453
-180.679465
-169.550041
-177.326012
-161.067014
-180.178933
-166.201306
-177.550875
-180.151238
-176.244571
-184.873413
-186.434918
-170.791774
-187.638266
-158.635104
-178.189985
-159.079716
-158.792910
-161.941633
-156.696646
-149.380006
-152.293273
-127.636210
-152.264000
-132.251026
-147.204241
-151.293010
-140.305568
-150.099734
-141.092197
-136.382990
-151.264983
-132.505619
-157.929032
-149.685441
-144.909064
-156.068158
-148.154939
-144.864589
-143.421915
-138.794048
-152.606899
-136.460484
-134.788125
-137.921906
-123.357913
-145.800361
-135.611999
-140.807943
-139.773920
-124.444008
-127.430666
-129.104022
-119.035602
-153.216749
-134.859091
-151.313819
-135.795172
-138.069716
-140.353881
-131.733085
-130.087577
-143.599352
-125.374264
-155.346259
-133.146458
-146.269069
-147.425276
-148.790511
-162.767301
-171.122720
-157.588525
-160.182457
-127.557433
-147.576007
-129.523001
-125.668430
-133.623340
-118.761017
-133.590950
-133.396364
-138.081774
-164.983074
-155.799338
-154.196377
-151.117367
-132.110422
-149.258704
-124.098269
-117.045986
-117.160112
-106.652475
-110.210388
-108.091967
-99.753367
-125.752802
-106.184252
-128.006743
-118.837190
-130.104800
-127.434076
-122.442619
-114.296871
-114.188999
-93.125692
-104.644793
-67.733500
-83.978356
-66.784291
-63.150885
-72.384191
-67.974871
-60.447124
-73.708767
-53.396056
-71.026921
-60.690713
-55.236382
-53.348291
-39.897303
-39.998756
-38.053928
-36.850970
-57.880606
-50.891490
-61.306583
-69.698538
-61.741939
-63.313727
-41.866885
-43.324189
-36.984125
-27.026852
-32.028559
-28.866973
-28.522612
-64.019645
-51.155849
-77.763830
-74.424839
-89.096922
-87.476389
-78.964264
-74.608216
-68.223950
-49.530680
-67.472801
-44.311653
-62.438456
-47.906077
-48.583783
-63.784080
-76.659901
-79.447872
-102.744423
-88.305941
-110.141167
-100.070679
-106.502515
-99.984162
-85.558041
-80.235840
-69.502451
-61.326951
-75.857202
-64.303992
-72.926451
-74.363862
-73.907764
-84.959797
-82.967106
-90.874515
-83.151781
-73.362230
-66.507605
-52.084878
-47.223921
-67.821061
-56.044851
-79.780691
-70.932826
-79.828205
-79.485194
-88.483552
-87.284495
-96.127440
-76.042591
-91.880398
-61.987949
-70.887306
-58.332234
-61.652251
-62.240398
-74.833507
-80.195325
-91.829394
-75.866720
-102.019584
-82.631510
-91.264023
-84.307767
-81.599594
-81.438597
-76.914124
-73.934484
-87.175292
-72.085883
-83.068574
-82.727632
-85.034314
-105.040788
-99.316869
-107.843074
-98.083061
-86.639147
-81.094262
-63.826270
-63.012735
-71.325949
-62.927773
-80.956522
-70.742454
-80.681323
-78.069427
-76.347277
-76.183729
-79.714081
-54.124230
-71.036850
-50.346912
-62.818076
-48.502628
-60.581976
-65.078723
-71.770748
-75.275700
-93.257121
-77.347045
-98.326211
-73.879201
-78.273558
-66.925947
-49.378239
-41.689907
-44.726539
-46.275167
-71.747985
-73.052329
-96.238783
-105.421750
-116.308994
-131.281578
-119.252427
-117.502844
-117.718327
-103.651602
-104.975527
-90.615894
-91.279248
-112.303773
-106.749228
-131.769576
-122.331232
-129.298153
-128.072010
-133.890927
-140.242448
-149.170989
-142.914217
-167.575467
-144.273722
-161.647028
-153.535550
-148.234827
-143.699626
-141.219273
-128.038899
-135.891795
-129.336609
-140.251633
-115.477749
-128.908466
-134.577938
-136.498261
-132.420331
-136.652832
-130.958826
-144.439606
-118.153373
-134.061991
-126.181768
-122.758987
-129.102874
-123.401748
-137.374692
-138.736267
-129.390267
-149.807264
-145.546895
-148.040025
-154.786021
-136.094948
-150.571757
-129.410662
-132.346065
-131.031776
-121.266608
-114.271168
-118.158521
-113.613728
-133.907782
-111.002477
-131.875264
-113.994986
-110.071232
-107.407628
-96.357367
-93.235101
-109.984835
-88.082141
-114.451338
-85.532281
-89.762855
-92.716965
-96.345371
-97.942250
-104.616634
-102.062907
-116.211565
-101.665200
-111.043493
-97.450212
-91.142155
-85.926845
-78.556044
-84.036856
-93.067953
-97.581238
-115.952070
-111.580854
-117.632501
-124.151845
-116.637841
-134.329884
-119.565014
-109.824305
-105.625538
-95.580914
-92.733924
-99.474695
-86.352315
-105.042842
-72.633824
-88.067643
-76.967856
-89.008228
-92.581425
-82.481256
-82.190426
-97.858150
-75.214970
-93.010509
-68.348087
-80.623113
-71.887520
-71.544844
-81.895989
-77.983353
-62.498290
-80.981921
-67.314496
-83.390977
-79.895479
-78.115572
-84.385130
-76.868785
-77.846061
-84.689045
-82.086143
-88.632348
-71.953771
-75.217631
-85.318992
-69.596588
-82.384290
-81.951022
-89.013313
-91.569994
-88.093305
-102.543998
-101.407512
-97.045062
-115.014603
-98.674743
-115.501656
-102.498508
-103.634131
-109.457228
-107.915399
-109.632624
-128.276185
-110.253436
-133.534076
-114.309479
-124.884300
-111.000029
-112.196984
-110.567748
-108.188573
-95.366900
-105.277005
-81.744664
-100.302042
-103.420343
-111.596327
-120.976812
-116.643963
-128.050173
-130.104283
-125.427437
-142.383892
-123.710249
-129.491980
-136.532352
-116.728777
-130.241650
-115.650384
-111.306338
-116.193871
-113.583393
-125.544029
-120.891019
-111.415557
-126.003938
-104.781715
-115.175637
-108.406439
-121.015825
-130.998325
-128.554381
-126.255576
-138.822351
-122.594872
-145.431215
-111.175454
-116.566722
-100.532319
-101.791341
-101.590981
-108.467541
-94.791843
-120.290553
-105.087589
-129.979457
-120.174891
-120.421228
-134.934619
-129.672392
-132.785363
-126.370504
-107.806329
-122.661892
-109.248504
-131.754041
-138.589673
-130.911059
-153.812190
-143.298922
-146.153740
-148.308937
-133.524159
-148.436309
-148.038799
-142.797599
-146.647532
-125.932356
-134.731175
-121.431279
-116.010255
-127.072533
-124.994439
-116.575766
-124.691700
-112.510811
-139.048029
-101.020447
-126.347739
-116.739705
-116.446220
-114.005772
-122.871398
-119.497230
-131.531077
-120.490780
-146.690896
-142.977879
-138.187997
-141.624242
-137.301612
-132.610000
-145.392117
-131.786147
-147.145780
-128.717420
-146.983284
-151.458332
-134.305484
-144.790961
-141.587362
-146.666375
-155.068064
-160.255374
-170.724243
-171.214592
-154.624533
-165.940258
-136.358322
-147.018612
-136.306124
-131.171702
-131.782393
-127.871484
-131.423392
-139.485586
-123.930144
-145.941207
-126.846586
-144.888694
-138.911939
-145.072152
-145.860974
-149.558049
-129.909110
-137.133850
-122.971268
-135.098117
-127.640569
-136.109538
-146.230482
-142.321743
-151.901349
-165.509028
-151.950532
-171.533924
-158.073226
-170.231043
-165.998154
-162.272372
-170.279509
-165.968562
-164.619430
-157.748288
-143.083828
-164.760054
-174.081414
-185.282497
-195.232757
-185.686894
-191.871215
-185.863652
-181.354940
-177.620856
-186.938141
-184.875567
-196.601441
-182.695043
-201.819020
-174.871160
-191.982597
-192.665521
-190.224198
-197.560709
-204.607312
-197.117046
-216.495310
-182.993844
-205.479276
-187.496978
-198.519444
-200.864071
-188.629982
-180.192245
-184.213468
-176.264872
-196.807890
-179.842750
-190.743725
-193.051552
-199.685754
-207.570521
-193.330304
-194.028608
-195.782680
-190.483415
-202.310314
-195.827118
-193.079940
-194.578456
-175.480842
-191.789052
-176.855779
-174.444806
-185.480336
-171.999294
-167.119724
-173.062943
-166.896219
-183.975725
-167.363981
-192.646418
-191.476568
-194.294390
-200.599225
-208.632420
-201.029100
-210.614320
-196.784709
-212.573404
-192.364078
-202.723170
-194.905875
-193.985501
-202.902720
-204.778804
-192.848570
-202.344981
-179.525931
-192.883592
-175.289152
-178.740168
-175.566517
-159.616344
-153.162927
-149.186123
-143.950346
-155.796324
-145.957790
-149.123770
-161.940076
-159.964129
-166.269806
-166.294467
-171.052215
-168.960500
-176.006590
-184.068731
-192.746079
-196.037619
-203.850629
-174.519685
-189.296258
-176.369093
-190.174751
-194.417817
-193.918935
-184.385228
-190.161060
-177.887854
-190.843755
-175.160521
-185.881720
-168.169967
-167.197054
-162.271529
-165.720628
-154.536881
-167.911094
-150.567648
-168.945239
-164.387835
-172.420626
-167.622199
-165.666418
-169.066725
-174.976947
-167.483847
-181.851210
-170.898076
-171.917450
-167.542418
-168.542542
-176.271127
-168.332968
-168.727733
-168.575540
-169.592841
-163.080472
-166.723634
-145.794121
-145.056469
-125.694885
-131.306968
-120.258528
-136.983239
-141.900632
-150.926082
-155.057810
-162.135763
-151.648232
-167.448132
-147.791090
-154.059555
-140.153950
-140.407190
-135.850621
-144.631066
-140.602268
-160.104153
-159.591829
-178.242203
-168.366781
-177.976057
-176.065808
-176.319523
-168.566629
-172.529807
-163.781173
-164.980630
-156.274403
-151.149197
-136.765450
-131.785431
-134.940709
-123.313856
-135.947213
-145.945063
-138.544533
-139.248533
-135.502519
-116.668024
-129.845400
-114.563640
-125.883117
-115.535047
-113.828124
-102.970754
-97.384785
-94.266648
-107.614809
-93.823460
-112.608680
-104.583941
-131.785274
-127.009290
-128.943373
-114.452400
-106.671103
-100.065297
-109.738932
-85.464286
-94.190745
-78.900868
-84.788442
-83.944555
-90.201020
-95.536438
-111.868423
-112.911005
-133.244906
-123.904156
-129.333627
-119.639498
-98.778962
-97.140687
-90.372360
-89.523801
-89.316348
-86.874605
-93.404314
-89.821073
-77.109039
-84.572412
-70.348176
-91.115929
-94.732963
-104.786021
-98.868266
-101.835644
-96.085705
-102.877358
-93.785483
-113.421917
-106.489685
-117.948688
-107.291511
-118.902987
-117.553766
-131.114507
-131.599378
-147.893275
-125.877687
-140.130659
-118.695891
-126.510868
-122.783042
-109.868259
-113.126591
-121.666584
-108.453778
-120.397693
-108.115784
-128.441140
-127.590382
-121.142925
-128.710225
-128.057660
-131.592277
-133.353749
-122.514572
-128.434380
-110.937220
-95.445817
-108.885260
-100.125336
-113.723927
-109.985703
-114.020461
-115.219497
-116.995801
-117.759354
-115.780938
-87.423995
-96.108139
-70.460348
-72.867323
-68.965136
-66.810837
-69.568305
-75.940586
-64.503514
-93.985932
-77.343470
-107.625270
-108.710514
-128.142666
-132.934071
-134.151242
-137.572445
-141.712996
-114.453135
-122.128049
-107.816727
-113.731986
-109.877562
-99.293561
-108.241753
-114.358206
-135.337170
-149.056512
-142.494365
-159.897933
-155.366807
-146.657041
-153.930419
-135.233190
-152.797716
-147.799707
-151.128518
-155.743302
-158.372122
-161.260576
-174.590793
-159.595958
-185.717548
-174.655242
-180.324753
-162.080857
-153.477529
-147.819696
-139.949085
-131.791850
-151.686042
-130.174799
-151.406539
-144.971298
-164.532183
-179.904748
-174.621115
-179.013744
-176.230021
-154.507095
-172.834478
-140.368349
-149.105565
-148.286870
-147.276084
-165.458479
-166.788427
-186.179963
-195.534502
-182.262188
-193.804415
-184.132538
-177.736019
-181.950274
-165.019216
-174.541289
-162.445825
-154.442445
-161.664272
-164.247207
-174.098441
-185.948677
-183.121035
-206.656378
-197.803076
-219.744020
-216.140117
-208.919210
-209.759995
-212.331733
-201.791283
-210.507757
-172.583390
-187.089553
-165.930532
-172.150983
-173.018811
-173.657347
-190.001164
-207.562285
-206.110188
-231.490697
-208.515758
-221.783879
-209.637491
-190.690376
-186.363954
-168.789420
-162.388631
-160.695720
-148.932989
-176.887726
-179.438662
-192.611443
-204.365569
-193.113034
-205.743585
-203.665850
-196.926810
-208.256258
-195.124611
-200.771058
-206.468655
-188.632308
-215.259516
-197.024725
-226.766184
-236.799372
-228.542677
-235.043863
-239.439635
-224.026689
-231.143523
-203.229588
-223.020049
-194.441632
-203.787948
-204.017215
-196.632738
-203.735667
-213.283477
-207.491755
-241.525312
-234.789086
-249.158631
-232.962056
-217.944732
-220.520187
-208.835302
-202.119828
-206.848911
-184.435555
-200.879969
-187.589542
-190.516987
-205.430278
-205.700266
-224.554810
-215.390162
-215.919543
-216.092969
-194.600915
-198.763814
-195.798246
-180.467631
-194.935636
-168.422367
-181.842507
-176.298967
-166.716294
-169.857289
-179.195644
-179.068347
-196.526254
-163.813427
-185.767229
-165.019864
-179.052411
-173.478577
-162.801174
-156.267914
-157.551592
-154.276243
-175.300757
-152.121787
-178.668232
-172.191149
-166.573883
-166.311136
-159.330876
-168.259965
-180.282655
-169.835099
-182.856601
-165.518325
-167.033510
-162.863599
-153.659872
-165.808193
-158.842988
-169.428482
-176.974879
-163.553248
-170.952461
-164.604695
-163.589692
-176.230379
-164.661878
-179.627054
-172.239788
-172.217944
-167.570536
-155.708402
-147.207114
-156.716710
-139.967695
-163.364792
-137.714325
-149.269414
-139.550218
-129.984139
-133.533428
-127.847274
-114.632934
-138.103713
-115.729905
-140.146114
-127.720101
-127.112796
-130.457209
-125.522929
-129.854310
-138.859580
-127.171744
-151.519990
-126.424425
-127.037677
-130.515090
-125.767274
-138.277898
-139.801183
-142.807885
-154.584074
-146.190398
-163.654810
-154.495201
-142.733080
-153.544828
-129.476941
-138.491414
-125.619640
-116.187114
-115.475540
-101.607798
-95.008381
-109.421574
-105.557996
-138.256042
-124.917272
-148.029490
-146.015180
-141.185518
-140.924514
-134.015419
-113.313378
-125.242598
-96.137724
-117.552535
-108.562363
-122.739769
-129.715514
-126.492195
-138.203485
-151.551130
-133.557579
-154.859212
-142.048055
-152.578338
-143.269642
-130.110754
-139.703400
-123.986640
-104.753709
-96.460171
-80.189971
-96.206465
-91.576901
-89.595841
-115.902268
-111.845552
-123.176193
-114.392747
-124.849453
-134.508769
-125.717815
-132.006175
-139.152346
-119.083580
-132.964675
-123.957445
-148.257576
-157.423427
-177.796476
-191.136030
-190.582318
-183.633562
-206.957481
-191.282039
-223.978778
-210.376471
-232.466804
-234.832037
-234.822835
-248.582985
-263.917364
-252.550330
-266.316184
-243.931070
-253.707447
-228.160482
-214.590088
-209.894743
-199.973775
-197.230908
-197.468421
-190.124335
-214.945261
-221.362597
-227.781102
-243.532122
-242.730031
-266.918559
-262.907437
-257.209885
-247.269747
-232.475764
-222.136144
-215.795407
-200.502226
-216.324111
-202.222981
-224.569930
-231.782589
-237.527715
-244.307278
-249.954747
-238.806153
-237.126293
-208.666700
-223.571526
-202.691262
-217.045792
-215.567819
-211.314544
-212.508392
-213.446464
-206.310456
-229.071824
-216.741057
-225.514148
-212.408896
-211.369458
-216.225565
-206.906590
-201.737569
-201.947806
-189.801544
-206.499052
-201.723754
-203.107893
-210.488515
-194.627739
-200.372634
-199.049156
-208.184494
-218.133772
-215.071523
-218.097384
-213.861294
-195.763777
-207.824156
-183.615737
-197.863435
-193.211643
-198.405886
-193.002460
-189.686823
-189.771374
-205.137410
-188.025724
-206.862463
-192.585673
-202.111781
-199.530160
-195.099202
-197.010981
-200.629338
-183.590991
-198.350836
-183.229991
-202.917172
-197.083470
-193.677359
-197.601805
-195.625894
-190.904473
-194.100672
-181.057837
-198.786483
-185.992882
-193.376393
-199.950268
-189.750326
-208.026157
-194.571640
-182.426729
-195.246426
-189.626223
-197.319168
-192.115111
-181.839487
-187.972039
-162.399804
-174.967255
-172.557599
-169.388084
-165.808701
-159.146239
-153.361870
-168.085381
-149.330810
-174.518729
-156.960142
-168.446817
-164.872738
-157.003826
-152.455889
-151.935466
-131.319985
-148.943179
-127.278174
-145.329832
-139.990835
-139.813127
-148.515943
-151.343517
-152.284580
-156.307216
-132.062760
-153.090983
-132.224393
-133.895446
-133.508887
-128.426047
-148.498650
-150.135836
-155.578547
-172.501664
-168.308142
-177.258215
-176.943028
-172.721327
-196.515642
-181.968398
-191.794462
-187.185362
-189.439060
-198.589189
-196.704231
-191.674395
-206.706804
-197.021323
-223.977799
-210.251076
-219.342787
-217.773470
-206.877704
-207.687457
-208.506402
-192.380025
-211.017243
-191.175047
-206.938936
-193.445399
-206.371617
-215.985773
-207.705468
-206.393171
-215.952971
-204.607916
-215.094561
-199.344516
-204.105002
-194.539242
-177.171843
-188.807968
-184.138425
-179.144004
-185.558708
-168.856503
-178.194500
-183.972011
-181.014948
-208.851609
-192.748923
-204.543777
-199.745730
-200.011647
-207.247001
-197.838222
-188.450662
-195.419847
-185.518076
-208.633565
-186.059693
-201.626271
-196.136794
-193.935877
-199.512272
-205.291094
-197.200776
-215.456339
-186.504893
-205.891642
-196.091027
-202.211825
-213.381756
-214.577988
-218.539846
-230.467102
-208.129894
-225.583858
-205.138321
-207.984571
-204.597664
-191.379393
-194.719420
-189.768175
-185.706294
-197.499885
-181.895385
-195.149022
-200.969690
-189.487598
-207.528579
-191.759523
-202.551657
-194.074803
-180.466508
-181.536121
-170.306777
-159.041194
-171.049813
-151.695960
-163.475622
-143.728862
-154.452692
-160.838212
-168.866592
-170.792331
-175.820523
-153.054365
-178.382813
-153.536550
-161.987181
-139.722993
-143.374251
-148.181900
-143.071733
-139.733649
-159.395084
-151.547062
-181.947615
-171.688105
-181.047575
-192.229432
-186.571761
-194.735785
-199.420990
-202.282870
-218.088210
-205.193722
-217.066085
-215.560785
-213.130137
-234.522561
-222.631812
-229.920058
-225.328463
-218.999342
-224.486969
-210.540368
-205.602826
-208.103033
-177.753343
-189.233246
-167.599713
-172.160118
-172.996861
-161.553466
-160.227708
-158.331411
-149.001206
-173.039913
-154.569890
-172.786057
-169.363072
-169.820555
-176.127822
-183.449021
-179.845512
-196.587795
-177.890593
-196.154110
-174.309488
-183.828821
-181.131583
-170.722055
-180.016284
-183.366547
-174.559638
-187.826870
-179.301830
-190.284967
-183.824372
-181.104820
-188.070290
-180.746908
-193.999429
-206.380916
-212.738325
-226.180613
-222.544482
-236.127967
-242.742280
-218.361528
-228.457323
-209.954736
-219.694396
-208.098034
-215.933850
-218.139437
-220.850371
-210.356838
-232.332865
-217.230800
-245.857520
-239.855691
-249.681240
-249.583867
-258.553309
-253.831542
-259.257147
-235.803075
-239.021569
-211.136846
-220.502521
-216.630510
-229.087841
-236.961313
-249.940115
-254.571868
-274.114761
-264.804817
-282.073707
-273.049221
-263.376944
-259.446567
-248.545287
-250.666369
-237.152674
-223.395786
-220.251120
-209.621153
-215.532892
-216.945870
-214.824640
-227.056915
-211.109993
-226.496355
-219.195109
-220.960775
-216.240942
-217.840207
-214.647693
-224.845584
-212.613771
-230.487027
-221.074679
-232.652485
-225.112512
-240.098690
-236.880719
-245.995078
-233.262022
-243.248262
-232.445539
-246.600963
-238.075207
-241.369936
-230.584080
-230.318878
-220.534451
-218.836977
-195.976527
-209.706181
-206.358121
-213.830372
-218.547471
-209.162910
-207.674956
-212.732672
-207.776937
-201.986902
-190.377998
-185.918427
-188.792941
-174.039814
-179.720030
-168.442923
-181.809793
-172.723625
-185.872798
-189.913706
-201.473864
-201.716525
-226.779179
-216.214665
-232.112424
-224.068352
-232.678808
-219.096645
-208.176543
-204.074016
-208.578292
-188.965673
-206.526317
-198.532013
-226.737147
-223.344867
-228.326988
-222.216468
-229.985947
-222.584148
-228.650895
-218.204239
-224.374501
-213.562267
-217.245074
-217.417696
-208.198364
-211.829495
-214.314990
-211.456004
-209.115257
-198.019911
-200.127693
-203.375160
-203.222873
-220.001986
-213.501903
-220.846167
-210.452809
-207.344660
-203.674534
-206.597156
-208.780672
-211.893921
-196.051259
-214.424440
-199.542747
-208.580550
-208.373210
-211.454324
-203.291725
-220.009825
-219.791232
-238.935482
-210.364976
-221.529356
-215.606543
-217.883144
-214.765653
-216.209637
-200.693709
-200.505099
-176.003055
-187.346295
-182.768330
-182.622568
-181.249136
-178.440410
-189.269338
-189.466311
-192.355387
-202.173995
-195.326012
-202.417684
-215.288219
-209.899098
-210.084761
-191.083482
-189.127354
-176.157912
-162.990978
-164.513161
-162.927234
-168.105985
-184.700557
-161.679910
-176.928988
-161.968722
-171.898989
-186.453524
-197.088757
-194.668029
-196.877131
-178.762753
-201.349557
-179.982689
-192.663173
-181.553320
-182.130885
-187.030357
-193.823269
-198.055041
-208.003342
-184.942443
-200.065244
-184.382460
-189.038849
-195.756906
-197.948992
-200.707878
-201.847379
-195.738845
-204.851657
-199.850223
-207.552210
-205.809105
-204.031827
-222.844234
-209.232349
-215.145933
-222.001264
-218.607504
-237.195033
-233.402656
-228.859077
-244.468994
-227.774376
-243.173872
-230.144340
-229.682298
-224.976964
-221.509014
-219.389414
-217.405477
-198.243085
-215.590254
-193.616734
-210.363781
-195.993344
-194.860100
-205.220558
-209.535693
-213.341055
-231.494341
-209.295441
-231.005549
-214.065511
-217.624233
-216.821954
-202.916305
-199.966838
-194.026249
-187.936902
-201.586026
-182.393945
-191.243154
-196.431967
-204.252152
-209.332698
-199.030369
-202.430554
-208.017352
-205.542140
-210.625324
-201.716605
-197.880371
-219.807027
-208.288766
-227.964164
-206.673766
-210.029755
-211.599051
-215.074337
-226.215411
-240.958628
-228.982800
-243.955704
-220.365229
-232.964463
-220.161433
-218.756373
-208.598552
-197.906298
-190.681657
-202.591544
-188.545616
-223.072395
-211.833073
-223.418867
-234.911169
-240.977188
-250.177316
-250.994935
-241.801587
-264.105715
-244.347847
-254.471933
-249.467548
-255.596957
-275.040866
-255.248302
-257.197068
-259.459110
-247.929668
-258.910995
-248.831917
-251.760107
-259.089568
-242.722278
-260.120969
-245.715821
-251.997543
-253.998266
-235.822826
-225.416174
-214.507933
-195.924698
-220.870740
-196.886210
-212.442070
-201.452679
-206.640717
-211.170436
-209.534062
-207.341360
-221.286653
-193.575992
-210.919708
-177.519355
-192.133187
-192.101948
-191.486697
-203.353841
-200.587146
-191.833199
-211.928897
-193.165101
-203.700933
-195.194257
-193.079160
-204.597218
-185.020049
-184.333794
-180.950585
-170.325935
-184.253858
-178.252906
-186.491226
-196.983378
-190.716580
-207.881887
-183.404573
-199.721475
-198.855391
-196.059828
-198.558647
-203.249532
-198.025393
-219.839064
-189.335348
-199.935619
-181.179720
-179.927746
-190.656367
-188.102292
-191.214617
-198.554394
-182.502743
-223.174345
-205.710740
-221.788780
-215.741332
-223.378718
-231.971634
-239.577773
-230.990568
-252.685404
-245.863823
-263.558397
-239.620570
-228.890351
-228.899120
-209.290148
-210.121219
-206.459311
-192.346625
-206.072284
-190.129357
-186.396698
-194.310155
-181.146833
-207.129376
-205.416585
-215.739534
-208.059887
-191.697377
-200.665005
-208.702295
-190.935610
-194.715440
-171.672288
-187.732532
-175.985988
-189.334504
-191.280011
-196.796382
-203.274018
-217.422441
-208.043791
-235.509007
-209.918261
-221.008688
-212.417370
-213.162009
-215.081740
-207.293093
-201.922865
-210.547864
-178.403498
-196.213810
-183.989095
-187.003706
-187.530681
-182.136482
-180.489983
-178.305847
-178.492073
-198.885746
-189.721629
-188.233776
-197.521755
-193.555988
-202.406949
-186.097687
-192.550432
-190.086352
-180.350946
-189.684416
-186.727861
-184.006888
-188.879748
-161.786158
-177.838763
-161.250722
-167.364721
-170.755278
-173.211235
-175.085024
-194.542846
-187.684775
-200.349504
-185.590610
-214.620717
-214.301399
-217.179005
-214.462474
-207.851117
-196.771726
-204.028162
-181.973958
-203.607341
-187.610893
-198.622699
-201.519226
-198.234353
-209.392774
-213.051000
-215.091276
-224.353088
-207.543796
-216.639296
-213.634833
-207.452550
-223.179591
-207.400140
-212.719350
-208.902677
-208.918004
-212.440437
-202.607482
-204.785890
-224.050625
-217.389280
-231.250593
-221.723021
-222.581976
-217.010240
-210.137882
-200.395631
-205.077785
-182.279508
-203.395675
-181.424873
-204.518617
-199.061336
-220.408390
-231.473953
-243.615688
-232.442687
-235.355839
-204.164354
-213.844535
-186.322559
-181.473458
-178.946299
-169.402283
-171.955762
-180.440118
-185.851539
-213.271322
-208.483163
-227.244821
-227.770971
-216.824746
-218.606529
-197.642631
-195.100241
-185.984221
-181.576887
-198.276517
-197.695713
-195.975857
-215.779370
-203.037104
-218.197873
-200.727614
-205.224743
-215.578185
-215.440754
-213.884842
-212.770088
-191.665201
-208.635148
-184.748961
-201.531858
-197.323776
-192.332599
-192.402740
-190.232126
-179.991915
-186.208540
-166.676143
-199.020862
-186.936874
-197.094645
-204.394897
-204.606029
-214.363336
-214.115835
-196.733713
-206.093729
-178.894819
-179.516936
-181.012745
-168.414140
-175.759533
-164.545169
-175.537501
-180.217308
-168.113762
-182.258174
-181.858958
-182.479030
-203.112852
-185.869680
-204.373714
-203.263495
-206.295231
-211.480862
-199.552085
-201.860178
-207.328745
-181.133066
-193.885742
-178.327046
-197.530586
-199.085466
-206.649894
-219.187353
-216.482300
-202.048766
-215.672470
-191.495724
-210.330414
-194.415083
-205.782169
-213.171035
-212.638235
-222.239514
-220.845321
-214.113191
-236.110798
-214.773562
-219.876838
-204.931116
-180.630748
-179.247486
-165.518320
-165.274786
-175.655323
-166.878474
-181.725252
-177.640298
-175.911322
-196.313590
-186.318982
-200.048931
-188.673931
-194.767758
-200.314063
-187.412972
-177.491505
-177.297222
-165.025861
-185.620659
-167.235679
-188.758937
-183.874060
-188.503635
-192.053787
-192.446263
-189.329086
-200.886718
-175.709318
-196.001555
-188.501233
-202.743778
-198.324943
-199.845979
-205.977412
-209.102409
-202.013147
-221.243006
-205.287556
-228.544260
-226.959993
-226.535119
-237.641785
-223.404849
-229.328372
-232.585305
-220.353395
-234.540815
-228.087261
-232.294655
-242.733238
-220.997882
-235.905466
-238.450257
-255.814514
-266.748480
-262.803113
-268.638420
-265.780119
-246.678785
-262.611521
-241.372027
-249.304687
-233.019143
-239.202284
-240.350518
-238.380501
-231.810233
-252.874557
-243.774011
-260.279261
-242.559680
-247.678452
-235.792989
-229.545569
-231.557517
-238.500254
-223.962062
-240.496412
-232.564712
-255.030936
-254.990218
-259.470744
-277.727139
-289.718523
-295.533865
-289.389478
-266.075789
-264.406357
-245.070463
-245.207558
-237.085006
-222.534112
-243.030349
-244.592501
-258.166531
-257.877676
-263.193509
-277.738931
-293.840679
-282.845862
-292.206799
-271.915205
-272.268135
-258.704445
-262.802795
-247.550355
-239.319865
-237.514276
-250.226725
-237.209257
-257.727375
-255.209602
-273.532367
-261.743345
-271.216751
-272.016322
-273.951839
-265.572134
-280.208073
-265.818666
-281.524609
-275.278406
-285.522649
-287.390071
-288.237453
-283.294034
-282.751405
-277.397134
-285.954394
-273.073984
-279.993259
-278.848218
-278.056346
-285.677285
-282.893323
-298.610168
-306.132779
-311.813366
-313.923092
-322.202647
-317.573086
-330.021217
-316.171543
-316.053269
-294.609617
-291.571168
-283.841463
-283.762661
-279.486367
-284.890161
-275.300467
-298.844944
-289.857072
-311.719104
-317.228126
-326.942129
-322.613299
-326.156987
-302.821033
-306.969427
-279.912934
-290.021970
-288.358821
-303.385044
-307.636429
-314.002471
-318.994944
-320.929919
-313.564579
-319.398606
-309.826673
-304.349733
-284.731388
-261.318077
-258.838208
-251.446960
-260.568455
-266.157561
-255.824804
-265.019886
-274.318907
-274.244056
-292.261650
-279.262724
-273.320710
-252.626628
-250.935202
-236.711100
-238.273437
-231.131736
-243.068115
-221.488505
-237.670923
-231.228752
-251.283149
-246.050980
-254.820234
-257.384972
-256.426244
-244.051105
-259.517856
-244.113187
-255.403971
-246.577273
-242.503080
-234.459371
-233.060626
-232.141541
-240.480651
-233.652213
-241.548428
-223.003417
-224.840649
-221.630526
-214.456245
-225.245185
-221.560106
-225.823386
-238.310963
-239.538595
-247.926470
-250.241978
-242.879064
-258.703290
-243.010501
-256.680055
-257.036334
-254.534727
-248.668450
-230.822583
-221.952629
-221.805623
-190.866471
-202.460041
-181.387141
-199.933592
-209.433393
-213.904545
-222.349878
-230.195584
-216.783143
-240.569470
-216.317065
-235.396210
-228.448803
-236.593864
-239.577753
-225.934477
-233.585973
-245.975734
-231.751910
-244.231811
-230.232700
-239.081181
-243.631983
-240.592441
-253.127196
-249.799693
-252.848842
-259.036863
-245.433030
-247.678801
-244.371685
-231.857620
-244.075111
-236.871746
-257.171607
-252.032570
-253.727829
-261.382744
-252.858801
-249.266490
-251.151824
-225.925561
-240.550187
-215.032344
-221.589548
-215.314327
-217.748586
-217.540206
-209.302563
-193.788775
-212.006464
-188.083816
-205.566976
-182.906648
-181.026841
-178.975972
-173.779112
-175.569676
-187.321757
-172.137568
-198.081505
-182.389258
-193.873436
-199.241346
-207.297129
-217.467777
-205.398869
-198.178655
-198.986756
-187.538367
-203.358421
-200.489945
-208.032770
-221.485699
-201.236436
-217.402371
-210.898532
-205.017380
-200.140706
-191.301032
-199.438868
-214.719165
-198.996318
-218.317822
-194.246218
-212.579981
-205.252674
-208.013895
-211.389952
-206.216906
-192.582640
-214.074109
-190.867020
-218.575167
-205.520303
-211.071848
-211.146356
-206.057231
-213.689784
-219.866580
-197.838566
-221.482845
-207.386689
-227.327485
-223.875610
-222.868034
-244.057744
-228.795226
-218.993144
-221.006978
-199.323476
-207.658978
-188.638811
-188.847181
-200.417764
-191.512509
-213.442897
-215.148279
-219.680700
-229.304272
-221.350597
-222.104363
-221.343031
-220.273145
-247.823449
-232.219362
-240.173363
-237.222393
-232.808761
-228.134376
-226.014010
-217.460175
-237.354726
-217.658713
-235.056935
-218.671466
-223.875717
-207.479104
-196.300975
-185.122880
-186.970117
-164.942695
-173.412404
-136.158011
-157.476516
-157.886204
-163.270795
-181.763342
-181.345206
-182.871197
-191.059939
-163.577031
-173.774558
-156.047984
-152.710671
-155.838837
-140.468784
-148.279371
-140.523688
-144.196432
-168.862179
-172.931140
-184.796992
-185.854877
-169.472472
-185.373613
-162.901019
-182.572712
-172.639058
-171.649096
-175.567905
-171.784122
-162.134701
-168.761966
-154.835449
-179.939970
-166.436340
-186.395721
-185.450240
-186.867265
-199.602187
-208.020436
-200.591516
-220.928033
-196.017102
-210.752544
-203.627075
-212.507411
-213.806676
-200.982304
-198.028993
-196.182277
-188.732631
-207.770441
-195.314232
-207.881175
-212.570326
-200.003860
-217.651395
-206.080963
-203.059817
-212.018514
-197.161505
-194.937596
-191.297042
-183.221845
-196.532914
-175.644031
-182.542636
-169.576577
-165.761162
-166.592068
-154.111490
-143.736086
-145.091759
-119.240413
-140.001419
-124.358796
-138.020960
-139.934212
-155.737252
-170.398660
-177.656026
-167.423304
-185.276679
-160.086776
-173.734241
-162.098874
-153.040688
-143.944990
-128.173142
-130.385738
-151.618935
-154.445409
-189.684284
-184.753046
-201.282252
-208.042603
-194.279208
-198.529750
-176.056141
-165.557205
-156.647998
-130.085829
-123.886738
-118.439862
-108.195657
-126.130271
-119.031582
-132.928006
-136.327785
-149.840691
-162.182835
-155.504738
-143.373710
-139.696522
-111.167731
-126.695534
-99.108881
-101.539323
-93.657358
-88.257648
-91.803665
-92.048050
-83.010803
-112.562826
-97.550619
-121.082547
-103.125345
-94.419473
-87.656247
-79.790738
-70.159757
-83.650720
-58.159871
-73.871534
-61.654008
-67.120684
-72.480575
-63.671031
-74.465270
-63.859517
-53.658904
-47.519397
-19.723045
-24.179693
-25.291669
-15.413883
-33.319502
-24.872741
-42.495204
-52.180818
-53.021677
-60.753872
-63.472584
-58.654387
-63.759668
-42.868089
-46.150871
-19.112215
-29.840014
-37.774252
-46.465665
-54.333709
-62.650235
-59.187449
-90.506369
-77.096856
-117.469959
-117.305791
-118.793828
-119.993115
-109.201113
-109.007120
-126.658318
-108.558289
-129.557071
-100.801324
-103.428781
-97.234141
-88.872621
-105.839765
-108.209898
-112.776677
-134.952519
-129.262139
-147.314683
-148.347578
-150.702026
-154.181007
-124.218117
-122.611705
-117.605988
-110.847102
-119.204531
-116.945765
-117.103934
-136.333769
-122.220867
-153.400907
-134.725223
-142.283888
-139.912163
-138.858489
-134.544762
-123.304868
-103.160612
-122.773333
-97.671175
-118.723118
-100.918048
-100.330111
-101.105354
-99.625242
-100.277664
-122.377130
-114.166212
-139.008618
-123.417971
-121.856832
-117.143469
-108.602811
-114.750360
-104.514135
-90.967067
-97.655715
-91.877651
-102.684038
-92.903882
-88.282129
-93.456127
-81.534232
-90.471888
-80.555269
-71.122736
-68.729279
-54.441387
-51.490228
-60.105303
-54.987964
-89.240387
-87.273616
-106.924200
-107.372488
-110.272689
-110.311780
-106.647036
-95.590764
-104.184439
-76.818657
-82.186990
-61.293047
-67.301895
-75.694275
-83.346354
-81.154744
-95.322219
-85.119599
-102.480926
-85.982416
-98.139041
-88.768953
-81.855196
-76.531230
-69.075443
-60.524582
-72.957280
-68.223531
-82.443152
-68.432124
-63.663194
-75.334350
-68.644245
-62.644203
-43.281181
-39.301204
-48.260632
-43.534981
-39.601061
-55.559799
-45.498053
-54.825718
-41.465797
-58.712498
-50.039162
-50.996401
-46.623609
-49.851144
-31.206811
-43.190730
-24.299580
-42.368970
-35.771361
-53.164217
-57.358693
-69.653483
-70.492514
-81.416214
-78.202414
-84.161077
-65.167225
-74.167571
-61.414403
-58.882939
-55.579500
-59.509914
-65.699189
-72.524760
-73.688602
-98.517513
-100.224489
-104.943931
-106.434756
-106.297943
-115.639130
-108.997844
-108.803919
-104.897505
-88.703797
-85.852081
-87.826893
-77.877493
-91.937110
-85.812712
-104.160187
-106.473553
-107.768636
-107.418717
-106.863504
-91.958392
-96.584433
-65.549954
-65.719723
-51.189007
-61.173456
-56.334608
-59.024517
-52.390001
-66.207343
-52.553345
-61.684573
-36.848062
-45.232470
-40.546988
-52.688164
-50.996933
-51.108877
-32.780573
-45.498815
-23.567316
-36.596613
-29.983174
-30.650339
-37.471126
-30.489926
-31.852233
-35.721261
-31.817489
-29.056636
-22.833290
-37.904516
-47.084313
-38.346545
-56.474614
-30.923791
-42.159432
-33.234995
-32.151164
-29.417824
-32.187174
-29.664556
-30.189894
-14.771269
-35.778824
-17.417090
-13.896636
-9.289953
-9.796574
-4.375569
-15.175289
-5.872353
-29.749823
-17.397855
-42.158796
-45.772000
-49.138379
-48.190014
-44.404255
-39.171935
-42.392212
-25.797187
-31.453233
-8.596938
-7.015782
-8.197686
-5.757245
-6.224415
-13.116841
-15.876205
-27.124352
-15.223447
-28.839971
-39.685224
-23.375278
-36.418547
-23.341274
-26.198474
-23.091869
-17.748747
-18.989615
-15.543137
-7.475281
-17.779740
-8.202006
-29.126114
-21.062538
-23.994669
-20.618117
-16.376202
-19.660489
-25.879889
-5.941526
-34.684481
-10.279254
-24.081983
-18.746972
-17.843919
-19.808689
-19.494991
-13.773066
-28.678194
-8.542644
-24.981960
-9.298151
-20.111920
-34.380224
-28.949337
-29.154653
-29.546345
-28.252679
-39.810154
-22.945450
-45.584738
-52.071241
-44.164114
-66.280683
-53.133716
-59.053900
-58.220196
-51.635459
-61.949710
-60.881617
-55.069968
-77.696520
-54.924403
-89.923984
-84.121564
-104.830054
-116.176699
-114.481497
-103.774397
-126.778401
-116.404351
-134.237486
-109.599176
-120.276467
-115.413619
-115.271449
-123.554066
-127.560703
-125.978159
-144.006023
-119.320741
-139.812800
-124.259988
-130.886887
-143.637976
-131.370155
-131.066794
-121.732807
-100.868686
-113.745521
-101.554711
-116.696542
-119.519814
-109.018349
-142.454892
-148.787954
-168.152599
-175.325346
-176.592082
-183.184207
-173.150365
-167.001300
-172.287015
-139.822013
-161.897267
-154.250241
-162.758007
-162.787695
-152.367006
-150.861034
-162.571852
-143.069632
-164.598974
-130.713165
-145.544517
-128.770469
-120.758615
-116.968655
-104.331979
-95.395985
-106.086880
-88.834165
-106.158464
-84.353667
-96.798173
-99.082007
-102.482417
-114.763306
-111.033576
-106.068763
-128.130444
-123.435379
-141.397431
-145.047822
-144.414999
-147.790550
-140.733428
-148.686847
-139.848684
-135.378862
-141.911021
-120.620434
-117.865640
-119.986250
-102.198743
-116.585640
-107.672398
-110.176775
-106.394000
-107.484092
-108.739203
-108.491247
-99.536904
-118.964590
-101.116166
-114.955226
-106.486241
-107.027519
-103.332284
-96.277999
-96.890441
-106.948026
-89.899563
-107.682571
-83.365074
-105.349710
-114.009313
-133.211901
-143.116652
-142.824569
-132.665500
-152.345782
-140.126317
-152.949691
-150.287394
-145.886649
-157.196057
-154.634462
-170.371610
-165.560526
-156.961337
-166.793433
-146.861795
-140.682459
-156.461783
-146.009657
-159.501309
-135.194899
-143.228627
-144.562378
-136.781795
-142.177079
-153.549742
-148.352717
-167.314853
-142.768072
-167.948401
-159.433603
-161.224268
-160.348762
-156.102215
-149.188004
-160.133150
-156.122501
-192.341297
-180.484612
-191.225120
-188.139809
-183.371815
-192.480690
-202.105291
-188.639297
-208.533360
-197.500758
-210.855905
-213.954668
-214.585961
-216.078021
-198.556470
-192.088779
-197.214932
-185.051867
-195.254822
-185.348827
-180.582961
-188.488050
-166.430579
-183.733509
-169.591016
-166.981545
-179.054202
-170.886886
-163.305494
-162.839592
-152.421070
-168.825673
-148.449171
-163.751294
-153.194533
-158.745533
-164.698090
-166.135545
-153.980617
-161.009867
-138.829451
-157.150956
-137.048696
-143.460115
-131.139619
-126.802145
-129.840305
-137.696578
-125.269202
-149.025452
-130.006962
-147.222539
-143.660595
-147.394317
-165.713335
-154.579831
-153.276776
-148.694457
-134.692087
-147.235121
-133.096064
-131.914303
-133.762057
-118.365254
-137.336466
-130.158851
-146.567652
-163.359870
-165.626684
-168.959473
-166.923202
-153.113687
-162.487455
-134.430990
-148.624997
-141.581226
-140.196434
-138.504359
-131.864921
-128.697401
-147.055404
-123.723024
-152.464111
-140.080274
-151.256017
-141.170371
-129.025313
-122.462080
-117.500476
-101.746668
-112.436388
-78.837081
-92.132334
-83.908126
-74.524323
-84.334620
-87.786795
-101.571505
-126.001295
-122.571062
-148.376417
-147.679228
-159.183261
-170.794061
-154.935458
-153.155238
-140.054476
-136.602864
-135.429046
-122.614058
-127.017306
-135.113130
-132.022379
-150.568493
-135.024418
-151.843639
-153.044937
-160.698958
-166.429839
-166.001370
-162.989291
-166.565482
-140.771812
-155.084550
-131.817608
-152.505486
-150.488613
-155.899883
-158.841400
-162.755701
-159.533671
-182.526824
-159.791020
-179.021880
-170.870498
-168.348060
-178.277736
-167.394907
-158.873842
-155.610907
-137.192076
-156.540628
-144.302970
-149.912190
-151.840238
-149.068830
-155.671657
-144.252702
-153.107783
-153.846854
-155.551219
-166.932077
-164.549170
-163.294425
-170.260555
-152.481963
-167.629866
-161.920977
-163.192806
-159.647907
-161.834322
-154.454942
-163.213851
-149.608697
-165.850098
-148.117973
-158.376751
-144.958735
-154.290493
-160.531554
-164.088551
-150.680624
-165.114522
-148.026207
-157.640246
-139.352053
-144.367346
-142.918988
-142.204286
-144.705749
-148.030093
-135.495351
-142.577048
-131.742981
-138.972087
-132.234801
-126.471893
-132.710314
-125.555668
-134.233987
-138.268152
-136.912281
-148.448113
-140.411123
-127.371268
-136.289467
-127.031284
-145.172506
-136.776465
-141.693189
-125.293655
-123.753899
-118.809026
-121.535779
-117.445795
-141.885780
-127.441805
-148.890594
-141.844663
-145.637504
-148.351825
-149.852265
-138.915556
-146.967318
-128.175193
-134.968373
-115.683079
-113.576043
-101.713148
-107.194893
-108.159784
-109.699815
-99.074705
-109.808399
-101.370636
-107.312578
-103.138627
-99.811053
-107.457337
-101.269883
-104.079340
-105.693760
-97.986017
-100.721361
-104.377314
-111.746014
-132.684717
-128.070882
-146.024899
-141.666688
-149.922712
-152.862924
-150.953381
-141.155667
-152.062050
-142.811915
-158.587424
-143.114363
-149.400457
-135.170143
-140.104971
-140.771386
-148.958093
-139.914225
-153.067692
-134.854227
-149.265391
-137.034547
-149.033224
-146.453239
-138.794745
-132.283018
-142.229657
-137.437680
-149.391288
-139.277382
-155.374891
-154.495643
-150.886298
-157.872597
-152.770188
-148.101453
-141.124470
-118.619086
-122.140127
-118.577245
-112.146350
-121.385013
-114.773117
-125.147880
-117.337458
-122.356275
-123.473653
-113.475346
-109.715833
-118.171566
-103.216037
-113.866596
-88.930202
-104.186613
-92.300057
-95.465885
-88.195031
-95.126980
-90.513871
-122.904385
-110.924741
-135.258927
-133.800745
-150.054518
-152.301415
-147.702244
-151.763731
-156.887048
-140.131180
-161.807756
-145.317486
-161.251257
-168.429230
-174.138056
-185.030190
-185.179549
-191.220121
-197.627491
-176.378420
-184.288823
-180.996871
-177.274672
-187.438606
-175.541679
-199.175061
-201.077242
-208.855173
-223.059858
-227.506601
-235.321493
-251.117586
-226.413436
-237.582570
-208.141783
-214.899348
-205.794522
-197.720222
-196.605038
-189.547010
-178.321317
-189.875718
-171.995502
-193.575861
-176.316948
-183.506012
-189.411104
-189.889849
-184.335162
-182.066393
-160.218290
-188.624711
-151.870694
-160.074617
-165.129451
-163.387202
-181.716960
-175.405782
-182.083953
-201.109767
-198.760467
-216.238074
-198.699648
-177.443097
-186.572365
-156.061834
-152.240352
-132.030686
-118.328811
-135.491198
-134.101306
-151.111539
-167.648358
-161.602950
-183.502866
-164.497047
-178.628704
-167.746032
-160.497782
-154.723446
-145.893337
-138.532192
-156.154926
-135.795324
-168.647999
-158.082496
-181.303557
-194.888788
-216.902531
-240.326036
-245.083978
-228.076008
-239.787184
-201.784694
-199.829676
-176.420765
-171.054737
-166.356508
-145.683112
-140.958240
-146.825919
-124.306832
-152.118059
-149.122258
-152.655770
-156.828844
-154.130407
-180.698618
-173.866857
-177.930127
-174.994581
-155.228792
-155.701114
-158.559150
-146.800628
-172.388894
-157.104758
-169.670988
-163.805969
-162.580734
-176.669013
-175.156241
-186.694090
-210.125922
-184.644736
-205.792414
-183.366767
-194.071955
-196.172903
-198.660144
-200.653659
-203.190438
-189.860651
-200.081796
-184.180873
-213.570563
-200.904814
-196.937668
-196.239484
-179.934727
-182.174239
-191.370966
-174.422353
-195.162274
-182.098436
-188.020172
-189.024242
-174.179042
-179.889701
-170.331418
-181.326094
-177.568389
-172.779012
-181.845445
-183.347275
-172.429283
-185.440363
-178.813785
-200.652910
-194.811833
-191.271699
-194.440143
-207.653543
-208.389381
-209.988395
-186.619988
-205.067870
-185.383710
-193.889841
-186.331039
-184.322102
-191.042823
-198.555260
-190.558557
-204.441640
-185.997389
-217.160497
-213.887302
-209.541122
-200.451155
-191.582353
-184.257539
-181.109830
-169.303516
-183.932594
-169.289718
-173.233971
-175.809142
-169.755802
-184.746222
-190.437506
-192.894548
-196.367964
-180.344414
-189.115768
-180.298569
-174.560265
-184.048190
-176.127657
-187.469248
-175.643510
-167.992412
-164.890657
-162.379142
-157.189304
-170.704512
-162.416905
-185.036273
-162.000787
-174.760413
-165.243640
-156.449042
-153.094879
-142.758720
-125.967383
-140.954227
-123.460705
-139.106456
-129.839860
-137.830427
-156.183941
-163.358127
-157.439267
-170.872200
-165.692599
-188.555304
-170.306786
-177.311759
-167.621279
-153.265052
-162.428929
-155.588423
-144.532340
-144.607249
-132.096622
-137.424640
-138.351395
-125.647403
-133.273185
-107.411704
-106.446804
-106.785681
-106.273057
-119.390462
-116.313393
-109.722410
-121.465758
-108.749684
-115.057685
-98.663656
-121.435587
-122.259774
-123.739531
-127.899406
-141.309782
-126.601173
-143.079133
-115.838258
-129.259471
-123.608989
-134.704247
-132.868581
-121.053721
-125.652348
-142.847517
-124.550026
-139.376235
-115.016401
-117.376658
-113.326372
-109.991026
-119.641379
-114.489742
-116.662136
-130.407178
-113.409575
-123.341234
-122.267170
-115.079700
-121.228430
-101.571502
-103.463199
-91.239280
-78.185952
-78.009392
-66.037790
-61.290415
-84.431401
-78.377094
-97.603717
-87.788952
-96.960633
-99.326822
-90.233668
-80.789047
-83.917823
-70.444918
-93.221426
-60.650192
-76.651792
-59.450569
-63.663667
-66.206182
-70.628443
-65.506754
-82.493468
-64.663794
-78.360834
-62.580893
-82.504081
-94.245726
-87.952677
-106.462907
-118.331338
-115.072857
-130.906288
-108.891211
-113.853532
-104.713945
-90.646167
-102.007903
-91.885965
-100.394260
-106.925938
-109.459326
-127.857193
-134.051749
-140.550314
-154.372486
-138.370854
-163.718048
-163.473825
-181.427868
-175.520687
-162.364033
-150.111637
-148.610311
-131.386248
-143.299454
-113.898225
-126.919001
-108.357385
-122.226644
-130.057840
-140.680802
-152.593560
-171.035241
-155.663397
-175.760291
-152.349718
-161.774394
-158.212895
-157.874685
-166.660123
-166.780454
-152.739797
-156.386768
-142.876244
-154.558284
-139.398430
-144.259697
-160.621871
-156.296172
-169.190986
-158.557002
-151.450716
-161.967508
-151.185433
-153.469058
-157.467188
-145.398905
-166.672615
-146.752459
-159.179141
-161.547385
-164.430167
-170.657179
-177.198536
-169.735162
-185.005304
-162.121263
-178.077168
-161.136372
-165.533956
-162.066398
-157.089660
-158.244358
-167.917740
-151.140581
-169.246573
-152.946817
-174.332765
-166.263056
-156.635111
-155.005943
-151.900917
-151.611529
-168.959523
-148.837415
-166.545555
-161.934471
-171.370619
-180.827646
-163.968546
-172.610377
-172.635003
-172.245712
-180.090356
-166.694604
-173.735636
-173.629684
-154.127568
-155.304134
-147.291089
-165.512503
-157.607569
-150.061069
-150.544381
-160.877575
-145.552867
-157.137613
-134.539596
-146.598828
-134.182369
-142.342630
-135.247573
-134.592945
-135.731425
-142.776237
-127.887291
-138.908952
-112.063309
-124.262748
-113.962433
-111.769756
-110.863825
-119.745804
-117.632959
-121.874367
-115.464465
-125.938852
-116.624961
-125.610390
-125.171335
-129.683376
-140.245050
-134.935810
-128.023541
-126.091525
-114.709488
-116.359794
-111.694907
-107.362187
-120.711014
-109.805585
-118.847321
-121.545582
-121.781914
-127.209629
-137.142757
-129.619735
-136.046320
-117.002975
-127.087706
-110.473904
-122.708805
-111.146406
-106.466521
-103.437361
-111.352796
-105.335591
-119.239973
-108.697507
-118.262934
-107.318311
-120.359527
-110.181652
-116.826746
-112.449383
-113.314111
-98.935524
-111.117971
-105.319674
-121.236205
-119.173053
-113.914015
-113.370801
-113.858998
-115.275529
-118.289014
-111.829171
-119.388076
-114.361369
-102.625148
-104.882776
-88.445638
-90.118634
-76.021784
-82.701572
-88.677475
-95.962704
-89.870438
-98.476688
-93.603222
-108.200701
-95.567550
-107.521024
-109.981700
-116.023088
-115.968948
-125.116785
-119.187612
-141.265168
-125.417449
-133.706057
-116.731348
-130.373383
-133.862873
-138.853909
-140.232505
-157.948730
-151.701747
-171.082603
-147.778594
-142.717102
-132.705362
-129.908658
-134.770918
-132.581238
-117.381221
-122.214922
-108.977856
-119.971115
-119.070573
-120.266416
-132.322039
-122.340612
-132.972322
-134.737799
-131.271311
-123.137503
-123.350668
-118.576392
-125.833904
-111.711164
-125.430716
-106.574508
-107.518675
-102.782355
-106.022599
-98.798630
-109.256665
-103.940318
-126.954959
-109.259189
-128.311750
-128.220412
-132.509050
-137.845819
-139.225032
-124.597839
-129.349204
-110.376489
-125.058559
-113.352232
-125.376314
-138.318114
-156.929858
-166.104346
-171.366957
-175.363582
-188.149836
-165.556296
-163.753396
-143.945721
-126.278298
-134.507401
-116.336614
-115.809231
-112.947284
-107.780408
-124.096856
-130.332795
-132.611596
-157.413525
-147.562969
-157.877963
-147.479461
-152.364359
-143.564076
-140.693473
-133.985629
-140.468515
-122.052047
-138.488750
-115.688896
-137.586150
-138.072161
-146.239582
-151.551129
-155.283528
-139.156664
-136.978165
-114.802644
-134.454946
-111.543230
-108.008355
-105.995222
-103.812958
-96.315464
-102.410091
-97.490083
-119.472458
-110.799901
-118.933594
-112.491132
-109.149099
-126.909755
-115.761874
-116.974565
-114.025136
-112.178358
-124.499907
-124.593804
-128.696207
-138.166875
-121.611149
-141.037925
-129.587988
-133.026504
-131.893208
-123.761609
-120.074949
-131.851099
-115.448490
-136.185180
-117.305462
-129.591433
-117.339475
-115.821616
-121.015591
-118.663970
-113.911039
-126.104868
-106.373753
-133.709686
-108.268322
-114.976861
-112.113218
-103.481248
-98.679887
-100.637204
-97.248561
-117.195945
-100.577174
-122.668566
-124.842715
-129.166174
-144.251322
-135.240985
-137.217456
-133.188248
-120.332471
-124.107371
-112.425279
-120.008704
-137.144687
-116.597610
-133.530664
-126.794457
-132.187799
-140.385431
-136.702240
-136.981400
-125.938276
-113.005061
-135.916367
-102.168461
-122.175152
-107.429621
-108.303268
-115.936149
-116.241198
-113.649724
-128.899353
-111.005963
-137.838630
-118.445023
-132.121447
-121.591852
-119.287533
-131.097669
-131.183145
-116.745830
-128.178061
-109.334226
-125.089246
-118.229453
-119.830394
-133.834879
-128.854312
-137.199067
-138.315222
-128.543393
-134.976149
-116.765070
-113.993587
-114.992832
-97.932832
-121.545059
-106.696106
-109.086437
-112.298242
-118.732111
-135.961564
-145.086489
-136.140142
-148.961158
-124.191592
-148.637698
-122.083570
-113.430730
-108.760959
-93.565322
-86.193268
-89.009014
-61.624770
-92.594884
-76.002048
-106.653211
-110.526397
-116.052147
-117.661460
-115.104693
-116.575847
-140.102301
-131.180958
-155.444713
-143.782175
-150.484798
-153.297652
-141.351515
-149.154135
-142.516921
-134.996958
-154.011467
-132.487276
-134.440308
-134.480301
-118.884322
-125.053356
-110.327504
-123.873056
-122.611463
-117.250954
-125.439513
-124.128634
-125.396181
-137.851778
-122.244306
-160.090947
-148.225502
-164.844816
-171.314116
-169.693079
-164.934946
-161.881443
-131.719448
-145.136692
-121.428484
-141.416842
-129.957019
-121.722192
-118.272409
-119.317336
-114.645571
-130.628917
-114.291867
-134.501083
-121.590699
-129.674219
-134.183238
-129.172268
-127.559440
-125.385513
-119.601719
-134.601658
-126.590093
-138.066886
-131.959001
-126.469663
-144.901339
-133.606525
-141.466280
-143.245136
-141.907671
-153.534333
-160.351611
-154.249062
-176.210542
-160.838128
-172.169476
-149.659901
-156.536609
-154.144737
-154.635945
-148.787615
-152.771263
-127.364469
-142.099085
-119.721332
-144.231417
-137.664127
-151.703032
-165.063280
-167.955576
-171.337918
-191.045477
-178.515824
-183.928633
-155.887797
-153.854747
-142.560272
-129.413164
-128.678748
-129.530903
-130.295497
-140.783442
-133.817327
-146.516704
-148.011901
-147.459882
-163.903461
-153.365291
-165.920255
-159.800025
-151.302059
-153.367017
-147.635458
-137.435449
-137.847927
-115.860427
-124.594945
-106.247874
-116.421468
-115.298768
-109.895166
-116.869292
-128.084939
-113.768256
-128.612243
-100.574982
-106.684530
-91.170676
-103.072026
-104.688109
-101.389653
-93.088777
-106.424143
-90.607321
-112.642073
-91.250632
-96.339547
-95.965104
-93.724110
-100.161223
-98.603839
-95.917153
-110.268678
-89.373727
-108.062921
-101.992918
-96.636513
-103.724191
-89.709538
-96.114998
-90.925287
-85.025065
-85.362609
-83.934285
-89.072451
-103.967367
-95.585137
-116.760190
-105.259833
-102.632091
-96.582096
-85.528767
-75.739473
-76.712273
-59.443904
-71.652259
-47.229020
-73.081190
-75.812124
-85.059148
-99.441521
-108.540584
-106.983117
-130.783040
-121.588514
-159.055171
-146.143365
-149.032686
-150.222385
-140.323931
-137.752212
-139.254038
-125.602535
-147.898387
-134.123509
-152.593293
-163.333157
-162.976577
-180.753759
-176.797934
-180.483586
-180.908831
-172.000971
-167.031641
-154.104434
-156.852305
-166.922053
-139.895625
-159.573627
-153.737801
-173.406322
-182.007159
-176.916600
-175.166430
-179.176383
-164.965943
-176.119016
-153.571119
-176.181022
-160.136419
-159.429216
-164.346996
-161.015339
-160.268767
-176.535364
-156.505496
-182.309745
-167.352019
-169.430017
-164.540186
-159.356822
-153.316542
-146.079842
-120.349935
-128.102600
-92.400473
-109.137006
-98.172679
-87.041698
-100.693428
-105.087809
-108.607749
-112.598889
-105.371004
-118.407568
-113.361824
-107.878147
-106.387129
-82.528712
-90.228098
-79.798175
-84.272531
-94.292292
-92.353441
-107.810018
-128.078295
-129.626055
-167.191651
-153.872700
-167.907777
-150.061056
-135.693263
-121.268190
-116.424893
-103.149330
-108.654367
-92.324442
-115.428940
-96.081988
-109.058167
-107.349399
-110.942158
-116.651966
-113.776999
-92.507865
-100.883105
-74.788987
-86.963784
-76.165142
-72.533250
-68.210251
-62.927243
-63.881307
-67.374497
-64.432080
-80.264095
-76.571464
-85.963411
-97.912527
-83.713547
-89.435233
-70.659473
-65.581322
-58.178638
-47.471953
-42.878108
-44.461296
-30.468405
-45.419748
-23.408969
-41.341635
-42.308890
-49.882928
-51.571394
-48.217311
-42.213388
-49.162338
-30.678127
-41.355701
-19.916586
-30.503267
-12.284403
-8.761413
-8.437369
-13.205853
-4.136855
-11.050987
14.833761
2.749264
23.651349
19.569817
8.783685
-0.815566
-9.711491
-12.479145
-4.195610
-19.183151
-14.600414
-27.773027
-36.810536
-30.269923
-32.706152
-20.211823
-31.798465
-31.178381
-31.437979
-39.227610
-43.727722
-47.651654
-70.037371
-62.832431
-84.399334
-84.178252
-101.959890
-98.926699
-98.776310
-95.514858
-102.458622
-83.456674
-104.779394
-92.583779
-109.823160
-101.579884
-108.427606
-104.730998
-116.254543
-106.514972
-117.462791
-101.428888
-115.927418
-110.132418
-120.372912
-115.990349
-107.936469
-103.056093
-101.114244
-99.337024
-109.523581
-106.398973
-116.442327
-116.057926
-118.924667
-121.918838
-120.100436
-133.540265
-134.076905
-140.597480
-145.285174
-151.732609
-152.608605
-166.771087
-147.042084
-154.260359
-152.734994
-153.656898
-150.864743
-160.460280
-150.839046
-156.755677
-144.090235
-153.367626
-129.746449
-135.560272
-126.557905
-148.422643
-143.857169
-158.603509
-139.429127
-152.980819
-148.587718
-154.452714
-151.848174
-168.368948
-167.391250
-177.149894
-191.440860
-196.633028
-184.394746
-183.004931
-159.680312
-151.659590
-136.263521
-136.440878
-142.542736
-119.536577
-145.192412
-157.907882
-157.739571
-172.961799
-185.566632
-192.563548
-199.170874
-183.951262
-189.700167
-181.057878
-170.504244
-161.145924
-161.788955
-152.620199
-150.954978
-127.787787
-144.155107
-132.990879
-142.395005
-139.029241
-152.358952
-149.940548
-157.124238
-150.464553
-169.498074
-159.604044
-174.026032
-155.806195
-160.396526
-145.024504
-138.314471
-134.158301
-151.685931
-128.181877
-136.878593
-134.942358
-136.299567
-136.086984
-134.222918
-144.627475
-151.305250
-145.112815
-137.716984
-127.116306
-133.120025
-132.080928
-130.770559
-141.293611
-131.108473
-133.353738
-117.921701
-103.027849
-97.899675
-79.691883
-87.633544
-92.185175
-75.757248
-109.893579
-94.170212
-112.808480
-108.091065
-116.500849
-119.709530
-120.180982
-106.432878
-117.287011
-99.479493
-110.578032
-94.920151
-102.877157
-116.927636
-112.914318
-109.765187
-123.444748
-109.337654
-123.018523
-103.233635
-117.100667
-121.288475
-108.535903
-126.477651
-120.129595
-121.534037
-129.505535
-125.496069
-140.212161
-144.350780
-151.188455
-161.542957
-144.291543
-151.865871
-141.157936
-150.243181
-151.512871
-142.791397
-148.846736
-158.506387
-138.129002
-155.488703
-138.050771
-144.395379
-136.101273
-148.250372
-138.039221
-140.000506
-130.986434
-158.073129
-146.989213
-173.402876
-148.434019
-156.670237
-154.809537
-149.367354
-149.356148
-153.513829
-141.292683
-160.322375
-146.075649
-164.793512
-160.448827
-161.263486
-171.252701
-169.724693
-161.166608
-170.583673
-163.555957
-173.762954
-164.916904
-170.834301
-189.693891
-177.888162
-192.608758
-187.967901
-194.269171
-205.875962
-197.598679
-196.323817
-197.773463
-182.512408
-200.728758
-171.773334
-183.082872
-165.789305
-157.772210
-159.188587
-167.235958
-161.740704
-180.875448
-151.941859
-159.635369
-132.492122
-137.875770
-133.498892
-132.709684
-142.894363
-156.244055
-141.710688
-166.718655
-146.326020
-167.750794
-171.747197
-182.306009
-204.974466
-202.592455
-190.931625
-191.743035
-164.635945
-170.560789
-158.012333
-157.797883
-161.154021
-140.550848
-143.662747
-140.271935
-146.109269
-160.767339
-155.645692
-165.027442
-176.540272
-157.237190
-179.111854
-164.991461
-179.534711
-175.551986
-172.371880
-172.420063
-161.431335
-147.746550
-158.075981
-139.567062
-167.085919
-155.088914
-176.567723
-185.640284
-193.270480
-198.924311
-196.873672
-176.520924
-189.164628
-163.672797
-180.997132
-166.111546
-166.881130
-174.048430
-155.073647
-152.504670
-158.458982
-146.135174
-165.595294
-161.807351
-173.050611
-184.791112
-173.885848
-187.900714
-176.209176
-182.000399
-188.919582
-167.493310
-158.659706
-159.985391
-156.733608
-189.936439
-183.790907
-203.883791
-201.173676
-213.962364
-228.327998
-223.873085
-225.255714
-237.742470
-213.138819
-236.180928
-210.375527
-218.168753
-207.070915
-205.626060
-213.442525
-224.104005
-212.384598
-238.059654
-218.550075
-236.368282
-227.051377
-223.003327
-214.298500
-197.399395
-191.050392
-203.854292
-184.925983
-204.670791
-192.432015
-207.624441
-214.289665
-205.167414
-209.838817
-198.872973
-199.563831
-205.771226
-200.754017
-209.597449
-202.782006
-189.309542
-204.506365
-181.549717
-191.481925
-178.191207
-175.227658
-180.958097
-182.438948
-179.899398
-189.554229
-168.760145
-188.960626
-166.143376
-169.950138
-167.784447
-169.183805
-173.766709
-176.333803
-166.885058
-190.876947
-184.431883
-206.299561
-195.839246
-199.477577
-198.573194
-192.873748
-194.349554
-205.230889
-191.058101
-215.215029
-208.761072
-217.924277
-221.510149
-205.118534
-200.680279
-200.013063
-208.248573
-220.613125
-217.697232
-234.343991
-229.188694
-220.788456
-231.430740
-219.938178
-238.476322
-224.995260
-222.306534
-219.295367
-212.771316
-204.939724
-216.255649
-201.137278
-219.610387
-206.426909
-226.317757
-221.675091
-214.899354
-218.126187
-218.159529
-203.558867
-223.410939
-200.724692
-218.281272
-205.091580
-213.518763
-211.190386
-205.955632
-204.907128
-208.471151
-187.881352
-207.932884
-190.716657
-198.542004
-195.911779
-197.795081
-206.370568
-200.415504
-204.722353
-210.566316
-195.801691
-194.125225
-182.327827
-170.297007
-175.925738
-156.731917
-172.379070
-164.724280
-152.804220
-157.497958
-152.012322
-151.776359
-167.845055
-144.901876
-158.782106
-137.758125
-147.180546
-136.911315
-134.087326
-126.803130
-139.404627
-135.162374
-143.456843
-125.498915
-156.189116
-148.237341
-153.310407
-150.587053
-143.379621
-137.027113
-137.148686
-120.319620
-149.060893
-131.938378
-145.668404
-143.766641
-145.530076
-170.504332
-175.102019
-174.013033
-183.190583
-166.639687
-178.618728
-174.130649
-170.605445
-175.236704
-157.612574
-168.160704
-163.947021
-168.304120
-165.726240
-167.381568
-173.268403
-178.278450
-163.533126
-185.266858
-159.024708
-167.525665
-167.943534
-153.203895
-155.435771
-159.724502
-144.811864
-158.716456
-127.916614
-146.837729
-130.252391
-141.998515
-136.986335
-133.470805
-139.706187
-147.349473
-122.014762
-133.424729
-101.965824
-111.325897
-101.216797
-95.176408
-103.587316
-117.146556
-120.083637
-119.051864
-102.491151
-114.883519
-111.543972
-97.742923
-96.400803
-72.479999
-79.871733
-80.200701
-69.803406
-79.481095
-82.426089
-85.681683
-92.920953
-88.002844
-113.571578
-94.963940
-100.731935
-103.543479
-103.649552
-104.001829
-110.864537
-99.974239
-114.139394
-88.211105
-106.397669
-91.088696
-108.374372
-116.138025
-119.182006
-119.248972
-126.328645
-113.764380
-143.701750
-136.496671
-160.730438
-157.339289
-147.028446
-155.853775
-151.962496
-154.885905
-170.942596
-151.209471
-178.236042
-174.253921
-171.725711
-178.988402
-173.885231
-188.796519
-182.198592
-177.932989
-181.417542
-174.778052
-180.712363
-179.964027
-162.273808
-181.764397
-176.519723
-187.270040
-182.977697
-174.904299
-175.723810
-167.466343
-141.374941
-144.080995
-117.636344
-142.459340
-121.736250
-128.987685
-131.687510
-126.732648
-125.142969
-136.459239
-121.906010
-150.013848
-130.865490
-141.614109
-134.032801
-127.670437
-132.045014
-130.613305
-130.718304
-141.172294
-125.580053
-138.506834
-126.848997
-127.014199
-133.564040
-123.471519
-130.206001
-125.614886
-114.251304
-129.304159
-118.692269
-125.534942
-135.246946
-127.144154
-158.063022
-148.152149
-153.758132
-142.861707
-131.419403
-129.674009
-127.662550
-119.283120
-133.923447
-115.616335
-135.411304
-125.722991
-135.853311
-135.716191
-132.078031
-128.542473
-136.260476
-122.332737
-136.872253
-105.215606
-128.771521
-124.429275
-118.216414
-127.242113
-127.700412
-120.884091
-130.140765
-115.557807
-137.269618
-120.091462
-124.977984
-124.758613
-107.239275
-114.432876
-106.249104
-98.646723
-107.087371
-101.720195
-115.036913
-122.232930
-124.039825
-142.561387
-123.685109
-135.330236
-139.671086
-134.340473
-130.134705
-118.006469
-113.138402
-135.762902
-120.196646
-138.625501
-136.888412
-157.994009
-164.540132
-171.911246
-167.903293
-165.454536
-144.994191
-159.949915
-125.637998
-136.852244
-126.740607
-120.420787
-113.977602
-109.553934
-100.450715
-107.574014
-101.561804
-119.178227
-108.743982
-112.621787
-118.628273
-116.499096
-120.808200
-120.345452
-108.412495
-112.369219
-93.905303
-99.600832
-94.568546
-84.672610
-96.438245
-86.992312
-102.496191
-112.977930
-113.236122
-100.872436
-89.777783
-82.408982
-92.404229
-73.875710
-85.249379
-63.700675
-67.845492
-51.137296
-47.933983
-49.836947
-61.905113
-57.958272
-71.793726
-51.864207
-72.303580
-71.540874
-80.409655
-77.575731
-66.350474
-54.322183
-57.034786
-46.921033
-64.659485
-58.127470
-69.328467
-70.481215
-74.282488
-79.734956
-80.706647
-79.700566
-91.783910
-80.270774
-80.336813
-75.708449
-70.620089
-65.387124
-51.841802
-58.144687
-52.145747
-51.679333
-51.909774
-53.248131
-40.723776
-46.119079
-29.840305
-39.072062
-17.852703
-27.621252
-9.715385
-13.027344
-9.718578
-15.934389
-6.497459
-24.390804
-5.464167
-22.477541
-14.032623
-22.563821
-11.589373
-12.768367
-8.260073
-9.031645
0.984372
-20.643786
-14.861794
-32.981196
-30.889274
-30.411239
-22.004116
-21.781750
-19.184980
-15.621009
3.321320
-4.534381
-1.485474
-9.339051
-14.252894
-11.109389
-27.019195
-36.293219
-38.892553
-34.388345
-40.759634
-46.070683
-47.601030
-20.265980
-25.362072
-5.888388
-10.073402
-4.599969
3.008123
2.642500
-13.867675
-17.543947
-42.217034
-32.523211
-56.730878
-41.870162
-43.764049
-31.775255
-19.430066
-0.251979
-8.322993
5.657128
-1.318461
22.469489
15.441310
19.912021
0.141647
-5.763734
-14.162281
-18.268347
-24.582745
-8.120563
-0.681010
16.915816
28.875555
36.928488
54.228137
61.637128
76.955349
74.848997
71.847951
72.810237
67.681042
55.702111
56.162651
34.595689
46.179757
48.140723
65.204329
68.366164
79.843002
76.484066
94.120242
90.772564
109.577543
90.114897
100.095718
89.876183
96.618963
88.619551
80.587958
67.819945
74.915412
55.434206
67.189207
59.148065
77.232068
85.137657
95.792837
93.206252
100.702520
89.718709
87.121572
62.209220
66.336162
54.559607
35.200155
34.045535
31.232887
29.837488
36.937099
39.919492
45.075202
44.631602
49.594774
63.131342
50.186826
59.870755
50.432910
43.848308
31.610943
15.374272
-4.151311
2.897844
-9.546890
12.712343
8.854035
28.562293
38.976211
36.769124
29.301234
28.125418
9.468869
20.978486
-9.841654
-2.883349
-18.386192
-17.798637
-20.889226
-25.031369
-24.368392
-13.173773
-17.907150
16.077459
4.119538
11.124786
1.193285
-10.128163
-8.191859
-17.874325
-28.833037
-29.757330
-36.528177
-20.606639
-21.831743
-21.202957
1.103130
-1.906815
10.187662
3.020432
8.428013
6.467189
-1.650698
-9.182597
-11.380383
-31.999394
-23.446454
-52.567908
-51.048772
-60.887310
-48.977143
-34.708667
-20.039329
-21.958151
9.531471
-3.854898
18.012598
3.072590
9.744333
11.720697
-0.786668
-15.158269
-13.572818
-29.746488
2.684859
-8.427918
15.823423
23.304159
26.967387
39.820179
25.839440
13.567802
6.112326
-17.455110
-18.749831
-34.579213
-42.840587
-28.847736
-41.936574
-14.548286
-10.742874
-6.630907
19.292759
18.477602
14.117368
20.396389
-4.244530
2.220025
-26.776128
-23.649897
-40.055675
-48.798104
-45.535079
-32.097495
-27.282891
9.088360
-7.312977
22.192505
8.264637
19.319393
6.026330
-14.808718
-34.689038
-44.495326
-66.300006
-49.817057
-63.322318
-29.129362
-15.305865
-10.626019
13.312204
14.867034
20.338296
28.879887
6.665814
18.279094
1.403878
-10.199683
-6.764474
-26.574275
-18.139167
-25.242578
-24.948287
-13.008971
-10.939709
-2.052583
5.554757
1.212162
34.270137
12.732991
25.776889
12.592027
12.075628
8.356840
2.213869
-12.315274
6.749403
-12.017079
10.431458
-6.737510
5.608533
12.060415
8.588229
7.861854
16.626141
5.682007
25.861950
-7.927453
6.741671
-4.010333
-10.637572
-3.131842
-16.763446
-14.837906
-2.279958
-14.495218
8.214327
-0.712034
0.054564
8.965186
-7.365216
8.109928
9.054539
15.888602
27.990682
17.216587
25.334150
30.913433
19.962794
42.529984
18.006437
22.939138
7.119935
-3.588579
-3.779552
-13.840419
-19.480473
-5.722471
-27.835923
5.334335
-0.535581
23.014108
23.440035
23.848968
30.450601
30.339152
4.845880
12.880797
-19.640411
-2.562317
-7.180613
-0.855330
16.164828
13.414518
26.404388
37.666924
19.065801
38.516415
19.287449
15.485694
17.853821
-2.139814
5.401028
-10.584051
-19.766240
-6.784161
-14.945685
6.847427
7.262624
5.959719
30.841999
4.193744
9.682479
-7.942594
-13.740493
-20.681894
-25.630099
-28.778802
-18.730249
-39.344057
-8.630986
-16.850736
6.291476
18.614973
21.581393
20.132129
28.873442
12.376514
21.921405
-9.045293
7.667407
-11.828982
-18.821102
-13.939501
-17.431276
-16.979278
-4.771120
-18.039626
2.573549
-9.946704
-1.121436
2.480147
-10.076097
-10.692531
-14.205982
-11.352747
-2.554407
-17.956359
-20.494457
-30.917243
-42.001120
-25.919922
-41.787242
-26.427237
-41.421726
-44.178333
-34.438823
-31.369459
-31.955403
-12.355632
-31.195866
-15.070472
-47.658609
-34.716829
-44.580905
-53.754686
-47.898837
-39.970956
-43.997843
-21.853305
-45.691137
-26.236274
-34.723113
-30.145060
-31.576091
-43.647303
-42.655106
-36.548880
-51.029575
-42.676393
-57.159692
-44.497012
-45.309661
-38.768044
-27.108210
-38.782704
-28.891532
-13.230385
-19.557759
-11.586766
-16.141487
-27.770616
-19.362819
-32.652317
-22.133726
-34.680395
-43.261899
-44.604491
-43.960797
-35.602507
-29.266087
-38.670494
-19.046988
-31.915552
-12.524185
-19.593195
-26.273900
-33.559437
-40.394141
-56.571857
-49.529072
-82.746549
-54.850485
-58.648648
-42.457313
-29.465603
-28.032253
-33.464016
-32.374071
-44.852182
-23.684536
-51.134841
-35.016002
-37.775671
-44.663494
-51.624387
-57.656460
-51.054176
-41.933496
-52.610236
-35.441628
-35.176812
-27.391282
-25.110597
-47.048241
-44.779519
-63.086965
-63.868970
-65.403675
-68.552888
-62.851963
-55.880481
-75.597160
-67.444046
-99.783602
-85.327721
-90.504487
-90.506181
-92.182196
-91.308902
-93.995746
-79.900657
-106.970404
-92.951961
-114.428654
-108.802423
-116.702796
-122.297766
-123.133569
-121.330787
-128.961143
-106.109497
-121.180336
-103.784537
-108.974995
-121.365275
-119.769373
-121.663922
-125.703086
-120.149693
-134.217215
-118.491403
-128.784324
-130.818684
-122.795083
-131.688919
-113.598144
-117.717333
-108.177637
-92.522746
-95.205108
-89.804708
-83.380987
-100.004222
-80.517076
-100.620162
-92.258765
-110.615561
-119.915080
-120.711451
-122.309961
-121.387716
-98.975975
-112.203597
-74.579301
-76.580204
-61.291019
-53.096224
-40.107461
-28.971712
-24.181886
-42.700215
-23.836308
-50.947198
-47.684986
-65.036776
-68.359254
-64.539231
-71.092545
-70.882127
-66.183223
-77.535473
-56.486394
-67.379599
-65.171340
-53.224114
-65.359753
-49.629616
-60.037241
-59.353481
-44.808669
-47.981922
-44.017023
-46.624500
-65.128847
-52.476413
-72.567791
-61.932526
-60.361317
-64.073009
-60.942533
-55.998875
-55.348843
-33.194613
-41.597320
-16.368286
-33.245577
-20.502219
-21.375509
-25.471729
-27.252166
-26.109338
-41.379855
-18.573181
-36.445265
-17.574566
-17.360822
-12.270233
-8.996732
-14.952045
-21.752854
-12.451308
-27.673677
-9.780847
-26.664487
-43.727645
-42.267094
-55.427208
-55.795279
-71.686044
-82.456862
-76.870306
-82.087719
-76.424908
-73.267826
-80.180414
-52.874496
-76.046532
-73.366691
-89.270731
-93.127600
-98.501506
-105.810711
-122.138527
-111.091713
-129.221103
-102.500952
-112.726919
-102.721290
-98.531381
-95.708632
-92.564275
-77.828566
-99.162373
-84.203674
-111.938225
-103.689100
-115.034255
-120.854030
-108.758303
-98.169747
-102.931598
-83.156626
-97.967182
-70.715656
-78.162170
-72.307232
-67.014633
-66.678916
-43.199989
-51.520373
-60.887853
-48.120414
-55.496935
-55.335254
-50.432855
-53.755060
-26.560817
-38.583077
-32.687734
-42.609841
-40.185933
-29.395255
-29.115461
-30.856116
-7.568629
-24.360777
-4.246073
-21.219960
-12.361378
-16.684874
-30.015359
-34.573142
-28.218135
-44.112955
-16.029378
-37.526170
-12.214480
-17.409819
-14.896037
-8.353873
-14.825145
-19.822056
-14.128254
-42.984686
-28.632370
-36.582183
-29.838628
-21.804199
-26.019801
-19.334270
-24.732732
-30.334561
-18.315211
-32.347150
-29.665409
-26.806086
-34.819058
-28.154697
-40.665885
-37.482196
-36.792177
-41.065137
-43.329697
-38.280455
-40.537644
-29.442993
-54.304730
-41.725248
-58.660540
-54.299425
-58.818097
-56.586703
-61.343583
-63.221521
-77.082665
-55.850614
-79.872966
-61.129670
-65.661273
-53.581921
-52.395979
-48.321054
-51.350046
-40.750926
-49.748801
-34.763200
-57.699820
-71.510243
-87.522751
-111.971290
-122.902680
-135.093958
-144.608056
-131.920245
-121.929032
-86.451678
-66.181602
-63.028196
-47.358206
-55.725104
-40.330084
-46.093629
-58.337245
-59.910894
-72.423025
-84.500766
-81.654509
-105.879938
-94.818905
-116.082657
-98.281163
-94.496264
-92.325350
-86.708592
-68.238975
-71.138581
-47.552097
-65.603144
-57.219068
-78.953661
-78.152484
-78.384973
-81.669510
-98.406097
-93.594835
-107.201078
-81.851737
-87.755301
-75.140131
-68.128615
-62.250660
-56.590044
-52.607383
-52.987651
-50.831290
-66.705962
-65.175609
-75.903643
-80.372974
-65.443115
-66.871965
-57.837079
-52.661655
-48.438922
-37.518561
-30.392832
-25.303460
-13.796246
-31.282434
-26.761406
-57.950586
-67.769285
-81.490125
-85.373483
-96.520922
-92.208996
-99.413686
-84.746170
-96.229477
-72.470862
-86.021381
-79.865435
-76.233796
-69.966196
-75.628185
-71.199171
-83.570487
-77.563445
-95.141852
-70.645164
-72.227660
-74.058135
-75.612922
-67.696291
-66.371598
-66.387600
-81.337385
-80.856147
-87.380950
-87.821031
-90.639338
-95.115645
-91.579838
-102.029536
-100.401942
-95.174907
-90.143843
-86.937739
-78.837015
-81.560977
-61.438776
-69.096443
-58.758772
-65.829266
-58.866200
-72.413587
-67.324408
-81.058750
-70.670456
-88.860770
-70.446575
-77.990174
-72.791636
-73.496738
-62.502908
-64.433020
-49.162375
-57.704925
-35.794905
-42.788428
-25.815471
-35.046002
-42.720823
-56.882176
-64.533884
-74.853731
-73.069785
-83.163248
-78.533172
-79.912461
-70.916161
-75.074712
-76.151716
-68.600654
-71.636234
-56.385766
-43.552903
-51.394601
-63.325210
-71.539274
-83.910460
-77.710285
-90.334068
-82.769208
-88.084151
-71.464682
-63.252895
-42.843816
-39.749159
-15.411872
-24.351042
-10.543273
-24.364020
-17.375367
-39.377104
-58.060011
-70.475750
-61.336545
-67.781976
-48.807088
-63.503202
-50.983093
-57.947699
-55.009755
-51.024075
-43.816981
-54.252290
-51.019853
-60.464248
-61.254467
-88.801621
-98.017033
-109.994647
-111.865792
-107.239699
-111.457640
-124.826983
-114.915962
-111.009828
-102.609531
-97.527113
-109.691378
-101.313524
-114.850627
-113.032577
-128.584052
-141.987295
-143.329182
-142.090604
-151.767593
-137.142066
-147.209055
-121.278613
-128.486839
-119.770085
-120.659394
-117.421608
-128.236020
-120.017142
-134.008351
-125.734555
-149.410956
-137.301523
-142.546375
-152.706826
-163.769825
-158.275586
-150.195546
-121.350414
-127.577413
-98.509603
-93.882418
-84.696088
-86.805843
-98.972471
-101.162007
-107.642943
-122.449989
-120.646734
-136.462025
-139.469960
-153.910824
-164.986392
-143.668022
-145.834193
-132.926920
-132.372387
-133.937841
-133.804815
-138.147232
-146.049469
-131.884659
-160.478128
-151.497368
-170.939466
-163.571470
-160.258571
-158.605184
-165.950348
-154.582519
-161.011244
-128.456878
-148.266929
-141.039588
-153.331063
-157.969746
-145.997936
-151.154415
-159.462135
-145.988736
-168.189930
-154.022020
-170.987355
-173.538791
-174.401983
-183.260961
-175.686087
-172.364655
-181.932475
-167.351387
-179.278413
-166.924035
-153.426323
-161.903125
-145.486108
-161.475742
-163.714442
-161.417984
-153.719547
-139.267280
-146.958312
-151.454667
-132.377061
-151.093803
-130.860461
-153.351591
-161.925207
-166.526395
-180.786776
-187.355947
-178.400104
-214.412170
-207.934375
-230.193887
-205.826113
-203.484680
-205.033554
-197.320534
-191.061741
-188.293382
-169.919289
-191.430683
-170.040411
-188.012689
-191.024494
-197.961034
-207.252528
-202.533087
-203.759088
-209.740030
-187.147030
-210.207998
-197.884702
-191.767129
-199.479826
-189.668899
-201.799930
-198.042120
-204.565350
-219.984593
-224.505018
-234.533257
-242.257829
-230.024640
-245.018083
-219.254050
-229.396102
-229.622565
-233.765176
-240.699297
-235.877625
-226.667513
-237.468561
-207.994860
-222.018897
-195.805684
-192.519679
-183.592969
-177.234477
-175.685216
-179.824711
-166.461423
-191.465011
-166.152131
-178.961119
-167.216897
-163.146416
-165.622806
-151.803569
-143.747852
-156.380551
-151.888145
-171.080014
-158.097533
-169.403673
-175.225882
-161.158618
-172.548123
-155.603937
-147.691814
-144.456887
-120.757395
-122.150179
-123.007870
-109.031979
-129.302328
-115.769062
-151.998706
-155.736310
-162.635791
-170.813885
-161.040866
-150.504532
-154.130213
-130.104528
-147.868051
-121.069317
-126.983608
-117.579759
-110.700518
-112.377770
-115.482046
-105.907764
-132.823678
-114.681010
-149.346923
-144.718265
-146.732493
-159.169598
-152.135066
-150.911977
-153.460960
-131.987742
-142.137038
-119.725934
-116.501962
-116.200762
-92.011930
-97.023149
-80.542102
-81.870070
-92.194797
-94.702699
-113.338423
-120.230714
-116.252041
-128.852279
-117.101302
-123.557326
-110.914210
-106.822469
-105.064275
-103.866078
-99.997151
-107.769695
-88.541353
-116.923683
-103.259770
-113.312443
-111.246057
-105.986466
-106.343224
-108.171851
-91.039956
-105.608374
-83.818747
-105.333251
-88.721023
-94.898287
-96.260102
-97.679905
-107.133995
-109.645174
-94.329609
-104.024439
-80.353795
-87.256544
-78.623605
-61.635015
-69.565540
-68.153427
-70.111369
-74.217375
-59.203103
-69.393986
-66.201544
-61.386449
-71.558763
-57.924756
-72.460258
-54.178431
-47.247261
-44.006719
-42.682692
-45.689479
-60.706106
-52.385331
-76.366576
-56.418045
-73.788066
-69.651595
-71.815247
-81.344717
-90.179785
-86.431618
-99.438576
-76.875991
-99.609261
-80.288708
-84.319091
-72.540616
-59.260074
-57.111897
-63.709838
-47.508346
-70.054260
-60.130231
-63.517394
-59.425049
-61.175810
-76.222108
-68.304763
-66.422029
-71.390110
-56.264129
-63.643631
-54.795216
-41.264538
-48.466621
-24.321621
-30.774313
-22.853388
-31.017909
-38.890696
-32.155414
-28.255912
-32.797089
-19.442196
-42.602442
-28.577270
-49.493864
-41.188627
-39.707529
-41.401080
-43.132278
-36.306461
-52.460508
-33.520601
-54.779193
-38.954587
-49.580086
-52.899905
-56.644505
-58.914573
-62.945795
-49.487822
-66.391646
-39.640629
-56.321257
-52.578060
-48.474050
-52.339400
-49.813029
-56.879803
-77.242459
-87.437669
-115.880956
-110.755879
-113.861187
-126.340488
-108.332853
-119.782237
-106.852685
-104.487092
-107.882914
-89.993174
-93.655592
-100.419137
-91.979508
-115.810793
-101.143706
-128.384930
-126.674979
-125.095888
-122.675698
-114.611440
-85.866975
-88.759748
-61.359645
-82.124266
-68.980282
-84.538398
-95.483815
-105.054550
-119.177204
-130.709437
-119.320696
-140.615305
-119.419769
-130.658185
-119.346265
-117.801604
-116.733422
-104.024102
-97.294940
-100.359496
-88.227334
-106.572521
-103.260866
-110.071472
-132.023758
-127.717458
-135.298345
-134.996337
-131.523376
-130.687460
-113.836028
-112.965512
-122.097694
-107.972955
-117.103607
-96.471793
-108.224690
-110.209436
-105.529826
-107.667004
-119.240048
-118.012006
-136.137096
-120.353398
-149.602809
-128.907611
-139.260363
-143.518739
-142.133923
-135.744670
-132.698407
-116.026608
-144.013836
-124.364258
-142.496727
-149.582188
-154.429283
-166.715734
-166.863256
-162.079726
-172.028959
-143.129296
-147.785918
-128.724619
-114.720057
-126.836594
-106.175615
-110.774422
-111.473008
-113.945806
-134.568767
-139.257380
-160.612847
-170.540156
-149.948330
-161.338067
-139.559466
-154.671055
-161.208618
-154.238352
-150.262610
-144.033751
-125.300248
-140.611529
-123.766158
-143.319489
-129.367232
-138.080188
-139.153972
-147.218474
-161.457806
-181.578121
-162.601146
-169.243640
-143.997908
-155.439121
-155.367405
-144.429896
-139.427609
-142.004397
-133.549002
-136.185390
-118.658105
-140.654820
-132.076449
-143.870908
-154.695674
-144.829428
-156.675440
-167.548393
-160.787834
-162.245403
-155.111975
-156.294501
-161.894712
-144.756210
-153.575121
-146.121476
-170.736864
-181.451961
-193.640644
-201.577185
-204.062252
-194.992646
-201.375165
-178.374691
-188.393230
-160.199896
-165.779690
-165.515576
-166.552219
-167.848255
-183.425162
-173.920784
-195.336778
-189.823472
-209.841242
-203.757063
-204.808666
-195.229663
-183.099081
-165.478786
-163.827044
-143.095063
-161.914729
-150.878517
-160.696599
-170.591489
-173.657016
-174.669528
-170.954846
-161.813925
-162.038878
-149.874694
-137.395680
-127.384902
-108.986769
-115.100871
-100.472975
-118.091220
-121.312022
-134.504962
-153.855842
-161.852960
-157.747517
-166.002919
-145.393015
-150.785296
-120.222166
-116.800739
-102.811339
-102.896902
-97.310817
-106.331129
-97.334603
-110.930882
-99.711204
-128.427414
-126.809756
-130.383084
-135.952652
-147.240294
-136.068676
-145.884242
-132.796244
-139.113375
-120.968014
-135.353782
-138.675936
-140.619172
-146.886725
-154.091284
-149.151216
-150.997647
-148.134906
-155.955565
-157.290210
-155.717050
-164.535369
-142.913399
-138.383364
-128.396801
-133.568742
-124.516891
-123.903082
-117.102338
-124.234578
-109.773842
-127.900218
-110.019401
-119.628143
-111.087484
-110.484795
-100.697490
-103.953822
-93.728415
-105.450296
-93.927741
-114.739553
-102.448257
-107.179502
-98.211646
-105.996210
-106.673750
-116.386211
-102.369662
-110.384285
-94.052802
-98.354602
-94.556399
-96.225363
-93.574316
-93.695817
-88.757725
-96.215717
-97.317026
-101.941638
-101.845177
-96.258790
-102.355360
-88.192804
-87.105678
-85.942454
-80.096104
-91.888641
-96.553885
-94.238444
-104.252975
-84.745093
-102.463317
-80.595278
-85.805723
-77.539622
-72.977780
-66.613307
-69.665869
-51.309448
-65.154615
-51.558625
-72.421034
-59.936602
-57.796194
-54.826000
-61.348030
-55.581164
-63.206346
-42.719703
-66.857898
-55.634584
-64.399556
-68.442677
-67.101092
-61.042585
-62.702073
-59.066887
-69.197678
-53.320694
-60.997966
-50.810128
-35.137900
-40.378596
-19.487901
-33.902428
-40.404931
-39.571644
-58.508733
-63.880499
-63.694251
-80.192118
-67.385158
-84.790533
-73.579244
-79.113252
-78.899651
-81.480176
-84.387574
-95.323354
-80.578234
-97.368389
-73.429357
-89.192787
-83.025303
-90.427072
-98.851931
-98.848387
-97.105543
-114.017172
-101.967120
-126.492964
-107.833678
-111.493307
-105.594694
-94.384750
-91.701927
-90.917555
-87.273134
-107.546474
-90.747121
-98.109089
-84.875873
-64.480142
-67.649357
-51.459285
-55.021774
-56.562391
-50.695035
-59.146152
-49.217383
-46.952536
-58.774782
-42.264965
-65.104368
-54.572566
-66.585386
-69.306437
-66.024460
-71.456348
-75.923383
-58.299966
-80.540880
-60.610913
-80.887325
-69.010605
-66.042956
-70.997732
-75.370650
-74.375101
-92.494727
-81.914991
-100.158673
-86.163194
-99.470641
-102.730891
-96.882084
-101.480841
-96.205649
-81.809662
-103.043521
-87.136294
-113.511388
-111.159801
-107.492397
-115.780642
-102.829153
-116.348497
-122.168437
-113.077702
-129.569370
-114.418484
-115.279156
-121.899366
-107.452273
-123.778534
-109.062737
-114.371642
-130.084020
-135.502828
-136.975672
-129.095110
-106.434545
-124.129696
-104.391111
-113.767143
-90.849655
-99.738428
-104.811596
-103.951899
-98.873879
-115.440163
-100.539100
-123.679947
-90.235042
-101.930139
-110.512055
-117.805928
-131.474608
-129.755547
-116.666808
-132.143201
-107.578668
-119.275045
-112.899056
-113.445905
-122.013099
-106.660210
-111.396180
-114.778810
-116.635563
-124.092575
-115.317994
-123.348954
-126.316108
-104.914062
-107.829467
-85.788407
-90.076847
-89.020770
-79.343099
-87.062282
-89.298820
-87.367987
-105.589130
-80.248063
-102.164825
-79.730824
-71.630203
-64.022175
-54.525813
-46.606550
-46.800114
-33.932151
-55.568651
-29.879832
-42.425876
-40.565714
-52.618119
-56.511489
-60.262632
-51.603388
-66.954045
-45.832619
-55.222253
-34.743409
-44.392802
-47.785722
-35.677271
-31.400336
-15.830186
-10.362808
-31.928337
-30.208033
-48.962639
-49.042202
-43.995721
-62.988713
-53.002028
-53.679732
-52.908535
-55.979401
-56.101739
-55.785886
-69.334258
-84.321369
-69.659875
-98.365361
-93.869487
-111.521217
-117.307243
-110.906465
-110.704987
-116.503575
-99.523095
-103.276034
-74.016035
-87.579130
-71.956012
-72.686131
-79.978861
-84.751167
-82.716501
-97.390208
-83.939294
-109.382342
-89.374176
-101.147541
-98.664760
-90.186072
-92.888550
-83.828711
-71.252756
-78.041346
-60.420751
-74.527009
-78.527196
-74.706621
-98.304329
-94.666717
-102.574823
-105.013949
-100.706518
-104.642989
-100.249453
-96.260420
-102.513386
-80.115230
-94.010389
-79.211430
-88.304036
-99.505744
-109.603885
-122.021534
-141.897033
-137.723912
-158.862792
-141.309998
-153.456802
-144.261658
-142.621745
-134.219950
-136.146494
-136.663796
-147.927538
-126.665049
-152.646879
-147.283467
-159.085470
-154.765445
-155.207922
-164.341164
-160.094254
-150.592719
-154.526997
-126.419849
-137.560889
-137.063758
-123.420510
-128.535399
-108.340884
-105.580034
-95.906122
-88.991817
-105.941506
-99.837457
-99.377531
-121.290795
-110.731712
-137.157864
-133.799535
-153.213419
-150.810139
-146.844486
-139.212706
-138.655944
-106.641287
-121.585150
-96.770088
-100.596498
-101.195209
-104.733244
-104.774783
-110.620674
-102.617584
-122.111320
-90.394358
-98.533463
-76.586829
-73.073800
-71.782840
-65.741834
-66.526386
-81.540325
-79.241827
-108.868631
-98.385214
-114.471804
-116.059367
-109.057886
-110.890623
-95.267515
-96.688851
-98.259205
-89.026138
-93.294082
-91.368442
-89.765950
-106.763339
-92.207377
-100.757286
-87.728323
-89.590783
-87.716091
-81.876366
-69.977814
-66.665429
-48.080148
-62.222500
-34.793065
-43.751419
-38.560429
-43.319336
-51.957454
-51.413625
-53.673670
-86.322214
-72.476573
-92.442013
-72.942882
-80.471940
-82.880631
-65.930217
-55.447578
-48.252943
-25.140947
-35.210183
-15.731423
-34.700977
-39.758936
-53.144093
-87.275588
-93.825148
-94.661884
-92.641051
-83.952308
-93.780411
-76.895613
-66.081979
-68.229543
-51.356866
-63.545722
-44.730050
-38.539266
-43.594914
-37.834865
-32.767140
-39.231296
-40.497801
-71.822501
-51.273275
-61.226720
-48.089979
-46.529187
-41.226571
-29.318767
-14.667877
-33.070002
-19.141075
-43.897648
-43.437332
-55.289707
-55.064110
-56.838013
-64.150933
-72.148841
-51.919028
-62.719684
-41.261093
-43.045442
-21.513579
0.360589
3.040530
7.962969
12.418541
4.500458
3.497421
-13.313556
-12.951103
-16.787450
-24.589828
-10.643244
-27.001597
-18.807129
-11.201790
-5.153897
0.696600
6.132923
2.446302
15.839543
-5.708461
0.434140
-23.773764
-20.543878
-33.220113
-39.224772
-44.038789
-35.507469
-42.268677
-22.233544
-37.834754
-26.521489
-42.373536
-25.807741
-25.088966
-26.718425
-35.526688
-27.581939
-41.827347
-23.970976
-40.732432
-30.958366
-35.891982
-35.996058
-37.990457
-43.294473
-44.908597
-44.555420
-60.822489
-58.012448
-65.369896
-78.257296
-74.037426
-81.184897
-71.011013
-69.564379
-65.572674
-64.919441
-55.586097
-44.324230
-28.443673
-38.169154
-20.453251
-33.339494
-24.426949
-43.444602
-50.632261
-59.241100
-60.791009
-81.910314
-81.602498
-103.959514
-85.830339
-91.865779
-81.376553
-84.479217
-74.173950
-78.857020
-71.599628
-90.190131
-86.589244
-108.498973
-111.830013
-125.944464
-126.730366
-129.770082
-126.544779
-119.965236
-117.405564
-120.157592
-108.217736
-106.051278
-98.696827
-101.407223
-110.261489
-104.821536
-113.818748
-124.257726
-125.297169
-122.327428
-125.104120
-111.022342
-114.503187
-95.369489
-97.662170
-83.067825
-81.294869
-74.379252
-73.650453
-65.077298
-76.570371
-64.542332
-80.220111
-60.942170
-72.574872
-70.655881
-78.354234
-75.476949
-79.963271
-70.183309
-80.414146
-61.621585
-72.196245
-60.888706
-74.747651
-73.605897
-70.573863
-68.836933
-79.985791
-86.249219
-107.295020
-103.129986
-112.137360
-111.649405
-90.714192
-90.032976
-78.375210
-69.918301
-78.013605
-80.152555
-87.648170
-95.769192
-93.043471
-105.963214
-89.049700
-101.082474
-92.197201
-87.734486
-76.850381
-66.020830
-47.559234
-56.339818
-41.797914
-69.606426
-59.449815
-86.898406
-90.806658
-101.847104
-103.010738
-109.541392
-105.611734
-116.087669
-88.685190
-95.808857
-77.655324
-73.290093
-76.291409
-72.316899
-70.940893
-70.955505
-56.306350
-65.986368
-56.029595
-66.321733
-75.650860
-74.595889
-79.876026
-71.548833
-72.138955
-68.232485
-55.304935
-53.660658
-47.420970
-35.538991
-44.740632
-24.086862
-42.394477
-39.614863
-48.453559
-56.882881
-56.553110
-47.953345
-46.930445
-17.415079
-20.504126
11.107549
-0.478836
-1.091862
-4.531211
-13.943182
-20.447865
-14.297437
-36.682140
-13.862832
-35.614088
-26.180952
-25.250460
-7.644442
5.508372
11.059841
16.267342
36.119889
21.374197
28.945239
2.590478
-15.090349
-26.212470
-50.685721
-50.882281
-53.532381
-60.929112
-42.566191
-46.247881
-38.863617
-31.489781
-39.320394
-20.111932
-35.259917
-30.143782
-24.150558
-37.390551
-33.428393
-35.308989
-47.330272
-26.550043
-56.534873
-40.059535
-53.179074
-48.653954
-38.006289
-37.083119
-34.751912
-15.411107
-28.209011
-4.499254
-30.165758
-23.147040
-38.355795
-45.437795
-42.255337
-53.698447
-67.893073
-50.996040
-73.125906
-48.224454
-66.234965
-62.951405
-47.071903
-54.915545
-52.323581
-54.840561
-64.530211
-52.492407
-67.971666
-67.860483
-75.987746
-102.755867
-90.720689
-101.492587
-89.756091
-85.121804
-95.732955
-80.962363
-75.745425
-76.770457
-56.817371
-86.446914
-67.531133
-91.694475
-92.778478
-90.826455
-97.022070
-97.622343
-97.903724
-112.589110
-87.049114
-96.811775
-69.587614
-69.389037
-64.955293
-56.836550
-49.050187
-57.592648
-52.594056
-77.632875
-61.494001
-81.608324
-74.451100
-66.134133
-74.393919
-64.959085
-66.283753
-68.821148
-50.943204
-65.406327
-43.915222
-36.527833
-46.641272
-31.628958
-51.529655
-46.156181
-52.303298
-66.392865
-63.473395
-75.375535
-82.024826
-69.219524
-75.625002
-50.235792
-54.680047
-45.165209
-50.556921
-63.085898
-68.930332
-69.181077
-90.693100
-78.479637
-107.635755
-95.618249
-110.802064
-119.440465
-120.683162
-118.207186
-109.929057
-100.277975
-115.913254
-88.865800
-108.082789
-104.506209
-100.253053
-103.229472
-100.888144
-107.850707
-127.585547
-112.090171
-123.232415
-112.045259
-111.431672
-115.447190
-100.019374
-106.154597
-99.590306
-98.143987
-103.286261
-97.961619
-97.798966
-98.483791
-91.471041
-107.187276
-92.351497
-97.708807
-91.393870
-91.604985
-89.920480
-83.321883
-69.750766
-98.292695
-91.891510
-118.613897
-100.459717
-111.885080
-101.149886
-92.162665
-94.721908
-92.620129
-72.826017
-88.462830
-69.770301
-80.667805
-61.096784
-53.016952
-62.631744
-64.347091
-67.894118
-82.398762
-70.940586
-90.544853
-80.124227
-86.385314
-86.649877
-66.174222
-62.325094
-43.412138
-36.135446
-45.781137
-36.357199
-43.246401
-53.838493
-55.505713
-85.184799
-79.723823
-99.261706
-101.714604
-95.661451
-92.357902
-93.240974
-92.790398
-110.611388
-87.329391
-104.757732
-87.262625
-100.327107
-103.458108
-109.951060
-110.936306
-119.028990
-105.675722
-119.897433
-93.318564
-111.918331
-108.337953
-102.385153
-105.640923
-96.908627
-83.927008
-96.643703
-75.926194
-90.881274
-85.363978
-93.363468
-99.647262
-84.425480
-94.697214
-86.232179
-79.039231
-82.190948
-58.643330
-50.357180
-43.538715
-28.100994
-46.028305
-35.127149
-50.752106
-54.209126
-52.092382
-52.584912
-39.523997
-27.437710
-41.892474
-30.043971
-60.727368
-46.122135
-48.418259
-45.104212
-37.760053
-31.303557
-34.829903
-24.393933
-54.407707
-39.498376
-60.768534
-58.827300
-61.528134
-72.225635
-78.059302
-73.991280
-73.781334
-46.713448
-56.670780
-34.698869
-38.630794
-48.327849
-49.519034
-55.097623
-46.322191
-36.417358
-47.892444
-32.992811
-40.233266
-48.694353
-37.310601
-45.666873
-33.737863
-48.709716
-52.212220
-66.676421
-72.584151
-64.029601
-70.584578
-81.413369
-62.164363
-76.903584
-58.799329
-65.018102
-68.627017
-62.765364
-59.701311
-70.159079
-57.531877
-71.094017
-49.230189
-72.550520
-62.899163
-63.888189
-65.300494
-67.484187
-64.065468
-69.877175
-45.864363
-61.752676
-50.002644
-55.087008
-50.917388
-34.630144
-42.766127
-41.850042
-36.894846
-55.709009
-50.185571
-66.219194
-72.812504
-68.872363
-77.499050
-57.928858
-76.845412
-70.525028
-60.012677
-57.263760
-56.897350
-54.339690
-62.303200
-45.590164
-65.540249
-49.037150
-61.088403
-61.161422
-59.513979
-54.991161
-63.032876
-50.744274
-72.969008
-60.283914
-72.466351
-61.026553
-76.284837
-75.621016
-71.042803
-65.073162
-74.741142
-63.892992
-78.273125
-60.272173
-71.957435
-71.537767
-69.643274
-67.750485
-63.799419
-56.423277
-52.339641
-36.118776
-38.524529
-39.925868
-40.373100
-38.148724
-27.338323
-39.572837
-30.901655
-30.306713
-25.901988
-23.535142
-18.220647
-29.109449
-26.861639
-43.403134
-34.202715
-48.188178
-41.700886
-53.206756
-48.723873
-47.308550
-30.857982
-43.376262
-27.717137
-36.943055
-18.712983
-42.216993
-38.135332
-44.641489
-42.917762
-54.681891
-50.428056
-61.915528
-51.377143
-60.879126
-52.202969
-55.444657
-51.314346
-56.444632
-46.819938
-49.213045
-46.053269
-57.866529
-58.301131
-68.991214
-86.373907
-77.646829
-83.764380
-78.310404
-81.176088
-84.466398
-76.857844
-81.927953
-91.308846
-85.775315
-97.273127
-80.854217
-82.023871
-77.065664
-78.476764
-71.622438
-78.401753
-71.316300
-75.511146
-50.689948
-62.123688
-53.017365
-64.456136
-55.600920
-54.281654
-39.152977
-51.100126
-35.856794
-51.944592
-36.467854
-43.135871
-37.727297
-37.331875
-29.754197
-34.407441
-37.460380
-47.158686
-31.299783
-46.191917
-43.690580
-48.341746
-67.976098
-76.502487
-95.985508
-98.011825
-97.575847
-104.936341
-96.025891
-92.028718
-104.551923
-82.120040
-95.281074
-83.263367
-81.399870
-74.707735
-74.574015
-80.377823
-77.699489
-60.706156
-77.313218
-53.104119
-70.976238
-50.414636
-49.593421
-45.761760
-51.454450
-42.122749
-55.165111
-41.822483
-56.340354
-32.827099
-32.781578
-28.986590
-34.092156
-38.172804
-38.630216
-33.189659
-54.840583
-38.923183
-55.589475
-52.631215
-58.335175
-67.058294
-50.112015
-47.903265
-45.811999
-36.178234
-49.988895
-41.879307
-47.976026
-61.821388
-50.135770
-66.110086
-51.227647
-61.738749
-64.795946
-54.933877
-57.620685
-54.022257
-39.532435
-47.322759
-17.027114
-35.158716
-26.923804
-29.111457
-34.304381
-46.517649
-45.929604
-64.104947
-38.977708
-63.059383
-43.683677
-50.676385
-47.658929
-39.919865
-34.866684
-27.979955
-14.575825
-28.057373
-11.058300
-28.194078
-26.080536
-39.409204
-55.088177
-50.816264
-52.121880
-54.255898
-53.345676
-64.896523
-50.865349
-41.239421
-27.532457
-10.852444
-12.682080
4.510474
-10.773846
-19.518886
-23.669104
-36.011168
-39.139338
-31.277639
-48.200603
-19.926370
-39.646535
-28.856902
-34.203027
-42.917412
-35.461986
-30.665775
-43.718602
-33.069125
-55.773060
-32.669557
-53.206748
-51.751535
-43.947053
-48.816886
-45.819410
-33.291355
-45.563459
-20.658399
-38.826949
-17.117214
-15.698595
-32.491805
-30.083279
-37.297042
-41.408566
-39.156056
-66.591214
-43.183546
-47.361830
-56.023412
-53.214828
-70.549097
-50.964613
-59.392922
-60.911689
-48.988185
-57.720824
-50.097108
-40.944227
-51.362153
-35.937059
-68.173296
-54.118767
-67.481486
-78.693822
-77.218715
-82.137371
-84.285053
-56.807160
-65.141163
-32.984711
-46.814123
-35.848720
-42.833577
-50.213926
-56.062356
-62.599171
-78.209937
-61.199905
-81.773748
-70.541115
-80.553597
-72.062123
-53.650776
-58.829434
-58.463190
-57.030334
-73.389475
-58.281472
-67.613134
-61.526009
-53.338986
-56.719301
-35.145721
-34.010326
-39.870004
-41.324856
-48.218449
-44.610510
-45.439558
-54.596958
-39.522224
-62.512886
-52.524772
-61.680599
-60.855084
-61.681273
-64.327377
-70.885994
-63.052948
-86.642545
-64.040966
-79.213213
-63.268850
-63.604189
-49.401746
-43.248154
-39.460099
-55.221230
-46.677887
-79.409928
-62.393433
-72.627774
-75.723462
-69.527931
-75.654068
-80.774446
-71.778182
-82.915144
-63.924389
-68.745879
-68.610227
-63.342366
-70.060475
-54.606715
-59.854008
-63.551964
-63.410168
-77.878582
-84.905655
-93.434824
-106.958715
-88.926793
-106.959631
-101.228582
-114.828244
-115.581534
-110.922626
-104.476446
-103.884992
-83.302829
-90.083491
-67.464320
-90.448689
-77.522021
-90.746663
-96.022200
-98.551056
-101.784402
-114.644675
-93.013396
-108.288204
-88.214002
-99.528361
-95.818437
-93.583296
-92.099748
-92.045989
-87.205563
-107.151423
-91.881331
-112.179386
-109.041816
-109.507206
-121.610588
-114.965459
-122.997059
-118.849763
-106.268638
-105.797754
-92.865323
-90.920252
-80.655033
-75.261859
-92.785617
-86.727899
-98.425457
-106.545848
-103.193134
-110.484552
-117.012517
-105.138703
-125.608326
-97.362239
-110.250453
-96.320616
-93.685792
-92.771393
-100.814083
-101.962711
-119.847057
-103.692594
-116.659926
-100.624356
-118.822106
-96.750377
-84.097406
-83.543953
-84.041980
-73.463527
-82.363814
-60.544131
-74.203632
-72.859771
-84.902287
-102.148043
-109.894597
-111.067482
-112.368968
-97.706337
-109.120718
-93.159982
-88.039805
-84.781489
-65.604848
-86.545842
-72.601738
-75.889168
-81.688657
-83.672350
-88.974540
-90.278040
-79.734169
-96.096939
-65.563557
-88.607965
-76.839599
-80.043350
-85.565189
-86.105185
-85.463303
-92.633132
-74.484263
-92.803009
-73.460578
-84.111491
-79.527727
-74.320685
-79.175642
-79.179265
-61.579023
-92.121336
-77.184804
-98.072725
-93.772549
-83.966975
-90.319844
-86.419995
-93.691637
-92.330810
-79.377556
-94.321940
-82.410188
-92.902862
-105.905042
-96.812850
-115.326827
-110.610693
-118.122757
-120.736819
-111.714594
-109.317644
-106.703459
-93.348699
-111.244241
-95.812909
-122.909637
-112.802921
-117.622037
-119.276989
-116.070072
-108.467926
-121.384107
-89.306291
-119.213004
-99.815407
-114.714189
-117.294441
-118.120741
-128.728230
-133.113058
-117.220642
-135.838291
-122.417697
-142.625589
-133.615054
-134.805497
-138.627295
-132.841501
-137.885969
-148.897556
-147.624309
-170.877333
-173.383049
-179.333693
-195.288436
-183.386918
-197.338759
-181.933345
-171.076431
-163.630664
-148.943355
-149.533729
-145.579632
-132.862010
-159.920812
-149.228751
-166.344630
-154.698665
-160.735959
-160.819060
-152.725420
-138.326002
-145.292007
-121.017707
-139.072213
-117.814069
-119.198465
-104.501552
-99.278573
-90.407371
-101.083968
-96.302183
-117.171183
-104.737823
-119.832603
-110.251449
-113.084172
-111.989153
-94.869533
-102.252418
-107.887458
-87.723168
-99.967528
-91.386770
-104.142804
-108.556048
-106.420298
-131.276473
-129.523700
-134.400674
-140.230915
-136.759379
-154.312712
-151.159143
-136.982538
-161.259057
-146.614494
-160.680489
-147.096715
-144.649275
-136.910108
-135.613559
-129.722785
-148.216014
-132.705148
-147.756484
-116.748046
-127.185041
-127.138430
-133.979766
-140.093986
-153.026410
-147.210202
-164.806907
-144.920836
-158.847248
-140.723876
-142.355595
-140.608248
-130.586523
-137.863643
-141.245812
-136.718911
-150.027460
-129.111048
-132.418971
-133.342023
-125.328522
-132.790887
-109.967331
-110.594171
-104.174048
-93.010764
-103.363469
-106.597532
-112.984816
-132.804554
-117.524180
-131.772692
-117.292464
-125.417143
-126.941416
-121.584384
-112.101127
-116.732152
-93.484629
-111.978339
-91.397703
-102.613048
-109.794689
-120.862214
-123.039745
-127.029158
-126.966899
-142.956228
-117.807621
-133.117638
-118.066557
-121.966272
-122.519618
-111.076943
-101.655785
-100.473725
-82.873902
-100.990582
-91.977571
-98.703724
-94.430861
-91.498597
-96.729371
-100.036144
-106.412067
-103.972487
-97.581841
-101.178243
-104.469636
-98.590633
-114.599228
-109.369334
-118.696782
-110.043188
-112.496197
-111.042076
-108.953285
-107.566286
-122.398640
-117.265929
-130.931754
-114.464567
-134.461549
-120.909792
-134.945450
-135.775674
-138.907478
-125.822026
-142.012896
-126.400941
-142.894412
-128.400732
-138.685586
-133.360135
-139.593136
-143.628245
-157.290551
-149.470507
-158.639112
-144.106673
-141.439920
-134.844965
-136.108245
-132.937391
-126.284443
-125.788891
-124.708400
-123.796135
-128.706301
-120.306254
-116.331920
-111.805998
-95.923934
-98.825845
-80.496306
-81.935828
-73.319261
-74.606622
-75.351773
-80.946345
-74.564407
-91.179988
-72.389705
-87.957731
-73.458367
-83.237126
-67.059632
-65.691382
-57.295710
-66.783587
-65.044193
-81.305981
-72.034003
-88.125250
-85.352191
-93.918360
-90.555694
-101.888955
-86.125644
-99.302124
-86.999643
-93.582053
-93.267147
-102.554720
-114.398055
-124.620657
-128.782304
-140.875622
-139.472472
-153.697449
-155.099774
-154.406027
-156.824746
-145.969292
-143.907403
-132.511387
-132.972394
-136.797298
-135.769944
-127.409400
-127.225653
-121.889329
-137.852497
-126.106640
-136.330918
-128.260460
-132.079105
-123.283463
-119.172145
-102.196354
-105.477803
-89.786907
-105.569664
-90.080495
-105.844442
-106.354399
-114.900152
-106.178472
-111.108178
-96.842961
-97.186375
-72.881700
-87.396972
-85.604348
-88.428493
-95.482455
-102.694427
-107.024411
-113.121725
-108.659404
-125.379586
-117.511191
-119.955192
-126.993242
-121.395872
-125.841644
-111.264735
-107.128244
-105.898659
-99.980317
-103.716499
-115.636919
-108.159790
-129.674302
-107.575469
-119.423355
-115.706285
-116.375126
-119.472342
-119.254165
-111.531307
-121.610323
-107.677704
-126.002948
-111.919146
-125.000328
-120.900990
-123.109866
-119.286970
-117.934692
-102.961057
-118.128587
-88.444473
-93.122234
-75.937482
-77.130784
-83.190209
-67.096802
-68.977193
-84.199688
-66.196124
-68.932887
-60.369144
-66.962740
-74.634587
-71.693133
-83.278046
-79.610653
-81.588633
-82.523270
-67.562615
-64.777402
-65.725077
-43.715021
-57.815450
-31.066492
-54.176605
-66.244674
-64.566399
-79.706317
-98.254724
-115.028093
-140.043110
-114.837272
-124.369658
-102.155830
-97.292626
-83.264102
-67.966911
-61.749056
-66.117236
-54.326444
-76.863371
-55.926941
-67.626131
-60.228208
-71.370253
-83.146152
-80.247640
-81.165067
-103.252139
-100.503241
-131.860595
-122.427193
-124.272446
-131.289966
-121.636551
-133.567159
-123.756797
-111.045196
-120.283583
-110.397117
-113.560203
-108.399370
-90.209808
-103.418818
-85.486540
-91.467010
-69.970139
-64.764104
-74.040630
-70.644212
-65.959665
-80.356868
-67.335396
-95.807533
-78.292196
-92.460514
-94.239706
-82.002113
-85.929329
-87.805671
-65.547718
-68.898372
-41.617224
-68.231488
-68.698144
-70.117468
-72.721600
-75.017801
-79.406903
-87.846804
-68.734040
-81.456466
-64.754560
-64.474463
-63.979727
-42.205219
-57.755469
-55.453122
-50.351155
-57.022020
-37.019384
-40.437452
-36.570792
-27.247705
-50.054522
-28.560855
-37.063637
-31.542137
-36.291099
-41.019845
-39.430291
-32.004736
-41.224395
-20.871202
-43.334022
-19.105877
-35.524205
-37.167264
-37.109603
-43.679205
-46.973582
-32.781512
-53.964840
-31.060866
-52.435713
-38.102822
-39.518308
-52.818404
-47.374679
-49.489423
-63.565354
-46.534019
-51.315054
-30.860469
-47.314585
-43.716800
-28.272402
-39.301626
-34.438507
-42.450091
-49.449310
-32.373210
-40.790412
-34.366926
-21.038140
-32.001008
-13.332666
-20.988324
-7.636717
-6.074732
-5.950773
6.857437
16.774131
6.598773
22.936932
-6.952909
-2.021195
-20.649925
-22.697252
-21.810400
-37.054878
-47.263808
-38.412960
-57.097235
-34.881023
-50.067814
-30.613689
-37.449372
-33.781978
-32.444592
-35.318125
-43.636877
-36.060205
-57.783819
-46.131895
-60.403340
-67.360863
-50.644751
-57.831506
-52.864672
-53.614691
-50.686020
-25.764003
-22.168372
-12.015656
-14.261473
-27.256999
-16.440856
-31.801920
-26.577261
-18.164773
-11.848468
0.200785
-4.483305
-13.912120
2.759719
-8.832779
18.021639
-0.165815
1.437765
4.477582
3.369821
-7.556764
-12.159425
-27.223118
-2.993733
-19.141498
3.915413
-3.356332
0.778323
1.383339
3.230842
1.220926
23.466238
10.309796
28.435877
7.948343
5.786951
-2.267200
-15.961800
-14.219390
-19.992218
-40.706990
-41.237650
-52.050454
-38.272230
-37.211453
-39.937369
-19.407562
-27.594516
-19.633516
-23.890843
-32.365197
-32.711741
-47.624312
-58.270990
-45.619989
-56.826349
-34.607490
-40.365158
-22.156411
-18.134428
-5.391660
0.284632
6.395327
-9.785666
3.524911
-26.339112
-18.047082
-43.387367
-51.314074
-53.221700
-50.555426
-54.786181
-47.623653
-61.360485
-27.975599
-36.189166
-19.517224
-20.605467
-20.433200
-22.130669
-29.299073
-46.920039
-45.233762
-66.326389
-62.897565
-66.728114
-71.582093
-60.512648
-62.130095
-42.192386
-34.146362
-24.345986
-12.215256
-12.471299
-25.371980
-27.183166
-53.546395
-44.297772
-65.842947
-70.688842
-80.010145
-85.626429
-78.375799
-61.542871
-59.754306
-31.546958
-46.890207
-18.235752
-27.819096
-14.253202
-12.237992
-23.468296
-32.148524
-33.534412
-55.368325
-44.138929
-64.770182
-62.361137
-68.436053
-62.389360
-47.341922
-48.770987
-54.321211
-39.252603
-55.271983
-44.152276
-55.952428
-65.496031
-60.828029
-79.109479
-75.532088
-69.820540
-71.367689
-51.572419
-49.205646
-42.611038
-23.737996
-37.723189
-22.275341
-41.644339
-41.650343
-56.077789
-76.917853
-82.134497
-78.106734
-86.520369
-62.684943
-74.873152
-49.228462
-54.763125
-47.915110
-49.687034
-41.090526
-39.324623
-33.437700
-70.378614
-61.960534
-82.689062
-75.446480
-77.993697
-76.107157
-61.006290
-50.912982
-60.768387
-39.788015
-46.087691
-27.684792
-26.483242
-33.706924
-39.816619
-62.910584
-60.630207
-64.719291
-90.845722
-90.123431
-106.573707
-119.546539
-111.438927
-122.720793
-95.787169
-100.035976
-90.869896
-81.477709
-86.993696
-86.268525
-75.365955
-84.848213
-65.077389
-91.517207
-74.922748
-95.899617
-100.635720
-96.536882
-94.152597
-93.470559
-71.489064
-85.560782
-56.230254
-68.518667
-52.907201
-47.496857
-52.911403
-48.064332
-37.065358
-40.035404
-23.436246
-46.523531
-26.721861
-29.014198
-28.378279
-16.577734
-28.119035
-26.727012
-15.262611
-26.033663
-9.056511
-18.171788
-15.985869
-2.710508
-20.979039
-12.558727
-23.040231
-18.611768
-17.441457
-11.225990
4.298309
17.725576
7.715018
31.594901
7.839951
29.111464
15.440403
10.008124
18.081987
16.370953
5.802379
29.948951
16.803553
38.599514
10.849336
10.228058
4.655728
7.370701
5.526341
7.999326
-6.836463
13.754334
-4.247049
14.394151
12.640888
12.035633
19.707122
11.891207
10.932796
12.774263
-14.988466
-15.967533
-31.860473
-22.724761
-8.413735
-22.983671
0.653576
6.782922
22.441252
39.383101
37.319929
44.925167
46.227662
27.236483
44.556511
19.812255
30.163623
21.063809
16.502009
25.886817
38.968849
42.338995
65.131952
43.567284
62.708454
41.318675
44.125002
27.471062
9.226987
-2.686328
-12.542722
-33.268048
-23.604823
-47.592289
-29.738329
-34.301985
-25.511367
-15.339838
-8.767501
-0.442239
5.244836
-4.951782
9.270423
-9.872613
-20.023207
-20.198678
-33.850323
-21.412637
-28.922557
-20.671731
-6.217055
-12.252989
-4.208739
7.290580
-1.818191
10.628548
-18.346469
-9.226940
-18.963259
-17.878304
-18.330522
-18.151594
-21.525597
-9.043756
-30.546416
-11.845817
-24.004389
-8.173463
-6.471516
-1.320447
1.346280
9.422161
5.288326
14.495340
-15.751536
-9.672136
-26.653977
-25.201312
-21.486611
-23.381423
-22.391048
-17.751103
-18.570374
-3.533685
-25.913522
-24.782975
-24.843755
-36.647603
-27.074680
-36.907315
-34.243138
-30.057089
-36.407812
-25.107688
-26.000885
-33.536454
-24.473660
-35.040563
-19.931525
-33.632003
-35.957202
-44.639009
-54.303743
-71.897481
-64.444582
-81.173947
-62.574106
-79.014187
-56.477095
-54.310567
-44.191759
-42.894354
-34.883436
-31.318783
-5.975766
-26.202533
-19.514536
-41.662364
-41.370428
-48.456803
-54.904076
-58.935405
-50.984177
-52.933523
-31.792333
-34.805052
-19.393920
-11.655469
-11.154989
-4.898078
-11.133017
-8.825085
-16.327120
-30.081538
-33.174263
-51.524634
-59.566058
-54.647666
-67.993677
-49.816294
-56.853998
-57.968345
-51.785393
-54.127533
-57.769570
-43.567162
-55.581564
-42.799958
-60.041973
-47.809890
-58.398437
-57.777457
-69.645815
-58.455962
-65.618959
-43.103922
-61.354693
-48.972705
-72.145805
-74.053811
-79.386158
-77.749246
-71.427011
-64.460987
-63.733692
-41.637520
-53.417791
-31.092442
-30.137746
-30.233158
-18.164863
-29.934756
-23.858210
-23.837566
-30.997424
-24.790769
-30.722994
-34.896223
-30.841717
-31.950593
-22.064580
-32.616354
-24.951366
-32.964221
-33.050856
-35.685377
-32.562330
-40.612714
-29.750811
-34.240431
-18.893028
-28.597720
-18.983901
-26.542579
-24.044875
-35.466003
-28.559636
-43.716034
-19.520688
-32.434069
-24.486808
-30.703412
-16.828111
-17.957384
-11.873758
-26.586758
-23.228591
-44.667930
-37.679625
-64.629846
-68.160114
-63.050133
-69.721077
-71.317197
-75.754816
-78.646576
-80.411740
-84.866166
-87.230788
-85.253108
-98.488115
-92.544820
-104.262768
-107.736861
-115.483229
-122.202852
-124.257317
-122.618041
-129.122240
-122.631306
-140.318971
-130.217669
-140.989222
-132.655435
-130.305360
-118.673623
-122.985584
-104.033811
-115.444529
-95.482599
-111.614810
-105.886117
-114.694354
-120.633120
-123.461133
-121.024461
-145.330274
-137.630897
-151.414026
-146.204663
-157.845032
-150.444842
-134.432028
-137.084041
-127.632980
-119.071816
-129.767273
-121.369199
-126.779348
-126.619845
-120.410949
-126.147590
-124.821024
-129.033320
-124.040763
-123.615187
-115.892469
-111.391865
-99.359245
-104.640615
-86.611714
-102.680764
-95.856551
-112.439643
-119.764494
-121.893158
-121.212569
-131.282932
-113.473172
-133.803041
-108.732677
-106.612954
-89.559687
-95.150022
-92.963803
-87.846084
-81.396088
-95.831508
-83.636792
-114.507283
-120.433309
-131.329434
-126.608775
-121.375158
-122.026913
-111.612240
-101.112011
-104.027136
-88.302675
-95.586819
-91.557843
-84.844595
-92.022702
-88.983920
-98.285646
-100.661100
-110.639431
-116.765990
-108.874314
-116.855583
-127.696013
-101.426653
-110.845914
-90.564762
-96.871652
-97.448335
-98.576288
-107.175620
-123.148588
-106.178999
-134.611857
-120.259427
-139.458738
-138.850150
-148.833204
-153.546993
-160.130790
-155.431409
-170.653226
-146.793012
-158.218328
-137.738197
-151.413426
-155.161714
-158.621130
-175.772560
-179.762323
-183.992011
-209.745833
-200.744856
-212.065423
-201.735892
-194.257504
-200.693889
-177.771831
-166.740524
-156.714277
-136.335797
-140.059384
-128.326313
-121.101674
-129.635633
-122.597931
-150.178950
-142.050409
-154.691825
-165.178987
-162.044719
-154.784897
-149.279057
-118.902067
-136.279530
-111.101064
-129.446875
-122.706346
-133.146127
-137.916374
-136.111549
-131.838578
-136.838883
-112.257385
-130.605803
-116.892840
-134.292803
-132.010333
-126.144770
-130.466597
-127.993954
-117.335530
-133.030770
-117.059453
-139.922331
-143.598208
-141.428147
-148.459635
-137.799113
-140.654547
-144.619754
-140.537530
-162.807628
-164.566969
-176.689797
-181.944756
-161.955385
-192.824871
-181.920771
-187.412606
-195.761681
-204.073962
-203.594402
-203.101132
-184.211122
-201.918525
-179.370385
-199.439111
-189.522611
-187.784915
-184.635105
-183.842813
-177.358684
-196.980889
-178.978266
-196.952347
-169.655876
-180.038970
-177.363396
-173.020762
-170.229832
-174.237388
-165.221737
-176.267037
-147.796033
-160.812382
-165.758865
-169.388073
-183.791635
-175.360981
-173.613236
-174.800361
-158.535079
-159.970118
-137.489489
-132.678262
-127.173190
-113.078652
-136.901779
-124.749400
-133.577115
-135.347072
-112.994098
-108.154432
-110.293267
-100.748169
-123.462213
-91.631885
-107.314236
-87.278801
-87.068560
-94.026477
-93.916346
-96.726049
-120.893445
-108.263055
-143.024927
-136.003684
-163.227894
-162.650893
-158.786614
-161.289146
-159.816402
-147.637022
-149.778635
-116.533247
-123.080315
-100.052706
-92.704604
-101.473484
-96.188409
-109.016834
-111.703952
-106.455544
-129.591066
-121.774939
-133.371137
-132.105792
-108.692011
-125.462261
-104.566647
-111.418114
-114.726886
-104.987239
-109.786163
-106.224397
-100.828237
-118.078374
-99.251020
-121.911812
-106.805388
-109.838017
-114.810001
-109.924690
-113.086371
-118.989990
-95.989446
-130.418374
-127.335746
-155.194565
-163.610131
-172.410041
-179.471611
-180.312898
-175.521015
-189.531634
-166.031325
-171.285252
-140.049312
-136.783856
-132.352610
-117.544277
-129.136906
-138.674109
-139.789436
-166.352586
-164.023761
-182.980414
-189.007156
-179.987888
-195.918589
-177.352010
-175.062854
-161.574874
-141.928723
-145.045524
-146.938934
-150.729926
-171.133561
-154.807613
-172.918789
-156.502955
-156.017883
-158.402544
-160.755809
-159.377498
-162.969834
-140.944886
-149.931232
-124.598964
-154.092258
-161.290743
-165.359170
-172.022610
-172.472401
-167.312291
-180.097933
-156.305967
-182.773381
-161.375249
-169.117532
-177.790576
-172.852167
-183.449742
-180.122550
-171.476413
-189.471514
-175.057545
-194.671132
-192.906661
-175.360190
-189.221012
-166.285257
-165.667606
-158.259103
-149.633347
-157.914654
-155.893738
-160.144944
-173.015283
-154.579063
-177.409500
-170.338797
-187.722896
-195.404778
-194.259513
-197.331551
-202.728287
-185.337787
-209.654323
-182.454581
-199.239658
-179.761869
-179.320660
-181.490137
-186.514038
-187.052624
-202.539760
-191.903230
-216.167908
-198.730681
-204.266618
-199.017034
-187.540475
-193.831866
-184.764477
-177.498937
-177.236045
-156.791077
-171.783187
-163.722601
-176.729777
-204.993411
-201.298830
-221.949814
-223.279828
-225.303252
-231.798809
-217.605531
-220.181460
-226.984635
-204.076204
-218.223387
-198.551733
-206.029097
-211.598347
-210.436775
-216.780788
-220.158413
-217.644136
-236.931492
-213.062930
-230.670639
-209.718595
-201.796277
-193.158177
-185.296454
-180.841804
-187.778573
-177.368426
-204.419632
-195.361024
-213.998616
-206.056489
-190.370188
-182.323228
-170.759778
-170.168771
-170.025448
-139.995805
-151.856602
-136.937317
-139.681772
-146.872130
-145.948998
-164.529728
-165.670115
-165.919712
-179.638823
-180.515165
-188.082736
-192.664223
-167.771662
-174.724495
-152.553888
-155.940814
-148.162582
-141.089159
-142.726162
-148.012717
-143.092279
-160.448346
-151.628389
-168.336527
-157.852114
-173.419336
-189.859371
-196.355389
-191.350020
-207.810367
-202.975983
-231.431182
-208.928604
-218.835437
-201.001691
-191.866713
-193.696866
-188.081032
-180.698993
-189.628609
-175.664488
-190.145816
-180.060230
-184.070070
-190.187164
-170.561546
-177.219694
-176.442299
-168.578208
-170.373261
-151.813900
-146.082318
-152.911376
-146.156433
-160.238604
-159.495157
-168.918115
-163.163952
-148.326853
-137.292820
-136.307483
-129.759803
-140.129305
-120.646991
-139.403551
-118.653356
-120.616633
-124.838041
-127.619799
-134.026297
-146.026304
-121.683249
-134.665629
-111.128547
-125.238401
-117.763662
-117.920338
-116.025512
-107.412712
-92.790544
-104.746048
-87.936037
-99.968569
-95.239685
-102.792577
-117.617585
-124.789035
-135.873942
-145.907690
-141.812543
-149.207397
-130.660922
-124.291343
-123.802945
-106.585730
-124.151669
-118.003625
-132.728232
-137.664033
-136.058945
-144.924233
-143.542070
-138.094073
-153.548874
-132.565766
-146.005870
-132.588334
-133.613117
-125.472479
-112.761037
-105.079350
-119.581090
-109.397062
-128.248409
-108.638210
-132.364986
-137.974540
-135.975122
-136.822662
-137.741530
-130.711741
-146.982180
-121.031506
-133.875762
-119.530177
-121.881510
-125.003929
-113.674188
-119.503101
-120.434588
-102.526584
-117.258923
-99.820886
-99.447578
-92.905574
-79.468887
-97.997344
-90.341264
-91.435103
-90.803610
-95.812552
-118.847490
-129.504685
-136.354624
-158.334046
-137.041528
-148.981775
-139.944296
-144.684291
-137.113704
-125.424785
-112.868811
-109.755115
-90.911161
-117.864995
-99.344626
-114.607525
-113.969708
-123.469692
-135.181686
-142.129425
-153.052458
-193.434550
-174.730834
-189.512224
-176.813004
-183.769471
-189.317187
-177.352262
-176.605760
-172.505792
-160.966399
-173.812291
-158.789542
-164.691431
-161.546570
-155.413755
-176.729769
-174.226736
-186.967934
-194.101906
-188.001669
-187.113160
-173.391052
-149.900976
-150.300787
-133.323682
-158.556954
-154.971930
-154.734252
-164.875030
-167.705087
-174.104879
-186.779213
-169.629065
-200.028759
-186.961562
-204.809251
-195.254865
-189.000267
-186.265203
-183.311168
-172.927286
-186.728283
-163.722168
-186.229462
-171.108811
-177.903211
-184.544926
-179.555593
-175.837547
-175.326008
-155.655487
-165.958174
-144.564833
-149.244380
-139.645893
-129.285518
-140.827950
-124.807314
-136.934330
-145.621831
-146.553554
-156.226924
-152.449106
-146.483674
-158.264100
-141.426757
-160.367815
-154.696205
-155.815329
-165.413720
-164.694682
-165.993925
-178.842314
-159.040818
-177.931801
-157.203579
-169.042206
-158.512047
-150.212563
-153.413058
-157.745291
-147.267850
-170.834912
-154.402085
-172.214195
-158.748317
-164.981105
-175.768843
-181.243098
-184.000538
-186.822494
-177.071810
-191.018089
-165.488573
-159.561286
-146.222312
-136.314553
-147.940376
-145.136541
-162.222720
-176.961043
-169.634906
-187.527927
-189.832021
-192.640875
-205.075360
-183.267903
-198.592162
-190.133795
-193.564746
-198.197449
-191.763450
-187.676022
-190.865669
-181.834711
-201.773702
-173.962040
-190.216175
-181.276517
-184.454990
-183.855370
-181.243158
-185.283960
-214.103696
-202.723184
-220.178929
-202.921083
-211.885959
-205.654563
-194.944686
-198.468295
-197.059260
-183.578678
-198.853697
-174.610853
-178.949500
-158.885154
-148.674292
-156.954632
-142.023033
-138.158796
-148.159701
-132.014661
-135.308839
-125.007217
-113.529058
-123.225444
-104.385044
-119.837064
-113.413278
-119.608886
-125.069783
-116.342578
-121.009684
-127.612227
-114.644629
-135.987167
-119.852813
-135.053757
-132.128153
-129.113507
-128.158244
-132.510929
-142.010688
-171.433643
-151.146053
-181.896706
-171.196286
-184.375720
-186.575886
-181.251253
-177.478217
-179.852075
-165.302823
-171.348695
-152.015243
-170.989577
-165.401496
-168.020930
-183.019445
-186.765754
-199.956694
-209.875133
-207.073414
-220.558995
-209.563093
-209.142381
-200.740380
-181.916295
-197.894056
-195.792131
-199.959168
-198.692365
-195.456427
-192.825930
-204.277808
-195.050481
-217.175528
-198.494240
-216.516026
-197.272892
-195.657975
-194.258372
-182.060834
-174.454195
-180.546799
-158.835004
-178.161017
-157.242017
-166.524072
-163.391249
-165.108554
-173.600508
-179.127800
-163.103447
-180.888219
-169.631576
-180.937967
-176.374898
-165.941779
-158.111112
-146.718283
-140.850807
-141.525544
-141.676778
-151.332878
-147.563841
-158.969337
-161.309142
-146.002958
-148.528273
-135.865921
-126.857025
-109.478158
-89.481656
-82.312057
-81.260656
-70.889805
-86.923730
-80.332822
-116.811414
-116.996102
-120.789574
-120.727185
-122.912987
-114.395689
-115.147810
-98.023894
-111.879653
-88.235780
-97.298164
-90.106380
-86.115243
-98.748345
-112.802130
-109.183604
-121.590119
-104.063043
-121.371503
-116.449162
-118.023107
-120.864028
-123.664391
-115.352059
-116.968377
-100.891092
-104.644955
-91.934307
-102.719173
-106.107658
-97.131137
-111.856744
-113.786761
-126.616122
-122.408229
-111.029556
-111.267980
-107.064051
-101.291678
-109.982791
-95.327174
-112.198794
-103.261512
-120.797102
-132.811854
-143.631876
-146.283836
-158.984861
-137.800204
-145.108314
-127.908173
-136.674337
-120.680617
-119.501095
-105.608820
-118.643847
-118.782769
-130.960504
-117.718979
-138.595381
-134.863372
-162.733125
-182.014406
-178.211842
-171.610135
-166.009515
-155.080754
-166.796596
-161.299236
-155.292955
-137.818848
-127.194316
-135.078943
-134.926778
-148.338230
-158.180225
-166.776588
-183.106612
-191.791836
-192.493489
-196.382368
-177.215812
-179.968976
-168.725296
-167.303860
-158.055046
-155.696996
-151.338435
-162.959943
-161.733128
-187.166703
-177.328446
-198.871457
-196.501119
-196.486040
-180.530166
-175.472582
-155.640321
-154.671037
-131.123557
-142.367578
-131.809947
-146.624877
-152.718694
-165.237926
-172.035312
-187.185756
-185.096508
-198.231258
-192.969252
-196.958995
-182.471094
-172.897408
-169.121361
-156.653789
-148.736463
-150.022591
-146.585639
-151.271541
-148.274748
-152.984835
-170.504062
-161.921709
-184.147313
-179.121476
-185.747893
-174.509787
-165.093666
-154.293837
-148.163634
-128.319886
-141.146887
-118.091090
-126.010241
-117.994056
-125.253531
-124.903005
-138.767667
-141.378230
-167.882561
-161.295591
-181.889485
-164.804762
-182.134449
-185.796898
-186.896694
-181.956994
-176.778139
-157.613009
-165.007586
-146.511042
-151.991937
-147.959877
-142.454027
-153.466537
-151.965353
-153.710406
-156.331125
-148.166721
-156.303224
-151.889546
-138.288351
-138.440673
-116.326684
-114.761792
-101.547996
-107.015389
-119.088584
-124.679197
-137.538463
-162.282054
-162.447562
-181.146701
-159.228686
-171.482664
-163.996608
-158.739281
-153.436209
-154.179439
-136.619820
-139.936097
-105.222553
-128.204294
-114.401987
-120.189605
-118.338420
-119.293333
-129.723621
-139.682616
-127.746343
-149.875320
-137.104157
-152.170760
-154.832555
-156.489273
-164.986884
-158.186886
-154.841291
-167.126529
-162.838687
-174.085975
-169.148522
-170.416545
-171.912765
-149.633430
-156.973688
-149.528177
-145.029212
-149.554054
-143.415411
-143.448528
-166.982325
-158.864029
-179.201691
-156.880380
-159.428808
-147.092159
-141.213910
-139.903713
-130.331144
-108.318140
-120.334237
-100.436286
-126.584567
-116.161361
-125.171093
-138.847159
-144.897521
-152.792838
-165.135356
-143.489716
-165.659869
-139.439397
-141.091463
-119.273095
-100.792273
-96.867084
-78.983379
-69.480730
-71.866620
-63.156691
-89.519391
-97.916724
-108.611513
-127.857030
-114.747273
-132.919257
-125.180735
-114.088286
-114.436835
-90.343040
-77.188884
-67.830289
-40.752568
-50.647225
-31.246469
-57.962943
-67.826995
-69.509948
-72.410483
-83.339776
-89.729491
-124.392103
-109.433497
-126.417469
-98.392414
-99.021819
-92.743493
-79.017262
-68.977904
-72.025198
-61.933531
-86.680249
-62.630926
-73.675175
-72.964523
-75.649542
-80.308571
-72.565961
-75.464718
-91.107922
-78.651019
-90.425716
-78.244446
-80.696375
-88.315124
-67.826233
-67.427361
-53.252171
-47.257265
-51.748260
-44.301997
-47.794767
-49.542273
-31.745997
-51.075683
-42.655064
-55.652945
-43.140785
-34.824281
-32.750323
-30.017147
-32.477790
-50.976862
-31.562519
-53.151627
-31.055217
-42.783771
-42.336927
-39.758882
-42.394439
-40.605229
-20.788681
-34.774706
-1.512215
-17.019683
-9.181770
-10.427797
-22.247451
-21.485157
-27.320116
-42.212567
-43.719187
-72.813599
-62.658239
-72.129244
-81.284066
-72.626257
-83.274073
-79.815764
-78.999712
-86.023426
-70.915502
-87.083561
-96.187272
-91.826603
-117.443105
-97.890018
-107.885521
-98.799364
-101.336201
-112.035114
-95.581043
-91.681922
-102.825340
-80.701156
-104.014805
-87.290907
-98.812726
-98.982406
-104.854879
-112.741303
-124.259572
-117.870587
-133.603549
-106.141290
-128.649941
-115.297388
-114.281377
-114.358747
-102.460048
-89.899044
-91.488970
-72.043431
-80.893934
-61.957365
-75.505464
-83.578844
-77.760319
-86.676001
-75.496928
-79.154281
-90.416983
-81.510482
-92.278684
-92.374067
-87.087577
-94.536402
-75.791858
-96.879308
-81.508830
-83.472976
-92.165213
-82.190902
-71.506377
-80.181415
-60.737308
-88.054978
-72.779271
-89.113971
-83.229605
-76.816789
-83.760296
-93.002010
-86.288630
-109.141253
-90.046601
-114.602123
-101.599952
-104.449229
-109.238813
-105.849867
-101.813406
-113.569258
-104.215208
-123.869652
-112.112601
-133.295797
-130.940432
-126.039476
-134.495738
-124.065870
-122.147032
-127.856253
-107.725141
-118.415546
-116.027036
-115.150787
-133.899820
-116.158401
-136.799847
-125.561631
-125.016088
-124.649781
-117.082991
-118.181357
-119.570760
-98.405141
-115.627198
-96.142966
-112.111109
-107.185171
-112.088999
-118.660227
-122.502772
-118.219487
-131.515418
-114.423553
-132.365392
-109.795251
-112.575521
-107.558673
-107.405140
-107.170009
-109.500384
-94.808461
-115.621676
-99.891592
-119.564619
-116.278725
-108.633390
-100.432468
-87.474593
-81.597375
-77.491443
-54.089428
-66.590276
-55.933574
-54.383221
-64.920268
-57.119040
-78.208800
-72.161218
-80.419283
-86.039259
-84.583209
-91.754377
-104.749760
-97.661225
-120.329179
-103.435596
-118.292358
-109.757352
-111.634107
-122.731298
-127.112982
-120.928203
-137.249645
-112.290184
-129.682082
-101.046895
-101.022145
-85.518627
-81.417580
-75.733785
-78.108705
-62.214412
-79.559707
-55.861217
-65.917863
-63.181980
-60.485868
-63.563341
-51.849388
-47.437579
-44.278415
-28.508731
-39.294341
-25.353109
-33.253095
-48.638604
-45.342498
-73.196279
-70.319405
-77.973406
-94.090585
-95.203110
-106.615148
-114.808298
-105.842164
-121.453981
-103.004448
-109.923203
-94.755899
-85.743896
-75.697803
-66.057521
-52.210405
-64.948788
-52.473926
-81.560018
-70.880737
-86.672669
-83.516361
-85.094916
-93.823183
-100.140726
-85.743947
-94.678592
-74.196803
-85.238870
-68.708438
-64.076924
-65.895269
-70.358558
-80.476882
-95.935059
-96.063035
-107.224105
-94.402289
-94.346386
-90.666296
-75.904178
-82.468419
-70.965120
-69.655521
-78.644507
-73.776085
-79.652786
-83.937390
-86.529536
-118.444840
-108.925968
-130.246461
-118.739560
-103.418285
-89.859458
-86.320160
-79.002666
-77.022402
-48.339837
-57.156646
-32.427325
-31.804969
-27.908402
-29.917034
-35.054888
-47.288911
-42.363933
-68.643864
-60.413878
-88.439464
-91.570151
-92.450363
-89.764695
-83.126529
-82.240780
-85.798649
-72.440368
-88.720986
-76.673315
-86.975652
-100.034767
-99.440560
-126.432210
-131.037982
-132.888043
-141.107116
-128.295838
-127.345067
-132.164764
-125.252985
-141.990323
-138.490808
-151.815761
-142.679720
-142.434740
-149.631901
-145.671843
-140.627172
-154.921240
-135.064098
-166.813174
-153.973105
-170.227812
-175.466319
-175.201735
-175.991376
-187.814583
-167.507104
-177.631603
-153.592197
-170.344937
-163.600505
-176.433236
-194.689879
-200.680964
-203.599194
-225.493383
-212.623923
-222.978886
-200.612510
-193.388129
-194.498541
-185.248019
-188.693882
-189.298129
-197.178880
-210.714068
-207.922704
-219.529639
-216.449034
-207.044266
-210.755036
-179.529302
-176.424879
-173.548844
-167.117900
-171.636912
-178.513170
-176.663240
-194.979202
-182.022325
-206.704677
-201.059578
-221.205955
-222.067764
-223.715398
-217.192453
-211.348145
-194.804066
-199.869322
-166.034659
-184.922113
-178.717059
-181.748562
-194.714320
-200.745621
-200.772632
-218.985814
-209.087197
-232.482603
-211.943197
-221.703739
-233.043485
-231.637471
-252.822098
-256.749985
-263.223941
-280.070565
-260.565962
-256.134713
-249.440403
-240.271856
-253.043018
-243.332967
-259.180639
-252.414054
-247.924927
-262.032991
-263.380060
-267.034622
-273.994335
-251.083488
-262.871439
-239.720442
-240.254921
-232.296705
-221.507677
-214.421665
-221.099282
-205.143627
-227.702900
-214.197813
-244.784176
-240.269199
-252.292987
-251.264545
-243.975393
-236.131201
-241.844509
-211.400495
-222.101919
-196.169106
-190.550848
-185.822601
-184.634532
-188.590582
-187.323916
-189.204102
-208.862030
-203.106596
-216.697185
-212.633257
-200.929557
-213.930485
-197.591869
-205.826495
-191.933426
-176.555277
-181.416260
-176.568884
-172.900446
-189.028958
-184.162715
-220.970084
-208.792467
-228.243262
-230.016350
-232.922441
-226.957894
-220.512013
-210.294631
-229.665273
-207.960248
-225.075630
-212.098358
-218.366443
-229.309213
-236.848268
-244.512842
-264.311561
-247.044585
-268.019005
-247.206632
-252.840100
-250.630191
-239.679971
-241.653575
-249.102317
-246.417034
-254.475914
-245.216676
-264.046532
-255.288265
-244.056119
-248.601754
-226.300078
-242.136202
-238.040342
-231.510726
-240.283612
-237.914572
-240.514576
-256.433990
-249.401777
-275.358864
-260.946164
-273.999300
-278.209418
-277.317899
-276.512218
-282.595661
-267.575692
-278.281615
-256.775554
-269.486865
-248.975048
-246.120433
-241.597419
-232.752079
-229.350197
-238.146228
-225.637437
-252.423543
-235.231526
-249.724125
-246.279219
-245.940575
-247.242321
-240.621443
-237.274906
-245.560924
-228.865218
-235.731267
-233.529820
-234.870173
-247.648487
-246.739485
-255.259382
-250.646660
-245.594309
-252.149403
-247.936622
-249.383487
-263.057040
-254.461433
-261.545189
-253.120247
-256.401265
-245.983759
-233.675664
-220.749541
-213.811998
-191.531002
-194.675405
-169.027801
-188.388840
-177.928451
-185.029650
-187.075360
-187.203841
-182.720685
-189.539144
-177.439429
-186.536870
-160.869808
-171.806308
-159.960312
-169.530822
-172.878320
-167.793388
-158.192118
-168.450789
-163.842251
-180.454037
-172.584300
-168.336823
-174.526348
-169.958423
-178.170050
-171.880914
-166.102884
-171.644731
-163.985355
-161.297457
-167.798163
-163.178513
-177.160758
-168.075363
-188.642664
-186.849985
-183.176024
-181.375168
-185.237880
-178.262092
-186.101407
-166.372613
-187.833069
-184.057837
-192.291442
-187.349462
-190.407408
-182.788138
-191.093018
-181.089475
-205.608896
-196.523371
-200.933815
-181.159364
-174.745328
-165.996594
-167.317002
-171.683764
-186.678347
-176.939271
-191.997498
-176.008060
-169.640217
-161.385622
-158.585883
-150.269720
-135.579703
-129.598991
-130.174207
-120.684357
-117.301653
-124.227016
-120.776140
-136.185918
-130.778862
-144.314511
-138.876402
-139.256531
-130.919398
-129.139219
-112.741564
-105.739279
-76.836473
-86.123348
-71.564161
-87.709973
-81.875582
-81.783871
-70.861408
-77.147760
-64.601050
-82.854429
-64.714109
-74.955315
-63.247974
-69.076718
-60.551305
-59.942061
-50.463541
-49.762012
-39.283784
-57.027636
-54.589504
-64.056229
-65.551314
-63.175268
-66.471372
-67.360267
-66.637257
-72.806407
-63.977962
-69.792626
-74.552579
-67.082902
-70.965445
-56.814356
-58.192490
-50.856277
-56.557666
-52.840255
-61.211392
-46.759854
-55.468241
-36.288913
-38.977563
-25.579307
-34.681701
-30.687699
-31.707654
-33.963023
-43.730399
-37.509957
-40.298721
-9.716313
-20.407970
-7.454309
-13.244790
-10.220762
-18.846153
-13.774679
-25.752254
-23.968713
-51.636960
-48.984954
-62.126098
-60.841131
-57.527091
-51.982458
-55.884208
-59.753210
-76.387424
-74.018086
-89.392703
-100.091521
-93.962433
-93.121755
-78.428045
-85.249595
-80.372365
-78.561860
-85.292939
-92.071094
-86.722521
-103.944247
-93.091322
-114.707856
-105.317322
-103.545993
-93.576043
-92.478417
-84.430777
-98.485505
-82.455517
-95.283584
-78.869132
-99.797939
-90.774965
-97.372396
-105.837142
-111.098439
-108.434839
-127.565451
-106.741254
-127.213092
-115.191714
-108.796624
-111.181768
-108.876408
-113.240787
-113.543494
-106.062727
-110.125454
-81.215675
-77.803755
-59.138323
-48.770996
-53.174127
-44.786719
-53.369679
-57.532584
-57.617637
-55.997409
-55.526319
-57.691312
-78.912992
-66.578367
-92.282648
-67.705515
-57.997997
-42.834915
-23.371491
-19.666002
-26.909500
-8.845245
-34.797347
-13.114368
-38.002795
-35.974078
-49.043212
-59.101013
-58.290294
-53.997006
-66.216122
-33.732999
-47.275984
-30.705093
-39.195673
-35.725519
-35.802503
-47.896085
-57.059909
-65.206796
-86.975923
-86.496020
-104.938767
-97.379035
-84.061104
-95.833670
-66.413882
-81.411285
-77.527860
-74.132246
-77.225701
-53.005328
-60.631129
-68.544567
-51.616634
-69.769329
-62.689947
-75.366835
-67.785607
-58.937472
-63.292443
-61.274580
-51.840132
-70.430070
-44.367186
-69.704685
-58.654361
-71.780699
-78.870331
-78.327364
-89.883203
-106.914044
-74.431051
-88.735020
-66.299799
-75.668016
-68.825034
-58.982884
-55.429875
-60.055875
-63.577212
-92.913671
-78.302567
-103.410579
-111.068610
-107.598783
-109.158731
-98.331315
-99.811577
-103.090265
-95.549829
-101.086549
-93.418411
-99.843826
-112.768031
-101.978812
-122.089723
-105.154656
-113.891488
-118.825327
-116.061186
-117.427222
-119.493322
-114.163503
-135.254508
-109.419742
-126.168572
-108.799385
-108.762500
-107.657195
-108.811034
-111.823085
-133.580389
-124.833610
-142.674278
-117.295946
-122.598409
-114.714812
-107.706343
-109.379125
-118.671538
-115.931273
-131.722434
-121.720749
-145.889755
-145.734461
-142.797573
-146.191676
-127.758335
-122.996787
-116.996702
-93.527696
-108.814063
-90.382403
-97.978739
-98.922140
-85.175170
-108.563237
-101.967780
-109.333843
-108.776945
-101.827626
-111.205396
-100.260721
-76.845249
-94.426796
-68.859717
-85.451444
-72.979620
-80.196170
-83.774126
-89.192114
-87.681233
-97.215807
-87.591393
-116.263713
-98.937307
-103.928346
-92.053514
-94.002882
-101.995554
-91.553319
-84.286664
-91.593239
-75.750002
-90.140147
-80.847655
-91.075971
-103.146546
-91.832486
-92.880627
-81.003500
-74.312564
-90.098302
-73.409979
-84.670127
-87.740112
-69.999922
-94.607299
-87.574478
-110.112139
-112.094297
-107.685947
-118.804090
-122.449889
-121.202934
-133.206873
-109.420092
-128.277634
-111.478881
-114.942537
-116.591146
-109.051872
-102.669491
-106.959620
-90.326853
-116.468528
-104.076917
-122.340479
-115.506154
-117.834521
-117.782434
-117.153779
-113.623330
-122.462683
-99.442697
-117.471397
-103.529150
-108.709377
-104.788540
-94.631898
-102.505803
-105.674695
-108.955476
-126.294442
-111.860390
-125.379466
-126.002071
-117.308744
-124.478631
-104.341368
-119.554606
-108.282320
-95.327282
-110.758206
-105.860209
-100.214390
-113.062030
-88.830924
-107.518857
-96.175079
-111.682501
-108.984579
-112.689847
-121.894706
-134.165074
-112.460492
-127.622969
-105.977049
-123.990068
-114.699855
-125.156513
-128.701879
-134.049199
-132.725368
-148.516252
-135.568188
-151.243254
-132.305051
-142.292947
-143.567219
-140.160263
-145.842856
-146.762458
-148.762956
-157.116864
-144.877291
-155.113196
-148.028447
-140.425476
-151.106678
-147.353971
-152.491069
-142.248982
-142.249609
-154.723439
-161.741522
-163.649390
-172.580372
-153.049473
-165.332917
-148.089706
-157.040144
-153.840153
-154.614418
-164.086867
-169.962631
-162.587454
-199.342514
-179.765869
-194.074881
-184.522292
-188.396735
-188.281180
-184.854075
-177.489466
-194.698382
-170.829718
-172.884397
-153.729059
-158.614170
-160.599658
-156.366789
-164.264775
-174.059578
-174.253368
-198.585147
-188.771230
-194.095374
-189.118979
-174.759455
-175.186868
-152.639026
-145.185241
-132.570653
-119.506776
-125.514959
-125.799042
-128.348520
-149.691147
-144.089109
-164.588318
-154.211050
-158.387307
-152.991516
-145.991934
-134.801794
-129.452401
-119.534826
-142.387024
-114.513828
-133.645157
-130.898843
-130.452087
-129.575580
-127.837915
-120.681334
-135.526221
-115.992309
-139.403090
-115.064208
-125.724836
-123.632014
-117.665145
-126.188387
-131.017311
-119.155598
-141.337713
-127.901306
-138.018398
-133.456705
-126.942046
-132.570791
-107.949307
-108.564435
-113.224982
-92.995182
-97.545739
-104.726486
-107.752638
-115.904707
-95.838716
-117.071677
-105.122746
-103.788700
-109.203276
-104.550382
-114.245906
-125.590432
-108.729877
-132.236604
-101.109268
-111.673052
-109.079331
-114.042459
-123.220511
-126.641917
-119.464681
-141.254323
-116.417285
-140.081898
-117.792136
-120.966166
-126.575017
-127.912429
-131.420952
-132.298486
-117.288888
-127.696997
-109.190642
-118.103116
-108.455220
-102.439081
-111.223298
-101.674429
-109.585850
-109.656768
-115.478937
