139.105592
263.298729
231.214219
252.543926
245.629364
236.598123
236.533126
240.104435
225.577263
251.860657
217.684115
255.749402
247.685583
190.733585
222.266976
200.151769
210.612459
217.599875
204.947875
234.078234
236.602111
225.740768
234.780756
213.676252
238.136311
208.419771
193.862876
201.659276
186.746537
193.889803
200.196363
197.260136
211.706679
187.204835
189.279724
191.892673
173.598260
202.109336
195.260452
168.288104
209.407743
161.126268
181.997713
170.167918
170.859142
182.249579
161.292366
177.641471
171.059473
157.701017
166.769330
141.168691
165.858199
171.174668
109.408543
164.947479
150.295036
155.680607
170.833881
144.996487
164.152231
134.180651
123.159046
129.080080
110.460433
132.995795
133.225872
136.491599
148.361601
142.151288
153.778087
165.958063
149.112998
165.011851
130.517089
133.170767
138.834516
128.110754
130.090871
130.921373
134.158883
148.219688
113.725880
130.694712
117.000873
106.331761
111.191074
100.578885
104.759264
108.704524
93.811759
115.507951
92.555594
104.440411
100.337816
94.376347
119.112359
98.855934
108.996116
119.851365
84.429556
116.597185
100.914412
110.480405
134.184018
122.815273
153.496956
139.453331
148.730186
159.823580
143.648369
156.831451
153.611991
143.789301
141.847006
116.886305
139.114098
138.882572
165.418767
183.037595
196.259594
200.604025
213.545968
192.288519
215.853977
194.199652
199.483391
199.812379
180.920276
186.569561
175.118519
173.214806
185.545107
158.747414
172.403542
172.568560
154.343337
167.927901
169.076371
174.061977
180.014136
162.430930
184.601817
176.618066
180.760490
182.596193
157.834419
188.615386
180.597958
173.597577
176.251183
163.034157
175.090696
174.890674
156.541704
168.302193
144.872805
161.599971
144.749538
141.802741
150.593876
140.865999
141.335124
156.806838
123.639968
147.141668
123.970509
127.710785
130.876211
117.331204
132.950390
135.909501
135.212999
157.164712
131.787762
148.062581
143.363400
140.400233
163.206146
145.534200
146.645756
155.766173
140.789974
141.495092
122.516003
133.182466
145.813205
130.469703
158.353808
155.430322
166.514359
180.034135
167.188406
183.470314
180.598187
174.017682
201.935876
183.389799
204.232557
185.590284
192.121978
196.463505
167.975323
173.843154
168.845338
153.770634
187.076296
168.168710
173.823883
178.543464
172.597438
180.918447
176.280259
163.528851
166.082609
141.682365
163.585777
160.559250
158.015750
173.009483
158.367183
165.333671
177.515942
167.347797
176.800362
168.362515
172.057882
161.465943
154.148168
174.745538
168.176025
182.541930
181.717485
178.572703
187.038795
177.291420
172.339338
180.333269
151.751232
172.614067
161.789900
162.125527
190.338210
195.012922
194.153351
200.065958
184.783129
201.778390
181.228214
204.416695
215.343397
226.406102
243.351067
247.338512
238.384349
258.633063
239.437359
269.542399
261.577850
268.648864
279.075739
275.633808
288.323067
288.887907
270.712472
301.106942
282.507904
291.574221
302.126474
290.529935
303.943962
296.191272
291.010750
298.867500
288.633366
296.409555
289.924403
290.005052
298.839324
281.446782
297.387534
265.283466
285.375304
302.016650
284.166808
280.627071
286.399510
270.633605
287.795524
266.530609
283.584150
286.109211
277.432203
278.775595
278.661149
280.621173
296.768793
253.618165
266.586422
266.959084
266.019708
261.858886
243.068645
234.122436
252.129465
237.386658
255.203245
228.777787
225.174046
235.540208
201.000451
213.103526
195.767198
208.724221
215.047430
204.733480
240.703803
225.494835
225.142721
252.566795
242.542386
257.856426
257.333488
245.469447
249.941683
242.133310
249.056514
250.145485
223.733667
268.477656
229.501837
249.329814
252.176793
236.073586
253.592557
252.105111
231.607679
249.121510
233.236299
267.875509
241.355632
252.464759
263.792769
249.426291
250.694629
271.003708
257.064313
265.192065
263.141305
250.794418
260.691549
260.533438
255.107170
255.178513
262.395969
281.742326
257.659828
287.614975
270.744012
263.420119
278.611999
253.378554
273.205453
259.094485
260.002074
268.827430
250.247477
264.239199
260.946840
234.177178
260.056546
237.200652
245.295430
244.826355
234.636787
240.187987
226.672826
230.425114
248.990901
211.626708
234.025505
220.127938
217.969307
225.615484
187.387299
205.252065
194.222380
178.078536
206.341198
184.788894
196.069532
192.498044
189.729346
210.809422
194.435750
227.451615
249.057850
220.036237
245.929009
218.629258
217.896972
240.771663
225.270286
244.570944
234.244406
215.085594
226.060742
216.308926
229.762672
227.576045
201.044030
232.390648
207.408320
222.567389
229.828315
218.105006
212.309613
215.812940
213.902353
236.944071
206.989855
208.669458
204.733314
219.872057
238.163011
222.463940
230.740275
231.512552
210.082148
232.854284
214.872104
218.712769
225.742788
206.004516
218.661692
223.646047
219.720891
237.558254
217.799695
254.133852
234.185247
230.814820
267.714024
260.054201
273.025546
263.456397
263.562970
269.069377
244.732931
265.954526
256.213020
241.043352
276.999771
236.584705
259.421688
254.565515
239.928104
276.474377
266.329553
243.287882
261.818518
244.726865
262.927240
244.927309
256.475504
273.530311
244.476515
268.874829
290.880563
275.903543
298.774359
284.713132
317.862339
297.916929
281.440048
288.371465
280.043302
284.090131
279.873892
257.645597
275.811216
269.139506
269.260192
275.950403
264.939382
277.059810
267.333445
265.084562
262.144839
240.313720
246.099210
252.325112
249.007032
276.512901
246.651576
270.276057
278.847640
263.115026
276.450405
279.420868
294.523040
294.451841
264.584690
294.618010
268.956329
266.597340
280.412004
261.446295
269.200993
280.539739
274.041639
294.456911
273.741498
304.918571
309.549272
302.616066
314.701908
308.213062
307.486050
307.109547
289.232274
310.113910
299.502008
311.813825
319.590928
299.793446
306.837608
311.045940
307.349376
315.967874
283.955881
279.869303
281.958250
269.436984
282.929127
253.147246
272.180283
264.596937
253.068112
264.063218
252.224701
250.417087
257.892724
235.649923
254.383114
227.906252
221.559209
242.594418
231.856125
233.898266
220.981445
198.455998
218.005001
210.052092
227.773667
203.850834
210.023928
218.643721
200.350675
205.758827
223.949601
220.323525
229.026331
208.907807
218.422957
217.974628
234.085778
248.397910
247.121809
273.354656
279.000935
264.754199
272.833907
263.859029
259.171316
268.108837
261.613596
269.778986
271.061233
288.353959
285.355135
278.302654
281.250065
295.656504
267.397495
296.396189
290.183926
295.501128
301.456764
304.962700
303.771644
310.255872
287.713546
311.275058
269.930271
265.065496
269.776860
271.726687
280.707344
268.765004
272.906288
286.382010
282.927121
306.293783
283.960442
294.726606
299.886623
269.996171
282.881797
281.533513
285.960239
285.061496
264.148322
280.407666
275.044716
273.408553
292.167511
263.585616
273.750337
265.975312
267.236603
266.007833
258.661069
262.560797
262.026610
255.355826
286.256639
288.152678
296.472106
294.850362
280.049964
276.102405
262.425134
267.368086
285.320790
256.356155
282.991737
277.762959
275.090956
295.055296
291.883512
286.389880
292.740742
274.413466
301.158110
275.813272
283.679401
283.837045
267.728592
279.915161
272.120569
264.635933
290.027838
274.327642
272.956651
280.692998
278.113309
298.959677
278.260058
302.134502
298.193097
288.374925
305.304047
288.435604
302.140045
294.177789
264.177268
301.812946
277.811034
295.452292
296.809228
287.139493
299.814844
296.174108
294.809007
310.453465
299.642559
315.372226
301.752567
303.028347
321.409618
320.986134
323.965908
338.816089
321.999467
352.284510
330.819815
353.193699
343.378558
346.988050
357.774114
349.467829
340.931147
356.227164
342.258907
349.053507
344.356332
344.083543
345.213875
322.207319
347.849151
309.921317
300.794054
312.695189
314.304105
324.275255
338.771147
331.839046
370.301788
347.897602
372.467553
363.278403
346.575134
356.887593
345.953750
333.525186
360.391204
329.145829
346.714499
334.380593
330.116666
338.628176
337.742339
341.244361
333.426858
319.675345
351.129873
328.906007
346.188490
351.169048
338.762323
348.715996
332.831002
317.755818
340.312915
305.822747
305.578222
316.615611
315.900241
319.917973
312.917788
325.610785
326.739472
320.556505
335.929773
320.072068
328.187727
339.184173
305.963883
327.576197
314.378816
333.949612
332.714015
326.856056
349.044805
338.138104
350.856226
372.651386
337.985274
361.671380
362.730829
353.937297
367.668168
353.900266
338.381091
369.489651
334.600989
361.343712
331.575016
347.945809
347.020759
336.924567
359.506077
357.617385
348.819669
374.261171
352.418546
360.635573
355.977210
358.628104
365.212517
344.235116
367.521743
370.986394
356.321893
367.218260
341.266778
343.306516
343.359175
327.872408
363.387308
345.412326
361.251525
369.641370
359.562288
358.870611
348.295738
347.452363
375.327561
353.524536
388.862472
370.805083
378.546437
381.660355
350.655240
364.517958
365.418451
354.241605
378.418798
353.933542
363.254800
354.846342
348.290300
379.223404
372.737408
355.797622
373.647133
356.619778
382.068694
366.356940
373.635601
381.183559
365.409272
371.737783
356.910746
354.561103
356.820936
328.238858
340.050139
355.788275
331.019952
341.024983
335.004809
344.706192
349.576032
357.434750
363.952971
346.092064
332.934903
346.787672
307.855339
312.059145
293.156242
293.430176
302.599604
292.518506
299.884841
307.821589
304.254145
329.260991
302.918734
332.923999
321.039973
291.667264
310.198818
302.353724
310.010969
309.847529
291.793907
311.991902
279.175272
297.875519
302.434944
294.106064
309.084852
299.591666
296.359109
311.667665
287.282962
288.419440
294.445898
308.524155
308.127979
285.722321
296.453129
292.440321
291.577840
297.633407
282.990347
296.347606
303.944888
277.988617
300.985977
268.221631
274.673403
275.732879
263.535746
265.373461
284.361764
283.247245
308.784594
284.751749
313.802737
295.271598
290.778534
307.545882
282.916197
281.555345
288.081144
268.548724
289.952639
262.235440
271.166119
265.683544
247.203054
274.563318
266.498299
270.909765
276.179549
278.467524
283.445370
272.557172
289.714086
296.215951
279.500538
299.042634
295.064344
284.656113
298.077623
283.518535
289.734227
310.193484
295.095195
326.789151
318.617956
319.576154
313.110441
313.486120
335.811979
339.090584
335.364989
368.356311
325.385828
344.821424
329.044511
331.444544
331.187771
320.324113
326.048070
321.357810
300.221701
337.925021
319.622324
335.728232
341.984809
336.523756
363.343073
367.274167
354.614890
360.039790
332.169000
339.354385
342.659746
346.677386
365.168564
345.604025
374.730657
380.843399
377.608197
389.222325
365.948498
358.299765
368.621966
354.389143
366.943189
364.194268
367.096098
366.656923
362.132500
370.663127
363.945857
354.247772
382.741333
345.081055
381.030053
366.579606
369.626797
373.581078
358.929173
357.149498
371.612332
347.742239
370.928606
359.874934
382.338056
376.358020
386.684715
392.930209
381.047898
382.661753
397.831490
383.783161
414.448451
411.287405
391.889904
415.546585
396.559365
422.256582
427.678141
421.236443
426.368194
427.374557
445.294918
452.153224
416.155755
434.616323
409.573403
412.723551
420.932976
401.299091
412.877455
411.479556
407.380383
432.895877
414.131129
425.868241
417.514569
420.323998
429.469838
415.722160
432.473650
444.618230
429.847014
456.245904
431.918399
444.511463
443.979543
434.765055
451.375603
461.434050
471.482407
477.600958
456.520585
478.722532
466.933242
467.551703
482.683387
468.986870
491.801162
480.027934
464.507766
462.676919
417.875512
416.818369
418.583783
402.147575
436.143018
423.647079
433.086951
452.705656
454.287335
460.903271
458.492058
460.505544
459.002271
446.592819
465.242667
446.421107
437.234372
441.192612
420.897658
432.218389
435.523168
411.598021
439.247064
421.913059
435.238439
436.557532
426.983340
445.326296
426.359191
398.629338
413.419568
386.892144
396.596761
382.987971
373.863404
384.916646
370.247496
378.997631
376.684813
364.144029
376.638372
356.201800
364.395598
375.508426
375.688244
393.438900
368.165913
379.777500
386.715583
370.333274
382.739551
388.486740
384.603395
399.076195
382.437666
401.806806
399.631672
385.826872
394.226415
374.102956
366.033560
369.073088
341.038807
368.258228
338.004928
367.704242
357.889508
335.565575
344.686815
339.666465
339.878149
362.488947
346.640340
355.350650
343.191136
322.832656
331.319354
318.812521
333.529513
325.200906
319.274398
337.930091
321.430938
311.733472
292.601680
283.197270
311.834905
297.418924
307.568681
306.647411
294.743767
314.296238
300.546593
294.643276
317.157057
296.847774
312.934867
303.557757
305.026617
330.569547
319.585223
301.958363
303.346423
291.582335
311.861626
302.809448
316.194753
316.870535
314.306694
341.750517
334.687058
319.295082
329.092517
312.863735
345.892287
331.091268
348.999312
365.351781
318.829944
339.640431
339.473328
341.592099
366.275142
364.575006
386.114660
390.510568
379.562270
405.775843
389.580896
385.259052
390.111540
371.027723
384.028339
371.913366
373.033096
394.281751
371.286509
385.271871
376.313889
376.954440
381.979135
384.176027
380.988840
387.901627
355.606278
373.073483
349.178585
373.171201
339.935284
321.998536
374.769639
355.732780
362.742497
380.857336
353.417980
376.637501
365.184343
379.560501
364.327543
344.568539
353.379808
345.826580
331.655293
338.563680
308.225298
320.314041
309.420851
289.083843
293.663125
282.237042
289.691996
295.793091
286.186131
294.923441
280.940218
270.684192
271.428774
259.252148
275.596581
269.700269
290.940905
298.066295
300.259395
308.382851
314.530210
297.664530
327.533199
307.245252
318.001272
302.303707
303.017347
314.319058
302.996786
312.472580
318.527591
291.271109
312.295328
316.218929
322.147990
329.053283
330.654865
332.123202
341.906123
329.316497
329.428882
321.398353
339.444959
335.842899
321.540536
334.896193
311.463076
317.790910
318.681905
321.284611
335.986816
330.769770
328.265192
343.231803
329.469876
354.154320
343.794496
357.611711
354.538967
333.092937
330.561459
327.311889
327.177321
343.148055
335.883156
368.103850
371.353615
371.443859
380.970054
359.989464
340.906767
346.334831
321.443823
340.338753
324.183576
324.030780
334.234248
334.553075
359.224767
366.068366
364.337383
379.514488
368.124345
381.273644
376.688443
362.806911
368.989230
363.702243
385.372933
399.308562
386.898716
402.137117
392.680444
387.169311
408.872157
383.143360
404.845094
386.513980
392.647041
399.806254
374.179119
386.804552
391.809862
365.564710
389.708048
368.614471
383.032227
385.936959
374.431792
379.667133
367.393648
355.483766
357.997113
340.942072
374.901210
364.512935
370.042116
373.892651
360.055853
375.473968
387.162430
385.835657
399.924031
379.944630
414.623361
403.401977
405.169778
403.453353
377.514562
395.874262
402.783109
382.051596
394.656636
383.158249
380.563725
381.645526
367.276697
390.322171
368.189064
366.306542
375.973060
375.460101
396.213943
375.464490
370.191516
388.529630
368.353398
400.454930
398.835706
398.616844
405.320545
393.080227
390.485315
417.753850
400.743913
424.397577
408.087842
413.594142
405.050586
369.860532
381.059724
373.747884
377.100477
390.697253
369.877290
373.574459
352.819941
351.955651
370.596745
355.780531
374.872010
386.999790
372.352168
399.384131
384.746899
375.283164
367.768514
350.054101
370.133842
357.248683
354.341327
374.408025
366.255973
378.281971
382.578035
367.985700
385.204651
363.416863
383.295686
384.584355
374.079610
374.554436
359.516755
366.897763
365.117035
347.282125
361.251791
319.329269
344.910692
351.574949
357.501574
364.059566
356.730249
358.199525
387.754837
374.203009
408.323133
400.446409
400.428822
407.127867
387.334331
389.106397
387.616183
373.935068
407.177745
387.383182
388.714109
402.365192
389.622798
409.029966
396.585482
409.480251
424.892984
414.123016
433.236530
427.212928
435.276295
448.175659
428.516324
462.982741
451.951394
439.999608
453.423280
447.248345
436.155257
450.182102
435.619886
465.862524
439.244668
434.321257
425.831225
415.337285
436.085740
424.378040
413.747079
431.415540
386.004240
408.918289
400.670388
409.269092
427.835382
426.040948
421.626735
433.563700
414.581271
426.786564
411.121175
421.715785
419.334902
403.453976
416.783083
399.894758
402.877469
399.997405
385.992143
408.583387
407.222292
410.830552
434.208047
409.992186
419.609063
410.273234
400.542332
416.675879
404.195411
405.625789
405.010885
386.362339
412.391967
382.423863
392.008005
387.110683
371.282169
382.799292
371.862762
371.433341
379.182371
341.174632
381.350445
366.481122
372.346222
382.139435
355.221209
373.596923
367.618247
354.256766
379.540717
365.854104
381.331392
384.797321
372.954424
397.334023
378.864378
399.687709
393.364883
376.175952
403.005147
389.232336
377.616298
395.353811
365.879168
383.854850
380.294766
384.184933
395.222434
380.284816
393.821152
414.241772
390.600004
404.101807
384.988205
382.331610
363.017283
355.495309
354.711037
348.837270
338.819411
336.314994
317.151251
343.876712
326.835252
337.762998
347.044846
341.992205
348.179488
341.256586
334.216456
341.408377
312.604149
319.224273
314.759666
304.490846
327.466981
310.865721
316.267720
321.234741
309.838914
331.101802
316.829706
317.640457
328.505128
299.777775
329.034447
311.420360
317.855178
326.010321
306.285662
309.477002
293.458164
282.319572
291.361660
269.255827
277.930486
272.932612
269.005849
297.699392
300.788300
288.432490
299.985546
278.035903
301.684599
281.229648
283.431845
308.990905
289.902473
292.328926
290.762274
268.051096
285.240311
263.887581
282.262231
283.658730
271.920064
288.040163
257.211507
267.945965
274.355907
256.911273
287.289438
265.708895
276.315682
283.543737
257.676385
279.367416
276.303373
271.286554
274.825176
252.758670
256.536578
253.019023
240.929396
265.865845
239.269056
258.943572
255.092211
252.399612
264.259547
262.911775
269.518452
298.039844
290.268074
318.032041
288.780008
304.939352
287.082657
270.000252
271.346962
247.201905
241.003326
265.705846
242.296852
271.824925
261.621317
249.406217
270.316785
262.015216
272.970429
269.407272
261.339924
292.367363
276.949299
292.121551
297.739581
263.680674
285.012547
265.439759
269.809166
283.227626
279.693279
283.539205
280.288736
273.775993
299.048547
276.012526
296.246966
301.641304
301.348003
323.713069
313.576630
305.032360
314.275476
287.332086
304.813154
262.870223
280.727580
300.193444
292.877532
304.142293
301.107631
287.293044
314.254826
280.990459
299.735607
295.855301
295.032168
317.377026
313.741780
318.503400
317.402578
313.132572
319.792758
305.179190
314.024973
315.688330
292.070928
314.013157
297.257407
286.712098
283.324415
277.697320
278.745227
255.688848
236.191369
235.797741
208.334571
222.096102
206.071371
207.139149
213.375993
196.491956
190.615860
193.597914
166.794277
194.532154
173.092889
194.151406
202.237375
209.332933
221.120060
219.103702
205.036718
223.542379
188.775181
190.810289
181.339264
185.050967
194.116971
181.741471
192.840956
197.477323
196.574813
207.572851
184.873903
182.716513
192.979976
174.237841
188.731516
177.490132
189.890480
189.690007
187.793051
191.760922
206.765861
198.412376
223.531443
208.308212
233.246750
213.731529
208.149636
222.959707
220.139258
229.159146
223.376688
203.605504
241.228107
227.455821
234.159081
235.123338
229.054166
240.189663
234.514351
229.767525
242.752837
216.562908
245.180985
229.519537
242.887870
265.292409
252.827778
273.537653
268.154241
248.261121
274.586546
247.472032
252.968388
257.294504
244.646348
259.886787
240.560411
258.185825
262.905213
231.916831
264.049869
261.745005
244.999886
249.845422
226.185686
258.438017
250.911935
238.246807
264.260933
229.793665
227.590621
254.707607
245.658714
270.975610
248.981348
257.826092
260.394746
266.363823
286.378563
285.783089
275.356940
277.946311
253.297145
276.628255
254.514917
247.539529
263.030938
246.272978
254.184191
264.367261
248.348439
280.282663
252.616077
272.165116
289.609887
270.956885
291.870714
270.961202
272.874018
279.345146
267.457702
280.226982
257.798769
251.255048
259.934995
228.970474
248.732420
241.914965
244.966017
246.359215
234.478913
236.747600
245.622130
225.503845
240.605004
218.040519
208.961554
197.514446
204.044272
221.303554
216.695407
210.471067
245.101579
218.369065
236.141709
229.951695
227.387362
241.725333
228.757280
244.024671
259.893727
255.295028
285.902014
247.940373
244.929687
254.108746
231.328541
238.752614
223.276256
224.622318
239.129070
220.009977
248.731240
227.325566
237.604529
260.448605
243.749533
259.002845
255.721763
248.804473
263.914862
251.434517
253.224146
255.040165
247.346844
278.432820
259.684101
278.280745
275.629379
268.466868
288.307780
289.393146
282.449502
298.772117
258.671471
284.325065
284.989586
280.868237
271.056518
286.869285
300.371296
306.368442
308.280251
339.498405
337.250712
343.155946
348.187995
335.162321
347.456935
341.814513
331.752463
338.795824
326.600444
346.309784
322.669422
337.369715
354.223088
338.648011
357.254278
349.147777
348.539701
373.120177
339.962884
344.032953
343.135031
312.707403
339.958144
308.883626
318.617735
317.746086
310.749614
341.858149
338.506742
335.820492
337.874392
302.969017
316.627393
322.548268
319.195519
328.546651
324.840402
337.190200
331.784152
318.753939
330.408722
307.127508
315.788045
322.645808
323.984425
344.815643
332.524538
319.198890
325.377016
318.424854
327.151420
316.697265
315.668826
323.325776
311.486562
331.514625
313.372739
315.639661
335.614324
329.806273
352.243304
350.824106
350.791431
368.539522
343.084671
344.539036
350.440387
349.439327
352.352051
371.823198
347.981680
375.789329
345.985729
360.586854
353.353551
361.299428
369.338029
359.860344
368.649408
383.963229
392.064917
400.242756
366.179133
389.620329
380.668510
366.272516
374.177509
355.450072
368.199593
368.752672
343.072363
370.613857
345.657312
345.240217
358.587855
345.941584
354.129268
352.287508
357.252302
367.411897
350.030458
369.023522
352.742998
342.819885
374.156761
370.804026
389.662689
400.058679
394.312186
405.239934
402.292270
403.262114
413.363997
396.721414
435.932656
422.862525
438.394266
443.584031
435.907006
437.005800
426.555672
421.177993
448.133864
425.291605
451.722149
439.812238
418.237617
436.644472
428.140388
448.279569
468.418203
448.948455
479.473172
464.940430
485.237506
491.047239
477.686907
488.338783
462.624049
456.723188
460.935266
444.382424
455.956334
430.977104
432.441136
447.300942
420.450990
446.294566
452.578878
441.441754
444.764066
449.482758
435.232622
437.532523
402.089987
398.849104
371.332332
389.755576
384.813653
364.712364
384.841835
376.406505
360.393538
373.878353
343.418812
366.100298
356.347226
347.460607
365.931266
361.866279
372.131808
388.629308
359.185699
372.775390
360.549497
356.660653
370.349127
355.689961
377.132589
371.361244
366.311762
389.179457
369.691122
375.343246
384.272681
365.537137
379.515165
369.321551
373.377404
364.323768
362.753262
363.279426
358.641257
354.717363
364.252993
351.519940
358.919789
352.295431
369.448740
359.545891
368.476338
378.123147
366.524361
359.833166
370.079479
341.356020
356.339147
338.973780
323.950216
318.071646
311.402010
317.177689
321.632400
308.953608
321.243666
309.413595
323.923785
292.708518
284.416499
312.464337
301.054531
299.355859
307.613989
299.128540
303.952596
300.145985
293.315611
308.611386
295.739709
307.633296
298.394927
302.569924
317.991376
316.592212
325.729777
346.137320
343.300095
358.169096
334.335773
339.525819
345.051046
347.142015
354.556871
353.867717
341.012199
360.999317
337.802717
359.478357
349.864816
344.827131
352.071167
341.786520
349.608699
342.030663
312.521196
328.929870
310.300438
330.711942
332.291379
327.232947
345.364934
336.273095
330.334213
338.729335
320.949695
341.399751
335.401217
307.207237
315.111274
289.352093
298.505069
301.285036
279.329338
295.393589
283.131677
289.656104
305.108122
287.340011
318.746238
301.568845
301.946125
307.820820
299.549633
318.410225
306.092613
300.129887
303.445331
273.843834
305.740355
305.547475
305.087014
320.096517
335.463842
338.322805
335.421693
329.617307
337.065576
321.872973
316.192059
310.783790
306.932151
307.093253
304.376658
299.859090
319.201724
315.324924
323.380495
300.182849
306.875603
312.506681
305.936287
310.586723
302.487766
302.865072
329.802378
299.546062
308.368251
322.196600
303.525865
323.769910
307.783774
313.819817
306.545166
298.166209
308.984948
301.719686
303.394180
308.382080
281.611968
310.209154
301.815029
296.035288
292.269862
288.018897
294.689708
296.059836
271.377304
297.256537
273.417460
278.515968
276.449497
266.734540
288.503493
286.889525
294.109797
293.585732
274.412468
300.120892
294.588120
285.212339
300.874162
286.288743
289.805810
296.618336
289.004649
295.617053
285.662066
301.902223
312.529646
281.788581
298.624146
277.677043
281.212743
291.617917
284.155764
297.855462
300.084493
293.633200
304.326837
295.505259
309.365895
284.634187
296.103592
295.974406
268.704982
284.685085
285.468293
268.190040
271.871481
248.464494
269.740111
263.283466
253.315921
263.166861
247.302335
251.188231
263.412100
249.069894
276.207343
261.823757
269.569379
276.023643
269.188491
279.181894
284.048096
274.948130
278.690439
274.920030
275.471391
282.618623
275.334748
292.487415
278.278449
300.340836
313.741877
296.392679
321.176676
310.986571
310.057129
314.724298
289.069484
317.912228
305.236240
321.726532
331.378567
313.768440
321.194406
318.554941
303.889349
317.709055
284.196528
287.469987
286.911650
277.355048
292.958846
286.121280
289.263805
307.352531
291.081754
312.077550
310.891066
312.452708
327.443675
320.126370
337.796144
328.947201
310.880721
328.695437
315.413440
331.044165
332.678365
331.314399
350.489185
334.233511
356.169203
352.467175
330.575931
338.038495
336.135355
344.029334
350.193212
329.258769
364.274132
341.583907
353.863683
360.638886
341.864561
365.663156
348.933185
323.093450
351.255355
324.204499
333.358020
319.979625
309.415214
320.084567
308.985438
312.388035
327.888535
307.314377
337.396183
321.082608
327.365868
330.287712
319.267416
330.144668
319.406074
313.755998
331.873385
317.390321
316.319300
327.360325
322.759755
330.155253
305.801892
315.495813
301.703633
284.628725
280.442907
264.192147
261.413420
275.468922
241.193242
258.353351
248.967710
268.616159
264.167500
240.050850
238.781129
235.365206
221.140922
249.509480
216.191354
231.099539
219.974828
213.448975
218.359367
212.902281
213.961643
218.113716
206.538407
225.884450
208.905435
221.728960
236.385924
236.817637
240.546287
226.728975
226.616564
236.283607
216.546598
227.668362
227.525905
216.404808
227.020283
210.572104
213.340584
198.382448
183.447832
197.275235
196.497390
198.886343
197.103405
177.689562
194.166263
177.617429
194.053950
197.889416
174.443565
192.606933
193.601455
188.643455
220.764685
181.761668
201.191018
193.446905
185.755144
202.835154
179.663306
184.829692
194.032475
164.658770
204.608609
191.490828
207.611321
214.779605
199.512717
198.916005
193.851578
194.727763
214.480382
206.278829
228.844523
234.017156
234.682403
247.614688
229.588290
247.601565
248.671369
226.402214
245.888635
229.133093
233.777478
245.790463
220.144812
240.924519
216.253621
222.491049
230.084202
226.726175
253.616238
238.153915
222.418678
225.915620
197.470062
224.985409
209.371827
200.547444
199.844452
194.333515
218.109437
228.131159
193.425086
213.927346
199.085395
223.284389
231.256796
235.145043
256.152063
246.298160
250.639859
261.475077
230.272278
231.500534
215.409787
198.538722
231.926966
196.521882
211.961521
202.979711
173.074723
196.876060
176.491041
185.682310
191.375539
175.204734
205.504657
190.703050
199.662759
202.859685
199.384052
216.923622
207.178555
201.154783
227.657854
205.617498
223.733405
212.876094
211.825733
233.440348
226.783412
235.895393
233.723853
204.468904
216.541076
202.580221
226.054509
216.407973
217.819237
237.753480
239.791611
248.961483
270.971925
251.688258
275.725952
245.816880
251.978005
255.215729
225.174853
244.410355
231.537589
228.280730
236.803464
214.566489
235.389337
235.808066
237.202693
258.126540
227.803614
245.352005
235.423773
223.258799
239.941835
229.550737
224.642751
245.619789
217.738255
251.552492
244.664607
249.748234
250.788053
239.881640
254.122779
254.405952
244.370553
268.975132
256.670182
265.265845
273.966810
260.213370
266.068185
262.484973
269.856004
276.287183
257.495355
281.172492
267.846279
269.136789
269.309467
252.555852
268.563629
259.308934
254.981419
261.462815
248.026771
251.918837
265.541581
242.539454
256.534051
231.751305
244.766986
245.511704
240.868283
265.355010
243.135207
229.587297
247.069240
227.178288
235.401074
213.831221
212.360812
214.480596
188.538847
202.123182
205.385693
191.777102
224.797825
210.490142
225.063850
223.064451
229.145428
247.595376
238.730806
252.769881
269.803741
247.622389
265.442089
257.303783
257.798431
264.310430
242.170618
248.323481
247.100682
253.678761
274.492802
268.987574
284.207559
291.949794
298.351550
320.295526
302.625859
317.348761
314.305642
302.512597
304.052859
296.513022
290.533928
302.934633
271.038788
307.927196
294.451446
313.694776
316.051088
304.351525
313.738417
299.750207
285.593619
308.316614
282.141822
288.194128
270.788582
263.411031
267.966444
254.333591
240.052442
248.635316
241.869835
256.712604
247.006149
253.323925
271.683752
262.541683
286.341193
275.082452
265.860250
276.358899
255.611165
264.672066
247.526176
231.719640
241.856291
226.459558
240.743163
238.203736
232.654079
243.879808
230.986241
230.553877
236.901795
223.043920
244.945799
228.319701
235.837249
235.183466
232.222155
248.258993
258.430843
251.724461
281.370006
258.580456
275.480924
267.284677
275.634005
281.404638
272.361958
286.120943
299.661845
284.198387
325.324243
300.907145
304.634145
301.270446
290.839153
308.954553
291.036631
288.101410
312.693533
286.360793
300.983960
300.825361
293.011738
318.607815
301.374479
315.796779
313.882602
302.018848
301.756602
262.523448
274.035729
265.478333
236.488527
258.594105
239.478396
245.518762
247.209545
237.349967
244.343012
251.766758
247.624424
267.256807
233.460088
260.427192
250.380180
235.261895
250.899095
233.467252
240.287750
250.328479
223.574843
240.811527
198.076395
208.984968
214.003652
208.214038
218.744757
208.131973
218.567085
231.178557
213.532264
234.119123
231.205320
229.630869
232.354941
207.968310
228.424890
230.925444
233.342033
254.996855
230.252912
223.105949
235.064868
212.633011
237.036764
202.971342
205.588162
195.567627
177.117579
193.644253
179.079797
181.087806
208.597270
197.530429
239.483312
226.431637
221.058920
240.284914
239.762626
250.397496
261.800509
243.816168
276.350608
237.039385
229.296822
232.952133
212.774231
223.582677
215.391839
210.314954
216.329996
203.454089
223.674996
199.994867
189.940399
194.120148
172.968855
191.727680
194.386372
190.419385
209.298043
189.439717
196.691330
214.822879
200.668745
224.369649
208.186057
218.782049
232.682583
214.873871
228.667531
231.292421
224.017155
245.450903
216.577169
227.219804
218.105021
211.793076
224.681012
225.882600
227.158970
235.331982
222.693938
246.991792
232.114752
237.514820
224.256515
221.916072
222.959314
208.618779
208.177142
212.349465
186.005658
202.603816
189.647941
193.037881
200.161294
167.986387
179.799121
184.653409
178.913992
195.608721
178.326060
188.456069
195.482428
191.675168
211.327913
192.180744
200.331750
214.470608
224.042183
249.699675
233.907225
214.664148
230.396580
211.465131
232.262766
217.497975
208.873656
217.973064
204.233878
205.974569
207.559398
183.917133
204.842107
191.563854
207.711138
209.545428
193.367786
201.987012
198.297672
200.047965
193.180730
163.085515
184.209949
179.835957
160.319985
181.965053
184.808755
207.459563
204.089355
185.870598
210.311925
191.529027
209.787109
200.861878
171.066043
197.488154
185.139755
181.937088
180.386289
172.054016
167.687536
170.428601
156.947989
164.292488
150.292003
165.479993
154.748040
163.246149
178.632797
161.919602
176.389374
181.042338
176.379821
199.571934
170.941016
186.668568
188.834978
168.396455
190.546155
194.455190
198.734761
204.694946
191.167000
210.152824
198.301837
198.606007
181.923065
158.210328
162.137402
158.300791
160.745804
179.855161
142.332986
144.818750
131.899621
119.060680
134.140165
114.854260
136.896474
146.532140
143.730765
167.353656
158.110702
157.007112
176.620371
168.699798
204.105390
189.997467
201.086475
211.401708
203.340597
196.352994
202.232312
190.234464
195.687043
176.519891
188.789860
188.767430
185.584338
207.543088
189.477163
191.202484
188.579365
161.281290
189.509818
183.049226
195.228994
212.414841
197.489698
215.380300
206.287579
184.967307
203.430705
185.649503
194.148957
198.387926
173.635934
176.965364
161.340908
169.068664
162.434579
146.672009
164.993131
161.658241
166.690489
194.045046
177.177891
198.303003
175.402506
170.778505
176.066453
161.341141
174.731464
176.231899
168.064760
186.373905
161.815676
188.575059
192.098610
187.312021
196.668689
193.124569
193.925260
196.083816
143.838569
165.800160
151.570548
151.652320
157.506961
145.457371
157.710312
163.304075
162.354781
194.835541
164.625700
174.640696
156.387274
153.179185
172.212356
148.907569
161.429928
157.019745
143.779043
160.813660
150.471677
161.036347
167.434446
150.418517
193.885725
177.812121
180.963706
177.165375
169.859329
175.743028
163.543304
154.595556
176.277987
159.821374
173.098230
170.307457
176.393530
190.205003
195.166217
207.133790
219.951569
193.718703
227.091064
213.199188
227.328563
217.361532
211.127550
224.762481
207.235097
189.748174
199.142396
169.374034
181.020762
171.761266
164.005622
178.998738
170.083366
175.098947
176.936934
167.296057
176.909971
179.884194
178.398952
175.879934
164.420715
189.202328
176.690176
185.570262
199.000679
192.464510
191.086352
186.188418
180.986062
207.239882
192.044063
207.451522
199.221347
200.480169
211.915021
219.135999
206.405679
221.307755
203.829895
230.881765
212.742423
220.785988
233.177825
215.858037
222.089179
224.081129
208.356584
213.832877
201.912292
219.192005
196.336946
190.866016
211.052750
196.933346
213.453425
216.042120
189.745652
201.887956
191.664100
195.278174
208.660223
192.386443
211.347783
204.315960
214.427506
208.611668
188.577347
211.793065
209.343059
199.157752
221.046131
204.931700
227.275655
221.588163
225.848504
228.103532
213.577559
215.096165
225.931891
200.864456
217.839399
204.451638
227.929793
235.140638
233.087167
252.507719
263.830494
260.105426
273.749769
251.417819
250.722862
241.958967
242.188316
253.683391
241.460929
253.296819
253.659791
243.102011
258.143487
248.652940
260.775112
277.974680
267.558634
281.142184
265.597676
258.192645
262.684058
252.204024
269.021519
273.578647
267.162140
284.740602
263.648180
276.302095
252.693291
247.604771
251.018407
247.190190
247.731851
248.543169
233.739122
255.814409
234.519364
257.131567
261.699484
248.149701
252.612967
245.810957
232.808782
246.242820
216.577422
229.022001
222.341534
225.160080
236.741410
211.580330
216.449051
227.261596
220.587007
245.734947
231.813754
246.480394
247.227486
235.011301
250.736713
246.496703
262.243804
268.462478
264.236402
276.094421
268.621164
248.463946
254.131411
225.220394
245.318023
241.656172
234.039948
252.726931
253.514100
255.562361
256.682326
236.930868
256.973220
237.293969
257.147412
245.907387
233.376487
241.352323
228.687678
215.764925
222.842077
192.298131
227.776426
219.479955
215.896352
239.119858
233.513436
257.698425
258.048338
248.579453
271.446412
258.728830
274.108911
281.308528
271.304281
303.714064
287.501124
289.635403
299.826874
290.770313
301.977693
284.178360
289.405444
317.186431
285.838867
296.526045
295.374345
297.890880
295.903985
282.401292
290.937501
294.188880
269.677073
283.394358
273.238388
279.388013
285.395404
286.541831
291.529952
276.896450
272.108237
279.251878
257.159800
283.685827
254.303459
255.354526
266.751566
258.018104
270.438651
261.772083
253.483012
281.194108
261.673552
272.471896
285.672977
277.878102
293.858154
277.550185
287.132212
290.904884
279.698771
294.289822
274.560520
276.687132
293.636320
258.622385
283.170567
274.136070
259.731733
264.721596
242.962214
238.474945
233.535597
220.461832
235.213894
202.449481
230.960431
229.958726
228.533643
241.813411
240.831034
243.994205
227.928942
194.797073
218.805311
203.463171
203.950841
189.634614
181.754430
184.829402
183.804930
170.873816
190.712746
184.504216
189.547670
193.909498
180.574047
208.735888
188.768224
195.043193
215.483800
199.116731
212.354082
202.681243
206.436881
215.606967
189.413662
212.367712
250.298359
307.131529
264.680950
205.953056
209.821289
200.345328
188.118117
222.177285
193.123368
208.361599
201.916811
289.404873
465.740310
474.698549
426.664684
395.824206
344.657934
343.896884
321.817431
307.518984
275.206718
251.352020
255.796243
231.271657
213.453378
217.423123
192.745026
209.517823
197.880846
187.877642
195.561248
181.060662
186.521629
179.234832
176.308029
203.392238
205.376826
214.778064
234.726907
210.188806
240.382157
225.580304
178.912624
167.553268
150.319867
163.023478
167.674769
155.186676
174.280844
157.228721
175.365191
175.351860
178.661838
189.321698
178.435217
186.153745
196.254698
174.274051
200.493508
184.605308
187.769889
205.751370
199.898352
206.503731
207.830043
192.926512
226.381575
206.450339
210.704895
202.911188
196.224719
213.438534
185.890214
188.121948
208.927624
198.463216
219.466484
180.037423
178.908902
177.949393
137.893769
168.301812
151.152138
171.614091
174.870524
149.067940
169.405665
163.021432
154.615707
165.675417
140.162167
164.258859
157.971000
154.167231
151.299598
144.432351
136.537611
142.515706
135.541186
169.895223
150.412690
157.754423
150.573077
136.242471
149.567062
146.228924
142.279015
154.527652
123.655027
142.503144
128.362003
125.603069
135.703707
129.728479
138.042418
152.809213
136.301452
154.942432
149.731670
142.067736
149.757515
128.088670
140.317494
131.101341
115.337637
130.702822
114.667651
113.747916
107.508411
113.432211
132.401589
101.831053
127.714882
137.185064
131.786344
146.761284
133.236299
132.969500
135.430134
120.823133
158.414693
129.430007
141.140437
158.098870
147.412454
149.827286
150.777070
135.085395
150.856529
123.427727
149.420312
128.835722
137.895643
141.368532
134.318412
152.840514
157.224967
129.052141
160.287928
150.248195
166.615916
159.065980
141.479385
167.004013
144.492725
160.057740
161.315998
145.473280
165.495358
169.383073
153.449352
169.457499
149.538426
181.709075
167.811715
171.952691
175.196156
152.130782
173.869272
171.482481
147.922469
184.750605
169.202898
179.576094
191.382318
183.762437
206.914865
206.664136
207.377144
217.079815
200.363096
231.332425
219.040637
221.353396
250.322232
238.141189
243.649471
245.481712
223.663627
248.598068
224.443887
236.890619
242.274603
220.788416
243.415955
242.540346
251.248986
249.777564
239.893848
262.405322
254.196901
243.293215
243.778540
220.966521
248.398210
237.749961
250.521133
262.572847
246.116112
252.553817
250.738949
237.655983
259.085001
235.869096
245.123115
237.053201
227.420418
236.081295
223.691303
227.359408
253.839204
240.863225
275.135364
252.181174
260.374673
273.724836
257.465860
274.049622
274.537397
243.083016
242.061418
218.525483
222.501714
217.431811
211.885764
243.534926
224.878518
255.587221
258.283562
393.391214
544.936177
458.070114
438.329998
401.204665
356.386033
363.749659
345.032693
325.091400
331.510845
321.433348
338.174742
329.561767
310.939965
337.173502
313.774827
334.151099
329.220792
316.528050
319.105450
292.653360
271.975517
277.567942
241.387100
258.174861
225.980525
213.674991
220.965111
186.695485
201.136059
213.309608
197.321126
210.552734
199.345467
196.903095
178.494318
205.053523
198.581975
171.078126
208.320763
202.933371
194.799134
203.100785
177.637186
199.614595
202.193336
189.539732
206.382623
207.067837
209.650436
204.717061
194.118995
207.617784
212.664738
199.412146
221.014384
194.037831
228.965034
229.286239
221.027574
233.322986
228.971607
233.328452
255.250379
241.782066
251.145300
230.484594
247.498288
240.385968
229.573178
236.088120
238.524647
245.812492
267.611423
246.166207
272.445192
262.379721
241.240472
250.660420
246.875361
248.283919
253.915528
239.303687
262.472628
250.075611
257.210110
263.652921
241.442660
261.858087
253.197557
245.972049
256.197459
232.505163
246.147741
248.857031
231.335377
259.317843
240.257662
245.876768
236.618328
227.229634
215.596742
202.677619
210.095792
229.405280
198.258243
221.441243
206.275947
208.990738
229.394961
225.859427
217.693401
225.230408
213.983429
234.302631
230.896795
247.954734
231.039030
235.992232
262.433712
241.365239
250.991855
247.643438
222.564132
247.228179
228.504249
219.915213
229.373397
210.890986
220.405825
215.338650
222.984887
227.065809
198.184318
212.569184
208.288688
197.545962
223.364292
212.106943
242.261323
238.077680
241.318567
252.752965
223.120555
232.792002
235.325802
232.734640
260.039028
232.896473
254.562645
241.446009
220.705324
230.147505
228.110356
227.303500
245.527599
217.024178
241.798692
232.378356
227.679569
248.654060
219.015573
223.190738
234.140402
230.568780
250.595405
223.626979
220.114760
234.132340
228.990002
255.462281
247.202867
235.556804
248.446468
235.280942
254.288624
253.672110
247.519028
259.181969
222.471633
235.785873
207.039821
213.689554
225.620538
208.791907
227.370629
237.376423
228.390114
242.873887
216.728158
235.014325
235.243424
240.116487
255.458967
236.503863
241.405291
269.518075
262.412472
266.816603
256.139286
263.660252
265.824741
255.489599
270.930579
260.780600
243.686533
255.703240
218.183497
238.161242
244.943379
230.645062
250.554645
244.240219
252.492975
265.787190
245.663596
255.447958
259.373336
242.447784
269.179135
247.862560
265.559313
259.726507
256.503354
262.128537
245.159103
240.850045
250.463803
245.906209
279.775551
261.576846
262.338950
265.860632
263.059664
275.685694
248.819555
241.252330
271.735521
265.290853
290.832824
279.846798
287.618194
294.754873
289.417287
292.726861
312.855051
302.139579
290.747013
269.178559
280.164975
272.273142
263.494812
273.422135
252.585051
256.701208
266.186888
249.891407
271.489503
265.873661
272.633078
300.497252
273.173738
299.910919
282.079776
281.189337
286.656621
275.942412
285.631602
290.275899
282.092601
305.602790
284.394157
301.100919
288.813533
286.376319
292.986771
284.770681
279.904763
293.407081
267.041947
302.195761
288.410608
293.163321
295.408363
284.611636
302.352633
305.230350
298.762536
311.520927
286.419110
300.623414
297.271745
294.837677
302.655917
297.015835
308.904865
296.187657
292.082210
314.333773
298.621280
287.083283
298.874215
272.072620
275.779745
260.961163
267.864963
272.340548
251.483517
263.607691
263.234807
252.670075
272.510081
255.967179
277.065347
283.253108
282.182836
298.634030
283.456905
275.594260
293.672471
258.055625
278.643311
255.714100
253.245586
255.040315
253.439918
272.901402
270.091876
266.930325
294.884225
279.525539
304.558909
296.620855
287.742277
309.937808
295.841336
312.909813
313.874831
306.273520
326.353876
303.734017
315.226393
331.303837
312.933186
327.591741
320.927081
332.998377
344.633048
344.527485
359.936457
358.392284
323.074722
351.702903
325.418922
334.369375
336.661714
338.653560
349.830649
336.710073
348.024848
354.662387
324.076432
349.542590
327.906415
330.916187
333.873423
328.835991
342.846688
336.109604
324.867992
347.780192
312.177608
325.096429
324.228231
316.061297
322.492872
302.637383
301.908367
305.510122
280.607842
306.923556
279.796361
283.380593
287.404568
260.852965
279.138800
279.350576
290.874727
303.251869
290.857823
298.938479
292.074037
281.327078
304.198541
273.881608
292.120769
289.845210
293.368384
287.252235
263.514708
277.143509
282.553444
257.367695
283.309645
260.208855
266.648052
282.310291
270.750911
288.444856
287.166980
277.579808
302.926755
274.980811
285.972914
280.384581
266.322130
268.108233
273.856141
281.530274
276.628693
271.182272
291.741437
280.613849
290.347059
282.138204
263.366394
282.751778
273.013020
280.403831
297.991199
279.081230
277.598076
283.034125
273.064452
301.507123
284.483324
314.241243
306.440678
290.786805
316.553776
292.881925
290.217869
300.032055
275.438064
308.806768
289.297665
304.558106
309.455160
301.457339
314.335380
297.596572
285.086175
281.828732
260.968974
284.574517
289.398207
288.621218
293.788094
276.415006
275.569799
274.427768
252.063159
275.173164
261.292337
276.717377
282.847440
247.915303
265.661806
257.735796
248.118427
252.573691
226.082080
238.873186
227.394763
222.751319
260.434282
243.566004
257.668150
233.856844
222.182498
241.309872
219.127124
229.472892
235.261049
228.311609
245.922716
234.289362
261.491861
248.288272
236.367584
250.537386
221.342691
218.960449
272.025586
236.498221
242.485131
226.520907
255.694494
248.448520
215.565765
218.893916
229.653484
206.997154
233.146356
212.637293
220.049824
232.460608
215.951907
232.731407
237.611986
238.635889
261.498323
255.657718
265.714432
253.370402
250.100167
247.133679
235.370383
264.095749
257.628095
260.491899
283.126872
274.173144
285.906421
279.542757
260.235733
279.026501
267.977066
285.474355
291.483914
269.365365
277.694197
269.590561
262.682442
287.609577
274.564919
303.776551
292.217761
290.379721
282.327481
268.718487
265.326837
272.949747
259.424057
283.337950
271.675730
287.215317
289.621623
269.039260
282.502946
266.535226
253.022636
262.253770
249.383110
265.136439
241.955449
234.559930
259.702913
256.090450
275.269255
265.016249
265.917082
272.152034
271.123841
276.897681
296.607067
281.221514
292.560255
262.211744
268.473998
263.555020
257.550500
239.529156
220.040957
209.980069
240.575816
212.398901
232.024607
235.445347
225.386998
230.053854
228.130874
218.420687
231.716093
219.115128
250.859782
239.133075
251.167126
253.662860
259.992838
276.564783
249.529606
247.028134
247.884236
229.493072
240.426022
233.953033
235.120153
258.648092
228.896677
236.564211
227.883806
219.934536
239.069061
231.559827
243.200430
328.901174
291.755374
256.934532
268.701788
314.574849
296.672803
289.774184
299.041552
285.591913
284.575392
297.432742
265.063073
271.387066
235.883716
229.481284
242.093081
236.226452
259.437512
281.013693
257.282720
274.789176
250.941803
271.925283
257.957276
236.912605
249.365404
241.053558
233.797447
235.812947
208.365807
219.425727
194.042364
205.174541
217.979062
210.411795
231.025846
216.225099
225.042830
245.166518
228.805336
244.034326
243.806546
235.105526
256.918379
231.564433
242.202840
236.139820
225.607173
243.268299
240.110442
235.172279
251.729282
231.881291
270.878472
252.256233
263.187635
283.496412
258.854566
260.970854
260.319168
256.989541
284.831026
266.188181
279.234051
288.816255
271.418999
276.481824
271.622795
279.105638
273.438405
259.311058
276.658656
267.997140
290.652657
305.866888
283.923896
303.987888
294.262945
287.029096
294.200470
270.171587
288.326932
299.315051
292.466541
316.656839
294.261299
313.996298
323.192198
309.005956
312.116259
294.524211
283.411614
290.385569
279.418766
303.518063
261.936651
271.320044
273.191222
269.855848
298.909694
311.915084
287.011453
303.699658
285.999919
301.709647
299.262682
294.555759
320.041464
293.387385
293.914805
295.639880
267.952653
295.723456
279.985169
277.548498
288.188059
270.992511
285.750397
272.447816
268.071236
279.492155
255.917295
252.006279
253.027182
246.398121
267.005905
244.705739
264.228466
256.944643
259.937204
289.036646
266.925460
265.897058
279.948252
257.305205
295.271684
263.389576
285.218487
287.012701
282.332603
309.093204
310.214032
303.295037
324.871388
305.745255
324.867050
319.193676
320.490535
337.118908
319.167298
311.228555
311.768354
293.807397
325.114981
311.135216
320.255537
332.324946
308.011171
320.536802
299.723462
303.174748
315.695898
299.832704
323.729135
314.198487
317.594773
367.523993
362.527298
380.479318
383.047752
374.323908
377.650651
358.101934
367.943121
368.055123
344.200770
373.999992
345.662561
362.049633
376.165771
372.903332
381.913189
376.076350
374.025750
394.249142
360.827564
381.343418
369.435831
371.184616
382.171481
373.791838
378.564935
388.296513
350.460551
372.923753
352.066750
355.636902
348.590156
323.551649
340.219682
314.392334
312.238400
316.149438
296.825586
306.284473
279.452692
272.476424
284.188500
270.953242
290.605158
280.449285
280.539459
285.053926
262.798927
269.820632
281.682456
266.451395
296.555155
288.524565
291.895186
296.330106
279.392746
299.923715
294.868270
280.905472
292.337946
257.792536
269.547441
266.890570
268.157241
274.797663
284.690451
284.028738
294.027111
300.877973
312.836903
290.687911
304.459301
303.522442
300.245170
312.497113
304.679050
308.151806
312.454874
302.060858
326.938127
327.888468
337.891318
338.695999
320.838332
345.897004
332.742467
331.837937
313.509437
303.926119
320.664699
323.591463
308.244661
337.601773
318.611850
330.230782
327.522496
316.389808
330.100154
330.940383
329.076925
323.344615
296.087008
317.846738
304.697313
310.025400
323.321151
311.702581
308.586074
323.569379
311.831262
322.937570
291.830941
305.194382
316.751545
312.981608
347.174017
343.126779
349.174036
372.153435
344.869460
369.119361
358.206193
362.594667
380.872628
357.706209
374.795283
364.013567
376.713438
395.342455
395.551692
407.297133
419.596405
411.617492
422.980771
404.018444
411.822952
404.004581
410.669138
420.303121
402.654557
404.913328
423.457660
404.326413
417.957676
393.686121
406.985558
391.544953
364.004992
375.522295
372.638165
353.989978
366.314730
331.989107
347.135897
336.036086
316.996026
331.631477
313.125198
317.423793
330.267665
314.220354
343.935763
327.215003
321.468542
355.005659
330.092749
348.230342
352.332360
349.549218
359.630708
352.923186
368.108353
361.971589
351.358904
364.724307
349.963959
366.768517
347.573547
330.732051
355.154354
354.853638
349.098263
352.301786
326.992148
345.511590
332.128210
351.386073
344.163427
336.522039
342.524805
338.832368
329.155862
355.282352
336.511535
355.993351
354.110926
358.368007
383.559646
381.543361
398.477718
403.746780
393.566507
413.168227
401.901680
399.841622
397.686307
393.624551
401.475205
382.773667
392.736463
401.793207
380.640289
392.336892
381.815545
374.222093
396.371532
373.254424
383.991615
383.535079
388.648040
405.799365
392.533884
393.825569
383.941645
355.603211
382.067593
337.995933
335.345989
344.609189
330.461592
336.526484
333.043721
327.609380
350.091870
336.161890
352.057299
339.057827
340.093468
346.905838
334.975328
337.741704
343.503280
326.367854
357.481021
328.610724
335.506922
326.829490
333.634847
365.874860
341.357258
346.043204
359.437961
341.755589
359.020615
353.181199
349.725792
377.344283
367.647573
393.937862
386.274173
373.767754
397.585451
367.260632
371.093066
384.100116
359.938081
384.890661
373.156836
398.788065
418.733454
411.241280
426.140747
426.054294
418.873404
446.605882
418.217750
433.395345
418.466365
414.430667
418.398824
405.868360
413.835213
408.783771
401.309413
424.624641
391.825051
399.009880
402.505709
374.362725
392.683178
387.837250
394.172405
399.526135
385.836955
407.400532
386.874127
387.933710
406.847252
405.902761
421.630380
424.352752
439.539189
458.272722
449.891254
469.308461
470.401339
456.030210
486.686992
463.802975
487.008506
478.671597
458.466528
468.851932
451.794240
436.401854
463.361794
441.430827
451.476763
427.329408
428.533345
447.264717
427.517400
418.235787
430.155164
420.745081
467.870138
429.577520
452.143914
447.747015
422.799182
441.747132
436.477084
428.929717
444.451191
414.348474
424.309554
413.123022
410.359379
431.207601
397.513393
424.011800
429.656358
418.735153
450.608728
430.383387
408.425500
415.069006
397.337110
420.326638
396.367219
413.397597
420.492284
427.766576
433.759910
429.460125
434.386012
452.555221
427.348138
443.685765
441.776059
451.581644
445.603074
421.209183
430.081745
429.033072
407.756865
440.088570
431.872379
444.832631
420.972928
429.185042
431.578382
414.917914
431.628789
440.949574
415.164327
420.538666
424.494070
425.001603
423.971398
408.231093
444.981783
428.262020
426.542983
432.347519
420.083013
422.818528
431.752867
436.328028
433.747291
399.972899
415.354541
413.703742
401.681848
420.858308
406.877504
398.723852
405.727770
391.674227
401.054215
382.632300
384.628625
380.885189
376.889589
397.687186
386.962794
378.375735
411.220607
386.943767
412.176241
397.319579
385.139243
402.956974
377.948979
387.770922
381.578662
352.595785
361.210331
340.552193
340.948664
335.684042
331.512783
350.415769
340.896976
348.380250
355.734848
341.859417
358.977960
364.489454
350.713632
381.268690
363.390288
386.125540
383.085401
366.251475
396.280610
377.701508
371.197705
387.759955
354.857107
379.496651
360.257639
366.757532
380.132618
375.161242
385.757944
382.348552
381.691644
403.918452
377.836109
410.891178
385.924046
377.866193
398.754886
396.401561
406.300504
414.804347
410.171267
437.578061
398.952663
408.062745
413.850549
390.828889
399.484590
398.366060
391.194178
390.321694
360.958051
378.380669
368.184788
348.878793
362.817964
340.523404
362.035510
338.844447
335.774418
351.620955
340.901210
348.075596
349.206146
329.074753
357.329506
337.404694
330.154791
346.011384
329.765711
336.247978
332.462292
322.993886
342.423543
305.786227
325.119878
313.982433
311.170802
309.609606
293.126872
300.432225
299.557178
286.958639
307.194319
279.029309
293.722913
310.534338
308.990547
324.382425
305.605532
322.090983
340.173120
320.518358
332.665344
303.412705
296.933157
305.605334
290.565543
311.513433
297.701425
291.894900
296.190340
282.581062
286.431110
301.275729
279.841380
302.867026
284.511312
291.211419
301.633063
295.391598
305.671364
293.800194
282.625828
309.361373
292.003750
327.429109
301.677240
302.473056
316.907201
297.789510
310.813659
315.951553
296.969974
302.829511
279.925242
292.003206
300.814831
289.240775
293.911461
299.815845
296.850456
315.395530
299.704630
309.865342
316.347962
298.250621
309.000794
296.332866
291.412134
265.714873
253.751667
265.586961
242.295776
237.691178
246.211488
244.097773
267.190446
242.469312
251.281290
245.421805
224.414166
238.011900
228.818810
205.852922
215.068756
200.817480
209.910804
191.349437
203.292504
214.450889
210.608056
228.412381
227.958158
222.205717
236.362378
218.310032
229.350976
228.834581
232.976016
247.166745
236.648743
255.247700
252.692990
243.114062
266.628139
268.528104
267.902933
278.930540
263.992365
273.655677
274.159469
274.669893
285.131440
272.193272
274.293780
285.736021
268.335062
285.134282
259.277494
276.976697
267.032189
259.217086
257.550031
250.932793
255.861631
252.751262
232.317835
261.078486
255.253809
252.628078
254.036600
239.725018
237.539885
242.954309
220.752320
247.898214
224.382106
224.600233
218.015232
197.871416
212.983620
206.982172
194.720307
190.317563
170.766645
186.142825
177.375569
171.714183
188.487953
177.675347
197.326087
188.896623
194.358200
206.370647
198.853516
225.190456
232.874478
225.755461
246.848893
230.671044
246.063809
238.919774
235.443636
252.298195
256.854743
269.852112
286.827256
264.277205
274.137960
250.283610
261.829401
261.687662
251.534678
275.965711
262.675765
257.033171
275.694438
236.483079
246.868600
241.912460
239.340515
248.919734
234.032766
227.770218
231.626208
203.380152
221.097362
206.925006
206.395632
211.409691
186.634718
189.795102
174.565981
180.127258
181.703476
158.689061
172.365844
163.100798
150.661162
168.289774
140.172909
145.826538
151.163770
132.956032
163.647818
141.755146
138.511346
157.313644
130.022742
157.788697
138.767331
134.126985
142.553258
146.029797
148.509023
152.572554
144.894178
167.113235
148.405398
172.195026
173.163378
165.531284
186.747366
169.739707
197.289820
206.702014
183.909200
217.368308
204.519654
214.986310
212.216906
196.933428
213.107583
201.377528
204.723589
225.399395
198.125645
210.133248
201.037383
185.986844
217.458703
199.417762
208.804489
204.490948
209.824699
216.753304
213.054328
231.476646
248.403841
234.197895
240.951635
234.838934
234.066980
236.835029
230.413157
251.725852
247.268633
235.292203
250.012085
246.101859
257.014717
232.977912
246.238419
248.150485
231.338720
243.008683
243.550014
211.542720
240.311351
223.059704
235.490176
240.488765
235.613740
243.033054
227.924265
238.871960
251.618440
243.392339
261.797471
266.008903
274.643120
297.561278
293.781478
317.309199
287.459830
277.914325
285.968470
273.683233
268.738657
264.909784
253.721707
280.500651
257.895150
276.470916
284.869295
264.065465
276.818359
287.231921
283.403201
306.948607
293.047136
317.648642
314.164781
307.167251
308.738711
299.139550
312.856532
304.381206
292.911135
314.284073
294.022692
303.965470
287.295432
261.898318
280.670691
282.817776
277.811223
298.077389
286.458890
307.842667
305.056685
300.617126
307.287659
278.301975
291.298935
291.121835
275.308854
292.075850
287.335960
303.077889
317.146374
291.523800
322.733088
296.745765
312.969534
311.104021
297.111016
297.427934
293.510925
278.255032
288.598747
275.894599
296.507883
289.024929
293.135722
303.587129
287.462562
296.090395
295.304074
287.320655
304.997724
285.206555
288.787955
309.199753
287.815449
306.487805
311.257244
306.454153
336.831158
327.083358
341.825377
323.391985
312.810836
333.345173
313.269377
340.702407
344.090345
335.277930
345.825846
331.076041
339.694810
335.504280
320.661581
328.530125
309.806479
328.255377
331.996325
328.824684
335.893546
338.734303
350.609660
368.953595
343.950086
363.123194
349.579310
349.812477
350.538786
361.175369
367.729440
358.917447
348.602234
369.319913
355.115852
366.857189
366.632906
362.326549
364.840496
350.391698
359.528391
371.382979
359.667323
389.158503
366.850671
380.860425
379.843607
365.534396
392.536422
378.616212
382.219407
395.723707
393.367359
399.328323
407.665615
397.848791
410.944693
381.291499
392.856623
389.319025
367.712393
380.325425
377.743583
356.536066
386.534258
348.676115
364.746696
351.098808
347.830772
352.507138
351.419152
366.929922
377.789963
362.584748
373.858305
365.928292
378.118085
367.931273
373.670650
395.613001
370.389646
376.021210
387.119657
363.874827
396.044431
369.150637
368.013032
393.646317
367.295433
388.019179
378.540667
382.525173
387.174612
365.436140
389.991604
380.750735
364.067574
383.837116
367.598681
388.588542
383.232851
374.066911
405.759526
404.676913
405.501738
421.856829
390.584229
403.915863
375.505054
374.472470
357.399514
342.184730
349.764602
343.378562
335.132933
366.080689
335.484899
346.137357
338.115250
324.113917
336.153681
323.308989
349.673664
355.565919
332.773730
354.015205
333.579066
330.213494
337.268398
324.325950
341.330954
342.608550
350.199776
370.084857
348.667222
359.963046
366.009417
360.324721
373.942365
362.136274
375.413335
374.980492
373.055129
392.165614
382.077426
393.423374
414.732746
399.747250
423.506291
401.622399
414.083952
416.472445
393.456330
398.894079
396.290056
389.015750
401.130658
375.630610
384.765622
381.390451
372.439682
377.484303
369.448564
364.066660
371.992039
364.296970
377.388827
364.060417
370.383824
389.328879
377.192921
387.609704
375.798165
372.540590
378.842817
358.784309
363.627359
352.016655
342.337205
365.627877
339.390788
360.152167
364.168453
359.097884
376.941807
369.100439
380.944835
389.561081
372.266617
406.149828
385.323067
396.787838
400.229513
381.771541
377.047016
370.332902
358.207256
385.239388
364.339440
381.222975
372.456512
374.590166
386.988982
373.109520
386.617228
380.855761
358.047167
386.219689
354.561243
357.523393
361.624515
364.693548
376.301492
355.541302
362.427197
374.651145
353.750070
377.601733
373.663596
363.688743
381.937997
373.407720
402.751766
391.898236
373.454079
390.098338
377.934614
382.956068
390.840145
370.605632
388.337001
374.698758
380.412338
370.767176
353.262902
361.543098
345.939178
337.418299
356.779212
322.586047
348.704980
325.305607
323.504048
335.847370
322.827790
331.050120
335.543980
336.792505
346.337930
315.885692
332.769313
321.218747
322.036760
346.895489
340.290453
344.871553
353.561480
346.374488
376.521242
364.958326
367.637246
384.834963
360.276235
372.912506
362.367640
362.137692
379.798257
381.129700
393.237706
390.081389
390.011719
412.200229
392.398056
389.657504
373.285466
360.083644
377.670975
372.878917
376.710581
383.434775
353.540540
381.974979
370.503394
372.942863
370.922584
350.801583
353.297056
352.262047
352.976665
367.983856
327.507877
337.787963
326.565108
318.999298
338.721037
331.707998
344.323192
352.531268
347.392827
368.988594
354.316130
365.498808
365.088158
364.839026
385.104568
378.316931
371.919886
379.527115
373.902593
389.383678
400.737560
388.900581
417.286499
392.813688
416.734019
414.524724
406.352197
425.527276
418.562821
415.818550
426.730737
413.626117
434.768052
412.819766
419.410098
425.579292
406.375970
408.035198
409.485758
410.067266
438.942238
420.936155
439.902091
430.559617
416.097926
420.433616
403.907413
401.184360
401.941349
387.605215
407.416376
387.956380
389.753373
397.468565
383.306002
399.492984
391.043954
393.162408
399.440977
388.149081
388.841954
384.415513
380.111516
406.220469
391.636616
397.914944
386.934071
381.620807
386.747697
373.612791
375.910817
388.956135
369.774782
384.832862
362.393342
372.961498
378.242216
363.937192
384.446233
384.736762
367.875941
387.132004
370.195464
397.604353
379.560625
381.271887
389.715995
378.004583
383.973091
368.199599
342.699835
356.115576
332.922832
343.271689
346.529439
318.215290
329.453696
313.719272
307.491829
313.624446
278.198668
286.723021
278.923242
255.674908
273.528576
258.853001
274.564991
268.141952
252.557386
248.401493
236.845801
235.001960
234.401277
216.924887
257.440148
239.513818
255.093210
260.151340
248.328843
263.554975
264.594462
261.017604
278.145754
247.315443
270.796453
262.376603
263.735429
266.600414
254.654634
258.060304
252.085900
242.871343
259.691836
246.788418
259.193310
277.007082
279.789610
279.732927
265.235407
280.147011
289.418538
273.663184
297.691223
299.679673
291.526222
304.042584
292.170828
306.479096
285.514390
281.595473
293.916446
294.595769
297.567366
301.181848
278.476310
304.512565
279.197307
299.272830
298.851572
280.993491
297.037842
283.500671
278.295061
293.189286
272.474679
292.085393
279.182950
286.568472
286.910332
274.714913
292.407785
285.712012
267.096194
289.354198
261.909352
277.843905
281.874435
279.141756
283.059132
257.738788
253.992691
271.437242
265.205053
277.931803
283.110961
276.480273
291.025795
275.941083
302.173317
287.550292
276.154497
288.601247
283.901420
284.789098
295.643023
287.328424
316.257786
284.168658
302.677624
304.658230
308.386179
312.599307
305.639053
315.099307
322.228770
285.894253
312.384985
299.360846
309.238148
314.094538
303.418004
324.330602
332.860890
305.361975
324.880402
296.443745
311.111140
302.540802
288.017146
299.965675
289.788112
295.054945
298.218359
264.500951
274.793831
267.366017
274.575901
285.338600
272.474774
308.568286
298.383412
297.337124
299.667689
290.923580
310.533409
289.838898
272.737129
299.459347
259.291893
269.870897
271.128897
255.175109
268.699877
251.865917
248.085357
256.573314
227.928890
259.137066
234.337682
237.343592
255.376373
253.509732
275.147435
263.959629
262.774028
302.947166
265.210189
288.803982
296.080058
294.100852
308.924327
281.029282
292.834599
304.398890
292.070835
322.200215
313.560647
325.023959
322.916887
312.890645
324.860905
313.030462
292.010116
293.548399
279.514340
280.183467
284.773629
278.907633
305.922981
276.442889
295.245619
288.065793
278.666245
289.348859
278.674987
282.429988
297.411167
270.288057
306.605684
289.367889
281.857210
281.606410
268.189921
284.990189
284.953316
258.632267
292.300626
274.431341
288.251866
284.611722
282.925703
301.588821
280.181979
288.428892
299.154971
288.180334
318.819236
303.794566
303.478632
305.801577
271.521910
293.061036
279.791729
279.543081
274.727637
254.100404
262.500002
247.792207
222.493078
245.385753
228.344194
241.034497
239.152868
242.734890
257.557966
236.482117
238.331248
244.219786
228.251023
250.562001
213.560483
219.223671
217.098357
209.268628
224.347552
213.075681
202.899050
228.889271
207.551301
237.345213
245.393029
238.580024
246.955497
248.567513
257.830584
232.747318
215.226086
230.526578
212.413521
212.988395
213.929187
213.110995
232.932294
217.645264
223.077786
234.038096
220.498999
238.413770
230.522916
222.056823
231.703945
196.400122
190.867299
181.956644
177.286276
205.739307
185.630576
166.548949
182.797668
172.026326
206.221704
184.569214
195.622394
206.788474
201.321787
222.547514
222.333152
207.670656
239.908938
213.544269
232.717611
228.695848
227.528420
237.468409
224.215214
246.714483
231.019929
211.890053
238.739531
227.185580
231.988410
240.801925
228.446247
247.970092
241.869560
242.735522
266.043734
254.502994
265.886282
266.468927
253.667161
282.839646
262.763702
285.887855
285.126776
278.039867
296.693670
283.911195
280.920916
277.615271
243.190661
260.898356
232.239255
228.439347
237.128054
219.383179
244.188827
241.031012
242.087553
267.454587
223.007813
251.866114
243.192954
247.122548
261.172973
240.002091
247.857594
242.595957
228.005961
244.178597
222.566788
230.484864
233.159695
218.274080
222.235959
207.525951
209.471053
220.560947
188.171044
206.066930
197.528966
198.389342
202.458622
185.076137
205.899496
198.713786
195.687367
216.022922
204.774573
220.193982
231.486073
217.495021
239.480443
211.222885
226.634441
229.918896
232.727871
246.488032
214.624766
209.974423
214.484686
177.630109
208.239004
194.125735
198.772779
205.010830
200.254940
207.969501
199.252884
189.151925
189.918589
160.945111
177.152980
176.354960
166.967826
187.171729
171.610358
173.698801
174.835437
151.476894
178.881941
186.524271
193.542958
212.618011
221.544647
246.723055
247.006121
251.236171
260.864161
255.482573
271.799021
279.398912
268.604651
284.776991
268.684024
277.024952
276.515413
263.215878
262.350838
268.287742
271.026576
283.600464
262.611381
300.837037
287.623260
290.578627
301.479038
279.666493
267.995846
257.094248
243.964505
263.342846
247.636047
259.624830
255.473709
247.173452
253.027747
245.055999
243.126900
242.151944
208.602660
228.054791
212.046441
216.600627
222.277408
212.347247
220.369169
205.061132
194.834868
207.624095
191.008853
200.449461
206.491814
201.160013
223.073409
197.813092
213.412229
217.526983
205.952820
222.418568
238.872472
234.719302
237.809535
223.583444
236.008652
211.548112
227.467796
230.390092
218.968156
240.969580
231.589274
228.683793
255.761492
237.632472
268.390301
263.253066
267.143959
280.443029
266.352172
261.672489
269.109381
240.044738
246.898553
234.362950
237.378492
251.565036
232.528551
246.380834
223.537471
226.565959
219.535833
191.303258
203.132280
205.681322
201.550720
212.256140
192.339006
208.899734
205.592078
192.525958
189.905810
170.668454
168.606650
176.722991
150.200327
195.735347
167.048618
170.901013
164.333623
151.171509
156.063058
151.447850
136.243109
143.772181
119.254140
141.349301
134.273746
136.093834
136.183411
127.440262
136.874133
132.698252
122.861265
146.512682
128.821365
125.031261
138.569634
130.199395
150.092594
144.003292
154.817798
162.827892
135.707239
151.570881
158.981239
160.391425
180.057187
165.337272
176.918992
181.879343
173.553621
179.042528
168.101487
181.722306
199.046983
176.148523
193.309115
182.332633
194.417610
193.236445
184.146715
193.029026
178.979161
189.981543
209.553258
179.841584
211.860685
199.560515
206.871483
213.218832
203.743701
216.128571
219.074127
211.586621
236.990954
207.362781
224.011049
212.940778
193.829635
214.721690
200.395368
201.104190
206.871511
197.535736
223.611060
205.144307
198.557469
204.794324
179.243895
193.600300
184.074373
189.848169
192.804944
174.782691
180.699267
188.433303
165.871550
198.062098
176.280830
194.030226
203.916511
209.266724
224.555655
214.578452
204.376535
233.415016
215.274000
251.197374
235.579741
227.347140
252.547184
229.056911
215.263044
222.275533
204.006441
223.261960
200.727739
214.813709
206.199186
203.009725
214.505872
198.390264
218.037019
237.365740
215.068388
221.337104
211.625173
215.295156
224.013948
192.168285
220.894172
209.607483
197.318462
208.390498
191.938343
199.950384
196.287843
176.923053
210.075999
182.166446
193.225375
193.764699
195.606744
204.586295
208.007255
213.190292
230.730769
198.196954
220.903457
211.183735
193.685948
205.791322
195.908967
182.462872
179.471487
163.702613
186.447575
168.641205
190.371890
197.295835
186.922577
209.326153
202.066007
209.328549
219.092879
193.412750
211.661874
191.199151
194.348714
191.436194
173.014961
188.062747
184.200658
163.826225
161.815301
141.746707
143.128229
141.239013
120.709595
147.580539
119.682046
125.059872
113.739776
91.917950
95.627389
90.144812
89.071208
111.597454
93.662256
123.362520
109.170322
105.326013
116.692666
99.450628
108.601911
111.452138
102.309700
113.190916
83.371968
99.901213
89.553743
85.444240
113.537347
110.501315
128.952004
136.934900
110.373289
131.299956
129.499915
147.510432
164.219960
150.316306
165.899803
160.336655
155.517237
172.446947
167.790462
175.031162
193.451683
190.507286
233.583462
215.913818
232.230473
225.443668
226.121783
242.232713
245.911647
245.736531
247.298119
221.634770
240.712331
213.738721
223.749572
231.347674
208.429751
231.368262
235.196723
238.734892
273.104913
264.205626
271.314938
265.180287
267.618835
254.937042
237.294271
238.053262
238.777018
218.328653
235.350481
223.271610
240.324523
254.115569
243.905827
265.539340
243.072079
223.563849
236.485817
218.872451
230.116889
219.249455
208.630178
219.737444
188.459281
200.522643
184.262066
160.364610
166.176955
137.411428
134.443164
152.150898
132.480192
153.828967
133.275043
136.017671
144.618034
144.860493
160.724490
163.901655
137.033814
164.748012
131.394481
143.012734
137.806198
136.291388
157.195262
134.481665
139.147724
146.265330
138.726627
163.363795
152.858375
148.091694
165.847818
159.095623
176.171661
168.187383
181.291503
210.274933
204.831480
214.375176
206.943214
202.974348
219.387212
193.437464
213.490625
205.795467
203.995988
224.537812
214.727160
232.201514
246.201112
219.266610
240.086617
221.064279
237.659542
232.638308
222.420048
247.597798
245.221362
222.552942
245.822890
219.388841
243.080402
231.078601
227.546413
238.354431
226.507402
230.327669
235.197536
233.464576
249.247693
234.427523
242.156112
235.347467
225.383543
233.473763
227.296738
223.274548
226.633766
219.050876
227.453083
227.199351
221.164206
225.486491
203.022361
216.707632
216.029018
203.262572
216.258950
195.309423
185.704500
198.673375
179.732845
206.379971
179.472817
194.490494
188.690170
181.425746
196.826627
197.903371
189.642332
209.028307
190.387519
213.190262
190.501705
192.234224
211.447876
208.974036
219.024429
205.580446
208.624655
243.945420
222.098113
228.784083
232.118109
212.569107
225.372576
222.148139
220.820529
229.702935
214.639989
227.727189
226.764698
229.782556
240.931216
220.878543
234.169034
216.402181
216.939860
232.316380
220.136239
217.848999
224.454651
208.615025
224.445045
205.434345
211.827913
205.280212
200.748163
214.901199
204.870175
206.066480
234.291751
200.184072
227.873390
204.752257
195.631785
198.903244
182.933544
193.650305
184.817652
159.974978
185.426401
154.304943
157.803803
146.581054
133.428841
140.925642
113.907225
115.287689
100.486307
77.923823
100.224196
80.244234
76.927191
87.141637
67.675304
95.962870
80.522230
84.727563
102.871533
83.446815
95.232641
102.016712
87.458277
101.496649
65.543715
86.766475
85.276807
84.824773
97.562670
86.262303
94.596218
117.878049
112.859499
134.464897
105.761997
127.548367
135.738929
115.830354
120.677805
114.397567
113.518563
130.585592
88.427585
111.432219
103.125491
100.144634
119.022049
106.661009
122.229350
140.865937
125.793668
139.055926
132.115639
126.682895
144.797907
131.047380
156.826349
169.903383
164.222975
176.626053
167.420107
179.393801
164.953355
161.534907
190.502248
173.371698
183.046303
171.508650
156.544900
156.020935
134.271182
133.287557
136.964938
114.311490
143.322466
120.425131
115.882201
117.424420
96.991706
103.764229
96.380093
86.709856
113.702094
93.702865
120.466853
111.443857
119.844784
147.418043
133.496615
140.195302
150.946524
127.447557
148.813283
134.019366
134.360759
138.530097
114.781190
138.852228
123.693582
122.490268
136.854555
128.320386
137.194538
134.813978
118.619981
148.592922
141.964310
150.659106
144.331415
149.403271
157.542426
155.718996
157.322170
164.224511
129.958933
142.699926
122.469071
117.832799
118.249136
107.674102
113.075634
121.722801
105.458546
123.893668
109.207865
115.762847
117.220209
113.245742
125.118748
107.274332
115.295097
128.152815
111.325324
141.042515
111.738263
126.424520
138.629267
138.844179
153.867031
164.310924
167.196246
176.454150
159.433267
172.724335
171.858468
161.462892
177.127954
147.472761
163.201623
148.896772
141.809401
156.890716
139.397936
144.791564
159.834165
144.384640
163.488042
130.999428
141.991261
151.088978
154.078750
155.736817
169.227945
172.658489
199.727410
177.000791
182.306187
185.195736
179.695676
196.353199
202.166588
197.931366
205.855128
183.963930
173.356239
158.359629
164.289076
162.380902
147.148263
164.715077
145.578519
157.418065
160.444966
148.911826
165.120847
164.819931
168.799540
178.612269
168.116318
185.363223
189.469813
177.609491
190.920574
181.369526
187.573285
191.258958
175.675036
201.814446
166.136430
182.482320
189.170361
173.972737
183.166037
183.317770
178.731831
182.091767
157.570879
182.529002
162.222534
165.596651
170.368645
149.669549
154.578489
143.874469
129.402731
153.684766
133.485263
136.689467
128.831511
102.880374
117.864734
101.298263
102.515206
120.079935
109.971346
133.035984
122.717606
135.294752
151.448876
126.660684
150.676735
155.552301
146.549108
161.020560
143.680929
155.344563
168.276959
140.829755
162.705296
160.068493
172.627594
189.161572
184.643827
178.104481
166.677814
178.214562
189.904557
164.110922
197.978971
187.515891
188.381427
210.080713
212.719755
224.621733
241.038741
229.413856
258.420964
247.440865
263.453083
254.862968
262.688514
281.542603
267.771527
265.994461
281.015161
263.208947
251.995360
238.623882
240.357513
255.359905
235.606890
245.493666
239.318687
236.731234
264.430614
252.296779
261.970202
273.243205
250.753539
282.078750
259.422839
277.529505
263.760254
246.497038
253.339725
235.080032
230.008818
250.363836
223.646527
251.564868
231.922561
231.126924
239.475725
213.682758
229.830039
228.063281
208.449819
232.642959
218.220970
217.323642
210.664144
210.704223
218.773741
210.190395
225.059820
223.051836
212.227874
234.007762
223.217183
226.158246
230.013034
203.439500
208.631239
201.022028
187.091738
187.365030
187.591517
202.131287
217.322409
215.236451
246.015127
215.436119
223.336887
214.676584
213.744537
224.483930
206.439074
199.752346
206.157289
180.798724
201.095230
189.426217
204.348459
233.827137
214.288310
232.640563
248.405952
227.851161
236.238984
212.642694
226.871838
225.506039
202.271340
202.063017
195.646194
191.696412
178.943371
167.548965
184.249220
177.155367
183.746794
194.729801
189.803033
204.676234
188.104868
193.399528
208.533244
190.364211
198.878350
207.011306
183.389694
190.860610
175.733564
200.403195
184.706783
172.456722
179.509003
171.614793
172.595267
183.215512
159.015610
170.214906
163.684685
167.095727
171.842283
146.502286
153.796496
145.404623
132.877592
160.859272
130.961933
143.508808
138.329692
135.839630
151.670401
145.144085
146.481328
143.444979
139.921247
155.708286
146.977817
150.796361
158.677809
137.932576
155.473033
161.559892
149.648777
179.972120
168.929841
168.713889
176.181698
171.903322
190.051252
170.841022
192.583882
200.181155
201.154712
217.732242
204.558908
214.944067
226.905653
199.592761
226.734606
224.319074
217.305363
216.075309
205.989087
218.843348
212.987062
203.563506
230.015556
208.293852
248.368801
235.357043
237.089150
263.714085
254.387123
248.672974
262.313199
255.897481
285.473841
280.701667
290.773054
305.070282
291.910668
305.489943
281.028797
277.291891
290.622682
269.598901
272.079180
262.421791
254.823767
271.269027
251.102488
261.895913
255.336502
249.997256
257.685948
246.848576
265.423355
267.497640
237.406414
274.575986
258.920921
268.092590
264.227391
256.990781
269.900765
272.820577
266.488708
277.352283
252.868429
275.481867
262.180036
250.919290
258.201651
245.818545
256.108005
260.569260
248.575668
276.825155
254.340950
274.738522
289.142061
283.551376
296.600433
277.954683
284.445806
301.353646
293.837184
303.619596
287.659753
285.684306
294.280902
276.960230
286.359127
278.941911
260.810813
262.908914
260.256447
265.250379
264.100683
258.436456
281.233432
256.711125
276.864470
280.662014
273.411504
279.257501
269.115899
251.398676
258.779443
240.200729
266.175382
270.009825
271.390172
268.701686
260.580228
269.240635
273.719411
253.071583
266.463613
257.814541
272.189098
263.668895
261.616679
268.261584
260.163188
279.115265
287.225503
278.441102
300.910460
286.983499
288.742439
315.806236
299.985482
314.389867
337.089062
346.308352
355.709162
343.389899
342.433951
350.197100
331.684891
348.502477
316.072759
322.487760
319.163634
303.195002
310.925645
299.326900
280.166274
299.634254
274.676926
281.558424
262.854747
257.768967
263.089681
243.204480
247.474074
240.966824
222.281258
249.147162
216.143867
224.161615
219.818646
213.858362
223.613716
199.598229
199.056432
208.380292
182.215029
203.770895
190.195464
193.764368
197.015901
166.258586
183.673541
179.378156
174.219849
182.383696
177.433187
187.642455
199.446228
191.887604
213.789694
192.923816
212.627626
194.634116
173.662070
180.770706
174.777831
169.887464
167.090482
148.341905
165.041289
137.473451
142.278019
136.449832
138.540447
138.884975
146.846845
123.196894
132.344647
107.114535
124.088305
129.675298
135.193288
150.981482
142.960978
153.020603
161.877483
163.455609
173.335270
142.611588
138.254509
147.421569
145.458432
156.345199
155.345503
155.937690
143.501662
138.174261
152.483446
158.489405
144.577041
145.371972
128.607791
146.123444
141.332259
129.361116
138.420359
145.250371
134.197662
141.951667
134.535154
162.759152
156.885794
161.002602
159.449234
160.189419
174.529492
163.881380
163.480870
176.931622
160.502617
178.287052
174.579725
167.156103
177.783118
152.144403
153.900463
159.518838
131.529947
152.437439
142.734940
136.402424
146.691296
136.465086
132.054460
129.741423
146.219431
149.409873
132.657518
138.382826
138.819861
135.596691
161.959322
144.621311
161.539107
154.237015
143.971371
156.296935
165.729745
161.449035
175.947095
166.365173
195.916382
186.817378
196.970970
210.275624
206.650569
213.765862
226.924031
222.781583
216.319288
196.616100
205.543563
180.168783
185.223634
199.990974
191.992424
206.741883
217.282593
201.690600
221.085764
208.715324
229.487734
236.670403
235.520383
256.027570
245.460030
253.331480
268.130998
263.391064
272.356015
265.166394
268.512548
272.814924
248.625618
270.681736
274.859600
265.265714
288.153160
277.394815
292.086884
310.314769
297.417917
310.181991
298.102762
300.387109
293.208341
284.358767
291.137900
278.973654
264.487631
283.311638
276.069675
302.708722
297.210477
280.016873
293.175266
282.882876
273.666995
272.281375
236.383492
267.392999
241.365319
243.289366
229.977943
225.168289
242.701293
236.819097
241.520622
252.140449
243.848074
254.190489
253.891080
259.400450
267.867528
266.173325
268.887417
275.502448
265.935009
294.361226
269.353612
276.176475
278.671301
254.394848
271.517013
252.281248
267.089890
263.257836
259.677182
270.883998
276.964159
256.884740
267.442514
245.343556
256.992858
232.742726
234.749868
242.125229
247.602559
262.704796
262.178153
254.714627
270.155401
242.036868
236.768207
235.052753
228.190185
226.277455
227.057658
225.421634
218.460551
212.404027
223.234790
206.803300
207.639552
224.775856
215.631611
230.293440
240.518230
241.967989
247.683086
240.518434
251.665067
265.213844
247.958308
284.257639
263.082545
266.398916
255.326889
261.596044
260.990743
250.549636
227.389938
228.572503
206.407808
208.239951
203.828786
210.208992
219.976075
209.475942
218.072154
224.535368
204.193947
215.638047
200.908751
203.698831
191.952881
196.963124
206.681935
193.026146
195.579863
211.338524
204.855031
223.414522
212.439819
212.292470
218.658164
207.036276
209.972263
208.991761
204.590879
221.768143
210.925816
198.710163
204.652662
201.585785
211.707705
199.061419
198.337052
195.519272
200.137997
203.777385
205.600403
202.814806
226.810580
203.066880
220.909164
219.304890
222.282391
221.356360
212.382739
217.917145
209.005354
184.513240
210.034933
201.746965
208.473425
199.409157
209.202867
211.671123
207.685014
203.545728
207.480463
196.310214
207.061345
207.275626
215.718161
229.038860
225.601826
247.835854
243.888344
237.204827
236.029887
226.502904
226.919213
211.341624
200.080191
217.989849
199.239862
204.293564
196.732781
197.386528
202.945167
197.149782
199.751129
215.531087
194.850460
224.795399
201.207110
208.142568
220.778611
218.476671
223.191348
218.326152
221.763893
235.784756
227.075314
248.357283
247.564487
232.138851
236.092893
234.572061
217.966032
227.012414
210.424533
223.832425
208.549472
196.428793
208.082977
204.072345
223.037617
210.052270
204.262073
215.108193
204.338402
219.966633
231.913333
224.861844
233.222659
221.168996
227.387418
221.008909
205.831070
229.535903
209.717269
198.846447
212.030851
186.869825
203.224602
204.466084
215.657428
217.568864
208.263961
202.180414
198.359515
200.876730
217.941247
197.536832
217.195284
197.116641
215.252293
226.933438
228.829991
231.130143
234.566880
219.559517
228.436426
206.549722
205.293947
207.816709
193.503100
201.926442
193.701802
194.114497
191.996087
177.186297
184.576856
176.248890
157.777062
154.540414
146.987833
140.459595
145.131178
134.401797
150.924431
156.485097
161.739216
182.834495
158.280549
175.196269
151.923531
157.079166
166.726940
160.693001
173.200515
166.010103
155.263869
168.853622
144.126565
167.816880
149.600026
145.399272
157.553926
148.384433
147.511820
149.952274
132.673156
142.354487
121.313129
122.725386
122.977336
106.078938
119.504078
113.754099
119.186747
129.286597
127.238318
139.823954
114.063404
107.717305
125.239279
94.695644
109.022514
100.701120
90.674847
113.517354
120.067692
127.098399
135.593025
120.368293
132.304313
127.062897
128.440815
151.739117
156.084948
167.515995
169.934675
167.002075
168.871270
152.050699
173.155338
160.367956
166.171419
174.572611
174.504257
175.902361
192.569199
167.330167
181.812746
163.176207
187.050525
185.608510
188.314717
212.054628
202.344112
186.584110
195.708167
183.734823
196.505345
178.095444
177.014555
188.658948
169.854630
183.943452
175.926221
162.292053
173.538357
175.898500
191.556390
191.052630
185.395879
192.565053
172.099141
185.879015
187.674708
179.591862
184.906630
187.562740
177.527946
189.462700
177.529532
202.901611
193.635976
195.363931
200.918964
211.878894
227.555632
240.981879
229.890979
258.674224
230.052560
243.796960
256.970468
235.322968
254.148477
240.748870
249.431403
245.276715
220.943524
253.920297
256.870011
253.696570
250.550692
242.269808
250.965820
250.453704
242.105189
244.798038
227.101760
227.275653
233.849216
212.938588
250.391408
244.061739
263.040531
266.048625
269.307539
283.016502
272.987264
267.493171
270.733041
243.606681
260.313900
256.112171
247.933759
245.271488
252.674295
244.892469
246.626092
227.813512
248.318963
226.380339
249.811183
244.087368
238.596464
258.533262
251.867781
253.117337
258.978866
248.663021
261.032484
249.021041
244.482453
239.178222
231.945287
233.231816
210.652519
205.374867
228.632238
219.450247
214.533862
210.299027
194.307920
209.865912
182.363254
190.802140
201.265962
194.508539
204.118866
191.016985
193.078281
198.098118
175.344907
206.469178
186.306543
194.432096
209.823960
196.699100
192.521582
190.087721
174.303310
196.802456
186.699068
204.541487
192.384480
193.260863
200.207809
193.998256
204.117052
196.923495
198.274556
226.227204
194.945404
205.724010
212.872823
204.036516
213.309371
204.277453
193.886713
207.276009
203.736064
219.106202
208.779638
201.290109
223.345457
197.835515
190.136475
177.309721
170.699678
191.348592
180.832832
177.984889
190.362559
166.880930
193.146202
177.317442
170.218105
170.597255
157.455002
167.395507
168.733240
155.879227
181.856294
158.061741
184.564872
171.878642
175.270431
177.913504
171.030989
186.554964
197.872980
170.597747
188.065733
177.587951
177.793873
178.410777
161.605544
179.009107
176.460367
169.716048
176.477613
157.794519
161.897088
159.993234
149.150403
168.746498
134.910997
138.454641
136.277612
115.279342
124.282724
101.557116
92.989199
101.544707
83.178507
106.398497
80.677422
87.298670
88.714161
86.091171
105.869833
114.890255
100.761744
109.243655
90.519974
117.777492
106.225836
95.721648
111.978365
105.178983
113.983184
130.755921
111.771743
128.019501
118.181343
121.269227
128.100917
132.005161
143.330662
123.703998
125.362617
140.788676
105.283431
132.101484
113.930024
98.501359
130.131938
113.551114
128.087476
127.452354
124.612668
126.163215
117.244583
134.801208
142.810492
129.237104
160.913441
135.688787
130.245361
140.856018
132.153394
138.484091
144.357609
134.398286
151.594113
127.629737
150.855990
144.571921
143.662580
156.250559
164.312171
161.587076
167.546802
163.094623
189.177606
172.776758
184.112055
194.224163
181.598010
190.732019
187.165104
197.333467
206.171505
194.871490
222.436227
200.073174
194.892682
208.782569
198.353776
212.786984
206.707345
204.188759
222.610612
210.316084
219.203610
235.121905
221.815017
237.183679
212.078262
202.373616
198.852270
176.626627
175.711926
171.932763
141.729465
155.548736
137.527109
157.349499
147.013243
158.880179
171.588455
169.571346
162.741718
161.072344
142.133383
164.055043
139.322156
152.237240
150.605906
140.530286
148.021755
142.696220
135.610784
165.993675
149.046648
167.066415
155.737883
164.324123
181.777798
163.636056
173.721801
174.332456
151.851681
168.564039
146.990524
143.027841
152.157179
147.874135
181.591433
159.105531
174.875177
192.243839
192.712069
198.560986
215.644988
210.985405
237.556061
207.315239
233.209197
211.628484
210.824602
220.046313
206.513057
214.829658
221.874838
220.519739
245.938163
215.915103
226.552795
226.277743
214.667237
225.829922
198.300944
198.543948
225.862074
187.278036
197.377753
184.120177
170.206320
166.644761
157.138869
171.013894
180.932216
178.015372
188.143279
196.338343
214.035474
228.153477
209.657891
239.741928
212.555413
216.120118
226.013857
226.947634
237.073855
220.645895
222.766292
236.224316
222.041201
251.478793
219.119706
222.423719
239.355502
231.579859
243.087399
248.958258
234.981588
250.539319
227.742122
254.095912
247.462620
236.926012
247.068266
235.706089
247.933689
266.290549
249.542316
283.790162
277.227195
263.825456
276.539535
246.519653
248.752576
227.693418
230.671914
237.434660
227.267348
262.380618
247.129950
229.814816
241.758807
220.192416
245.769779
259.313232
241.156983
250.879793
239.991262
235.166160
233.880641
221.967690
254.222476
219.393055
215.104658
199.373825
176.759003
182.430892
172.710503
152.576211
169.444754
149.199820
168.848904
164.962877
178.696029
181.232903
175.202629
167.974187
172.813108
164.296080
190.661828
171.672958
174.740352
183.389983
177.362332
189.004770
181.266312
174.022361
180.083706
147.417560
158.546731
154.604458
134.967888
160.136556
132.259661
150.950086
151.691128
140.039723
154.097552
150.820859
155.230786
172.421371
155.447678
182.199794
158.599224
167.748509
168.645780
155.625773
173.422166
177.959628
165.529770
197.771179
191.235898
218.828065
212.301864
206.479203
214.362329
197.652902
211.098108
215.766472
202.277277
222.051593
198.604421
213.957184
223.784758
210.530145
237.128281
236.773399
229.226874
238.192933
230.951441
241.997486
241.732759
243.482509
265.086623
239.918307
237.111095
233.292075
221.700719
249.041048
248.186819
248.840797
259.976494
240.127084
267.677955
256.224704
265.387381
280.047310
254.223491
252.670099
244.212600
232.228991
231.742328
195.213313
212.045504
189.269596
176.430295
184.849215
166.697147
166.698784
170.940607
156.695640
178.864948
162.769769
162.615173
169.682270
150.045726
161.383201
154.969053
140.688092
148.544005
124.297428
150.789391
139.561385
140.705349
154.386932
140.327243
145.291116
133.860619
129.328318
141.423605
123.668731
132.238773
150.437869
138.481586
164.028082
150.000457
164.692528
162.370812
150.208694
151.934643
133.982125
118.548860
141.231538
110.019665
116.700288
105.972239
96.822426
113.459114
112.377772
107.262533
122.229728
99.765497
112.618289
97.832592
106.440998
116.863789
121.160274
136.297996
137.689626
134.809546
154.031847
135.199883
156.150083
155.614854
161.289199
170.485411
147.868870
155.083634
158.468420
153.002465
161.896055
151.674051
157.900869
160.441094
144.697765
165.298591
147.907343
169.147224
178.598027
167.563396
174.119351
165.648101
157.748759
187.178804
157.725279
177.866119
163.680923
156.824567
164.320765
139.609960
154.767291
147.945404
126.732558
148.871195
112.761844
128.407854
127.007729
118.232469
129.264438
108.012066
106.408142
127.351411
114.235402
137.989750
120.970688
121.537044
126.799336
118.947679
133.249473
123.186236
133.187802
149.487529
133.548166
142.229908
146.615524
132.084873
153.278365
131.454441
147.134096
142.061852
117.278240
139.789919
133.480868
137.958055
151.872146
127.066159
153.241828
141.705498
147.708474
165.447434
166.293439
162.365385
159.587592
158.469006
188.156254
156.166597
170.386950
184.568314
175.964871
190.546441
177.170353
165.940053
175.292510
164.210738
189.373751
168.506352
157.476214
178.623620
156.039274
175.869592
167.746468
164.885965
163.303858
152.501242
177.518291
156.497598
147.328328
160.414085
143.341556
164.794216
170.956130
180.687547
196.814073
191.479280
215.653111
220.745944
196.733040
229.485414
204.970743
196.733632
195.355166
186.367711
195.663405
184.628400
176.487671
204.775463
177.787576
209.808042
196.061246
180.378219
200.514750
178.851960
185.929808
209.025738
172.576335
184.043966
160.649403
157.547900
163.353375
143.289476
156.697812
136.927810
144.295429
148.227399
134.644839
155.044961
162.988729
144.737306
165.833279
144.152484
158.607162
164.064534
153.845151
158.932618
137.894718
138.879832
151.824494
133.491414
159.902225
142.885306
153.898240
148.658145
148.160301
150.811922
146.312745
135.459894
155.771697
137.324097
155.723645
167.331662
160.311023
165.311402
162.255691
164.012139
179.533038
150.970117
164.260126
126.710548
130.457559
141.466490
139.514847
154.047549
142.677402
149.905523
179.295050
156.396850
173.191340
172.564492
168.224332
188.222326
166.057527
186.056963
186.706166
188.750311
198.256391
183.958802
198.592073
213.633200
178.966229
203.968222
183.653170
191.332164
204.388814
180.720101
190.342734
194.712367
184.767727
200.335410
179.696565
196.225833
186.673574
180.847794
176.200561
160.999273
160.322847
157.080593
138.647528
155.304865
152.959730
148.030194
153.749556
137.653713
158.012704
148.112669
137.138236
162.083105
141.589987
158.334488
149.427988
142.263333
159.342868
147.015687
174.316582
169.783211
166.767370
193.135144
188.262514
195.834662
214.795077
192.815691
227.221637
215.794752
226.702107
244.866524
230.765067
250.046948
245.883262
230.275590
256.414204
217.042950
246.013907
215.076821
205.539185
216.623566
204.057587
205.896536
212.838366
193.865946
207.067067
176.434187
183.109670
195.731019
172.836300
183.997736
172.918992
163.672436
172.305184
141.865149
166.801714
149.953623
147.142172
147.739174
118.557244
119.652174
121.154126
121.248146
126.427922
112.553872
114.933307
137.491863
120.062517
149.794592
124.976119
144.305663
147.229698
144.352741
145.854954
139.058620
133.405077
142.770868
120.589764
139.344413
114.552815
118.004666
128.402199
113.050433
102.200616
106.544799
89.621341
104.358255
88.331825
102.165045
113.507983
95.451718
108.217256
94.619915
86.910249
99.547644
69.309927
79.487124
69.924353
78.187470
76.039779
77.706616
93.770773
90.942220
90.523843
116.770423
103.715667
124.527619
133.609040
127.180025
155.272213
134.106721
148.338077
149.048644
140.877845
149.944155
126.274956
122.203455
137.364061
116.562086
134.652508
135.971794
138.777022
156.603626
139.995617
141.903734
162.279674
131.888048
152.517779
134.641892
140.619019
154.044640
138.440583
164.434146
173.525528
174.511433
168.018061
147.953298
173.200337
152.440504
140.385485
141.669558
118.620522
132.646244
121.278714
103.696498
119.351456
106.042208
117.958946
138.530783
124.074120
152.875380
126.317959
153.268351
158.467658
150.533760
168.250563
135.595919
125.362178
153.399037
136.253811
152.947124
126.757460
130.956905
146.908053
141.298702
156.435060
172.555800
163.766562
193.976275
182.835337
206.507514
198.008480
184.553478
195.555732
179.916340
183.060892
195.976133
188.416820
221.491206
203.472423
204.390472
219.956568
192.316086
230.839694
223.509768
214.844547
231.183162
213.072308
216.606537
214.547208
214.433940
238.200686
203.958478
214.975581
201.202913
181.025968
174.054979
151.249337
140.369001
159.389833
134.791181
159.674230
135.572963
126.043378
143.049478
143.926857
166.062958
178.553801
172.917561
202.376873
194.819732
202.954246
197.792223
181.081855
189.316685
187.812956
190.770091
208.402262
184.487866
216.668530
203.770222
202.741821
223.027745
211.847034
215.706788
200.918409
194.951558
211.989241
206.885729
227.289884
229.118095
216.273657
234.404304
213.812893
224.044896
228.980212
228.045532
252.074174
247.101180
238.185603
241.257560
226.871754
234.963865
217.182422
215.682076
215.491714
195.254131
192.475347
184.210498
175.061544
202.216571
175.941738
211.491986
187.524301
189.792033
201.354056
186.108768
190.282668
204.735313
205.177183
232.143042
211.350743
213.074265
210.541635
200.106227
206.256127
184.345128
167.761361
187.956706
165.390415
169.924031
173.827190
173.339156
189.272331
160.499234
173.513463
177.788015
169.956279
185.173302
181.197491
179.004218
184.927881
165.319712
195.509120
174.503738
166.838468
164.633773
153.665802
180.056051
188.468822
188.427683
212.394227
192.722380
209.842637
197.251719
196.223300
215.989438
203.163834
215.336236
233.041147
201.951103
230.695243
212.538556
212.244555
220.668709
204.883091
233.317227
224.279189
205.604589
230.873982
222.405081
242.049437
250.615499
245.104140
260.153426
236.788297
244.159405
247.577948
225.222803
238.676048
210.946082
203.450083
233.815359
193.596170
225.490213
209.696905
230.105879
248.591565
236.035428
259.393097
260.378044
240.943937
249.370072
224.024699
245.876626
243.751736
247.598096
249.401960
232.733460
236.434897
235.415384
231.261547
269.766102
249.386248
271.618869
263.928735
242.654339
262.564116
263.297323
257.488870
279.533419
259.547756
276.664284
278.539147
265.390649
280.367145
248.183085
250.597207
253.110721
235.493435
245.848252
249.791583
244.238825
244.996962
236.925327
259.883267
246.760594
242.212087
257.681194
242.632417
245.239623
220.760032
202.565139
225.475475
199.899450
239.681634
233.601959
238.057783
242.688605
230.831468
228.963027
234.379037
224.966006
250.285856
222.871378
232.126515
241.928445
228.864724
242.315650
226.801145
223.075405
236.494934
215.414233
226.225262
214.911922
215.183952
226.571214
214.269780
223.448254
227.142938
217.512348
241.795365
222.892939
220.317713
222.398265
201.835617
241.401163
223.057722
216.101933
238.509175
228.556983
241.600094
240.132677
215.442996
219.171947
185.665929
216.700010
202.394363
197.269915
236.755501
217.062653
215.044442
223.011506
213.536851
225.682276
193.259890
206.460502
206.401137
199.134090
217.108204
208.313615
209.806045
220.178164
183.229151
215.604172
197.220559
204.623298
202.112894
173.763965
203.080624
196.841915
201.357213
221.702927
210.436328
238.485693
255.077850
222.751470
255.099296
242.767857
255.823619
263.915789
238.187069
235.287418
239.925821
240.113653
258.445217
235.870759
254.668700
258.619519
289.782780
289.580732
268.467121
279.719448
286.731088
276.659054
287.202660
264.173949
264.029329
270.336718
263.582173
262.338722
262.588658
261.834529
286.648545
269.260719
291.831733
282.083213
267.956566
260.746379
244.857268
252.986804
233.896248
224.260721
239.607316
228.542133
241.018705
221.929482
228.563938
257.338336
239.463835
255.155142
262.310943
252.667116
257.936159
235.728436
233.313297
249.435608
228.296175
245.826350
212.973412
224.204224
228.448710
211.056946
222.589079
222.879567
214.454639
236.316135
211.371953
231.136014
235.903797
235.475916
245.712392
234.791088
227.070778
249.913941
236.450666
263.066317
252.480269
252.636598
258.351818
242.882098
244.059384
236.578970
240.823874
254.741745
250.256809
265.686581
260.539973
258.151439
279.989089
267.085127
271.487354
268.654646
260.096803
277.884022
273.980117
255.660431
274.380091
239.253601
253.916484
246.407270
247.613969
257.432295
235.975821
251.735056
260.456248
234.447753
247.202993
231.807306
243.554693
226.034883
236.659436
228.688223
207.873457
224.435074
243.300872
224.242212
252.298353
249.666967
262.421416
276.214483
257.211770
272.539045
271.198487
273.338774
287.889327
258.625671
280.413909
274.588941
269.426220
253.664047
251.016906
248.561704
250.979784
244.211555
240.167528
246.903012
245.860321
267.104834
248.663731
277.238652
258.883780
273.246030
284.984208
244.209380
243.254583
250.376728
229.582595
251.394921
234.500824
249.507839
232.629285
223.094826
246.531501
245.947764
248.563788
255.228931
247.044559
265.934844
237.042497
243.795939
255.091232
228.947615
228.374144
229.572823
232.302644
258.696365
253.733763
273.050275
270.776976
262.771134
270.881230
266.708963
278.384815
290.084350
278.658385
300.408929
306.557346
285.005980
299.334475
293.123487
314.209831
294.894966
296.148801
305.924962
293.718931
291.213575
307.521696
313.890626
328.577410
310.646642
316.113312
303.884736
307.582144
300.779389
279.979942
284.436430
285.871678
258.573895
281.723756
262.638270
253.147447
260.870702
254.044152
257.959576
265.701266
242.028058
261.859070
233.404258
251.181458
250.247175
226.083670
248.692305
238.364467
238.705249
251.710137
228.422941
233.264106
232.389061
225.487832
229.875551
205.862877
230.418510
208.699684
214.448278
214.166578
211.523113
204.017434
200.184150
174.291483
184.386159
161.669550
155.869059
142.507802
142.537984
155.785158
138.818362
143.691699
149.535303
119.906679
161.268387
136.362442
134.492939
135.726141
128.721066
142.678894
132.667450
123.717533
118.632864
124.738469
133.780349
130.074140
118.887524
136.788534
138.919112
142.516348
139.731672
137.412642
166.957128
158.685978
170.741552
195.463983
167.162951
187.514500
195.104759
193.453594
181.280713
172.236396
185.682686
199.182149
167.427724
203.802445
171.905965
189.368483
184.745895
166.404437
175.826037
185.718292
178.364482
197.728644
180.782524
200.424218
184.340288
189.873986
170.479206
158.797786
157.785227
158.212631
144.044733
171.157730
156.525393
170.595608
172.706841
167.320694
182.904219
155.182078
163.705505
163.277432
140.270957
159.381704
150.576527
157.090416
164.569779
145.092684
173.250068
158.087589
159.210894
181.689926
181.588781
188.282061
199.573608
179.736180
201.660747
188.224156
201.144744
190.128111
182.672357
204.110282
187.157222
189.794771
182.768901
173.073550
181.342920
143.741352
154.370002
152.707301
145.067113
154.233308
153.878681
154.306501
179.554584
150.271075
172.690174
163.665715
155.326294
169.641251
149.451068
168.180098
166.019132
161.616237
192.475167
177.745883
207.801726
224.459544
211.556850
226.479088
214.851226
226.396712
236.885199
225.691068
244.099231
234.834166
227.997126
249.293949
222.967223
242.432886
237.945261
237.920034
246.249286
221.952305
235.386623
242.076079
219.161542
237.505148
221.547878
243.039347
234.828553
219.703712
233.288459
221.532380
215.735164
237.010347
216.116327
240.705033
231.083767
217.641999
217.037463
213.238317
211.975267
208.058275
198.340986
222.087100
202.209969
208.159112
205.367988
196.214981
207.236677
187.631527
178.843085
183.383829
183.258171
188.328597
188.433002
177.433628
184.119635
159.702570
187.130166
169.964296
160.903034
169.614271
161.021651
172.079926
178.186992
158.627741
179.687342
143.152255
149.023843
154.780316
145.914873
161.670287
165.336253
160.504356
193.698043
182.823575
212.974147
203.872367
213.337764
236.574551
228.835687
249.412748
256.550266
251.080820
270.062015
237.691279
250.702106
253.280532
234.466509
252.190064
224.468680
224.843370
223.440154
205.494725
218.654725
200.400646
192.958919
201.252817
183.771976
204.070867
180.905700
182.164858
193.326047
171.925519
173.961115
185.207691
164.113335
185.174246
155.051453
173.938774
165.818404
159.626417
173.195881
164.083515
157.701719
173.986150
161.473202
180.149253
158.379014
154.657376
152.695696
153.026668
161.826323
166.492594
149.323521
177.177991
145.555898
151.813734
154.313126
139.010396
148.458347
126.780805
142.865219
141.178891
133.446173
134.913242
118.565068
137.852354
144.287416
129.970107
142.663655
130.164486
137.175021
158.232641
142.432397
149.688775
164.392621
162.516611
178.592464
161.759726
174.928598
172.519937
171.019336
179.635784
173.424508
179.885833
194.096430
156.641641
193.603679
178.044446
173.681171
185.593811
174.902122
176.068208
178.835342
172.832743
185.865779
169.627102
190.935766
185.623683
187.912341
199.163441
193.008791
192.581327
193.453103
190.279811
206.405360
182.019624
189.365413
189.542144
161.778061
175.449132
155.985418
144.558679
151.923493
142.178644
161.876360
153.293205
142.351814
161.175134
134.647377
150.699122
151.923359
150.231386
175.685127
178.315654
183.327593
196.846786
176.411415
206.914896
183.318161
192.595482
184.890218
167.832536
178.744597
173.100957
161.020027
174.065315
150.460164
157.526695
161.328917
152.777543
170.426871
151.608860
157.482251
163.121256
143.062815
170.588910
156.107961
173.413566
187.094477
187.072582
206.676533
200.423421
213.784531
208.946090
199.282420
214.977252
206.161739
183.231050
185.283267
179.312169
191.752109
195.078601
206.378375
215.780473
207.665151
218.573636
231.882907
202.410491
227.046174
201.154778
213.951112
208.316608
190.273732
207.793004
209.080695
206.134396
222.699700
203.700816
222.989357
224.342355
222.785152
234.545060
222.242434
233.145059
230.572963
212.477928
249.902076
226.063352
236.156450
236.585731
220.599745
230.198221
207.819250
210.871997
222.914999
217.248698
229.796317
223.561397
213.712374
232.564645
206.156533
222.116907
226.070511
212.848268
221.569565
213.315387
227.474862
234.588952
223.216278
252.318807
237.853401
249.194800
259.090467
250.605505
244.151564
228.846954
214.480963
229.999180
213.909082
227.540178
220.617705
224.557964
236.893147
221.651506
227.116557
234.093828
240.041751
249.933801
218.165125
235.558031
244.132831
228.797196
256.697529
246.370258
241.605477
265.018350
256.957542
266.048603
243.042962
245.353359
248.783542
242.285991
260.373845
247.775813
239.450375
242.697038
227.229492
230.675880
237.952954
216.735533
242.765527
223.867839
246.879474
252.329247
250.876917
257.963390
243.386139
246.133546
246.272645
230.314987
261.862984
239.085978
243.075993
253.436935
239.438805
238.641860
241.564113
239.576349
251.709624
227.525484
235.381046
252.420179
243.212932
266.222931
253.746711
257.417604
263.587554
245.866032
262.622113
257.734760
266.008168
275.892066
250.135166
264.225722
246.235368
254.017497
269.952736
248.786151
257.572799
268.429927
248.808615
257.670932
247.064344
270.468847
262.574176
254.022436
272.888178
275.066395
262.517810
273.443592
252.567645
275.529834
259.629805
255.163413
261.682151
254.905679
259.969672
255.216640
235.743917
264.272347
241.409402
248.299464
248.052453
229.068837
249.619714
240.994964
237.330046
242.991049
229.202081
239.547081
238.103379
247.059848
259.994678
240.396213
261.443622
248.156886
240.952324
249.552671
231.022059
236.754898
237.747010
212.968045
242.707493
219.213608
238.688303
234.347251
213.820709
221.191068
218.724744
224.090461
230.739626
214.625649
245.797008
219.669692
217.381993
222.920152
217.865086
226.572034
230.559578
225.407188
245.266263
232.163121
247.839181
238.552835
223.734324
245.635764
223.393147
218.087468
223.015794
202.294368
222.142656
185.838799
188.910625
199.805181
174.233174
200.217807
186.151736
194.519933
209.837376
201.182022
212.974821
203.661673
181.319415
203.991489
172.775292
205.890236
206.529494
202.231058
223.628307
213.691232
209.034086
229.608023
186.452264
207.756289
185.070180
186.785223
193.848841
169.203913
184.885000
190.790681
170.842523
200.991076
184.846171
212.543183
222.575715
221.144953
240.102218
230.223315
234.613939
232.543834
212.918135
227.118125
208.340686
202.510223
223.349343
201.423157
204.667485
194.500062
188.087084
196.911921
172.871203
203.425530
201.766141
181.800811
213.936159
192.198611
207.374219
199.637142
188.389016
210.104577
212.041439
218.876107
234.502833
210.547909
223.260601
201.940705
215.292320
234.525971
221.248727
222.745157
227.227927
217.958973
209.431696
177.979971
188.638882
180.857788
177.699708
182.740982
181.826352
187.347840
182.090921
173.938374
196.197566
184.354709
191.885887
194.626770
190.946182
215.159311
190.381112
198.387298
186.298613
163.084242
172.687206
167.150283
170.332771
182.933844
155.451508
153.966445
167.477316
135.603555
141.171569
144.716231
128.746496
145.601389
124.633139
154.422852
144.591852
144.037993
161.649275
143.751008
134.077421
148.229355
130.607876
150.295598
125.782354
132.235971
131.607074
122.408599
143.180151
137.603145
135.843671
136.824332
122.840774
128.658169
113.805095
113.635554
132.437652
118.743375
138.797628
136.709813
153.162796
174.028192
164.695265
180.595866
185.033860
190.197368
220.695619
201.285230
207.206832
206.366719
181.688206
185.934676
177.115656
183.435686
199.495268
177.937667
202.273341
186.366931
199.344586
209.523291
213.892632
220.492044
223.379353
222.694120
247.888999
217.151491
226.663037
224.233453
219.813540
238.196727
223.716254
220.062768
229.209638
213.907693
248.374716
217.846089
212.171309
222.375580
187.356884
203.493270
185.883362
195.216972
210.878000
189.517027
202.827156
207.917554
195.178234
198.803525
170.307965
189.812825
179.005680
163.377841
167.465228
161.365253
164.223733
175.038189
147.339739
163.817704
154.176416
153.779304
155.068543
129.847579
155.118867
139.433088
132.792140
155.392193
129.391584
149.888595
132.920943
139.535718
160.418323
164.140320
172.378804
175.616159
176.510717
194.541530
185.363046
167.515203
156.464607
151.776833
153.513245
153.037359
143.416209
139.106642
117.747956
135.444032
133.987596
135.596806
146.398154
134.404982
142.347277
129.814224
129.764953
132.756481
119.466256
111.138385
125.340767
101.284701
130.472050
122.553941
135.163669
131.155944
138.289800
136.365056
119.145259
102.685418
117.753185
91.043513
115.261233
95.822347
95.576775
99.954909
98.952173
104.237705
103.612481
112.460345
145.043770
135.135043
158.657511
155.976434
140.762148
151.629714
139.737083
144.957018
152.682163
122.819124
127.145294
122.817985
118.810642
142.745221
123.499290
140.324242
143.235399
132.645223
148.779193
150.440024
151.935463
159.109312
145.539907
173.875851
152.678300
172.532816
169.517897
165.528832
180.827162
169.768864
152.660174
154.779141
135.974356
151.761474
138.094774
162.451829
157.882784
152.391090
158.586118
165.058560
159.569163
178.895295
174.505449
197.440806
175.947370
183.927273
193.725025
187.715106
189.555313
196.873810
183.459327
200.464587
210.405762
212.986187
224.289998
199.726556
221.150736
221.685795
205.391892
215.613475
200.644524
204.343158
220.027323
203.901667
228.788724
211.433768
239.115929
231.671936
234.379640
250.441516
251.033037
238.670284
242.486357
220.177616
237.856740
226.095022
229.830165
225.529133
213.407866
209.956390
204.597105
198.201717
221.938799
202.474967
209.829009
204.235810
189.934019
188.444131
180.046489
176.906096
189.666824
172.504101
190.054264
177.867853
185.842767
203.300885
201.220290
229.018531
228.926591
228.263900
239.617216
227.823256
244.687813
237.225239
225.991374
233.625122
205.069542
217.715122
207.069659
200.097554
215.867793
207.247814
210.584651
233.122525
202.370351
222.049326
207.006923
201.987727
191.985659
196.874133
199.162254
204.322695
191.778615
205.228667
187.293492
183.429393
166.630981
157.262415
169.929242
167.502329
182.239173
195.457276
192.906040
216.271789
190.504038
206.510145
209.674744
189.298614
212.440980
193.716928
191.002598
200.556093
178.333588
192.581338
179.704587
175.708947
188.998000
164.323914
183.890711
166.577792
161.659594
169.042514
165.308143
174.493567
204.360108
184.607733
197.270411
188.428936
193.603269
205.802904
200.310695
204.595080
232.198728
220.284438
250.368454
235.198769
240.481341
245.844705
254.093093
248.819829
247.187784
258.327157
264.084670
243.976217
265.789056
244.181254
251.501683
255.445035
229.863731
245.809272
247.321670
245.030964
254.982444
240.066096
267.619767
263.857520
244.360274
270.274913
241.195761
248.051323
250.004046
242.635828
268.983582
282.222265
280.829427
278.269654
254.150711
277.144993
259.730209
274.623339
282.063572
263.451261
269.095314
273.808959
261.428117
288.331904
261.252949
289.231556
279.156028
297.270921
292.551226
273.756597
283.568474
286.021181
269.938706
292.104350
268.698712
272.115044
276.828518
270.880841
287.590109
272.270763
255.185041
273.162523
247.400795
259.373810
264.622782
260.287212
275.118748
243.509682
251.242869
240.404547
232.447757
242.396369
227.780858
226.145249
244.919849
215.620009
239.959654
250.805767
257.921184
252.448496
255.917481
257.854967
247.767899
255.089258
276.984148
263.092408
285.276063
290.369263
295.310650
295.459884
299.087024
293.179820
294.636918
293.242799
313.084531
292.311983
301.271615
308.634665
315.687324
327.616816
319.997392
318.005739
315.777237
298.707761
306.414586
297.344004
301.717827
293.671858
276.268372
296.632997
282.307567
271.923985
270.020645
256.833796
264.143026
275.733114
259.106349
282.546293
262.152602
263.824710
263.284063
248.297341
262.241170
262.618723
266.405763
280.382619
239.978128
289.638389
271.050307
267.865538
283.576253
271.864720
296.385935
299.322757
280.783321
301.843933
282.968378
298.618152
297.750078
296.524158
304.748379
292.878214
301.334710
318.565219
306.059367
328.415423
328.201311
327.189491
340.346403
322.885431
330.458462
328.968830
333.837341
346.630530
339.774938
352.822244
355.509148
342.786460
371.258191
344.274993
349.693327
360.258618
353.547831
375.975312
367.449414
350.832168
365.545706
341.098518
359.702292
342.779533
332.865348
341.569220
314.707293
317.347266
300.014740
273.059194
302.438041
282.388887
302.468752
321.256563
310.964571
311.543847
325.756381
337.286616
357.444127
349.686894
372.462197
366.147742
371.133943
369.549760
347.454235
361.664252
359.944753
361.515121
359.357283
336.259120
348.015270
341.292638
330.062188
360.193449
353.892214
366.943940
355.869822
342.964771
358.905128
339.155060
328.883815
349.189224
309.561072
334.105560
316.291927
315.962472
330.930345
298.055499
306.859389
315.913553
284.745868
308.707363
274.004851
294.041756
290.194020
291.401895
306.159749
287.941667
284.579473
300.187514
282.571733
292.963846
279.839589
285.447547
300.699308
274.089973
299.937317
288.872607
259.736446
278.101445
258.903637
269.122314
269.153523
253.875086
262.572583
245.985379
262.084522
273.178264
262.077033
277.273934
265.685195
275.370789
297.345179
272.870206
292.548268
270.886921
287.419842
284.299930
261.277665
284.641210
271.054694
252.190160
267.117065
230.659930
249.882105
243.874549
226.487145
242.934642
246.496507
247.454870
257.614222
244.074719
265.835154
251.936590
247.468328
261.377006
242.568337
256.422997
246.852946
242.216379
259.301883
231.463730
250.790800
245.747814
207.070396
238.590160
225.596139
242.083780
239.152940
225.967478
247.929653
248.527560
246.104224
274.618588
259.939512
278.438569
265.731952
271.477454
273.246356
253.608434
258.851826
256.601522
225.964962
266.116190
244.717706
271.322448
252.965568
235.958065
255.458906
256.211744
256.244596
266.833256
251.907014
271.202495
266.257459
275.723840
302.249595
290.373640
312.077861
308.142637
316.671817
327.669342
303.909604
329.022887
336.196356
323.478831
339.629850
327.553566
335.155452
335.684779
330.649930
333.706134
325.767958
332.901526
351.708463
322.140336
344.297120
327.288171
324.535353
329.469035
317.223529
336.914209
330.792342
321.624236
345.253938
327.302228
360.099450
376.466581
374.643010
385.444702
383.131635
391.812567
410.998793
400.006438
421.444007
398.840346
411.457880
404.882975
401.018639
422.538247
413.168687
400.576962
417.631379
400.282406
413.612814
403.372161
399.642622
410.400684
396.138246
410.365347
399.510481
379.511407
388.548233
356.187969
364.525431
388.035847
360.269138
398.531909
368.772429
379.271005
379.758291
371.807281
382.094581
381.599666
368.943696
373.388416
348.384655
353.393085
340.924420
342.828077
348.015040
337.596606
340.856504
347.513715
338.335519
348.413017
319.443530
319.228965
312.365576
293.147142
306.883891
291.220743
289.991781
292.396987
262.982566
274.934422
270.343328
271.824938
279.687985
268.977081
282.785402
262.285075
262.235683
276.261353
263.051960
266.650984
262.951271
242.741674
265.150748
236.440751
239.186282
253.668358
240.743254
253.127451
250.560650
249.403398
280.550574
265.345067
281.992308
264.743638
269.802415
278.320497
265.688026
279.239685
285.775358
262.269877
284.950975
256.323968
275.867346
281.041117
265.706055
277.120132
259.479467
256.051303
256.248842
242.204255
261.358659
239.578023
242.065565
260.448285
255.627141
268.632360
259.800332
254.322911
261.772142
252.887925
243.958175
243.277136
228.339322
257.957908
239.845353
256.293990
252.247234
252.813635
258.967818
247.221053
237.035461
260.799606
235.619995
256.979781
262.495998
264.614829
259.889699
243.387893
229.993763
208.714050
178.656720
198.116968
169.420943
174.285293
178.442735
183.497901
195.650230
191.867344
197.074336
224.200280
203.377193
221.760759
219.297434
213.524370
218.581140
215.845013
239.853853
228.141149
230.952359
261.310607
252.894997
267.828010
262.447685
250.760094
261.864663
260.226091
251.895773
245.681411
240.147129
250.641995
236.549972
231.754996
248.648446
231.398926
246.465376
246.400594
253.962559
261.148871
264.791820
277.380427
282.985041
266.445860
288.549788
265.688345
296.542834
291.243664
273.372596
291.582097
280.818260
293.082399
304.046700
297.355816
323.673380
323.160754
322.537615
353.210768
336.241807
356.321576
353.364506
353.371666
370.488868
347.515155
349.030962
349.119342
337.211124
343.675568
320.179874
338.364296
344.154969
352.870526
375.288992
369.416596
375.954918
391.144349
365.468804
390.237023
385.010612
377.732206
388.197424
376.014226
367.555609
373.178501
350.183413
371.071740
350.902358
387.069374
390.278921
366.195203
373.780304
359.595930
347.261429
350.444551
334.564516
355.147280
355.155950
360.117562
355.599122
339.033231
354.714904
332.160503
329.026990
332.018992
309.412091
322.055090
328.919362
311.946938
342.880875
319.775911
324.949037
324.930553
306.762297
318.333446
308.164659
317.613625
311.721861
290.847684
300.133862
277.793689
288.792394
278.827658
273.010494
273.309588
275.008142
285.806419
300.788814
259.952292
284.410500
292.204873
293.072896
305.078629
302.004698
307.457840
313.803017
303.895948
308.430281
299.017877
300.135903
303.495882
299.341897
317.356870
327.590876
331.610169
355.959319
342.182756
361.875708
361.825849
348.388797
370.079485
347.518639
355.149544
354.376214
332.795522
351.552741
339.906246
337.915861
349.944807
329.702660
350.587275
328.868249
322.748827
315.875693
310.799716
313.086677
305.598129
303.766444
329.297205
304.177204
330.281415
326.630735
328.891673
331.965398
320.133008
322.830710
310.940531
291.133498
305.638551
283.620015
299.333026
302.241678
285.844419
296.212700
278.591477
264.808912
266.422185
249.419564
265.299196
255.828684
253.014748
273.080513
254.930663
275.643104
248.858043
234.598138
237.919610
227.981289
236.720707
251.144361
236.306272
257.932501
241.879586
251.697934
255.340155
242.546042
248.111615
237.528997
226.268885
258.933445
231.815554
235.696490
233.548390
226.898726
236.837978
223.780491
251.824312
269.259905
231.824164
243.033050
220.971470
244.980443
230.794771
207.822129
242.282817
220.227794
220.796490
241.763734
221.984512
226.372977
226.411640
221.138965
243.382953
234.931077
252.485894
242.864378
241.381906
258.676126
250.179753
254.778860
262.402247
247.753672
264.654885
245.222962
261.415386
277.556403
249.151823
274.631646
271.536937
256.898693
275.951870
245.606318
273.096711
273.278146
270.625046
294.497176
281.330347
307.208465
320.353332
283.986870
301.269436
274.887412
291.828523
299.420717
292.601555
312.061118
311.861144
311.931727
315.056236
283.775403
302.030524
268.263133
254.107469
261.612816
230.351069
257.790014
257.404136
251.122724
272.163271
250.236997
269.302881
271.315316
259.593297
285.381420
276.742234
286.598628
267.520094
262.557640
267.209156
263.826752
256.897953
268.103236
255.676049
271.059057
253.681122
261.755602
279.206621
263.281530
258.209536
281.545207
269.412788
285.149349
269.768630
284.235061
272.636587
254.118480
257.756374
258.697312
249.478410
253.472128
234.585314
269.144777
264.519151
267.609559
282.777955
253.370358
261.077299
267.710934
251.419079
274.866075
267.047392
272.564579
281.906299
265.886243
282.789672
254.200554
268.278322
273.590366
271.483265
281.378383
276.990350
278.828266
283.589475
251.409259
266.129608
244.113364
253.997737
249.176111
247.527128
259.394608
265.070275
252.656046
284.344763
262.325030
283.088994
282.789773
268.116229
285.009791
269.379086
259.966990
284.760326
274.864758
304.828546
280.030353
286.177231
291.834141
290.254601
309.320404
300.439447
308.852973
336.294187
316.095429
330.996109
338.888289
316.804990
325.746202
297.312664
311.668418
301.269879
298.754064
309.116948
297.075254
292.799709
303.099232
275.850881
292.332287
280.033071
278.743519
277.636156
264.867085
270.460588
270.490886
264.001350
279.991799
251.444407
269.132127
264.776430
267.255449
283.269848
279.990483
270.837874
272.108131
240.656667
251.834552
223.351231
221.731442
224.193389
206.773962
240.446554
234.511768
232.077395
250.216951
238.521474
259.586840
246.785503
238.168090
255.031032
222.322561
253.398589
251.968603
246.859934
253.726934
240.743708
251.986086
271.124510
253.079038
275.499468
273.530701
279.838113
279.950436
260.843433
251.590971
244.381740
230.808491
246.407625
218.462362
243.891229
242.353689
228.289000
217.814769
219.288322
223.409191
226.073095
209.685068
232.190889
202.327610
221.085828
229.486262
214.806516
254.923510
245.014992
234.110570
256.631708
251.648801
266.604710
260.557412
235.838719
265.976517
241.766921
238.578405
244.721505
233.539790
244.494977
231.118540
225.685705
236.794798
236.686747
252.752925
241.565197
253.972949
260.690305
259.182018
274.519914
270.471885
250.643209
271.174085
249.229266
271.526847
265.326823
260.923091
258.823885
231.793073
238.635339
258.674993
232.890817
260.999592
228.932110
240.409493
259.715024
228.389321
242.569533
242.737139
234.957786
255.386016
228.722091
241.077834
222.694394
210.917613
227.633658
212.081558
223.582925
225.152816
221.037114
229.289827
225.068551
244.660273
236.166186
215.525692
242.138211
225.218159
215.953074
220.374000
230.323681
240.183082
242.215279
233.406474
244.315261
214.781315
233.272899
223.774802
232.462409
237.709601
223.382306
235.995732
245.342383
235.818095
263.014150
234.894914
250.472152
247.379915
223.008659
237.303680
220.293625
204.393880
214.933905
203.182656
218.223501
204.425701
214.099849
219.536629
203.700742
206.292470
199.302885
208.439983
221.114874
189.330442
201.203199
196.614147
162.281370
182.480986
160.847051
160.048402
161.002809
162.814334
163.092245
155.705652
151.943538
166.012156
136.527965
158.398154
153.805502
156.175206
169.675193
168.353518
172.439407
193.940649
168.277186
190.367822
176.614201
178.129546
166.574420
159.629224
169.949013
153.737287
139.524524
154.874891
143.042181
170.219437
170.398484
163.077140
190.391863
174.226176
198.083041
173.416694
171.512891
191.047531
162.785004
166.184754
166.923701
150.232387
179.071040
150.520756
170.362887
177.926926
186.315599
189.360503
182.630411
195.999675
213.894670
202.368777
224.505509
214.491335
211.721092
224.288000
210.693973
209.117286
219.770318
218.117670
240.921535
223.043802
258.656071
251.350996
240.979671
259.682604
240.991882
242.471526
249.409230
217.178580
234.351004
214.434785
226.267613
231.436228
212.180628
232.829815
218.428425
210.257839
224.219416
205.313877
224.567111
209.750719
195.782208
199.616729
176.030597
184.304379
168.838022
159.243223
177.043476
160.718600
166.948833
182.038400
170.796961
192.462173
184.536914
188.886508
197.867266
179.099810
198.987564
184.923900
156.310158
188.531380
157.401738
168.645639
162.091061
155.555827
170.316848
147.803552
142.215831
150.879345
124.449369
148.587080
139.567190
140.561549
124.035618
126.186805
154.483855
154.136300
151.103568
190.361730
147.802569
177.862020
179.524402
161.291723
185.695851
149.663317
148.680613
155.203633
150.103481
174.533620
161.060651
175.347439
204.895303
194.529750
226.584063
207.443187
226.857632
247.785135
242.253752
263.799270
262.076795
240.541535
260.230701
234.354339
245.097514
242.387206
233.065716
235.555745
206.731745
201.998447
207.557992
190.250271
219.124898
192.170091
199.796532
195.730054
181.070779
193.714322
189.713217
188.125953
203.580795
185.297760
204.508095
206.411119
182.056363
201.102024
173.353996
183.325018
174.106254
165.739681
175.736889
167.514414
181.101090
187.495573
164.036807
180.755644
156.187154
152.498439
156.042077
137.335168
153.721898
142.635724
123.408995
140.301525
109.937595
128.723248
113.879512
119.584905
131.340291
118.619565
126.537526
132.116462
113.538641
151.628306
134.922013
137.575386
141.210571
129.232472
143.784520
134.988890
125.937762
143.137951
130.736557
148.976461
133.226805
135.646958
156.367658
140.714897
169.012406
163.447634
141.333906
165.821534
156.787023
152.717176
166.644103
145.057226
174.680550
151.182361
151.999531
174.881568
153.171971
171.768827
159.839998
163.089846
186.309512
145.430594
156.472181
142.364341
138.610474
148.537867
134.303332
121.004445
132.100831
122.990952
158.128620
147.550258
161.949813
159.444588
161.707394
182.112774
184.814940
173.849545
193.496617
177.717222
206.239402
194.066403
190.121813
193.863327
162.093060
185.387151
181.758493
170.886061
181.846812
161.290839
162.409529
166.895677
161.654300
188.856905
168.261971
191.543624
189.195327
171.368481
184.851346
181.129241
179.007116
195.561094
178.365825
210.802129
211.098146
205.073738
208.044662
201.890548
214.460023
220.278728
203.083962
218.529646
200.398276
208.486777
212.111526
195.046492
199.408687
192.328740
185.194077
211.882196
189.258021
222.018550
209.450322
211.897083
227.272515
214.439117
247.306307
244.888317
244.820392
272.046982
245.716376
256.130667
245.661940
232.650052
246.371602
208.082220
204.572007
193.425605
171.069627
161.322213
156.513626
153.780461
167.144499
136.253052
155.287241
148.300026
137.124919
132.314671
129.335361
120.695119
124.238545
97.595121
129.748514
119.687560
141.271008
133.169262
127.910832
137.511483
119.115654
107.504259
118.606851
102.688853
116.065276
98.849095
96.909989
121.510532
109.002540
143.154818
138.898356
141.804921
158.925972
143.769489
160.404356
154.842364
142.868591
172.635209
149.196642
165.862989
158.691539
130.411849
156.680870
153.711053
148.034266
157.095411
126.342513
166.558087
167.030316
173.137319
192.566549
179.949853
192.289264
198.252311
163.131283
187.628895
175.310222
200.493379
199.402847
196.867802
223.630245
217.343355
223.136833
252.654304
228.995059
262.043156
250.142321
252.474797
268.268644
259.523033
270.457255
270.548499
272.821366
287.192812
266.225408
277.116559
280.693613
266.837888
282.929736
266.822434
272.988811
276.767424
261.245083
274.526166
263.817711
255.038312
279.681604
247.696469
283.443678
259.884190
268.835081
275.098456
258.506225
268.483540
265.436247
247.370689
265.809101
234.164700
247.839050
239.215242
239.354646
237.418499
212.259999
217.015531
233.378604
215.234724
225.196698
204.151829
198.628170
201.933950
179.150679
179.765760
169.273239
173.802561
176.240386
141.979013
163.862588
141.879854
127.610306
140.832007
125.848128
141.083041
148.927833
123.836320
138.430792
137.789618
128.436540
153.753204
120.009644
138.411853
127.533974
136.126330
152.491237
138.673158
162.372450
173.010175
169.949268
189.400500
164.916276
207.734539
198.658921
200.071293
212.815624
206.495131
188.796262
207.414991
181.199124
195.922824
186.349113
191.372772
196.615901
177.069949
179.982944
183.172361
179.342205
195.749205
169.485323
184.846464
158.943172
148.385286
173.795043
162.632839
176.507251
187.597043
175.501331
192.614903
186.162089
178.491124
193.331844
169.440026
193.103664
180.196948
191.572569
179.079273
157.202598
175.400635
166.682189
162.357421
188.448508
162.672011
186.323719
183.930082
179.407473
187.530997
166.340009
187.752188
193.176394
178.052653
195.960812
167.225619
180.355404
188.533881
183.770646
181.296013
177.207033
178.934827
197.777253
180.021280
185.582274
190.159759
191.258182
213.126576
204.033673
211.270339
202.738105
193.119628
205.850950
192.963740
192.463846
207.906236
205.337499
246.471305
225.014012
261.745340
268.609811
253.206894
263.689890
248.952027
238.500727
258.026252
240.677226
242.869811
225.738637
218.385602
220.102053
204.229476
194.720385
202.223979
193.860421
210.000499
188.170199
211.573798
206.433577
197.850146
221.278783
208.373452
211.049144
228.106213
218.101289
246.675673
222.577893
228.495020
240.935120
223.233589
236.582787
230.750825
221.808168
217.663981
210.657601
213.548758
222.960709
200.371460
221.462203
209.874810
209.500828
210.758361
198.045224
220.117946
211.443131
197.388037
211.425271
199.951561
233.660923
197.564825
204.567379
214.432903
200.240913
202.199743
195.637452
163.430782
199.157466
164.842822
182.382670
190.846691
187.056286
198.521758
193.644572
173.028159
176.125527
154.359642
185.173728
181.066695
181.761267
208.557544
192.154781
217.630390
218.753245
213.903804
232.512230
216.964197
252.576637
245.587613
227.814665
249.271585
231.800516
248.809110
246.148677
242.585562
252.662225
239.911956
229.857749
251.093562
233.047914
263.701677
250.777187
267.521204
277.261625
268.480336
271.276320
277.402641
265.034347
281.994221
256.501013
283.083008
281.092563
287.030282
310.041205
301.984060
298.059452
312.873216
289.710468
314.951718
301.263224
293.849670
288.158934
256.370919
268.336457
272.050140
255.807085
273.352509
257.760528
251.779735
251.985037
239.969704
236.978195
218.309942
229.449883
231.579640
228.000884
252.339757
241.153076
239.006549
264.996350
254.351838
267.335599
256.980979
273.356344
283.517205
268.757046
277.596399
279.907156
282.157762
285.115298
252.487442
270.461146
259.878070
250.692898
265.181973
253.488890
249.969923
256.136401
240.245907
271.849872
257.109519
253.763163
247.292723
234.914350
241.326254
227.171697
222.506816
227.568323
220.296392
246.143634
249.450179
265.231950
282.194549
278.289151
292.350456
293.175070
306.339977
300.330227
280.938133
276.457333
272.940112
251.481613
260.547153
245.548376
258.508086
257.387089
240.889457
251.111096
252.774566
253.483945
275.674964
256.405326
288.608049
276.985159
265.171194
267.685651
256.583298
264.727216
257.142826
234.794998
268.028220
244.240458
240.489541
243.533245
236.353644
258.101712
255.494206
250.391570
266.636593
254.353330
274.334509
260.396335
246.417772
262.692394
235.331927
241.785285
224.479891
224.324498
256.150166
243.879450
257.015936
273.005215
265.722919
280.253936
254.225179
275.197901
282.361033
268.470715
272.004277
268.731344
243.507088
264.617718
244.805723
259.397926
243.406539
247.354036
250.130787
245.296185
239.124193
244.379623
247.127001
258.404810
234.040278
245.050739
254.750804
244.762791
259.918889
238.235649
240.967411
249.152790
231.031402
265.436246
263.934354
263.584179
266.510895
251.065579
263.112511
246.716459
252.454061
269.438645
242.433496
248.625019
246.125613
231.093850
250.206046
227.441828
233.578997
245.407197
238.085397
239.499281
241.309804
223.281877
232.399918
212.536400
233.569135
195.736920
195.654193
207.429624
188.301093
195.942456
202.344306
202.372430
213.634299
197.868097
206.264950
203.610538
198.784305
197.056920
196.008876
188.973345
203.131525
176.266659
197.850637
172.432030
173.110080
195.322226
165.500205
179.888072
169.543439
173.302908
196.595086
184.252142
207.355390
205.609220
189.378142
208.999705
175.909996
187.139047
187.216141
181.346760
192.166839
182.665677
181.866040
207.199827
176.079415
200.317952
200.488441
214.915127
206.004660
211.340861
222.854666
224.847566
211.258072
234.718598
219.654276
216.011475
219.381493
225.994499
219.445295
205.417412
211.359682
224.783774
214.297408
231.259669
213.855478
216.804136
234.657003
212.740762
225.742633
215.986773
204.086187
218.241663
195.786783
221.869009
224.016923
206.715583
228.842643
215.413082
229.807191
214.015485
205.377657
210.710079
178.126429
176.766379
194.929144
170.948259
180.354889
155.295596
150.710738
158.013113
150.555853
166.529897
162.970875
139.670140
161.871016
136.063398
152.491269
157.356812
145.401857
166.983923
160.659555
164.104322
177.891499
157.368713
195.135983
190.616649
188.850800
188.836046
167.087821
178.947627
177.981128
165.736652
173.158037
177.186988
174.226787
177.129875
175.821859
191.513316
187.032104
184.122863
181.720575
187.053112
209.119241
203.880380
208.531592
222.972531
208.348074
236.554439
215.035577
213.563443
217.204210
218.584635
223.829548
213.240049
206.012438
239.323498
203.816859
233.976575
241.582484
237.849032
237.001247
236.555675
249.064744
254.233156
250.679649
278.788549
269.723889
269.698130
277.385528
266.639028
293.342665
293.581865
283.215136
307.451561
278.672389
297.218307
293.634874
282.040480
296.965590
279.381644
295.010245
283.749707
282.697796
292.988243
275.303314
282.896809
287.451815
278.283010
303.484975
270.155335
263.126450
265.550012
248.099466
250.603261
257.667804
242.714878
257.917130
238.269074
260.855945
237.414101
235.508762
252.410664
242.518280
220.627086
235.791828
222.011671
240.134968
220.920657
233.883833
253.348782
247.321454
267.995582
260.961696
252.741280
261.386718
245.409271
267.390302
242.708318
241.975789
252.004379
230.469589
248.653935
249.209807
243.639392
253.268964
244.533020
262.563925
284.169788
265.429040
281.446314
258.885876
265.316100
256.946073
227.418141
246.018083
238.586550
210.862202
232.822882
196.490865
208.206460
210.290740
217.122791
225.428301
217.701272
230.396317
237.935260
209.149053
252.677323
204.883561
216.992018
239.075474
223.412702
240.749480
232.750600
229.785615
244.295031
236.218454
246.391770
231.889883
247.712103
249.795466
222.788114
232.592925
230.339420
218.215395
245.612237
226.002439
227.719737
227.644505
224.889371
247.074779
210.451698
228.846017
236.897786
221.253885
241.750633
241.126372
233.536558
261.624735
214.269477
247.258167
233.313667
241.655422
241.309656
239.754496
241.171717
251.798467
241.164121
252.757312
244.861795
268.710567
265.349403
241.142442
247.890481
238.795093
219.837846
241.175235
220.431408
218.434079
217.624769
213.358106
226.509416
185.035207
205.008201
191.948812
184.259057
208.674663
170.527866
191.758985
188.142128
182.410084
198.243749
167.755953
189.705089
185.877892
181.714730
204.976903
205.621610
197.523600
219.280799
193.108724
209.599021
201.686279
204.356224
207.610401
193.691933
213.557479
213.266354
189.241676
216.338124
178.880357
192.089166
190.768277
166.425242
182.023363
179.204705
188.791760
201.801547
187.075268
210.283657
187.505089
182.540476
187.261982
168.873694
186.323951
184.853792
188.400304
198.672663
174.509425
188.542128
177.500549
175.963523
192.440787
172.957421
200.428821
204.233232
197.535069
220.198008
187.334750
197.761243
200.404952
162.791923
173.167062
157.163866
161.807006
165.880891
165.758369
169.968762
164.770272
152.781065
178.280519
157.158633
173.183276
151.728008
140.147566
149.526925
131.095700
149.898533
163.092881
133.014486
156.139750
142.086806
134.647865
139.393881
135.326045
149.744130
144.347144
143.470357
171.876422
166.095193
176.814465
159.660871
150.155255
165.809701
140.184436
167.367531
160.266146
145.055071
172.257376
153.005649
164.638485
181.074855
148.158514
167.248456
153.536427
156.067596
143.808101
137.649562
155.365181
147.981041
144.855487
174.868909
144.158705
166.796799
169.047873
176.638654
194.367303
175.031083
185.242947
187.077267
165.132166
199.094006
167.650995
176.775118
185.706231
155.523703
177.970428
178.927698
172.777356
181.471029
166.143727
184.646078
172.997957
176.104663
194.327308
177.485553
205.071803
205.361014
203.424336
203.218938
195.764499
210.472326
216.957830
191.360066
223.339697
213.930611
228.882780
242.750872
232.584966
259.239863
250.648982
244.073606
263.657463
231.176022
250.870252
262.472348
241.120645
247.743736
240.633975
254.524532
262.263456
239.325163
274.760901
259.007606
281.644537
282.541925
282.294609
305.075547
295.306048
307.448986
332.211336
304.879007
330.651268
331.719712
306.833109
313.814326
314.394543
327.505617
289.311609
305.317284
322.875624
305.361540
303.773286
305.359718
291.332195
301.020757
298.469261
312.259938
310.015175
291.461138
316.017866
309.687420
312.439531
316.891819
288.015023
296.576432
289.185585
289.190344
277.934345
264.998613
268.974348
271.339026
250.189440
275.945199
248.209064
265.680377
271.645376
269.045047
275.035348
242.979577
245.791572
265.657962
222.641950
237.004135
233.239030
226.348846
255.306890
241.201634
244.802666
233.229656
227.705356
239.609735
217.702744
228.367650
244.126796
206.335668
237.482759
213.337023
209.718874
229.723848
208.414761
221.973024
217.104779
208.204717
229.070686
212.564517
260.157493
253.131998
272.277011
312.475714
298.406868
319.561884
311.601399
309.491168
342.228829
306.489504
309.555109
304.048177
300.555829
310.026216
295.474077
308.572507
325.272177
303.011381
327.622649
310.763314
305.315395
313.879278
298.337687
296.321885
293.536351
291.868698
304.443674
284.451471
296.220240
297.047635
294.684812
317.213873
310.634639
327.410994
331.106207
327.499622
341.348496
325.100372
322.139071
343.407569
331.739222
362.997437
348.241680
344.651587
351.085396
344.262646
341.677013
329.378906
318.950753
342.835351
320.635295
343.619261
326.725555
313.373260
336.283368
333.477517
330.550183
334.490444
313.304516
339.858436
312.352782
323.236700
325.466511
304.325170
329.260477
309.935321
310.615573
312.274159
293.187215
311.096204
303.226146
284.231814
300.303946
288.149440
297.003467
283.996532
273.408983
279.237341
274.659119
260.388071
271.397371
245.268154
280.505700
258.718504
261.751862
267.964694
250.341387
264.116140
254.289080
243.774590
269.727512
254.031675
279.182072
269.137817
290.587698
298.599681
292.617575
303.160104
318.567535
313.138089
336.363284
332.621840
333.046347
335.154432
308.184447
323.726193
306.493640
298.745317
302.121475
282.161256
300.533418
290.257890
267.716108
293.087669
278.441721
280.305205
272.585402
260.385466
265.684043
239.181419
250.455996
256.622085
247.226585
271.558379
266.419314
261.625192
265.491095
252.748795
253.300249
266.191707
248.147722
266.976967
252.919878
274.648022
258.244776
261.423058
265.958244
232.753433
232.313824
246.120628
227.481469
252.129680
228.626587
239.109957
237.383630
215.082770
219.936677
215.391857
203.863104
211.705173
191.018085
197.693839
181.730893
162.973262
179.026259
168.954893
167.723550
172.770123
160.897970
165.736116
147.879007
158.619243
168.020901
151.820808
170.232520
149.709301
142.515358
158.958115
165.303544
163.343451
154.214130
155.444034
187.177232
163.814549
197.173722
185.176626
184.556541
205.135577
187.217122
203.250119
203.673273
196.475531
226.758183
206.228559
230.572288
236.763779
230.760469
228.096608
207.674281
213.884914
240.773496
221.120855
244.998465
243.697563
254.854349
270.542152
261.970347
254.734890
255.612242
248.768523
260.986142
234.790579
242.527299
241.432472
224.114302
263.851173
231.907181
239.659250
243.477021
209.535500
223.626326
214.047180
214.928419
227.446752
198.330550
217.119876
199.055784
213.623195
211.005155
200.498865
216.617366
213.330590
211.179604
238.616506
214.961692
221.640802
230.707514
213.485315
231.447337
211.927522
205.978583
219.583045
202.376913
221.871517
212.691758
226.500058
244.161641
226.315573
252.573397
251.489387
245.580938
259.923132
231.984216
257.148068
249.316492
240.679144
268.052495
250.035087
256.921896
253.008658
253.289235
258.715006
273.802318
251.100486
260.289408
232.296715
249.707771
244.554583
247.485234
254.396591
247.452269
258.536238
251.517330
237.543749
255.861281
233.154626
248.522347
231.231194
204.409447
229.986351
216.199058
221.670353
234.234889
209.705038
220.696343
217.529976
210.222832
209.943124
194.163196
202.977462
191.411111
199.725355
214.580322
187.857525
220.913909
219.338446
213.677807
239.532116
218.978691
229.160331
219.943136
209.851891
221.368663
192.797935
186.404792
191.781944
163.966978
182.886210
163.985254
166.841436
178.806512
161.252479
182.348834
184.015109
163.289147
179.833344
153.076930
181.487750
160.901826
162.514099
175.297259
173.747332
182.253216
203.806575
182.655408
198.052622
200.285567
210.658231
224.230246
214.186320
224.326752
210.259037
196.772926
215.065717
202.116400
202.034146
208.436716
183.379506
192.198751
168.022984
188.740754
184.971901
183.310326
200.201365
186.787311
202.907198
223.950925
194.004204
221.635549
198.803079
220.336304
215.617191
187.702495
213.595865
210.521689
209.952583
242.907855
216.946323
237.031431
217.775368
212.469360
234.004690
218.575118
194.864408
218.222815
185.733339
203.908570
182.171533
201.865470
193.262149
182.425790
211.435426
191.492736
212.647349
225.048015
206.528658
230.587496
215.286355
229.496961
260.725223
249.966764
259.694448
256.416443
235.590867
239.662660
236.144900
240.891790
240.234607
218.765688
240.785742
221.846837
235.939862
237.200967
233.098252
245.664697
221.522330
211.043432
244.827370
226.289203
247.615246
241.506865
251.626856
258.126768
257.583257
241.532873
245.338425
238.863692
245.260828
209.355594
216.271716
215.104025
202.585258
210.090517
196.381907
205.889867
222.979397
192.974036
207.358049
209.303208
213.445242
225.076903
211.199598
227.385883
226.489737
221.114640
218.224310
217.223264
230.221494
235.699246
209.038925
214.852576
183.361433
184.084523
177.741651
179.151796
189.759325
180.926943
178.574954
205.792560
189.182025
218.770422
196.888548
187.912064
219.143054
213.493829
226.260117
230.872211
231.299750
258.765973
231.800153
257.930915
246.487924
258.380386
274.586829
263.889270
271.701311
285.836897
266.808536
275.537930
264.832616
255.453758
262.314660
254.006485
281.214881
276.321873
261.117460
286.978550
286.740717
284.070879
296.908043
285.641286
292.167730
284.001473
283.474403
284.909815
272.973451
256.982734
254.035093
244.953430
255.283993
232.022897
226.470601
207.271806
200.585719
203.254778
201.024867
202.972630
217.141990
202.634853
244.822082
234.885419
240.791034
240.758721
245.278128
264.664146
242.731114
244.139595
258.287097
235.707633
254.882467
225.120922
222.336355
228.939199
227.027130
239.394432
219.439716
231.742729
227.404222
229.922440
243.263488
252.087506
247.855773
271.977074
253.064922
270.810379
265.546631
269.587640
274.643948
248.223631
252.504107
271.593297
250.638810
257.318013
235.583979
262.383272
264.024875
257.340582
263.947099
269.158031
259.344314
265.571129
233.285085
249.010391
241.928888
241.456336
243.460516
239.828169
243.803680
250.963544
230.988507
241.122972
227.415812
240.582720
221.998245
212.847357
221.945540
208.563549
216.489674
222.761949
216.046775
211.289800
215.048142
215.089466
236.536285
217.934876
225.140538
216.067588
215.161776
226.859848
226.242408
206.350076
216.929275
202.275377
222.500324
203.339665
199.719797
209.364075
201.986959
191.644970
190.460715
189.594183
196.057122
163.079220
193.548247
169.259461
169.885415
162.291551
154.437606
152.527067
172.512429
158.258012
174.407509
159.249613
179.283636
179.977643
178.736855
192.175092
213.378490
207.714598
218.747061
206.130600
213.578273
219.051777
210.208369
213.019788
204.943821
215.556145
218.765280
211.443076
225.428403
221.684900
230.175855
251.144314
241.630108
256.352682
234.854011
251.140388
242.774595
234.460941
228.403278
232.356469
225.123909
244.454888
223.072536
252.829029
240.596913
231.659023
249.106521
253.228821
267.857590
267.909574
258.924294
280.884193
254.247652
248.044756
237.895496
220.179951
222.397049
231.341331
245.206242
251.830002
251.785965
270.789177
263.347421
248.647486
256.416262
244.190415
244.085617
242.310797
235.356219
243.963837
235.581483
237.138239
249.988176
231.680033
247.741875
240.277687
248.543309
243.773699
237.622889
239.386785
238.076980
231.570649
238.117366
218.243306
231.246437
234.955044
237.542546
245.004230
240.494418
235.312814
241.580480
225.067259
238.167569
216.383818
216.081803
205.144766
190.421946
199.508371
196.334710
207.875229
205.744140
186.908713
201.091905
198.453384
193.064706
192.512469
191.827082
182.874570
167.205144
166.803332
179.034815
158.167111
159.601412
163.742573
137.633828
164.162919
149.491449
163.306991
181.175317
172.788791
165.720345
169.279377
161.245292
179.404367
163.461978
176.743707
182.905938
180.427049
172.821005
173.660028
170.521471
168.280406
140.450338
166.869010
143.541274
161.991969
154.019965
146.626506
151.270749
145.706522
137.294574
160.714371
136.241266
146.608111
145.435204
155.765308
151.436827
131.670888
145.751365
141.568151
132.071330
139.365611
136.058956
131.280403
145.959858
141.708242
160.424200
145.762919
146.920596
143.426067
138.863506
154.699153
138.048333
123.344073
141.108466
118.064625
144.104334
126.731176
135.286599
142.481466
148.607442
155.507467
163.050132
156.655002
191.938740
167.966900
172.773360
183.239565
190.579514
212.718081
196.760790
208.365776
205.844650
187.500257
226.560400
220.165027
214.643673
230.274140
210.431511
223.042071
214.108378
215.584206
218.407935
209.991142
220.120640
231.793349
207.720682
220.868337
212.195251
211.310910
208.166435
206.142020
214.487423
193.433430
193.491462
197.964849
176.192786
198.520491
177.920663
197.717024
193.153119
189.098150
198.580008
192.935990
183.879898
196.302760
178.973591
208.828221
201.530981
205.104084
205.509864
194.920446
194.971076
192.376871
182.861850
189.614847
167.901141
164.575327
166.577738
152.478407
151.496469
133.190245
140.976564
166.658418
146.002092
147.316731
136.640644
134.586729
146.805697
136.321517
139.681237
141.192782
138.420744
147.023750
132.321097
129.521332
131.689382
112.703105
132.544808
108.895089
116.714123
140.174405
133.845025
129.982414
149.633242
126.904163
135.034759
106.929114
118.525954
122.472399
133.599987
151.633811
136.179190
141.164851
146.740588
135.621785
171.789015
170.261247
180.120032
172.831222
164.128055
178.813906
162.215162
149.700666
161.600542
137.026904
149.514680
152.668464
141.951156
174.896159
145.070192
159.193061
150.994729
149.129237
159.004286
142.179729
152.392876
143.758190
130.965347
152.172956
132.101888
140.142529
136.826331
117.538474
125.531210
142.991532
138.219548
151.300990
139.624103
163.201778
148.166329
151.624119
170.937768
161.297554
150.362860
173.171485
169.336026
165.007329
157.462931
155.062544
156.430658
150.307942
168.976494
151.566544
153.574983
153.827145
143.149718
157.016543
157.048988
159.302642
174.259797
159.493081
184.923049
176.006927
176.641524
171.412718
155.384853
171.527522
178.595123
146.467992
176.687631
169.381683
180.365641
169.696423
160.761656
173.341035
175.715181
167.358270
188.002046
163.170482
176.092544
161.126709
155.892172
160.877676
157.906767
159.347252
161.020370
151.108644
165.306527
149.911366
151.942623
148.675040
142.645594
151.786192
142.402233
158.616780
175.722360
174.310050
175.894718
158.791152
148.707411
162.955454
151.478757
156.296502
146.861753
145.903431
151.596194
138.824673
141.936061
148.052433
131.174212
153.595700
140.895433
156.422238
149.392740
140.495696
153.039940
139.829771
148.283834
151.051502
122.955280
146.451155
118.401389
122.628893
129.667236
127.331496
127.755720
141.505613
134.819014
160.595312
136.364542
154.997251
172.898140
160.067356
178.959058
180.263375
185.677297
183.921219
149.520075
166.483921
150.733772
164.219015
162.705100
155.436965
177.675531
168.938259
168.651166
189.783999
194.858601
201.742818
208.802591
194.032825
208.871974
196.062443
199.870512
209.384886
196.986043
196.338509
189.724871
183.064807
193.543570
158.154190
171.445608
151.937659
164.626918
157.741256
149.924692
159.559949
154.036331
153.887682
193.199744
191.823749
197.615077
194.936678
202.431547
197.975489
193.899068
191.755707
207.582258
209.688736
220.245760
213.591833
205.759980
219.910352
209.492460
230.489761
233.312545
232.711107
242.416929
224.653924
226.270398
208.544137
203.925023
217.415938
212.224075
218.910103
216.206993
212.107168
211.842503
206.701378
208.267163
224.067593
214.145844
227.465020
210.201060
233.011128
236.268780
236.634841
243.675722
262.002382
250.000759
262.680647
258.441986
291.633564
284.826602
287.935679
297.085708
277.240440
278.231775
283.794963
267.361244
262.580249
247.195046
243.602902
255.790818
255.482476
273.479030
279.323187
274.749130
290.205769
282.357872
287.445034
282.562115
274.827473
303.152508
286.858416
298.341036
298.176548
293.320903
298.740636
282.740137
275.308558
281.406349
270.574726
286.682216
269.046327
271.388906
266.142317
255.672893
252.717193
232.406400
206.050510
215.333479
190.995309
216.459626
190.081075
184.215859
199.918474
192.914134
189.387451
203.267634
199.378899
218.462312
191.942778
188.784111
183.864147
174.529171
193.574103
175.009280
179.060833
168.811518
149.046934
167.758942
164.335992
152.686897
173.749305
157.661790
164.529237
160.127781
156.701944
166.593793
159.485480
166.081588
174.424378
167.424527
183.589881
148.220308
153.829865
159.605811
144.140273
161.550974
161.475444
158.458960
170.814965
149.399556
169.558340
150.068095
149.961670
154.275623
151.734974
144.330218
154.337918
146.808869
158.462559
150.527272
158.442683
161.077646
145.787452
163.826623
163.252282
163.356747
172.766561
164.188678
165.098145
151.789812
146.746892
157.586340
140.522372
157.185258
142.967323
126.930882
140.002505
126.305728
127.862334
132.919519
115.670561
125.488078
98.332005
112.989277
119.862185
120.295047
127.449930
129.881740
125.961000
139.745093
131.119236
143.544085
138.582778
137.607962
147.345989
144.918002
149.682947
145.804912
148.175711
156.835281
135.657813
158.000765
150.655926
150.589427
176.444765
167.416067
160.814543
169.068672
164.982932
181.552342
178.833914
170.861170
166.248977
144.085356
153.697937
150.635736
133.713033
135.730097
127.382931
127.391680
142.196381
139.568788
176.326838
151.055173
166.768304
180.238042
166.316463
178.109777
183.841776
159.195711
178.352490
153.944810
163.707655
143.240818
148.033621
156.995963
149.531513
163.874712
170.269329
157.699341
163.471546
142.841908
152.622434
144.529216
130.376662
142.108420
126.945491
130.096708
152.333627
147.054429
154.415513
147.991970
152.138950
157.072893
143.135983
160.378922
147.718235
142.133179
145.317806
127.579732
142.693761
143.741272
110.397800
127.333007
109.662293
120.906420
113.183598
109.914916
120.296824
119.932348
125.233892
125.894506
94.957244
119.667041
112.686512
117.727812
128.110794
120.647013
125.085122
111.339457
92.181048
92.649859
73.654210
106.722062
95.403165
93.486790
117.922525
95.288859
104.671147
117.893091
103.072991
127.804905
112.291399
110.533305
120.490719
103.469955
106.387712
78.934313
70.500152
82.415958
80.274886
93.585399
95.484143
98.428108
123.759092
102.843622
117.464782
125.855542
123.070142
122.340451
124.061832
111.337613
123.187982
97.665287
124.819993
106.132093
118.578274
126.435539
116.596957
131.237890
153.254641
132.449926
163.318735
140.114676
157.335951
163.273623
150.961571
169.693769
163.254798
181.740780
202.696269
179.250180
198.497179
185.386364
187.945651
186.982900
173.974855
185.638950
173.905780
173.808467
201.095925
176.186889
176.985330
171.128413
169.050388
166.101630
152.613275
169.590079
159.565475
171.785316
160.733725
158.434192
163.092609
170.845141
162.301459
182.527272
154.488033
146.620356
127.186570
125.360705
122.649621
103.889200
101.246474
125.032250
116.638447
126.757157
120.661154
130.994934
146.298705
133.220604
132.511457
136.198058
121.698477
149.041160
123.081290
114.313520
125.628409
131.332623
143.022141
142.115432
140.919501
146.314635
146.519957
155.995346
150.790666
157.462043
186.153068
165.471267
178.202230
193.271291
182.851837
184.118136
183.410854
186.140359
190.042103
175.325100
188.151981
172.984769
172.017451
172.839722
182.015797
190.371670
190.141691
182.240130
215.894214
207.186748
220.610179
219.503677
203.545498
216.698067
216.465629
201.235331
192.208854
195.501438
211.675977
194.941967
206.780751
201.114346
196.028058
207.747818
199.102572
185.571681
177.865732
158.335872
153.573351
156.400803
152.194091
159.871843
154.516119
163.418952
155.807368
151.246236
169.979514
155.994816
150.777828
152.876161
150.164878
179.555420
153.738217
157.649729
153.910775
152.004907
148.807228
132.935714
124.436277
139.176490
118.867664
134.203614
123.250853
119.232038
125.693119
127.187275
142.456985
135.682168
130.108137
122.884883
99.431676
115.599296
120.224912
106.997372
125.380204
124.960896
117.799753
125.996314
111.598285
115.628599
115.813226
124.522985
126.459551
119.852356
148.890719
151.322697
157.778068
169.768852
162.099234
174.521625
173.644427
154.462440
159.066754
145.072656
158.625037
157.076519
137.669624
144.966004
145.590034
153.482977
169.404555
157.144852
171.324052
167.296344
168.957593
172.104663
168.726393
173.250090
177.269041
142.272433
156.974542
139.838059
147.120389
143.224292
117.179068
116.687525
109.347779
104.056692
99.988712
94.296433
116.257882
98.999688
104.180495
119.708371
115.196191
124.834370
103.433948
103.629787
121.344698
112.392387
114.895889
119.770494
113.697440
123.975524
97.011292
110.929733
100.293347
97.042458
115.183709
108.026556
107.794023
119.363642
102.291570
121.388243
119.918955
120.215563
104.824302
118.627131
105.276217
88.266673
79.127889
98.205111
88.649288
92.658228
82.741376
87.646765
82.105736
75.137026
83.166244
88.186857
88.296287
100.334135
80.629478
89.298582
101.173263
79.845066
94.250331
93.146202
98.205714
105.408562
91.429306
109.808755
103.528790
104.298258
117.518266
96.582549
126.765020
122.046121
103.923887
125.261182
113.745068
129.650110
121.431059
106.492202
128.548110
129.676219
153.093217
153.278608
138.559321
145.293215
157.856079
117.150654
141.267491
130.387384
158.693449
146.820258
137.809858
166.869165
149.678186
137.538803
145.272355
139.950217
166.796571
154.175095
168.179973
178.300248
180.926679
200.084534
199.877281
202.900481
229.330518
211.919614
218.461024
205.897860
198.869964
211.507718
191.801247
201.937554
198.332903
183.000133
182.498679
183.659032
188.297798
202.310284
202.198269
214.077398
198.916169
212.092006
199.433507
197.497148
213.143630
232.323272
219.933553
242.708702
220.216998
243.086531
231.209143
219.443328
237.366612
233.872972
242.248476
254.919697
240.691288
264.067363
266.290772
279.580359
270.980862
253.279251
259.120826
255.945418
254.435059
266.016488
260.481113
266.536499
277.204045
276.009933
271.500717
252.030056
270.332893
273.100017
261.459265
271.484639
261.062612
258.909024
274.394123
247.791504
281.053786
276.450131
280.837279
292.962093
287.790767
296.652452
309.064626
291.390858
328.460679
300.780347
312.068064
318.288244
313.747896
322.620234
307.611426
309.183707
316.654970
298.737981
320.272032
308.220001
305.516257
306.745156
311.595710
329.136038
323.610929
339.760630
354.989334
328.808110
343.749979
327.469038
307.010144
296.176257
291.518558
304.384066
296.433311
285.184342
297.890157
289.472921
287.490231
297.475209
282.594688
285.849039
263.303699
262.766694
259.605539
250.481302
240.594486
243.149597
246.181383
271.115209
243.331064
271.983241
257.937300
269.468175
268.744076
243.605932
255.742801
268.081308
254.306137
274.874667
245.584180
258.942679
265.041983
250.855164
247.258637
250.374242
251.654326
274.057015
275.078085
286.460410
280.702988
276.193483
283.898980
252.138804
260.840810
247.008377
247.995846
260.775379
259.438217
257.532576
263.078271
236.859634
259.793161
228.957526
239.862480
236.458030
235.377741
246.386511
249.338211
242.681337
250.390385
227.973127
236.449426
218.237987
231.781373
248.465432
241.890957
250.750986
258.125009
263.932196
276.546657
257.218966
260.931953
257.546476
245.421803
241.988046
227.126302
227.658803
220.681762
209.781174
226.253417
214.253969
222.778184
211.705261
191.459729
202.733434
197.307996
195.936025
217.995633
196.895466
193.505470
193.253137
178.717800
193.520060
164.682618
162.738664
155.473260
151.718106
163.466901
151.101200
147.904359
163.138342
152.941810
174.501936
163.831953
181.532339
186.000550
177.605273
178.028126
188.518555
171.972002
192.797355
190.288018
189.132067
185.225101
184.578722
195.322330
184.395831
170.694104
176.765428
164.426973
178.739911
185.568321
187.722970
200.920892
188.527554
218.292024
201.213385
192.720278
204.758067
188.677057
189.302319
197.778814
193.875984
203.143348
187.741564
198.634039
197.339334
186.839876
197.621336
204.401530
191.142666
233.054521
215.377231
231.131881
227.468288
228.679358
221.637247
208.112006
211.368691
210.785008
189.794104
210.702519
198.312890
217.454444
219.712949
203.866381
208.297041
212.462541
195.583188
197.922284
174.735390
201.964061
186.811829
194.508761
217.754525
208.939617
219.851830
218.701437
205.062143
225.260739
211.742671
236.425295
235.659205
217.023264
234.890418
221.393166
223.988622
218.068773
204.971510
212.051096
201.735826
192.277371
209.145297
191.740788
205.080742
178.801210
179.645568
198.292799
180.911366
203.052070
213.108343
175.060183
213.183242
199.170941
213.464139
222.669798
208.096688
221.666779
213.672221
229.939663
248.294658
225.009788
249.624996
243.087749
261.078616
269.893904
264.644901
265.015275
261.745048
253.861866
253.637145
219.822549
227.017302
217.348966
206.825804
232.537242
214.398094
223.110115
205.930417
200.674577
204.355837
199.274330
203.068952
198.897928
173.513432
207.428440
195.265413
216.684115
212.964084
207.199925
211.186650
211.271853
209.408443
217.097612
188.219099
209.033539
196.437069
195.991879
214.151008
203.344204
203.815860
227.994188
207.217954
226.895695
218.624332
217.366110
222.863443
212.571666
228.202198
210.742688
205.197093
197.424368
180.627498
199.286468
198.529543
182.790365
202.921568
178.919826
191.384617
190.392760
178.156937
178.046418
158.302465
149.197732
146.668329
125.480946
141.259621
125.216714
143.777007
163.853066
152.343359
160.398154
159.619656
163.336861
181.075779
150.298101
169.773329
162.444028
157.404474
169.224133
152.002904
143.624254
164.631837
121.769543
148.920966
132.405286
136.778451
144.987856
127.119972
144.843866
135.924621
138.487505
145.658465
125.199163
138.446438
133.949150
118.194275
138.639884
123.461891
147.861167
148.296742
147.820499
162.685866
144.289831
155.278401
166.071070
142.429305
168.623645
150.989784
151.996969
147.454271
139.283885
160.552254
177.064201
170.557587
186.790782
166.988965
201.765527
168.759983
174.273643
181.046577
169.088028
181.235853
189.292109
176.666545
204.827089
180.468167
201.893267
216.224730
206.489656
227.795911
223.920154
220.960616
234.850901
233.525724
251.224676
244.034530
247.732108
269.415738
254.693549
260.610227
266.669866
247.183972
269.674711
255.667652
265.544629
269.560307
237.519313
274.564435
248.432198
263.741083
267.614479
255.684020
282.736101
277.868367
274.288926
298.164445
270.997374
304.233662
292.955425
286.648607
299.643652
287.434901
292.135110
299.891617
300.142399
317.533652
289.332171
312.629612
310.441697
295.750676
314.723460
312.394479
303.491271
296.849480
284.069571
298.187901
290.798899
288.848972
307.174796
291.262235
305.159274
296.568661
294.704754
314.614774
296.653062
299.334267
305.011909
298.384350
326.835138
298.405556
319.134394
316.045940
326.650272
347.824245
340.884553
336.458408
360.456192
333.039361
358.800033
344.351427
334.104713
352.015914
342.314983
362.302835
359.387992
343.152714
367.785975
346.737475
372.277830
363.067867
348.503022
369.025041
359.508493
370.904268
372.924925
342.176877
361.335614
349.647576
347.080517
357.523675
334.632717
354.889300
348.490225
356.986399
376.399170
354.852662
380.186271
386.560069
363.008370
378.879813
351.429102
371.126001
359.178781
346.936211
345.120992
329.748757
336.950255
340.499176
316.240763
328.091677
319.605860
330.383517
353.199947
341.968081
345.202735
351.728944
331.033604
366.420563
339.385523
358.861840
366.921058
353.197681
368.891243
370.792480
365.323514
372.249289
346.024638
368.161203
352.794761
349.059114
352.747050
343.710794
356.636247
358.549980
357.321277
367.239731
354.150140
366.355309
362.123671
347.193950
361.491018
333.063950
342.145215
352.949017
338.041727
348.116791
336.948808
351.225114
367.740113
339.464263
360.976666
351.551557
361.898229
373.562992
369.193520
376.014707
381.909017
365.366363
386.494499
357.478649
379.777273
354.806505
341.426583
338.550981
328.861781
336.498871
365.152413
340.667321
369.145997
353.524265
361.789175
378.921960
366.921288
379.794976
366.937172
364.101634
372.309851
358.167067
365.029211
359.072625
359.247561
367.821899
330.281181
359.126268
355.450339
325.660231
353.794093
342.622367
347.288186
358.524766
343.333774
356.837394
344.371807
363.126784
364.318328
352.836451
359.318132
367.762349
353.717812
351.730523
324.800256
354.998745
336.790623
339.953348
357.186438
337.217212
349.766203
345.718581
326.636098
353.544832
335.658901
341.721018
351.335621
330.420030
352.408881
339.895941
352.166986
383.013985
371.246746
396.516393
397.268847
385.470964
405.218376
371.777498
383.904647
385.679268
372.993880
394.539093
379.691442
375.704712
396.795859
368.395210
387.756103
364.945181
367.373075
383.660169
362.676812
379.922709
384.408578
365.806037
378.962840
356.474904
370.543859
350.585336
345.074455
354.185504
350.683522
353.913661
370.280359
354.301812
372.843213
336.887632
357.526881
354.662683
336.353877
363.219662
356.945398
362.007632
379.796052
367.681227
402.368534
393.229028
396.976787
403.657121
387.650315
394.322080
382.997127
383.701090
384.905035
364.066928
367.729464
380.520971
376.457411
399.056890
386.292069
383.991483
378.030391
376.018703
402.391380
387.593239
386.398459
406.380707
376.708665
411.483966
393.512454
395.932405
406.767047
379.595037
385.324186
397.867601
385.175069
409.385682
375.553795
377.851980
371.568334
366.231480
373.559713
351.488284
353.237048
361.032745
333.301543
348.475219
340.528423
327.423728
317.661843
307.919937
329.630013
338.779421
324.259821
324.639447
332.907550
341.779189
343.273810
349.057790
374.055091
362.819784
380.096939
383.902314
367.321473
377.971651
368.465878
362.829916
372.519506
346.158996
363.088552
351.149827
355.696758
346.780084
339.284064
338.025718
344.481294
311.732190
336.529027
336.029732
335.446480
327.092695
328.120189
337.589531
334.910212
347.398400
368.371423
362.002684
370.868143
349.199067
343.231751
354.324170
342.199147
343.435383
315.441078
302.197946
320.313013
307.549016
313.957657
307.030117
294.780165
328.045539
285.427110
281.721439
273.370643
262.322123
290.827646
285.194606
270.364854
297.251122
277.449059
280.073217
272.422019
281.806237
296.732518
293.114982
307.015806
301.294578
295.527319
309.890618
278.433646
300.037912
271.032894
269.237546
290.310152
279.813177
267.834615
279.686572
263.947558
282.320968
278.935511
281.869542
275.681539
276.819183
291.483199
286.018615
277.237839
292.912039
265.453580
280.998539
283.424353
268.919157
283.955447
251.250065
253.380908
256.680476
218.946848
242.233696
235.754485
228.799929
231.090543
214.560850
241.601583
221.251340
225.770522
228.846693
204.846501
207.073335
215.977495
217.264301
238.014157
202.999199
231.236625
235.947667
246.569782
236.681680
248.847222
230.341139
246.736750
244.646652
263.382149
266.472102
269.470713
291.692221
271.966534
283.423157
291.548941
286.468744
306.465998
296.001195
310.555612
314.399876
302.248440
323.023340
318.532092
323.370966
322.789336
318.985267
329.520019
335.129970
324.828474
333.350755
321.981248
337.060681
325.777593
311.341701
319.994810
287.065102
285.826999
270.010745
262.101237
279.348245
258.375553
286.454005
276.654803
282.548914
298.946651
290.347137
300.680513
306.752655
287.045982
301.488354
284.276536
284.009672
279.003600
272.926210
288.907328
281.521671
269.151328
281.152871
268.119871
269.348319
261.797848
253.424779
264.802831
244.607716
258.555109
253.695259
251.754976
255.734758
247.306622
248.469684
267.827127
249.545297
274.344640
251.125171
248.304583
256.580199
258.101481
266.699616
255.459786
237.124795
267.273195
254.403254
255.775321
250.057317
244.760810
233.936541
223.544981
243.574859
255.155385
254.437983
274.358153
270.229318
282.070931
284.329242
292.210533
308.207893
308.749123
295.998467
293.192156
280.534287
288.808393
253.697417
253.624697
266.746253
252.798110
283.345054
270.720229
278.929356
290.821847
273.197033
281.927387
277.908919
257.231573
276.893918
255.694525
265.542693
259.882178
246.964074
250.104617
252.611306
237.123051
251.643994
243.283608
270.276641
263.088153
277.084877
294.581756
283.573758
284.140043
298.179060
278.815037
304.054886
281.398493
279.400955
268.011337
248.261203
263.695990
261.036725
247.852649
247.221061
234.590274
253.825940
241.462740
241.563554
265.549338
255.473366
278.453936
271.466299
248.925161
287.780505
273.860779
282.465151
270.987661
252.860259
287.498341
248.043891
263.603598
283.393297
280.771998
294.182272
270.323287
271.489820
284.332790
260.198157
272.861492
256.087138
265.984212
255.882095
250.917668
269.134099
266.733325
251.648962
291.627071
263.147257
285.601136
294.407354
294.469173
292.922951
291.938092
287.669077
292.479574
276.783665
286.303766
270.294543
262.422219
277.219697
264.359721
289.446217
275.988843
286.207912
310.772365
275.013930
292.487164
274.617276
265.544651
288.501670
257.103972
265.439467
267.464708
253.909480
272.609591
247.448842
247.512367
274.205186
248.579801
272.052835
248.675215
263.659613
266.989018
255.316381
255.978689
255.497479
226.312263
251.923060
228.905727
241.414045
237.655295
229.542521
230.029278
221.377293
220.196378
222.246972
207.635725
232.417228
231.381440
222.802020
226.713270
204.931635
231.939976
232.217456
210.618885
213.410056
217.103313
231.602490
236.101647
234.733935
264.013148
259.943379
271.616259
285.192429
249.997307
258.960531
251.849318
233.827242
246.869872
220.066932
240.708508
219.688960
233.162600
251.039720
238.661114
255.227353
260.541868
232.482078
250.355589
228.854512
238.122774
246.661254
234.675806
243.339935
224.806101
226.211189
251.312616
222.101764
236.295645
217.526346
224.887875
226.644227
214.514230
201.676718
205.266153
198.915555
217.453911
209.436077
233.655166
231.750389
221.444172
230.681681
203.155955
214.004574
219.182685
210.680697
233.722614
215.194658
232.686744
244.410944
221.736584
246.449739
220.303381
229.767364
235.886693
216.738306
223.986282
220.372097
207.200684
223.321833
193.284666
208.852063
192.226366
172.262248
165.278420
171.975790
168.402254
188.310188
172.580753
205.096954
196.901807
179.045420
198.119368
180.615061
191.813251
198.586006
206.462681
213.393377
200.524276
225.059404
215.203474
207.796705
207.862293
181.824003
195.883814
200.931587
176.152196
202.085388
213.797477
208.685928
219.858011
204.161543
222.962141
213.709025
218.158804
245.993131
236.598167
239.732621
242.420125
217.471119
235.106972
206.414948
218.491471
207.796863
197.936556
208.487852
204.492205
220.816501
211.334526
196.039853
239.999862
198.081459
212.804688
203.992032
197.521818
212.575326
208.040292
215.920443
221.298803
182.948987
208.317732
187.749905
190.012878
211.649596
189.802351
187.528021
193.196554
193.017543
189.993533
187.612684
191.283570
195.823682
166.542019
191.133808
170.334946
188.805754
193.863314
193.262699
210.281298
197.140174
196.867053
226.132628
195.025701
224.423885
212.358332
200.506408
201.437144
203.082713
198.572907
203.333726
191.671823
215.014696
217.508292
226.573377
224.968822
229.234150
230.517803
220.534117
221.807215
241.205855
220.969088
235.650286
227.255712
229.946990
240.525960
229.383839
245.833978
255.830902
259.475609
251.143556
239.751645
240.424707
230.823203
213.846073
250.933842
228.149593
229.477385
258.920994
249.611011
263.434589
241.121825
232.313342
247.606469
217.686720
225.857723
204.878959
204.948573
212.859748
194.945791
199.890278
200.486485
168.739464
207.497993
186.766290
194.707584
198.473569
202.333184
218.113506
212.849058
211.712548
226.791861
214.478089
212.121585
199.292337
206.090044
201.220330
184.633336
200.159300
199.149822
195.745801
202.312651
183.980674
183.734987
184.520894
174.345895
202.321252
188.454601
194.608311
186.261560
176.400670
193.495040
157.445540
169.194818
183.874213
158.491280
191.840503
173.520947
177.633861
185.885720
191.748182
177.079941
181.046558
170.678772
195.109327
170.153835
187.394974
171.163686
149.667418
168.415071
168.649217
172.286907
193.644877
174.490930
193.488645
189.782805
192.664681
210.765695
205.116140
222.282959
213.061868
204.516110
221.582911
205.307834
223.562264
219.123735
187.266725
199.340118
170.245444
175.051546
173.165591
162.600438
181.860018
169.598327
160.673593
174.461718
156.414060
173.288868
148.368677
146.778590
157.753715
135.684962
143.644676
141.707064
124.817962
161.262375
145.314518
172.128285
177.370507
172.070700
189.638784
196.310905
191.566196
207.405923
182.162313
201.476802
181.721155
201.177455
212.324221
186.151511
207.268768
201.359473
191.173218
227.649683
210.175782
222.970596
218.729591
200.942454
214.595196
195.046458
206.344480
202.376281
181.869571
203.221723
200.577869
190.649588
206.713986
192.074205
229.320067
210.080134
221.049078
234.650489
224.317086
243.692010
240.665975
210.681423
243.459950
209.803603
242.006539
235.176659
212.266107
234.490286
225.172727
227.901293
250.548969
238.883645
248.199332
247.592562
248.854240
253.190227
241.995772
247.325623
241.399530
239.876949
253.378275
234.528289
245.768426
231.320184
224.488648
242.851524
232.016420
231.002742
218.260555
206.621278
212.049878
211.660921
202.495343
216.339907
199.406038
216.639858
208.561857
211.255775
214.751522
194.565540
204.728736
188.743865
178.336373
200.431081
171.216156
187.436632
161.508183
168.335322
178.462272
173.427022
173.215687
191.656567
177.176016
214.888118
199.081153
195.721102
219.051721
206.510421
219.211373
212.586280
197.371021
207.153158
184.683240
188.052496
188.610199
186.565815
215.403020
195.723283
227.095805
242.246315
227.614456
252.280463
235.365643
255.630879
249.951662
213.522750
233.922316
217.303868
235.087371
241.941455
234.432267
260.012388
247.352173
238.377500
261.580304
233.167817
245.749371
238.882752
227.812754
234.708820
230.755834
237.263801
256.541745
240.655617
261.228893
248.487118
243.702343
222.321619
214.407199
229.849866
233.139961
240.058877
257.866007
241.254290
261.921884
260.129917
253.252127
269.817322
233.991348
237.097724
240.028753
230.843995
251.872911
230.275209
230.411244
243.498360
216.050897
249.933676
226.687178
240.579694
243.630808
230.187531
237.161509
240.271564
231.219536
254.084629
233.966003
250.889350
246.812654
241.931815
247.970799
237.533574
237.737311
252.468248
240.302421
270.446485
243.520226
264.820993
271.062183
256.852966
256.892300
252.736333
251.917876
262.914453
236.814355
248.665410
233.262773
230.178565
233.310816
225.336362
253.252343
241.770085
238.699977
252.495906
245.275199
265.705348
279.213458
257.066989
299.121481
278.633227
296.166162
303.192674
261.290261
267.530438
265.960911
258.632245
263.620674
247.650301
271.221180
262.995251
264.817646
271.206287
272.089578
283.818066
264.871629
258.314794
286.940356
263.131392
279.711623
266.953333
253.511481
270.867416
264.220153
240.231127
257.242707
228.326466
253.869139
248.712037
214.885503
224.419509
206.939877
205.156087
213.164910
194.619214
226.630270
211.570241
217.747408
244.437877
202.051949
222.658289
212.525988
209.574650
208.896113
198.535353
210.511018
216.868931
195.033144
220.710577
202.505529
227.023357
227.127842
240.182781
237.733165
237.076167
252.294548
259.839211
252.309893
283.014110
256.301819
274.697296
283.486857
274.750472
288.838513
289.789228
304.997368
319.257275
306.955276
325.413378
310.480447
324.506817
322.577150
304.457488
312.801956
308.813856
299.400179
310.736104
285.701480
302.751619
303.935834
279.532291
311.939095
305.428727
289.566289
293.748308
282.512260
301.646648
302.872352
303.549708
317.112819
295.029013
320.777589
310.766560
307.997938
306.231867
278.275680
285.316026
289.105431
267.051283
286.260699
246.904277
255.019736
250.112060
243.640541
251.208331
240.233618
225.200523
235.103562
234.772242
250.461727
240.669633
235.002135
258.814504
247.125896
257.009196
258.357757
245.859938
261.669572
242.936208
257.335318
261.789194
260.817068
291.317008
270.791488
274.186961
291.715856
276.866491
288.204754
284.879168
281.859999
302.392051
293.521121
304.341704
286.206182
287.550929
288.075220
277.900760
291.997216
305.185835
289.568434
308.260494
275.498654
289.747535
298.000360
274.198249
285.946427
276.064569
270.017224
276.431040
255.359616
272.300687
266.653471
267.984818
267.628915
263.222153
272.361026
257.165951
263.318948
274.633542
264.320511
276.128687
253.637597
257.722602
280.358322
258.829868
256.392504
261.907670
258.170496
252.220077
237.683964
235.321008
256.217801
211.902898
237.406524
231.943001
242.547112
258.022646
241.877580
267.818838
273.386865
257.070587
276.774206
261.940216
233.062778
243.201237
238.553138
246.427691
244.418750
252.626996
254.707321
236.725837
261.280347
241.521332
241.893287
248.648270
221.718336
254.126373
243.953279
235.983782
249.266758
228.744172
252.695957
243.990143
251.900235
276.340132
258.402004
264.276893
264.920571
251.900807
257.291568
242.303377
240.112232
261.232395
237.181392
270.070932
244.648973
255.176403
256.470966
243.510897
248.369823
249.158114
242.259134
259.674742
241.305637
263.479510
229.886818
225.406640
229.527788
228.605185
231.884706
251.846538
228.738177
255.799247
244.844604
252.592160
253.528735
252.527839
261.226438
233.678844
224.048053
226.270347
208.696888
223.859014
209.402921
206.178935
216.298037
189.724456
202.034029
199.278725
191.539689
212.211368
214.528306
201.408040
206.736216
204.035096
213.664119
188.326649
197.940395
206.235294
205.000957
219.815687
219.978053
207.307426
229.383476
205.690209
224.780046
212.564772
213.058332
239.905304
238.250592
251.032756
279.311689
259.548448
282.238860
279.914764
294.985170
289.470153
290.316464
293.540681
289.819781
281.641084
279.555620
260.821820
289.106146
283.370955
267.504556
275.757993
265.297020
266.630441
272.572764
266.091525
280.855214
275.323332
283.699134
295.186050
269.398534
287.100229
259.054822
270.375374
283.692538
268.819069
285.908253
274.213752
264.931972
283.500188
260.733729
266.966131
257.086375
255.091411
275.532864
260.142560
246.791280
265.501328
231.136637
245.442168
222.480571
242.580161
246.340719
229.309290
228.100751
211.856169
217.482225
221.224685
203.431439
211.766351
203.104374
201.702267
209.249078
202.890174
216.915502
210.176839
190.288220
222.231515
199.388733
207.141321
206.797710
196.129216
226.586377
191.950074
197.936414
214.983370
202.911035
222.450578
228.821819
228.606903
253.576523
243.894487
264.638593
255.015292
247.502978
265.946395
262.997467
257.540563
262.882352
261.898656
287.517978
253.182572
273.177443
270.739226
260.618798
267.332037
263.203779
256.966114
282.368327
263.224344
274.265650
261.361402
265.724687
263.589446
261.981080
255.862405
261.256267
250.719075
263.421216
245.847774
266.799271
288.077816
269.758623
320.228712
291.029344
288.927895
312.121311
293.583803
310.373615
308.200154
317.552671
330.857267
308.533577
330.690378
326.847131
339.266843
338.449886
333.278614
335.779081
337.486276
303.200806
334.872323
297.402206
299.205649
298.879135
305.498719
320.001575
294.370974
310.753562
321.530392
311.880717
316.432966
312.391264
318.904267
312.983866
314.993888
323.940101
310.765232
290.895155
288.901466
270.107518
269.416647
263.398164
259.834536
282.095554
283.255835
300.425720
320.973950
318.242144
336.355703
329.309190
339.523078
355.249738
329.074461
335.609001
324.724354
329.321493
333.928238
324.711736
324.013898
327.619707
301.930848
333.336647
312.202692
337.540807
320.357786
310.686597
316.769858
298.052019
299.724736
324.026657
293.005126
312.533105
288.358598
289.235771
313.815146
304.636044
319.751974
309.817734
306.251259
336.807224
323.687451
336.062192
340.979204
341.253668
366.007234
346.047331
365.985630
363.980540
331.699628
354.361065
338.272195
331.644047
346.871162
325.882585
335.911072
330.221096
324.917751
343.931442
332.788427
338.110573
358.652272
345.555403
372.766008
330.263678
349.823258
346.899535
338.294009
333.536008
321.043471
343.824375
344.278982
311.210417
347.652457
338.312045
339.688296
345.890323
338.633136
365.785800
361.919862
373.270779
383.889165
368.682185
401.272901
389.714394
397.926573
408.740077
407.047435
421.246333
428.592412
406.774688
408.635954
381.847760
379.911230
373.565215
361.378629
375.294261
362.824798
377.406551
382.107908
371.653945
384.092719
373.003382
362.846677
369.579451
338.531912
357.201610
331.819734
304.277250
318.635410
317.786956
323.191046
341.419035
337.468817
370.372653
349.660597
362.270535
356.567932
354.545890
361.968330
360.163284
350.467589
386.349926
349.601216
348.430086
337.711135
316.355287
325.852525
326.823281
341.090108
334.420638
317.358068
340.348377
317.887374
332.606218
342.714119
328.353859
354.086890
343.449687
335.421800
364.063070
362.810057
367.620020
356.828357
337.875372
359.584473
327.010926
355.954005
340.925446
344.868213
346.155291
338.943106
347.249671
359.821282
327.315817
360.092225
355.016463
360.747998
359.277853
351.484665
361.996019
345.316644
347.927199
361.493774
332.560866
361.034895
344.132645
352.335236
357.422765
345.033752
354.559705
348.048639
340.845339
345.943298
297.669833
313.101478
306.363825
295.232813
319.932442
299.186263
294.486005
291.216084
275.688421
282.981536
284.915290
270.397463
304.161973
283.740344
298.086715
297.442511
288.298326
307.025394
300.606619
305.725076
303.307059
290.460064
321.013950
285.461863
298.178757
285.741759
285.165195
292.391371
280.158712
268.943892
288.871830
265.146686
289.588609
276.116206
255.530412
272.914079
269.515084
280.351615
288.437477
274.654414
284.271021
246.626478
242.274183
245.826342
227.591945
247.743577
231.603333
243.502535
252.790716
221.527567
245.373648
227.652146
219.452028
240.753923
208.979789
239.747907
217.424841
217.208585
235.626514
228.168728
235.857993
241.950649
233.486897
243.750988
218.482792
245.467029
234.111595
225.217103
252.255810
228.660054
231.823160
262.880171
236.379816
272.719168
266.134224
259.302864
279.910456
272.068028
270.966023
274.957942
252.061327
281.475226
244.262373
257.949118
261.130021
245.768983
269.976453
266.058086
267.371226
266.640672
266.204201
281.429295
277.334755
275.828127
287.185681
271.067643
303.515308
291.450952
289.724715
303.068605
295.899308
299.841927
314.999059
314.157426
335.473572
295.250559
312.899346
293.778161
283.218427
295.372434
284.083024
276.593445
300.145143
279.448420
294.027967
273.826605
283.602471
283.531413
264.203850
267.089134
270.841382
242.273663
241.295328
230.224596
238.445409
233.771481
231.844077
261.532149
242.211211
249.014565
259.898856
253.215092
272.965156
266.193973
245.697589
254.294547
231.516257
246.256612
233.219407
232.020652
238.020354
233.268655
236.760122
240.983490
226.282812
235.462708
230.087245
238.251760
226.067572
211.693194
217.783320
216.357112
210.172932
237.325512
208.930078
241.179846
233.355786
243.520700
256.573024
239.199697
245.277675
250.722083
229.615730
249.359369
230.013618
234.944532
239.160153
219.352989
244.582802
235.485685
228.406962
233.870511
224.905076
252.266419
241.517158
248.113255
254.661923
251.704514
259.442936
252.926958
257.303137
259.929712
250.990859
252.737090
247.861286
239.046618
275.118182
263.723341
266.943065
273.608472
264.790964
283.623801
268.586265
269.644427
270.961530
248.295179
279.713642
264.234100
272.961356
285.704700
288.842103
277.906923
291.708618
279.372304
290.437231
284.336484
285.818498
284.172664
286.736901
293.997488
273.301501
283.104918
310.035807
282.512240
316.328861
311.892263
316.185815
323.229407
298.238858
323.124821
311.189391
303.462742
292.779098
275.184740
278.500405
282.078823
264.981652
281.946055
271.796304
291.442418
280.588769
285.574877
269.096988
262.524504
281.972534
297.771332
271.638422
300.621320
286.784221
297.783697
298.167852
268.151308
287.519101
279.089266
265.220814
291.021269
265.322511
284.041716
262.599009
265.883703
284.172091
259.494865
266.377646
256.046590
253.622150
264.202119
247.170824
248.412884
264.781900
259.240054
274.479306
273.748599
261.574747
268.823734
255.725765
267.389542
265.653616
254.545597
273.154728
257.363070
295.301177
280.945409
276.905739
288.799888
281.587531
283.385121
296.223275
279.536945
317.606018
288.727885
294.235255
296.903696
276.974231
292.606128
273.019232
280.203152
292.036094
256.716263
292.252486
279.984706
273.485048
282.473649
261.614121
274.195613
254.726530
245.377169
266.264936
253.966480
252.998973
266.653169
261.656240
260.107584
252.011929
255.307427
260.483580
260.418951
283.087650
286.125684
291.082327
294.315245
283.904165
311.476354
300.964564
295.111851
304.275351
288.719350
295.435519
303.299471
284.635146
320.070890
301.093517
314.430495
315.397940
312.126634
329.739843
321.223246
325.956091
339.510960
312.843169
346.860397
325.182184
336.423352
352.480151
329.178054
329.198247
338.866951
320.310535
348.789693
339.293691
353.051022
367.023664
343.227099
366.419192
351.700432
346.120456
356.164788
339.710044
340.628611
336.847857
331.511619
347.551427
330.701204
354.007211
355.553252
352.743478
377.102304
357.005812
358.806971
373.251808
345.496644
363.869827
337.280942
356.993125
352.402425
339.707066
337.888998
324.330769
325.207126
342.534234
291.854057
309.735003
298.518052
301.296390
299.501641
281.359523
294.850392
281.915366
269.240869
298.454353
267.235217
270.262838
286.824504
258.805447
259.925665
253.090965
250.975090
256.092832
232.767418
254.046156
232.280296
231.508170
241.324658
217.911257
227.233726
211.043571
215.904041
216.869224
192.181963
203.581466
203.219972
183.906503
217.217824
205.788409
243.473857
246.704710
239.548970
264.678155
243.044127
228.289776
254.846944
226.655586
244.336974
223.334147
233.053918
239.933137
232.324002
249.517340
249.731633
249.461769
257.736685
244.799458
259.695415
235.577596
228.329815
232.332529
206.443222
205.543940
212.403075
189.655813
205.342926
211.268628
217.335747
221.038150
204.227445
230.409400
215.102480
216.807133
223.120446
205.000937
221.647955
225.190016
197.223541
226.770039
218.401589
219.327649
211.694383
219.278525
231.414587
228.087880
233.013949
241.224543
217.522636
232.735517
214.535410
226.250825
236.580307
215.469448
235.254006
229.673391
211.520911
229.798700
222.055639
248.169780
234.094509
243.454045
248.527506
236.381535
226.593674
221.314936
219.880131
229.971687
241.252673
243.401879
266.884579
248.902823
259.777409
248.946440
252.577251
268.206191
261.818543
272.257741
277.326470
263.900663
271.852286
252.368822
268.912721
249.008520
257.064180
252.360117
233.438562
242.973473
259.474508
232.379908
254.314196
229.656401
235.076485
226.777108
218.390648
238.385169
237.676971
219.334289
233.594577
221.937223
245.494791
219.436827
226.791116
238.773809
214.724560
228.820128
257.707054
231.772037
240.360680
239.877003
238.207713
251.900567
243.538245
258.619437
246.665942
241.233331
253.502124
238.946291
250.446657
252.846141
251.937303
273.391640
256.169057
286.533778
272.728045
270.607112
280.854540
267.715138
263.152633
259.075694
232.411784
247.411384
250.040541
238.705487
237.318433
239.611587
240.327014
220.226261
216.936561
233.722317
226.441153
235.015105
219.311930
224.436971
243.331492
237.461828
238.366872
234.890665
238.396711
246.969723
231.199386
243.379225
240.210404
226.773752
251.623486
251.048569
252.586652
266.629204
244.631234
263.680293
268.655199
266.446053
283.882349
261.899280
269.323864
254.247033
253.838115
252.051472
249.301440
265.107972
261.757188
246.134657
271.059332
251.455670
258.750254
257.396855
246.672142
249.796490
241.610938
221.680617
236.970298
220.479206
232.247894
211.289835
205.398223
229.875532
218.100739
229.525773
243.425815
236.643733
230.531341
217.250255
233.412691
244.134747
219.417697
217.234524
209.141004
200.188353
196.939093
187.858724
196.069603
178.941381
183.071857
215.097466
212.254344
238.284481
231.860534
227.331816
229.234907
236.209267
252.414450
244.883768
226.643534
239.199360
237.708349
245.402637
251.466961
253.185921
261.125517
239.787581
244.180762
261.973189
235.455609
251.197810
239.693636
238.430225
241.123313
239.402841
239.274387
242.383220
224.154545
249.294145
212.932420
227.110488
232.515585
221.631088
227.209511
204.388931
212.828944
224.945336
199.215861
217.375770
210.940794
224.590171
230.452593
208.459462
245.616861
228.883105
209.220493
231.072767
209.534414
233.058383
243.484762
211.053101
239.803190
220.252152
231.000541
244.470701
236.694356
236.240267
256.278665
260.965464
275.620182
254.197036
268.221493
241.747863
246.193285
244.359592
226.701915
234.101575
230.773361
207.297964
217.096503
201.250907
219.487051
221.676315
202.528950
230.417731
220.346202
214.466042
227.432585
230.522841
264.062240
240.263660
237.927610
269.586563
256.890063
283.177289
275.644523
278.883077
282.543191
271.773059
291.691376
294.643003
257.447217
278.132779
240.772501
274.460738
262.080672
258.639983
272.117875
252.010754
255.318672
271.044411
235.571110
258.335485
227.416924
231.690542
235.045115
211.218747
217.529588
218.992427
211.780799
228.465892
201.998901
214.762019
217.923055
211.319812
234.673745
226.327083
234.536702
228.905358
206.027915
227.351875
227.467111
226.867898
225.855435
206.945213
234.086291
200.472536
206.307833
229.224828
213.188422
228.698586
228.931485
221.721082
240.857259
197.085256
204.594075
202.636366
191.176530
206.368605
197.598924
191.575196
212.649590
210.904059
225.729302
216.315930
229.291513
223.749032
213.909289
221.197619
206.316568
198.984390
231.666812
214.289704
237.595623
246.400563
229.280484
229.329066
209.194787
211.485691
213.221076
194.782459
198.413371
185.958354
204.525709
216.602746
199.056788
222.979958
208.879101
213.559799
215.052246
205.148556
231.891640
216.887872
182.554103
207.061749
190.457387
194.531660
187.044646
187.392850
187.047006
179.362726
177.103527
192.813042
173.307223
195.170247
179.821689
194.752826
202.613715
195.183732
201.203720
202.099578
195.646913
221.118334
206.997590
226.578404
222.803281
225.732822
239.809975
221.768834
213.298076
218.240389
209.960888
221.734395
218.067164
210.925846
213.871393
183.199102
193.426656
172.579786
152.030706
165.343398
165.189574
182.779602
173.720068
169.331901
196.454310
197.203143
212.059024
204.627099
208.759120
223.902978
225.970368
223.265376
229.606841
209.685285
245.754568
241.382375
252.113635
265.798285
262.148191
277.351580
294.119662
290.468424
307.977626
287.792777
310.857593
306.803561
295.357707
287.370329
272.762312
278.626756
288.324969
269.138042
285.046225
273.162743
278.852728
299.739642
285.363349
300.870385
287.934151
280.431962
275.946916
242.322070
267.414380
247.702250
244.593133
251.971725
224.754818
240.934522
215.408593
204.364990
210.050098
215.535593
217.389648
226.098625
199.892181
232.912296
203.717422
219.219878
220.970812
218.322809
221.181744
221.647292
210.720552
226.140898
201.648911
210.924722
199.135657
200.666853
219.940220
188.553366
211.976669
212.246438
199.784942
235.745309
214.904338
217.896952
228.025089
211.336872
244.360423
222.138033
220.062511
227.296460
224.425417
232.990283
225.705309
217.903974
234.891123
224.307951
245.103086
239.781556
228.823042
233.613672
227.983563
233.116692
236.662245
207.364515
235.915096
207.870362
215.094763
212.797795
228.123861
232.249996
222.669214
203.368161
210.816853
191.263147
219.360098
208.151484
215.604556
208.993630
204.650520
209.811121
192.311984
165.661422
198.589381
169.893152
177.102330
183.769163
168.915650
196.654602
185.001115
186.445537
198.341132
196.406510
211.511383
201.343345
200.956402
204.278066
177.590066
185.132183
162.489339
155.038722
171.384139
164.826461
157.225803
163.601087
139.777967
159.125265
143.159086
167.458674
175.435191
159.410168
171.921373
152.794200
144.530064
159.268169
124.802830
150.281280
124.075783
117.179646
128.097836
113.729687
119.707422
109.073528
94.383054
123.080736
108.040689
111.197485
107.400467
82.775852
98.540219
98.613103
93.775219
98.355050
78.952751
92.621204
81.535739
90.313828
101.306646
83.111275
118.392982
106.944687
116.907137
121.097051
119.346424
144.964119
149.681383
149.831821
190.843301
166.489777
182.466952
178.835537
161.142549
158.565440
153.124755
173.501186
186.307072
161.279304
195.305400
180.879993
191.816923
218.430722
189.723320
193.807931
192.246260
198.158452
219.901353
191.765711
202.355968
198.346556
189.398506
195.511584
192.390000
193.192971
207.738029
175.449742
171.553792
152.748661
149.732369
168.547116
162.935077
166.649924
154.755836
159.405314
179.933057
178.801775
183.628286
178.173665
175.148587
208.702899
199.983678
214.725972
210.272545
208.486959
213.745895
203.809440
200.374622
224.835862
197.807455
218.694581
184.886311
198.208035
204.930291
206.508363
222.749102
211.613118
193.849435
210.271254
199.282996
213.154274
219.717209
197.868861
218.102757
214.544774
213.739395
214.328805
193.388560
215.721687
206.839629
221.113695
237.737264
230.618691
245.038986
221.525232
230.607449
239.685845
223.208208
230.270422
240.788454
219.797151
240.096870
207.898483
223.644869
218.762968
219.414647
245.589262
229.310853
229.772690
241.262024
222.508932
233.013692
226.424681
224.469676
239.463052
237.888936
254.996502
251.776075
239.615252
256.696961
223.763214
243.255508
235.447222
236.026978
246.784752
229.443063
236.592102
242.364217
232.250842
246.685442
228.355056
244.837388
252.116750
237.204494
248.676108
232.760308
243.018414
266.941160
252.272789
245.444901
256.435169
253.467634
269.081620
248.979192
265.101486
260.147579
257.646258
264.478348
251.906691
258.372914
274.811683
264.861725
284.071112
267.547446
282.658146
285.733838
276.252722
283.016703
283.650486
273.454203
290.104446
265.426709
283.067509
275.063024
270.649412
288.922445
280.613979
297.505626
296.845673
281.703374
304.734669
294.192416
300.922602
298.633875
293.099628
309.314760
288.680510
274.040453
288.253191
276.201038
280.505693
273.305229
266.941624
279.903338
260.924604
271.740981
265.014698
272.398119
281.357868
271.123593
270.374335
279.151518
269.933657
286.016264
253.427915
270.864431
256.724029
262.252469
267.028101
242.826964
250.211812
261.579806
246.641798
270.655676
243.195096
254.356425
268.830819
247.898824
254.861829
250.810086
229.623257
248.939900
245.235272
261.380547
254.241549
253.376202
269.208524
272.982535
273.315402
262.762424
244.387641
261.276835
256.977636
238.832449
259.513005
242.133077
262.196255
250.724244
240.569169
244.001713
226.854869
237.229322
234.014892
199.870007
218.389506
196.629055
210.915042
212.703502
207.106487
236.867339
242.664090
243.396788
264.258183
245.205617
266.614343
258.800909
252.910332
272.538685
260.236697
267.590858
275.027260
265.638788
277.207932
262.556230
280.252572
282.953640
273.355958
278.732572
268.940318
274.337596
296.271108
255.025290
290.465139
276.788608
269.330302
279.549775
268.877061
283.791329
254.849253
251.180851
274.082401
265.037987
253.619564
270.866227
247.524309
268.863901
241.465621
241.129919
240.418142
229.216897
258.394510
266.412344
261.595517
252.412716
230.156758
264.541744
247.397200
251.855933
251.837287
258.342441
279.190205
275.351699
284.028662
287.408205
257.027642
275.610861
275.344663
247.085012
269.117206
258.041549
264.682729
278.048145
268.676581
302.872856
290.726801
307.078589
322.030682
300.772203
323.235509
311.485072
309.067375
314.509208
301.670178
306.821633
321.728957
303.553177
321.002091
295.167763
308.232915
307.424998
288.304849
308.051564
296.019541
291.595219
304.499506
292.231211
330.125874
307.821797
321.749891
328.375396
327.089745
344.567066
341.087524
318.203274
338.349029
307.615394
316.198368
314.463009
299.105249
318.131380
288.117260
279.379180
289.542369
262.702146
279.702493
263.899006
267.186335
255.727254
236.782775
239.463026
220.173417
208.169747
227.567135
203.034516
204.146861
216.709482
193.148734
215.066843
186.691041
200.705169
190.234126
195.385158
202.280103
203.478747
214.255239
232.037153
202.728563
226.141113
222.606012
215.852048
229.300115
231.258176
250.612408
261.228745
244.263566
251.471892
242.295460
256.845496
270.701381
280.935496
292.730965
285.006348
293.515129
304.474517
302.559757
319.487470
299.545108
292.235192
285.175635
265.693424
287.873823
286.333909
279.524804
291.719097
277.055819
289.139801
275.848081
269.642200
298.251681
270.318929
281.803686
280.211497
272.211714
272.110121
258.067940
253.664563
266.537897
247.252986
258.605068
244.917715
249.569236
238.896091
226.043767
231.625039
237.927040
236.668479
236.270697
216.339007
221.284033
206.605186
209.373717
213.164818
210.788980
193.832752
209.118838
186.756513
207.175165
191.476607
207.793040
221.440042
212.540681
243.221982
243.701043
248.497630
247.919678
225.386494
229.587249
211.339075
192.118816
194.440845
175.420185
185.743956
168.511454
158.195914
163.641410
168.123181
196.080829
202.199741
184.645804
216.473670
209.510296
210.349744
204.092632
197.001267
207.133538
201.978656
191.402323
210.097399
188.351238
197.748281
206.267848
202.796858
207.394544
197.718681
202.183351
195.289847
185.174707
196.564466
180.031433
199.591204
204.813514
185.680935
191.776510
181.773088
167.292212
180.529568
169.878397
188.311956
178.807066
195.328991
185.019248
165.887068
189.224301
185.972295
187.679166
197.175755
182.808174
168.234975
182.428824
166.525676
192.749687
169.023004
161.602476
163.417381
151.940168
161.098024
164.057217
158.979009
181.705257
162.180203
188.942507
173.270234
170.968054
176.926898
157.814971
160.263639
172.191650
154.616558
167.319559
150.918817
152.135796
160.087020
149.944816
168.708358
152.936052
178.894865
190.920560
183.553153
201.493285
184.911973
191.179397
205.471244
179.040317
188.376301
181.235960
168.999564
165.250188
153.584024
155.395934
158.474784
133.225268
146.962680
129.555367
132.522496
119.736112
110.773560
125.352766
126.376044
131.591830
136.618444
127.198805
155.624166
147.031364
149.038649
143.264009
142.151474
160.927226
153.063933
136.203121
159.839669
127.573630
140.267026
144.190081
128.854232
136.742851
127.554621
133.662108
140.142823
133.296216
148.412497
132.687480
146.048111
155.799057
145.610312
173.255097
173.707186
158.012487
158.575713
162.476442
157.126535
160.369521
140.937242
159.262840
145.311243
152.957820
171.823491
174.364585
192.467857
176.509764
182.564691
211.477984
189.249849
197.337421
172.885203
170.610654
174.743766
154.839965
153.229378
167.560669
159.960949
187.266880
155.204449
177.731835
196.400254
195.509151
200.884432
197.228605
189.369628
194.921630
155.064637
169.108281
169.331232
166.651309
169.529577
163.373539
177.613133
168.150142
174.385263
187.563567
173.179667
173.555467
179.332291
148.627647
160.989633
154.888425
172.197226
168.419638
148.171013
160.767173
146.219847
143.697923
157.859497
126.597439
148.249864
131.241476
130.962758
132.270137
124.975763
131.720636
146.849452
142.621322
158.009168
151.490790
162.979284
161.718175
150.724371
157.211105
157.298570
161.761648
172.995419
158.772808
188.928175
185.333189
198.257960
205.946588
177.628802
186.367131
181.949122
183.220217
179.360325
168.031199
172.448806
176.634754
162.536316
183.716605
181.791725
197.832327
192.405564
189.481321
202.906830
174.398361
170.198523
194.106326
167.260860
204.849692
196.562493
198.991019
191.900873
194.826062
180.205996
190.488635
171.442878
184.318931
161.111706
165.661167
164.703649
177.877549
187.008986
176.669609
171.209356
182.932848
183.117301
188.391227
166.612787
182.857020
199.592160
191.493154
207.156379
203.178899
200.244165
212.909719
202.151276
220.034694
218.332196
215.608574
229.813298
203.280442
230.417465
216.976342
214.480346
224.975931
216.242902
217.053124
235.047295
224.565374
246.505222
249.064459
266.804450
280.340390
267.124979
285.864741
293.642598
280.645770
298.305217
280.387026
295.238416
283.867233
275.953994
262.960432
260.608329
263.980993
272.740073
273.296794
283.352604
273.769090
292.849653
288.383343
256.729757
271.459741
273.276434
267.625360
299.577238
273.313849
277.638186
283.324322
277.865807
286.774219
263.598552
278.334025
284.667126
278.972741
271.976998
274.489738
285.233397
292.559983
284.357648
308.514744
301.619306
299.037427
304.875699
307.742635
293.533297
302.383165
287.515741
314.269958
293.363841
315.215917
318.044320
323.652484
334.516079
332.162995
349.184845
363.489617
353.658374
355.693325
348.056940
371.218274
373.381113
375.759940
388.279621
378.904903
384.381587
386.548285
367.734038
373.993906
361.929300
341.039919
331.917150
325.091315
338.939159
339.277096
338.454000
340.051295
333.476040
339.760888
349.794514
349.731641
373.903812
346.664663
346.587298
344.372829
320.173800
328.609863
332.646929
296.926616
306.804702
286.493631
287.704272
267.536580
257.883383
264.234155
247.567605
256.271126
259.181373
233.695192
237.049817
211.698164
227.090243
222.282508
211.163359
229.445702
238.466040
252.123014
266.729930
258.653889
272.573190
258.772627
248.842228
266.880493
244.698393
255.374475
258.347176
252.591255
258.646726
259.743171
265.284075
263.257912
247.609151
271.345922
246.400730
267.326336
268.189884
267.893616
291.310654
285.440431
287.140030
301.468707
276.059329
296.243318
273.574222
281.483760
297.300347
288.134137
298.276842
294.348184
289.141649
315.162074
276.607191
287.598153
270.762410
268.124912
284.136983
270.575419
262.255530
259.604372
247.250030
255.402276
239.298791
233.623754
234.830152
207.485863
226.329962
227.402766
216.014452
215.683724
213.667950
190.731995
193.047838
186.907597
214.710044
201.367865
214.830680
218.632085
207.915233
218.177427
217.193023
214.005507
234.157323
214.127352
245.430776
223.828042
224.984637
234.709055
219.953512
229.957629
237.107425
218.086661
248.458795
224.260767
234.800845
227.728586
224.433719
227.223561
220.383615
228.442979
235.586411
221.086313
231.054464
210.150213
207.231700
214.599675
192.786521
213.599602
196.464576
190.120315
201.446036
189.362165
200.628093
202.415299
179.672654
208.408863
205.617171
208.752516
214.767602
214.843246
244.717110
223.576289
219.238095
235.661409
220.085942
242.495816
223.781185
230.536636
246.647701
236.247579
230.038325
226.032773
216.530052
232.216337
218.803838
232.411015
235.264059
226.645752
223.535449
227.508054
227.911563
246.911819
240.972186
275.129379
265.119084
265.274851
294.058936
287.559846
292.789731
284.934938
285.868895
288.727282
284.491534
293.434675
284.074577
283.722214
302.708625
290.194600
305.567830
317.633537
312.260232
330.597155
317.745787
307.765179
330.073309
322.583707
351.881465
342.745018
362.529579
381.676390
370.014777
374.436202
390.739325
379.050822
400.755668
372.878003
391.312945
386.028018
377.017001
382.969605
363.540449
367.013324
382.296669
376.479437
380.646067
359.536804
379.566297
369.886552
348.340900
361.899420
347.999019
343.784195
351.149586
334.097867
348.184481
354.239726
336.678760
332.774258
314.143406
325.044826
326.686515
313.338598
318.522364
310.690521
298.667388
301.978144
270.381170
284.534128
262.738291
264.562822
257.589748
242.914854
266.333042
262.260193
258.875575
280.768971
264.998511
278.089435
285.205734
280.071469
286.755123
272.758538
269.604012
281.713047
278.679072
293.241138
272.149409
302.067361
301.323990
284.101198
301.675112
292.960543
286.090308
297.176635
257.175589
261.553773
259.542772
252.273140
274.051628
242.306044
260.953025
253.316830
243.327594
269.594182
255.583413
252.326027
262.467275
239.720851
266.323486
248.914555
259.211807
272.686138
268.429598
281.100799
270.573009
261.751752
276.598286
243.455466
249.210925
230.941619
233.633321
240.945221
236.130274
254.839461
252.367397
248.524900
264.263794
252.686355
274.984770
270.045315
253.320269
258.965614
253.451025
246.648287
257.116163
226.627907
230.389213
210.233808
199.363071
198.111199
175.907411
199.106890
192.266395
186.119352
208.895083
197.622798
192.400778
196.483201
190.532141
203.869501
176.773194
196.417382
182.995409
177.627568
185.697255
182.751687
176.389658
194.436075
159.821430
181.324552
179.701720
184.621371
206.497700
198.629120
191.262760
197.781356
171.628177
189.018977
173.083795
192.808045
194.780931
182.273181
199.300107
198.976479
191.555845
192.256813
187.904052
206.590983
212.241740
200.947731
221.174786
216.952902
236.321276
231.175226
231.451123
235.221579
224.007234
237.476152
230.826641
219.803424
239.029211
209.303240
222.761610
214.755204
216.950319
202.437760
190.212668
176.873386
178.709469
154.586543
184.833197
173.346256
185.109795
213.254840
207.254633
225.727082
229.765482
223.999288
233.402210
212.863783
218.261642
207.293352
197.436128
203.054560
208.481788
189.886238
196.742223
186.397520
188.908011
176.453912
165.974635
161.532606
147.366998
159.588428
145.605733
124.277464
129.914264
116.749817
129.807545
136.045271
134.024386
168.760367
131.026045
130.132340
133.503930
123.787617
135.257582
127.973675
116.221661
136.397502
118.382049
139.670309
111.097167
108.550615
121.550567
106.812189
109.563064
111.015703
98.681985
116.906813
73.428442
99.379255
103.917831
104.565045
110.821628
104.245630
102.723881
112.984087
102.051372
127.453501
122.031345
142.135704
156.947451
148.671156
166.367215
168.214885
170.031852
184.199491
178.556730
184.717775
199.688122
174.778996
187.254860
169.100901
175.482062
175.544558
183.602687
206.354820
221.129582
214.892311
235.130407
244.620198
268.074330
260.549475
275.341841
299.683971
291.835102
300.625929
308.229989
305.465750
311.182095
284.540224
311.938836
306.985035
310.772455
321.713783
316.940645
315.252051
306.184581
289.096407
303.022266
295.829956
314.313465
298.364891
283.061097
276.506077
261.864218
257.443618
258.954280
242.849038
254.691668
247.016628
245.278298
271.403582
258.589414
289.577366
271.639614
265.722839
271.311886
252.654225
246.753897
262.340919
236.222866
253.284496
235.339157
256.032554
248.033786
228.549674
260.529740
256.951483
240.135757
265.555588
257.351188
262.385527
239.870777
233.451988
247.324810
227.609651
226.308603
235.845499
227.969987
252.377527
235.581387
245.866168
244.229901
233.198801
243.959087
229.857223
224.077015
236.199942
195.130721
219.849636
220.048131
208.102812
237.509351
215.922591
229.079259
218.705091
204.672792
221.382694
213.562879
205.794471
218.621384
201.719716
233.303901
219.099569
229.754245
219.760442
215.032830
225.820094
205.791662
205.727690
218.878722
180.307335
204.352812
192.200226
210.425770
218.378916
184.156037
195.329679
196.281448
170.883645
202.328375
177.273712
176.359152
191.933120
180.657198
193.181525
189.713843
195.110501
200.328170
186.825006
202.921868
205.646635
204.438287
222.647879
185.270744
199.928255
202.445415
173.234054
208.821397
184.495306
197.110461
207.699881
182.421581
217.813814
201.037081
208.336200
194.462878
192.799460
204.009503
203.725419
204.746474
220.617991
206.182392
234.771337
223.230764
211.502000
211.228158
204.805652
197.376268
204.669578
194.713528
212.350900
196.049102
215.039732
226.819726
219.048657
245.475857
244.178891
240.484656
252.736569
239.194612
244.262576
237.697655
225.251766
228.075498
221.218959
240.661932
219.773932
220.469261
219.289284
210.129427
225.694268
236.766679
221.231876
235.301853
216.367358
215.860317
217.028664
205.748398
218.017552
200.334118
218.883054
260.641178
209.248065
248.786951
235.870906
251.805230
245.434543
230.019549
229.806915
237.992590
204.772014
218.992726
198.108274
196.076713
203.124848
180.965967
196.066462
194.815622
210.681285
219.990636
204.725783
229.867860
209.993331
204.315764
226.059877
206.003691
200.003628
201.948017
189.190498
191.043448
172.067178
189.045641
187.597447
167.331285
205.749986
181.254561
200.129083
176.841050
161.461224
148.939856
128.019720
135.085275
157.645510
135.958775
149.242376
165.431774
140.694175
193.018520
166.324150
166.976716
189.712817
159.700748
182.906939
166.591744
162.871095
163.767540
166.014164
181.602820
180.046046
175.106127
192.473254
172.939354
199.613595
178.398599
194.903872
207.544554
182.388734
222.931411
229.082486
198.468023
231.020678
222.486321
230.478332
248.400644
231.646049
267.783704
243.325614
254.920729
246.928687
235.333496
238.701714
225.180103
240.652243
234.356272
190.862947
233.377593
225.063833
233.674071
250.956764
227.563739
249.267823
265.874594
262.079352
273.607226
256.359715
288.595739
279.960560
290.869740
290.833531
262.956925
267.765272
266.598788
247.568591
273.500462
275.477154
279.025915
286.067215
295.834964
310.050879
284.400032
266.519936
277.210336
270.135522
286.020575
282.241410
267.834258
271.244384
255.524389
264.800024
260.034445
263.383057
270.105546
262.032179
249.083885
252.675384
234.130225
256.945272
239.339664
252.621688
244.197729
225.890986
240.527605
215.613124
196.367721
233.747223
199.026989
227.614859
232.561187
229.836988
245.171211
258.006617
241.405729
248.197857
248.395955
251.896589
221.521066
210.613797
208.369711
206.947374
225.345116
208.795020
208.731331
227.564967
218.190503
234.206533
227.857455
207.466938
238.813010
227.885256
244.309376
225.503247
240.001923
249.406191
234.217009
245.599965
254.777093
242.840787
267.500456
272.613551
286.503936
290.037308
292.285307
325.417291
329.861893
315.419275
335.541604
307.980070
334.921499
303.501884
294.182110
313.850560
289.329885
299.355661
304.012626
273.793715
311.086549
302.487790
302.309263
316.850495
299.100358
317.024111
309.577745
319.970221
327.070561
307.649485
338.840876
326.568216
309.813796
321.518819
302.558993
330.369399
328.783034
330.138484
346.028166
337.926566
338.631632
332.316311
320.855908
323.026078
308.914291
315.630280
328.191510
318.480011
342.806047
349.027814
347.012600
356.938413
336.401467
347.352432
328.026037
324.243861
333.724973
309.454190
315.430656
308.752312
292.402276
319.216456
285.731564
299.380512
292.866300
279.012452
279.777190
261.505679
264.770796
273.965238
240.026849
267.270485
249.495208
246.774688
263.698174
235.856814
254.686668
256.585256
254.196373
278.488000
255.086919
265.234804
264.703726
255.188922
266.618626
239.777725
271.557033
255.696475
251.239885
268.162901
263.196345
252.266313
261.496522
238.593805
264.870753
244.773872
243.150238
262.553647
256.658450
267.173475
276.276141
258.413760
287.765020
266.716986
303.826616
293.433199
294.094835
313.223566
294.331612
305.804619
312.103690
272.413222
301.784511
280.614114
299.790537
301.557043
280.091027
295.117927
292.353061
291.027408
308.805823
280.854471
299.425165
297.039991
268.342771
279.564046
258.302159
283.019278
280.694229
278.232222
294.139458
287.684774
290.030831
293.499773
279.730385
289.397653
275.727590
279.920308
282.234189
269.322225
276.407316
293.488730
293.517281
296.026619
290.217870
309.901787
315.422292
312.827686
301.220386
309.581892
310.756463
330.128243
314.639057
344.877853
332.984773
325.206194
335.700528
312.016885
320.446318
308.430647
289.728413
325.387263
289.525258
296.468497
289.148874
286.261136
302.546436
287.586341
303.467384
314.159701
313.689929
327.487015
308.783350
300.561906
321.082726
307.569906
322.281253
305.903186
307.732983
296.397905
270.968675
277.347119
286.586208
265.181542
285.347112
267.180487
277.505943
274.545865
264.259247
284.515904
257.183193
270.318573
274.789904
260.804961
288.823723
266.156859
263.574472
255.887714
236.123457
269.648202
246.544897
238.942058
263.877279
232.945304
262.017022
247.637966
243.561876
269.449980
231.589283
250.179008
251.913661
251.385401
269.194945
252.679256
241.547563
265.908374
243.841801
267.596618
259.192530
264.290362
252.973769
255.939793
264.775439
264.254487
244.271332
271.857621
239.977167
263.546049
240.740648
221.061331
232.003599
219.899110
227.716310
229.542666
215.191535
237.143226
226.029583
241.369830
244.374496
238.665284
257.518966
255.778957
238.991153
253.824486
241.074924
272.918727
270.809092
250.224715
271.699111
261.711130
250.107831
245.076289
247.516547
250.982110
222.539557
218.381719
233.368539
216.064496
232.522312
209.447718
226.281117
230.962889
240.659200
236.117840
238.695079
234.715058
246.087805
219.170950
241.065056
236.290621
226.835472
256.593426
255.664853
240.885598
258.034941
242.788476
249.855700
224.105030
244.773054
255.193356
244.583159
274.546876
257.447661
258.471673
265.974919
248.047990
258.526359
256.696040
253.995033
275.377203
256.867742
269.387198
270.076566
270.180735
278.282262
272.770318
285.146782
264.039718
244.625607
263.317369
237.474975
236.216255
236.436585
216.348990
214.182952
218.119346
211.557045
226.085818
219.544419
253.935286
227.529072
249.910408
257.765062
245.936909
238.208622
229.078787
223.928221
251.729834
233.500743
263.480284
260.285348
254.656857
255.006715
226.491860
222.755726
223.444195
207.089756
218.850694
215.053693
207.393888
219.318981
204.598521
203.859556
198.911337
205.677211
223.128670
221.892132
223.262154
222.626045
224.146137
260.261230
239.259109
253.879633
245.708251
231.924709
268.338411
272.678504
256.423131
253.824044
235.562770
246.694391
228.637820
218.314124
221.507221
213.980880
206.113909
202.179196
186.481260
212.645643
205.099750
215.103926
215.804838
216.890986
234.967994
208.731356
218.464886
234.522343
228.351869
263.224282
257.689683
274.833485
287.415307
273.094913
302.026424
291.524420
305.470966
323.823454
305.863982
314.841195
308.800376
286.987307
292.000526
264.129089
282.582893
277.502232
270.567115
272.033219
252.984269
255.422975
244.212469
217.392698
245.947249
214.748391
224.197978
223.900570
206.777302
223.120142
230.099391
207.002913
248.902212
218.296899
246.086354
236.275213
227.181764
247.301674
237.570318
232.796903
236.286432
227.698573
243.497853
212.356080
219.152604
220.672007
211.631681
230.472406
216.902789
198.961069
217.386204
201.872516
216.211936
210.580994
196.376463
218.388495
191.815235
201.886731
206.100528
202.424692
227.500108
225.305396
200.148659
212.823135
196.627727
211.650358
199.829981
201.510547
204.559843
186.711418
196.399211
197.341438
185.127652
217.902457
203.991562
220.612699
219.292815
218.913437
220.743931
216.681237
215.252601
227.367240
204.790100
209.379845
196.424715
204.721921
213.297281
183.571792
186.114240
179.954037
174.024899
190.029352
177.492230
195.001830
190.950177
176.564272
172.926083
163.267556
165.486748
170.589129
157.745241
159.500930
155.070927
149.019573
174.625502
156.171427
167.228659
158.437133
162.420473
172.708717
165.991060
159.499275
155.589799
145.365259
146.456396
137.589543
154.371710
137.953384
141.425408
153.406422
150.876601
156.101120
150.587903
130.911073
174.791190
139.362825
116.826893
126.384276
108.481120
99.536436
92.604052
87.447696
103.312496
82.958767
96.471127
101.831162
84.797715
101.732703
96.764125
119.628628
126.016762
127.764441
143.343372
125.394633
132.391161
98.597919
81.583332
110.929652
104.731478
120.812046
119.911954
121.014074
128.562874
126.377149
121.313606
139.270363
115.379139
134.157318
134.127787
143.157223
152.150511
152.721968
157.138232
156.650603
201.965064
169.577783
120.043248
156.621590
149.515719
148.909776
159.302688
156.793496
153.513340
162.387397
145.223053
154.411533
148.116457
141.066655
141.697373
124.073818
135.545789
132.401482
112.965886
124.158607
115.309345
116.642509
122.325398
103.768384
129.961000
107.943445
110.578498
111.316518
111.432409
135.281738
130.428601
112.210493
113.659715
91.014799
105.426333
98.742499
101.324771
113.037648
114.333978
125.796292
132.702676
148.023953
157.561255
135.550657
138.758737
135.716799
136.430924
154.920457
155.620445
160.167610
171.282098
166.348462
182.099815
178.880740
183.086087
176.494779
180.083119
198.337449
203.416941
200.720171
221.743540
209.019337
206.772602
204.876109
190.534486
197.739690
166.430082
162.603117
181.939235
172.904334
169.263959
161.078838
153.243038
161.545907
142.204455
150.225137
127.561860
109.943671
120.144152
102.377272
113.415811
129.776000
121.621674
144.741765
121.063588
126.232281
125.433185
101.594623
113.407864
112.550372
105.103901
108.615839
100.631571
127.375591
110.823225
107.205770
102.385965
94.879094
109.350557
97.623006
92.277632
108.598089
88.818619
94.286956
112.914551
94.486026
119.537232
111.222770
127.840610
125.075911
111.456256
118.787743
120.444986
112.674928
122.379273
113.507191
139.401683
117.408902
134.127332
135.788024
140.796952
147.524003
160.187878
158.203331
170.495004
150.475850
176.111037
166.653078
165.680284
164.560010
164.604534
154.929539
150.131350
151.949262
175.047802
152.862469
169.534346
168.893744
161.440769
166.379805
155.361396
154.243405
161.722466
149.024628
163.644660
169.714531
153.929688
202.452454
172.400365
170.199972
167.466483
157.276540
159.449869
155.991217
153.357711
167.075447
155.069067
183.877774
182.030402
192.689094
205.756269
208.650293
199.785852
194.947457
199.272494
214.280452
197.576811
229.730564
217.892025
232.491648
236.071226
215.247065
224.583403
230.009229
204.895650
215.442955
198.011709
207.496047
201.673380
177.342586
177.651013
144.317416
140.499362
149.888805
120.358126
121.737988
117.600232
105.897325
113.390890
101.683277
99.549604
96.979527
101.392424
106.661466
99.486933
94.501577
97.442362
76.243356
98.127741
65.932610
78.467131
67.201073
35.195435
51.785469
50.491529
62.217301
68.821665
56.682404
75.273599
60.390798
76.563223
96.115596
103.895774
98.752855
108.959373
107.989340
139.110775
107.147485
106.022912
135.472663
109.157679
115.566883
111.202228
115.698552
117.815594
109.109676
121.673775
117.614932
123.587854
144.199140
130.429738
148.028038
158.179578
158.638834
157.582980
148.608702
155.442844
157.909390
132.934733
152.871497
147.734689
166.515535
180.440346
180.486775
201.329437
177.598189
180.034957
198.375309
172.905382
198.176623
165.899184
176.296929
182.036364
160.195779
185.299957
188.873642
181.203309
206.535384
189.586254
202.263762
196.157111
173.896061
198.395864
183.041476
183.480580
193.839855
175.739155
200.472242
195.288660
191.642495
179.379242
158.974147
178.997567
166.789940
178.168856
180.104579
163.754342
185.077836
193.158007
176.470720
214.541065
186.534380
200.498524
193.422333
179.266542
200.114702
190.545809
189.915964
193.828442
180.158921
197.401924
174.629711
196.588323
196.271918
182.286628
198.577047
177.888030
149.721188
189.121808
167.304920
182.848155
163.961320
165.693190
185.426182
171.577853
179.915361
186.664232
171.916121
197.829758
185.314684
187.103195
192.939881
175.031236
183.994380
174.231273
171.030301
176.530033
170.919655
196.123218
192.948565
168.039032
192.366230
168.326306
183.907493
185.082323
188.513333
199.952092
183.943823
180.362055
181.173830
143.487337
159.678067
139.948474
138.606971
146.049491
136.006753
148.177640
143.269499
143.840170
174.304856
156.981376
182.508829
171.527636
170.326084
160.401632
156.069623
164.506824
151.521884
135.508726
151.399582
141.340615
142.039081
151.269852
142.587389
147.876717
131.260225
130.328735
147.022619
134.236865
148.495962
139.967633
125.057355
129.701437
110.214067
130.190018
115.939726
120.757883
118.190678
112.239847
119.884848
130.288928
105.319828
133.872449
119.512734
125.211541
127.310439
113.469768
124.093907
107.925619
103.256270
125.861409
99.338931
124.206549
103.838345
106.803902
118.433846
101.753169
108.124930
104.175455
85.115725
85.101533
83.037532
102.961812
103.254521
100.312036
118.173457
105.336551
105.011663
118.762515
109.086685
126.959524
130.593249
133.556940
130.773735
112.224350
131.237391
107.335221
92.624127
102.540574
83.235304
84.392383
90.486632
63.526573
83.578125
62.137136
71.717411
68.137408
50.680646
49.108086
49.110213
43.736415
62.754225
37.538019
55.491620
35.447429
34.353420
47.747876
35.917113
46.568314
21.322090
29.722477
61.813416
35.979057
47.916670
43.472223
27.996012
42.634723
28.570165
38.460917
44.492139
37.076965
61.305424
59.900755
62.475999
101.075561
73.134941
86.180534
79.237488
87.481985
99.366998
85.962044
100.010692
98.710369
85.107158
96.281117
75.124970
87.923807
98.110321
80.867234
103.916589
102.930522
85.804578
108.865583
70.574435
99.781393
95.674062
98.132592
110.317003
109.749417
120.541897
118.237232
105.993202
118.782345
94.741085
104.793195
113.932699
116.261064
133.721790
129.409882
132.070624
131.922140
124.166109
112.523628
98.726893
98.053171
108.371604
95.359733
112.463726
95.103919
99.324334
100.828629
89.075056
105.826231
102.683461
86.920560
116.632524
86.721986
96.470053
95.781000
86.628378
109.265895
94.803664
88.724156
96.488177
73.448153
97.764793
71.641984
79.368663
90.140083
75.607618
84.359334
79.473636
82.759656
88.606096
66.762036
98.691617
74.759913
76.649581
94.363680
80.864056
96.472971
100.608393
72.683860
91.845177
66.486275
67.112465
64.081389
28.824312
50.341129
30.503678
31.784942
45.465554
27.859146
40.050253
48.843440
34.235277
53.611369
39.325454
52.145246
42.683052
40.119517
50.357345
34.440573
34.372156
45.914768
45.033267
67.105656
49.344194
64.361093
56.477564
56.333884
61.121061
62.522606
59.659748
86.170820
64.663679
80.155501
58.579403
56.826865
69.257390
49.327159
54.547558
50.584673
35.616922
52.503116
30.700191
47.902208
55.362895
31.745211
55.948387
46.280383
52.618181
54.311452
41.277130
41.116700
27.995000
27.206355
41.568410
10.416389
21.691144
10.049286
-2.998458
-3.925738
-20.767448
-24.085134
-19.956532
-37.792862
-26.248690
-36.583552
-15.695047
-27.052571
-23.518259
-7.326179
-10.950097
-5.246266
18.525686
14.581506
38.649341
27.101362
33.169117
48.824212
30.551496
36.848093
40.076326
21.954647
38.342519
19.799226
26.049008
33.585801
22.974031
46.476288
49.679492
67.960340
85.462552
72.733199
85.689833
73.392132
73.551184
91.013656
74.376637
90.767612
81.370609
89.532331
115.200964
106.170100
122.729650
131.060780
116.931253
139.418390
108.053739
124.673916
122.065153
110.110988
126.446721
104.311186
97.452801
114.620836
90.595773
130.251903
126.467467
141.919955
158.961022
149.929872
159.302081
171.067640
162.547242
186.592315
166.984986
174.007476
177.338722
168.808617
189.586264
167.064604
192.381346
192.838653
167.803237
190.832275
177.428230
176.528433
187.968331
163.108324
166.617359
147.416832
150.394191
161.177173
160.249848
169.515167
177.613794
164.029570
180.292891
162.066353
181.913131
166.804136
166.763275
168.541655
146.742248
148.790667
162.833066
147.187601
168.921093
154.810554
153.884568
162.841019
148.489928
165.786186
161.976379
165.428889
175.794924
156.493925
167.712964
150.235688
143.714748
157.422484
142.876479
148.078476
144.333803
120.350174
136.233316
137.731618
136.944917
140.891571
122.037986
140.143690
130.305302
136.158945
151.306401
153.969278
159.571633
158.620429
151.066248
186.083006
156.447314
179.605332
170.540760
156.454326
169.221690
159.644460
147.438041
146.047645
124.718193
156.363728
131.258304
131.337457
133.834832
138.665298
145.341511
145.625588
154.123078
178.532696
167.567931
186.502462
174.623924
174.340347
184.284656
185.901418
189.365111
188.204287
170.302583
178.302614
164.012108
157.347311
168.886184
151.460239
171.954776
164.210532
158.174723
161.830742
157.242164
161.738399
165.216765
140.093525
161.515023
143.639212
154.453431
141.171436
127.478237
141.225554
124.909706
120.737393
126.580360
107.146596
131.803397
123.287509
128.873118
129.857352
137.940523
151.061790
156.359804
153.006425
168.849199
141.303541
149.361850
133.129160
132.070919
142.420347
135.414034
142.082626
158.105903
136.514789
152.109313
140.925416
151.968144
173.047632
152.238187
165.411632
153.421954
165.749312
159.441458
142.002020
148.385442
151.510624
146.978078
152.418218
122.786336
136.030347
137.869351
133.925581
147.551674
131.173247
140.359518
142.537142
137.959862
154.915128
132.449353
147.797019
139.750800
140.931094
139.913933
134.524760
139.208380
150.248429
130.793909
143.475710
135.448438
138.367645
145.576469
137.491358
148.935605
155.859508
152.153387
153.420084
143.009983
146.695912
149.065703
143.584221
151.614315
140.094122
136.212405
141.709337
153.933057
174.613104
172.553672
171.856302
182.931610
171.042404
197.841869
199.081114
199.788047
209.138657
206.008407
215.155936
208.945289
195.042143
215.576266
185.974315
213.985784
197.091638
188.221525
203.956626
192.711373
192.289448
212.160507
200.970000
214.809643
197.153018
199.398412
185.898996
174.309770
171.217255
165.070748
159.883496
165.684452
154.180603
161.696648
170.005691
164.672645
173.198423
159.185776
164.612825
169.217842
164.277952
170.278740
162.219919
161.511307
173.999461
159.304515
174.696391
162.361670
164.487252
162.515114
138.417780
144.968738
149.470615
141.367616
161.905530
138.402939
149.414981
141.081726
143.076159
132.076842
128.253006
126.398763
145.501988
135.021250
159.872920
154.730982
157.999603
171.095219
180.135082
195.626213
191.762104
172.580064
200.134414
191.052058
211.888830
216.331834
210.579464
220.491898
205.061124
217.037873
210.703062
200.414888
221.529160
202.251895
210.217809
230.717385
221.790974
243.467359
227.284251
234.648353
237.828616
221.011359
224.135318
211.553079
197.074534
226.406068
210.640532
229.935025
230.759313
227.360069
235.672923
235.936705
235.677288
244.600514
235.190349
265.191469
226.263018
223.893566
227.747016
218.893221
222.192254
195.047131
192.755076
208.351753
182.856414
196.046274
184.240574
175.678601
198.739315
195.430290
209.788335
210.157069
198.412375
210.499610
186.096338
184.197526
198.444335
178.680309
177.124811
151.330519
153.286943
148.854834
140.380389
151.308113
149.915781
147.134824
165.473764
149.770171
179.666744
170.929695
161.275188
178.171808
175.649239
177.720076
190.618619
173.039855
215.665430
197.857674
215.076410
219.154814
212.196886
227.601431
214.918259
210.855691
219.250470
198.215328
226.521833
205.727400
204.089916
207.012238
188.463447
194.058792
183.781814
178.828765
192.621442
174.805685
187.751904
186.351346
182.115833
203.628976
176.152194
192.244382
205.190059
196.057220
200.690450
192.893719
189.495126
201.784822
178.420600
193.414352
172.047793
165.867273
181.379735
175.180921
185.837986
199.119872
177.374463
213.894814
200.967615
214.505130
210.143445
189.259937
186.475541
178.811942
164.509050
178.645751
165.504590
184.408495
190.946318
197.517138
227.886909
216.250637
219.138044
208.766139
186.862912
192.122726
159.826716
160.249179
166.066252
150.230684
165.179870
150.137421
178.838204
178.120573
178.565995
206.674511
192.808125
203.694173
225.661216
201.993502
231.479428
214.491077
194.607832
185.353377
171.347546
191.123957
199.706801
180.633603
219.309424
190.762601
211.658931
221.627216
233.408035
250.429596
247.101950
250.667550
250.173123
229.617237
238.796350
208.524981
210.225309
206.606464
192.918816
213.619757
214.117052
214.202691
225.891357
217.250835
237.176859
245.181133
231.490136
243.171172
224.787884
232.981495
236.070071
224.372815
250.963865
234.696379
235.001175
241.347643
230.487114
251.212684
227.163446
233.983141
236.672209
233.315295
238.904921
240.950918
227.882670
246.054904
226.256047
235.654592
219.142439
217.155224
220.023975
210.469939
222.204197
220.563309
221.382502
247.833910
229.890415
239.128642
260.020242
259.975334
268.784113
270.491655
264.770329
270.790656
258.046750
269.301856
264.448334
258.363457
261.694933
242.773948
248.145514
253.312660
253.175741
266.683977
255.802493
275.684327
281.709373
262.128087
300.349308
283.953099
271.536659
274.345152
268.273715
271.643804
270.597456
252.737890
263.903411
234.249649
251.757465
235.473201
238.124647
243.059739
227.415447
234.107146
243.472000
214.104066
230.428117
208.789175
229.886833
226.583595
207.534816
217.942032
208.570412
206.106594
220.623240
205.337106
227.129248
223.731693
219.656729
237.172857
235.712245
255.520779
248.159122
245.848133
250.798055
242.535274
231.173747
245.427024
233.463033
229.409725
209.926228
208.757345
218.031659
217.272822
240.464031
236.884784
233.975912
254.123557
235.596129
264.071488
250.310719
247.490028
268.454519
244.070875
252.674087
257.227577
234.991143
267.842640
245.516799
258.741328
262.832744
261.007047
274.482455
261.625655
258.540487
273.049607
261.857928
278.652064
261.247447
262.186255
267.729619
260.367948
264.328513
266.605723
268.298608
285.556116
254.292446
259.481942
270.260290
241.880558
246.489405
234.592800
243.992399
238.163307
224.354634
242.227240
232.079076
238.747547
255.898432
242.192110
270.668478
261.381048
251.120299
263.123062
246.038507
262.465487
260.675758
238.799111
261.797985
240.964872
267.535055
263.827044
264.749907
270.766411
248.859477
255.631048
283.438323
252.476900
279.398148
266.533915
276.383121
283.232839
262.547213
280.304386
269.559235
264.497251
289.713136
266.615254
278.202635
274.377240
249.992835
276.365954
260.830388
261.381780
261.945334
260.464900
264.289686
247.473054
260.076640
264.281082
231.907612
258.425508
247.018597
252.794879
244.712746
239.702198
249.954144
264.843123
238.542059
262.273334
256.279880
273.415018
266.613432
261.112733
275.682557
256.397341
249.687625
243.550555
227.840317
244.269716
234.552613
237.764952
244.614778
242.485643
261.063976
243.615553
245.592376
259.427159
238.582147
248.041573
245.713990
232.798468
249.806033
236.056068
227.578324
242.316450
245.049379
256.208774
254.329025
260.295870
266.678986
264.610231
289.307173
258.462084
270.807073
279.731055
253.045927
265.334528
279.499349
272.958436
292.507222
274.817258
294.828321
281.655542
272.591602
296.170505
281.617515
277.003292
285.273654
255.831269
279.711878
250.332656
260.326126
272.714365
252.553762
270.386189
271.923260
282.167908
288.241574
277.023783
294.814788
289.993797
290.089308
297.729421
284.313936
309.226207
307.248511
307.231916
320.741713
302.691486
310.723051
323.660780
307.317518
333.658745
303.194382
327.313551
326.116343
321.127860
345.209100
340.598026
341.802992
365.739725
334.360874
363.261515
346.062065
337.415061
355.413122
338.004761
344.101708
347.223768
351.086384
376.503056
353.026159
371.032277
371.336061
353.958680
370.748093
357.981472
348.855679
357.372183
325.890073
350.589513
343.920337
339.713928
348.608250
326.712608
329.406259
321.465881
322.021330
328.381989
324.368573
318.813182
311.428142
293.596381
318.229534
314.364469
319.348199
329.320013
324.619068
327.479392
319.998759
321.125588
334.491637
309.730760
323.536122
302.443034
300.425471
286.216218
283.970058
293.251715
286.765732
272.986547
286.102929
259.511691
279.267818
279.621823
280.078404
290.647890
279.288081
285.259821
299.700647
293.218384
305.962917
290.599592
306.292212
303.833002
298.795444
314.041488
315.915583
303.974209
311.369566
300.110494
307.656681
298.847379
279.657800
291.422785
271.160625
306.918313
292.441375
278.816855
296.980545
286.920577
289.862917
307.257969
286.177299
315.563974
305.429368
318.997600
314.079727
316.226414
326.900239
322.657817
317.271121
324.949497
305.008059
320.218445
310.807663
308.740059
310.046964
305.335543
302.251317
300.431120
280.669820
296.490275
283.150050
287.563996
291.857167
283.067100
293.611427
287.914545
302.291245
309.943983
302.880698
313.856200
309.942898
307.025124
333.011439
313.069313
328.000325
341.878641
342.184241
356.458390
351.784118
352.855679
369.079685
359.060682
377.085217
365.896429
383.175825
387.098590
375.038833
389.911408
385.747772
376.343419
392.657638
374.427931
396.717927
404.878147
409.087707
405.822317
410.163347
409.642345
409.520061
392.649523
411.028568
399.135916
411.621445
419.325868
401.224529
416.461536
424.828051
430.874143
440.378854
422.336043
434.824088
427.215228
434.800330
440.001948
423.949989
435.420788
417.392305
414.648966
434.972890
427.676608
432.809914
437.824580
424.499804
432.083387
402.626108
413.966606
408.652013
393.891723
411.892452
402.492723
389.691494
403.267521
380.398286
392.931131
375.008728
364.177011
375.641943
370.989405
373.843726
392.769964
387.736088
402.532173
370.140187
386.881206
384.507879
370.901243
399.372543
386.063246
381.733023
407.454083
387.207820
395.885931
405.447651
419.932740
431.814238
405.394510
414.982101
402.780156
389.379340
378.530592
376.483612
379.577199
382.510822
345.385550
360.891673
348.567708
350.350346
348.142888
333.179068
350.570991
339.148130
323.973130
323.918413
280.687195
308.485047
281.179865
278.172947
284.744081
258.323341
263.628516
274.298964
249.434825
263.918911
238.418623
248.201777
240.602149
228.708934
237.033469
233.982112
231.947833
219.268260
199.864049
232.296322
212.766184
216.625918
230.440116
223.422170
239.355763
229.610787
223.630196
239.722609
230.835213
229.992622
226.179916
224.360337
261.895794
226.926124
238.251784
245.487298
237.027471
243.391877
252.835849
246.421189
246.173840
217.287267
241.138876
208.348715
219.077256
232.476223
225.259224
250.054285
254.050080
236.701002
263.525815
244.585485
267.530358
263.727847
278.315612
282.932876
270.628117
263.699004
267.810152
245.690414
261.873250
255.858792
246.382593
260.647556
240.766449
254.554192
237.283416
239.810481
249.153660
233.594638
248.225538
243.642789
235.189405
261.489488
231.631924
253.465534
245.786689
230.868401
250.037097
245.064167
250.659843
264.752884
241.156202
264.753947
246.271925
251.362995
251.955100
241.450041
243.842481
238.592887
239.537768
264.003991
240.697076
266.452643
248.712149
223.158287
236.101941
218.499488
227.476325
237.745482
231.509306
249.909797
243.354177
262.609072
255.784351
235.139577
257.707908
239.562503
240.930959
268.399260
242.743661
257.228577
253.777194
249.891815
266.330882
247.951621
270.522895
282.306274
270.940051
276.916781
265.892212
262.423589
273.319104
246.014809
260.646346
243.454390
257.555189
263.993133
252.096084
274.932775
274.630011
264.531977
294.868029
262.149754
275.569403
253.235789
252.159055
263.719306
251.563517
259.548604
268.463010
251.593709
267.564557
255.203033
255.196236
241.148694
220.691101
229.506011
211.473595
214.511736
221.706583
206.243321
223.148382
216.715027
216.340274
239.029248
208.308328
250.206875
244.457260
221.629691
241.072599
231.016974
231.702095
233.308976
214.142769
223.442384
199.049969
212.764745
205.705338
200.977224
208.824877
204.223617
190.128107
202.546511
192.214121
211.225045
192.674792
218.181349
224.653308
210.487576
215.898617
228.861148
222.919708
238.461043
223.850914
234.613544
228.774204
210.201383
245.259883
231.482615
226.123202
237.865011
223.669639
243.353572
247.491615
245.853541
276.392459
254.033904
281.781934
290.210276
296.533631
316.017293
307.990690
326.040239
327.775936
308.917465
345.865142
328.942233
352.182813
339.851517
329.550793
327.972761
317.902403
320.836457
315.676923
290.363505
313.927262
306.187684
307.757024
317.148124
310.867697
313.844999
313.479700
288.419484
296.314538
272.160142
293.365555
295.194254
293.143157
306.568481
297.491598
311.799439
324.809721
300.089755
331.348400
321.621878
315.885532
334.986030
296.753808
318.837407
309.778610
307.830456
322.798095
312.018709
318.762700
347.072213
327.278670
351.397817
349.395364
365.492032
355.703313
358.252951
364.738453
350.528774
342.327306
361.564090
344.238979
374.696818
350.246966
350.702013
359.856245
336.268102
349.495081
350.505679
341.329053
349.752200
329.953646
328.670244
331.091836
327.028448
341.142449
321.440387
337.104862
347.491335
338.841747
345.319676
323.174024
323.908509
323.928383
307.165493
324.743417
309.021576
316.811461
316.589123
309.552456
318.397580
306.456486
302.015858
331.980992
312.997916
320.346405
318.748560
312.899448
317.477320
300.548048
309.824015
310.099496
288.625245
311.002671
294.385711
293.844297
292.944104
281.686629
290.989059
282.839054
279.297060
292.613134
265.747354
285.768062
271.620523
271.069043
291.656440
292.377570
297.777058
300.749276
286.022013
307.018187
274.945975
289.169543
297.230893
280.013548
301.277178
287.886199
304.569398
310.676123
301.387619
315.066350
310.122944
305.202167
313.233422
292.929992
300.074447
292.569024
303.183207
303.448102
298.748145
313.416279
324.828892
301.421558
302.535594
289.916555
289.419967
301.469149
296.191382
288.273736
283.183480
270.621970
290.826765
274.486424
293.265862
282.832877
292.764376
300.781592
270.879028
281.343552
276.363228
259.117087
266.187403
258.063531
266.285489
264.845734
269.259756
273.570073
265.875302
264.620588
265.650549
263.301685
275.117040
272.800095
281.552323
302.762240
284.259217
298.767755
296.359739
304.948552
315.723540
299.238528
308.813694
316.435640
311.987591
341.834261
325.369782
340.578972
328.068938
331.855572
340.408250
347.533722
347.921116
358.606589
339.426730
354.213283
343.268688
348.269076
351.616328
333.178836
344.888916
320.755404
326.548662
338.744036
307.686741
315.502400
306.540330
290.731296
303.271545
291.582276
296.432242
308.005468
299.678496
308.192715
302.323697
309.361545
320.973333
292.942680
298.036456
281.961178
273.552685
276.517802
260.160235
273.905589
292.250260
279.494049
297.115419
274.151492
288.638188
291.371037
279.373880
308.643405
310.980376
284.852628
310.299062
288.610144
313.282521
292.886290
294.847694
299.886304
280.438071
290.318065
285.309463
284.298608
289.419747
277.089739
288.293105
291.362282
282.676595
294.439123
291.219440
293.529605
308.444009
284.010859
296.965575
304.283593
306.901122
316.512499
309.822800
336.570280
308.716879
311.607052
323.963416
307.199814
312.333141
314.296805
301.818850
325.022663
304.150760
330.449146
309.220076
299.674073
301.243640
292.828314
303.817476
326.842988
311.497509
328.369723
315.985921
332.945534
339.134109
325.526493
346.881048
335.963315
328.651795
329.628626
305.711387
308.940314
298.069323
287.706361
297.837105
288.810969
303.028089
298.053192
281.700016
302.884003
288.349939
280.384366
276.166407
253.764521
256.611321
241.707323
251.560620
262.917998
255.080741
278.773339
296.616473
290.047715
303.429319
289.947201
311.608709
302.548717
302.970336
300.008380
292.338409
280.339850
290.788447
270.705276
309.159241
277.560942
280.517311
292.216241
285.834564
296.846765
298.609195
306.418584
332.645570
319.810488
340.337443
335.192291
332.574256
345.324491
325.514570
320.874838
341.741724
337.671040
364.964917
357.057156
361.094866
373.684027
377.715862
409.838984
378.519224
377.003274
383.750479
357.469188
358.562725
355.074472
347.100363
363.176215
337.403565
344.847807
317.210220
326.412317
329.409940
302.993774
307.158331
313.052186
296.094556
324.512954
306.168855
301.762820
292.599328
271.217154
278.069062
276.497093
275.788326
272.194881
251.734765
289.694763
279.119292
270.510105
298.037889
283.304238
294.319837
293.499704
290.687839
316.306881
313.692845
307.394144
305.726639
298.886416
320.843689
313.330756
316.492027
323.603028
300.172115
314.556621
314.792542
299.017987
322.118833
307.995509
328.344496
329.955669
337.835303
331.510297
317.637721
314.009989
315.431703
290.901593
313.820714
295.118684
297.984791
290.131175
277.603202
281.657806
283.434721
268.505136
286.506282
267.806831
288.529116
260.905978
257.964776
271.654264
228.489511
242.409512
232.027740
217.622702
208.906045
177.625404
193.437098
201.184849
181.124101
194.148531
180.746012
186.940096
207.468534
181.299502
191.851700
190.688228
193.487727
180.974474
172.058068
184.756129
180.007286
173.639591
184.160563
180.775001
167.148267
190.317458
185.034074
208.638771
204.503232
212.826553
198.746814
190.839315
195.348747
178.467283
177.247856
196.613700
169.707092
215.583732
199.820728
197.508617
197.688890
189.756136
190.971819
189.572900
186.361362
194.605837
165.549464
169.571348
165.224922
152.838675
177.539466
186.444232
173.415240
173.216826
157.728985
185.323812
183.444238
178.482478
196.810015
181.044713
208.636935
196.864952
211.535000
214.907875
200.585816
210.874274
208.539900
194.510922
211.903902
210.762422
221.573734
218.812279
204.085989
217.767378
216.023627
215.669589
251.442257
231.996325
272.072022
243.519080
258.338676
282.032971
237.464808
246.560114
261.710399
240.838796
254.023335
244.472784
278.747788
247.668228
265.831440
294.994120
276.032809
299.085729
306.635403
278.114680
294.794817
276.632715
280.357638
293.391065
280.004040
305.660823
304.310122
310.171576
319.744386
295.025816
308.027713
297.328160
284.093955
306.790292
274.006108
286.619272
280.562716
287.792734
291.185371
287.910776
292.644390
308.237351
307.121806
280.745489
451.436166
632.824450
565.729826
520.688206
497.503692
475.904339
423.764570
430.887662
372.634755
365.939088
355.471484
339.858146
335.091883
318.293485
316.853199
300.248850
291.660876
298.645520
276.825881
276.413171
273.252189
256.878287
288.062655
252.403876
247.439517
251.522504
248.870185
245.970078
257.570050
255.362412
282.125620
252.627055
255.824190
238.173686
222.174118
233.840896
201.995887
200.056973
202.029993
197.559404
220.006363
199.154937
219.034554
212.443875
219.288508
232.802668
248.131788
239.139093
238.963336
238.394053
240.381863
231.010691
231.314026
240.777003
249.785177
250.482561
261.901429
257.143100
283.534573
261.276606
248.646182
251.913782
235.296298
230.024077
211.852252
226.225937
240.738195
238.658934
265.909564
258.712664
272.470519
291.930789
259.307680
269.248480
250.816626
248.040033
232.306386
228.917840
226.934995
244.534522
227.149850
253.361115
245.264677
258.386715
246.779702
270.150633
259.412351
248.530305
250.953199
260.337547
228.269548
248.933828
225.169702
215.453412
211.761357
199.471051
215.176515
217.539022
225.331931
225.006593
206.897065
220.950705
174.149615
176.652330
177.739169
171.765875
188.878830
177.980130
167.336368
155.915937
156.028721
147.051247
152.399264
142.530625
162.150530
150.703561
168.421536
166.101705
166.001620
177.898091
186.346970
154.056420
174.392693
163.122081
184.865107
173.083131
171.792166
190.709711
188.881890
190.642885
175.334633
169.066121
204.099054
196.231864
213.890088
211.505324
226.993641
242.083473
240.799256
234.595135
242.701108
220.106703
233.151396
203.018251
233.491804
218.381253
194.791613
199.213270
202.776470
206.067300
219.218663
217.103404
202.360326
230.766461
216.743066
234.214519
224.454436
219.222929
225.066907
218.236497
222.507587
209.149406
196.648081
225.603071
185.457276
186.643197
186.532984
178.744821
203.690253
187.263011
179.874707
207.241477
170.653887
195.804826
168.740682
174.668198
188.014374
172.759647
191.104154
171.787165
160.139033
191.882772
174.733682
172.694923
194.389591
186.713401
204.888251
194.477518
200.022886
175.982439
178.344628
184.708932
181.390232
194.248161
204.115019
208.281309
241.005423
228.047817
235.380711
246.514203
220.703151
238.905843
217.732374
215.870621
234.135268
195.645753
228.021330
231.179086
241.589317
252.399343
268.393967
255.217362
269.033078
256.506337
278.851781
268.495660
276.843134
274.213045
271.515252
273.432008
272.743804
280.289008
294.569702
280.872197
289.690060
289.034750
301.083959
314.019509
304.335076
301.312221
300.516034
290.782426
310.091789
283.530897
268.210862
280.010070
287.747753
290.242480
293.741585
298.441172
309.507115
314.436767
325.057536
315.636340
307.734087
325.038632
300.798155
312.250638
305.338595
308.287968
327.668622
292.737863
279.464381
289.518124
263.913637
283.739206
264.765890
266.174743
274.965673
279.592194
268.920088
273.774364
295.627614
312.571874
300.491676
324.620053
329.835865
328.132727
328.633663
323.679874
329.332283
327.466050
317.675966
353.407971
321.122147
320.898848
325.710414
306.558490
331.730558
309.785616
320.631695
332.712870
330.430493
339.268968
341.264241
338.468459
342.471474
312.422730
329.056243
325.748268
339.698566
329.158685
317.979545
328.049766
329.330958
307.435597
328.527940
318.124826
310.939704
309.625850
308.817639
320.214944
318.160690
304.004874
317.254924
319.624085
334.025272
330.028983
336.727871
337.997303
316.862145
337.911591
345.499246
312.433437
337.337061
313.414671
317.217473
325.156987
304.249371
324.437436
301.513626
294.388507
300.902602
310.741761
328.674929
320.055816
310.572830
329.002757
317.371532
344.812726
339.866639
342.908270
370.194764
356.504087
352.747124
355.062558
336.636904
355.730549
343.240582
353.941903
356.341402
351.941658
362.634751
365.182660
358.147132
373.810750
346.808452
377.601847
382.916826
375.912153
382.952783
360.371088
382.282001
377.823576
355.708540
388.814731
365.693381
376.321938
378.304644
371.105551
373.439503
339.231125
343.532289
354.005518
351.168839
378.885111
348.587364
336.572851
353.649762
325.913190
357.950966
328.507667
333.457160
343.026583
341.324913
345.390198
332.663932
322.880093
338.724573
310.367360
344.591768
334.533867
316.411878
324.241334
321.511682
341.585418
328.825248
324.214452
339.680687
314.388598
326.129340
316.058154
289.350287
296.831094
291.234439
278.696274
280.468862
270.710845
280.494654
271.414585
269.689303
278.471591
263.206971
279.785308
293.873102
275.897795
286.898308
277.972624
277.962868
287.633072
267.550487
285.284949
286.951549
277.337092
269.440676
271.412108
284.265337
309.305164
289.966856
320.776976
305.170551
337.174016
324.312005
325.806473
338.453173
319.025123
330.188324
338.599290
324.088403
337.049987
319.522291
319.899132
325.975178
306.429874
312.244318
314.614284
318.888871
338.104404
318.777769
338.586162
341.311975
321.934814
351.079769
354.326815
349.566452
357.249129
357.369249
357.874872
346.878987
350.312706
359.561767
345.554460
349.301141
354.545987
373.009385
373.199672
360.988215
374.702403
361.033089
338.191163
356.043752
335.433043
349.927993
335.188281
324.830404
328.861237
315.743755
317.276958
320.738220
301.977092
324.322982
287.919753
315.952979
304.741539
296.859807
310.659509
314.004612
309.473548
318.705206
286.675703
309.941535
306.862760
306.666091
331.761862
314.983383
340.836993
344.021113
328.851424
356.420502
345.940420
347.401160
350.094870
320.880179
330.553130
311.146307
310.487680
296.500520
303.502739
324.550810
307.753930
308.500854
329.422166
311.332263
342.666724
338.750162
344.844312
344.190791
339.721590
361.988809
352.936560
319.277546
338.800939
318.661471
331.662930
326.463017
318.776026
351.063123
349.654339
350.802410
363.466523
332.244220
362.121456
341.819056
336.027416
338.677394
321.393923
333.843371
329.518127
314.705300
322.069555
314.657620
318.621527
323.612397
291.997544
321.222009
312.146035
302.557870
309.096205
290.996802
315.486363
314.785201
303.010410
308.940764
282.804631
304.426891
276.333692
279.771139
282.870244
266.057607
277.772112
294.407354
296.212310
326.321942
296.534990
323.547552
331.773210
316.924367
333.203581
327.304010
311.328387
329.702135
308.306650
332.621156
309.292593
291.312909
280.970383
279.766134
286.129923
279.318016
268.940923
279.854751
263.551482
279.654192
289.703277
289.195826
301.642768
302.658451
308.267755
316.695878
309.287865
330.067836
332.875015
323.878610
340.575555
325.512147
337.008188
330.924258
325.096481
317.674377
307.142996
325.583630
338.780479
327.351754
356.327813
337.864268
346.172890
349.708511
332.956727
332.004464
323.290231
328.650275
354.193017
335.097109
361.074259
342.632289
341.828185
360.577796
330.399483
352.334925
343.668559
332.239011
342.335560
325.749749
336.115159
318.328028
314.317082
330.483202
309.230431
323.386466
337.838344
329.123213
327.174784
312.509343
321.802710
334.247199
325.042122
342.073335
335.643402
344.325612
354.941041
356.857322
362.789941
365.018270
363.040988
385.775724
358.390902
376.658874
381.296110
372.266909
375.278960
371.982566
374.485083
386.239903
377.720929
400.230139
396.873497
389.025201
394.703907
390.505213
391.015417
372.437933
372.611714
393.293106
376.360258
391.095658
392.945233
392.366416
398.551136
384.320866
395.374307
391.933337
387.050185
399.795058
390.015044
395.030549
405.953873
384.597259
403.703046
388.559808
380.887790
387.440094
384.206781
381.683862
376.725835
370.693571
401.962782
354.966192
365.427852
381.632205
353.884395
372.330029
358.897941
376.402425
393.817705
382.903421
405.815455
398.717588
398.411945
390.002562
388.003387
388.108636
387.478496
381.235132
391.110280
359.253229
390.699144
382.836116
374.371791
404.763760
381.576099
385.440486
380.916992
387.313383
411.994730
386.637411
402.510615
415.968054
408.540576
442.645766
423.550941
432.800056
436.800800
427.423602
420.403963
421.508436
419.919288
437.720333
418.244053
438.785630
411.436444
411.460819
417.413836
416.433172
421.307711
418.842397
397.585398
420.234314
390.106930
392.524906
383.191564
377.033801
394.744639
380.186457
369.472666
378.517684
358.176604
373.841443
365.012154
357.040605
357.887870
342.595187
362.709413
368.731914
355.733088
365.704557
350.751744
367.223759
370.464782
360.832560
368.286474
358.674370
363.971726
371.928734
357.721451
375.655649
359.834830
348.755132
372.698553
357.610351
378.662058
371.403318
371.698273
380.915644
359.224199
368.149567
370.211782
354.712633
365.330421
338.855365
364.949893
351.082817
336.012338
351.492480
354.087462
346.619826
368.195548
344.724051
349.555433
345.261030
341.817788
359.406627
335.322292
364.432819
361.807178
363.399518
372.098889
366.239590
383.180369
384.254524
371.343717
386.311348
358.643078
380.062188
365.932396
339.300642
351.671966
355.576742
346.636703
365.139879
346.126458
364.319886
334.138466
330.829139
318.202522
313.437755
311.057315
318.063868
306.049753
322.226549
315.710421
316.232724
317.362807
324.713342
339.160130
325.635154
333.943857
346.950841
319.549896
349.214587
335.182654
328.368184
337.226692
338.049567
352.342870
364.398516
358.523904
369.708297
356.894771
394.113001
397.271802
390.629774
429.394303
395.408469
413.256927
406.831082
380.897945
390.095454
382.917559
366.478016
379.762382
337.398874
357.582657
345.309850
352.066778
364.504093
352.413509
366.352902
363.768758
345.925095
370.226939
335.862654
351.264232
339.232349
342.840298
339.530805
341.307787
342.126738
356.973585
347.938112
359.214716
342.374798
359.588593
371.210326
357.732100
370.585596
353.948750
333.133187
344.199104
326.128961
342.002812
344.918908
330.004829
342.109827
340.097085
352.915653
353.771982
340.319644
366.046997
350.335327
349.287048
372.550038
352.881862
357.992947
336.779789
362.703660
354.107825
345.579105
348.230359
350.942775
330.604428
344.290987
327.893634
344.396540
338.030599
333.711671
336.680455
329.682274
326.181467
317.160557
293.259395
332.370596
299.444994
291.082976
305.427416
300.002878
307.329844
300.066967
302.687870
320.930650
301.337227
297.942105
286.707999
279.768766
295.043099
273.656987
295.018119
287.090772
286.725324
310.092093
293.917373
313.803040
325.993733
310.448967
328.417320
310.966545
321.811894
322.236009
323.683755
327.353446
325.976468
324.362405
363.172781
338.583748
360.273027
347.701698
346.109035
356.012360
340.968558
346.070521
358.502462
342.913296
363.597984
339.338270
359.534912
379.864798
373.276382
391.681385
396.815889
400.622091
425.014872
399.059287
422.551834
391.849211
378.266732
390.670654
360.154299
377.577096
373.565577
368.693417
371.720970
358.034101
369.351361
370.203055
366.883407
381.837175
370.724408
372.156630
377.419195
355.642743
349.460795
338.233339
335.005235
340.997563
315.143974
336.319766
319.756358
334.499785
335.278629
320.009665
331.123815
344.317092
320.162505
332.507765
318.679926
327.766331
327.840954
317.179935
346.299870
326.686702
318.569342
333.407201
304.128744
338.532851
324.234878
316.969855
326.313228
306.696291
326.854979
334.011370
332.516659
343.503214
320.615900
316.817737
320.981309
298.669360
321.350867
298.049210
304.309011
284.946080
263.083411
285.706952
283.530245
282.742216
312.171803
298.579670
320.743535
305.736287
302.552602
299.000016
289.240404
292.839985
295.445066
279.790226
297.825923
278.308943
288.865689
300.731704
304.082110
307.418130
306.894899
304.960691
308.508183
291.546811
310.027371
287.398249
284.310994
283.406917
276.713488
298.692430
291.894772
270.113377
284.999853
264.852607
287.372945
289.810393
281.116177
297.735607
272.761257
292.967232
292.037128
279.568376
293.155030
283.803257
284.431770
286.200546
262.414637
291.914312
274.520886
292.731996
300.226156
274.900061
300.504236
306.100648
305.083799
314.554698
292.927859
312.182056
304.449838
295.644270
310.891071
302.005927
304.128634
304.260621
292.301277
305.918720
276.315432
279.478851
278.817882
269.687225
297.852715
290.894766
291.848288
310.323911
286.232916
288.275510
274.574105
263.222766
266.753048
247.839642
260.200188
258.647325
253.940084
264.187393
259.910664
257.662913
257.915085
256.535818
270.651070
240.464836
259.657973
277.243556
270.136726
288.874550
286.594977
278.798610
298.864938
261.765910
273.297324
262.131096
253.756057
274.684250
259.358177
255.125886
259.674529
246.860904
271.939566
236.999687
244.212889
245.572690
232.810497
240.678075
238.198152
237.886621
247.624039
240.461874
261.656641
253.737602
250.275507
266.688496
251.907756
268.927074
273.906798
262.680217
265.901724
259.415669
278.857678
283.762658
277.016783
303.590652
294.216301
300.536546
311.505722
311.733523
321.936167
313.779651
300.293831
315.821048
290.914112
314.316588
308.678257
310.496376
334.219278
325.616012
346.172592
358.333147
365.798082
388.508775
380.560446
392.189154
384.491102
383.786538
392.549391
382.982895
364.905663
375.165905
362.573824
381.607241
379.055506
382.357626
397.581375
380.377604
418.355316
423.758856
425.590417
450.018575
438.123653
458.058291
468.895260
461.095940
474.954543
454.138410
471.331181
472.937012
469.774920
470.103269
469.607196
444.159087
448.690388
414.532451
433.719418
421.890816
415.735426
430.046542
417.384138
418.217536
419.711208
391.397801
419.473161
392.614359
412.562178
410.807662
392.201840
396.715469
373.771000
375.910963
384.623692
364.125005
381.590035
368.954924
356.185577
370.416203
345.104601
355.251396
342.752189
324.586440
326.148021
297.148970
311.393491
300.447856
289.373954
320.695754
300.118817
302.898616
310.848202
291.558326
308.469307
301.282700
303.932388
304.121051
293.379653
335.532315
319.309796
333.045919
356.239894
342.429587
346.280536
359.012294
345.072005
360.303663
340.440437
368.556987
370.408207
367.261660
384.559612
372.503558
370.980912
363.131514
353.869335
361.590566
342.346116
353.455540
361.807177
343.678299
354.287818
350.153279
345.848558
372.669977
351.968853
379.993353
368.772366
345.613058
372.315247
351.629626
360.665494
354.399802
335.462745
332.169688
317.786680
303.738292
323.703578
296.331339
331.027009
321.257258
319.220035
327.018130
307.546508
319.248904
313.680550
297.906786
317.720042
281.262911
299.371692
290.106458
279.814082
280.255955
275.005994
273.511726
267.995077
257.580224
287.643809
276.292317
285.147509
283.660517
257.635858
275.195482
273.137493
273.456701
278.506509
263.492045
270.319970
255.392619
239.341955
254.606568
237.469930
231.991870
234.799098
234.006049
228.829120
217.724800
222.868751
230.551310
212.347016
222.084815
211.509738
211.143385
223.029412
209.076053
227.335350
226.738738
205.543651
219.527657
192.967083
209.291194
192.166022
203.698784
231.025992
226.859027
238.532947
256.271676
235.343406
266.830124
247.371973
257.534020
266.268789
251.054525
277.455659
259.635645
269.973957
282.019811
257.812910
280.145495
293.742589
279.279255
281.296748
270.775161
292.136196
298.009705
294.205707
309.218246
284.257817
278.221617
281.353046
266.011064
282.696901
263.642237
286.231356
296.132132
280.572786
280.981378
291.407191
292.878969
317.313381
281.720654
310.683746
297.076002
291.136239
311.805650
308.033928
307.393935
300.179349
286.197675
301.112337
277.467467
277.022059
268.092538
244.972481
268.055516
269.746710
257.938727
266.091418
251.478212
256.177025
247.297898
242.074218
259.909723
256.307743
245.062124
235.208818
235.061277
258.885331
247.323364
240.172831
243.335688
224.458876
247.552648
238.606123
252.255052
256.829169
239.501556
243.168746
241.025202
250.442496
261.693151
243.427801
283.097891
268.992123
272.339842
292.831878
291.064203
302.564371
318.117527
288.518249
297.576372
278.725772
292.564577
287.305804
256.985446
290.411146
278.903621
262.821756
280.639186
266.018668
292.321562
280.924338
291.492876
296.889878
282.223454
300.215768
284.487365
272.862752
292.648277
272.547443
281.664284
280.583866
268.310546
295.874955
267.082427
272.285815
278.528807
281.030987
305.214394
283.796281
283.777686
302.918643
278.036080
296.754851
288.045664
294.552357
291.478125
286.791701
283.643344
295.477101
285.573349
302.024702
295.966806
303.397816
308.955579
307.703914
336.236777
330.426814
348.427055
348.737124
342.839034
362.773759
348.973565
352.214656
354.095856
346.796292
348.315740
338.513721
343.932289
354.135583
344.540814
348.611111
359.657577
337.389353
356.036064
344.546874
359.785458
361.322823
353.814526
347.404019
352.745136
340.177165
351.420671
327.784352
348.989282
332.318092
329.162102
342.176313
325.512097
328.198608
338.266933
317.734773
347.196984
324.599147
339.034650
335.356442
323.089977
341.933930
331.222392
324.363583
327.474271
311.573850
336.209412
328.636821
316.045996
330.888424
313.088725
322.525001
310.220905
300.078739
317.322690
297.499922
317.882472
329.199910
324.225121
352.600532
338.588541
348.685853
336.053825
328.700653
345.215608
341.265456
322.130568
326.670888
306.660283
338.702781
326.109869
331.507279
345.626425
339.276653
338.769170
318.947517
316.058717
346.123276
330.018697
345.304538
345.339466
338.368393
341.694434
328.910476
350.338533
367.508616
358.554764
368.377747
351.656607
353.713144
363.887144
347.554672
351.267336
349.834601
347.788589
353.100188
346.705140
357.758342
351.224839
343.851726
356.913199
347.738826
379.472771
358.883647
345.812793
360.891840
346.262853
347.331923
359.654118
313.600050
334.622796
316.178162
339.389091
337.239835
329.059984
335.778209
326.847723
331.488231
332.154485
332.355410
324.805546
316.171786
326.743668
338.634935
327.900701
323.689377
328.229655
314.205921
335.505231
322.407734
323.852333
328.158526
324.812126
334.718841
343.730217
345.419794
361.041410
345.723734
362.161815
366.462741
370.684521
396.187924
393.156461
408.745744
401.253718
415.118301
408.155936
408.726316
414.496370
427.212579
420.664157
439.639859
434.940515
446.277356
452.216411
453.122294
463.131479
448.944920
453.192869
451.748599
432.593464
459.516001
449.489926
438.163314
432.650808
430.727545
438.606230
433.533090
401.629727
420.599237
402.657929
406.628421
392.906793
382.500277
375.575474
357.012048
352.570295
342.360585
325.341699
337.899236
332.035217
326.958117
349.693033
338.432141
354.219150
352.961580
357.668125
358.010554
342.567409
347.319697
348.370551
327.377672
340.114764
329.393764
338.521478
348.247956
334.961349
340.439606
349.108038
342.417449
342.312416
329.668964
354.247819
341.531234
340.747388
355.326933
350.894619
352.180722
367.957281
353.468403
367.543926
353.259114
343.905482
343.469627
329.285237
344.178323
325.619683
334.029694
339.922686
322.641714
344.379938
350.701727
356.463255
370.904760
347.423180
356.144676
351.922376
342.294684
344.300870
326.399224
343.448908
341.858113
331.848749
351.859091
318.933493
334.947175
318.223030
319.476970
329.791736
334.186740
328.368087
345.951153
326.329488
345.370451
331.149890
339.159547
338.752716
322.809345
329.401551
321.407233
311.729680
334.535407
307.799142
323.081036
325.025143
315.394713
341.666718
344.470388
355.589672
374.079185
366.534084
375.708981
351.326796
352.225600
367.140263
345.190629
348.760429
348.510668
350.906322
354.655969
352.277207
364.760637
383.724375
376.562012
379.629085
369.097291
381.005989
377.782825
376.094874
376.297654
369.889595
365.976990
378.028750
349.327963
382.899505
351.421264
376.408412
379.338625
371.161420
378.325051
366.441844
348.712883
363.090655
323.999172
340.052315
315.241576
317.883688
325.078848
310.012553
320.394619
317.848585
294.599397
315.867595
293.961200
296.458096
308.160666
287.627792
303.414670
311.694615
320.449332
339.836811
330.584693
336.186702
328.917348
322.902474
343.725392
320.095392
331.834739
326.055013
318.032756
325.066718
321.920740
336.774787
354.196020
342.686572
369.246534
349.776944
362.074382
370.323378
365.268216
363.236142
374.524826
361.760660
382.110522
364.333656
387.807386
381.084420
355.699549
386.891984
376.710446
368.215227
382.164561
376.102452
379.195613
356.577452
376.664359
385.003254
380.413229
406.870198
383.208013
390.169124
403.446379
383.427359
388.178561
389.766110
374.593616
385.056861
354.929399
380.990756
385.889296
370.152487
377.068569
374.870533
373.807252
380.731939
379.212427
385.809293
387.735593
393.102498
385.933343
374.802169
383.212371
384.982470
383.770378
397.743589
394.558645
422.036660
412.671186
412.766193
418.555919
421.522777
429.609488
438.402683
423.716493
448.964360
445.586667
442.791496
442.873517
436.303304
452.117333
437.885782
421.719918
427.223194
409.786809
428.792446
406.254858
402.000009
419.918372
404.959810
433.651659
428.130966
454.226804
447.804461
428.496937
435.737458
447.784947
420.678466
441.995459
431.390284
440.144277
426.749868
411.388485
425.311972
407.422126
405.995471
440.229169
426.729777
446.155379
427.754849
444.376229
447.609490
438.534220
449.629126
439.897090
438.126245
463.687292
428.789412
431.422699
409.154116
405.288398
411.674252
385.745995
391.841608
401.621470
381.650446
409.842717
389.428064
392.674224
401.831189
370.842970
390.495479
374.801145
377.602523
376.286779
361.825700
382.352042
384.485892
358.960679
381.923471
364.959953
388.689336
393.940573
384.089679
393.035933
382.864504
379.304130
402.676842
363.344073
380.712500
352.694283
364.171787
352.537228
329.305574
349.648989
353.148080
345.601638
360.666785
337.281467
346.699826
346.342804
349.376148
357.619720
340.725267
340.028051
335.358541
325.179731
353.244094
323.072429
317.621013
334.096819
333.438746
351.864636
349.154243
345.027307
346.467863
329.225065
341.420476
329.339795
334.386770
360.059480
353.291999
354.860689
344.917418
348.426031
368.036233
358.996166
353.813723
366.283722
337.673463
361.206335
331.646372
350.044370
356.371865
343.532867
366.244979
372.295146
363.062403
370.236600
354.182876
374.090708
359.699029
352.553474
364.805816
332.191959
347.275194
355.009799
332.739713
351.320333
345.374758
354.124695
361.901350
354.204297
361.022080
364.920152
372.736812
358.132864
354.959177
357.043541
358.029170
348.314408
364.741453
332.501473
366.879628
357.839078
367.604894
378.904006
358.472465
372.506178
391.710510
385.459476
414.950843
418.045252
422.541106
405.112924
409.091090
421.344492
411.512864
393.591622
410.300551
391.036953
392.517736
384.667734
383.720172
397.515092
378.926725
395.209855
391.520943
376.718640
397.305294
371.781057
385.259555
385.539474
368.832913
384.736318
385.183086
400.205835
387.876580
388.824683
415.778397
407.245384
406.608932
413.657754
392.340197
409.212779
408.597308
402.681323
407.062507
402.765067
392.124524
396.444543
388.865800
410.341646
389.010979
384.131555
384.304330
372.777980
381.397744
354.915811
354.664526
359.426144
346.235290
376.552889
351.591935
352.447544
361.136751
370.873787
393.649746
403.910035
395.588397
413.811784
384.301558
385.621693
391.473865
370.840807
399.399491
392.037927
402.448729
406.931530
405.776005
418.151762
410.573486
407.534292
415.513801
399.103946
421.144116
397.579164
403.120874
415.872962
388.456915
397.784260
398.025013
362.122659
379.564037
355.043930
375.321124
377.770452
373.714573
389.287496
384.700953
391.929844
405.369912
375.549175
418.554170
394.755402
393.084868
409.655288
404.750741
410.855765
403.918640
389.814009
410.004590
403.324536
412.369097
409.864966
403.626441
411.444635
409.435081
402.112064
411.554859
400.817759
418.336594
411.354243
409.397037
420.242507
405.237111
428.492864
394.581167
395.575177
407.655065
400.947600
408.368305
409.538099
407.321652
433.175013
411.137712
426.388773
421.267540
411.461237
416.260005
394.138077
387.434346
388.900150
370.458216
397.949977
373.965634
384.602947
404.098378
390.536563
407.005606
394.096433
391.810528
399.027556
364.913610
382.471195
367.665695
360.184185
367.873734
352.037193
354.949486
361.314120
356.709224
381.505714
362.850122
372.250384
382.823508
373.424044
387.533273
371.011464
371.096522
368.032927
352.261160
366.381895
364.469782
345.639048
371.231315
358.810395
377.798164
365.635122
362.344886
373.982580
363.002804
364.086379
384.217933
368.179295
393.556565
377.160623
394.881360
384.036449
362.841741
380.585524
383.953550
378.368619
407.965899
386.459076
407.243992
395.444408
390.994854
407.923057
383.297993
401.451132
392.846064
396.845179
408.321054
389.982075
394.342821
408.886130
388.274678
406.651959
398.796756
400.758466
407.346119
396.615602
408.650881
399.246071
393.751249
405.700087
386.781095
396.913302
383.450861
388.739890
397.709930
397.151805
421.673803
422.795741
416.586089
434.593556
410.310333
426.711876
411.832866
392.623804
405.269798
394.845514
402.674584
415.646298
397.986904
424.965617
416.156644
416.972247
422.827907
422.620068
405.187168
388.386880
360.026927
388.521731
366.813862
374.402750
372.132005
370.548676
392.780664
386.974409
399.065915
402.002841
373.615412
373.269326
367.115694
361.459370
375.986584
362.340515
381.022255
370.739742
372.875705
393.954700
391.866864
396.086258
412.445331
389.907781
411.832952
401.859274
412.197126
403.806848
392.808970
401.487326
388.828323
384.399204
399.828603
389.573765
421.361891
413.842317
411.086233
420.085130
409.843295
406.653903
400.693240
394.528563
409.278368
398.201860
426.201715
440.676601
424.682934
446.659463
427.872371
437.452887
448.943971
447.272717
459.561608
446.847876
451.511155
457.106781
439.654680
464.700377
461.728866
464.878720
471.950436
454.765625
469.809445
469.597643
451.307749
470.324612
449.056398
455.501211
454.582451
449.697470
466.199875
453.594332
449.595086
452.960899
435.423393
445.394861
418.446967
426.662434
409.980229
413.671229
427.732066
423.571031
422.749064
444.027997
425.291633
425.269497
421.025545
412.383867
403.342930
390.342925
406.211783
401.054292
390.122675
415.588369
394.306422
399.048222
403.725746
387.888386
403.571028
387.678246
396.296951
405.555917
387.013897
387.956763
390.454449
378.572074
398.406815
385.161216
401.949396
393.656635
392.640272
405.656561
387.920699
379.628569
392.302872
368.316142
392.836727
383.877676
400.421818
405.349750
404.940519
419.180625
409.908504
414.377732
432.314994
419.589193
440.955319
441.555455
434.658933
452.334004
437.724668
437.763747
448.941643
438.218845
437.912413
427.737767
430.092023
433.149146
419.881558
447.829417
449.698032
453.938045
454.560894
444.074248
455.534112
454.314187
453.871582
473.699412
440.166166
460.277964
453.340632
457.097888
474.286053
477.188033
483.851079
477.451585
469.638634
487.440651
479.267043
497.073024
489.911178
486.927251
486.959124
474.702787
470.056950
489.061805
468.401269
486.222337
495.112507
492.823114
496.049163
497.505326
507.423483
506.739771
504.179313
509.168230
489.660649
482.646003
479.622927
457.638019
470.093453
458.332059
446.149482
445.421341
442.241226
452.225398
454.051900
448.210402
459.949883
446.364003
473.379538
446.062484
461.835531
476.052761
458.221062
473.774050
467.727532
445.463624
468.582132
456.915245
459.930221
456.040118
451.215642
465.364003
452.424165
449.837511
451.503159
433.135940
451.301077
439.008801
438.477285
447.778713
450.065341
467.350457
454.409346
441.894509
457.388840
443.802752
448.302393
441.618802
437.723494
449.952192
424.521665
436.426173
449.466759
443.840759
458.773617
442.217203
443.471282
457.126892
428.404551
455.929209
446.226540
440.210975
440.658378
424.830926
440.188474
445.681628
432.113623
451.752537
421.972996
440.558827
435.376512
429.979778
436.152933
418.666449
405.354130
416.555437
394.444303
415.484230
400.388357
403.965145
411.368327
395.617850
408.872650
402.570157
399.187982
415.365890
394.027257
408.361773
404.345098
392.265484
410.902333
386.355627
376.136991
382.996826
364.896591
381.254933
372.040863
373.200910
384.285499
362.700643
385.584586
371.388238
377.063422
385.086335
373.295607
377.100444
382.727343
369.577592
405.665171
386.815737
401.606261
392.429906
390.339996
399.261338
387.028676
396.968117
407.187807
389.518119
388.113297
373.190790
381.050996
381.001464
373.036146
389.476172
386.075129
381.930267
401.983257
377.313427
388.236923
390.287177
376.283338
396.103015
370.833588
387.744808
386.812684
372.865328
395.568166
380.395076
376.763504
385.416197
378.226950
397.235072
376.799041
389.301637
395.541033
391.474777
417.272450
406.200745
384.297727
410.879364
369.904978
398.606657
388.308824
377.472088
384.009148
373.949624
372.906547
363.147892
339.579014
358.543068
334.575634
346.281022
348.335918
333.433858
346.907000
347.686907
349.270337
362.075444
349.331331
374.355068
363.030311
368.275716
389.113677
366.383390
359.650132
357.593142
346.943371
360.134864
342.750801
347.705275
364.518404
337.455845
362.440801
346.601795
345.906704
346.180232
350.053528
351.278316
349.314366
344.459423
365.610527
342.796992
346.985542
339.163509
334.720855
345.648091
325.006932
325.304536
330.703755
317.931134
362.693827
338.782838
348.082627
356.875304
348.159797
360.912973
361.913547
352.274480
374.209213
352.898925
365.452805
352.865769
349.814882
363.954302
348.656549
368.534750
365.651557
356.299892
377.557892
350.396413
365.425992
368.518377
357.090089
384.624768
364.071091
369.417901
364.486922
356.291156
368.767480
366.219906
371.552767
384.487812
358.025507
387.844358
381.392698
399.732842
422.288112
398.814248
410.717214
402.974004
390.329765
415.719968
383.786837
399.785089
389.819775
374.031359
390.604429
383.773247
375.854979
383.235717
378.402230
384.511759
366.465584
375.065350
378.756270
362.827272
382.823084
384.407379
380.971054
408.623945
387.440065
406.726253
416.580477
382.978976
398.686435
377.236969
383.891497
391.748951
377.913880
389.229521
379.961238
383.483252
392.947974
369.544407
396.340370
387.063444
400.842911
388.328774
362.561343
379.299322
361.656828
352.438480
373.258020
350.489638
367.655972
360.701158
349.797136
358.983836
350.321675
359.618717
376.435449
359.485151
381.549116
368.811291
370.557114
374.328709
350.578656
372.402948
361.453131
359.592416
375.906045
366.541085
380.772362
381.774053
371.214963
386.973567
368.883317
379.409270
374.153679
370.345601
383.667328
367.244850
365.004867
376.181183
356.589880
369.193794
354.854756
374.851133
382.713479
378.303779
387.249936
379.998364
370.601923
383.189744
350.615898
367.257002
361.617483
368.164228
374.739633
355.292537
374.781184
374.065048
369.685542
391.735797
380.473778
396.292936
411.034787
390.976141
413.957867
396.351895
384.999828
395.903263
370.503845
391.556787
383.595970
367.311247
387.062112
359.596230
375.451682
379.314697
368.704817
394.384305
371.361909
381.856512
382.769722
369.110382
381.667643
357.080631
366.044956
362.307778
346.092621
356.080304
343.913405
343.139743
360.605322
352.396044
371.989365
361.532098
360.320239
372.614606
349.209659
353.799915
348.715038
333.431437
355.133566
336.523748
347.382634
357.177333
340.996360
356.515566
352.539179
346.111692
348.077768
320.337627
341.340514
338.645270
351.941058
366.304443
357.082516
364.164827
366.211611
360.288687
375.884889
370.423691
382.898070
380.515049
360.311518
372.077673
355.353720
366.179820
360.922301
352.359448
368.365060
368.514033
369.451814
377.133645
352.897143
377.579391
356.983102
350.999609
368.120152
341.412689
344.694876
344.666146
335.484584
356.873653
336.712586
354.011448
354.398779
360.715443
378.620396
379.500632
386.249254
398.445929
382.546107
387.708267
372.336708
383.521632
380.801198
357.993915
369.053614
361.673207
363.588389
368.781229
337.260786
356.200629
357.163156
335.768010
337.696565
312.392740
318.811012
308.034703
283.669348
306.329614
295.161511
293.660717
297.859805
266.908262
276.812775
263.140881
267.414864
258.751179
246.858812
247.555047
257.442344
236.220455
249.413886
224.825632
235.661416
238.667063
235.496886
257.443472
242.884111
224.514335
213.628781
191.398895
218.185052
212.861053
220.857384
243.080141
211.618365
227.255879
216.912598
209.193158
232.503832
210.601424
223.244826
219.491000
203.050252
233.850924
219.497484
218.324450
214.723572
189.991816
209.852205
194.235550
193.693428
206.287027
167.719374
176.084693
166.035291
168.559394
163.913628
146.071822
156.828756
156.153115
143.093370
159.545424
128.380775
143.459412
138.232328
134.167710
145.220878
134.579671
121.701300
134.262132
115.654345
124.144705
107.955885
114.817744
120.325701
112.060738
129.561059
117.467711
121.953305
132.829603
112.939783
133.888425
130.633370
130.755233
145.156697
124.285714
141.094535
136.092825
129.748228
144.112755
131.200876
133.019182
134.759815
126.072072
141.620668
143.705516
147.537299
156.750442
130.425662
158.691845
148.911253
144.842429
167.090874
128.303376
148.066694
145.653091
139.012658
140.835294
137.580071
152.596577
163.798387
154.965665
192.073991
176.741534
176.955250
194.783632
170.387391
174.836724
175.548645
182.365402
197.648255
183.038473
207.479517
209.475672
214.726553
239.788863
230.432469
257.191545
260.824879
234.066177
262.257727
249.901261
251.369467
253.277780
238.980245
257.261090
232.670698
243.332264
245.697094
235.975024
247.091904
253.110325
239.043220
248.265839
224.406818
240.405041
238.113462
251.509670
260.618408
241.639577
246.058140
246.766322
223.569542
221.945195
195.920249
194.371314
196.108004
168.332909
183.463565
171.874508
169.584811
188.176597
171.770596
194.637653
185.189927
186.018670
210.689323
209.145418
232.660046
231.754537
225.808288
237.793295
225.940407
235.144146
231.189228
205.706272
240.604776
231.032380
231.904906
247.760546
239.321581
255.989819
249.754328
244.933303
256.352059
225.668838
235.899855
219.541822
223.818040
225.759152
215.650757
216.485046
205.829471
194.237730
213.988467
185.538865
187.757561
189.665181
193.965855
199.136574
197.694139
207.046456
219.411172
206.061924
235.081392
219.972357
219.628932
225.027438
198.663535
212.613087
192.698593
173.004691
183.531857
177.667979
199.163288
187.443075
196.345359
218.211714
194.345432
207.980936
225.017675
218.130485
217.802256
224.919143
223.709752
244.732051
226.186186
251.371359
217.880280
233.348674
247.592316
234.123765
254.963181
252.228657
243.537095
274.970513
262.909695
272.912060
261.606230
241.475035
267.760717
250.699007
262.051488
265.645605
252.301844
270.753084
276.562478
288.426837
295.256928
281.613615
293.786753
280.150398
273.288302
271.320483
246.507141
255.865222
247.152502
248.071467
266.478854
252.740827
240.532097
240.884739
220.715711
224.085026
207.713727
213.161262
216.990000
183.407920
206.409254
186.264576
194.157796
200.902594
181.791188
198.747717
193.698937
176.198595
197.763319
185.495457
204.359948
201.936935
194.388302
208.519854
208.196003
213.111149
209.451754
195.821001
228.305900
227.012057
236.483620
256.092694
250.777146
256.180924
249.458310
252.185328
266.992305
244.462210
255.521915
258.757494
260.980550
278.960881
256.884580
279.201352
269.452057
275.642329
291.779287
280.001315
285.295443
302.901781
286.020645
325.519002
309.676821
312.661363
319.672047
316.867258
335.785164
346.675494
343.174935
355.734163
349.982077
374.345512
358.033404
364.878578
369.764253
358.435596
375.684010
374.128643
349.209952
369.289330
366.220236
379.783784
378.725999
370.891986
390.442291
379.401415
375.640460
382.712384
376.861760
386.618556
379.741831
367.952546
388.653157
351.881072
352.057991
343.704647
331.759539
328.039574
295.270649
289.605071
291.446788
265.199042
277.119074
262.936135
264.028407
266.014893
263.409494
260.512746
259.774286
256.074012
274.568409
246.861061
269.397194
253.611832
262.569489
286.525815
289.247127
287.354518
285.845448
280.479653
302.172228
299.889036
313.338499
328.643611
306.676301
326.682537
326.700863
312.818693
315.716199
299.817558
313.131275
306.562002
299.673038
318.754079
304.195802
324.560848
319.550455
320.880279
323.155298
329.235168
348.230771
351.184984
348.749486
373.756092
353.046306
368.707505
367.534017
347.408148
350.876501
329.650004
326.039090
349.070390
336.300553
352.336872
342.053073
330.961927
339.002394
352.903061
342.265439
354.975672
348.655618
367.252316
354.615213
367.712271
370.219486
351.942872
366.899321
363.501130
370.038278
379.443185
357.032994
373.451751
372.835805
352.132427
369.314500
351.570649
366.984491
359.128136
335.144216
353.102596
331.145502
333.787643
331.095943
313.572295
328.991216
312.446967
329.688891
334.320767
316.912570
309.505786
305.180433
311.091796
316.132685
280.206260
305.918333
286.443039
297.826793
305.479417
294.012054
310.810125
313.945594
302.213678
318.298867
303.059678
321.027444
322.087274
317.960479
331.317142
304.983776
295.364340
310.170037
300.069552
306.015924
281.921019
299.184194
297.597623
289.536552
308.360372
308.357479
300.006880
324.678569
325.532333
347.404942
352.684029
338.324288
370.578065
333.788728
338.160857
338.812887
316.247953
339.465744
337.221982
317.173468
342.881869
329.323844
359.608926
341.469556
352.862670
371.630889
357.726022
378.421065
384.568444
370.316841
386.668641
388.229557
399.425089
381.841942
379.008618
391.466511
377.554381
386.980800
378.511815
363.316285
389.758464
361.093571
388.497062
379.710352
357.136414
374.450857
353.671633
353.334386
354.725118
334.993681
358.017798
358.364994
342.928536
380.312865
367.274845
358.741103
347.424741
337.241586
348.992787
327.004104
339.126601
359.286210
342.220305
359.584293
340.462797
334.342427
339.752580
326.769763
341.340981
334.627674
329.694482
359.056352
333.646320
347.039335
350.573723
351.103645
356.652880
356.840464
369.838510
383.044416
365.261808
395.946252
377.541646
375.657811
387.858692
377.518558
389.538019
369.205042
380.369201
390.650037
378.417941
412.464755
401.457708
414.996483
426.225184
396.002225
404.375035
384.181864
376.866425
381.222852
356.086446
371.238121
379.847806
362.446628
385.836794
352.688544
366.987863
369.773285
349.744430
357.899651
343.767866
335.976524
346.766020
323.081530
333.790729
318.153695
313.231710
332.407709
304.284867
321.530293
326.307271
311.322597
325.503408
307.820042
327.061731
327.469410
322.066237
342.488830
338.326068
358.392220
376.413298
353.077619
358.618402
358.394901
361.066886
365.644366
344.926088
365.243075
350.413614
338.203691
341.262185
330.004250
336.189891
339.440502
322.896978
334.903318
320.442838
320.588574
313.925094
292.173981
299.256100
284.607454
277.925697
286.232522
259.464162
288.651734
240.786668
238.317673
252.489501
239.114118
275.916590
270.719091
264.048224
288.637005
274.216152
292.244480
285.485131
276.083752
300.373466
281.835449
283.120059
284.768764
286.043565
301.025158
282.091045
293.903475
299.404137
289.100024
310.905963
300.231750
304.335900
305.223138
296.300137
303.547817
297.888481
281.452062
300.488955
285.190831
291.731241
281.691105
277.538334
291.165243
280.727496
287.511704
294.277059
272.674881
297.955009
297.369749
300.129234
304.857488
292.189321
292.116553
297.462112
274.928423
311.538102
279.701738
269.349722
264.473669
250.994140
265.553238
255.836089
247.672519
248.826059
224.964268
251.626426
230.899515
244.644638
256.599748
235.232947
254.447948
224.658501
223.984309
235.023142
235.028030
246.735610
245.680878
231.877471
257.187618
235.546695
261.907598
264.067388
258.800254
264.766465
244.821362
245.059382
243.274924
221.323918
227.230426
216.210567
232.764144
246.512516
239.665370
266.961150
248.286702
259.460638
280.826377
276.231356
290.967769
286.398268
286.108305
299.747190
281.261782
297.648695
304.127256
286.050170
306.063395
301.413504
306.724235
318.277390
290.838374
313.032548
300.340651
318.304312
328.192236
316.862227
325.573471
324.473557
317.049830
334.635833
321.773873
334.695101
348.545077
348.496354
345.145034
328.887246
322.524932
332.159258
321.516641
342.897386
325.450402
323.009448
327.017193
312.733168
339.410543
342.023374
324.506629
349.508957
323.893286
335.998376
328.320314
333.101575
335.865965
331.613317
347.892414
378.334761
360.753836
382.488008
368.838418
389.802438
384.060748
366.878902
393.865718
390.339725
391.940702
386.999792
388.987736
403.642141
399.640188
387.051856
390.546401
368.585469
379.988791
376.651240
372.357427
380.252035
369.188718
365.775834
364.601793
358.392180
402.023243
378.237791
392.380138
401.663755
392.952511
416.516212
415.496152
403.075061
423.573412
409.709826
425.571683
410.054272
415.130930
420.434624
410.213341
416.362360
413.778230
404.577448
399.845142
398.067376
405.604907
397.595178
389.555248
399.860465
388.199352
410.522585
422.167645
391.572778
405.861591
386.273269
393.227483
409.866295
384.423264
381.668512
352.715265
347.019922
351.024652
335.570357
339.938268
351.514616
347.342155
375.696736
363.158126
374.334855
376.752133
367.825596
383.070830
376.945495
382.916854
377.218327
357.831892
390.120606
363.930479
366.317004
368.069588
356.080956
361.941123
360.227878
358.286075
365.721035
343.613438
359.327066
345.775415
332.052483
346.111861
324.418407
316.529403
321.160331
310.772354
307.960764
295.955907
299.718494
300.879888
280.889587
276.743856
248.773754
262.438546
268.858951
265.743168
273.858747
265.896488
249.955687
261.084985
233.798095
247.624686
244.711466
236.960334
259.307211
255.535348
250.045535
271.537264
264.548389
279.137975
270.865808
294.143647
302.130716
278.806136
292.833072
285.514188
277.410029
279.304236
259.351394
280.671529
279.636962
279.033475
291.832056
263.602768
279.645897
293.587920
289.259511
313.382881
307.603259
308.408960
313.205267
307.136923
311.691943
300.021414
292.613037
301.800882
293.931819
314.514541
322.054800
322.534228
349.211823
323.546645
338.948324
335.525711
331.263230
337.325945
324.044546
317.733052
317.233795
314.193913
327.098674
310.605867
322.898586
322.124778
312.737823
335.244921
329.768485
326.346335
350.972464
321.814465
333.092682
323.288744
315.652980
327.457593
313.086816
322.799308
325.603649
312.479904
320.392032
306.574154
318.867480
322.146452
300.277521
325.379972
309.023379
304.561872
319.152224
309.058598
318.943390
312.295350
306.046204
325.197508
314.448164
328.591785
329.087347
337.921489
341.518798
331.989861
341.676203
341.681562
319.180725
332.481643
324.143419
343.278160
340.759183
336.754122
351.443616
345.534819
332.050137
345.518760
322.322394
328.040870
324.768499
310.006931
321.550716
301.079702
310.966000
315.652816
286.895640
308.621842
297.507907
298.484936
313.324826
298.673223
317.797033
300.392912
299.601796
313.151206
286.840394
294.475225
295.396569
293.942286
304.293996
276.247834
300.568360
287.221132
273.115052
278.360397
260.653167
277.994574
291.890713
287.154836
319.541180
297.655757
312.129215
320.249812
311.509033
319.562348
304.987821
309.545077
326.992508
302.006722
328.795798
336.211831
331.148312
343.702608
338.280165
355.375541
357.893826
347.850177
357.809714
340.029227
365.523886
366.156830
347.849236
373.810988
339.400191
347.114464
356.136186
334.662746
354.848710
331.623902
342.223859
366.144968
333.857690
351.264015
327.991347
332.012150
345.522617
326.180549
336.775595
346.578992
344.192370
350.757527
318.765259
320.317984
316.730583
295.441128
307.055701
313.013157
317.266836
331.468775
309.240068
333.532932
315.025014
314.233726
330.419804
313.525083
320.897731
317.604356
305.483097
332.346488
305.385620
320.258959
336.567557
310.770567
337.327018
322.267780
338.053489
337.968278
315.162745
341.305625
315.047685
327.007819
340.882105
313.292417
331.853483
320.451004
321.987095
330.134919
303.356370
323.934252
328.474311
312.855261
333.369125
306.848608
321.864208
319.582280
305.600179
319.561719
320.096448
331.096265
332.525903
330.794866
369.612058
345.910844
341.811348
346.029662
322.447833
331.823364
322.545592
308.297129
331.778944
322.826226
340.500523
334.956076
329.563098
338.572168
312.061090
320.197343
317.395087
279.005082
287.713535
277.830195
273.308079
271.698880
254.962093
277.490151
278.607706
257.173286
262.448850
260.949495
251.771750
262.491421
258.449049
281.200662
270.042183
276.476438
270.440979
263.709608
284.913703
257.625725
270.139576
285.085675
265.220340
291.682220
278.420903
254.490312
263.555847
269.571631
268.557992
282.759793
268.410496
290.216081
279.690423
298.860936
300.489930
287.065919
313.988691
298.397531
323.410021
327.170623
313.790666
351.368242
332.055863
337.238554
340.897985
325.373511
354.708835
342.046598
318.317238
329.372782
321.088738
345.098999
350.904016
352.401279
356.540464
343.549305
347.465362
326.949619
316.055204
336.617740
331.782094
331.506539
340.508265
325.843807
366.939357
347.062351
345.129569
356.236045
338.946749
365.968480
353.196412
345.852397
359.140535
336.456042
364.270056
349.902353
337.998773
370.432260
360.565534
360.566400
368.758652
356.833511
358.180810
339.905707
347.180245
350.032341
332.719986
350.586668
323.221349
332.962059
349.094582
333.777259
347.965121
330.528023
334.711796
355.583166
311.792661
322.068520
311.885595
297.025019
312.875305
299.030784
285.568289
301.343821
270.346480
295.198056
284.574166
276.086923
284.761175
272.962814
286.206705
269.536778
281.112607
285.290879
261.373025
303.213078
298.125843
301.070282
310.604943
302.172754
315.167769
314.282572
310.657108
327.637186
313.895696
303.885751
297.581557
290.256559
294.498352
268.695193
270.828959
286.856934
259.622396
277.745456
285.792220
272.530429
304.490620
282.089286
282.939600
278.064521
276.849261
302.693331
281.351364
293.310671
289.450340
275.407367
304.652795
262.838396
286.084990
287.186837
285.799271
280.515064
261.644400
264.561962
272.315711
255.191519
281.069672
273.613841
277.010819
291.675518
288.520546
304.480483
311.341038
297.964459
312.166550
295.817015
320.967592
330.754199
334.050817
355.359145
343.204815
357.078287
379.392979
367.260086
390.995795
387.661869
391.638620
396.080469
381.692774
395.883962
385.031672
403.529725
405.506472
386.507560
394.786865
394.882210
388.784808
411.204588
382.191572
393.880013
377.699456
372.647392
388.817230
374.208128
362.693637
379.001150
361.683557
389.441291
381.307447
378.598790
386.980915
379.639129
394.948237
398.304424
391.366255
409.768289
389.094885
401.788182
397.025518
370.177654
386.875036
374.148724
378.975187
379.241783
352.774561
370.296392
359.121564
336.925293
358.216104
334.573365
346.050164
343.590161
346.444954
360.912537
363.223984
379.191488
379.901526
379.928950
390.866259
387.344362
391.435336
379.954375
369.538897
386.501215
373.004278
355.474409
381.910276
348.872571
366.215877
342.843306
350.711320
353.922640
353.152200
368.024088
358.211003
361.182178
387.446350
367.139638
358.662894
354.269134
337.549101
353.969720
330.401052
340.304283
346.399990
338.981072
359.893528
350.344528
358.279778
352.614426
317.743802
342.582362
329.268683
337.309281
334.067027
330.611417
326.915818
332.601079
321.059461
323.301647
302.969099
306.385983
306.282727
317.214614
316.517918
304.260953
305.437034
319.924151
312.374594
341.497052
327.342676
329.330907
334.582915
312.465439
322.283058
306.973407
303.987084
320.405170
294.519325
314.366389
309.764743
312.665922
332.130097
309.067089
318.670333
321.957780
303.559956
321.343429
316.448901
306.557927
324.611148
312.612106
336.570728
319.644963
313.480508
332.171817
323.397151
344.924155
336.959370
324.781178
347.270000
353.124135
367.103782
352.730758
350.592739
369.413377
350.473784
343.647407
346.029915
329.962975
360.876192
336.436509
330.440908
330.719787
316.837222
346.521934
339.825335
313.385600
339.202720
315.227962
321.271115
322.456432
319.455749
335.181124
316.913199
336.205833
341.239727
330.847393
339.069884
339.307519
346.314905
349.273779
332.984949
357.545705
344.186746
339.452928
363.277041
330.150353
336.186685
319.961773
310.090875
324.836754
302.863766
320.163271
301.762543
319.972818
336.271598
348.024639
335.265396
336.774630
332.939165
354.034502
342.285920
349.116696
354.673215
346.486847
357.207518
357.535980
364.660299
379.532092
355.378281
377.201275
371.354478
381.448948
382.030537
369.645885
392.043562
386.630772
365.029413
370.997173
352.432782
359.845100
353.563018
340.286495
349.118223
335.541412
346.729818
364.556079
358.739569
352.945279
332.492855
341.519275
346.345628
341.007523
353.363908
344.765963
334.664179
340.576557
328.340379
331.598675
341.715453
328.979508
344.159529
305.774558
322.827423
331.686452
317.730342
322.246232
327.399124
336.671189
344.556568
316.560232
331.690792
305.316534
298.976026
301.873607
288.928041
296.231343
301.393121
298.004775
312.498449
297.110525
315.788117
324.188822
314.341185
331.976634
316.939644
307.115758
298.666219
283.599955
296.719427
291.382314
293.686635
318.054533
299.104390
324.042376
316.921268
317.998368
331.238879
329.154797
328.150444
320.776611
315.492824
328.221936
319.214097
331.710648
322.470729
316.483854
319.780132
308.561433
307.625068
312.018366
300.778244
326.282934
302.588931
308.422776
322.486802
303.689531
307.621774
314.984830
292.499770
315.648352
290.742581
303.644296
298.429089
271.219224
296.319241
279.291395
278.005762
279.447608
273.243615
292.908909
275.371806
287.557880
302.766593
289.848887
316.866937
303.018567
306.168431
309.652740
301.273481
300.944448
288.272674
273.164980
280.057094
275.469140
300.894071
310.803781
311.035129
313.863693
314.660412
309.370645
324.144662
306.350790
325.467443
322.551527
336.270152
348.054971
353.098135
343.920054
326.208674
313.831236
321.327404
316.225311
323.923481
311.097263
315.095317
326.259380
307.822323
315.679590
312.987190
307.604620
327.126307
321.668820
342.839469
357.830990
348.401993
380.037170
355.617486
346.973461
353.454945
329.246989
335.418306
321.323834
311.028634
329.159413
307.755503
328.634736
328.157845
329.053616
338.546039
343.377395
322.900134
321.698223
322.773871
349.698136
330.416689
329.746980
330.246288
321.456674
330.695743
320.445357
321.709506
331.043023
307.025780
322.378906
321.633443
309.135045
323.625155
302.544969
322.918106
328.998737
318.874924
328.722704
310.800966
305.521103
318.120487
305.302097
322.227987
321.302099
323.452054
340.368337
322.728019
341.857213
338.665857
328.040788
330.372302
312.233301
323.432151
309.888750
311.239936
322.859551
311.744242
304.992733
308.401586
298.307004
310.066663
297.534093
298.041461
286.428607
283.256936
298.758592
290.647355
287.202388
317.299335
292.106079
310.981651
308.128163
315.358538
315.712952
301.616020
331.196976
318.719769
317.236265
333.416061
307.854765
304.172371
305.389125
309.116275
314.156739
296.689605
301.807368
306.583562
311.010869
325.697302
308.234671
300.231454
322.014265
315.917386
324.702658
313.381141
320.244008
311.516520
299.405932
304.627427
309.887994
308.358505
324.337285
305.571064
315.177932
316.134525
302.256501
302.180587
297.514208
290.931201
310.480807
288.935292
304.498373
294.924335
292.540335
297.278296
298.536864
308.512971
302.414611
310.409381
315.792411
290.886082
308.623939
329.507143
318.418029
333.147123
319.740803
336.325039
334.558623
323.146424
341.019371
322.818695
321.455834
327.487491
306.882133
325.965027
323.217276
334.677558
353.966983
337.937836
338.890528
336.902898
327.059683
351.960064
323.213523
327.888363
321.123308
314.117112
327.537310
313.004397
319.917657
336.852696
318.793859
343.989089
334.399957
343.518848
356.388022
350.511183
353.472606
347.773348
334.188551
345.744702
326.418348
336.291259
328.077015
309.328508
325.550141
311.297149
328.149842
334.214589
323.327647
348.763533
336.091047
331.508386
331.407039
320.999759
351.373347
350.216600
344.000988
358.021014
341.321642
350.720894
346.399970
339.328337
378.590797
345.281258
358.941938
366.402120
358.830214
355.139396
343.628815
345.963113
334.447834
315.057979
332.528978
301.180494
315.593766
327.568314
294.340929
312.233200
310.975009
295.149461
316.757672
313.732915
327.782292
316.995520
310.763338
313.951734
290.635075
298.367597
301.956555
285.983988
295.807796
289.527315
299.103535
315.896027
301.210493
323.965224
308.693484
327.239553
345.314673
342.044130
354.046627
354.398334
340.017077
369.068351
335.877406
344.215240
332.259609
324.807043
340.037144
319.906983
331.743779
323.872044
302.005871
331.270257
323.012306
352.983554
352.752928
353.064024
374.006460
356.116926
359.011545
363.058836
342.812173
363.083449
347.095586
346.993260
343.409600
316.343452
333.340643
326.078413
314.169725
334.867086
315.034093
331.482245
330.479344
323.361872
341.753683
329.763957
333.059726
334.739514
328.681665
327.264619
318.833528
309.622932
312.003044
305.227253
320.033728
299.725685
300.218611
318.043912
315.974877
316.674158
323.050267
305.822989
319.737719
299.617755
308.216035
306.616874
292.669800
311.979513
303.890514
302.739843
310.578092
302.122898
330.343062
317.049116
310.572788
323.070307
293.744897
309.314532
300.307226
289.456173
305.353390
294.332779
305.179539
309.888866
298.845722
316.581221
294.933546
309.066809
306.564763
288.152247
301.395511
293.186290
284.863673
286.371938
275.578396
288.363658
269.272228
277.425041
274.329117
252.281505
266.858187
284.395368
266.521035
273.442722
248.481175
263.934710
266.047955
260.131259
274.503722
265.821271
260.987841
268.655001
255.740124
273.086829
242.722707
246.450123
246.263909
228.306611
261.163938
252.448003
256.444087
280.009041
265.218480
277.915900
288.365888
256.320139
283.413049
266.727564
285.446443
299.109576
286.870069
320.269257
313.226385
333.086348
353.241244
329.267054
338.416647
314.439923
303.108675
312.281794
287.348296
314.453931
314.933610
298.431793
343.755815
318.442856
340.459173
350.713329
348.650390
369.965734
365.712496
355.548463
362.253901
335.803463
348.560412
327.421222
336.798957
323.654825
301.502359
326.779766
318.315221
319.724871
335.229562
316.835215
340.139127
320.959019
319.361112
334.196083
319.484466
328.863219
322.020933
295.832705
321.957679
309.299880
312.734466
327.647894
301.901063
332.607290
312.245156
305.197289
312.267914
296.981022
306.288760
295.984648
280.564707
295.469264
268.990450
267.377703
270.208715
260.062260
268.958519
255.699042
251.476650
257.866025
249.030110
278.944733
257.657095
259.523302
275.588531
261.633588
285.329457
272.455596
269.223605
284.000053
262.859866
291.381586
274.570665
268.964311
280.741743
275.644524
298.744507
288.217737
275.066388
279.011273
267.522849
269.692166
263.568884
240.671971
252.348311
223.702549
245.955442
240.734863
223.818838
240.470653
223.958387
229.374530
243.419498
218.993449
240.370183
230.159296
223.687070
229.489310
224.741383
236.347600
248.171481
237.687615
246.709901
229.389432
231.611706
220.914105
219.273659
238.052928
237.608896
242.231572
262.247384
256.070955
273.063244
260.015940
262.462019
274.596059
265.252699
291.836802
281.208909
272.021528
279.563737
254.984311
269.045163
262.404370
253.901460
278.992418
254.733068
259.717125
268.940964
257.621354
264.033069
265.332053
243.128902
262.394774
247.506994
263.115095
241.518170
241.019712
254.939937
243.902963
241.247993
246.669749
235.251356
266.527403
258.298776
268.973212
270.997624
253.450557
252.440813
237.877470
224.851980
248.311035
218.589311
243.144941
233.525344
225.378621
245.398711
239.209070
271.601569
278.898049
265.664509
278.873607
265.794458
279.118949
273.549175
247.359837
271.077625
249.705393
276.550324
278.528136
260.271338
263.618120
267.263940
275.975459
302.005394
295.448310
329.381831
308.422466
318.110608
310.432863
304.800228
316.923959
303.316490
292.224698
316.812879
290.346365
308.484321
291.439937
283.098800
292.312887
276.444777
292.311812
283.892718
265.595183
291.566478
270.953551
277.962754
277.431676
259.886117
272.361098
274.825010
286.688997
303.580061
279.372282
292.825508
288.895562
296.847120
307.687303
295.833187
319.351428
319.456765
312.950510
308.720062
283.436356
301.432231
317.905827
306.552767
322.529599
307.665261
314.897408
331.694555
300.979435
311.538604
320.750576
294.024659
316.091362
303.097937
327.950927
328.125303
324.087857
327.442399
312.613795
333.627207
323.154592
303.412062
329.384873
306.715840
319.839171
323.591204
310.510934
323.273216
314.068590
311.725155
332.970312
297.575664
299.905361
303.530104
301.926691
324.777477
306.386811
308.550161
312.131773
310.858599
342.514113
325.841870
335.286350
340.511441
322.990069
353.132093
319.056861
331.436835
329.743714
328.774481
326.604024
323.460223
319.590979
332.210943
309.575749
320.672690
318.289127
327.793799
348.661945
328.200068
317.460324
318.432563
311.662657
332.213953
310.989208
328.989364
334.496998
332.247980
351.767757
340.919196
344.510422
359.807911
342.793420
360.040971
357.171719
352.116172
372.291794
354.029243
374.082836
383.200221
375.988014
404.092113
368.951255
385.703640
384.502989
373.945145
410.636556
398.073701
400.062556
401.388767
398.883641
416.263485
400.705034
401.742565
422.967234
387.879815
411.709485
392.303255
374.676972
388.146929
373.656568
376.594065
381.442459
350.347015
367.621517
345.373189
355.694424
354.738865
348.590222
366.869432
344.936982
348.907845
350.815235
325.592555
352.153607
342.322292
332.791168
350.861096
324.979816
349.467466
355.977056
337.475501
363.904220
362.896562
385.431390
389.892503
382.929293
398.252457
372.223769
367.907840
371.789455
347.307150
360.162939
353.311855
338.669182
348.527569
320.442260
341.420547
327.017105
335.497768
341.314168
328.128570
328.650014
334.553709
322.634062
340.127942
314.560991
328.965375
333.592412
317.428120
338.497756
316.797298
312.069578
336.709293
309.734549
329.547750
320.590183
336.825032
358.684594
323.586910
342.400183
336.987675
322.430978
348.379005
325.210679
340.014531
342.094548
327.808971
325.595321
302.148505
309.590449
302.654069
309.837279
319.665509
306.062445
320.142375
329.666305
297.151921
320.057140
311.816771
304.728670
310.904489
290.387536
293.042615
289.746605
271.202313
305.368791
294.707163
308.176733
301.219872
301.778060
329.376088
312.341939
316.393641
323.308802
320.529555
330.785327
324.665715
337.558556
346.052030
325.767982
346.075137
319.152002
308.973997
330.817037
299.602342
320.162753
312.820854
293.862522
308.032485
281.458222
302.242288
301.737399
277.731396
298.046043
274.699365
269.177723
286.531181
263.713296
286.509122
257.954653
256.053681
251.130871
243.021421
256.236012
251.284291
236.455094
259.727611
235.454051
242.127134
241.165293
241.726474
258.335226
247.554912
253.613933
256.898830
237.832737
268.221935
245.997157
246.697800
263.897401
245.112625
274.359895
272.257176
280.783941
301.498686
271.917880
279.231028
270.268098
261.154715
263.549547
245.470976
258.828530
255.171218
241.502896
256.655367
244.966052
256.512673
283.960806
266.352994
288.624328
283.627108
293.034919
299.797291
282.403113
297.875154
304.971673
294.065926
306.015641
299.683540
316.916112
313.721057
312.710233
332.511922
308.161673
316.918309
343.666223
335.243827
337.795387
327.500745
336.850879
330.216020
307.474658
320.620279
310.392802
311.937309
323.027028
312.289418
313.124254
323.007830
320.073040
341.671052
313.792787
312.052857
319.199739
304.034263
323.193140
295.312283
293.933426
287.141265
255.970230
263.952597
248.103589
240.803345
226.925964
209.163727
225.974345
238.940102
229.512613
250.316081
237.794689
277.420495
261.181267
267.387314
288.771225
280.356548
278.745185
276.437297
255.621435
261.474377
248.596311
257.124363
268.334960
253.461334
280.295012
273.952109
272.785843
276.761555
259.629861
278.481221
262.707096
266.986672
294.412339
288.768423
310.563323
311.302530
304.064582
311.317042
314.381051
319.433527
327.190825
319.348887
333.402766
322.054499
316.039339
314.448649
303.471992
319.454403
314.691678
289.204671
319.404416
300.801652
305.944807
292.244087
285.111352
294.054711
287.614317
294.341006
292.971911
284.511666
305.082977
278.103304
288.590954
284.134628
286.836051
296.789185
298.999189
297.831668
289.258571
293.250674
310.384693
286.082954
287.114208
283.554857
284.841812
296.993511
291.130437
293.506627
311.150452
303.517993
300.171983
309.918680
293.926171
298.766376
294.353303
311.672601
297.522687
296.629539
315.055123
302.559700
296.231568
304.009154
283.287641
312.638210
298.614969
311.129694
318.137753
310.733993
322.831749
312.586364
294.184994
311.593228
288.385063
305.059462
293.289166
289.713314
304.658515
291.442880
276.322131
281.151364
270.403248
286.046861
276.090949
282.002710
303.588390
283.653320
292.164508
292.154249
289.073697
293.171011
282.173815
295.613060
287.728298
291.846043
298.533427
280.812198
294.218970
290.333476
294.361784
306.004839
292.237596
278.668568
304.001633
282.810873
293.025313
276.077643
267.993776
273.215769
256.476783
278.814558
274.020406
257.406884
267.546302
264.097975
274.238128
262.672326
257.893345
269.880017
250.878356
260.006399
266.168936
245.802344
275.779143
264.086078
284.211291
279.706197
277.962822
294.025071
275.884896
276.584229
282.593254
260.038634
276.918972
269.858593
262.970078
284.408455
258.905188
280.903943
266.743568
264.435358
287.083202
272.903838
277.130810
311.083584
285.273949
310.782645
309.014551
326.649504
327.819698
335.233441
372.040959
381.263569
372.577524
387.178158
357.447359
362.714369
352.206607
337.207407
332.034279
329.331192
338.595383
344.359337
335.035499
356.955501
342.518301
351.807582
352.378730
345.713359
364.066120
345.516140
343.725193
361.714641
351.584996
354.286734
365.496546
352.498950
356.962941
343.061549
361.429718
365.440491
354.564983
385.662431
362.354837
373.310960
389.745954
370.705246
407.038749
394.224935
369.416933
383.674530
367.033737
393.843196
385.626545
366.002716
397.961662
371.017025
392.932638
380.981152
385.229352
399.106239
392.695406
414.340798
402.094281
377.925174
402.502323
389.163314
399.170169
409.517558
399.706936
424.529294
412.302996
405.327428
427.134940
394.975774
426.626223
423.118983
435.714809
444.454100
413.951681
434.583697
410.659663
402.123003
406.881641
376.595782
385.561708
391.321522
368.483745
392.697800
386.701647
384.357598
384.469712
382.195771
380.553609
368.570456
368.305988
390.376436
374.556412
417.198737
392.286601
392.182436
411.809427
397.392363
415.367698
398.214452
390.753662
391.357130
371.368151
386.995378
354.408526
350.429225
357.533846
331.740504
328.145935
333.372544
315.478580
327.897249
320.450229
310.034155
313.899454
300.343722
312.569256
300.519403
274.698756
292.200173
285.715250
295.251976
289.233385
296.199436
308.938963
298.205261
311.091869
297.777931
289.193733
295.816774
285.150995
291.160221
307.127137
281.544657
304.603131
287.353474
286.726199
280.083281
279.366419
289.560029
279.048761
263.518552
290.545758
272.261614
280.434105
279.297145
259.137881
268.110302
246.547363
266.410462
275.803894
246.362757
283.042901
283.275506
281.548901
296.370430
279.772300
292.893667
290.135236
285.160914
298.565135
280.333302
310.922897
305.738830
299.641883
320.389863
298.958945
323.876172
327.475847
324.243983
340.916082
323.350706
334.111790
340.480795
319.202331
349.391265
315.534843
347.708910
357.698064
352.296754
364.594005
365.592728
356.464086
362.672917
328.242173
363.870676
351.275545
333.503671
358.354580
328.032412
342.875321
341.095269
324.740766
348.725402
346.741183
357.391823
379.320510
354.013788
357.664644
336.724265
354.565898
350.473162
316.784157
331.548932
346.106365
308.688929
331.473141
311.005635
338.026327
341.230922
331.195423
337.429173
334.590549
339.303240
320.480356
312.218056
327.759878
295.225849
312.728868
300.482631
294.796787
306.502505
302.468136
302.713771
320.079510
304.403286
318.087046
311.796942
313.128289
333.665962
328.873506
330.133996
330.014311
326.398241
334.953506
306.315069
315.517291
311.101166
286.616890
298.362300
288.720931
303.061303
306.673837
295.140452
321.555640
308.927345
297.033255
316.007421
301.574648
324.892867
315.509373
316.183922
303.152779
302.686759
312.732335
294.686957
289.641258
317.199296
280.243762
294.804408
305.109764
301.475551
302.425671
303.480990
301.250268
319.887230
303.208163
314.908404
302.774003
321.306868
328.207361
307.946643
324.658353
328.567869
320.484299
336.477394
315.189674
321.991014
315.854962
301.317430
310.907981
301.637398
315.846671
339.899315
330.414524
350.593454
340.667318
349.215459
346.323600
343.374629
369.270904
353.260857
370.686395
366.972449
343.254160
362.542169
351.067484
335.626408
367.826254
350.276132
379.564375
387.996734
371.095756
403.171460
395.081041
381.723894
398.555376
377.527747
409.623115
402.948782
411.277560
424.581679
406.390592
410.585256
419.791905
394.115548
416.226516
381.170653
389.328072
390.645163
386.524416
403.406839
392.144960
406.139537
407.943509
387.248308
400.515354
382.934869
395.808163
408.183094
394.324823
407.089714
397.239684
395.793705
400.651250
383.572232
398.794514
399.049747
393.959840
417.845726
387.068331
416.171096
402.810483
392.797766
409.711115
386.290109
389.907244
404.258507
387.275013
390.333833
365.822821
370.620809
341.835817
331.659205
351.797574
342.374008
342.469376
359.223384
326.562623
340.233082
334.527238
321.558405
341.600294
320.306487
328.853099
348.385935
312.625619
336.321186
310.353937
325.463007
322.562461
303.283187
328.860234
319.314694
316.783184
336.534130
320.825235
331.656205
337.554231
315.940086
345.103483
310.474547
337.690412
327.858325
327.963654
340.973463
320.830832
329.375583
330.258611
287.000312
330.822200
326.479694
334.847367
346.166671
332.789430
358.593846
347.473499
345.896651
373.501900
356.187783
383.893201
382.149691
376.219342
383.823592
357.794333
382.193608
395.449589
380.625041
410.022616
387.574183
409.515942
410.270147
401.581907
425.941658
420.942863
415.077100
414.021649
413.731939
435.991266
424.674520
408.408820
429.025099
388.764331
408.069005
387.983153
394.534656
398.779067
382.171023
388.703310
393.037433
370.462758
405.809662
381.914935
403.218012
410.252707
390.175797
387.245218
373.197411
370.757714
373.987172
357.994307
365.941873
350.868407
350.799992
368.943905
360.371099
369.364086
372.418458
370.230414
406.685530
373.511813
391.205070
396.352794
374.534245
393.191476
369.393315
377.199006
387.143282
376.515316
386.182072
375.995077
376.645892
387.074172
363.641984
389.884237
367.958986
376.364132
373.383127
363.702569
377.677624
380.503158
380.245155
390.767535
382.009935
399.284692
387.576002
372.608175
389.614164
378.114323
381.721345
390.797297
369.356353
381.357956
348.316682
358.427825
360.655554
331.728772
342.066688
340.852654
339.932946
352.120783
335.431215
361.803643
360.040548
344.047233
360.929567
346.473805
359.261578
332.740725
320.038802
328.528959
308.884836
302.091395
309.859727
289.342831
306.217857
294.009401
289.476603
313.380810
301.297321
322.064763
312.208420
297.345452
324.464885
297.513853
310.287255
303.013343
307.177365
326.454340
325.188300
328.854492
337.579129
324.427987
337.891919
322.038885
327.211181
337.098388
342.566177
352.780549
351.374517
354.976491
377.000482
352.850779
371.409683
375.862894
359.339559
377.807457
358.766649
358.632501
360.476259
345.772909
358.150742
343.332621
341.564934
344.825424
324.965320
341.553555
310.799441
308.642879
320.379918
295.563668
299.609891
302.773132
288.125047
298.458462
269.992740
279.599425
287.167169
271.123036
285.224198
268.544129
269.204299
275.040161
250.163624
270.658907
245.084634
255.353220
258.618526
250.236609
267.797477
261.403004
261.421774
286.057015
265.391765
279.105131
269.408784
265.088484
279.652756
249.472482
245.032397
239.425968
230.994944
248.474508
237.386852
243.660272
257.217766
230.585197
249.496498
245.639189
259.028669
280.162052
261.578728
268.048064
255.002979
248.269728
248.303240
214.813855
232.755701
219.779017
230.762687
244.503361
251.743234
253.894670
252.428739
237.744901
253.883516
256.894937
262.081411
262.156061
257.864406
262.315570
248.199437
242.217562
257.412959
241.095547
260.708440
245.489402
245.291929
254.948204
251.708132
249.142957
247.990412
242.515932
254.429857
243.632698
248.253696
250.930244
229.684105
261.924753
251.362776
265.775946
275.845767
263.804988
264.196009
262.104386
270.044290
281.352897
254.458316
278.344084
270.639419
266.833381
292.392381
284.075570
302.147461
316.232530
307.545477
325.393905
310.422349
315.205564
325.185929
313.310016
322.817107
312.406005
293.998387
305.667974
301.844805
310.307117
300.273906
302.135826
315.663905
306.110910
318.015112
318.530582
312.179180
323.742054
307.671103
331.963474
339.654724
332.979994
340.042150
331.022070
328.589336
339.335124
331.532991
337.959753
324.975658
310.782707
336.033142
303.055224
324.104026
300.726162
289.514570
287.376585
278.582348
287.616865
305.673328
298.385338
323.834108
298.154280
303.123659
315.748002
309.015310
325.152833
313.475021
318.559832
337.302529
310.911298
325.602780
313.546491
322.207794
326.601740
320.533981
329.050438
353.207717
357.314939
363.492574
370.158170
382.204185
392.588076
375.093759
382.665978
368.858874
373.973386
377.206023
361.620568
377.685160
357.938801
357.711828
360.669637
327.890599
340.852151
328.678795
325.111413
333.355042
323.228964
319.124286
316.950027
300.772280
300.778089
286.700363
314.221764
315.833894
303.579051
313.483357
317.506646
325.865694
332.593870
322.266393
336.462134
323.396993
330.167889
334.518172
320.298022
318.071990
327.604993
321.303575
342.480123
333.731253
345.691624
349.842240
335.296932
345.752586
335.721994
345.498685
351.091741
324.426376
336.402545
328.404104
320.815145
326.898964
308.770471
327.307012
322.224018
316.481582
326.161383
317.870083
328.714395
325.575418
315.325528
341.936960
331.443111
334.602441
326.025812
334.556273
337.831440
322.653935
328.704940
341.851069
326.443327
346.883893
331.550274
342.646240
343.177343
323.952436
344.871356
334.436233
328.338538
344.524820
327.765544
343.042071
328.038602
330.013330
335.137313
332.557711
338.307649
336.013396
327.388824
343.444283
338.961505
348.995210
360.316923
361.388043
387.650597
385.216525
392.547931
401.318530
393.180292
407.045829
411.814899
382.362423
381.765331
361.874047
368.183087
355.281500
353.586500
374.363613
358.844043
357.375088
353.108817
335.486671
355.518386
341.291081
349.467916
352.092352
322.844483
329.477464
331.931751
325.797980
349.967875
327.253586
346.791573
338.968988
326.963904
355.121863
321.598087
341.880818
336.334874
328.083635
337.945571
321.679164
333.631765
315.730699
314.444533
357.351797
339.341073
360.603755
370.011704
349.129449
370.111600
365.889611
366.691415
385.649243
358.870119
376.975610
364.334792
358.771734
370.425863
344.505931
345.423747
353.032796
327.027934
348.789500
325.550379
339.701765
332.408422
314.216922
331.934136
321.068449
332.975307
341.558174
321.686500
342.759165
333.220153
326.687338
316.249399
300.232770
314.518126
323.607144
297.783089
320.690396
307.810464
332.164860
342.554637
327.698238
342.795432
325.286827
329.070185
323.541008
334.540030
345.942635
326.346676
319.721337
341.766724
315.453002
341.871849
322.548393
320.537171
334.861647
307.090440
318.792879
330.500868
313.199169
344.011926
303.761729
340.550024
351.691004
353.976998
380.616352
361.148152
365.259396
371.318906
364.558543
381.954227
361.686936
367.274272
364.816320
358.857660
372.282741
364.581185
368.259444
385.644403
377.021436
387.210702
389.180686
393.483566
405.816783
405.056943
420.919816
426.278551
427.578901
438.774018
418.579136
416.848312
416.182686
404.338775
417.364117
403.216145
416.588913
421.296951
416.137866
424.546605
415.479945
421.942215
448.573481
422.535673
434.883487
427.014482
424.370184
435.787838
436.236584
438.146448
452.110364
449.621557
474.432288
466.652386
484.105454
482.665675
468.518780
480.906612
474.400236
469.783117
484.584726
479.747212
497.739007
466.924857
473.537011
458.169825
431.738329
445.080094
449.240689
434.543430
459.871423
448.804034
446.337601
465.167150
442.962004
465.615765
463.500959
471.599019
477.861010
466.621258
488.769741
484.605940
471.503481
485.251232
459.762260
482.401428
479.551918
485.366488
482.015369
462.180010
478.137111
475.167644
452.009513
469.835683
457.691088
466.475666
463.263657
460.606753
470.979216
456.445489
453.128624
469.499964
435.981342
457.009813
441.241736
424.688122
446.187071
427.066149
443.677548
443.113191
426.635491
443.555810
430.371233
430.521888
435.876069
423.629060
441.567463
420.425703
429.254978
426.676742
400.913829
405.191829
400.031108
383.845520
389.742694
360.219641
377.596871
361.934769
353.779573
374.959011
354.277913
365.652452
383.261973
372.144622
387.378571
365.227161
389.968239
381.159767
375.150607
377.056493
359.984086
365.138463
377.495667
363.786093
392.544419
372.820437
376.725848
395.206837
375.661584
388.412343
391.104832
393.774253
404.283055
370.606899
370.826355
368.489874
346.059330
362.121792
345.125426
358.004373
358.540297
352.739580
382.398508
371.987741
379.727155
391.028382
363.168377
380.791727
367.468261
375.989098
369.940556
351.627999
352.939267
345.505385
339.677383
369.252696
353.215573
362.457878
356.955142
352.193640
354.455113
339.039857
346.490544
343.669234
319.813143
344.153940
321.706233
334.939078
360.081384
336.256373
365.012214
346.759637
333.728846
347.564122
319.733165
330.315023
320.620579
315.702203
333.933896
299.495515
311.679820
314.537243
294.859981
332.750182
305.198250
322.773044
329.540963
309.236266
339.471111
320.281845
337.376684
351.012520
343.328461
372.307906
380.782911
358.960512
388.519782
375.106583
389.955694
398.427399
384.161846
402.875385
386.104669
388.750150
405.003046
379.740137
395.998412
381.458839
398.711058
390.785969
389.056655
415.489984
395.301216
377.232308
386.861441
362.801680
368.478010
357.824909
358.568655
384.902962
364.735304
392.124072
400.765759
382.753848
391.962593
379.977480
382.549889
382.425512
359.503676
371.411150
353.303397
335.284675
342.166702
324.663381
331.149456
325.742289
311.970666
335.259538
299.042768
307.473565
304.138117
283.459847
288.795722
260.022442
263.439787
259.374680
242.655295
269.119953
251.390730
267.930857
284.818383
277.117319
286.950738
287.600889
286.616993
292.146570
279.808894
283.943508
271.835549
271.393039
298.789694
261.775741
275.605971
277.625016
273.810386
293.195786
279.176671
281.861094
287.096119
281.328364
302.008259
273.313509
286.529778
285.298005
281.001676
306.208865
285.426013
286.707339
308.892579
279.187429
311.456239
305.171797
313.777497
324.269343
298.180944
298.475692
299.916390
291.795627
314.312082
287.044138
315.641331
308.930001
290.986733
314.526273
304.643791
301.867763
307.720912
290.465099
299.847752
285.659098
286.628708
299.402447
262.037222
271.606001
263.988536
246.661944
263.856348
251.222258
247.315690
256.385011
231.867057
248.635110
226.864268
230.126393
225.972594
206.334690
213.829526
209.953506
209.326969
216.943135
197.706996
201.911061
186.250220
197.990179
205.064814
197.610717
217.679617
227.532371
208.976665
244.814809
240.649149
256.044487
254.289771
268.425243
283.366930
283.392714
296.709445
307.730095
296.461307
319.609803
310.177424
315.824327
330.266999
314.400062
352.335272
335.898512
328.475682
344.077472
323.513227
338.860047
335.375726
312.984095
332.265909
322.383773
329.259528
314.671514
308.509110
321.422889
313.486690
322.459452
342.032528
333.532972
371.916490
369.866478
379.353813
389.538026
371.985911
397.875671
383.531104
381.752707
406.718428
388.087386
393.036878
377.441704
359.991342
367.578450
357.092471
356.937179
360.014880
341.878833
354.666402
344.019088
351.783808
344.734946
338.316634
350.400127
347.897283
356.103786
377.668840
371.690792
387.311650
391.238268
394.240912
409.416828
383.500909
387.666911
381.858711
362.819975
370.641672
357.738647
356.259041
366.682002
351.358532
361.939323
346.685163
346.833733
345.240409
329.532409
335.611279
334.444036
333.691228
347.224420
333.570480
364.387103
347.940294
364.624357
373.097928
359.274501
374.277666
378.895626
366.309414
392.945573
380.537221
390.662270
384.779145
373.173896
378.421992
374.444422
367.849800
368.279873
363.833565
378.771195
371.623524
377.882981
405.204157
399.300845
401.595138
394.181633
405.444553
413.615643
409.083474
424.339081
417.471875
397.516542
410.499655
383.746393
386.105313
388.330705
370.711666
372.776092
368.978035
365.395668
385.871787
368.838184
373.314898
365.883964
350.289624
354.592740
347.509382
343.554189
352.768047
336.641231
357.762097
333.734474
332.260071
338.715579
329.778768
347.451130
341.035355
358.689848
360.310173
346.431354
351.748372
340.515141
347.617534
363.413823
349.893503
377.521406
362.633341
355.009004
370.755388
341.124528
361.634823
368.560714
353.033736
383.786328
359.301191
375.960790
384.159769
371.615349
393.033408
389.062825
398.059754
412.500196
390.791536
410.678254
398.549749
406.590017
416.599603
392.510508
397.045022
395.526110
380.976952
384.082890
354.967068
374.782032
373.554579
371.540000
376.800442
365.114762
377.240738
377.533602
367.718270
387.353224
387.818931
398.205552
399.125066
386.413321
397.196143
385.333909
377.702898
401.356555
397.357466
409.747086
397.139851
373.367995
389.243395
368.072985
367.176948
367.070365
363.645541
377.357269
364.637997
357.422239
369.976484
348.344578
373.334891
355.634033
365.766516
378.832681
361.810924
376.708228
360.518414
358.194358
391.416257
376.611158
400.260874
400.300233
391.789702
407.929670
364.278502
376.167775
382.572284
365.434703
371.254872
341.702357
335.573271
341.755219
333.633415
363.970283
338.330734
343.705724
355.588488
342.264973
356.187458
360.628676
347.821488
365.738567
351.138226
376.507590
378.196458
371.558630
399.182000
379.511598
394.318269
391.210837
373.287989
390.360936
369.701452
376.789312
390.848503
386.407853
409.911327
410.512988
415.375320
414.629970
394.171951
430.346025
417.650850
399.562397
392.645266
385.638034
394.702806
405.202728
395.306183
398.630698
397.045917
390.916619
397.732074
383.082034
396.510836
388.784253
394.066180
416.185063
409.871333
416.253394
409.336015
398.031686
420.462841
391.855827
405.275835
409.011287
402.618833
411.980046
395.724857
395.900591
408.871983
387.125743
415.941553
406.320908
422.114686
414.207146
404.627290
423.492015
411.384593
418.219524
424.710760
400.073657
416.056804
400.527051
402.939314
401.487902
380.757564
374.590823
375.923455
365.088803
385.239218
359.607326
371.920427
359.034652
345.076362
377.465487
351.502205
347.263308
353.726323
346.947640
360.321989
351.246427
354.162012
361.751350
353.483069
355.498538
358.352668
363.927328
376.976684
362.954118
357.593812
346.811933
326.468385
338.166897
310.643236
305.277443
297.767137
299.210910
306.763580
313.185853
317.316686
333.896810
323.738366
341.409786
320.114000
320.216220
324.935695
310.398239
330.166934
325.173535
313.987488
333.551928
318.061289
329.343851
312.647673
314.966841
335.312432
334.725466
341.630979
328.177738
300.343270
301.462098
294.244295
300.642346
309.742661
292.657738
320.269430
315.040135
324.943966
329.958625
330.125414
365.479314
354.640088
344.765906
388.055943
378.706128
394.677044
401.853085
391.185954
391.209763
390.051810
397.037448
386.486389
367.758829
398.285156
361.916300
370.990480
383.088327
376.454700
397.267340
398.996911
393.919791
399.321773
383.279843
401.345774
407.941099
402.145893
410.668551
395.325118
393.418046
388.927234
367.291888
380.965948
354.974478
352.878411
367.069642
342.913008
362.531352
349.638814
342.449931
362.476360
339.864899
349.303899
337.800735
336.105011
369.944876
333.138858
342.165264
337.818179
328.534303
350.262242
347.531827
348.700093
364.610131
347.077664
370.707138
354.121950
368.907743
379.239004
371.828131
383.273051
373.011032
373.791023
383.275465
362.980490
403.521191
389.937053
374.312100
385.750386
362.706804
343.915914
351.343358
345.701980
360.262286
352.519883
338.372060
347.262426
343.070393
361.047576
355.278661
358.284109
359.957534
344.283230
349.318317
339.990580
334.533967
347.580250
325.364342
353.060446
354.058547
348.426638
361.657511
350.048580
354.943058
357.826445
326.040572
347.111357
320.913217
322.021986
324.426582
307.444494
325.392710
325.715005
312.962146
334.531082
290.645430
305.103625
299.391242
278.237325
305.989165
298.800226
307.369176
315.934987
298.235326
309.217381
296.181212
302.645361
313.022393
310.556241
332.257895
304.980746
310.664542
318.643449
302.703870
300.246711
285.191039
265.076652
269.635765
241.454120
259.201589
242.813534
250.421441
266.098394
245.511258
264.104107
284.698942
260.048017
294.957403
274.552278
276.992784
268.847091
264.841882
269.519721
254.474896
242.401659
259.934137
242.771951
242.938110
236.608508
244.776843
263.159833
261.203990
284.829510
272.012490
277.860510
303.571945
280.409720
298.821345
280.389375
265.812673
287.434613
273.691066
280.825365
282.911641
273.798498
281.061414
280.238776
288.184167
295.131683
281.168999
307.222282
306.488012
318.200303
335.749846
323.869773
311.044705
312.025952
308.580718
334.219940
309.739941
326.691395
339.932806
342.819104
357.048301
357.530258
351.494627
377.658917
360.305236
381.823151
374.971731
371.793947
382.615394
371.439781
386.458225
384.469933
391.483148
411.542983
392.733771
422.993220
420.131234
413.451301
425.350558
407.917098
419.981886
427.845901
417.837280
436.290346
423.200620
419.510403
439.126693
416.077349
430.294966
423.551668
424.082620
426.313045
413.064006
424.302408
416.695778
395.800694
409.078544
385.215393
392.913034
382.409118
370.731009
392.645147
397.079965
400.312398
406.908588
401.978876
420.674111
403.876581
409.395692
411.226877
401.521429
411.731835
414.334547
416.687093
438.550480
418.255001
439.379281
441.326705
432.577782
463.142017
452.215995
471.175747
472.405860
455.213560
476.681143
466.024981
476.207193
479.553868
466.607067
475.528499
468.399358
465.427263
461.765952
462.575191
466.831548
457.357290
463.946277
471.937978
459.366501
486.524701
475.196921
485.001121
501.028825
491.247155
489.668660
488.751275
472.045735
485.451919
458.428364
441.739523
438.148765
436.426758
428.708298
415.007982
416.021426
428.808540
401.666471
422.465135
415.269010
409.666871
433.416867
407.677807
415.717675
411.806114
402.954347
411.453132
383.484822
400.915019
406.902755
388.373549
412.121930
393.397031
398.558971
417.897886
393.604335
407.015376
403.740388
372.082039
384.903907
355.109677
365.364365
344.519148
351.530512
350.819521
351.548170
359.524892
362.908979
353.415841
378.930675
373.705452
393.144834
396.390025
391.924026
403.791365
388.121757
378.478339
387.582726
357.535020
367.308777
350.487259
358.983894
367.682668
365.322286
373.787434
369.162247
339.289865
355.959555
351.980425
346.671195
351.802294
330.562161
360.477161
351.361024
354.068435
357.902795
334.536122
353.767857
335.129532
329.060180
342.563506
321.216722
342.761348
323.427016
321.036725
330.034217
315.499740
342.596809
358.820348
345.198415
375.102517
349.199197
373.236641
365.138653
359.077329
366.346167
355.318133
347.034595
352.263227
331.403511
353.414949
329.520359
325.400886
338.559888
330.108193
339.916221
348.195773
338.725600
347.334358
335.295454
347.372054
334.313688
320.972131
344.845537
331.979547
334.603649
342.841709
336.450446
352.329511
326.368528
326.858722
322.235852
304.629547
337.669349
324.913885
324.704825
337.566167
329.419488
348.561994
334.039885
315.257421
328.779410
297.059535
326.273846
321.274733
317.369988
336.852852
334.793185
345.709934
355.388402
335.139035
360.253746
349.638571
377.277238
380.518004
372.327074
377.597191
376.749193
375.947197
408.287276
367.506741
378.181043
379.539909
369.364416
383.525579
359.719534
369.662671
357.310485
347.036128
347.424485
338.883445
355.859679
338.051911
334.849258
350.648895
344.873643
355.923111
347.888401
334.738033
352.912592
349.948458
363.463655
364.834364
354.826062
376.333416
366.736249
379.992613
383.294966
367.861306
359.832245
366.225259
351.073319
355.908869
337.942156
346.688233
328.983935
307.753849
323.512103
313.043627
316.541873
343.127396
326.310101
356.135632
349.693936
361.890280
357.238758
325.726031
334.934042
328.905182
332.382841
343.959899
332.911073
338.812537
340.814996
319.689761
344.341272
338.729404
326.399221
328.822980
317.513355
336.576431
322.349544
316.107507
327.836581
301.149481
321.115306
317.462241
304.888320
305.718890
295.510288
314.634863
308.238417
288.078357
320.854179
290.776257
291.198911
299.341222
295.154958
325.733866
320.170900
325.756734
329.137956
311.681609
316.216614
297.175464
305.368991
299.320440
275.779543
302.156106
285.798064
287.984098
306.055255
294.416184
330.155855
308.754823
284.745904
307.132499
286.437570
298.002471
319.340023
327.984727
360.665723
363.477255
357.444261
382.855266
345.762007
363.427941
351.498722
355.664668
355.956113
331.426531
325.069991
325.135682
313.818571
335.765366
321.272695
346.635690
342.916751
341.274029
350.706101
350.166054
354.642887
366.381967
340.328669
348.450155
323.307434
327.354580
324.561903
315.086429
320.831678
317.368834
322.724849
343.183746
329.229820
358.205838
348.870748
337.096895
372.866199
357.327341
373.007926
366.415438
348.276356
352.936907
355.714343
356.981349
367.973454
357.877409
375.675838
357.768823
356.275645
359.441682
341.756008
357.732988
346.568654
337.637540
355.922707
313.270138
333.137280
337.337900
324.058035
348.674868
330.427859
332.557490
353.650825
324.689609
353.272016
330.372580
339.436661
350.287879
336.452373
356.524094
336.752029
336.584781
358.814132
334.501101
349.036676
346.515511
339.073010
356.337783
318.785112
330.808590
323.719913
322.808181
341.391416
334.187498
342.513634
348.142491
321.200059
337.964612
328.748210
336.478271
356.548899
330.547805
347.121013
343.772667
338.319547
367.745450
352.147313
367.029587
362.250594
374.102630
391.287002
380.291621
386.489204
401.116271
398.698752
412.044762
400.679407
406.656878
420.600551
405.302009
419.637355
407.135932
415.333168
425.813168
400.055345
419.011440
425.893247
420.921987
414.056513
386.762851
392.781684
402.733592
393.558961
408.199108
403.434390
402.313182
413.565027
394.539952
422.743294
391.275334
380.849634
394.785253
385.228340
397.134169
384.535420
361.268221
377.475663
352.524427
377.409746
355.919167
371.561270
369.704028
365.045806
374.555194
373.099969
364.197683
373.239751
347.530072
362.734194
343.789506
319.764399
343.396947
339.237294
341.291495
343.149446
334.199931
366.255300
349.265282
345.131343
354.801836
349.215137
361.329617
362.575381
355.998237
356.170685
347.489557
344.941045
350.786618
335.462627
352.219322
335.314439
351.555234
360.076783
351.042572
381.877246
360.269097
348.377789
362.366288
343.062031
364.091268
370.042593
368.579751
380.250899
374.006976
393.584121
402.617667
398.164538
402.864257
369.602620
373.432200
363.615914
358.404602
366.146521
357.313714
360.043078
371.177517
365.247067
357.136572
352.599672
355.522534
365.163253
357.975774
375.123110
369.445518
375.426835
387.336250
378.793408
392.695797
391.181501
372.797857
387.267055
364.553470
374.452047
372.993605
369.614106
372.766502
361.511273
370.836316
368.088885
342.363480
371.616388
360.095055
338.708362
332.052678
327.541649
329.721297
325.008863
318.816079
338.923757
330.267003
355.042514
343.452057
331.466452
353.628620
345.923615
339.853466
356.025551
349.624815
366.606215
345.403940
348.681948
367.682887
346.062798
362.069163
362.921397
369.552818
382.542450
374.826647
380.639006
372.185619
369.060847
388.386811
368.690418
377.035181
393.908940
377.130470
386.582624
391.227458
381.159217
384.513585
371.390185
393.387920
370.556154
389.373417
396.634324
373.815249
384.995379
369.106516
362.857035
366.113926
344.585255
355.743305
345.159019
346.876368
350.015922
343.840774
354.564341
353.713330
334.944098
351.467839
337.026817
352.583413
355.705506
349.704886
353.170365
337.939921
348.217506
373.227645
343.367645
353.553242
369.763332
354.870051
360.162785
348.833437
351.552250
350.814026
362.200256
363.528264
355.388373
354.375383
369.366340
350.161342
385.301443
366.505870
372.043989
398.111060
388.717827
404.020431
407.605160
400.502656
409.990674
392.336983
425.644674
422.747390
426.095460
439.453231
438.903514
446.362266
449.038522
446.554304
476.371137
460.526369
471.691107
477.624464
466.654680
492.057384
481.345923
481.722223
491.106978
484.804997
512.402384
479.722682
474.745803
502.264550
502.505422
508.936099
486.592620
488.227670
497.661261
493.559816
507.701700
497.953275
484.896890
507.349699
491.574087
517.448898
511.978430
508.550472
531.534843
518.413500
518.654653
534.671295
518.530508
530.545833
520.155608
516.399387
526.755393
510.824881
516.755125
510.715925
490.422233
524.778849
506.302900
512.970866
514.484232
499.004212
518.100550
498.319536
504.952693
515.350477
495.467109
510.480295
502.398888
495.203609
505.331929
488.417184
510.001494
504.160051
502.912209
509.414221
499.539694
522.124487
530.489758
514.455827
535.502949
513.596112
528.011846
519.359095
507.867463
521.263180
497.777080
513.512737
501.718422
477.988361
500.461007
476.887586
474.610462
477.800411
483.042016
483.240801
488.516862
487.626689
500.327351
459.610864
480.772328
480.743562
479.965010
495.468287
476.983026
478.193939
480.462089
473.108700
490.736130
467.398692
466.813908
476.474834
454.740163
463.416589
456.405650
456.254189
463.595355
458.902381
485.229666
499.129481
502.393227
541.197730
538.619604
559.501331
551.492735
549.918478
559.011501
543.233663
546.211771
560.423449
527.263873
558.748287
533.292200
546.218350
535.068291
534.997381
558.847945
554.704491
551.573108
555.215304
522.317891
540.812205
521.773467
498.749227
520.366882
499.731193
486.840926
504.153845
509.425107
516.251684
502.395247
508.922141
511.436069
508.740338
519.432797
515.827858
507.776044
514.523898
484.829036
485.852174
484.676218
483.890824
497.294704
475.036464
495.013059
482.098400
481.448965
516.304610
505.189999
521.190882
528.009583
520.491788
551.382407
540.266857
556.481201
561.710485
544.124412
545.543688
537.628765
534.299340
550.268173
510.611889
541.785161
526.054533
510.367973
512.383159
492.676129
505.474909
520.944981
507.016922
531.251784
517.418295
515.902451
522.508465
508.147618
531.672357
510.080669
518.052144
516.654861
497.331467
506.758029
501.555863
504.334252
510.584195
469.821637
502.615462
496.502451
486.006277
493.508593
483.620125
495.980266
513.437081
484.866447
498.714851
491.692797
484.346664
483.318799
474.302271
499.591488
493.220250
493.647571
505.794380
475.382405
487.789635
458.636527
440.131034
435.691345
439.280015
444.572199
447.292340
438.670100
451.935574
436.635192
461.728740
460.376088
466.643159
485.978235
472.700268
465.785691
478.896226
469.582929
494.028410
492.625881
475.133682
488.461035
471.500609
491.662665
475.945567
480.742762
503.506824
488.204709
507.419375
517.711827
503.344118
523.693219
502.439363
531.593333
543.429580
535.203691
551.360650
556.135573
562.846985
585.884572
557.723885
580.832178
557.868927
548.586320
538.800623
519.962616
526.132607
529.518619
515.863137
528.417685
520.766062
541.973359
540.046549
539.309768
546.012677
537.146751
542.149151
541.409041
520.610618
529.123333
518.104103
533.318479
538.262174
532.357399
551.164907
529.128919
530.455926
538.260524
521.193737
529.136872
523.934082
503.719969
541.505719
501.815587
508.718269
511.058355
496.770263
520.783195
517.149297
513.865273
535.473118
531.042404
559.158423
560.868601
553.197095
564.480638
571.767598
581.829414
571.176539
559.578428
563.589239
537.497361
545.734622
553.981925
552.310561
554.602845
550.577015
549.321493
542.217785
526.902828
547.988936
535.054781
523.799115
545.688562
546.532212
568.629799
553.896365
551.431528
565.419505
577.046630
576.624855
551.289842
556.719342
566.402907
547.216892
555.100032
544.983311
534.261451
540.826674
538.192821
536.614225
556.150407
525.750393
530.415760
502.226394
496.583587
518.264487
503.336456
520.095571
496.831722
491.873776
498.666507
487.406605
510.823900
489.249415
484.208968
494.110240
467.369107
485.402061
486.401439
480.658280
499.930796
485.423844
503.684056
511.613240
497.521728
513.815226
501.788264
502.599739
524.275997
497.049785
508.384374
508.525362
498.791532
499.576352
482.152796
499.440895
479.288560
485.139720
504.452030
499.049630
501.299403
516.148229
502.054178
532.307307
501.294560
516.132452
503.403764
480.805822
496.645259
476.546387
467.615056
495.460946
469.742936
494.530323
491.543929
486.255749
518.298794
466.851262
554.409484
540.229905
493.402266
498.454638
462.735286
474.232463
469.473483
463.570356
485.787522
474.228618
477.867133
467.128310
452.979570
469.125346
461.568827
455.730813
466.093385
440.960413
466.106477
445.666151
431.743313
448.947363
424.626627
427.176087
440.718935
431.493042
441.578924
418.695265
442.047087
437.165748
427.814116
439.214938
436.316025
436.839440
448.792680
447.577820
469.858287
441.803497
447.989788
466.891937
435.359775
459.769805
468.806458
454.367298
483.460208
459.962617
464.810207
461.033705
450.038319
460.937366
441.856995
433.001933
439.927010
448.494372
473.224135
479.406504
473.684493
491.788916
450.360967
460.259094
462.595471
451.687134
458.620884
448.606069
465.770759
461.441031
453.178726
460.608173
439.969576
436.134557
448.192830
422.334888
421.523510
413.251557
419.805317
441.246504
414.574849
432.922264
406.400555
426.139418
431.627955
391.927886
412.991395
411.013657
400.792523
421.619102
402.257952
411.309499
405.111784
412.422029
437.209435
419.092718
431.577123
437.206716
431.767375
439.045504
437.645963
447.058334
465.087003
428.983351
438.023217
429.291851
432.285612
425.216348
415.234825
433.943849
446.608278
427.001697
431.848547
425.255594
430.049541
410.859609
422.681342
421.335395
389.128451
396.468907
396.359012
369.877468
400.550558
392.079953
396.106606
404.261987
385.344654
398.495886
407.968823
404.548554
424.263805
416.963887
418.860177
412.869682
416.131625
416.172707
407.839592
415.281882
424.078209
404.512234
418.191502
412.150371
425.893176
436.548533
420.426750
426.227623
415.297138
433.683006
419.739801
403.338625
416.688003
423.443138
412.413413
440.379663
417.733642
443.848717
435.553248
442.034446
436.059312
421.970593
424.267103
418.552355
393.196125
408.565646
381.382249
386.859651
379.304682
373.035038
397.842439
396.548580
405.054911
423.553572
416.249165
430.013241
430.218168
423.121911
423.244672
412.192585
415.630824
412.550933
397.847587
415.789111
398.546604
416.633804
421.421632
414.484312
414.000985
401.795625
394.047117
401.875654
371.963393
395.899507
389.370960
377.914481
398.705244
376.785711
385.394685
376.573072
396.349208
419.361325
398.871728
412.799853
406.569820
387.927816
409.426005
379.564412
390.329998
384.562006
364.568498
357.916615
356.751500
359.781706
378.421707
377.268659
398.661513
360.100326
373.565652
385.900435
387.178026
390.875117
389.155755
385.053202
388.202032
366.014346
375.579783
381.635332
357.979514
361.779721
354.100894
366.174385
378.492787
367.218481
383.195838
396.279207
400.293185
419.317995
408.653636
411.817476
400.455309
406.347608
415.590637
410.612975
419.850902
424.386282
414.768654
440.007726
407.267129
416.176931
423.000569
405.100022
400.849808
401.244181
398.788098
402.111276
388.046231
417.984719
413.042231
411.487170
415.185236
399.270841
417.340942
412.282298
395.665450
408.276569
391.011863
407.107178
412.537763
411.426387
438.047047
425.013883
415.409747
418.158033
406.420348
433.667584
424.868513
428.157179
427.292944
395.175039
419.918726
404.132598
408.557669
402.007511
391.191327
408.961347
411.694068
404.983666
420.898953
408.164794
416.158916
400.558247
389.819213
411.304896
405.253510
401.916888
405.266598
382.141341
419.708417
410.016425
411.564781
425.786921
406.333218
417.252563
412.283555
416.589651
445.184963
417.826168
433.220458
433.905161
412.088376
429.246331
401.309018
416.381831
430.377819
420.847376
437.243837
416.670816
436.650838
438.575602
413.952224
452.127432
431.398644
447.385590
455.370072
429.220540
442.511037
431.216672
430.912080
443.153275
408.212075
439.033251
430.058446
425.454879
432.773346
431.405313
442.462583
437.225626
429.232959
454.720804
443.738948
448.430125
465.472713
444.330382
462.946008
462.105778
464.865972
467.261783
436.556450
467.941631
443.686767
443.183503
475.822581
448.655456
458.970258
451.115743
436.810414
457.492503
429.708910
425.303207
427.003814
410.772635
435.833889
415.433969
419.699768
416.566850
409.316603
416.217755
405.805528
411.810717
426.798385
410.816507
441.037878
441.192856
445.206427
467.408462
443.943038
463.898362
475.494327
455.606168
477.700367
467.644170
457.339646
452.474024
438.019293
450.948909
448.020454
446.148475
465.639408
429.229039
443.995554
434.671663
422.349980
427.927242
413.572740
426.219181
434.250797
423.937376
449.655056
431.471725
449.289754
461.395295
441.110917
462.776876
450.442512
458.428625
456.228990
451.940026
471.396719
467.065819
471.282077
499.193051
470.772575
485.387780
474.361576
468.253380
466.860890
439.668605
446.828147
448.541735
416.258135
441.547760
414.509841
439.499096
439.560947
421.539250
444.202889
441.499351
440.339343
440.468081
428.212037
449.876259
442.360573
454.487061
458.155962
450.145634
472.251654
434.547870
429.978161
421.521163
392.998339
406.940749
394.309875
393.359254
416.624615
390.923951
420.273091
438.916292
427.175498
434.497946
436.236893
444.862163
451.973890
428.185492
451.416920
444.676899
450.709788
444.990959
424.639240
438.056543
441.162320
447.415401
457.165666
440.476278
447.160713
436.462563
426.264819
437.304089
426.004458
420.055676
429.659651
422.708630
441.639714
430.329680
441.196938
435.175881
424.535863
432.904114
433.690265
427.612638
446.086459
430.926249
453.661576
445.791778
429.282976
437.386388
426.139578
434.834095
421.750301
412.295029
424.944815
416.380312
405.546534
418.255882
404.997588
443.727106
425.355035
431.670658
446.133972
441.470696
452.709579
448.298707
440.341657
456.748804
438.973762
455.408926
440.621462
442.864268
449.456976
416.850836
418.307450
420.979805
410.189400
409.375790
384.948184
403.147125
398.901574
381.413749
390.780356
371.333089
365.125659
384.679660
358.592749
363.596184
356.410163
348.025625
367.789776
347.801097
362.889482
352.247712
339.054597
356.521955
329.127439
350.790124
352.413832
313.801654
330.924099
304.438763
316.502146
312.246144
309.277906
324.668075
320.731331
334.163721
347.966459
332.096923
353.088093
352.488648
341.093154
340.307250
334.059194
341.007639
352.260970
341.768658
357.815510
347.603715
365.348836
358.219601
339.209234
360.614044
365.605123
365.518740
379.287527
371.388356
390.104089
382.007753
379.633435
399.195288
398.322625
412.472297
403.378917
390.746871
401.865108
397.287933
399.614019
405.899491
391.782162
398.179382
377.937191
382.809285
388.349565
384.330442
386.323195
367.826616
381.408623
402.398419
376.233675
411.670388
395.440133
384.020848
390.710771
377.380440
398.979335
416.507360
397.771625
429.047275
396.689332
417.663034
405.324841
380.537707
388.050859
364.798500
368.361052
382.631490
373.550485
396.512287
372.100562
381.673414
394.125616
388.328738
398.890880
395.677864
391.736233
405.525558
394.095913
413.285965
405.782074
385.218319
416.427577
392.164577
409.515333
402.551288
382.960901
402.915854
380.495571
364.717226
375.811035
365.504900
376.489262
376.647702
375.407969
384.157446
387.444970
400.084833
401.686416
391.726187
426.687743
413.741009
438.895535
433.123591
422.865209
444.652565
436.867775
423.502600
432.246941
413.258094
429.062630
408.935772
396.381786
401.251025
393.649778
418.631713
412.334294
398.539112
409.429553
385.588487
410.544042
409.533335
389.216304
404.791445
394.496688
408.204882
392.097722
382.303887
401.691660
389.720134
399.400417
405.878507
401.824694
414.402633
401.840140
405.581219
401.682926
378.432690
392.428977
394.318308
382.441443
409.536855
379.126176
412.300216
409.097242
391.132193
425.498894
414.697926
412.661265
420.586380
429.595777
451.826846
423.006205
441.251370
444.450222
429.178334
435.527477
436.663695
426.327206
444.536266
415.745393
429.516078
429.357689
442.545268
440.044219
415.627578
435.135239
445.651788
435.789251
450.550465
435.929301
436.615493
438.456466
411.285352
429.836043
418.784074
423.014781
424.687384
417.804289
428.717381
420.087531
419.624201
435.045192
420.006028
437.159682
428.540790
430.409146
451.315508
442.199485
444.338860
450.697064
442.787135
470.185386
448.792337
469.695918
468.797329
456.068454
473.203233
462.113116
467.167738
491.261857
469.353468
482.614969
468.860511
467.123512
480.522726
459.176084
467.901709
465.662016
460.062013
479.778306
462.313520
468.447872
480.661838
452.591148
480.746633
458.066880
459.829995
469.199516
449.214118
455.588174
450.724577
460.291901
484.972506
457.295953
489.246286
478.894169
461.334088
478.751849
457.545471
468.947094
475.059076
456.095073
473.997298
439.684963
461.238888
465.659763
455.419796
480.518152
476.907854
466.972211
475.947128
454.814777
469.157874
472.113417
454.426415
464.450657
457.155061
470.064696
471.942143
457.122835
474.947700
466.035704
462.745393
485.110617
461.602411
486.388285
473.246429
480.728229
487.305848
469.454550
493.229499
486.609703
469.891747
475.447816
445.897741
474.819634
466.845629
461.907637
476.987392
469.897533
476.368904
481.180081
480.945508
483.624841
469.125709
476.870432
483.965746
480.278552
481.630992
481.565615
483.802281
483.147099
465.655331
469.910361
462.355588
461.844903
460.007215
453.302480
485.017593
476.226168
479.293323
506.629325
477.516372
493.571453
488.924732
476.544356
502.480510
470.021581
490.314126
479.451601
466.315658
481.705810
458.461798
451.910762
468.347382
446.025569
477.644883
476.613484
477.342938
485.253054
462.272684
459.571181
449.660459
447.262219
470.764282
438.603495
458.480542
459.539206
441.265762
451.796015
435.911063
429.055790
435.301339
416.626613
445.939584
420.555118
437.093411
438.060615
429.984295
449.169952
431.381777
437.401891
444.038148
423.852957
439.011950
428.448493
416.018787
435.941419
400.420098
416.400072
409.674713
391.045153
384.114117
375.475798
369.774598
374.115497
352.546096
371.286398
371.954195
362.791349
355.808040
344.166289
357.827537
356.612244
334.235955
369.848846
345.354137
359.521859
366.581885
345.779300
375.704374
368.447727
360.587609
370.159888
349.967562
373.705283
349.544790
357.407726
361.586438
356.663793
365.943190
360.410572
370.574464
385.876767
367.769721
387.679306
383.979364
389.403140
405.425223
375.469431
397.221863
388.793982
378.653716
391.305075
388.815759
389.361300
392.501164
380.632706
394.223952
385.162188
391.564726
396.139412
391.883843
411.324248
408.739246
388.143981
397.669010
379.814424
400.976389
389.650131
381.916678
393.603911
383.402958
378.421536
382.774220
365.723685
386.192060
375.990010
385.408225
393.092246
390.591154
398.218943
383.491166
377.757193
385.660239
373.930433
398.022920
404.853495
384.493273
403.883370
388.788103
394.554423
403.717346
395.268534
416.203033
390.663846
389.135159
408.650804
386.034162
408.300934
379.148237
385.185495
389.913231
377.396581
382.621586
377.827917
365.587330
377.659889
359.497585
381.057552
375.588337
371.124183
376.525573
379.745617
359.623505
358.884717
349.861669
372.033553
353.180985
365.369235
372.739144
350.737709
366.599093
358.864637
351.093440
367.253749
362.526960
375.376430
384.475667
394.312417
412.765347
405.416576
419.191526
416.950772
427.116602
434.816591
408.924910
424.510400
431.017955
423.266628
455.076752
432.819338
442.504786
453.563376
464.495173
482.277666
476.079295
473.577082
486.534464
465.707951
474.906367
467.205147
468.906441
457.648867
446.147880
443.611766
439.788348
426.563914
429.249490
408.310198
422.741882
419.013830
402.654709
399.208121
381.940441
376.249599
380.796950
354.838724
359.102104
374.142611
384.221516
408.879002
402.291716
420.433383
425.912049
411.336598
428.515670
419.205418
418.379395
424.142345
417.414511
426.967625
412.922655
417.950983
414.437609
418.977543
423.100110
425.676071
415.393856
417.778186
395.000775
421.405004
409.117181
410.596120
401.188075
390.413802
405.865344
409.017760
392.195729
396.079543
392.599240
415.081373
416.735356
427.879951
444.860534
448.883777
453.167066
453.692147
450.990060
459.582241
450.220863
468.104269
472.122622
448.014162
461.969086
441.780773
429.105676
443.764736
420.620242
442.495966
434.774598
424.363706
452.478356
428.428441
448.644379
441.582537
420.700488
432.643558
426.901260
416.472018
419.150757
406.608212
416.077921
386.183287
393.144648
386.306587
375.292651
387.532089
398.439087
395.170543
413.335145
401.975488
421.071876
420.288177
411.873996
432.317464
415.061078
408.266582
434.414950
410.986041
430.959489
412.903608
417.075433
422.775116
400.838064
420.333186
422.959512
403.200083
429.016239
405.393903
416.096843
416.382741
387.333159
412.135201
393.677855
414.741363
393.248798
380.236777
395.553408
368.072307
391.409847
379.085969
358.499899
383.440468
357.275281
361.608658
366.498238
359.170574
351.656382
351.549106
342.047369
361.914403
340.824849
362.927784
351.921394
338.080481
344.630278
316.107524
317.250308
319.675153
300.069969
303.604393
283.231704
289.329650
304.762019
305.338456
297.865067
293.752144
301.148532
308.701502
293.708131
311.164584
301.946122
305.705681
322.936901
302.994945
332.614137
313.714271
304.264493
323.529370
309.441381
296.361777
291.968919
274.842567
303.117888
285.747198
300.733580
303.835441
307.453104
327.427593
333.448568
341.713750
382.839673
362.856869
392.028593
384.720754
385.689772
389.091402
364.298711
370.098561
378.637282
357.350200
380.207487
362.878816
380.482961
389.694565
373.464304
376.703517
365.971706
376.746255
391.643765
366.612063
387.392809
377.520144
368.148955
385.024116
362.413659
383.601911
382.772573
371.144442
382.305879
367.517032
381.301987
377.534857
351.150808
373.859498
358.966973
381.964339
376.503997
367.766535
381.945702
365.299465
368.382823
371.600638
355.029009
378.998718
357.504543
358.548868
371.818138
356.044667
371.655165
360.990551
353.269522
366.632358
335.898393
332.033735
312.123663
293.402194
311.198642
292.411105
299.412945
302.377643
288.861493
316.761641
306.605810
301.011028
295.571989
271.710853
278.434815
263.909166
265.816025
263.971067
245.304992
271.203536
249.337542
228.014276
246.740179
224.824520
237.936836
218.373219
214.477950
218.844164
208.751203
220.869202
207.519088
176.996228
220.792193
204.053261
201.075103
201.680733
189.164893
208.599261
206.446752
201.781683
225.513176
197.267651
215.805968
222.866574
208.783758
233.483888
218.826986
216.251662
214.534718
206.130432
229.986349
212.074178
205.663598
213.732725
203.968171
214.008961
217.688588
211.732102
226.991496
223.934141
241.618295
236.449081
227.682423
248.675329
244.613982
262.246972
260.714645
251.746091
255.964298
257.425960
258.286306
246.917289
232.727561
242.957356
228.187893
222.802446
245.177515
227.604788
236.513108
249.190761
242.319936
259.501633
240.749815
246.443069
259.528624
247.973017
272.650512
266.126783
276.473534
270.854305
252.376663
268.888711
228.539701
240.864506
247.870201
219.846482
242.032677
239.956028
223.171606
222.379222
218.209954
222.986460
220.954964
204.354685
239.050871
214.309622
227.370031
229.219287
211.590841
223.864174
207.948540
232.116783
244.542196
236.752244
260.766512
232.155802
238.245144
230.768083
206.856753
208.648422
192.844848
179.605246
195.697198
170.968774
197.518126
193.984531
194.212897
204.235463
198.684448
208.987936
212.076973
200.991732
218.535442
198.944029
210.722928
203.813657
183.655337
193.263666
203.931828
213.547793
212.969399
198.316738
209.021904
210.033318
210.411440
235.854239
231.243866
253.521894
250.658610
249.463602
267.294868
245.906140
251.038835
258.558428
248.027696
278.758945
249.968344
262.137072
269.349800
265.217430
273.814444
277.393588
256.627002
282.336866
251.471225
262.529332
247.785937
234.728955
242.258741
223.969655
242.430457
232.013826
223.735343
240.086721
226.435249
241.083421
226.238826
214.991380
223.663926
203.411922
200.568410
205.878761
196.182056
199.955445
194.990593
200.091484
214.149909
197.615592
226.601827
207.409051
202.910046
209.696697
190.994756
203.131388
214.925588
210.404472
235.922959
219.320206
223.972293
214.740325
211.479882
230.944874
210.042735
199.725889
222.220274
188.545124
213.877289
217.791497
226.949841
248.163363
247.024367
256.106370
234.724866
229.899628
243.126206
231.354115
241.675643
235.572369
222.837555
241.469043
243.769125
251.066388
259.378532
247.336394
263.618305
237.299500
247.902960
255.918248
247.075350
249.619694
256.375517
255.039156
261.109399
243.896669
252.097148
267.074326
249.850061
266.667124
237.547541
248.361543
255.218053
245.566342
251.234957
239.148049
243.347283
254.382662
221.719680
245.251435
233.007836
250.085923
258.165475
241.957238
258.872998
247.655163
239.785467
259.310228
243.830976
263.443271
259.230717
250.754031
270.060724
271.831632
272.704744
270.499955
268.149930
299.455422
284.848478
288.543992
294.193553
288.802955
302.556133
284.596049
285.450889
288.053373
268.881612
267.418997
268.714560
265.712848
281.291071
258.396046
279.218020
277.655425
284.925572
280.964902
271.491071
274.147824
282.151117
271.188896
294.038470
287.745583
305.938114
294.740139
265.689405
297.526051
299.079050
291.528824
328.171964
309.321429
327.276978
324.514112
316.976541
340.028520
313.205011
320.085383
332.108999
309.330183
334.731549
318.973075
321.451945
316.183907
295.225357
299.709769
278.466786
281.383164
284.129615
261.666117
272.829034
265.584990
268.046487
274.359610
255.158615
270.116344
258.195461
257.998022
258.748127
233.805881
256.246674
252.621658
229.070970
269.855105
250.585246
276.275157
270.911904
265.747919
282.200329
281.955293
275.867673
286.298000
272.078314
295.963750
287.067940
283.709123
301.949147
283.483960
283.094511
285.166882
293.308625
317.982263
300.070746
322.401023
327.716688
316.893565
327.273439
311.927984
322.514297
344.299165
299.758623
310.662511
316.587876
322.491625
325.056656
318.016194
345.650034
351.490831
343.103057
359.474535
360.905090
376.914917
380.279134
365.611674
380.612604
370.626885
380.752795
393.671565
393.269666
420.221381
415.680092
393.604010
430.363327
419.206536
448.369024
434.640239
435.943869
449.392833
425.864404
432.699736
428.553132
412.460783
411.735477
396.931335
393.999567
388.885046
365.516350
374.300701
350.826864
344.896833
333.881288
318.436748
342.400094
325.900408
325.952111
337.512964
326.701969
343.953552
326.320904
322.598593
334.413016
322.523365
311.166315
298.614061
291.052686
316.885746
298.435372
308.383175
307.008118
313.316092
329.090498
291.916016
298.211548
320.809939
301.056058
319.381130
297.397239
306.289670
331.728699
327.310728
348.293026
357.457071
346.080088
375.983637
345.103011
364.570583
373.192580
364.575821
388.094576
377.680358
368.580702
368.427627
336.296940
368.437405
343.067923
333.526074
355.691492
328.034517
342.894475
335.328430
334.262263
356.865587
345.438873
353.985184
372.425528
362.793800
385.147924
368.210701
395.318988
390.303224
379.446902
399.566577
391.007766
384.050723
386.775138
359.992699
386.914143
376.723278
379.087828
387.406032
383.814503
399.597921
400.958961
393.128617
421.664286
397.466840
402.151568
393.060952
387.267726
401.409388
381.250299
393.799002
406.211754
387.752339
398.354980
390.274933
398.213123
398.119373
374.875057
396.251491
358.211859
362.749761
372.861172
350.045634
356.630802
353.525326
336.825764
332.371734
322.556096
348.815199
338.240277
321.689481
342.955513
323.518939
329.109035
344.455514
315.197293
346.281887
319.954716
318.962546
319.005217
311.099111
333.611120
315.493134
307.230499
323.744819
301.956988
309.994829
305.434642
306.059865
325.293109
293.606784
303.477543
305.291237
302.977689
304.977728
292.157544
283.918586
302.336935
299.837880
319.798963
311.407509
314.818081
331.182264
312.495365
327.260945
320.521656
317.096508
341.062443
315.434800
331.698535
305.066887
297.591690
313.762867
298.756855
304.299732
318.673009
307.025228
331.429766
314.200692
337.518873
342.358129
320.952841
338.114451
338.543813
337.664870
344.411928
318.075119
343.224487
333.261828
321.600580
332.171921
309.872357
327.295247
316.974657
299.656490
322.620188
303.811701
319.203918
331.338912
308.282975
339.883455
334.552102
332.056226
355.423062
328.551888
342.434930
341.654780
331.027602
353.232168
322.545359
337.803170
307.385748
312.084881
300.243620
262.726707
271.265628
267.571562
259.193344
279.682398
261.212704
263.511197
266.071577
246.266229
248.733674
266.955164
256.806948
262.364893
260.924673
270.935805
266.912680
264.147554
260.724846
252.883900
271.121351
263.630204
262.449593
297.886481
281.328397
299.189051
319.383858
310.792234
331.163429
322.933628
324.457734
320.609274
313.147005
327.974517
338.923615
335.772239
355.264933
325.727419
338.679243
330.148679
335.488213
343.443304
318.780521
337.975559
349.025357
329.970412
350.695065
335.761985
359.651981
347.146783
356.261262
373.074979
361.758576
349.692225
362.642124
349.876096
370.667328
351.988571
364.337749
375.962938
357.990522
374.504470
379.009877
370.084956
374.640150
343.976474
352.906365
352.455680
337.423191
355.743102
343.849060
353.962072
369.801914
364.410706
382.131416
389.799932
378.719304
381.033331
360.796003
382.628274
369.926846
375.321958
378.010137
359.418392
356.974841
362.565029
348.858110
342.512667
336.302234
348.519405
357.534863
346.887524
352.664132
358.872800
366.120347
386.375591
358.079686
389.825652
369.635925
375.420313
391.687333
378.748462
387.911999
386.203483
381.261282
389.872843
359.107162
375.885141
365.299345
356.646125
364.801241
352.379796
348.665188
348.150004
333.532661
348.800702
327.324884
332.488391
348.713615
335.323400
361.230222
346.526746
355.848759
384.372227
391.903582
392.656169
395.538366
385.631444
404.937666
394.819725
423.717539
421.666173
425.879090
438.540987
433.183479
433.162889
425.078746
409.380800
425.493666
413.056133
410.381029
416.155732
405.899720
433.881385
440.878341
429.215144
435.981781
420.774244
434.515931
430.214978
434.034395
444.991261
429.621640
441.132405
442.689303
428.659936
455.831244
446.528051
448.840052
471.139230
461.463291
477.325477
481.069490
480.602180
481.502565
465.609757
465.895862
455.974991
450.906616
456.633930
442.491591
453.160734
433.667915
425.021957
439.188931
417.231158
421.131674
432.124479
414.664840
435.415978
424.814536
445.605382
462.696664
461.104533
477.969734
481.240181
468.119673
471.404733
462.246371
472.016975
465.097197
468.302631
487.305515
463.852477
465.831559
463.426947
449.932169
451.822743
446.512596
461.234312
455.342773
434.249721
454.181796
428.759962
431.500796
436.926828
422.166966
416.113598
414.642904
409.074793
415.067518
395.729853
406.008979
407.008708
399.408660
407.122509
401.848629
410.533153
414.442885
384.949032
411.240231
398.906145
413.367536
407.119593
408.785743
406.163581
401.171575
396.715265
408.196770
381.191060
401.213653
394.132879
381.122921
395.976060
367.813541
369.758053
357.488186
338.141223
354.871560
332.891785
344.078438
329.228974
337.460467
357.091552
347.005505
350.296835
348.328869
331.384963
332.154365
332.865924
321.974823
327.880308
309.001973
327.468664
318.770993
341.241795
341.406920
325.986468
325.571366
308.283251
312.371841
303.767974
279.271356
288.918214
297.416989
284.697921
289.410681
291.062796
293.043090
304.040311
289.311502
307.178115
299.189983
306.614656
307.961335
288.131801
301.986141
289.754546
278.508175
294.724917
266.939770
278.736934
285.592567
284.482912
303.054685
284.599266
297.912298
299.864314
296.136862
306.610575
303.488928
305.999224
317.388286
301.726954
322.128732
309.805740
291.106238
323.354687
303.521048
295.347400
306.312325
280.463566
292.594348
267.918932
279.363113
262.534577
255.868452
268.876315
248.033962
246.318377
263.583033
242.017975
270.858040
266.113628
275.839290
290.127982
285.516887
313.303569
312.303651
322.475103
346.172059
336.199352
347.234034
345.881807
337.650876
352.037220
326.024042
333.447632
337.917114
332.360075
342.072914
317.577103
318.858419
323.249799
301.314977
306.479982
292.286875
296.499291
305.601707
287.744114
300.047291
301.581747
295.840949
312.187240
282.317897
294.472831
287.235872
272.337710
284.737974
272.765355
280.247169
289.020899
269.075221
281.614328
262.311525
271.009479
263.784053
238.920019
234.745547
225.266151
217.350051
221.168001
214.180875
224.801900
207.174953
226.712258
232.628039
217.478759
239.695208
249.482926
231.645232
253.703012
244.384166
249.753060
254.771055
236.795390
269.565303
229.738035
213.337361
223.715350
196.345105
219.873224
201.606644
198.298110
222.901468
194.556133
205.978227
196.048341
219.339278
231.047058
202.387688
212.650975
220.790362
206.778231
238.565561
212.803110
242.715859
235.589203
228.771387
249.521516
237.888655
233.990452
231.870124
199.568663
201.949534
198.325747
176.035043
189.953348
184.951174
211.276065
214.423567
194.984064
207.491221
194.801802
204.953713
221.822713
209.940209
213.053421
206.166354
219.343705
241.459894
230.239731
257.898030
257.964259
263.776684
287.175306
254.726157
273.635566
263.340517
251.484451
261.317577
238.118572
249.013325
250.444503
242.045073
262.946939
238.578049
253.179409
248.418779
243.441109
255.764505
247.378424
244.291720
252.287839
225.984233
242.415454
212.527516
215.285148
231.149549
191.430669
203.384748
210.755360
207.297899
213.016064
185.423078
191.003669
184.208192
159.633853
179.265752
162.095110
156.681261
164.506085
161.390676
191.762962
173.607332
178.590032
202.752564
168.899393
176.295364
153.058205
144.061246
164.127939
153.988219
156.050173
151.100632
142.146880
170.712769
144.544557
145.327421
155.543527
158.251589
165.993486
167.242512
170.009920
172.277177
164.948080
169.842080
161.944708
168.181865
162.308169
142.133190
158.881581
148.491838
154.192833
173.106144
153.568416
183.202296
176.171089
168.771842
182.890480
174.377730
183.324264
178.035583
165.918196
160.195700
161.578268
174.127783
175.060022
165.699999
211.560005
197.071305
199.854628
213.456100
204.022162
210.214929
216.491373
208.804119
222.090018
196.657364
217.742351
213.686270
197.412693
208.192219
199.555856
211.001312
223.976414
214.447918
238.969379
220.613032
218.152564
231.431433
203.706306
221.641931
216.616806
194.054754
207.135778
171.314099
200.106159
189.106177
174.780087
206.310861
185.611211
202.710345
191.909760
191.364400
211.486971
204.029854
221.467460
214.014729
195.312880
222.414893
209.011743
220.184573
241.921887
224.542272
237.344945
243.533637
221.562840
229.139551
209.275116
225.299781
221.984648
213.976072
224.421965
205.810428
231.528068
245.162763
218.861160
247.629592
240.937426
263.673695
272.671596
261.171071
274.215487
280.471045
266.904841
276.210246
268.465852
279.385750
277.244649
278.581504
299.998344
279.490542
282.435013
286.095792
296.316114
300.638956
286.739417
295.985668
299.923851
297.392994
319.600278
311.625601
328.658856
333.146310
334.578175
348.372180
356.336925
349.860329
356.169401
329.194656
342.728813
308.346761
307.564994
332.369810
317.328884
318.621971
312.534291
286.710623
296.885014
270.980454
265.648992
267.632399
252.483402
269.541845
248.302228
246.749124
262.045498
246.740350
241.191049
224.114314
227.209851
231.385988
218.467730
235.078409
234.573600
227.474311
250.588829
249.476704
260.463592
254.319619
242.608744
274.478423
253.152611
259.929865
260.548396
242.957427
243.587165
233.071046
224.990398
244.975336
221.539382
234.357280
220.396715
233.161067
252.502105
230.497839
242.414271
254.276055
241.859894
263.148094
244.189293
253.401790
246.450423
229.165789
245.135608
245.712774
240.975164
239.618014
207.788278
229.260989
218.551942
207.390595
224.954180
198.658402
221.732548
212.213187
207.500493
234.065606
223.255125
225.981821
237.407900
228.274410
252.720843
237.569663
229.851373
231.330733
207.158549
216.026148
212.886301
218.783533
250.143351
221.857442
241.867180
233.494570
229.928471
240.512239
230.819800
251.850540
266.620034
249.136966
279.985579
238.727267
240.671543
237.946328
235.554623
245.192615
232.603727
231.728215
234.549027
223.235925
249.691514
246.221062
258.018627
259.977089
237.355387
260.482359
239.765786
219.463713
235.093671
205.087886
204.826063
207.067266
189.783221
203.987635
181.820276
203.242474
200.861936
189.612914
207.341855
197.361895
191.288596
189.486894
181.311430
201.738205
183.782906
186.520639
185.343842
176.430828
186.097172
186.512696
192.518972
216.681764
196.889679
203.675035
202.424592
199.140333
214.977879
197.253975
206.361456
215.140540
199.531373
217.019173
212.428928
216.516980
216.439494
214.305660
235.017493
233.391666
212.387874
221.769799
198.379797
202.611858
195.416200
197.827041
212.239756
202.130194
214.337343
229.209774
198.253745
217.208431
218.181771
225.936359
233.234014
220.896212
252.409209
241.874311
257.944213
265.742856
243.901462
250.843521
238.695512
233.866926
253.252663
224.976571
233.304269
227.774827
226.499799
228.102763
208.818859
212.975113
220.496119
188.508938
200.415264
196.701060
202.054407
208.174712
190.127757
213.895605
201.652189
204.235955
231.478089
184.696218
210.961239
197.280096
186.307641
206.632372
184.198350
196.871419
193.780582
171.109562
190.006540
176.778069
190.309132
179.480078
160.716382
177.257150
147.049134
148.803406
158.527205
140.419177
146.568822
140.923147
129.209510
141.761606
118.612362
153.911994
138.450505
129.970161
130.732637
127.164995
141.862907
150.133818
135.456853
168.771052
145.249981
150.391118
142.160498
133.931852
154.595401
127.294231
132.606721
150.770633
131.453794
140.804768
132.986473
129.390554
149.126107
118.786646
132.816970
135.103449
120.206277
138.306662
113.770021
117.586689
113.288510
104.054179
122.202568
115.200389
118.479260
126.652611
138.420303
140.002227
144.894731
148.630271
153.412826
132.046149
135.298280
133.386248
123.387010
134.200574
124.066630
129.236067
131.510729
124.737194
157.160793
123.731281
117.559007
112.433373
93.821578
111.116062
95.179220
87.769575
101.154507
87.073422
119.038813
112.238899
118.807268
133.588564
126.354134
140.017677
147.150257
133.515517
154.600854
140.223066
138.880991
141.442872
129.138166
147.471990
124.834647
138.105962
144.346907
127.634252
129.683243
112.937369
128.588780
122.662354
93.069278
116.560908
112.430666
130.618307
132.431654
129.565217
149.797084
173.098663
163.647946
193.539904
185.886616
197.628544
207.632663
203.683724
199.391157
191.504022
192.086455
185.190436
156.991964
177.949286
156.807989
155.775607
161.299883
135.312693
148.013963
155.688738
157.030936
169.219413
160.370631
166.373807
171.407105
155.748772
158.579556
146.521760
169.890508
192.049372
175.620950
185.269017
177.502726
177.463695
199.433333
191.524865
212.898201
201.625283
203.726460
200.271017
161.460480
180.276740
190.382690
178.207420
200.560231
193.480332
205.573119
209.815038
209.980032
222.094368
223.345044
205.395087
209.489475
194.027452
207.858880
200.718231
196.504584
209.925395
203.455909
208.584460
203.671664
203.522973
219.784993
206.589489
229.682764
206.429087
195.977753
226.375061
210.760541
229.077542
228.001951
227.599548
233.069850
221.850563
227.453470
234.392473
222.232535
245.017485
233.038949
228.827264
231.208871
217.398694
242.889940
236.719673
232.100162
249.174772
228.429951
247.484783
245.727050
245.591892
238.697033
227.932646
236.279253
232.648758
221.237208
238.211242
221.589567
214.475653
219.337268
203.028895
225.649336
219.671878
202.110287
221.167608
204.848137
223.422384
217.558904
224.202106
245.643556
232.985620
241.087557
241.489215
220.722149
235.522074
208.002325
205.075707
212.455782
203.957057
210.521813
188.858125
193.764257
211.797390
209.151924
188.562927
195.415357
190.523586
214.765546
207.973220
233.939765
232.467997
225.951524
250.419515
246.094297
239.818478
254.749981
235.733578
252.780685
220.344469
235.095509
235.627780
222.547782
232.807649
236.535563
231.669320
269.184722
262.012394
247.758566
243.423070
250.254619
269.029843
247.507361
263.338573
248.829617
227.280104
240.643234
222.397986
209.981878
231.676283
227.806031
248.524614
224.407597
236.702911
230.196005
218.721479
223.760220
230.494292
218.702729
223.987465
207.098066
232.968495
233.720059
247.824975
257.232563
248.036157
260.719461
277.763263
264.172216
292.314048
268.920360
277.382389
275.885744
261.112007
273.105224
258.672620
258.898233
260.660819
240.828306
254.721924
247.534498
244.818012
253.789335
237.403574
232.092174
236.791819
211.479290
226.383899
222.548902
219.527505
209.278414
204.190642
218.282165
201.111921
221.399159
214.869282
194.266641
197.676889
198.807006
189.046493
197.320967
190.297146
216.631154
203.218636
203.284173
230.789788
207.540929
226.725420
233.241829
217.133097
245.355577
239.973962
256.709544
244.192398
241.475256
264.661600
245.012751
243.239354
251.718951
237.535311
252.362754
231.881536
227.067338
243.619429
213.432988
225.288585
220.504733
207.469740
221.877483
207.270911
208.057018
213.225751
204.884003
203.349951
200.564777
206.338689
204.338353
198.480211
223.683609
218.773145
223.315352
233.153041
199.524260
222.982170
216.836809
221.578610
238.221031
232.452099
229.094830
221.923382
202.737484
215.883201
201.830041
208.719793
194.618906
178.923970
192.277744
181.906768
177.517669
196.722889
196.182554
227.930581
217.710043
220.849545
227.211505
208.166390
228.398717
215.738597
202.389251
217.120730
217.117258
229.877261
243.354725
245.140878
258.750558
249.202292
251.668830
243.686334
228.157553
231.315528
218.461911
219.810024
229.757222
213.511491
234.307100
226.106753
236.067190
250.922781
230.481452
255.057944
270.472233
261.950301
283.617684
263.771326
288.779013
282.655654
261.907954
277.487977
279.442425
277.093236
272.384273
246.926303
255.083461
242.769144
243.157009
240.428059
227.390790
255.532343
243.114693
237.847728
256.014695
230.261567
247.183671
249.796239
250.107045
243.303030
230.706361
259.762305
238.734786
226.345035
245.938817
216.159083
224.030108
241.788787
227.132383
250.808982
243.415802
261.307399
263.818292
263.061885
270.951975
277.321742
248.467700
257.494214
243.467004
259.150389
259.513775
257.951295
281.911593
273.214533
285.273128
284.318362
273.613691
308.417645
283.834460
283.196415
292.825003
274.111798
293.195619
287.803378
293.900928
304.414423
292.253250
301.313195
286.566181
288.852533
284.449817
257.252049
270.994515
265.248573
274.215203
289.487765
288.423871
293.505662
320.721046
297.148169
324.698926
317.468926
326.120458
331.827755
313.830887
333.411239
317.483344
306.529254
330.195379
305.562737
330.899725
319.682916
308.238449
307.337609
284.379795
294.072165
303.296312
292.664108
307.786885
286.890754
307.166491
308.065710
313.098226
322.337410
315.240814
319.799179
327.392253
306.240840
305.902731
293.221223
291.699059
297.157761
280.468036
320.698827
324.449180
315.749760
330.872413
317.066026
325.188733
331.570376
300.135165
326.010910
293.938597
282.308262
288.490446
250.102990
258.059875
259.949975
262.412337
289.103577
265.967419
270.516976
265.524422
269.717955
284.203533
267.120993
274.450591
263.454667
243.459080
261.900635
248.343857
283.696625
269.440691
252.833848
278.788647
265.413366
258.906088
274.509427
234.100185
252.741276
246.971733
254.372148
269.247165
241.267976
248.933466
243.955459
224.105034
236.964066
224.705497
214.421199
210.671002
185.907324
208.634474
189.036245
216.334491
217.676054
207.800025
237.603515
202.576483
217.869188
228.867452
211.866969
240.114469
230.459740
235.272902
237.348526
228.027353
240.095378
244.056082
222.523736
244.539681
199.319189
212.126092
197.828239
193.446182
216.058742
215.263607
210.091597
216.257596
202.783183
242.567773
218.515765
226.537602
248.325581
241.623518
249.939295
243.434482
243.923285
244.552480
219.820618
238.838215
233.314042
202.653449
209.267992
179.863235
188.573617
193.406631
170.322282
196.204229
187.079878
196.679064
198.203263
170.193676
197.372808
171.735694
173.777312
164.755452
147.411444
149.373491
153.871556
147.664219
153.334598
122.626822
145.980884
142.051955
125.799470
148.373409
119.587390
121.806964
141.837033
120.589745
139.277544
120.867101
135.594375
154.122223
139.801982
146.852222
135.448671
150.250744
164.508467
139.963085
155.107112
169.363222
154.058306
164.712096
146.881491
173.703997
162.481344
142.551665
166.925875
139.450049
140.455604
160.494732
132.934063
156.622403
139.790851
137.144204
130.903145
102.455551
109.166615
102.513691
80.789599
99.828518
71.571770
98.366118
88.652445
85.502528
110.137305
103.343646
111.098658
144.112569
120.190979
144.623470
133.016605
131.534955
135.517878
140.499706
156.342018
151.626533
153.012557
168.991726
158.986535
181.377876
187.829820
189.385039
218.040372
225.469653
241.367610
252.497806
241.279682
266.079881
248.615374
250.160094
249.657621
221.702629
249.113453
229.328323
238.239252
262.385614
248.666133
248.320595
252.827430
268.570841
289.796843
272.260022
303.536052
306.302374
304.841337
323.127860
325.063666
317.223729
324.748530
309.937320
324.740384
315.707658
308.110510
320.550640
305.244985
318.503812
314.281752
317.518438
329.280116
314.843610
333.160831
320.075433
315.275870
346.408805
338.899344
347.515267
358.170899
350.544006
378.355339
366.101126
357.769407
357.732201
332.052060
352.688783
318.213976
309.993573
309.016750
293.043559
309.051864
283.202321
292.062248
305.826250
272.759051
298.820394
289.310284
270.724034
295.363745
296.514159
295.106488
294.090140
289.667041
311.717646
282.438981
282.450385
290.534159
286.116663
318.196285
285.344298
282.830166
301.998028
271.807352
280.462466
268.081278
261.370523
260.233025
248.560385
265.679530
243.723846
236.057637
239.317059
220.991551
227.517981
248.248224
234.832849
271.576364
240.202154
262.699694
270.184791
272.772919
281.245420
256.316181
243.300325
233.523734
214.195373
237.602249
198.434979
215.996370
232.818115
227.180754
254.957059
245.342962
227.672711
255.446543
243.982457
268.974719
258.809413
255.586541
265.893058
248.036039
247.245619
256.295221
248.619405
255.537157
245.483451
258.159217
267.595635
257.108313
272.223755
280.155706
290.332704
304.911814
278.329739
287.568728
301.117033
282.899676
303.726527
287.848710
287.336249
285.470855
280.258978
277.222055
260.644981
255.462383
268.711154
249.767373
273.703952
272.431120
276.974218
275.767309
261.052902
267.520514
255.786345
245.411986
261.428541
235.114930
244.935174
235.102013
220.490286
226.438046
203.190037
190.704604
193.371614
177.955336
194.864171
186.944152
180.866960
196.664599
175.066999
194.032930
196.338173
185.556498
205.851284
200.240135
222.180097
226.530795
224.031349
243.044851
210.193460
231.814977
237.043996
212.614359
230.323783
218.270427
228.783864
237.428236
223.867340
233.450820
226.198271
239.239123
253.625302
247.296433
251.690085
252.608135
243.126367
263.160634
234.744222
261.837525
242.763007
243.925056
252.389479
235.253262
236.456923
246.892254
216.200446
227.976706
201.440117
204.460681
215.246242
185.445836
198.825666
191.299067
185.273809
194.680664
178.635129
197.226123
215.717291
212.513859
238.310487
235.632414
252.139208
248.192487
225.570828
256.613505
228.950288
230.214970
238.965342
208.445252
249.954648
228.844856
240.892977
268.742694
258.593432
264.062364
274.139948
260.662357
287.273739
248.903594
264.682603
273.586943
260.749377
272.205207
263.874674
275.699993
285.932890
266.979336
294.542892
275.985105
270.348823
289.854904
273.047815
283.767510
263.708840
258.858445
267.389222
253.330384
272.894387
276.080157
277.857573
300.393082
271.043509
309.074270
300.735858
279.815741
301.769513
287.614412
289.096623
296.011041
258.256352
280.805865
251.830369
247.101589
260.183120
252.111024
261.583094
258.021876
249.937555
270.995690
255.769282
269.666680
245.426931
241.385603
261.812116
247.126205
232.077342
236.699556
216.729605
240.437058
218.777573
215.772205
221.387805
210.665881
222.504206
228.527026
229.312410
241.215397
217.721513
233.611220
236.930545
232.337874
249.538184
234.083691
259.753827
257.225551
240.597394
261.518169
240.569176
237.595203
258.494779
242.614624
274.746099
261.735554
271.658575
280.797629
274.292006
289.081498
287.431376
281.643664
300.907701
277.146157
294.417820
291.987861
292.144327
299.328582
284.665094
287.718344
298.158174
281.597069
302.066107
291.630555
295.540726
295.261295
293.213880
312.499923
302.319758
312.792842
319.801610
284.584564
314.303109
301.526198
295.843362
321.902450
301.467223
320.698825
322.558010
316.163225
332.576697
303.068250
281.860260
294.397129
289.493895
311.294791
278.912174
303.880684
302.521308
296.818955
306.285681
306.660118
307.645417
327.344259
299.108668
314.364096
299.843889
298.971168
315.249551
310.972037
340.442474
347.725983
339.945929
365.368453
371.253513
393.735417
400.235894
403.566884
421.860988
402.256855
396.522531
399.505434
387.433418
395.251834
378.485262
374.296652
377.129809
353.732932
368.681487
368.951892
361.648775
357.482487
334.071395
320.147176
324.108168
288.276980
305.469661
292.705458
302.708291
292.371288
271.787722
285.583334
277.340693
261.164675
276.156583
224.773647
227.882506
215.192399
222.303895
240.322313
210.583911
211.234016
220.838086
217.109619
255.066465
236.326759
235.454984
255.118868
245.457517
266.486210
273.143649
252.526086
278.320041
262.697213
281.295204
270.279474
262.823386
260.962776
241.699236
251.220138
252.794893
244.850366
249.675316
240.189996
255.190755
254.721008
238.063409
268.163424
234.695954
250.043392
266.456858
247.382546
272.069471
246.422394
251.779318
271.715328
235.541009
256.173731
240.736590
245.019672
247.634301
223.906678
244.928781
234.692723
219.358125
235.687839
217.233330
237.538704
232.549144
211.561304
224.232515
210.862317
218.587945
215.396954
192.633037
212.653778
195.243519
204.469988
204.929026
186.912949
201.929872
210.291065
197.837942
193.001727
186.654316
197.778994
190.556668
180.218908
200.572951
195.748021
207.537885
205.645181
218.475019
213.926358
206.095124
216.288007
232.583880
209.746202
225.260396
213.643617
212.632289
229.566066
223.427425
235.735231
235.331892
225.874184
264.522851
236.928993
253.799942
237.559737
239.582370
254.109005
213.093623
228.899007
228.328065
206.678978
230.534569
236.107522
229.611052
229.474576
216.172334
251.927463
242.660360
232.377728
249.448496
237.438848
242.709049
234.009536
233.750902
240.058264
205.694655
210.492819
196.039546
181.980751
178.352145
155.359836
162.755683
180.266547
143.318833
166.153612
160.128669
182.580086
189.177771
179.669538
193.524785
191.632035
196.829427
211.585659
186.837179
198.616469
181.703058
173.574434
176.522646
169.228710
168.385020
163.199871
145.502121
185.013353
168.990361
169.406938
182.604996
168.992513
190.779419
189.593350
183.390304
178.688768
164.039879
162.959898
152.856595
162.946018
166.894587
153.627957
172.231101
151.784879
150.518137
144.932991
133.663689
147.488626
159.204856
145.552582
165.415731
155.764171
170.295289
166.368498
152.243855
147.591168
142.208942
106.986863
101.238595
82.451929
79.622897
58.748036
67.205413
67.772737
57.417689
71.711194
78.255406
69.543231
84.001129
66.905778
79.217931
72.713569
73.002264
77.896025
65.080474
69.669936
75.972225
67.544762
69.478440
74.552708
84.993471
78.177763
69.195319
87.903723
77.140087
61.468815
74.246420
66.492780
76.885122
73.393880
69.816013
86.427053
62.137213
77.366816
70.878096
61.491823
84.273567
79.589206
95.517205
115.574336
115.990681
150.996216
129.305457
132.275614
147.197063
141.050335
146.242934
152.673068
150.193630
168.383431
157.144372
180.635219
175.648082
174.653014
195.693308
169.126577
173.082052
171.837251
159.306672
166.102277
156.792026
144.592887
158.881770
136.738908
146.724581
147.290259
161.736233
179.551051
183.524754
190.147495
204.152623
201.306012
209.060667
203.519302
213.995740
196.892067
192.667771
206.529560
198.056090
194.734744
204.975078
182.396218
200.131654
188.304934
183.391565
183.195906
164.713214
175.293629
175.128713
174.233158
193.183286
155.605717
172.358302
175.748950
153.983637
165.128682
146.652107
147.019044
146.020301
124.165205
153.684321
131.486269
130.137260
141.305562
114.408620
147.704657
143.562456
137.195914
157.135905
155.390442
167.123726
167.984105
161.913896
191.168068
167.790973
184.477726
175.333743
180.112863
189.767440
178.815733
173.660762
178.480492
155.960352
191.985998
164.808805
164.239856
172.827973
168.064651
179.487752
187.689322
175.954749
205.060856
191.954406
203.502452
196.166452
187.994466
209.265742
203.329457
198.762408
217.076128
203.100436
208.121929
194.311659
196.317793
192.583215
180.137026
193.634750
169.492683
165.552129
161.989582
160.876796
171.051951
160.086949
157.817590
173.257905
160.797289
188.363147
179.649883
175.928445
198.324987
182.114870
185.801554
200.522860
186.318189
206.976000
194.257208
197.425647
196.967936
192.992030
203.717576
200.776494
201.431659
209.639336
178.973325
204.159932
190.029756
188.020472
179.041918
162.928590
172.297328
173.836080
164.022686
181.835762
173.698011
177.385710
173.067397
160.583564
171.452877
156.911982
145.999504
153.771620
132.022243
148.766380
150.095249
158.983856
172.430345
150.487777
172.805649
165.625081
137.293200
159.996140
133.992580
136.586301
154.227109
139.808812
171.500430
151.011995
161.047379
154.134525
142.605199
167.273788
173.612522
165.085552
185.394758
170.160410
177.489437
165.087637
179.589029
190.209513
166.940627
157.304803
179.574566
149.560006
175.014394
155.442752
165.853881
177.265288
164.818787
163.650958
150.566321
152.670777
159.187022
143.691649
152.828710
135.832099
139.182129
145.556967
120.756916
149.495621
162.782898
163.199278
178.538328
173.105672
170.659526
197.085136
168.908187
187.629184
177.300499
181.011243
181.073009
165.983569
179.610235
156.181863
154.581703
169.201397
146.524961
183.463973
160.482582
165.245574
174.875025
165.072275
185.077277
182.804034
167.818606
198.917998
172.339794
184.311025
197.148738
187.934664
201.872898
188.711917
191.030900
214.264222
207.418124
221.826223
215.393498
199.148002
212.112770
199.739411
219.405949
205.475682
204.289485
213.961589
203.002876
212.748510
209.953702
199.457867
216.629367
203.218198
201.354410
186.728699
168.147889
178.269384
154.830057
144.329706
161.313482
146.725112
155.282125
149.892509
167.868217
172.795407
144.606714
163.090450
165.777093
152.344719
188.891869
173.012825
185.596948
184.873925
180.958471
179.782336
160.963913
169.294058
172.500238
148.564163
168.825469
158.272068
161.239220
183.404600
173.211954
187.024833
172.385343
181.286046
182.478820
150.523200
152.736594
144.768645
149.267926
165.168170
173.578460
192.110255
189.863853
192.804357
185.001680
177.646672
182.138707
183.446391
157.601208
177.797367
165.685199
170.805923
178.634471
171.958494
188.574050
176.636826
150.109433
172.798049
136.405465
153.045524
149.804514
138.212410
159.257936
152.756627
172.590574
188.666102
178.065514
203.015262
182.802559
200.991234
200.086735
196.131625
231.746888
223.711822
231.581648
253.306771
243.995371
271.168773
269.049327
282.009927
314.563278
307.227839
318.334891
297.193197
296.827698
323.849248
309.249298
310.761461
317.671645
308.152962
324.860999
304.706190
310.584373
295.926154
287.620874
293.196014
292.974633
276.834403
298.591320
289.178113
311.950959
318.426939
313.040339
326.678138
311.135587
305.284802
302.041238
284.195885
311.272961
280.480105
291.727118
300.951269
279.949058
299.695577
297.049307
311.902428
328.886877
306.937507
310.228487
308.305432
301.755896
306.053681
301.701285
309.303005
309.192799
303.769677
312.907064
311.477180
300.192417
288.612174
278.644279
287.815090
263.924858
271.233226
265.671429
255.078643
267.126788
259.328631
261.257727
291.440819
278.299332
287.219133
283.749309
274.825858
282.667389
269.053916
279.556540
271.835825
257.507230
274.888552
267.091136
279.959309
279.336970
268.097002
271.594597
266.038630
256.392241
269.783785
247.563636
262.357490
236.076261
234.822721
254.574672
235.721036
243.054658
235.095164
234.416631
237.751874
217.197906
246.596161
249.813465
235.505582
253.807084
242.846845
262.552939
266.566740
246.161509
263.198598
264.966814
267.042291
287.120284
253.940956
271.102431
252.178216
231.947248
234.640078
205.348970
205.459859
209.927042
194.280683
211.305210
186.506534
194.897951
185.889492
190.494977
228.508799
212.620637
230.115904
232.120189
218.585640
238.099360
217.906182
221.717720
212.753429
195.179301
214.917685
185.656432
194.656405
206.725488
183.796872
200.386407
204.635698
174.881071
197.654701
181.461543
192.396390
209.034691
199.680186
203.776465
219.190620
222.010972
249.463482
239.005967
262.154537
253.944064
244.441987
251.023859
235.623469
219.460248
225.589996
225.326139
261.653052
236.958444
256.757205
263.447476
240.896628
251.499197
250.130755
243.278469
252.713624
229.939515
249.082290
242.470639
253.647771
266.907518
250.822018
257.476916
263.679074
272.448846
278.126894
271.835592
282.762395
279.674093
285.663156
298.426049
265.637815
286.352186
283.904678
261.763306
281.800937
282.652706
277.135095
283.298462
259.289864
290.030154
264.010466
273.518220
281.524816
260.240093
273.433942
259.543312
264.409188
269.471068
256.455729
279.145845
284.027036
286.968986
298.891978
277.915579
282.130817
275.168046
273.192945
285.853161
272.275712
278.822681
282.234146
261.310391
259.830517
255.849871
266.785800
288.735435
272.519717
291.170232
296.528495
285.562919
308.627381
281.445834
306.160129
289.432494
287.339247
311.302671
303.199896
308.197011
307.136840
286.348690
298.022831
277.945511
294.591472
278.656243
266.887292
279.219912
269.502251
256.008084
266.778632
250.290155
272.216260
261.293579
254.007920
281.175957
271.294244
267.054051
278.788385
273.916628
289.893084
280.192613
284.476629
300.741826
290.475923
308.033140
295.921419
293.772972
291.299545
275.989809
296.588374
290.722135
280.245269
292.536089
280.588874
298.241731
289.596316
293.854090
316.792140
292.496208
300.204662
305.780484
260.975548
307.531992
282.553274
302.141054
317.200374
312.005959
327.321975
320.548477
310.047953
316.217169
296.752351
322.145987
300.677322
297.412284
302.837965
295.289810
294.034347
305.494068
293.748502
320.242296
302.780227
307.567764
316.567926
302.998557
323.750594
295.529159
301.308322
302.942213
280.345036
299.649393
281.088515
280.151030
276.139828
253.736905
277.546935
276.898472
266.896933
285.812230
274.282120
280.958557
294.899636
266.919018
304.376204
271.658716
282.042936
283.664314
273.192338
302.212769
291.067428
291.793069
306.649619
262.289288
299.892841
289.756990
276.865887
287.070022
276.414334
298.598518
289.080573
260.380849
297.469667
259.960031
271.638535
276.530874
275.129487
298.707236
281.677029
285.971723
296.653254
276.384441
297.713681
289.092965
292.453779
293.911713
272.827490
293.693595
283.789259
280.322552
305.421660
291.542300
306.958456
303.820971
291.431278
308.340858
283.146585
300.045574
297.184303
277.610631
289.943773
279.453329
274.123654
277.114722
263.695220
287.203057
266.543883
268.881876
287.783879
275.239830
288.884446
294.665725
271.190489
299.025546
277.287535
274.895373
268.215058
238.976897
258.133118
254.968661
250.273530
266.574549
262.733837
274.369626
274.345257
269.636513
269.558527
261.357451
277.022646
274.916972
278.720422
277.704948
262.459621
268.804663
265.949454
265.377778
290.674777
274.360042
293.075669
292.272502
286.608045
304.089773
293.098094
304.030275
313.821470
301.910359
328.810708
317.982060
336.662118
323.886576
304.096573
325.523847
322.374967
307.054961
328.119255
308.324304
318.292671
324.841849
310.318981
329.329188
316.519157
330.812282
332.283707
306.819362
333.072592
313.860356
327.414476
335.115539
306.530684
332.090209
319.827571
323.081529
323.526910
299.621304
316.662355
309.547623
301.505159
304.968270
297.769464
311.666972
296.294432
317.098693
332.532250
321.761720
327.078246
331.390042
324.454591
335.847684
323.705440
330.888670
332.125124
312.897050
323.123484
316.220592
311.864811
321.070140
298.419308
329.346126
327.352735
324.200205
351.044981
321.478024
335.971434
334.837882
319.097346
347.650107
312.666540
319.899622
322.910103
309.448114
320.848013
309.484759
309.776613
313.551304
287.270235
308.305720
291.593633
283.408996
297.953907
261.920323
287.705013
279.339592
263.951046
266.698125
269.407045
274.962405
270.085208
247.611520
285.589804
268.615757
271.972704
275.700527
275.452560
299.662086
306.558065
305.752793
320.291166
280.787890
306.933637
285.438444
290.861968
311.134775
297.367948
314.397611
297.896149
307.972391
331.197227
318.008077
340.255988
348.049676
342.478731
368.056957
365.194585
373.784762
356.491118
356.742725
394.226203
380.125719
373.171038
387.063199
357.125272
389.913092
383.348477
380.218177
384.844150
354.578272
364.199406
348.185526
336.603589
377.550334
349.833961
346.906586
351.439026
350.118768
374.878999
355.740502
344.481059
354.566079
331.849358
348.898838
345.064658
348.452628
367.115083
348.164597
334.312952
339.096517
321.374890
350.961309
319.951511
319.691527
314.335805
297.985269
324.228627
294.513794
290.373367
305.602221
295.350963
322.558545
307.583608
306.254747
306.647045
282.913448
295.166384
265.626329
262.645742
286.642434
267.139383
287.897982
290.715489
275.372780
315.645953
279.693543
297.849037
298.954127
288.645859
305.028123
288.148824
290.885584
309.672630
278.826119
285.606041
283.487402
286.088821
282.545290
276.094618
293.869686
295.173533
281.015748
300.999504
268.247425
285.113101
284.566867
276.550579
282.352968
269.558999
268.876671
266.329367
264.283553
282.382137
275.861567
279.290981
286.925430
278.959183
293.934650
280.396902
287.898175
305.784959
284.504164
290.183678
284.386419
263.389425
288.813796
273.919699
302.856701
292.619590
286.740459
295.792814
291.783987
294.771614
299.495668
280.268207
291.462891
279.142618
279.609748
276.574740
252.383462
258.368040
256.622709
244.652767
251.588695
221.334894
242.731235
228.255224
235.854285
239.151043
230.531264
254.773125
248.919216
249.618954
272.506215
264.596059
270.205991
282.183589
273.465851
283.947318
270.221790
273.115892
282.528697
261.707115
275.196718
272.134893
276.758256
307.212749
295.429849
291.630677
276.884991
263.597478
279.998697
264.100168
255.658850
267.132307
255.773370
281.942006
267.540529
280.212063
295.295134
266.379330
277.813529
281.212959
286.611093
301.480569
288.587104
307.093488
289.841960
283.082513
308.876111
285.618576
279.749083
279.078851
261.830558
285.440963
269.851873
281.324619
301.384924
290.128833
304.490748
286.852898
301.378214
312.778722
288.290407
304.732456
299.414752
291.074128
309.359357
278.958364
305.651277
290.205895
290.572509
311.586071
299.485042
302.087022
319.767271
292.282737
302.573204
279.041753
288.225661
260.733060
244.024638
264.788758
252.470260
252.851842
266.573517
242.129374
258.291476
233.065146
218.053511
237.486156
218.640234
237.366814
227.870041
215.341294
223.370960
192.768475
223.875889
220.870204
203.773397
224.260940
217.695633
230.610533
245.354324
226.880863
238.084317
223.661443
210.245310
225.448081
208.970789
209.557505
198.022606
207.021406
232.069425
212.059919
219.122752
225.706127
208.070865
232.808468
217.749059
240.529401
236.708385
236.034283
245.527934
237.308261
251.616533
264.091019
255.538413
272.977905
245.699710
254.181021
259.058304
254.995404
262.841456
250.064736
252.889659
267.210966
246.040508
249.087920
264.542726
256.113186
270.594939
243.294294
248.156305
251.047560
238.434230
239.514007
220.648467
231.535095
236.605257
220.023861
239.992271
241.124582
247.219581
257.707278
243.109370
241.006333
242.646291
234.248751
247.673239
224.875249
218.967500
227.057333
223.133121
227.330123
201.047665
200.703982
216.665006
197.826374
219.205343
213.528708
217.557991
213.090564
200.327663
215.732800
209.466862
211.505822
232.719223
194.830433
226.800874
227.452907
209.299106
219.168636
196.383977
210.194093
201.138885
201.661858
217.390860
200.057916
204.259759
217.614634
209.533954
224.008513
202.623444
211.672041
225.728114
215.803075
231.484426
219.883589
212.518245
234.907512
211.899172
204.084151
190.605377
193.095552
209.585422
194.288050
203.442678
233.399642
209.858355
231.363264
217.397701
240.476032
209.527973
199.076737
206.465462
195.621139
212.346395
200.316899
190.243645
212.539185
205.122831
210.425669
218.924396
186.128391
195.278376
209.477223
196.198209
216.152124
204.661456
206.104229
233.986819
220.412779
259.691816
238.699299
246.565827
257.296386
241.962416
241.415931
227.712362
211.743763
230.370823
211.245851
230.087759
228.137400
225.909249
238.767236
237.310327
248.656512
265.492686
250.571702
273.890577
251.182397
261.456545
274.668201
267.048754
282.451530
278.285450
278.442278
272.745567
266.516077
279.902774
284.593045
303.527033
313.145029
298.225239
310.150064
313.428732
310.716813
334.081130
313.743551
319.913919
309.339867
292.267860
311.971904
296.766821
298.339640
312.356300
295.026814
325.405630
305.531628
305.262321
332.094070
317.268864
319.852499
326.784288
334.157231
319.917325
304.371418
303.544691
300.658500
300.262967
318.529234
296.255817
303.904738
307.186802
301.071248
311.328653
302.401275
297.232683
308.771961
295.369535
306.807498
301.877493
288.597748
298.974103
286.108503
310.646799
311.494710
305.785931
318.026874
306.193348
316.839179
315.090288
306.431155
338.989266
313.644272
327.311893
321.447904
309.803475
309.697889
295.506213
293.086829
305.176438
271.365342
286.405357
270.054585
260.780473
272.456703
265.263610
274.296667
289.916271
283.722965
297.041714
287.745247
298.379512
320.183665
300.540467
307.869937
295.838685
297.943776
306.179810
277.516607
310.046551
291.973697
282.856720
284.594072
255.967082
254.333492
238.098710
238.359920
256.305020
222.574634
245.875086
235.412079
222.124559
222.117459
202.229984
227.016387
228.274387
207.669441
214.827212
208.884806
203.301189
217.694546
187.177003
203.474525
198.628303
188.050565
192.750156
175.188395
181.954749
173.743605
160.826123
169.148459
154.664130
172.553130
178.620014
162.118244
160.497191
155.552920
136.432230
133.676116
115.237440
127.714712
106.695681
119.280384
139.118138
124.335204
134.573512
134.054164
132.214704
148.696404
129.172753
161.403026
169.385149
144.056141
177.878183
163.838264
184.154315
192.430200
181.178045
216.233034
191.844679
200.768823
205.674738
168.323550
202.843498
196.584885
209.438903
231.141052
228.331071
240.735121
242.618962
252.552904
287.126577
263.323164
284.302226
266.391964
254.664644
267.870111
256.820479
242.840871
256.346804
230.247267
239.416689
211.607683
217.935193
223.673228
203.760880
219.416949
210.025044
197.666811
213.807923
181.389416
205.577405
195.792686
185.626449
195.828987
164.723948
169.005347
150.825673
138.731061
154.448712
136.509499
148.208174
148.512493
129.598385
148.881269
137.731337
143.717616
141.189643
122.149237
137.834527
150.434499
147.180437
171.046648
158.261907
182.503551
168.405775
160.361164
190.847606
181.519751
181.536899
202.185020
188.007559
194.484668
191.800589
214.143151
219.423657
198.480201
235.631467
229.576363
238.479266
253.747965
233.792518
233.709681
229.615954
210.540343
227.778542
212.890729
222.474172
211.107435
195.553915
215.076096
209.029824
219.985009
233.260421
231.844796
261.718891
251.520765
246.451977
251.140510
243.566266
242.257308
242.211276
224.174730
243.132544
222.960949
233.814849
217.753251
217.289628
217.456304
200.793416
222.892091
220.062250
200.936421
214.311267
189.970955
203.033694
181.102278
164.595164
164.160267
153.030471
157.200612
149.944047
141.957195
152.781135
129.852658
139.455215
169.494138
141.126175
160.771579
167.163394
168.916383
193.734854
178.020061
195.677436
202.019905
205.766249
232.629487
214.381883
237.477310
234.636068
221.354133
234.563471
219.205834
216.886900
232.876843
199.062291
225.507894
203.769957
191.235069
189.268985
157.942827
156.133135
166.278858
160.399793
182.241092
172.696209
183.000072
169.841607
150.271256
152.958024
148.640892
144.534554
153.249827
138.518827
170.147186
162.869633
178.710800
201.504494
183.316739
198.124613
188.775594
182.911806
198.643725
182.514801
179.424650
182.083666
174.571705
186.645247
166.462695
187.234340
187.855044
174.814646
202.838263
189.569204
206.513775
222.696151
199.663587
223.333017
199.285942
210.910749
212.525347
192.063918
200.554286
205.095146
200.014591
220.564292
195.848845
213.063651
206.768170
211.205112
214.174489
200.163537
209.745155
222.269669
190.308558
209.702552
194.344349
202.323901
203.743030
178.242457
187.954196
180.253586
182.748491
201.836317
178.214248
190.180437
183.521695
163.867259
184.529730
163.015086
168.774464
162.029738
147.949234
168.392294
158.506945
191.397151
191.731232
179.973511
193.400526
176.511192
200.604381
204.145610
189.991512
196.085908
188.926149
180.216308
207.362356
169.065013
196.686443
194.901419
195.938883
216.647469
210.736354
216.749482
226.048899
217.004819
231.080358
214.048153
221.093060
224.280196
216.744542
228.462465
226.156273
227.011572
233.265236
209.291305
225.143781
210.598133
215.831002
222.415314
200.256228
199.144399
186.669255
181.536629
195.584125
180.575769
172.468610
175.572683
178.026975
192.390532
167.938789
183.260942
188.152789
175.473397
183.639678
163.631140
165.413517
177.593852
159.808964
182.956186
166.399363
175.892563
181.072868
162.825585
175.287162
176.429646
174.170332
182.130364
164.177541
172.462962
170.221238
153.937488
156.526424
131.244780
115.633105
127.621530
115.685539
139.200891
121.876439
133.303123
151.408254
143.645638
164.217101
155.766306
156.366693
183.810741
166.604121
184.356210
188.893913
165.540082
191.253854
168.109212
176.756181
182.946671
178.228091
192.457138
177.075836
175.699640
183.017182
160.057937
182.155174
180.963448
179.036616
182.569377
173.291580
176.955809
167.136915
146.996629
171.534729
145.254514
157.432825
140.613882
130.195410
140.429783
131.028123
146.300931
168.947418
160.018592
189.948153
177.145567
178.264913
186.533020
166.244114
189.393539
177.980498
165.908052
183.930949
154.549774
154.188614
150.243758
144.524423
161.737306
152.083466
164.392383
176.453232
182.094216
201.006585
198.553336
203.143722
216.095479
198.996964
218.977030
201.474724
198.953233
202.980566
178.086854
180.917938
168.900280
152.531156
170.203916
139.350262
146.577479
142.515666
132.236364
149.650682
129.871227
125.823851
120.412762
113.148134
119.962275
104.645320
102.520498
114.960108
96.555852
111.855688
115.451795
105.574992
121.454583
98.021401
118.365870
106.274943
100.964106
125.005677
109.328028
138.125364
122.295334
109.254958
129.272979
116.958062
114.336460
128.029918
103.844076
133.534365
113.434372
114.863077
113.484048
104.338100
107.978279
102.876372
104.635133
127.023779
85.312959
109.227003
114.251612
102.597545
101.531173
90.650658
103.647630
123.226840
111.458269
133.899772
115.176291
129.663752
149.869528
137.375264
159.031031
159.332460
150.169102
164.315522
144.640425
172.316086
153.837748
148.881346
165.474446
135.329621
164.385274
150.204545
144.085308
170.058327
167.793810
152.854459
155.756578
131.403413
143.053887
108.641355
112.606104
108.478915
87.581723
99.320670
87.705415
89.178062
107.732353
92.446317
121.575968
104.821726
92.367574
102.689868
103.196799
97.840301
95.616126
80.890572
105.711344
90.457893
93.522860
112.853208
104.100318
89.590140
84.859401
74.000690
84.099604
64.161115
72.204085
59.090507
44.355603
68.021450
52.805474
74.270389
71.364038
60.495328
80.354469
69.627777
73.100018
90.884245
78.310298
105.535137
82.390230
90.038852
94.735454
78.554068
91.206307
79.293285
78.028345
93.391157
75.361902
96.259555
80.102106
74.522042
86.478229
75.343293
85.327748
93.514019
67.605427
79.556226
73.744690
101.487052
95.246143
95.606499
105.806734
93.833058
105.843990
114.920797
106.002685
128.053038
113.161010
115.879962
117.691456
105.989580
109.865855
97.041030
83.962277
90.903507
76.261189
90.044002
88.916083
59.822222
77.787628
59.779258
64.611259
70.062707
62.121737
88.308720
62.694766
73.307679
100.156056
62.211493
88.356651
73.135941
71.996658
90.990491
71.252408
90.833650
93.100575
63.468858
91.738305
69.478449
74.216075
75.000332
67.507604
89.186841
72.129303
92.573440
110.146334
99.481207
122.048964
100.562911
118.162619
108.413575
96.605131
112.466051
106.439735
110.734644
120.328120
112.940547
132.946587
133.130067
126.887712
154.770890
145.277870
155.964724
167.220398
159.428973
170.678012
155.656742
174.600295
162.760981
124.382409
143.102513
104.733991
112.430646
116.614517
109.077109
118.144474
109.303589
103.062722
124.040931
108.045769
115.299970
110.494281
100.702441
108.948958
97.725093
110.224249
126.672093
96.405175
108.522184
100.091590
98.859933
97.403298
84.814192
90.302678
84.421249
92.267692
76.831898
45.895197
54.491333
55.855031
34.369268
43.347218
23.024765
44.999408
45.507413
39.800894
48.270692
33.077208
45.801990
63.622904
36.205243
53.117643
45.673687
60.490597
58.036480
39.611384
61.831399
54.053994
30.026016
45.933845
22.944902
40.004329
18.600850
20.237928
40.839372
29.812602
44.744646
62.641721
55.841687
74.813008
79.652622
89.936020
67.368466
59.363645
69.429191
57.376120
51.093522
69.636697
50.626348
88.569226
72.734663
62.325548
93.949798
70.010380
102.470481
96.529245
78.060292
91.550982
80.585113
90.780786
92.038760
65.830262
86.157877
68.694099
76.840173
77.228473
53.500071
61.553859
64.192930
57.224662
72.636476
62.951117
85.173268
68.280395
65.181641
75.180196
60.427273
59.144290
53.468249
35.536230
58.104101
48.873618
67.061089
65.987291
66.523595
67.094806
53.682656
62.364980
67.450224
41.491649
45.939240
41.317735
39.959510
39.571881
32.544306
39.589363
42.074715
31.969461
52.239098
49.214314
54.279491
63.462895
72.745190
85.279105
81.892939
106.603936
94.534945
93.087809
92.142350
81.904614
82.943093
108.174551
81.786483
101.192396
89.848980
89.549545
106.836321
85.858780
86.261903
82.119545
80.481257
97.193850
74.013478
95.599635
89.303830
85.550512
102.216157
96.721224
97.413728
98.456499
85.529193
101.995019
78.543952
83.083825
90.276980
55.835896
78.624390
75.560112
70.617455
84.373194
76.927342
82.898898
95.307432
88.815629
112.182549
102.363976
113.230291
114.588464
129.575295
140.970689
128.311681
125.756450
131.110982
122.455563
149.986985
127.687533
132.586706
135.299474
118.277487
120.556232
109.655324
88.035012
103.537024
96.971900
117.319751
113.732991
118.542829
135.964770
130.372822
130.187347
125.840677
120.978454
141.612826
131.733932
129.821001
147.451770
133.971697
134.422551
146.164492
148.089262
146.982553
136.500135
155.217981
163.706664
167.356095
179.511519
177.313684
195.101872
183.570831
182.007684
204.186988
179.598521
170.196023
188.099144
178.967395
210.688296
189.022504
185.041031
189.395934
170.839103
176.710081
172.865178
160.793855
173.392082
150.466196
165.382436
158.207780
161.144302
174.146234
162.292088
158.088893
147.342862
136.228766
151.768770
126.179546
130.503610
136.488169
120.696583
144.602144
115.114262
113.152156
133.804794
109.070224
120.949774
99.659435
102.511597
108.177382
88.409983
100.022036
108.460195
83.636590
111.486447
89.992518
83.845994
95.130028
73.017307
100.973524
91.335746
104.162211
98.959924
90.360845
100.140107
98.367460
100.520940
114.706266
99.364447
117.850078
101.641137
99.154629
122.165574
94.382503
116.534736
113.150884
94.966164
123.219295
106.451223
119.127842
118.468745
119.813782
148.683063
129.862641
130.356879
122.044021
103.783323
127.327090
115.591039
117.576650
134.350137
109.533068
125.870516
122.567499
106.663616
119.999401
108.701515
110.090973
121.164318
103.316436
129.611834
122.404523
126.375740
133.500187
123.144879
162.160074
161.224594
142.852260
172.384778
153.190519
183.829768
173.331049
176.291387
193.112426
166.041119
179.267861
176.858509
170.059924
181.961520
164.291163
194.699095
189.549444
178.251964
207.334693
188.333108
186.263622
197.446695
198.242846
223.492571
216.834677
205.228348
224.056990
195.988528
218.817476
214.505444
209.481193
227.755789
207.288684
212.226174
203.881548
186.020825
222.453373
201.861726
220.728562
204.967639
199.449782
214.817854
187.454732
185.198512
201.892081
170.927741
179.285299
166.250327
161.531100
187.995577
177.345904
187.581640
201.539157
184.636476
214.981575
185.399105
198.834277
216.104646
211.712836
243.139765
213.465656
218.558357
232.808848
214.696806
221.658094
209.362146
206.243663
217.499034
187.127678
204.299667
188.323967
173.127613
184.576046
165.688613
178.230445
179.816608
149.644644
184.343461
166.806904
167.858415
163.929369
154.336152
154.248677
149.418260
134.570899
149.200829
130.580635
151.097990
139.054268
129.287297
133.505314
109.682936
134.347494
133.545337
133.629477
154.978034
124.282915
145.636993
143.121420
137.450705
150.216617
141.972591
149.358980
168.555276
168.298512
193.002197
188.033691
202.497200
208.577286
197.675785
228.047119
207.096785
207.127502
224.116637
208.513687
227.010696
229.283791
215.343747
230.788220
219.925541
230.276346
245.809412
243.896755
276.367894
256.479776
239.426546
264.288483
245.090239
276.161324
233.343299
233.886078
246.117059
218.775735
246.883445
256.557421
237.917089
240.343867
228.210381
263.732566
237.638372
238.478298
248.115786
227.615767
231.475607
229.444949
208.334485
221.079480
203.647602
205.056201
196.469643
150.393572
172.425531
153.939744
157.765449
181.458807
167.440028
191.380582
182.509984
157.466880
189.170136
152.139261
175.789179
172.872290
159.555383
172.548347
160.419278
162.179346
174.873526
165.059840
198.822214
173.732112
168.893788
171.747621
157.367063
170.189715
168.935230
157.328793
186.538762
165.564728
179.998672
190.839707
182.071454
212.476700
189.300972
206.597053
202.474720
181.340010
205.171667
192.940604
203.071560
204.937591
194.389653
202.537638
198.725643
196.328593
210.983411
194.861260
212.489699
210.294037
203.692392
211.948216
193.024064
221.016838
221.533666
198.697714
208.124603
183.244949
188.703630
190.781139
162.446138
186.889925
167.233341
173.269155
171.978236
160.899044
177.691566
169.713992
171.714322
168.696861
137.500000
170.438691
161.930926
163.465391
182.429378
178.020724
198.169309
205.236901
196.322098
212.952851
191.018435
210.709480
203.936095
179.730767
201.664395
181.984697
196.463640
197.803543
186.055171
213.377601
200.796215
195.498105
216.229739
189.562378
195.322464
193.677098
194.425551
212.943987
191.641922
202.997106
199.427134
191.193978
216.279373
186.870492
205.742598
207.107655
198.765589
206.642110
201.980681
205.742647
209.121004
186.436270
218.338196
202.445397
202.773321
217.735308
187.129511
200.284393
204.528993
186.892827
209.820824
202.428789
197.860274
198.638155
200.303884
216.445542
212.488010
223.195728
227.849188
211.525985
234.451331
218.046124
208.942980
214.157051
193.782977
198.502832
182.996709
196.184190
206.512404
191.308216
190.554917
201.913527
183.002533
217.087322
198.016366
226.749950
225.154312
230.730494
254.719338
245.287419
240.983746
257.840505
237.240944
257.414607
245.620365
256.084578
271.942383
269.182004
281.877789
271.349306
270.494048
293.070936
289.506149
324.093036
300.877341
291.474128
320.492318
302.439525
308.307368
320.660223
303.266504
322.432477
313.304853
319.181146
332.999084
290.334588
309.362681
304.259630
294.434907
303.340966
283.728984
275.765458
271.599083
258.251408
267.561345
250.665607
261.389976
273.369446
260.399922
277.827339
280.430147
286.464550
285.148216
275.984860
312.203084
300.445942
310.238421
315.186019
306.290244
319.288871
307.586943
301.404710
329.191968
293.000516
320.536804
316.533006
302.826413
306.861465
263.880843
277.089604
287.059793
282.965697
281.384353
270.551429
280.270978
283.035328
269.318002
285.632515
263.078673
264.166302
269.783959
250.977141
266.631389
273.737576
269.127613
288.615363
281.344574
284.116856
268.337088
263.378052
280.599066
274.323403
289.763418
295.440470
289.815634
323.102645
267.143273
284.440760
273.721740
244.552710
259.396456
256.282491
238.695956
241.510655
212.179588
237.979570
223.764109
223.368734
226.969989
203.987254
212.374245
214.653801
199.067518
211.203630
181.748392
183.111486
176.643936
165.187825
178.855909
161.157064
178.830855
179.210273
154.521054
169.276321
148.760353
148.795955
152.534286
116.798408
144.721659
128.498371
125.985150
151.194903
126.055969
131.064104
138.323524
113.479827
150.143755
151.034525
153.654725
148.917837
135.181567
145.922115
139.890773
121.319708
135.143392
112.550729
126.693843
121.976937
124.124591
128.213629
128.506357
124.945676
110.858063
95.507009
100.294516
93.722286
89.178328
100.125573
83.418314
92.808742
66.932692
78.066189
73.631100
62.749172
87.812754
86.399510
85.344643
119.246671
102.569644
120.044984
123.967170
120.538150
135.472243
120.721617
137.244495
143.816450
132.922965
153.238674
139.839604
149.044895
135.203959
125.679392
130.870746
124.549590
129.397210
151.325401
141.579344
152.970153
158.325497
158.384407
166.395246
157.784001
187.683458
180.645431
176.578441
202.715296
184.747951
190.505908
191.963052
160.867692
182.863574
164.914075
178.517993
184.203009
163.386820
179.367856
168.236642
152.625166
166.720667
145.729808
173.412407
161.821374
137.847457
167.426325
138.190934
149.995156
153.101321
147.885007
186.420575
158.627971
171.798432
165.300952
149.096275
153.138016
144.961398
129.803031
144.909497
132.563052
167.167275
143.532816
139.098245
143.996144
131.955505
136.001047
128.083424
121.044177
132.866499
106.549555
132.672842
120.822727
85.142133
105.180640
97.341731
110.615713
121.159669
92.375855
106.426935
101.890030
93.371268
102.690272
75.256596
100.527389
81.714464
71.480366
86.581551
76.720471
88.169514
85.614250
83.527766
98.370303
71.630155
94.687869
95.097021
93.430014
93.556772
82.914583
83.009099
92.746761
56.022326
82.411235
70.522591
73.313999
75.014013
70.121025
82.817365
83.071174
77.537915
105.360268
76.811491
95.918174
84.758451
74.957811
94.466767
81.078580
104.625624
85.331940
70.267727
95.171227
71.670800
80.246743
89.500481
70.316955
102.372406
87.493557
71.120958
78.974703
71.727286
82.991254
88.557324
76.512631
91.128152
83.479275
93.324344
79.942402
84.298426
97.281369
98.673263
95.404859
104.963142
72.951476
104.405979
85.940810
90.478604
96.921720
90.990825
102.019927
94.776488
94.774224
114.148727
86.486041
102.251417
97.890767
87.422612
116.075815
92.521196
97.098579
91.527432
68.403802
79.743514
67.510493
63.802678
60.602319
43.595164
75.587481
64.316045
56.287295
72.231662
60.782032
87.333562
80.602046
66.690861
95.233094
60.821726
78.955461
68.341798
61.267969
72.013346
61.181732
70.239128
74.648792
58.974881
72.284443
59.127489
76.556829
86.828282
79.715961
94.516344
79.285138
85.903543
111.014231
76.668505
119.899009
123.630375
115.793996
131.291431
121.935095
131.471661
127.173113
115.054374
143.281651
136.639114
163.908700
167.391342
160.821504
185.734884
170.012301
172.497137
195.840511
168.656060
185.634866
185.504330
179.261267
198.614396
174.221100
180.718923
177.631557
168.773063
182.736188
164.711343
169.442327
179.890919
171.384687
183.211562
166.892283
182.742361
174.544957
158.730566
191.811178
177.263165
154.694413
191.239317
167.220834
201.296059
190.143169
178.418055
172.352725
152.142557
162.043728
161.597824
154.148716
172.198892
143.149922
160.580367
191.303648
180.565087
185.082440
170.052445
159.606203
181.075825
148.370078
149.869538
139.134782
137.567832
145.561580
117.007471
135.056511
121.334622
119.559175
136.244202
125.244620
119.723826
128.265010
120.263762
130.658723
97.173393
104.141689
101.817714
98.286843
124.508777
115.011731
100.099143
127.788911
109.136673
119.890303
131.646313
125.524478
138.551764
132.328360
135.343233
123.523903
113.185925
127.365119
106.380575
113.152233
100.193047
78.292136
100.648080
62.594645
63.068926
66.712030
45.826344
53.622871
47.283436
33.419134
34.060650
11.416230
36.040523
21.471083
16.033775
38.578888
26.498940
30.955840
24.229253
3.754163
19.825811
4.847232
26.412004
16.102575
13.187151
28.452347
17.297624
19.754912
41.672741
23.160515
28.695983
23.858823
34.012874
52.718836
25.048091
35.550264
44.792596
56.996995
96.616464
71.669701
82.302291
84.356190
78.422542
101.008095
77.400680
90.303909
91.137794
66.594127
87.221726
83.460574
98.989946
114.390173
107.122916
126.534759
131.597467
138.696456
156.464542
149.252953
158.565491
168.840081
161.986021
178.960025
160.112501
183.355793
185.910288
189.849901
199.285834
184.032657
202.236049
213.338629
189.721871
215.873388
184.898897
202.455785
197.682988
187.912050
200.457673
191.664900
186.295679
198.484305
170.663630
166.003632
169.649608
156.010714
145.001488
141.950987
147.412351
143.318641
126.582515
146.297355
117.301089
116.790389
115.960339
102.761377
113.341004
69.347185
70.965444
71.418443
47.859665
41.051703
46.955546
32.558020
48.905677
25.306780
52.893221
50.622042
35.659158
36.943442
25.901910
51.431885
62.744752
33.915685
46.992289
14.189312
16.504814
20.802145
3.189651
21.054508
18.629582
10.291442
29.525755
16.619679
30.267385
30.896338
42.200251
57.702227
36.562447
35.713317
40.676023
27.596014
52.539773
32.252111
33.603733
48.865117
46.177415
70.162695
67.767979
84.727733
78.136730
75.407891
89.089525
64.602782
54.444730
71.604915
27.445004
55.593394
48.095639
43.671643
73.493593
56.239166
60.408492
67.124273
45.897767
67.575917
57.493987
68.758813
84.955381
78.567204
83.552917
83.166333
77.402892
101.332249
94.610953
101.615386
89.999759
96.944499
101.791515
92.083815
93.830371
87.226414
80.103931
86.584317
77.642210
97.421653
101.482207
83.358794
117.977159
114.337673
120.995584
126.370600
114.842674
143.455119
137.934553
148.705457
158.678197
152.612721
160.925059
158.806721
157.526784
176.477969
152.237305
152.623767
169.684193
159.786868
175.525342
157.955148
159.951117
162.270780
145.159676
147.966448
139.692595
134.094987
158.635893
116.905890
145.352923
136.401157
149.313045
179.449453
163.746524
195.868553
170.676781
164.162117
179.278041
161.223633
188.476648
196.853906
170.470599
188.716410
179.273947
186.119346
189.478585
194.499494
196.036927
180.666002
181.943612
176.912904
152.626869
171.538411
125.760879
125.494480
140.998331
106.385029
108.485913
99.682295
87.763987
111.377362
106.728439
130.615567
152.808336
129.039217
130.306818
127.980235
119.537342
119.059933
102.994636
135.188793
109.203539
111.684215
125.591004
113.948784
120.092732
141.411524
140.499598
146.553003
127.759880
142.853651
154.481253
138.256732
148.883528
136.037963
142.564428
149.253481
117.955837
139.404430
135.600759
127.147962
138.197410
118.882133
126.780521
103.592779
128.461927
126.089001
113.736802
134.055272
116.778855
110.871334
117.890764
107.812583
125.017686
102.029390
94.034757
111.768215
103.723577
92.802637
93.440736
91.249552
128.744508
115.004782
115.095451
125.157504
102.883866
101.748077
101.422025
102.999778
126.471456
96.731398
122.666366
108.482942
88.940309
119.910759
111.821777
119.853163
129.530273
124.666212
132.300666
107.415178
124.119192
145.470405
118.647361
146.633838
133.606252
148.700952
160.370766
155.520856
172.766044
190.086772
184.089816
198.380543
183.652307
204.713973
196.697574
190.892918
205.305547
185.487608
180.076533
187.930253
178.971745
183.370853
151.134004
164.010933
175.169939
164.082699
170.114036
190.326461
169.366278
172.978967
163.169722
166.878243
166.386365
134.620156
152.886535
139.419623
147.202008
155.205953
134.184324
176.273267
159.129160
157.308474
161.241881
160.679433
175.061544
157.441322
169.455686
175.693183
164.711191
163.549774
140.340546
136.015869
158.801324
146.589309
151.897746
148.074060
158.020891
171.594747
159.421647
188.011351
180.701798
165.780446
193.953883
177.236862
171.700696
179.838995
168.604683
183.556252
164.196409
159.953254
173.989954
140.549047
161.015878
139.542724
126.016674
136.108769
130.726559
127.063639
129.429793
109.349422
120.638212
113.451597
127.455104
127.607487
121.522222
148.620451
129.554184
141.311454
145.085270
132.076372
149.685623
122.076746
126.675353
142.333036
115.447118
132.222520
116.423113
114.230663
127.520520
107.569759
107.168241
121.249166
80.979552
109.016766
94.425981
99.233929
90.333527
75.596256
97.721685
110.340500
115.259997
124.227910
107.899980
132.145100
125.648524
126.521757
134.707287
140.520863
148.787955
123.526762
105.705247
158.958801
134.533318
139.242735
152.703225
135.705474
146.427455
139.277242
133.141659
137.427198
126.139221
129.513733
114.877081
118.372319
130.278604
111.615765
135.017103
114.246475
110.450573
129.445514
105.193986
103.629889
95.203972
79.157852
103.657386
73.854698
99.223745
87.443975
76.813874
96.347663
77.806158
74.181721
75.848862
44.208382
80.730534
63.643366
61.611095
62.297439
47.019401
49.342306
50.066884
44.666284
41.761783
32.553055
37.384471
45.087619
28.359582
39.426112
36.660574
49.712437
48.649833
53.789955
64.798708
81.546346
74.408202
93.382214
85.422562
96.894929
92.159152
78.421726
103.433953
98.345170
87.547443
96.264421
90.573438
127.993581
104.912441
94.507138
121.356232
139.204505
144.009676
152.192287
149.046301
155.083285
139.409401
149.905507
154.685634
158.096597
162.527591
155.244774
166.175501
174.540190
176.866976
190.874298
164.705767
192.993879
193.129078
187.250091
201.656318
184.634827
192.773277
198.697391
177.543955
198.201266
181.030023
184.862875
189.065731
167.447098
185.135118
185.045197
191.113207
196.435494
197.154791
199.260030
191.714756
177.106292
189.602394
165.745265
182.461476
174.237108
154.121115
171.685654
168.860081
173.646392
188.156097
162.023778
169.457820
133.509898
133.243210
136.404501
127.423783
131.872789
139.919928
131.766404
135.096881
100.655623
116.327733
115.650090
109.948024
105.120316
82.902607
87.720009
85.903631
76.236224
81.125890
79.248704
82.676152
96.720192
85.754722
104.477872
93.620895
91.403604
110.376732
99.047463
85.025155
91.129859
92.653393
108.086987
70.272447
89.654310
80.831853
62.624469
64.133755
44.983192
54.637716
64.459949
53.646907
95.619869
82.299938
104.013521
108.832205
95.162953
103.237374
104.386203
97.210540
111.361002
94.720379
115.826093
113.202969
94.559692
109.330272
84.027822
98.044523
100.542432
75.411404
91.017958
93.694531
99.354160
98.207122
92.587752
104.114587
104.717844
92.929941
96.710404
86.532921
84.374886
78.632277
68.290407
86.063751
68.268689
79.021234
76.299497
89.060592
91.587193
91.665165
106.909495
101.869073
91.765410
108.447085
92.984868
80.615198
85.867576
62.426181
70.016007
56.875463
41.505982
52.328391
48.098394
65.785431
55.378305
57.332455
85.665500
68.709688
84.111936
84.348875
61.233214
78.106533
70.750771
77.641662
87.822738
80.171336
114.644004
114.395210
136.812454
145.116369
139.810377
155.032269
148.329478
153.542478
156.796544
142.377349
145.877191
136.629591
134.774471
144.424257
119.722679
123.488325
116.703453
103.776789
124.159538
90.227443
104.331654
101.265839
84.819371
101.133300
100.128037
88.195810
102.265827
82.354655
89.439267
82.269284
88.549508
93.016727
74.123430
92.891397
77.636487
68.576858
86.519338
61.993029
61.860002
71.396948
63.980585
76.163282
67.679667
79.291575
91.084270
83.665839
102.697770
90.638306
89.768913
102.065722
85.963964
102.654563
75.935816
91.362036
95.337332
91.967306
124.347073
111.685715
96.229025
118.837072
110.261602
121.955897
93.305158
100.653758
111.727401
102.385324
96.228622
99.988683
88.818457
109.810738
81.131673
98.021855
113.743514
104.083280
96.536509
107.330180
103.593065
109.980576
116.440408
124.842986
138.584668
123.021000
139.104897
136.255796
145.217676
144.558169
142.233287
154.476740
134.889791
145.024745
142.811229
112.578159
118.989810
101.820402
102.053605
102.911020
92.727611
95.391088
100.076798
97.362742
114.373872
95.259610
125.452497
120.278716
111.479533
110.317622
97.728257
106.042905
110.570431
95.053059
102.084376
92.862227
102.289405
113.099082
101.915869
84.575382
89.132482
76.014732
91.584306
68.997894
84.134174
78.528290
75.188950
86.016792
70.632292
79.448444
81.330224
69.736346
83.638591
83.766349
82.311509
93.626275
80.975566
103.699491
93.541647
88.699990
105.036446
90.679417
103.717317
111.202989
100.139892
123.361783
117.486086
139.358578
137.660599
129.520731
136.912668
142.617153
156.467704
164.327473
153.356651
188.827372
169.483298
189.200228
189.021352
170.644732
175.786462
176.424252
167.673051
175.655383
159.189748
174.712864
163.506483
165.469449
160.396899
150.308694
151.454107
152.026576
145.328058
143.899718
126.512850
133.548672
135.473555
126.694768
152.240120
129.563364
130.019014
131.435213
110.558933
115.753625
113.677296
112.790368
121.770761
103.338814
127.976863
115.371269
116.338228
115.494584
113.394156
112.156961
101.353103
88.869373
104.640405
92.102476
106.957160
116.986702
111.279354
121.494592
116.558080
120.616171
142.257753
109.618795
120.837091
113.939568
113.708183
130.784276
110.984831
120.772737
124.581240
133.105467
154.059371
147.241762
159.261862
156.823179
156.587998
171.161526
147.318167
166.162131
151.765840
133.590332
141.011312
134.045854
136.992584
154.195212
125.741329
143.711643
134.550670
125.836420
137.336287
122.263968
140.827913
136.807689
124.852042
152.726736
129.497327
141.559787
146.137655
144.279059
153.261809
147.330732
152.168960
147.762240
131.511534
154.266037
140.791184
120.086212
128.956995
107.912441
101.229420
108.428794
99.946839
120.260853
112.325677
113.147683
96.591709
75.808923
112.928904
100.584816
95.578220
112.020099
108.225729
124.320082
118.008066
105.527674
120.866135
94.206991
89.994613
73.656304
78.725448
97.856243
91.368087
97.924367
110.349956
104.632494
116.075077
104.860658
112.012411
109.551417
95.538960
93.374174
98.922974
96.430141
104.382916
89.004638
107.731211
101.059288
107.119260
116.976589
110.114834
114.741337
111.044348
96.267791
112.483773
96.150715
109.798826
106.377646
102.359919
112.741836
107.701778
106.182816
126.731372
119.631461
131.259466
125.229547
123.442882
119.338887
108.302188
139.284250
129.212330
144.728341
147.415503
136.088650
157.133314
152.941730
149.881856
169.807997
151.551980
167.803344
180.449115
180.495871
171.786217
165.824246
166.511924
175.761494
154.113804
164.082559
154.416662
160.719276
172.225153
158.917141
183.022368
179.563037
180.196425
192.767800
171.748950
189.231805
191.913165
187.177148
195.957824
207.708015
224.158501
234.928078
223.983940
240.895233
240.657459
235.651887
232.107864
220.201553
228.223862
224.451544
201.767127
212.184505
204.131832
206.933581
208.949339
201.925967
215.352422
210.359623
234.204631
212.906401
212.383734
219.057922
202.236161
207.408153
212.315674
193.977876
207.063464
176.445935
176.659434
171.418577
160.127895
172.454079
171.797622
164.449337
191.983894
184.296996
194.348172
191.646574
174.438379
190.265894
177.911386
164.848882
181.565058
167.289192
193.490858
194.384053
208.336794
220.846178
193.868619
213.251590
193.835785
198.540676
200.281636
205.136632
197.951522
200.771449
198.421678
214.966427
201.902859
225.503965
221.319681
204.066923
227.593807
214.132797
209.661251
207.044977
181.311430
200.480581
183.585481
179.316961
174.897967
158.964821
174.822575
178.396455
178.140177
187.940184
182.152048
207.856256
201.118607
209.115271
223.201400
220.794878
232.404722
221.410119
219.107505
234.030646
241.475278
255.325837
264.046836
252.566289
264.088502
250.425329
261.053434
263.895342
247.531586
246.402903
238.950624
234.816450
268.473567
247.749250
258.981924
275.199670
271.918214
286.973118
270.543098
271.901114
281.252353
253.290056
277.455681
234.551780
242.620370
242.409237
213.851474
229.658481
238.847979
222.740912
238.135030
217.621834
217.100832
192.688123
184.155350
179.565213
171.627180
174.984769
172.540074
168.041645
177.048631
174.594431
191.748019
193.398495
174.516447
198.564365
191.062515
206.363650
220.555365
230.867375
248.223097
243.373097
256.339516
274.173131
252.645859
278.838455
270.276100
271.607571
284.778636
276.737306
274.269985
268.806675
236.795765
258.740370
233.821552
249.467064
244.749866
229.467084
230.628921
235.831359
220.645201
234.758417
210.440846
233.415212
224.892483
235.216753
249.552573
231.068291
247.252012
230.327236
230.424419
252.949371
235.305464
253.035218
262.222645
246.416860
265.998481
262.779507
266.648958
267.158299
254.053665
268.486919
263.516784
260.553285
291.523120
250.865395
271.613174
261.136037
253.591049
252.539157
250.161249
249.108366
248.928558
221.210762
241.999563
214.110137
213.229785
223.163643
194.774310
201.755123
221.724829
228.222753
230.092009
218.860683
219.254643
214.027269
207.317466
211.125888
194.569494
201.949984
213.466124
188.883491
215.139971
209.292453
201.659763
199.456651
192.489085
205.551217
191.567785
194.951405
190.188958
192.931982
208.465767
197.185309
182.277000
199.863234
177.501403
185.013336
171.881227
158.709546
169.150255
149.152337
148.054234
141.840740
130.784322
138.387671
118.864552
131.994638
110.991261
108.827022
118.510910
111.580591
109.465397
121.082846
117.560936
121.486416
85.590308
89.442867
78.305992
87.620162
95.169601
86.019249
88.755933
100.537181
92.648494
116.148924
108.546481
94.070955
112.068457
72.735757
83.472134
90.812085
91.096892
107.198862
120.285027
112.385806
122.403428
102.955872
115.719583
117.212637
120.756243
127.737855
119.947460
138.135344
144.856249
132.261681
152.377495
158.631433
166.561123
168.621690
153.102984
153.643743
164.360498
175.949909
193.590695
175.806372
197.849463
192.501658
192.407894
186.512453
188.556858
189.190098
190.456645
183.066558
190.137329
182.446314
189.197369
173.877081
174.019056
202.351961
177.750039
190.214163
184.893459
174.764722
200.731845
190.973681
181.895381
199.809845
186.331518
212.274156
202.359480
200.527875
215.446001
208.075502
201.608694
204.424439
185.382053
189.009017
167.229894
177.368181
176.019814
186.552681
188.538425
177.934396
193.545879
201.292857
187.263959
196.553122
182.039603
199.342620
206.112405
178.937099
189.567748
184.689652
179.988005
203.217729
189.276054
198.873265
216.216490
226.162389
226.921775
228.408854
229.232472
208.908623
216.924016
211.642282
185.988502
182.997297
185.231757
172.880213
172.672415
164.048754
164.723472
166.359837
174.353059
170.255904
163.511164
171.628416
197.642920
178.642831
173.048545
171.400425
185.021385
202.160309
183.566855
186.022543
191.571184
178.389598
201.364376
196.696369
188.819280
191.173165
173.161777
196.899702
186.319590
187.151946
194.274269
159.219682
163.423218
156.351031
159.985642
177.646884
192.840197
191.631396
195.039230
208.798644
222.569223
206.212103
220.870835
231.532520
213.295621
217.917191
213.762121
204.344681
192.196580
184.082927
187.489830
200.090105
178.226751
191.908849
180.366530
182.949096
192.435282
188.269637
189.605201
185.483351
195.190589
196.865947
181.793549
201.664201
178.611432
192.704688
190.517890
166.195486
188.239617
190.342695
193.656262
204.268693
186.068600
203.224541
182.183439
186.862506
199.907135
196.797624
207.802854
202.454487
198.683820
211.128261
212.625477
217.034356
228.897390
201.409170
200.653249
190.264939
198.600122
191.434674
184.025514
191.174527
174.208351
170.151004
178.316883
149.626049
158.547292
149.611655
148.773972
152.514589
146.706144
167.251660
154.107839
128.429565
140.947709
124.105433
137.805094
148.834474
141.608449
133.576375
127.153983
107.536627
108.630398
103.312101
105.305939
116.682649
107.429464
106.708476
103.819351
117.738184
116.201387
114.266544
138.920972
134.249520
145.997171
139.263447
139.314397
160.395881
155.572363
183.854280
188.593175
189.854797
190.600948
192.320560
188.008131
199.219490
178.490906
191.004805
190.151550
188.399469
199.813154
203.805733
206.096390
219.865716
225.905240
256.649104
243.728621
256.592475
244.682843
238.027612
263.326636
259.434332
255.779892
267.983565
236.516961
259.469356
237.115144
234.311976
256.653494
245.248237
255.440211
257.632131
226.168525
243.130196
216.850548
208.053559
195.608892
190.307387
200.153063
189.673254
195.772571
198.655522
185.241133
195.580598
180.276628
175.242461
193.592191
176.971261
181.122257
157.435958
164.410873
168.877453
164.851159
168.947719
164.719722
150.116891
149.987860
131.726086
149.066777
125.551425
132.085181
140.685586
124.425442
116.498534
127.181609
124.688172
137.188499
134.306072
128.676957
139.844671
120.911268
125.890115
131.218845
112.341294
131.332469
115.350519
134.212650
135.728146
148.113270
144.652293
133.423615
141.265648
134.459659
137.073823
154.586221
147.875451
159.519897
172.224300
161.871064
182.047329
166.582783
175.779000
179.389774
156.529073
165.400255
162.966803
158.209068
164.534473
141.494711
146.178170
132.810591
136.669281
145.869941
129.206003
137.280523
135.095438
121.327366
141.883306
133.060567
139.057268
129.543533
112.211396
119.830318
116.016473
120.713777
145.672121
115.880011
132.719772
137.601108
132.436771
161.069246
141.201392
147.457663
148.066943
138.634967
152.988602
133.063526
129.639477
131.293210
110.636913
127.003952
113.120210
112.115393
121.826032
105.489036
130.299473
133.475136
133.174111
140.141009
123.064844
141.117150
133.618028
141.636856
153.638345
145.182433
148.867707
159.654105
143.478799
161.127092
140.857978
147.050354
155.689936
147.817160
157.524922
142.178563
131.371826
155.427367
139.530529
161.234812
140.085124
145.013104
157.360152
156.287894
177.782386
171.545200
157.288000
176.073043
161.884732
171.447263
174.104158
167.364547
177.985763
163.786611
166.867760
177.927074
172.238733
165.850742
169.263286
172.441348
184.431338
166.254550
184.271177
168.814187
160.745468
189.198877
170.294782
161.235577
159.951633
149.538905
163.810662
152.397756
158.386006
150.700708
143.608818
156.269246
159.550762
152.980989
174.441002
169.456285
172.044177
168.908960
166.112199
160.005629
142.919364
147.056743
140.089410
116.358434
133.967921
113.650101
121.641814
117.657765
106.467295
136.503694
124.652292
110.710906
111.201964
96.470531
102.802804
103.112490
88.002197
94.981592
64.438844
67.070409
63.051689
56.082262
64.725519
48.955566
52.853674
56.787167
40.984083
75.555175
57.695041
73.149546
75.573369
81.724714
75.183454
64.235118
79.602577
73.121565
57.845914
70.065139
60.711314
74.803235
89.017643
76.806117
90.981515
100.413171
83.430317
114.001719
83.218938
83.675800
80.504543
59.914017
80.616701
60.166549
90.157808
83.069146
77.350465
105.951317
96.444610
105.344654
125.151721
106.338240
130.533617
131.060501
132.829479
149.928218
131.590210
139.118601
160.154344
145.414142
158.246527
154.967802
172.901565
161.008002
151.484491
172.797850
178.583756
171.737803
182.189729
181.526087
207.500414
197.472615
198.876274
224.633959
216.675906
221.897952
223.330962
226.564635
247.614933
221.881403
249.788411
253.538893
228.832699
254.250943
243.142468
237.010102
256.826007
235.334879
257.592202
241.685714
235.971168
255.969357
239.456578
245.571713
232.049544
251.843303
242.880523
234.111941
243.196780
242.565672
219.489134
247.296217
201.305357
219.708797
228.150365
204.211386
215.251109
205.863870
221.311079
227.888786
213.159585
230.408506
211.381512
214.818613
231.498372
220.562034
237.075925
240.748768
229.769195
249.282172
231.788570
256.570799
246.489641
241.126194
264.641940
231.210923
248.601291
266.680317
245.109948
259.340298
240.153161
239.867465
236.220136
213.756509
216.771145
203.079167
208.358465
220.006681
209.676374
204.833948
206.984132
200.568789
218.890082
209.103246
226.624077
219.559137
203.390063
225.178697
212.753141
213.260127
217.374126
184.902648
213.710920
189.365879
187.652759
192.269394
179.935101
182.112908
182.467323
185.954450
191.625264
177.535967
201.376777
191.686065
186.049599
199.641099
197.580781
201.736663
192.694200
194.600242
203.033408
185.876399
201.077081
192.098000
180.854092
197.367987
177.996258
190.243438
205.299181
182.859288
194.171588
187.977746
188.014119
208.414389
172.457020
188.812126
164.439768
150.410582
156.249492
149.524228
147.755985
146.419809
138.533415
151.502294
135.788059
163.837001
166.302788
162.691146
176.728583
169.512402
174.224700
179.927068
168.538910
196.581662
182.136990
196.435343
204.559162
203.208613
212.609261
199.190991
196.790081
212.469854
205.717804
221.933024
227.724008
208.251480
229.328194
213.249057
235.777959
253.539805
238.431639
263.129027
262.818471
253.473754
278.045598
256.197872
288.718150
262.168816
252.071321
271.565169
240.854968
249.655691
253.433912
245.097483
278.730245
244.381677
265.627352
273.522465
253.515681
278.895701
295.844224
281.225979
289.010274
276.692791
302.816608
284.069869
276.029736
290.685802
288.621714
286.158785
270.177541
283.958458
299.964478
277.949357
291.888575
266.501110
255.219304
287.025696
244.695945
258.820485
274.564421
260.859726
261.895877
271.699107
274.610274
287.710586
271.584448
284.351848
266.181898
265.993047
266.649255
268.833333
248.919947
257.688475
259.893320
269.159282
250.976691
267.439540
269.451165
268.070681
285.108465
270.914191
270.968456
269.121385
256.152241
265.206393
267.514162
282.098481
296.759429
289.647733
304.847154
307.864981
301.145418
330.529832
306.269980
324.019436
314.565558
295.390283
337.765941
318.106853
322.956075
330.436172
325.846614
323.849606
307.998584
326.515224
339.483122
312.814290
330.253940
321.593510
323.853738
328.139601
312.266086
319.637500
312.534598
293.656880
306.129767
289.322262
307.634525
303.932782
292.070827
299.208726
292.496159
275.158699
285.985300
271.081785
282.614481
265.935057
248.831289
259.577502
250.012606
264.638268
252.215440
245.807643
273.966788
234.200317
249.446862
260.772837
260.897191
274.965488
257.361124
266.790786
262.453293
252.510846
249.723537
246.505929
237.533591
232.897190
220.011039
244.529439
225.297276
233.470899
254.185553
236.482388
248.219279
242.826855
224.006561
247.899521
224.125440
226.416867
241.355655
236.593519
256.557719
253.254437
263.912103
281.037296
265.640572
276.824359
257.493088
255.827797
266.487899
248.212578
262.471153
241.322977
229.336813
242.021019
215.072406
235.113208
229.579925
231.017913
252.522792
220.121597
243.036095
247.518221
233.567779
250.579467
240.227222
262.403586
270.277338
246.706714
268.928917
242.226990
249.635192
241.881428
221.520767
240.622136
228.531021
211.879898
234.061552
208.228681
223.767122
209.319319
208.157683
217.763202
214.292197
231.744326
236.468641
231.575273
268.306072
249.370545
274.089904
277.029130
264.332365
289.013819
281.239948
283.248444
287.470922
255.535732
278.158856
270.150226
260.006898
262.256654
250.039849
260.401833
251.582730
270.556647
288.864893
277.276451
305.622866
319.011682
305.482545
337.610108
324.324260
336.710167
339.084597
330.704778
351.487884
330.826139
341.484605
359.791997
325.902844
352.328754
329.073870
329.356380
338.544744
316.317148
316.014166
312.265112
297.114781
310.788213
282.547056
296.187289
301.847100
305.263256
303.849956
292.358257
299.215219
297.196553
288.833666
313.228250
298.135255
312.528033
318.422830
283.644878
304.236292
307.292507
305.640543
313.656324
297.862228
309.666154
315.922367
282.271539
306.211036
304.927152
321.372743
306.824727
307.554506
343.243602
342.606710
321.367169
323.845956
294.969987
320.681442
308.203147
315.074909
339.645893
325.783337
334.339296
337.588168
324.484231
346.694849
322.676033
336.660783
337.381103
336.991837
347.494046
344.244540
354.690256
362.591303
343.033524
367.231476
359.561389
360.434879
371.971701
332.608579
346.384312
343.734468
339.723210
349.216102
339.004373
360.917449
340.445505
330.466688
354.483871
331.541474
356.289661
352.579969
344.195063
354.503467
337.595678
334.922033
337.713765
297.318437
314.405060
304.885071
299.788014
300.119744
279.866727
294.119444
276.412380
278.914121
307.361787
263.344725
294.767298
299.502348
297.737212
291.944190
285.270327
298.698762
306.270394
275.471829
285.038628
245.741293
231.534011
228.539032
208.551219
215.700490
210.566938
209.801919
244.176060
224.619184
233.812684
239.769235
222.267861
258.756859
237.457480
262.659571
273.472186
269.000572
268.942492
265.089451
276.992640
289.118286
268.835543
281.376287
279.197797
286.873079
289.217070
256.128345
260.779005
281.260999
279.956731
290.983153
266.506899
280.776042
252.726643
242.649382
258.971156
238.849120
253.443576
258.355846
248.741040
269.776683
237.721996
262.985087
285.734478
260.065453
284.654190
277.913709
278.314695
293.844021
280.511574
277.422051
267.770929
276.273235
282.632785
250.633905
259.515552
241.455170
235.639076
252.910166
238.869629
230.071168
209.793605
190.019992
201.982000
169.324609
179.341652
179.535925
162.557522
180.673969
162.388010
166.925122
178.122754
151.276554
161.589949
159.862008
153.996096
157.566528
153.742208
157.437121
164.541595
151.968398
168.540332
144.725209
168.610129
168.652369
175.179887
179.504973
163.926433
183.293482
194.089991
180.518443
196.153631
189.049585
197.554857
206.186281
194.637589
204.161886
193.830723
184.342723
207.298605
197.450448
216.448843
211.169092
203.013619
219.503348
204.124676
215.410229
233.666198
202.980427
203.813060
205.156086
193.349022
211.808828
191.405571
211.591408
176.322381
179.582414
184.537971
151.799517
159.958817
169.671825
153.764375
164.080497
160.422429
177.507379
156.281480
139.918406
133.218454
119.247798
123.288256
138.788316
114.621194
146.618547
113.655770
129.914210
151.301316
124.417585
130.749241
130.861681
127.780500
146.632586
139.683007
155.544790
159.343954
130.683518
151.554012
136.166050
138.625542
125.339362
107.351289
122.966600
118.369831
114.642357
135.425703
112.397510
138.691820
142.610924
156.072750
158.727983
140.882565
171.592830
164.515543
145.533598
167.279902
147.013303
168.932931
161.595048
162.046504
185.265288
182.871143
184.893516
197.952327
187.382163
211.162860
209.143001
218.722065
231.375163
194.870050
202.583438
182.496212
194.267076
210.889675
199.573783
229.962899
222.386141
208.574086
241.053722
215.909442
225.606910
241.214059
228.656203
252.327645
237.124084
244.491161
257.004127
237.329797
264.418766
245.517056
264.984193
273.539284
246.521233
258.985274
245.185950
231.361186
247.846667
220.738372
251.187620
225.791608
207.781896
211.846611
188.498475
193.211908
196.589942
163.965399
182.318680
173.134579
176.890337
193.337901
169.463048
192.468322
187.294850
184.926426
210.896334
188.635297
200.567794
197.927096
192.697490
200.238334
161.001232
183.829590
188.538929
182.478638
204.925512
181.802146
192.573844
197.802212
178.055478
198.914960
182.809231
185.782825
197.674556
179.382475
184.662632
162.154419
152.084363
176.304688
165.070163
163.126613
154.401624
148.917163
155.652914
146.641927
152.559319
162.157260
142.978187
159.962621
150.790925
163.941296
172.453234
167.592181
186.947773
167.551051
172.187513
191.549886
176.640289
205.498353
202.677929
201.347986
224.073052
191.176144
205.076310
202.449056
191.249713
196.280036
176.282702
190.722434
196.250672
181.048214
204.352720
194.496927
214.474131
230.447463
234.309864
256.298374
239.161203
256.546126
277.539329
266.483476
282.555523
262.242645
259.176811
275.489927
259.147445
264.170019
247.070948
214.390232
224.380823
192.906626
220.454401
219.105952
184.530850
201.478334
193.841763
194.101190
208.483560
185.881575
212.021671
204.671856
194.822286
208.828463
195.067256
213.199938
183.370741
186.503980
202.513368
191.032766
198.404076
204.318118
186.759254
215.084187
203.268479
184.392525
176.854807
164.485898
172.047289
160.409274
157.370808
171.363358
153.303187
157.856207
157.517129
162.582560
167.630222
147.470298
162.427251
178.371686
165.160472
174.587429
153.260681
175.287261
184.488942
188.929278
215.876526
201.613914
194.394217
203.930859
190.810082
206.697334
192.674335
170.570767
197.151973
167.773353
197.611253
173.021697
157.361245
182.459948
162.821292
184.066677
178.787299
173.426207
194.243332
175.545451
183.001571
185.435713
187.631494
198.779163
180.167282
191.909646
204.031997
172.079420
198.033123
174.944280
171.074066
196.141002
179.529731
176.839767
191.501587
169.369080
195.984520
173.434313
193.762248
188.424645
176.672638
188.947402
174.747590
179.201385
191.755722
177.012552
195.772386
181.942477
188.304028
197.609248
183.118092
215.148200
214.369691
223.396365
248.630691
214.630431
231.415848
221.841161
226.277436
237.057091
216.950343
226.528864
227.100289
221.737272
233.831872
236.822117
261.627398
277.891782
235.590138
282.312061
262.603570
267.820195
288.614821
260.842324
268.761485
269.222338
249.135664
268.965069
242.446776
278.937014
276.112228
258.668641
273.468857
262.056333
262.075524
264.139385
239.269588
253.351420
245.237719
250.078425
259.938150
259.097949
287.186902
284.469940
298.531047
319.780215
287.032736
309.513257
302.793476
279.545400
296.459065
264.759485
288.256340
271.460707
241.134188
252.707415
239.946688
235.025890
238.536176
225.129343
247.704089
238.798941
260.460610
250.767035
241.382311
268.609223
266.104993
272.342052
286.466022
272.340025
313.298857
303.546214
303.322784
329.142008
295.484931
302.537052
312.517948
296.977743
317.232352
295.281699
293.020156
310.017976
289.666713
313.583718
292.642356
297.847685
316.792644
290.966951
310.359988
302.623241
295.756428
301.699713
263.688540
291.388033
282.533806
270.774005
289.008001
285.165794
300.297590
305.776576
287.079743
313.660123
303.691045
315.788209
324.999397
305.264293
320.440233
301.279994
293.684075
301.821214
286.231188
293.223409
281.239521
276.982587
275.462519
268.959478
270.193918
282.232123
273.255532
295.081512
278.866574
287.196397
299.137090
287.696065
320.709779
301.033534
296.343171
317.537202
298.154766
308.039774
299.657822
298.935365
320.993872
304.928360
317.552350
310.434353
322.745392
330.457610
318.270218
330.870709
329.756327
303.271944
334.791477
310.563102
321.320065
327.637695
311.736103
307.813909
295.094309
295.111379
317.882718
286.245901
321.736650
321.535025
314.478390
322.378547
309.029213
321.247534
325.850435
302.920592
319.260599
298.078699
318.267378
297.660631
293.180664
316.017267
303.729976
286.281264
282.952184
272.231055
297.491012
281.313964
275.765062
278.606410
274.999908
284.206864
266.288916
277.907247
281.847647
264.922367
275.098399
268.149603
246.757965
262.817942
240.357898
243.250586
239.943454
240.926678
248.391324
244.460035
257.420771
268.828894
237.949170
267.460625
256.155609
243.313817
246.812031
243.702421
237.686860
223.109237
202.702889
216.647797
193.706956
215.951602
197.135061
193.040869
201.421666
174.697617
180.610990
181.415591
164.219724
167.142677
157.211764
177.282134
181.168502
162.426475
189.062888
174.455733
165.364031
187.843623
146.939503
160.036902
170.671959
144.921886
161.879647
139.684157
165.904780
166.720504
164.113301
171.294605
163.287114
163.950345
168.997563
148.022703
162.174439
152.541243
146.277865
154.222696
127.204319
131.438637
110.095163
110.015604
127.785524
116.699732
125.235878
123.096433
131.696084
125.976536
113.082559
109.672886
114.464965
108.735643
138.916806
120.174797
116.596539
131.756056
117.731015
145.035781
139.184837
156.491168
181.887473
154.711193
187.431341
166.101804
157.985571
179.231698
159.723518
190.982055
176.898611
177.570804
193.563030
172.897198
190.420810
194.330890
169.150292
184.399766
170.792006
179.794733
181.952666
176.545283
186.075995
193.217669
179.185950
193.225149
171.526418
202.810491
181.178038
166.943315
173.979722
158.928637
169.182731
170.068239
154.788760
182.095635
169.748944
167.250649
175.077526
167.417190
181.783025
179.658854
174.974159
185.784989
178.345204
196.622092
194.111148
187.361946
199.348723
181.334207
210.631708
195.027664
208.747856
236.748516
221.644080
208.958370
226.491187
215.260771
245.385114
213.958200
216.991363
223.709247
223.079357
236.676810
220.637061
211.361328
222.074802
195.993202
208.252504
208.670810
196.260187
199.959954
208.960397
211.833296
205.429880
205.219149
222.189463
212.786182
222.907100
230.692336
225.834594
233.943710
220.458129
238.676420
248.192450
223.301866
250.859024
244.641401
239.224926
250.536907
230.977593
249.021898
241.300930
257.459359
282.886036
253.858764
287.543324
286.301204
268.511738
286.351669
266.510087
270.002759
263.412633
237.814070
255.981367
244.209492
250.244248
274.744389
229.755034
252.345668
230.829495
241.764205
271.094445
266.465734
273.918461
282.222542
266.301386
285.238325
255.385637
260.975667
252.813467
235.434997
243.955053
224.546493
227.219970
228.235627
212.739944
237.911922
219.613676
236.306973
237.383907
203.628454
241.138974
227.051443
228.415029
250.589208
215.059388
225.123966
235.966987
198.213263
228.985440
197.478330
208.629631
212.532991
212.126247
225.895383
217.583852
222.636762
233.760684
213.772134
250.109073
239.487596
238.273608
248.917976
227.727271
247.449050
235.408522
227.025841
240.856269
214.754656
250.404257
246.982194
232.002274
256.224148
233.904541
251.859196
280.313278
275.152885
296.214416
275.329112
280.059318
297.438593
259.323046
266.366023
262.801939
254.383926
267.771675
255.799360
266.036893
270.607296
261.787122
273.446485
267.178552
298.501650
294.046915
290.167561
312.463226
303.506986
291.695258
313.644486
277.955622
293.224180
284.991587
293.599597
291.184386
270.111193
286.060015
275.866755
283.749385
287.998463
271.016323
306.703098
308.316508
303.043358
315.065692
309.291687
314.586636
310.641283
304.373669
333.125803
327.889244
338.029308
327.578241
310.932419
327.836937
315.159351
321.263050
319.353404
300.270553
316.121129
315.486436
314.255441
330.868920
301.100922
326.219130
308.162170
309.579091
315.268316
312.076222
311.542655
306.156828
287.619627
305.817135
283.178562
295.451585
286.461809
261.534402
262.765297
260.236028
256.091255
261.871850
234.744422
244.512075
223.415063
221.748655
208.704072
186.522335
187.737350
193.707384
187.370553
192.296513
177.887227
201.152486
203.224486
184.451854
212.259010
195.316645
211.724148
223.058398
217.056237
238.278611
217.053547
216.375140
233.245740
211.693069
237.023592
218.654119
210.369592
223.203335
212.593139
227.150386
234.869974
226.105126
244.614150
229.997075
231.262614
233.814974
211.185790
230.902603
216.960627
205.079396
224.332408
206.269177
223.241855
199.972256
209.507075
211.861662
188.644964
205.035391
187.680102
159.998282
182.585594
155.251351
162.500560
163.733829
152.878355
184.602930
164.944166
170.248161
178.854033
153.200215
178.797825
176.773044
167.130993
180.196069
162.135819
180.317852
174.467256
181.840308
179.353440
179.708929
174.262001
189.977484
183.322444
183.155220
181.153710
197.960016
190.910176
180.356689
187.664036
184.372714
193.226223
205.054200
190.696356
210.383350
176.994683
185.255381
185.551635
155.218349
166.906797
171.646897
160.599361
168.402500
143.013796
169.457120
151.448880
148.600530
172.744984
154.631852
157.149335
164.458185
138.617143
163.485845
138.328535
148.976118
166.484555
141.258945
154.575526
141.414134
152.982643
161.851847
137.558279
147.799674
165.408693
130.181055
148.701925
125.127287
137.472216
138.018261
122.745217
126.142553
104.836175
105.026391
117.868535
96.967948
121.723708
92.939661
107.570144
101.953989
75.241088
102.142144
90.172895
85.251469
110.235372
94.491432
119.004767
126.041962
133.150753
133.258191
124.820102
139.961543
152.185527
134.323414
156.174390
135.961168
134.221054
144.650420
127.799338
146.712544
154.878624
153.954947
154.947698
153.353113
166.866531
165.434788
151.770429
177.243927
160.046903
174.727768
180.751921
184.567387
201.827440
195.189379
207.547063
213.232502
206.256108
237.850762
217.317965
235.766002
237.959385
226.727655
238.354762
238.278406
236.484750
240.572131
217.784216
221.678726
214.990344
201.106737
206.827754
196.692623
198.653381
204.207548
201.949192
227.008947
213.593726
238.732209
249.618140
239.665744
286.428181
256.012514
255.625023
258.540252
243.885444
269.361865
248.397376
249.963796
268.936184
244.052716
248.435544
239.338436
241.275421
252.417478
230.007750
239.145673
242.366697
224.073027
246.864126
223.585676
251.860964
258.928944
228.341575
263.140585
262.317772
259.560870
268.588908
236.911468
244.748382
226.321159
211.328577
202.991639
171.834398
172.618876
160.865625
165.727799
182.322608
153.292953
175.474786
189.350993
184.512827
199.254778
175.500112
180.986262
192.210209
154.397386
146.493673
137.864722
133.115009
127.658199
94.628684
113.745518
101.346294
88.831834
113.388317
94.131758
117.023260
120.353492
104.543918
124.408675
116.820690
145.177532
145.777793
147.305163
168.146477
160.545904
160.111720
171.505055
164.070817
177.090803
153.441372
153.767344
159.004830
127.815811
144.520034
135.124200
117.040309
146.585048
129.241937
138.773795
133.869244
129.846555
130.295642
115.541689
127.886034
134.073469
121.824177
142.598771
126.790404
127.220125
127.144340
111.447742
124.229371
111.895582
120.125231
117.026894
113.810023
120.256851
120.103824
102.924283
117.783317
98.429551
112.197364
106.102813
104.409028
118.239785
109.506028
97.882158
98.107281
100.247333
120.001477
94.023587
106.337772
110.026608
99.560965
122.378136
112.467645
114.503283
138.122763
107.370525
116.025489
102.418502
109.745191
127.715045
120.418574
138.192755
127.746126
126.918794
148.145596
129.907519
132.714542
107.667498
79.517741
102.031576
74.785814
87.461494
87.023199
58.533100
70.887715
76.298559
83.280410
107.780347
58.378310
83.405611
65.161833
59.608371
76.270361
71.447892
88.062795
95.835199
92.211331
110.119902
77.397515
84.943327
66.126534
59.414044
71.382893
52.597828
35.725609
56.216959
38.696596
46.351265
34.387958
39.147333
45.493837
12.858396
15.323742
13.919135
9.014530
27.733739
19.524900
28.970721
35.537011
42.158617
55.381105
45.482831
56.127060
62.506747
49.892198
57.175533
38.967156
43.391515
60.222838
40.706641
57.063011
49.314253
53.007844
48.753009
42.329146
49.691645
58.987205
35.962050
45.725013
42.072005
65.565686
65.933405
45.899915
60.665141
54.672419
67.524164
84.832371
55.319865
81.742472
63.261774
70.839306
73.619753
54.370338
72.201296
79.266817
56.407952
70.549640
58.482271
63.478905
69.305519
71.788976
72.499719
48.484977
61.459499
71.153543
47.447832
68.462141
68.466357
59.667445
83.374598
54.332787
72.722189
55.175427
64.212279
71.115796
77.471619
79.403115
90.239620
81.476952
107.371511
95.530188
103.403315
88.821958
91.549868
115.953708
100.475420
101.024078
122.074631
102.573722
112.233326
91.433783
104.160631
117.882614
87.638138
105.047432
117.073428
105.287318
116.274860
110.841317
127.034719
127.995554
112.124249
131.419204
129.732292
137.390564
124.118014
126.487470
145.793090
150.581549
135.883006
148.026126
129.800210
141.521439
127.841002
129.445849
132.089262
119.642659
143.192843
130.137602
122.734417
150.449918
121.540273
133.983474
137.065588
125.837397
154.596214
137.071962
131.514044
157.622755
110.605481
130.579775
121.919573
118.165382
137.942049
126.987890
142.575074
136.731556
123.954784
127.470681
123.125394
140.407916
131.662583
122.439152
138.661320
120.735021
124.886887
132.204529
115.364227
120.869950
125.835284
141.306967
154.536059
140.205969
171.933072
157.490577
169.214335
184.391848
169.293890
187.620614
179.238235
178.882586
197.520648
165.286881
176.312094
164.474368
145.043694
153.924495
128.718978
127.619288
130.357089
123.811618
150.799359
128.952353
152.075546
169.414131
166.863718
182.894745
192.286319
192.403832
220.925709
211.641238
229.640822
217.953060
226.500954
258.812254
245.301320
245.231249
244.939265
239.106336
247.369609
226.890752
250.952549
269.076152
240.623502
239.920330
211.383608
218.095888
199.448152
184.342758
197.975795
182.280714
170.829396
195.673246
165.489166
188.344112
184.357536
168.231660
195.368363
189.173496
187.535831
193.078904
179.110011
197.438285
164.112170
180.383521
180.915816
175.201146
188.120871
167.447645
171.116423
182.872123
163.095370
176.523158
157.759264
149.814407
160.769194
132.817583
131.374236
125.243926
115.095078
136.062271
127.753081
132.595170
140.696584
138.227092
159.660083
152.638060
168.768431
179.163643
165.922014
196.910416
188.651449
184.889540
218.917067
196.644227
219.895889
205.003568
196.136697
197.591969
182.448623
191.489389
187.455214
171.401025
171.542747
155.557624
169.555253
158.680051
144.325235
156.360380
156.361510
156.223517
171.710102
173.467833
195.705896
193.378287
202.928741
231.804704
202.218232
216.027271
224.791693
228.210882
241.712556
212.364362
220.647153
210.057084
202.830600
220.067329
201.297969
205.275823
189.782888
182.392149
195.285545
179.222655
168.918671
197.234549
178.013157
207.989327
203.308652
200.215261
217.743640
196.427335
202.400701
200.888822
203.942148
224.344999
186.140536
218.073906
223.294841
184.526994
205.766166
197.495493
192.530817
192.644935
178.734817
204.594448
199.191385
208.398623
196.375995
174.222424
201.739789
198.269027
187.692581
198.744370
175.210628
187.899948
182.316155
170.395263
170.215669
158.055128
175.739576
172.147405
169.345846
195.650338
175.426459
180.554029
183.723108
163.248658
195.068609
189.462372
205.457370
215.516669
218.182381
236.955040
234.869368
228.961724
240.808064
225.943580
241.579274
224.052118
238.135447
233.673941
222.459526
226.764347
234.394445
217.537907
234.645208
190.690535
196.479942
198.247728
180.161379
184.519335
153.424476
152.425804
170.994269
142.262967
158.658148
164.102785
150.480732
166.125446
159.260066
181.463347
178.435839
174.432085
185.467201
181.141439
180.194647
186.887167
173.495088
182.889126
164.077650
170.971075
168.730432
151.379438
168.187979
156.288438
152.593985
158.430552
150.243437
161.144295
169.169066
165.227410
164.917425
148.901637
161.704254
180.469662
160.483731
184.726201
175.133111
185.072922
194.988807
185.529367
217.591589
207.016640
209.721130
224.721829
189.075040
212.656493
201.000904
207.039741
236.931836
210.809192
226.788868
225.766296
233.843116
261.943528
237.263760
242.242808
259.533445
243.470181
258.505995
238.993099
244.596831
232.549891
224.351285
241.466331
229.812757
215.637419
227.182266
190.675136
215.284775
198.573671
201.744273
220.099865
203.692673
206.870790
222.024754
209.623482
224.946783
202.099845
211.566879
210.721525
185.797680
188.210375
181.394446
173.678320
194.880187
178.865006
198.808823
187.111149
193.263302
193.114215
170.154244
199.285073
193.323900
194.353561
214.576731
180.043690
193.070280
187.897711
184.346577
201.022252
169.928703
176.501179
177.292812
150.712097
157.122500
137.410435
132.908147
160.463985
132.137478
136.335510
115.872760
114.348459
115.640980
98.312556
122.896114
119.675794
110.863000
138.673636
123.082892
136.766267
134.150337
141.302807
150.818934
144.208039
163.711328
169.970379
159.074996
190.212354
170.554812
156.969518
164.860009
152.565170
162.045312
173.243170
166.310892
183.512253
167.795201
188.693317
185.711763
174.893334
197.989461
173.969816
199.216254
206.069634
187.839126
209.647236
190.663140
193.663979
211.437330
187.794848
197.419829
185.889981
189.225646
208.114648
179.925519
199.913456
198.926351
192.793253
188.962270
164.409075
186.294181
165.661798
169.110881
182.264694
183.902055
184.557161
177.298500
151.487809
190.877347
164.235255
161.646364
176.943218
142.799596
139.101893
144.276702
140.347822
147.331946
133.747528
154.998445
125.713666
123.314741
154.761761
141.150027
148.514728
158.448277
143.811192
176.652126
157.708286
152.864227
165.562827
152.614794
185.827777
169.756215
168.926308
176.588446
170.885141
179.802307
186.238726
179.256971
191.655305
170.869653
182.651533
176.195785
180.533912
192.649564
173.593687
191.498485
197.728648
183.258002
215.470793
187.219414
203.862269
204.768347
182.325611
196.111110
205.511286
200.644508
216.011124
202.005874
221.524019
209.893864
209.346548
232.380376
230.469525
247.896945
237.038371
237.156204
247.699265
223.585232
229.042077
229.814630
205.972156
225.303294
206.942170
205.475294
223.122454
205.144165
203.103863
206.711795
212.924366
220.352193
183.278756
201.431636
193.132379
194.458267
203.112808
200.602956
209.717967
210.661813
181.454556
203.329772
194.006294
210.726578
221.106767
210.890551
226.421051
218.431346
212.931752
238.758647
226.696528
243.266666
249.271870
227.843686
245.649991
231.285492
230.847595
228.827328
237.820059
240.955062
231.320241
231.902690
237.257296
224.995392
239.315439
230.567389
244.815414
255.672128
258.209894
259.258279
260.405323
253.131954
281.136256
240.929313
254.737470
248.174057
248.140712
244.890415
226.879340
238.451056
229.580861
220.657474
233.857912
213.904421
218.075421
207.743226
200.530360
210.581241
191.824376
192.639152
186.752521
176.473431
187.477279
178.748756
186.827567
187.273083
175.455431
213.391770
189.623641
186.416637
207.161860
185.888750
193.838558
180.046135
155.266474
181.218149
154.431607
162.651377
157.314268
152.925766
159.792342
146.836973
151.224248
156.889138
148.682233
182.136331
168.060282
178.619978
219.386241
205.549591
202.847929
206.433998
210.840407
231.165421
200.548381
215.379194
218.077964
216.855593
214.459160
190.589590
175.559696
173.505323
157.047121
163.903768
168.227105
172.260861
187.885740
163.130523
177.321649
186.077447
170.941306
183.180747
173.482319
181.042193
178.983755
156.149975
164.370739
138.745952
154.391432
146.384141
147.480993
148.888218
137.779571
137.963140
138.889617
116.200641
130.819120
117.299322
128.104585
130.252570
102.574410
113.866977
118.236268
110.775534
133.923246
121.803138
169.959809
145.601063
148.438238
163.660604
148.105508
176.850746
186.767125
175.484539
186.045364
170.759213
182.584128
200.818010
172.879614
209.523804
177.373876
170.360238
192.199372
188.191987
209.683647
201.966567
185.939564
201.681552
178.704348
188.839512
175.506823
174.064008
179.927853
177.781022
187.136378
192.904881
178.116895
195.794651
182.914265
196.354991
201.725268
198.308132
202.476799
201.193789
203.453879
219.128626
196.997847
221.448389
198.834747
215.629607
222.108491
206.102198
217.575895
221.538167
199.889872
208.557699
178.752979
185.862356
192.028286
188.578413
194.916179
167.827470
169.899445
170.127997
145.238198
165.357134
148.582421
133.366025
140.882682
125.203356
165.685388
176.839312
162.076219
173.031441
174.050338
169.490950
173.500546
174.762916
182.709835
150.200725
172.726199
179.284463
187.318077
201.861795
183.507165
189.869306
234.988413
223.551577
252.869508
238.516641
245.806855
274.542927
262.725173
262.397281
252.278322
234.677448
254.012251
241.618689
253.318135
242.571520
229.495807
246.861975
216.633376
222.644737
230.535905
200.119910
208.755536
199.021763
207.786668
212.071116
189.457313
204.136962
192.404322
207.486747
231.340011
208.335908
218.681398
205.615925
200.572776
218.570503
189.270754
197.837356
193.723660
182.094630
188.685596
181.702956
196.527648
201.768799
179.780375
220.525720
206.761029
202.616434
188.926397
189.294553
203.726772
189.334178
183.042581
205.922246
174.376557
192.678146
176.725039
168.638143
187.514190
164.191604
161.477372
162.612784
133.982946
148.958551
137.291811
134.262634
147.001449
130.505143
147.952516
152.324606
158.656076
175.726145
169.309715
183.033615
172.658353
168.925174
185.042138
163.066217
171.625997
172.871300
166.840674
176.152571
169.125933
149.873738
169.708404
156.183365
156.029777
154.559692
173.046943
173.988902
179.537799
199.311775
200.327799
208.449326
220.652870
198.300056
221.523666
208.777525
217.484431
209.563658
194.252549
199.834941
206.462185
188.923957
204.048068
184.564133
202.885255
220.115615
211.424263
245.783806
224.821460
237.840353
232.867374
224.572887
237.705097
223.624939
220.718252
235.830813
227.803489
246.639479
233.470095
243.776895
265.222618
249.719549
240.719453
249.582129
248.424251
253.286970
230.575799
241.019955
222.215059
216.027022
224.695579
209.146262
202.607027
204.998211
182.857385
211.164748
212.323348
200.235949
201.940637
180.685601
193.539551
197.646809
189.227734
204.379832
185.831037
182.209682
181.303951
165.303242
179.766747
164.336567
194.147419
197.185647
186.892691
205.603219
196.345085
192.422906
208.786821
186.222479
200.250323
185.232753
185.974588
201.585720
187.956442
213.174794
205.320029
179.805351
212.468874
190.965879
208.384443
176.921415
165.561844
192.176336
177.162795
169.654423
174.312224
165.471672
193.926950
188.814852
180.447846
193.410026
186.819866
203.623557
215.670744
194.362501
225.851654
199.909374
211.618199
219.063077
205.960134
210.833032
187.429332
179.943315
171.322278
158.308133
166.282950
146.469686
152.179468
154.234042
112.151532
115.271061
94.659205
107.817350
125.861598
121.537442
140.140499
151.842473
150.478448
183.022996
154.332929
189.389719
172.365389
178.290999
192.203387
186.363088
172.352645
185.864047
169.962759
185.454393
176.986936
162.909189
171.546653
171.254610
190.396263
197.787434
191.926694
215.758547
178.503010
201.227098
188.260877
185.994856
211.820212
195.894925
206.846209
220.070718
233.758977
252.051675
238.537900
262.626474
285.356936
259.012521
291.232411
270.628897
260.311435
273.483613
250.177020
262.407777
249.207748
241.465204
269.671198
268.190218
288.354606
283.333038
287.650985
298.374081
293.673025
293.067596
292.652564
264.851415
284.851488
272.772160
272.747718
290.651176
296.483015
301.557314
299.291484
296.877805
325.831400
305.887241
325.509840
317.310829
318.731123
329.381001
280.308049
293.387416
301.896978
282.773049
316.068661
307.791895
321.713402
330.729682
319.153752
344.303610
344.672317
335.824555
336.803067
335.536331
332.336892
337.504216
316.921011
328.018117
301.807093
316.924534
311.367639
305.176866
311.488225
295.007765
287.077757
306.567180
273.712964
298.555237
284.971634
279.326796
273.740167
270.557089
280.573204
267.658239
262.042053
258.667794
238.957830
261.530841
247.595685
245.260390
255.588318
235.253485
241.362438
235.626875
229.879612
248.896350
214.300165
230.751681
231.191233
211.944395
213.613419
203.695085
208.815765
221.493396
203.873275
212.486259
210.427146
203.188352
222.842247
197.773897
213.422997
216.948606
223.908983
233.143088
222.490277
244.448069
252.608671
225.966878
241.294165
215.353497
240.478691
222.760057
199.342157
218.748750
204.936400
183.809408
202.035618
182.783274
201.314419
186.836405
179.102968
189.410421
177.798070
197.342004
215.825948
201.408233
224.651468
186.751579
200.977402
209.493906
193.234742
210.572499
190.456697
189.956485
190.749018
169.026393
179.793480
179.140753
178.854914
201.207275
192.415187
204.429100
201.792464
205.176306
217.652681
227.039321
232.170106
219.520006
217.000160
246.630011
226.507492
238.180831
241.343125
234.187047
245.609757
218.162547
210.393426
227.065743
216.224265
237.444201
214.757172
230.535224
247.412361
238.902311
231.028065
228.817095
209.435163
223.602736
205.162330
228.527364
232.424719
228.375954
253.265287
235.159650
255.868300
262.732299
245.570100
253.108047
237.288329
233.642540
240.518429
195.538655
221.194411
204.645445
219.704242
226.126698
229.544034
248.670852
250.894119
228.472011
256.481009
234.408361
244.283004
248.695129
221.638216
246.190066
245.360308
257.801552
272.609529
234.732157
263.570802
250.157661
260.148704
262.562289
257.984879
263.129729
259.265966
256.916289
269.828358
241.386269
245.172263
233.100791
221.810112
221.572271
201.982723
211.397934
208.056172
196.002464
208.835801
188.772605
208.187152
197.902634
172.255752
191.139905
188.653433
190.150375
185.877601
184.420480
187.312943
184.833879
192.286799
210.327283
175.656325
196.862160
202.910636
206.838456
210.167475
200.732487
207.493777
214.867466
204.901876
221.821697
191.509027
194.295972
193.759323
181.808609
190.825436
183.212730
195.509616
192.313755
185.015650
201.679284
194.567101
190.888260
204.811739
175.708895
185.675887
166.683946
151.883848
163.859482
143.978176
160.162889
152.816378
146.893610
176.023531
151.681709
147.021159
159.668025
152.550215
152.183300
136.481576
121.476021
137.172914
104.887669
125.319060
120.820233
129.396796
160.935239
155.866954
172.830935
192.342388
182.861793
211.284168
197.723300
211.650455
218.722999
205.982492
210.384366
199.972988
181.135122
197.861562
172.994948
209.036748
189.094343
176.172869
184.387015
168.740044
173.079000
173.871982
157.722036
157.164728
137.697163
157.926842
165.751967
149.580858
175.451360
158.416710
174.744947
182.677407
182.750287
185.160183
188.262322
184.932405
178.743017
146.746940
169.549526
167.074864
175.386941
168.170138
151.314798
170.316405
159.952982
146.514379
176.271868
166.508144
179.231439
183.995414
174.801695
187.020119
182.409640
166.611456
179.956174
161.874332
156.420395
144.212477
153.333230
168.022581
154.050699
165.746615
149.957415
145.433220
166.300623
144.194508
142.924848
143.375108
150.154183
156.287060
155.762202
161.967441
151.012459
162.101482
166.241905
144.843474
142.344578
159.889467
135.027172
141.636782
130.934203
133.517898
139.588181
144.120777
145.819449
158.338516
149.034241
159.990980
147.459137
154.434675
165.249117
159.038730
174.166707
172.822774
173.079170
189.921293
167.331909
191.567667
181.671772
184.631259
191.253055
172.868710
187.214744
199.508160
197.806321
225.845406
196.284982
202.926832
216.056952
205.732025
220.076571
175.703978
166.115138
164.222233
146.557814
159.593590
144.678037
143.335449
156.033479
141.064543
175.499863
177.451840
180.177113
177.995789
172.169924
183.620398
172.293736
146.937605
144.909185
130.250201
143.294251
123.778835
103.635995
119.485744
110.380306
116.500318
115.949004
119.316102
141.976369
125.019744
119.253535
107.889824
96.177897
119.183536
103.212657
94.552814
116.352396
99.605526
118.759364
118.080229
118.108774
118.737216
108.075898
128.209890
129.680332
101.866449
120.894296
84.037008
95.394949
115.406117
72.922627
97.516578
82.943924
87.914835
89.373740
71.553916
93.198531
87.400101
83.935064
114.343006
105.073214
141.403666
142.519481
139.294704
141.227609
131.600791
129.293507
134.541547
110.061661
139.781905
120.988307
120.985378
116.983204
100.873597
91.367559
82.657509
84.910448
81.805768
72.542001
104.559519
106.142470
122.767604
115.044549
107.776873
144.411116
127.068312
123.900671
129.481775
115.650921
123.987108
135.791993
109.945636
132.348952
133.557675
149.343914
143.098797
128.339079
146.016507
144.737329
146.278154
164.357353
126.839615
151.015609
155.403976
150.565874
184.552547
158.628094
160.349155
181.729381
170.417254
200.251106
188.021765
190.915141
184.291405
172.253839
188.394431
181.232521
174.938726
188.097699
164.459400
182.955318
179.262458
183.576476
190.589284
163.723387
177.253534
160.280328
161.295597
172.572764
146.482016
167.838667
161.383283
151.916010
175.342298
165.635134
178.326999
173.941378
156.845418
189.586380
182.054748
178.918113
191.061348
157.937562
180.295360
166.451944
158.153679
163.824032
146.971960
153.811594
162.498737
151.446698
168.887419
161.254731
177.330240
184.420766
190.158594
193.223923
181.183164
201.788688
203.635505
191.192268
223.333996
197.534936
197.730909
222.045580
184.235657
191.636526
207.105497
187.971685
205.152706
205.111049
227.396610
222.551424
225.089589
232.475390
217.116929
228.948842
222.766984
202.335698
213.577039
209.737417
211.530255
222.590470
197.062879
233.991760
231.714626
224.046908
237.423238
232.744657
247.404936
235.163256
219.887937
251.650926
232.724004
239.415290
216.435226
216.428024
234.764084
227.104065
237.754566
250.843575
224.977202
247.507111
239.603701
254.054340
256.619657
251.469325
282.725422
261.787863
267.267668
293.153966
266.285315
264.845950
278.134548
261.149577
282.993545
265.006112
265.678279
263.349977
259.035045
272.475552
265.343932
275.373553
284.896050
277.640078
312.208672
302.376583
294.510612
313.615464
300.576346
299.062644
285.205637
276.834990
294.370414
274.992555
291.513199
281.339735
284.087810
274.516812
264.639692
267.671481
291.129998
256.411545
272.031723
273.360738
272.760935
291.232038
271.523563
280.626885
273.529457
280.836426
287.191635
260.202339
284.406860
289.303211
294.979250
323.218644
303.704290
331.547290
343.485382
348.965452
362.885530
358.664704
339.497496
344.531010
337.157627
360.897948
339.423039
341.729246
346.709730
326.164227
350.545405
343.789632
342.288414
358.110889
341.997183
360.101083
354.697809
352.916451
363.672759
342.082123
357.492840
373.267280
345.285139
365.776204
358.727587
377.152320
378.688785
372.286950
399.916192
382.578762
375.017707
376.459616
347.628808
348.691844
331.772490
313.913231
325.461751
300.287637
305.594948
286.970407
275.070791
290.771808
278.726005
286.505542
293.592479
295.805030
321.860999
305.372588
309.542148
316.291848
305.530681
294.988390
294.150120
289.103311
292.797784
278.109571
301.901766
304.194122
297.297627
303.830296
299.820623
295.034957
299.197713
277.036777
288.155746
271.915462
296.692722
283.978173
267.173051
293.697408
278.305490
281.948034
297.471082
282.169899
302.983133
310.450020
303.723170
311.013434
289.850509
303.859210
305.926819
283.547880
291.414073
284.584918
293.672790
305.114844
293.952874
319.450093
304.841457
290.222621
299.806617
295.964029
307.125306
303.921977
304.248500
317.766207
280.333381
293.962593
268.405901
270.793288
278.527728
262.868099
260.076511
277.953563
251.802064
270.533349
257.478129
274.744071
283.860444
271.332931
293.887974
278.871207
275.088813
271.910463
248.125138
261.153492
241.028048
251.303882
263.212922
249.543606
263.266071
267.481948
249.793829
262.582661
262.714841
261.795252
269.669519
255.920726
280.907812
269.897568
284.970677
285.043598
284.056551
283.193001
273.665982
271.184762
275.012021
265.546781
281.587176
263.794843
265.126138
277.641331
261.221503
284.423367
291.652007
273.065180
287.509205
260.248654
288.932759
283.406080
277.318468
276.656204
263.052520
266.478943
270.384614
265.266947
282.565260
246.902088
256.980330
273.719790
266.100085
263.188682
268.711598
273.687768
276.261086
260.568814
272.874809
264.861425
245.114080
269.883378
257.493296
264.244919
268.564042
265.494204
275.140563
257.500236
271.810347
284.560478
265.070887
282.324774
267.298172
266.655604
277.579019
255.397786
260.384112
262.483783
257.977099
271.859349
241.264971
273.337009
270.545900
255.450141
270.663359
257.332583
263.804931
263.516171
238.068282
266.174292
238.134840
242.018251
250.727237
228.103856
235.981273
237.215484
254.715386
269.084314
241.961531
258.344351
246.407566
237.467435
257.584344
250.949095
244.624027
234.788470
222.651138
218.197657
187.223884
171.422229
175.745083
143.259127
159.798038
144.498154
158.000870
165.744100
157.488358
166.967195
156.522439
163.106289
177.216528
141.804015
157.881386
149.411854
144.921455
155.647368
144.605540
146.464064
160.244901
158.292371
170.643851
167.426987
177.317920
189.432833
182.421301
184.173742
168.706363
171.403702
190.458708
170.520639
188.016677
188.301308
187.754091
210.426378
183.238733
197.565118
205.435654
195.447646
192.154759
186.926912
199.102032
198.516521
189.809440
208.670421
197.015304
201.666149
208.883729
205.232684
216.530965
205.871068
195.232694
214.302565
196.443029
233.087506
206.691021
204.793364
215.952570
204.697915
220.975342
223.785476
213.702795
236.537090
223.252570
226.831216
218.243986
210.141712
230.244401
206.797117
209.490058
232.315480
207.228031
231.483043
217.378937
219.460673
247.487845
230.099110
262.078125
227.770291
208.112993
212.622482
201.722697
220.797198
233.440024
213.471719
228.878797
223.093959
239.269444
247.280463
224.625426
231.132309
231.932505
228.342193
226.735194
193.474120
220.458059
197.653784
188.666238
202.495560
188.243605
210.669863
208.586279
186.007089
214.927810
204.688142
214.573939
200.955836
200.219308
228.359192
207.680027
206.385037
214.036098
197.320987
219.671629
196.717214
195.642762
217.404519
196.658923
222.890627
214.798141
213.323249
246.070041
217.529806
225.426596
217.295983
208.043567
218.837312
203.129510
209.714428
209.241746
212.423066
215.081401
212.825842
205.300994
219.408532
198.037390
198.200641
180.253254
179.906112
197.855514
181.437472
201.641423
208.352817
182.545315
212.917533
183.274694
190.249140
188.262595
178.632814
202.639213
184.021379
192.173998
209.252943
180.175909
212.888161
196.319220
185.598336
195.065247
174.867938
180.159252
179.346392
177.422521
201.515589
187.635507
190.091449
185.858267
178.789822
186.665449
155.873582
175.353150
168.046594
165.920445
185.512449
167.443444
169.006211
180.103517
163.801244
177.664663
158.784258
168.205196
190.859770
171.763008
186.460281
185.797070
181.599134
201.531772
154.316997
173.322578
164.025008
170.004949
195.042771
169.840705
179.569706
200.275252
176.339780
196.211363
169.314937
171.938467
181.002153
161.857968
168.996352
183.133452
189.284782
200.964301
200.683935
213.498209
227.494060
222.773322
236.672832
229.297216
234.197572
226.210716
224.578704
227.320308
212.626674
221.566699
221.761823
184.477770
204.528918
198.165139
219.107765
225.879592
240.038009
250.154261
236.314515
229.599984
251.572693
231.527520
253.120045
260.853029
255.496290
258.632845
248.195355
264.451714
269.661288
256.404256
297.351800
287.085367
294.382717
320.345536
302.203115
305.273428
299.135217
298.297322
296.287290
269.093871
272.853931
254.311140
245.403472
266.278572
240.001490
246.341335
223.223263
228.217779
235.826875
230.951308
240.153618
234.572356
233.207064
248.732756
230.641304
248.743060
261.664995
242.662423
249.510500
249.647594
247.956564
264.167867
234.959663
245.516306
243.541161
247.259905
269.749735
256.642818
254.629850
278.260240
275.801051
289.777155
262.776931
279.285685
284.191493
270.270654
277.589428
271.727303
255.365711
263.020384
256.361870
277.362305
269.905996
260.530142
264.265709
250.673998
247.651817
247.171425
235.535902
224.898094
200.203742
217.138931
212.155786
200.111873
216.542931
187.473888
184.954134
189.450868
176.516308
178.720555
186.955953
191.181520
196.709568
181.808686
203.817065
202.606653
195.581551
188.549408
189.074195
187.784594
199.884796
183.353222
185.161528
178.659650
172.237137
167.591783
162.939341
157.855698
145.758170
137.108488
136.338391
118.146305
131.412922
119.785833
117.007033
135.357754
130.693065
137.226193
125.710168
128.222426
145.391776
134.035558
146.725449
146.768016
145.657103
161.392623
151.332535
151.152904
148.822491
152.158526
139.249243
136.971507
131.654006
150.764949
127.775609
156.070840
148.981700
144.229982
148.692348
147.131156
142.833507
138.802511
138.935058
172.884882
161.717497
155.872514
165.598249
166.492278
178.303867
164.561128
159.062833
170.459873
145.294408
158.956632
152.662624
145.853559
148.142277
133.089531
139.466641
139.381978
136.202067
154.103399
130.446649
137.856281
134.801265
132.845050
165.296626
147.880783
165.163680
172.125742
174.869206
186.053584
191.580855
203.635977
202.850962
201.414882
215.746932
197.742545
202.201860
192.617825
185.314748
190.082694
194.301182
189.963691
194.425681
175.451494
187.509805
178.329365
182.763027
186.371111
165.320050
184.430525
172.138730
150.915619
167.307595
144.578778
144.068795
155.292057
158.899340
182.733482
172.738349
174.805304
180.903007
164.327765
169.025514
178.149547
161.134030
167.652932
149.331790
148.266931
133.531278
134.334495
123.317897
96.853836
96.806973
106.184086
88.620886
97.198998
90.790029
104.075986
114.537057
94.303938
118.219211
121.814114
120.631793
124.527794
107.663834
141.137630
134.645842
132.315646
132.853135
124.500173
139.407094
148.180109
133.741907
143.864973
141.358971
145.785803
148.829421
148.285978
160.150863
146.911810
149.508285
169.905194
152.155343
179.831300
179.294907
175.752157
191.248872
177.498947
195.219342
197.723009
187.962934
189.408910
186.464337
192.203038
187.625219
196.849244
208.939909
176.226477
199.911204
202.263636
182.079251
201.656229
199.801820
191.021721
205.364120
174.886558
197.642473
195.633406
196.810130
212.178110
203.424120
209.754453
210.182219
199.897871
217.912441
211.015540
219.914142
220.539094
215.011560
216.341861
190.268829
197.626004
199.196173
197.314812
213.738749
189.783567
206.329905
217.507923
195.165545
218.049262
205.834568
199.612535
193.726004
184.532555
189.122010
204.521665
187.830719
204.381339
181.196797
197.417320
200.562785
192.365308
213.648940
197.824103
196.213812
214.661162
206.652567
216.261181
189.596560
183.643333
190.614262
173.564248
170.200165
164.651458
151.847366
169.938266
152.999377
171.580186
177.015964
165.962450
190.137077
192.579257
216.139740
209.319940
176.130114
203.187114
185.622312
193.095327
196.942167
180.043272
189.826899
180.417870
187.163802
181.856482
176.900444
197.023557
201.335554
192.126900
215.080853
195.997164
212.892479
215.009396
200.232842
221.252560
210.658981
219.515940
240.265976
226.601147
251.855956
239.267016
255.175148
256.405602
261.683981
267.556621
265.337894
254.581287
282.545579
255.520649
271.491998
267.499705
253.355062
238.990442
231.991031
230.549776
236.174431
220.437581
234.856005
226.331934
227.870394
230.993652
216.061262
241.011796
223.317465
235.101380
235.016157
220.235902
234.320142
224.428411
214.478221
221.831777
201.495786
216.341752
216.041401
215.276943
239.986670
234.164887
237.570418
247.242272
229.333935
266.028136
244.728298
251.075200
250.432052
242.904444
256.406170
248.449057
235.243340
250.900655
220.500737
252.327938
233.998308
212.561774
247.984891
247.358811
241.714445
240.486317
245.879388
274.403258
254.224259
262.034775
252.278169
235.168509
247.528106
231.794418
236.330818
241.508121
230.671341
230.362482
215.109774
212.276634
226.295391
217.925730
235.483458
232.549936
232.247128
250.470615
239.740766
243.858253
248.996355
227.652094
239.310979
230.719137
234.890984
242.308721
226.505170
255.089708
238.725149
212.323592
239.847076
198.747765
215.431859
200.683105
195.203768
217.775509
225.515005
227.705489
227.908958
221.213798
243.789061
222.373013
217.619996
232.927771
219.646757
246.444793
244.173114
258.268522
277.503428
259.555003
280.739934
266.555796
271.514639
304.262577
263.035307
286.763875
300.931421
311.048086
332.093456
313.460046
326.825528
331.756481
317.825773
341.955199
311.929338
331.175296
321.651670
297.968188
314.024422
314.701246
305.411221
330.572105
305.478044
322.125635
319.170560
317.594944
335.583542
285.835517
303.144526
299.223746
275.383711
301.893502
286.387231
280.685650
266.639314
255.520227
274.546052
263.209404
262.496429
276.754640
253.139356
260.364873
244.378445
236.450018
250.335795
238.196936
250.208107
235.799143
256.024400
253.975312
232.694221
231.669896
222.093292
206.203026
225.838709
208.972281
224.814879
221.841755
210.930422
214.102978
213.791523
225.669676
233.193654
226.274389
246.094548
227.136995
260.706526
272.527731
250.406489
259.723488
255.121450
224.032059
252.386454
224.547737
238.983619
242.527272
220.750621
250.006122
238.182033
264.782198
271.756790
253.274257
266.578564
253.557224
246.934813
237.877541
215.959690
237.395130
216.200974
219.412144
232.831768
235.404545
246.578035
245.723465
240.375659
260.198399
241.166059
266.727654
269.215430
267.097860
278.556468
272.576126
261.616481
265.040027
230.341970
255.548177
233.966632
225.191702
227.817588
200.652987
218.901054
208.156809
204.919905
222.466425
213.075104
239.569742
226.991547
234.065792
252.802909
243.749120
256.651160
255.273589
245.270134
260.176527
230.492375
235.752926
247.507203
226.574189
274.330741
277.730647
281.377861
292.399133
276.968308
285.949428
272.900803
269.143572
290.059451
244.835181
254.951706
240.851286
223.537361
232.335626
225.827972
220.903669
228.234563
223.495302
260.446167
254.346506
255.082325
268.404018
268.000099
284.161440
276.934395
264.360161
258.717440
237.242412
245.019106
250.552168
230.502194
227.776683
219.997215
215.858268
234.170831
208.424627
230.649417
223.905109
229.082257
224.642102
209.502987
232.717072
220.271486
223.580762
248.427234
234.846259
216.735053
213.699971
220.837027
228.733322
206.319132
216.533402
197.082332
208.195348
209.075506
189.787439
200.824879
186.109104
163.393996
181.384848
173.147070
180.772200
193.198465
164.896781
180.223964
186.043249
178.988761
186.027383
157.045496
186.019414
171.407514
170.487813
176.268193
159.068143
175.367780
168.525402
156.136070
184.255395
181.733549
191.091817
198.631903
181.487052
197.848006
183.075004
181.340260
172.671453
158.172833
158.809970
154.277751
153.497592
164.503120
149.454726
161.592900
143.701536
138.462577
152.449770
142.099557
159.026405
177.406460
160.044498
176.346359
159.400611
184.425841
185.202715
163.850037
181.820894
169.602861
169.982038
182.093791
176.605501
192.034400
193.654862
214.411483
226.821661
221.193428
233.939731
223.249872
209.018913
221.276044
204.824036
216.208473
206.675695
205.765083
218.509455
190.670189
202.714566
219.896153
211.585184
224.095992
221.332014
209.206963
229.004779
191.788917
193.130614
172.538358
169.256076
171.805165
160.402673
177.729202
175.622872
166.301433
192.016577
176.696011
194.880066
206.696478
203.862023
210.170564
199.424429
180.966413
198.002003
176.625537
206.854964
198.970710
198.874818
227.347002
223.485162
232.713928
239.044912
241.020476
233.552574
219.133124
224.949072
210.717730
196.301287
212.833519
183.618191
189.741542
197.617107
161.799340
180.784834
163.520054
171.421985
179.808207
173.842525
195.779614
191.254812
186.374957
195.922718
192.607137
206.362925
215.949748
202.841410
236.811023
223.464848
233.164132
230.180888
206.767001
228.577386
220.272432
225.085110
233.345638
214.920792
245.761083
243.598240
241.870740
247.258991
229.641224
244.520162
240.484907
225.925877
249.447642
232.116178
256.585938
248.299450
238.749439
262.794903
217.511630
245.801216
259.050467
218.397308
241.891459
225.723071
226.434360
241.258948
228.744248
233.823251
230.621067
234.151690
235.607536
236.178510
247.677644
244.579001
263.738787
244.855783
232.329971
251.982029
248.288990
244.460141
263.409104
246.281727
245.836057
258.741370
213.488842
233.293830
223.764308
225.989915
217.094886
208.111137
223.777494
234.582955
226.065020
241.940073
227.926816
248.477012
236.933641
234.388135
249.594219
244.879197
254.350667
258.637384
247.711449
273.552664
257.672184
281.231466
284.105386
263.682434
289.682418
266.140006
290.172725
289.715800
272.755299
293.762306
276.240606
265.847914
274.176815
250.087873
256.338924
240.422204
231.796895
240.598653
230.938338
235.812488
247.435950
229.729952
260.845289
225.890882
247.497788
257.427681
256.945216
263.436273
261.062125
264.287269
263.695182
243.839480
270.930497
258.052829
246.492551
260.711148
234.285771
236.988978
236.369525
224.996052
250.176225
236.710063
250.677353
258.232583
244.550166
270.269589
242.728354
239.623206
246.526674
224.786906
237.068683
237.619494
234.816297
254.389500
232.651686
236.658232
223.889241
224.333096
225.687589
203.168423
203.308804
191.865483
180.938658
202.227263
183.672663
195.900764
194.753776
193.060321
201.075870
199.756048
196.535338
202.113982
185.691308
214.631229
210.558961
217.893461
209.915022
204.912263
221.408212
208.776068
208.264022
228.301260
185.635349
198.296094
202.575861
184.269048
210.643319
194.402967
196.073877
188.176184
168.023426
182.958755
158.069613
155.073877
166.627590
166.844601
192.394942
173.313636
185.836456
198.109555
178.683989
183.671692
160.622474
158.774731
175.059319
142.068938
159.395722
153.303161
154.240065
163.724656
169.118065
169.810261
178.684406
170.875990
177.553476
170.247442
192.781786
202.179481
196.761882
218.904150
225.574833
222.209467
240.934190
208.873711
219.769784
204.631296
196.565590
216.626807
198.679563
219.594252
226.321189
229.604910
255.618161
218.807306
211.418657
236.297769
209.410998
220.879147
225.424538
199.887092
211.244310
191.246398
208.797628
213.140685
188.200122
223.167920
183.347682
202.169948
196.783964
174.492868
186.761213
175.826765
172.397861
197.825129
198.386853
224.916431
204.582199
194.592490
210.478950
203.952616
215.746327
195.563464
199.333475
212.243050
194.843618
212.223127
202.931771
202.430676
214.244568
200.052247
210.912600
225.116539
199.935653
226.095795
212.023954
211.703732
219.165359
198.999630
220.164052
207.971708
203.286120
219.493941
195.827806
207.276171
206.293090
188.737868
219.302817
212.858549
226.343068
235.996161
234.556028
246.789229
240.680858
248.519223
258.383172
235.454096
258.848114
247.416180
254.602428
259.768822
250.419224
269.600027
271.161521
266.652288
280.873509
244.676197
268.526795
258.163842
252.708178
272.309977
278.983118
289.279516
296.495656
285.978294
314.476948
286.664662
301.922972
306.607616
306.039819
346.508417
334.721591
344.670706
352.211665
338.122154
352.975809
355.885712
340.730510
348.890649
334.282049
344.140758
337.628420
335.679776
340.016085
316.835012
329.376225
343.657000
317.674843
337.718976
331.511491
351.054647
361.310683
344.041342
364.897527
348.317072
340.573469
345.238849
308.185931
327.240123
317.043263
300.809946
306.496280
279.509043
291.165560
284.451755
272.318081
289.305835
273.347533
286.156958
287.734592
252.220565
257.271959
245.716908
235.732961
246.834804
226.701506
225.270379
224.770783
210.874480
240.469479
207.779901
221.565253
214.431793
210.731257
225.209964
211.580441
214.454689
227.504589
215.377970
239.868780
203.295906
214.891483
216.909237
197.739731
219.032800
211.207424
218.306491
236.956160
221.891225
250.770980
231.855991
232.080134
236.118890
226.100052
239.880451
231.850956
224.107731
234.623171
202.309674
214.393456
208.910620
198.988025
218.053636
202.987435
206.408838
215.589512
212.329984
215.826772
208.609729
192.584243
226.296593
210.252074
228.110306
229.087215
222.703779
231.486807
210.550192
205.400609
208.856420
192.901218
216.418531
201.433103
197.179001
190.382819
188.718663
189.318561
180.627088
175.555055
188.585503
185.275932
187.530835
173.604821
167.456020
182.313365
176.828694
183.101993
198.992406
167.413173
191.493688
179.874775
192.361163
192.625329
180.293819
193.046633
161.286335
166.125437
177.527209
173.013668
195.520592
203.528842
197.097105
216.054579
189.814522
220.023127
210.004636
211.557411
238.329232
197.989879
208.587481
219.164334
207.381521
218.461675
216.692385
245.753727
240.105800
243.868822
256.955581
247.541859
240.646699
258.449591
223.195568
242.865158
217.766958
216.438194
234.237921
206.766888
222.495082
221.602615
230.580650
244.275007
211.652010
217.094932
219.034295
212.736593
226.263061
198.996251
205.544658
213.697829
197.333316
211.507693
203.332692
199.441373
206.717281
199.081236
210.671239
168.173327
186.793515
185.529171
176.251520
187.239687
183.186801
174.186722
200.403160
170.131756
175.439863
159.380442
150.416776
154.889906
132.556218
133.103219
150.969792
129.337427
143.474750
124.204850
145.599777
149.332189
119.940440
142.282800
128.684714
122.215266
155.468817
134.564031
172.597727
145.980785
149.311717
158.428834
142.302368
164.320366
168.470082
171.874800
180.860213
172.898815
176.014449
189.075403
178.003292
186.870062
188.160875
189.063842
195.423679
189.061401
207.618646
205.301614
203.726691
224.149714
197.966556
233.434020
209.350776
192.384863
202.736364
195.801202
190.620978
203.352021
191.101819
210.407933
197.290456
203.680908
216.811766
210.129750
213.157329
187.588659
187.041403
209.460287
197.287254
223.611782
210.356573
206.349270
218.666764
202.959834
205.258705
238.748118
206.073668
220.654712
219.150888
224.104105
231.299191
211.628922
250.660573
233.307978
232.516664
224.663790
228.180821
235.854650
232.789064
228.038053
227.395250
209.408296
241.504246
235.555450
238.350909
235.266328
225.880680
234.948820
231.698395
225.640132
233.951575
225.255993
232.067264
213.002805
224.017015
234.611052
217.781472
232.358114
243.026376
215.811996
226.295309
209.731550
212.409262
209.029579
185.014853
202.495187
210.766710
207.260377
212.881258
199.214918
197.626376
216.372980
201.181016
213.316011
191.169334
194.122489
206.898245
189.786991
204.610698
190.490541
187.961826
208.169369
181.153417
216.284243
195.904862
181.529915
200.554842
195.553834
204.949938
231.512666
221.372240
238.654565
215.029636
228.679307
223.038516
216.369307
240.856768
238.119941
235.150426
245.582142
245.341678
255.771254
236.428824
233.252910
243.418305
238.521628
244.996261
241.479792
244.262540
257.255256
228.108515
229.613949
219.760632
205.250633
220.942451
191.227083
202.736936
202.458280
172.715230
203.242874
182.487158
178.227673
193.124194
175.144901
192.167138
203.226773
201.611921
201.432100
204.322212
210.509972
210.774997
198.369010
209.202189
210.952099
226.077274
227.546307
221.933719
229.823161
222.926320
214.277290
229.938572
222.772842
223.385074
207.961498
203.269259
216.737870
213.386201
219.122692
205.730650
197.595284
217.490245
209.094686
222.919856
221.413277
221.508973
232.833384
207.463408
222.788395
228.413946
204.603771
220.538134
216.197651
200.757782
209.599746
192.744997
203.031958
202.636034
200.904938
217.070322
206.710155
211.209397
212.165190
197.294521
229.388055
204.364446
205.850252
193.987086
189.281250
201.329460
189.032810
194.399701
209.767030
192.782774
213.444837
215.200388
205.866766
215.098397
208.263450
220.323285
221.252390
213.541956
207.666663
199.389145
216.412675
216.246034
182.661464
180.178470
168.069265
173.892754
170.537066
167.505445
187.639734
188.510764
175.697788
177.449253
167.552392
183.252383
169.673258
185.278373
158.240030
150.870085
172.565962
164.264154
156.326542
186.924041
168.339348
177.686557
190.336430
188.775841
213.405619
227.080406
207.798543
223.647484
213.120071
244.538363
235.863546
246.204462
250.279066
255.059198
281.169410
281.980352
286.754586
305.030008
289.310893
318.585734
319.426066
323.859257
351.124149
335.521331
355.674273
348.680310
330.088483
352.293215
335.085890
330.633204
334.890396
315.069348
327.759912
306.043619
317.687039
323.894782
323.643586
348.489946
341.516785
325.596220
357.903812
325.738389
346.603926
344.492669
333.600743
346.008249
328.226044
337.536060
339.388183
323.042682
343.068572
324.574873
324.179763
311.713990
310.221488
313.226931
310.005775
311.885559
326.928134
299.340478
308.251619
290.271563
290.202429
300.126720
271.026991
284.297760
277.619327
261.978382
283.158333
280.228351
272.638707
280.233578
262.163568
275.847908
249.527159
257.216440
258.605078
252.065990
253.975693
238.797693
247.690604
266.458472
248.402102
273.861663
257.326938
245.402769
250.242110
239.239793
229.240368
243.493127
215.610597
212.113072
206.920000
201.763837
183.212275
169.594316
183.971306
163.781735
168.253249
176.191166
144.130045
166.144806
154.976270
158.015276
171.995990
158.203974
167.927003
170.742120
164.321515
173.601016
142.774156
153.972254
153.759794
146.738196
176.527662
147.868416
157.375361
151.237196
134.813981
148.193603
137.796848
126.612411
144.446780
123.730383
144.164036
145.499381
150.300257
171.031433
156.190943
174.073230
171.494599
161.053059
192.295714
172.026896
196.838526
213.572608
184.444912
194.819099
186.806298
199.138120
219.951126
185.594807
203.704669
203.560959
203.570719
215.707917
181.026777
194.505761
182.779796
173.721882
189.438013
150.824656
163.223109
156.706884
135.905058
159.469167
154.533979
160.607802
170.073386
167.267956
187.566974
171.134391
160.009936
165.607100
144.459564
166.038009
160.841964
166.123244
167.929007
157.459908
163.477682
157.378780
146.133975
164.315482
121.294265
142.289604
138.307693
130.685268
143.055212
129.390902
132.486567
147.145122
133.656823
139.842697
135.329733
153.799532
155.718688
141.329008
166.673372
155.922518
150.457566
151.972909
139.804244
158.762661
160.461668
161.144420
165.084927
149.811315
171.750823
178.317322
170.738017
184.656384
169.586579
170.622267
166.613112
146.921767
159.989807
149.470631
151.557208
158.064956
146.416831
155.749507
149.363176
122.972094
138.033298
108.232066
121.845412
114.751225
96.748857
91.939955
86.623113
103.570943
111.171677
105.822017
131.273719
109.960850
117.106932
132.940277
134.382724
151.412528
138.357358
139.333685
160.929455
137.610180
156.491985
154.715491
148.543967
167.404971
148.143784
149.165322
137.961486
141.734202
141.399507
121.247787
129.441564
137.028003
118.523160
139.012798
129.425703
144.120516
160.047298
136.416825
153.630574
163.030994
138.690420
158.292318
147.425198
163.315068
139.143614
130.913194
136.800829
120.136946
132.719666
145.209480
125.981931
151.498313
131.931184
139.018042
154.300206
135.496612
161.817921
161.369459
164.245295
180.758063
167.322118
187.797796
175.178173
180.112523
203.020282
188.361093
189.211013
191.148418
180.882480
203.081504
186.527072
205.867107
227.976601
221.153091
239.790446
232.952049
239.451728
243.288338
210.972000
238.015517
235.668822
224.425461
239.052880
211.572321
245.023286
231.807770
225.265196
251.132325
246.297403
227.009607
246.657575
224.416236
251.309267
228.341923
248.651865
243.341241
227.072403
247.961517
249.802883
246.191008
253.324567
239.671613
257.388662
254.141966
251.254568
275.486015
239.471366
256.313702
261.016337
256.567288
268.383438
260.037391
266.633754
274.120663
257.965692
263.138429
271.629081
281.300196
284.723807
272.792249
290.327243
277.058628
265.346332
277.115106
257.154119
256.889207
249.069180
252.477992
260.850191
255.481096
256.929967
264.365289
269.625627
285.277661
260.196432
275.418623
259.178517
250.065813
258.125463
262.549345
255.720618
261.818076
235.019226
249.331865
246.521039
228.381501
240.688712
229.304191
244.067336
225.599863
210.752386
224.991425
196.408470
204.082202
215.235730
201.179354
230.600829
226.653385
229.866191
242.999963
230.465774
226.628355
214.519923
201.684331
216.460790
186.453122
198.517597
191.857463
190.928760
215.938168
198.430869
201.128367
231.246137
219.594541
224.872515
211.883174
217.536666
225.458367
223.201181
236.629164
226.655735
228.223764
230.662531
197.961476
219.272658
207.863666
220.510432
227.011352
222.008558
254.432173
241.764576
240.318399
273.211220
257.695140
270.616055
267.527998
259.364541
270.062614
234.464354
251.270817
267.344776
250.303138
256.185846
254.981636
272.607650
266.999511
241.452111
264.301987
250.752457
256.967785
259.486186
241.118603
248.359391
228.766700
220.257689
247.172740
218.581501
232.547600
221.856307
217.239063
233.363925
214.094214
217.878731
222.841282
201.772730
230.782095
214.076569
235.870823
226.321052
204.935291
212.291828
210.210568
196.253691
210.285113
183.287373
210.282572
217.168904
196.496368
218.993466
208.371271
217.407728
218.753578
211.172168
231.778356
223.260001
226.296018
240.473810
229.753811
248.720407
234.006154
249.083172
250.211189
247.563246
254.736525
255.871905
261.045176
281.207491
251.477360
275.429919
259.238274
266.915096
273.590037
265.496564
269.122267
280.014755
267.195686
284.913535
265.193131
278.128958
298.975794
277.147802
287.699939
276.304691
255.184134
274.266549
252.671431
270.029213
257.823358
243.679143
262.619272
254.650152
285.733141
294.010037
285.225166
306.824796
295.923947
285.210006
313.972948
279.360102
309.946518
283.464593
271.218482
270.533687
253.856179
267.168593
250.434218
262.061821
268.641386
259.238565
279.637410
246.674169
257.262807
269.013293
263.804884
255.925292
265.380160
250.102059
267.087698
232.373632
227.247749
231.397091
227.062538
242.741021
235.684346
247.358551
265.037138
249.394901
265.211753
240.977075
230.956861
245.163674
229.051498
220.960903
209.976030
196.041435
219.797597
215.069685
227.389642
219.610040
195.839593
218.215376
217.204292
231.823014
226.678488
208.601755
231.677209
227.766037
221.556441
234.858204
217.745196
239.735043
238.475852
232.094337
214.757572
218.287281
229.719670
235.706420
223.293008
258.957739
247.200405
273.253940
281.421692
267.391219
279.759053
262.407750
268.488988
279.405644
256.002874
279.858631
279.453610
283.330597
295.126885
295.396476
306.922750
300.517671
316.057715
333.628233
330.530312
343.201893
372.205676
337.113579
360.338230
346.279431
348.723271
343.184402
336.588712
349.492826
348.483774
342.079139
358.985075
340.230412
347.236903
337.153562
323.907568
346.323017
345.221303
305.870027
318.344077
313.556064
347.171683
310.006273
325.505563
328.098145
334.456793
336.779535
312.495973
332.055453
326.512378
302.680249
334.820709
318.536289
310.367938
313.940547
292.959886
304.318105
291.987094
289.846545
328.222379
285.647684
307.137089
313.514971
291.364539
325.858219
305.068473
324.111390
331.242107
316.551827
329.714658
324.684199
338.072730
335.786863
313.623455
336.208025
335.976015
344.798850
348.274098
338.782343
360.935719
364.878244
372.477201
385.995583
356.522980
368.922258
359.322592
350.052731
379.833829
354.083117
357.267385
370.331658
337.666505
358.698151
344.977880
349.052078
370.010552
346.876957
358.539672
344.421898
330.572126
348.919042
314.150276
328.669584
298.331510
276.206653
297.302724
269.157465
257.169608
260.110289
249.866633
270.235351
272.423312
275.821410
289.903701
265.682087
288.555259
261.243729
253.315880
274.142201
258.268634
253.667149
254.642975
254.894984
260.866033
246.781667
268.313482
259.318719
251.755069
296.094759
269.364162
270.961623
277.575811
255.768196
276.492960
253.294542
257.396289
258.407189
244.228914
262.091576
266.504936
261.517296
288.829382
278.604782
265.357038
266.544950
260.566229
300.471818
303.408407
290.594528
302.132263
309.235938
305.979118
287.739711
293.453892
299.930788
289.310118
313.442152
295.482311
291.790673
306.815998
299.558016
313.629017
311.925829
303.278427
328.676665
299.882847
306.721990
301.240283
295.019946
312.045974
292.647944
298.001453
314.669976
289.802013
303.326217
284.272250
283.359640
277.186151
273.056178
288.517219
273.514187
270.762665
287.112944
272.274413
288.207191
269.691485
262.850467
278.891970
241.333118
259.454493
246.538784
227.553705
245.877296
228.709523
233.397700
230.572691
216.659396
243.234129
222.738663
239.382214
252.271030
238.630164
244.304866
231.230724
210.867738
222.745846
185.745021
192.188124
174.778073
162.673035
178.028235
146.583671
148.609142
154.534754
144.058126
158.626483
143.621791
81.481566
-8.961437
4.405757
-2.731758
1.629698
-1.115313
0.606079
-0.441999
0.165614
-0.154381
-0.002104
0.000000
0.000000
0.000000
0.000000
0.000000
0.000000
0.000000
0.000000
0.000000
0.000000
0.000000
0.000000
0.000000
0.000000
0.000000
0.000000
0.000000
0.000000
0.000000
0.000000
0.000000
0.000000
0.000000
0.000000
0.000000
0.000000
0.000000
0.000000
0.000000
0.000000
0.000000
0.000358
0.000032
0.000195
-0.006704
0.020391
-0.037554
0.075515
-0.107987
0.161849
-0.236262
-0.249301
-1.190400
1.457762
3.813220
-8.327712
-1.653579
-18.353112
-2.359057
-12.029707
-17.909363
8.559961
-2.525589
18.820747
2.599141
-26.587854
10.937696
4.106084
-5.081194
21.499398
-5.523272
6.417305
-3.307839
3.479118
37.191125
20.085486
23.888174
37.694903
17.699401
30.518240
2.875654
6.912943
-10.586118
-14.990933
-7.321296
-19.292102
-17.942394
-8.496483
-26.179127
18.299109
5.585083
-3.175583
13.365581
-2.009524
6.061007
15.742447
16.160688
36.839788
28.041319
40.980379
28.329737
11.756440
47.789237
40.773941
55.463805
55.778448
59.846096
79.318602
91.645002
98.358288
92.592733
70.482954
91.137581
75.741895
62.028562
84.988783
66.093671
74.118839
83.940648
83.146783
116.850396
97.184152
107.599091
99.630669
80.246034
103.178417
77.426598
79.900665
85.021931
76.397058
102.243730
98.595066
111.731469
134.578384
131.553725
158.920664
159.022917
171.068053
196.147475
183.252231
205.618420
216.271921
201.008234
209.053386
186.601287
187.368981
185.327008
166.596032
192.791944
175.017020
165.072923
176.874513
155.496982
173.352919
157.381126
155.010137
161.622405
147.296509
169.570687
160.642220
125.725423
147.784333
115.002776
136.918334
122.814216
133.228373
133.755967
112.599092
143.750684
148.264724
139.954625
158.430667
126.407095
143.737231
161.511654
159.308880
176.411682
152.350330
156.243091
155.663597
144.528756
160.517948
139.391590
137.700422
157.455693
141.036939
155.254799
151.713855
137.824755
173.541442
152.095623
144.264673
166.110665
144.552777
155.077185
132.192093
141.572503
151.373248
140.573589
131.304330
118.058903
119.569156
139.738372
125.168637
142.448106
141.438151
149.735182
153.277554
149.738317
152.578785
164.184392
148.968639
142.461864
104.245759
130.572532
114.788293
97.612171
121.053192
102.883922
103.228197
125.496753
114.958515
126.118390
110.966941
121.846793
124.455935
112.051081
138.517704
141.595729
130.610051
153.508059
146.231786
155.770242
158.827353
146.098158
177.781556
144.009443
164.641482
171.076750
152.940921
171.168709
158.184434
151.819247
176.574346
154.909003
161.154006
136.733350
150.750101
170.202953
144.927923
153.998041
151.069923
118.458971
148.443471
122.617307
133.588008
127.435183
107.181195
136.818136
128.217733
133.212268
148.319523
128.799121
143.717229
139.824107
144.193719
145.780860
119.410213
131.930525
117.874207
113.176619
129.056312
123.671970
142.126135
133.463075
119.705018
141.376530
115.282040
125.252847
118.309249
97.724749
95.250715
95.551262
90.525181
120.843843
98.109336
136.880840
127.979987
130.251323
156.362039
145.322563
157.592375
162.702167
166.037055
180.445045
147.158671
169.308909
170.988178
159.360800
179.618206
162.153890
173.528789
173.563184
152.242384
175.766321
131.208862
122.452002
125.249353
113.803827
117.206687
115.265568
111.246097
122.657074
112.026186
118.285174
104.873438
77.043896
88.344907
56.976717
63.539699
59.570227
55.434434
75.459323
58.528265
74.823071
89.557968
45.486862
80.020170
69.745119
74.763546
82.445584
74.833379
94.708341
105.069523
92.725955
111.887650
95.441088
105.830652
110.903014
97.079344
112.918884
91.627974
89.267837
104.777857
81.152304
106.082157
89.417822
97.592867
109.208919
91.934568
111.402451
109.199929
114.427571
126.702215
106.958485
121.028592
114.697134
101.325876
116.818496
88.165142
99.900969
87.534261
91.198251
99.744662
75.836292
85.091950
93.213572
79.853498
98.531811
90.992997
89.309310
98.353426
93.933842
138.840967
144.483095
126.869159
156.502563
136.364539
170.442744
180.374869
145.555767
164.014886
165.103654
160.667793
163.668519
167.369811
186.815878
162.249866
156.325678
159.893253
137.486469
142.139325
145.925764
143.764906
156.708284
130.441383
162.024543
166.633254
156.865227
175.031962
166.258204
188.877421
183.422635
172.718289
199.673492
181.944428
208.367047
202.026860
172.797618
198.353326
175.455027
174.620714
179.665046
155.801916
164.856599
150.340530
147.316265
163.754167
121.890736
143.765603
130.460536
101.667795
119.171694
121.955026
130.123564
143.031836
116.156355
146.665414
112.832565
107.542658
103.154631
95.392510
81.165819
78.834887
66.471633
79.709297
43.081776
71.202656
65.671552
48.871555
68.419142
46.790281
50.991583
67.422613
64.097441
68.168163
37.752655
46.696599
35.945059
22.365095
47.977888
38.660892
52.180550
66.175510
79.672864
91.242373
73.125067
73.713395
100.514813
75.849894
99.692655
91.538312
91.525741
94.801742
73.326582
60.441303
74.089595
71.530779
99.291155
90.923638
103.567815
84.894439
72.347718
91.822389
89.136545
82.699648
95.068248
62.133200
86.619714
74.599403
67.247454
80.125475
46.962215
64.338438
55.353908
38.505063
54.306957
42.865596
39.890974
63.606973
28.376788
37.673449
19.749133
38.257134
39.617441
12.558647
19.194777
3.179642
3.031835
14.245395
-9.359038
-3.530428
-15.775313
4.521043
8.734519
-29.997354
-14.978332
-22.038471
-21.062202
-2.236560
-27.600860
-8.617870
3.989403
-3.499853
12.042558
-12.782106
-7.550895
0.517680
-35.473217
-6.393358
-15.992938
-11.417192
14.344674
-4.472231
19.604945
24.563087
15.788029
44.895808
31.139209
28.275800
42.338847
28.108656
36.846792
37.919537
55.247078
36.502279
31.942363
51.471292
45.688325
20.976331
43.400079
21.136129
43.055578
24.666543
32.377842
47.760695
29.463918
51.087241
58.166528
36.256727
63.992853
37.175466
44.549829
67.050545
62.548145
74.976577
67.946318
70.570994
91.083194
64.914467
65.076645
44.612806
34.474013
48.450091
15.927633
23.776438
7.177697
7.491800
16.898125
-5.101639
-1.165949
0.971853
-12.988362
11.093316
-6.498304
-2.368060
-2.704610
-25.249778
-5.666545
4.446098
-4.367547
13.456899
-6.742825
14.108101
-4.291668
-4.919782
7.473552
-8.388933
4.736822
3.738295
-18.112083
5.743337
-3.961680
12.381560
-2.587235
-0.846555
17.658521
8.652943
4.743310
18.042074
-18.972892
-1.587365
-5.894690
-4.935182
1.007352
-17.695642
-8.798320
-6.871275
-22.935575
-1.227505
-15.156754
-7.764405
-15.615957
-22.482844
-11.093644
-25.301729
-10.572449
-28.902575
-38.408133
-11.917527
-27.472417
-13.129158
-2.738217
-14.463208
14.566492
-13.298740
-13.466985
1.215597
-13.702168
2.744804
6.685122
-0.451636
20.946834
-5.872039
23.485736
12.964126
2.505311
33.020565
17.291157
28.502179
36.578273
13.680951
50.292485
40.321912
48.333278
59.024045
50.167277
60.523923
43.814247
21.327087
48.788195
17.590086
38.667035
43.855614
36.256017
50.617114
25.422575
42.727141
49.615126
42.412637
78.829367
73.499305
73.873323
100.445255
72.117299
95.872490
84.665688
88.294733
88.902276
83.402668
101.563864
106.016909
106.436764
115.654151
104.190234
118.831867
126.496049
124.127331
120.574621
106.433308
120.713201
114.260996
87.627144
104.733251
82.433535
86.334344
91.961561
66.597372
68.676189
53.987069
58.388080
76.889533
63.637879
99.269963
92.749142
93.060915
106.913323
107.204376
124.491194
100.114531
92.899058
107.083311
91.785829
96.962964
90.923481
69.875372
86.024822
75.794752
90.387518
87.209027
86.887990
97.362611
114.970863
92.268723
117.363134
95.943087
113.630461
123.573311
101.842096
124.935373
101.407798
106.851453
117.981305
109.029355
135.452881
114.787335
119.210669
123.543933
104.683240
114.033942
104.829039
99.115808
123.665311
103.816341
115.617879
99.981362
101.007228
121.698592
99.971750
128.034659
125.411305
122.578733
136.545425
126.298900
143.219485
128.613577
128.712370
145.245547
112.542420
133.615730
130.400065
120.451665
134.514727
117.953914
117.522179
145.209415
117.361829
155.730712
137.366355
126.879258
148.391096
116.700529
129.002749
144.156397
119.602269
140.484163
120.154736
128.636861
140.344870
121.970955
124.426742
122.166576
121.003132
128.039267
98.967973
125.337971
96.847342
89.271179
96.880402
80.480210
88.899991
93.538466
85.748285
102.602730
80.305456
94.295802
109.319179
110.113393
129.881180
113.424615
132.566418
140.783892
132.197026
147.529273
125.200201
127.494591
129.641549
121.751726
149.656517
130.265858
142.179922
165.334219
150.593626
173.906895
177.055670
168.087479
186.289910
177.150570
176.069712
174.323393
174.785166
189.023591
164.496608
179.992838
177.234811
168.915665
191.141522
184.722834
193.707476
210.690096
181.216817
189.930514
186.026465
174.918729
196.054143
167.422972
184.023027
201.561151
174.779083
186.117899
160.088141
169.246972
150.111381
145.932300
159.079831
141.011523
148.263390
163.167188
141.217503
167.864676
159.049106
155.243748
165.615574
154.904804
155.449880
151.151550
136.948206
159.233408
134.658482
156.200574
163.264005
153.654754
181.825245
157.282394
161.431480
172.781177
157.452447
170.276743
154.700221
174.780212
177.973483
158.399909
177.195161
163.743423
175.123214
184.086030
155.129153
163.117533
155.711651
150.451477
167.410285
155.156898
162.940537
156.090015
155.845636
185.360707
155.670212
167.069026
185.658387
154.276625
169.654225
150.808496
150.400511
142.715880
135.106912
144.641252
132.846046
125.085250
150.903253
107.369371
135.705604
145.916654
130.617785
159.273028
147.277528
128.787515
151.581265
135.159624
159.751570
144.759438
142.088357
154.810874
142.805699
144.921693
125.242552
126.605560
142.150901
120.536649
145.552353
146.328602
120.134111
152.646272
129.931466
149.386428
139.075296
128.360344
142.265957
127.204709
132.401020
145.791458
130.923614
133.827312
113.271540
117.636360
125.151605
103.758899
116.610350
106.733501
114.730292
136.078530
101.386161
126.019841
118.542866
116.520605
96.853363
90.906456
91.340792
99.350392
87.707896
107.665839
79.992671
90.668727
103.785010
77.356616
90.007441
83.410166
90.726622
119.569420
97.274873
104.997880
109.039675
111.102668
123.949437
106.320730
89.717646
80.953424
78.697382
94.729477
77.911062
76.699492
90.909187
91.938102
104.265448
99.433850
90.728696
85.634968
84.137205
102.243670
87.116293
81.159485
98.115016
79.540289
106.247265
86.545834
90.367514
116.092805
88.863356
101.564312
110.082581
100.267228
118.941447
95.275401
121.801933
123.518795
126.091377
127.740249
106.027134
118.754336
130.074100
124.719768
159.923123
143.827466
152.846259
161.253723
145.436331
164.870673
145.639099
120.687191
139.158219
127.019440
116.127928
126.015106
92.446269
96.239559
75.236356
50.337457
66.242948
56.809782
53.547894
50.545282
43.678591
72.700947
32.673838
41.080461
36.608009
41.784370
62.420463
46.473168
52.333472
56.580032
45.713542
77.701886
62.281858
56.783960
49.755606
55.979075
74.731678
57.216719
61.830207
74.196517
51.804549
71.710111
64.263784
64.729845
73.001718
50.725449
64.124265
49.989871
47.201058
56.437727
13.678669
27.794602
37.399802
38.952803
65.486395
24.405385
28.378420
35.316105
6.589902
20.719426
0.131434
15.383501
40.753777
1.437719
37.001115
31.753064
33.947239
33.974992
22.202390
26.673040
36.874042
18.877070
31.438021
-2.546761
10.390425
8.612093
-4.564302
14.367927
-1.739043
8.574135
19.699018
5.414612
24.154411
14.140418
9.972672
4.011043
-6.105636
1.395421
-4.065034
-23.895681
-1.179663
-30.473066
-24.056780
-19.340629
-23.676004
-4.522399
-22.104409
-15.884037
-6.284209
10.223913
14.537241
-10.976293
-5.870499
18.041553
-12.055142
6.334857
-2.252317
-13.768368
-0.775176
-14.936198
-10.088520
3.985952
-16.573528
7.622822
-7.372379
-5.509887
0.573757
-0.563045
11.719462
-18.884567
-16.558885
-14.376065
-20.763727
8.812026
-33.741473
-27.403317
-7.620553
-29.573861
2.857357
-0.585755
-9.175037
12.757718
-2.490230
18.500877
24.284746
7.568178
26.526187
5.414082
18.317477
20.513843
0.410532
33.932559
23.390033
12.285373
34.821405
6.862468
27.094482
5.518656
10.986140
16.316240
-1.507464
-0.254624
-3.134563
3.139031
18.844944
-14.619088
11.353413
-0.444464
-4.484908
20.430187
18.834051
34.084969
44.130456
17.480466
34.279130
17.582090
26.007241
16.999720
12.462248
29.482893
22.506393
22.504103
52.651483
48.914541
64.260219
72.304264
81.168023
96.193954
84.101175
100.403313
111.819499
103.785193
133.320274
134.068419
123.772622
131.201093
112.168935
135.972453
119.095066
119.587917
124.378291
117.966222
140.988846
126.607098
112.587136
151.406535
120.372181
137.128597
131.515002
143.162929
162.151356
140.105240
154.650482
153.006868
140.126497
160.764966
154.103304
156.897883
153.886079
156.598644
183.337096
172.439344
163.597197
178.539852
165.921776
169.879992
154.588367
162.437261
166.049043
131.898716
148.860239
145.375279
145.110885
155.028964
139.336998
143.834459
149.446989
141.961298
149.520625
139.151573
148.146627
138.280454
120.672362
131.379437
138.260868
129.917800
139.545020
112.942954
134.977746
122.143210
131.667140
135.053808
114.302477
139.689553
146.635698
137.704873
159.181847
133.095996
145.958096
154.227768
144.705294
158.683968
149.725061
152.706037
164.575210
127.714980
154.306607
146.016672
131.938636
143.682019
129.408971
140.409241
142.329046
133.419876
145.878631
146.701682
147.791886
151.662721
139.798257
169.821127
146.489278
162.388455
180.502970
172.370627
184.108773
169.398941
180.618055
207.455230
164.499817
195.237118
201.336249
184.843075
200.244375
190.665467
192.010334
199.076519
183.979181
204.895455
181.253783
186.982671
177.200945
170.920089
172.557352
146.441821
156.403429
167.282658
144.000102
172.847562
165.599499
169.020769
176.839744
157.678280
174.452961
168.215049
149.646877
168.791874
147.762038
153.288269
151.676485
124.202211
155.413354
130.127757
130.445282
147.619542
129.739530
148.938808
142.014839
147.568715
158.981763
133.972241
147.757156
135.012922
126.283830
118.501510
103.253132
107.086502
100.992401
71.986919
98.732518
62.536339
76.583445
89.507542
70.822391
78.482203
49.997578
51.082042
59.739723
25.939379
36.321224
15.887128
5.301893
30.739151
3.175801
26.218700
19.329396
6.118572
23.294001
-12.895061
0.606412
0.354678
8.837282
14.276192
8.456375
36.534379
40.094844
33.114263
42.632277
54.860832
23.303699
16.314437
5.871707
18.314149
-3.375583
-13.372229
-1.506590
-15.049865
-9.321196
-8.672703
-26.291814
3.778859
-13.646192
20.139558
12.565523
-7.677785
11.307723
-4.561051
8.256104
22.879090
3.669355
17.431232
6.108361
10.090302
8.788035
-13.899609
5.244336
-9.186647
-25.153114
-8.354385
-21.935449
-10.879723
-18.933294
-31.408250
-0.230736
-18.786234
-2.897305
-7.202981
0.732504
11.677125
-1.359706
0.141847
-0.160427
0.137326
-0.078883
0.048020
-0.015879
0.005356
0.004763
-0.007561
0.000407
0.000000
0.000000
0.000000
0.000000
0.000000
0.000000
0.000000
0.000000
0.000000
0.000000
0.000000
0.000000
0.000000
0.000000
0.000000
0.000000
0.000000
0.000000
0.000000
0.000000
0.000000
0.000000
0.000000
0.000000
0.000000
0.000000
0.000000
0.000000
0.000000
0.000000
0.000000
-0.000074
-0.000660
0.001583
-0.025459
0.006573
-0.009435
0.009711
0.014168
0.012113
-0.008638
0.348195
0.307220
2.499276
35.605709
30.054346
-0.280161
-8.845995
-32.007720
-36.763004
-34.701704
-65.899512
-40.998805
-64.550552
-46.479491
-33.906994
-59.669450
-52.567579
-56.847102
-55.229023
-55.618656
-72.755042
-70.080498
-61.309346
-75.335654
-55.524287
-74.792651
-47.796720
-42.089506
-34.523915
-30.721223
-37.533771
-22.408532
1.233384
-10.336749
9.707958
-2.593699
9.682731
25.445833
16.855534
22.853932
23.427707
3.807623
22.484541
4.059141
22.635992
26.899815
7.125963
21.905566
20.537138
25.625680
34.320242
16.094845
40.782415
12.541261
32.680238
40.194666
38.365277
51.640463
41.465337
59.913129
76.678524
44.995633
52.372181
47.686254
49.516479
61.622263
44.451121
62.956586
53.212121
50.337751
65.721073
55.304432
44.255767
44.147897
41.079502
58.154885
54.991355
69.279561
65.329079
67.516511
85.153247
75.945097
59.566036
87.319502
77.161798
102.527575
100.303489
80.541965
88.361560
71.021799
93.346323
91.427900
82.598581
113.995585
83.564211
96.498505
112.101224
85.743443
88.920716
89.373950
76.001091
87.969791
59.517944
75.569790
67.318753
62.109816
78.103363
60.696518
68.290868
55.829912
41.331701
50.649971
25.711858
26.327508
23.981050
10.023189
42.867779
23.880323
36.457963
41.697812
19.182672
31.601448
23.870517
11.419889
33.888575
14.059643
33.030092
17.647825
15.240811
26.451310
7.495183
12.136020
9.464116
-2.037743
19.359891
9.543855
26.190935
39.978350
15.875036
26.223520
17.791698
24.895145
41.070331
10.518928
43.806140
31.938654
35.411548
54.194824
33.637013
50.159396
55.152497
49.094455
66.976288
58.130527
61.413801
61.615991
51.723538
69.926702
45.540796
58.784045
54.441662
49.660113
73.829103
51.003377
49.148716
53.368545
41.317503
57.678653
52.067432
59.080596
63.909162
57.854441
59.977079
53.174297
50.889283
75.131357
43.829351
65.105550
72.337045
56.051911
70.730120
62.806735
69.555460
69.928156
64.765231
99.265539
88.068684
109.638642
104.370036
101.012647
120.294641
117.392148
118.096171
151.450678
138.053299
158.432963
152.843137
144.872626
151.439588
144.661704
124.884424
126.502384
131.409186
148.839239
129.728102
119.921359
131.538798
93.465069
145.253347
110.626723
102.685079
113.495412
99.517726
101.310529
89.728752
86.349933
107.044710
86.756599
94.628576
85.261500
68.409967
75.237462
68.304728
80.084234
87.565907
67.639263
87.357534
81.649021
100.643004
105.548946
88.430412
101.097727
92.087069
84.130866
111.978362
90.355689
106.792815
108.669250
109.546904
110.573731
72.678047
98.969794
104.985203
85.836687
91.675393
92.476156
88.454739
105.676028
96.538882
137.896225
130.698920
147.598977
152.341414
142.532188
158.685344
160.025421
140.825742
155.977760
132.301443
135.380995
132.677050
124.680999
123.499335
108.948282
106.250160
123.768423
91.124072
108.509343
97.881137
116.272882
125.479037
113.089117
128.549578
125.495244
126.656573
148.096784
137.692496
152.559491
147.221388
138.923021
165.157782
125.893290
146.167289
139.065314
130.150105
129.266378
106.739812
110.445398
123.805434
110.807044
130.610021
103.417229
116.898441
128.677572
86.301148
110.579980
107.601541
87.478600
111.497606
96.012534
117.793760
114.413581
122.660283
123.570166
111.307583
110.668340
92.569298
61.778069
82.875268
66.096614
76.121483
84.213196
70.992245
94.646721
79.365563
83.882570
85.346960
67.796357
98.867186
85.661690
80.324084
98.260728
85.378106
92.182817
91.055499
64.637262
80.308511
77.962933
79.133713
83.785711
72.830789
73.612158
68.876742
79.359275
70.372794
83.455831
81.717254
95.180393
99.488310
115.678644
97.527084
110.413075
111.984262
126.677988
131.598605
107.304076
115.616341
128.132099
124.475235
150.750504
120.719640
129.553008
121.365877
123.274062
136.679873
130.446992
130.351378
151.740126
133.926483
157.330929
148.965575
155.566319
152.533289
120.575324
144.088288
135.475648
111.785451
143.893218
116.751846
119.872419
109.852349
106.126963
138.941101
123.985524
140.205996
143.914532
128.370249
150.393695
143.855349
145.160289
164.392279
137.663805
155.433440
138.935437
132.333705
136.738254
145.743194
118.092888
124.108878
109.833683
141.273016
125.427517
114.349960
135.597859
114.162311
130.898939
121.813262
120.739961
135.260929
100.683244
121.651218
117.469228
122.315584
134.114714
114.053937
123.967066
107.695371
102.981847
111.326474
98.366931
108.973263
117.418745
122.317899
133.569314
117.110521
124.616410
129.743651
114.328544
137.134096
132.061467
120.955902
143.280468
109.133440
122.331689
137.398007
123.629153
121.064984
117.030921
121.741044
130.494069
98.970308
123.376740
97.909786
116.479857
124.489512
109.411945
140.193436
134.706248
130.528969
146.421215
121.366313
133.480538
130.911878
132.462906
144.008908
139.841011
145.242632
156.964780
164.660121
159.697605
153.474468
162.900666
155.909670
147.704889
159.459063
145.920540
137.903561
142.936572
124.405580
151.285362
140.254997
112.209239
146.856351
128.190147
153.281388
149.314416
151.744749
152.436542
132.883501
135.857297
138.451799
137.682164
164.154756
155.904109
171.123464
177.432224
166.234655
179.192553
179.681042
190.050265
196.824848
165.107547
171.449983
167.137318
183.645530
180.968824
185.546150
177.401624
178.044296
175.559754
184.899211
178.125877
189.347657
197.093205
190.467966
210.032280
190.624069
197.297889
199.396000
188.474203
195.541621
188.083088
194.341064
210.962244
180.022817
203.484471
180.888797
179.376030
185.478840
154.840313
163.356301
161.873845
135.590782
160.701858
141.856848
141.637330
159.192566
154.301612
161.411039
152.743084
158.463235
170.379165
160.332895
186.092690
158.659049
186.134546
170.924804
155.912340
190.978113
176.778420
171.856875
167.401291
150.841334
158.762355
160.549091
147.384032
175.293570
171.059507
198.080436
202.919449
199.016588
211.375880
205.158094
218.884840
215.041160
196.963316
205.167064
186.308923
185.510064
201.123347
190.852262
197.493964
185.841943
174.501365
200.455461
178.803457
200.264848
195.275888
194.392647
205.788778
192.447763
202.852218
217.356444
187.686486
209.150508
193.916710
194.192682
207.115769
204.452455
202.743729
199.798543
198.057675
228.707623
236.602564
248.223225
236.236502
240.762007
271.451599
251.612349
265.373964
272.994413
278.697704
293.062209
270.678011
274.859394
299.459188
267.107392
298.468018
280.680468
284.859956
288.870063
262.941975
267.862283
278.402793
259.630236
267.619131
242.855874
259.380441
254.107980
253.298703
255.281834
247.608497
246.539601
240.704379
236.473002
253.286524
247.773803
256.746183
256.567185
255.554759
277.889604
265.513473
277.037658
278.875519
249.338801
256.763981
258.855705
247.238907
243.033066
236.930020
221.437125
212.886057
208.452503
222.784299
200.073387
203.289520
202.368126
191.969802
206.567476
190.532554
192.063419
205.661618
209.380131
211.605575
207.083120
200.346786
210.660455
185.306149
210.339099
209.171749
198.910124
194.428232
190.745173
183.332973
197.250419
195.591469
199.902553
181.508832
186.771677
181.926510
194.013024
200.360810
176.818791
169.597047
182.588248
179.738335
188.650575
177.260915
187.552544
198.042103
175.718333
183.900674
190.430895
166.828586
186.194043
170.527615
179.896144
177.176934
159.095225
170.459847
168.371973
170.926414
162.606910
166.013385
181.944505
187.135960
176.189948
172.996331
179.009521
194.427911
198.484883
195.489862
194.736529
183.170507
179.847369
197.503132
180.944217
189.854608
180.110505
206.455856
210.638640
209.298379
230.241418
210.883651
208.519227
222.124211
200.768384
224.736656
211.997607
198.008177
209.969203
203.651257
211.763232
211.402338
216.277353
239.426449
218.401418
236.873384
228.772782
230.228425
239.173678
219.525869
227.602030
230.430358
223.006557
223.384186
221.458701
231.668976
246.541636
229.677437
242.198088
253.138978
238.514504
261.880864
267.870442
264.939345
259.263538
227.898561
244.771468
215.490437
228.919271
225.442823
214.110683
234.018463
231.593196
226.535931
249.285064
221.781158
234.344602
238.659807
239.530583
243.269654
231.276384
227.319549
226.253171
213.730578
244.155895
226.201781
235.138898
245.971658
229.732088
236.585686
225.052930
235.686790
222.432427
199.977993
211.410863
205.244926
200.756442
209.448841
191.807161
231.357022
230.355965
222.805024
225.322582
214.747507
231.610265
230.394623
218.584523
220.104499
206.311176
200.104290
194.757129
187.290201
192.272645
186.839841
192.335332
198.742276
182.125830
217.757099
218.013503
217.921008
217.465811
199.972669
217.288597
206.285311
207.403549
222.311816
205.176536
222.354938
236.210771
211.359412
224.446415
224.514267
225.499445
223.313023
224.117305
252.797043
243.265282
250.807411
273.150918
269.693324
285.600437
274.604105
281.015779
281.132758
283.846276
286.489425
286.807798
273.282985
278.459080
249.013491
260.434060
262.103854
258.765583
273.489796
250.224982
233.812234
256.087876
238.477323
259.502601
256.772828
246.463067
247.483026
239.893893
262.256929
243.062103
238.904418
252.856292
234.635332
251.294831
245.134527
233.834045
256.325858
232.621545
233.791750
230.947713
220.008239
231.244622
226.411225
230.521633
250.748211
245.109305
243.005950
220.601116
223.572377
237.528323
232.725244
248.868420
240.659335
227.915027
260.618006
250.608438
257.422150
258.562961
252.832453
259.672487
265.206427
266.120638
274.672198
254.600146
268.222643
249.211252
261.810216
247.774436
230.106127
265.699189
264.371946
238.156120
261.103408
239.663588
250.480236
248.743204
232.076123
245.402217
240.734277
244.962471
241.280236
218.499944
233.777567
227.641952
228.231346
227.293362
210.029627
249.478263
243.432390
246.815128
253.549372
249.277073
262.400770
240.215390
234.041777
240.592142
204.112338
226.795777
232.528948
238.154066
250.520785
246.450968
253.073500
257.046551
243.005904
245.151354
246.117237
236.786116
230.752955
229.047988
223.942258
222.478205
227.466082
239.109540
212.779964
229.994093
226.800317
236.461331
267.440787
263.185432
264.726556
270.566372
276.236966
265.029117
252.275190
262.840806
267.782669
259.360980
278.049512
258.304351
247.970683
247.803604
240.053414
251.530145
252.299181
245.548650
264.498414
255.219513
281.767301
271.039686
282.949258
296.838633
283.493541
296.146466
311.201300
289.989666
303.529945
269.762021
270.643719
277.489547
246.142606
238.093532
240.134832
235.047235
247.686205
225.640188
241.803674
235.844140
252.262951
261.085830
245.054384
266.675420
273.820687
257.208987
285.757112
248.315258
255.192484
265.486651
236.778563
248.845156
242.030796
231.926726
225.834379
221.524164
241.582604
245.923454
220.294194
253.616470
220.799219
232.082444
236.679930
233.075136
244.832034
232.168324
231.458137
237.023418
229.355962
247.382243
219.083817
230.392755
225.439247
204.483091
230.494791
233.457961
235.329112
244.709780
223.318890
246.703653
245.502946
249.343051
252.701814
242.754318
249.636221
246.019983
232.183928
243.104804
205.613685
217.558834
223.185974
225.683990
259.464804
250.295270
269.351932
290.671497
264.411747
272.014169
265.243882
260.703299
270.967324
238.273268
265.156377
253.227876
256.771671
260.836799
227.184143
240.811242
247.062930
219.994004
245.484601
219.535670
233.339851
223.964753
218.804718
236.909320
224.151626
226.652208
232.408410
211.965232
235.655293
212.289504
204.204076
204.597125
184.646919
182.907948
177.533067
175.644144
191.544956
172.155781
167.968818
165.108405
159.745017
176.892063
168.891794
174.519156
187.698885
169.002207
186.238660
172.222877
181.056869
194.179734
174.796159
195.141206
185.304192
171.496299
179.150959
154.364505
165.402326
182.563839
166.809203
187.002207
158.365525
195.643184
191.964763
200.207062
221.228137
207.646082
202.849927
226.750979
205.531232
219.445721
207.626230
199.684018
201.362905
193.486317
203.630423
195.833283
187.652367
190.275260
161.770213
176.529459
162.660968
140.440584
166.953053
142.749082
143.063533
138.807334
131.018849
158.496171
148.510986
152.998713
176.762108
171.700597
197.461860
166.406064
159.337548
182.721082
160.943176
171.261654
165.040991
145.748827
159.421759
141.032021
169.334883
158.702800
144.934520
161.381854
145.242383
147.513850
161.715134
141.477476
170.313826
157.386347
166.802893
183.179226
160.532687
165.947513
156.203597
156.428115
172.133163
128.461820
146.639881
152.200541
127.981376
141.843339
134.652864
147.251980
154.522312
140.015840
153.667278
143.830414
154.623431
156.946090
148.046359
182.362971
175.378875
174.609161
178.100799
176.550220
197.411946
188.095917
175.322280
197.219444
164.060375
189.350598
186.672523
196.542338
210.711168
207.923719
235.182316
228.836196
214.530261
244.052017
225.030421
233.620855
235.952877
216.248304
227.665696
220.321718
214.086977
226.163245
208.719472
225.616504
236.411257
219.312232
231.560265
209.475420
201.351880
202.428412
191.605591
221.087669
192.854082
191.700187
198.725393
168.667803
182.792134
161.250678
172.910968
181.013321
156.193831
167.641414
172.106816
166.056662
189.438482
165.086263
179.206046
181.497858
171.989925
195.427456
187.227323
190.147900
198.524688
172.996521
204.431171
184.389576
198.829808
219.515991
210.101269
223.553540
224.993328
215.300472
238.774707
210.410163
221.117065
223.551648
210.884857
224.122407
214.176308
229.701783
232.065386
191.061606
224.417214
219.207399
231.144841
225.105097
208.369140
241.856365
240.130934
234.107016
240.576540
241.317093
266.553201
268.715054
272.277944
300.540371
267.385514
276.617256
261.541471
253.461896
284.330922
271.198993
287.497204
282.324947
271.985231
281.576865
264.697904
271.651143
270.816874
251.894089
247.298572
241.470883
218.925702
232.682613
209.374277
220.086457
208.420572
219.832432
217.675904
199.215714
217.012112
215.567150
180.125347
190.567415
170.223253
172.010183
168.045051
161.425859
179.657595
146.229813
139.435366
143.929337
121.784500
148.454267
136.338995
103.124584
114.824072
89.010404
98.519101
80.829136
82.309185
85.653101
67.477097
68.252555
68.483971
46.953411
50.946634
25.638556
41.606119
44.062631
24.509083
53.230528
59.721352
57.439843
71.004376
67.238383
97.382272
79.807868
98.438503
113.616648
112.254174
102.538039
92.855411
82.545455
107.697636
99.344923
113.166343
120.703879
122.296432
141.807383
123.674182
124.604915
129.950738
118.949899
144.682848
149.833489
132.797449
145.098104
130.988654
144.076006
143.323833
143.261157
147.391623
125.031120
149.929348
141.602415
122.160917
146.473261
122.026351
141.692268
142.231135
136.360864
158.442293
158.405729
160.290555
190.279233
175.259102
170.893110
160.206962
162.699279
169.741813
152.033401
162.043944
154.518611
130.925953
135.061290
128.010809
135.718358
137.113329
134.749111
153.354208
137.303060
138.502770
148.222557
141.020835
159.691477
125.859175
141.779115
149.694216
129.318904
160.047745
140.481448
141.733127
165.182237
155.050694
162.488173
172.523777
164.496753
199.404735
181.849788
206.291429
202.489048
191.924193
202.359221
183.318554
174.955197
174.054516
137.213310
153.667309
138.505774
148.970593
152.562522
131.365630
138.129927
145.566286
128.545158
148.256522
123.410142
162.298755
168.184387
144.070715
169.521356
135.292853
136.153685
137.664930
117.188463
137.113735
121.412021
134.381895
152.510025
136.518180
166.400594
169.538988
164.603496
169.101720
172.754407
193.938816
199.748533
184.573944
213.847132
193.584886
193.410035
192.866099
166.635440
171.513638
156.884652
154.314495
171.931243
150.557765
176.574305
165.844269
179.438759
181.581199
173.493082
199.792924
180.885430
160.894052
177.877484
160.654305
181.714425
188.259637
195.840695
214.041079
202.974048
208.032668
209.732616
203.377944
233.052874
222.472544
231.489368
247.324346
230.889854
240.518978
234.741299
240.060320
237.519378
227.229691
249.431482
245.064783
244.617695
273.062437
259.393687
283.622639
289.302543
286.295918
296.500539
286.415962
276.417728
282.138854
249.873410
270.170329
243.353799
248.116838
252.142123
243.564608
236.473330
230.856610
221.561025
234.434479
213.653999
238.876916
214.137075
213.300798
219.271691
195.534059
197.768566
213.149162
191.306894
216.208840
202.961747
222.253288
232.789414
194.279540
205.723257
189.195553
193.148869
215.378966
194.605225
219.124730
233.865552
229.524055
244.634492
209.658543
231.538979
232.918214
215.482378
222.384375
210.438606
204.763902
226.741008
197.889559
204.947989
198.759330
205.127693
217.027957
191.419054
217.395334
209.992088
223.936063
242.564805
214.807059
229.808584
221.729984
200.801055
210.510295
207.762983
204.070079
204.757311
199.903192
208.305257
183.124512
194.169676
191.384520
163.808413
193.088777
185.454208
189.047806
210.902263
198.102432
196.926756
177.406156
182.483937
199.624484
178.971179
200.191306
191.937471
190.387851
190.902760
182.552934
179.958383
185.375493
168.319741
190.464724
174.330568
163.675737
169.017095
169.042919
176.994994
180.537404
178.201812
172.840886
148.884920
170.009498
162.299371
153.028561
165.999914
155.111628
166.424504
158.242502
135.017922
145.603858
125.443551
139.993017
144.234216
118.303975
145.143919
127.447619
139.823676
136.855695
121.193550
135.992572
111.805950
129.735088
127.076395
98.911934
115.705690
112.284330
110.111710
121.581795
116.045572
117.266946
117.990105
97.867497
134.193632
105.277002
123.270131
130.944295
119.920605
157.342837
149.083414
152.989633
171.856051
142.605042
154.445126
150.732150
145.338645
154.668940
141.580527
150.822841
154.085669
154.808429
182.707529
163.358956
187.645832
175.528024
150.804961
175.576307
145.224386
135.608556
136.434087
135.452050
155.707092
147.713569
150.619639
166.958172
158.688503
173.717754
143.089566
140.596585
147.036456
125.379430
126.495859
123.585174
118.651335
132.351731
108.215638
132.429358
132.242617
135.361799
160.488451
138.036371
124.444751
125.624155
93.942043
98.605693
86.616241
94.439860
106.989354
80.660110
86.647309
87.940825
89.551475
115.293296
76.334418
94.534740
95.239230
71.706952
93.878008
68.791865
81.396057
78.576141
74.062012
82.386002
60.274790
82.776525
94.582355
79.173253
103.997200
96.167391
107.718067
116.877055
101.659498
89.484899
87.850269
95.509101
117.296570
89.901335
101.836618
102.700372
92.908347
112.931798
98.142901
107.460379
118.824245
102.908035
134.787420
116.933065
126.011915
142.784679
125.419907
146.279645
136.909018
114.763742
138.484605
113.856903
130.558236
120.975720
115.350979
125.342692
105.976940
121.228519
112.292964
101.730979
117.647653
122.502384
104.700466
109.495055
89.131755
111.284410
101.051323
105.248920
123.418512
111.585829
146.632997
136.152319
114.372439
111.865326
109.056047
116.814891
101.339163
92.969127
105.688452
88.336561
94.647299
111.316969
90.717569
104.007030
65.776387
83.422718
104.648283
67.993923
93.193616
89.403345
96.016405
108.436884
92.015684
114.270201
93.338981
103.044574
133.655941
101.273893
121.293338
125.081593
117.748975
143.919389
111.457206
119.217792
116.851856
99.187286
109.882123
101.489353
115.188075
121.779013
112.618144
101.293399
94.356550
98.049485
113.794316
103.773790
137.260355
97.497839
86.173956
104.004084
93.420054
94.594969
109.380898
98.398499
112.988968
87.619094
106.032150
107.126167
94.113965
113.442702
78.663022
60.021976
75.987444
53.809044
68.177677
52.747707
62.311593
86.662307
73.871707
79.814222
97.340360
100.486537
108.728010
126.753244
147.448447
136.295940
134.325488
148.127253
135.777130
125.814182
133.232050
118.156069
119.876399
126.508227
121.854813
134.249088
127.154105
144.161268
128.598353
123.804075
130.412925
106.752699
120.446198
121.578730
105.744984
122.862527
93.812189
105.472103
100.576841
95.840601
116.603861
109.451647
122.854424
146.388428
117.074917
127.794104
128.001256
119.544271
128.019904
111.407807
122.653485
125.188056
102.972228
133.495846
118.693364
124.531120
145.328897
136.413617
153.380639
159.975548
175.827309
181.819227
163.459013
172.836498
165.043672
158.165205
164.314510
145.168152
173.762043
168.242614
177.179743
198.874089
181.092542
198.849686
204.839021
192.748905
212.345891
197.345202
195.261428
182.776584
172.327078
175.113583
165.686266
177.357991
182.247411
179.180629
191.117613
187.722476
179.377140
186.295996
171.967663
164.342202
159.505543
152.539957
158.037804
131.430040
148.208510
148.280343
152.426221
168.757277
152.954702
147.774428
160.346627
151.208970
165.209646
164.195702
146.262139
178.681253
143.808355
165.491655
150.414978
161.124655
172.248079
163.088651
178.260332
183.777768
178.455525
206.194782
182.861783
188.993139
186.546166
171.976006
180.816461
168.538424
162.125235
174.551321
160.644366
182.515580
172.789718
176.051691
183.500525
168.737452
188.846541
180.486249
169.360622
192.237117
174.085478
185.297674
186.695127
169.591737
181.627383
173.715510
181.249132
199.185757
188.316341
198.503153
185.246108
176.011132
199.512966
178.812854
183.516799
178.996795
181.047339
192.668758
188.874491
197.660119
212.586666
190.770166
229.413955
195.537581
213.821485
216.418641
193.500757
219.952465
225.302280
220.985334
239.360510
222.749767
257.726056
250.040150
266.362609
268.928826
256.274577
271.592421
251.256457
250.866061
238.982848
232.585265
234.891355
227.661414
213.225432
224.304122
206.936200
199.302514
204.014098
192.592628
198.343599
196.901278
201.119400
203.418491
186.995990
208.776016
194.561612
197.935311
206.161526
193.328722
204.168254
206.626491
187.291536
198.318444
186.255681
198.155733
192.981665
178.335924
188.553838
193.343260
175.617032
202.856077
189.163174
189.426715
181.732235
190.944177
192.763027
182.045212
201.808852
192.422666
186.110941
197.432667
172.001431
174.271806
165.820759
175.642605
171.921248
138.093905
149.097829
154.071600
150.706019
172.043378
162.961013
179.785594
192.690465
177.094242
196.715327
171.946801
170.525100
185.737112
159.619670
174.512931
159.773842
135.173213
154.346071
132.724186
137.227228
128.997106
131.736509
145.942830
139.645008
150.509404
161.855434
165.755217
183.146433
153.364304
149.568336
154.959217
149.724488
162.831148
157.324421
160.216700
182.830381
163.658447
209.941390
201.311756
203.010447
237.783751
225.763618
231.677285
232.857470
218.396367
246.192305
226.167720
237.669021
253.935768
249.508709
261.411371
235.026242
234.321052
251.969273
230.921046
233.225780
227.283206
224.903486
245.426721
210.660691
224.390467
210.877285
206.567205
221.366425
192.241414
196.996156
209.488929
193.143059
221.806251
211.001388
224.053603
228.024551
227.269354
252.669539
254.960779
241.116250
259.110181
230.922375
240.455141
222.319939
219.636225
218.133581
203.662194
226.811060
223.360685
200.655735
225.683692
215.307457
222.983412
222.761309
215.854057
235.193826
220.338656
224.937893
243.717177
219.732737
221.871917
213.393714
204.257828
218.310010
196.851517
236.857470
217.492782
205.321238
220.517223
211.649710
215.073521
233.375274
216.351061
247.739041
226.928643
220.559778
219.350322
213.420829
224.807580
201.172607
199.378869
207.850378
188.085108
203.582152
194.679855
192.051386
196.927992
180.818184
201.781712
188.066355
184.878568
206.813190
198.305925
215.572713
210.970050
194.633325
212.302741
180.895835
196.030988
207.263210
204.521370
216.889484
200.009090
193.045504
209.823790
197.024147
209.170774
206.738545
202.711645
220.703756
203.665620
207.834845
202.877322
187.277243
205.854634
187.533193
204.005141
204.737069
181.249926
196.725554
200.060736
192.599612
214.312929
200.859778
205.953256
190.156110
197.219594
211.885681
184.665555
187.140391
209.730511
181.064543
185.935402
166.816249
174.356574
170.430668
144.621203
151.999123
134.165439
143.994810
150.765635
139.855331
156.608160
150.551391
152.863500
177.437362
145.650920
158.787273
157.691753
169.830939
184.465772
163.361444
175.173039
178.748554
167.379155
194.943875
171.136610
180.475962
182.966839
155.029113
172.436090
169.377406
163.758029
174.769880
143.614810
177.380142
169.340584
156.441473
168.963346
159.473729
169.080816
166.362068
163.145762
173.999959
160.005365
166.131389
169.827279
151.210810
164.821403
158.295010
153.234956
155.336975
120.826737
146.359165
136.402511
118.477881
137.302645
127.984717
139.427529
121.468876
116.987646
122.503323
106.411991
121.413301
119.119887
104.653900
126.179482
99.843079
110.657779
109.072510
109.449879
112.275335
72.350686
81.023207
103.694736
74.433016
88.667220
82.981666
90.620321
108.915234
99.154270
107.612950
107.193659
112.595854
139.268097
119.844066
141.976234
131.598999
123.942770
131.016174
111.794405
108.816830
113.815410
117.229886
139.967183
121.218358
122.499248
131.457400
127.682717
150.375309
138.033662
137.190222
137.690174
122.717149
133.302093
145.245537
129.803320
146.051646
140.886651
145.691209
136.080925
135.359831
137.753667
128.336923
132.026327
137.989689
124.632555
141.211678
134.764826
130.681861
142.281201
147.949998
150.352974
147.191834
152.104350
177.893249
153.688930
180.376803
168.200737
151.878692
165.644099
149.684269
163.819494
162.823180
149.651744
165.009048
137.439260
156.797801
159.811583
141.582993
177.718934
149.375588
149.027798
165.310468
151.431136
161.546287
159.607311
149.663020
166.609058
143.227731
163.727304
159.981943
166.961605
209.274213
183.342484
187.220817
210.416381
200.472477
216.672492
188.869789
209.996715
225.480458
188.745709
211.672987
213.285898
225.559129
239.133311
213.460710
229.863435
224.675307
219.532695
212.021881
197.738683
202.021362
204.499697
195.598403
208.763147
181.764927
184.662118
195.135904
173.241228
194.786588
180.316759
178.284258
203.257286
182.190435
202.044707
211.110804
187.040925
208.115304
181.562459
188.560055
177.988690
182.579610
194.833890
187.138210
193.662824
208.874541
176.355577
199.118875
192.805799
203.269144
208.503288
203.016842
230.278186
220.722434
225.880170
245.958312
217.181442
243.773364
232.876904
227.682951
228.801597
217.310408
232.548055
233.876239
234.777819
252.710979
239.714990
253.040747
249.579251
241.376675
262.439850
243.598849
249.902751
253.674688
231.519176
250.739107
230.442390
230.667395
242.862916
205.356340
223.357651
200.987818
202.948786
214.834624
192.832745
189.960975
199.627130
178.762350
205.001886
182.108916
191.530514
195.727048
192.460380
203.697208
198.326799
195.096857
207.563700
184.955281
193.217754
170.558005
171.343256
189.550503
154.709378
166.807568
165.505133
150.605556
174.046722
143.331369
160.105086
168.305661
176.751190
177.882906
168.904994
169.758060
172.049623
175.977207
188.741838
184.830337
195.802454
203.758174
188.549431
211.279946
197.069633
194.736412
202.478322
188.226247
207.658760
204.082752
183.986703
216.757443
211.203339
209.862807
210.793775
209.398956
216.775532
219.961207
228.496698
252.133194
223.771110
240.950663
216.901007
220.195929
219.665018
208.282385
213.150774
208.742729
194.410838
214.130631
199.064869
214.433347
211.488975
212.336909
224.692067
201.380486
226.585905
234.260025
236.207175
253.691960
230.513504
228.997246
235.171169
224.229283
251.863337
232.147996
234.086398
243.017570
225.494821
233.658195
252.773642
235.669592
262.611594
239.211927
250.888092
248.772093
237.143343
249.585243
224.925290
228.441741
227.109501
200.850382
222.088023
213.996780
231.462357
228.272617
227.142687
249.949894
232.385040
215.622766
238.519409
224.729842
252.495760
240.000789
231.213171
234.707939
231.199759
261.828216
265.397375
235.169013
265.702860
248.739068
255.212575
244.233082
230.167590
234.099648
215.984201
210.505431
219.774853
218.613705
237.105465
228.511073
241.511271
254.872350
245.823560
245.707011
240.176597
237.387134
238.430935
230.400547
236.658066
244.778289
229.467032
241.433972
216.709189
229.497852
242.378525
242.203103
260.679160
263.856783
246.435991
260.319101
242.730862
264.449568
253.275612
258.056657
259.006505
232.577851
249.374942
239.076723
210.173190
216.180067
197.117611
210.004604
221.052664
204.015650
225.532850
226.422896
238.520093
248.067304
234.708695
258.321692
246.884029
249.239242
262.162775
234.013848
256.409482
232.700190
233.269484
242.384738
232.540345
243.368711
248.249969
234.018616
255.644573
226.646099
222.029232
227.469095
218.229775
214.265005
215.710240
215.522311
231.943582
210.385628
229.705840
223.224346
212.526355
204.036047
192.330651
196.154848
190.338364
161.086091
178.334479
162.039638
176.392966
186.057147
163.241087
189.194044
179.306337
170.492313
197.810514
181.022976
189.238566
183.309824
159.884085
172.645518
149.183676
151.163561
160.179395
150.517936
174.730426
138.210142
135.765299
152.448241
135.960353
155.740270
123.304462
144.203192
127.962923
129.524747
135.385030
132.791113
136.288377
142.969343
126.839811
154.001902
146.558536
138.154314
153.852768
142.643471
147.673026
147.040338
128.918065
146.969203
118.092785
118.464739
124.337277
104.670304
131.582266
100.075930
103.015687
100.364350
83.248463
98.024822
87.005369
81.422354
93.715965
67.138008
90.390012
80.720865
75.278059
87.905082
78.354516
82.708205
81.719058
96.636405
123.571137
78.358831
107.279434
101.549350
85.248542
97.464259
79.997448
78.647387
114.515972
83.908044
116.104419
104.394058
105.597871
135.237161
126.185467
150.609316
154.360657
137.359397
146.209741
121.122880
138.779800
145.368442
123.582387
141.739456
122.915125
122.697350
144.759620
129.339987
149.593448
148.507513
158.646189
165.659904
143.867726
164.162312
157.118285
150.525502
162.630227
137.047442
140.412082
157.768811
137.487178
166.724134
157.163168
169.330725
167.668508
156.427581
171.653764
172.960892
150.382005
182.198604
157.009265
178.006113
172.709190
166.625228
176.103423
161.458106
185.603082
173.454072
147.500068
156.829380
131.472376
143.174416
134.041548
107.353875
131.548042
110.139189
114.469647
126.878151
109.471684
114.740842
97.201732
95.504099
100.553158
84.746946
102.282820
89.887653
96.454408
115.090545
102.668141
117.024327
118.420856
95.567985
118.869866
107.308722
107.108048
100.946885
103.020959
133.785599
120.980115
124.427398
146.936566
111.169804
157.671175
123.688815
136.209874
143.126106
126.097266
135.276907
129.440701
114.947072
118.977922
93.112908
95.622762
106.914387
100.003027
114.983382
99.890809
116.988285
107.442585
92.987947
119.343903
86.707322
84.273487
97.812024
89.135615
100.659125
85.038424
97.556636
101.964565
87.269470
96.947622
95.911291
74.823841
92.232780
75.205156
86.136281
84.947206
75.136002
87.609852
84.374337
90.935149
101.297774
81.227653
120.211975
97.980128
112.389845
136.659709
116.824160
122.505600
125.634170
121.930099
140.008273
122.914411
142.667212
137.190335
137.647374
145.341020
122.841912
126.890284
137.231813
104.400181
120.127388
97.741605
92.524062
102.671074
81.217818
104.317980
87.675186
81.548466
111.211890
114.795987
136.526148
125.682174
147.226876
152.476782
135.265328
174.470530
168.638674
166.836390
174.495084
158.853587
151.344129
146.231270
120.098859
139.437952
134.690457
114.007431
127.667137
113.312526
137.121664
126.259062
120.165377
150.545766
130.819140
130.057327
114.764377
110.056885
134.624967
115.303107
124.845586
127.050997
103.382775
131.771730
117.756777
123.501871
129.125047
100.179676
124.940748
111.049549
116.988502
121.373276
88.082528
99.647170
89.665564
98.581020
113.194375
90.491434
126.646827
123.622791
124.896665
131.985056
124.222931
133.101676
144.669483
133.582347
165.754169
148.816941
168.660564
177.692832
175.346929
174.977838
163.232179
159.161981
171.210693
160.172286
188.282068
185.092700
179.600720
178.577745
174.926199
188.672468
188.155972
169.207749
179.152669
164.827777
191.799241
190.239005
174.724448
184.798153
181.720658
189.855078
196.082226
194.170849
193.283658
183.103340
176.413366
192.301940
164.401906
172.731313
155.321091
148.494154
160.587384
151.427211
154.814855
155.470632
137.796286
170.564660
130.258098
144.312310
157.017073
148.962144
155.458078
140.217704
145.109112
181.995158
158.608927
164.503372
147.736408
143.152668
156.013255
138.947667
134.263334
147.328926
133.085066
163.360058
156.803993
157.207264
147.916857
137.763356
157.169094
139.409915
140.224791
138.761066
117.031963
130.327838
110.868953
117.146080
127.102649
94.834706
100.129615
87.011212
78.665168
79.615154
63.160853
79.322176
89.312961
76.795761
113.859275
96.793192
118.399934
117.724709
105.312694
109.135131
113.511569
112.207197
114.164920
96.491950
106.724810
84.890535
89.815497
87.098753
73.720049
90.365758
86.495282
73.968052
90.358091
79.007787
99.379339
88.020552
91.578826
117.253379
93.796777
107.973159
110.249067
90.761428
108.152916
116.337612
103.434455
126.911503
133.587882
150.986971
145.262274
145.453306
158.953825
156.298466
162.296548
168.171161
154.402111
164.250581
138.440226
161.469957
161.702587
164.695954
188.862107
192.703711
197.545795
213.086296
185.365080
205.992417
199.120464
177.584058
185.596535
183.214603
180.697141
184.069320
167.736413
178.276360
152.962862
160.736162
161.342784
171.037523
196.156473
168.332085
189.648531
184.983105
180.445710
209.768781
208.404480
208.864099
224.896551
201.801550
237.184729
216.398892
211.123976
223.284679
202.583200
210.107674
202.878405
194.259129
223.337169
195.442775
207.680312
212.915331
204.666251
206.705602
204.184902
191.293436
198.931958
168.763367
185.059366
167.125933
180.919037
183.290849
170.251145
191.462385
194.440630
199.601291
204.364067
172.014394
179.516383
175.312557
155.723541
145.835903
134.220487
139.744779
133.022459
113.305122
131.453689
109.147719
105.110658
111.892903
100.778182
129.859661
116.343009
108.877923
144.305351
136.140631
151.572156
139.241131
158.796765
175.717113
159.754711
176.866952
164.939566
156.004698
151.640208
146.640113
156.612234
161.629389
151.067520
183.873176
154.371909
163.814823
154.891431
156.323579
168.149014
158.350885
150.621850
180.929918
176.639160
196.521249
193.616915
189.706368
196.254908
173.899584
189.847224
208.193514
187.248008
197.784352
195.237784
205.912727
211.226378
190.590248
206.826887
209.896587
218.119216
226.097216
214.378766
239.324266
242.793473
229.385609
244.718519
236.365785
247.140851
228.988955
219.450416
223.955571
193.251014
198.832422
193.333926
165.968087
198.084124
183.907726
194.154976
186.565940
164.435527
207.747892
209.217837
192.282647
215.288975
186.558283
196.053392
196.927067
199.771887
203.776749
190.302384
197.563886
198.261125
181.401121
202.454556
190.227291
188.164808
189.753550
179.671579
196.765800
177.040441
181.548988
182.387840
165.237667
179.705067
166.039096
181.226722
188.954657
162.262682
178.690036
184.341432
173.500396
189.983113
184.624730
190.454237
193.805896
170.402997
182.122526
176.391126
185.172452
181.440166
159.337033
177.597230
163.299860
162.943588
177.416849
151.411722
181.959292
179.622882
168.948778
183.531139
165.317949
183.208374
192.710110
170.239556
204.042940
188.712949
195.730148
193.755348
172.214105
176.092532
143.696851
141.834616
139.306979
125.498701
139.816254
121.962772
139.874518
159.400944
118.981968
159.598461
150.872680
147.511388
164.698766
146.311705
160.438911
163.584525
147.297763
160.045626
143.546181
158.726235
162.019776
151.430855
166.619159
161.862605
181.118257
194.437296
178.263601
193.292371
187.119200
174.932489
176.113912
173.839647
176.316253
192.543382
175.976064
192.707287
180.935192
187.364758
190.146915
190.884203
222.418283
208.177578
213.895869
206.332993
202.662918
229.902327
212.829637
220.472326
237.208812
225.458672
224.273331
223.829430
228.956790
241.442402
240.504437
255.089317
252.022783
237.029175
246.959187
226.757718
226.104613
230.889314
236.419329
257.868035
254.103148
249.721914
264.695853
228.687615
251.577681
239.379594
238.335171
242.772109
223.110025
216.244346
187.919063
162.932936
180.225468
154.020124
186.947560
161.559747
158.256908
179.736515
172.193446
183.726228
184.609211
181.868313
206.063644
191.352423
193.158172
207.473484
190.754874
221.711787
224.879825
242.974983
244.311427
220.204304
225.765362
219.313366
222.946344
224.162220
194.588251
188.426267
172.480513
165.446665
188.711578
181.321235
177.577204
201.982224
199.801939
224.256480
215.911818
243.674014
255.268387
239.321988
268.960281
251.733968
242.403372
250.125765
236.731857
254.353069
233.549242
223.845844
232.044357
219.653818
233.673234
236.837357
215.439964
232.285427
218.841848
227.396593
224.394784
191.900073
208.931869
191.264294
193.626396
203.229981
199.555538
221.400158
218.379580
214.460016
237.867019
230.425874
242.569990
219.630024
223.178957
242.399327
227.713188
235.473728
256.706917
244.206860
281.380287
263.471283
275.603461
268.549543
276.371508
299.706299
291.759754
293.489098
301.067643
267.161893
287.742419
281.343420
274.664924
300.806158
275.118052
271.922962
276.581146
268.744953
292.881331
272.213921
279.539623
284.950777
286.989975
302.247959
274.038784
288.242087
295.586575
275.073768
291.648332
285.817307
280.054027
290.347695
261.290174
279.139373
267.184466
257.896437
271.703015
244.478170
243.024701
249.153974
244.240670
258.631086
242.669613
260.238910
264.499654
247.356300
274.673690
286.034071
289.470871
286.830380
262.683851
288.857948
283.943402
291.413218
292.888683
281.176915
289.672616
296.689581
261.770779
273.137551
257.044319
264.009221
263.579294
243.774151
259.811271
244.043622
256.506991
279.971196
276.724773
287.378402
260.415212
267.409402
279.650205
267.834656
291.414179
291.581994
293.429173
315.824588
289.504661
307.100739
321.796954
295.871336
325.520966
295.007744
309.959229
306.662410
285.206584
296.315771
288.082194
290.247151
291.699814
251.633183
277.473561
261.076659
266.657775
273.052797
287.333342
297.123732
302.577419
285.349974
294.321073
275.839166
268.354880
272.709578
272.097328
293.305053
271.571195
272.916263
287.852684
264.959473
288.045965
280.930481
275.707406
289.271598
274.208690
296.775147
306.269323
288.600159
309.035579
313.761892
320.907963
325.730724
306.229139
341.606232
327.800777
350.350366
346.331629
321.222035
342.526917
337.981536
333.737560
340.893908
314.482091
336.182143
326.776549
324.911501
332.536827
303.381467
321.953952
319.597419
302.962822
307.756864
278.578869
305.899030
302.396775
291.499551
309.400256
286.693267
300.549074
317.525724
304.575197
318.382928
308.518597
319.666909
330.658609
321.434928
334.552994
312.977976
318.375475
313.920043
306.047897
313.240409
311.129787
299.662732
331.236357
300.789176
314.309981
308.035559
289.853037
304.487845
298.125563
302.631405
315.779889
297.924335
327.325847
294.468991
303.104603
295.517145
275.676450
289.403698
286.678778
268.852567
269.851335
254.751276
264.944501
251.864899
255.135134
283.564199
279.321698
293.763890
291.981161
285.728837
300.046796
287.536810
305.065533
319.553628
319.759917
330.337501
326.891123
325.539263
334.987966
312.591202
332.381846
332.165363
305.207474
312.166671
284.722443
297.378577
286.037806
276.364555
287.721946
283.988791
283.469186
289.917266
282.136596
304.389832
274.153629
297.082621
301.771163
289.533561
278.688082
269.772281
277.162246
287.321816
274.326225
290.988203
278.740436
266.114904
274.032509
258.938952
265.136268
272.978441
263.929978
283.921099
284.006658
291.845887
282.610434
270.205558
280.517711
265.682034
261.266088
267.164293
264.842494
267.768462
259.836021
271.858051
279.692534
270.399787
285.614772
283.481068
279.795248
287.206369
266.731885
276.943309
281.771076
278.621473
303.759150
290.763419
305.138134
316.836349
290.738657
305.590986
307.834174
313.715641
337.236030
294.905667
316.014424
299.592654
301.287354
312.413306
298.012010
292.126524
262.770055
249.520600
273.031194
249.456637
242.152458
241.679359
226.226835
244.393717
236.594397
224.142496
242.723291
215.016033
228.803506
241.088118
227.645458
253.519161
234.274325
243.265140
235.646969
223.139339
247.486581
233.716158
220.349965
249.555288
216.610888
242.168719
222.982584
229.778136
221.392991
199.923054
215.833130
212.478838
205.633474
197.410422
185.129961
191.215726
164.410585
167.256654
182.940574
158.907978
161.558586
180.618338
163.763146
179.410652
157.556284
170.200684
182.830769
175.192026
193.602248
183.123266
188.995672
192.315147
177.016357
176.082995
176.382662
152.217114
180.472133
149.683480
175.155066
179.650321
170.566059
177.752792
157.393822
156.376181
150.658795
139.967367
153.455259
145.401136
160.019752
149.828523
139.330446
151.471415
150.627809
140.407927
168.569624
150.436236
166.629227
156.283063
155.838483
171.494132
134.236632
134.327354
152.957261
133.304344
145.753521
130.957529
149.485709
134.345953
132.060048
150.049726
142.994860
157.385961
155.046670
135.010864
144.521528
147.146347
144.752231
146.369778
108.304052
130.124247
113.701922
116.819736
144.786347
126.304919
142.936949
136.261924
130.265155
141.558246
124.326762
142.625548
149.741015
133.154869
134.472700
109.070519
119.698041
122.734236
109.348861
136.786615
113.590008
121.411852
124.407571
106.688750
120.553169
112.190147
99.353208
123.994492
104.126629
111.199304
116.344537
116.254132
137.463585
130.628903
143.972836
144.976917
141.574647
150.420771
138.386132
147.560496
144.611849
118.446143
146.671354
147.436349
156.052732
163.702603
159.642329
168.182200
154.226724
144.811430
166.605715
142.642049
154.609568
144.251523
139.724343
155.830742
138.233980
133.631681
121.414848
112.329270
132.513959
124.188514
142.320034
150.915713
136.239491
135.426344
152.523918
149.875932
141.781875
133.946621
158.974732
138.863042
135.305104
151.239389
124.996949
138.097082
132.193808
124.348265
143.484351
114.342398
131.112754
129.111737
110.047913
153.876283
144.986200
154.919561
141.076693
125.003402
146.077404
137.331359
124.501954
148.812953
114.305638
144.658540
137.203537
125.528947
131.628906
125.284064
145.309504
160.846916
130.961994
151.755386
127.263797
139.739477
148.290711
120.277233
152.204040
138.284640
136.774706
148.905406
136.600321
166.260999
159.639898
164.939109
171.835945
148.407665
142.746290
146.510291
124.679060
145.896215
131.019351
134.258715
140.350020
150.996369
163.574111
131.238358
151.064548
162.177752
139.226792
147.163270
144.543594
140.075136
146.127319
119.074998
147.633407
128.512893
114.277532
131.649555
121.525090
114.426435
106.700569
88.127835
111.633060
80.591320
75.800233
80.893627
68.711201
84.189716
91.399153
89.372690
100.359749
108.980925
120.297732
98.747703
113.964077
124.535956
106.182026
112.086357
113.186437
108.482795
120.107968
107.476565
119.678456
107.702031
108.448943
130.649032
105.378862
124.090509
115.626719
88.943688
101.591618
93.454724
91.074619
116.726176
91.655892
110.362104
95.098602
89.535667
116.755652
113.664289
103.815856
120.216741
106.725745
132.845550
119.392863
139.167409
144.389725
133.513679
139.862335
129.219987
126.759335
133.280438
117.334302
155.381603
146.456548
150.100770
164.314947
146.517150
167.450723
168.607491
162.168922
184.150402
171.577659
182.648756
173.656412
164.433399
180.730614
157.318027
150.612195
157.916170
155.021821
170.167082
157.038039
155.587287
164.795908
153.214453
175.151677
161.682654
169.085239
169.877074
158.331468
170.033688
170.346975
149.434680
176.365042
157.652662
179.050505
170.253997
150.394703
174.617596
156.302075
156.623745
158.039742
133.721516
158.099604
137.022553
113.899038
126.454165
117.165342
120.655711
115.807239
103.048489
108.396652
82.828913
101.902471
102.780741
107.340927
114.427318
90.489687
105.088395
112.886044
99.564104
110.719725
84.711938
100.330160
92.682550
58.960935
77.172299
48.642650
60.711628
70.236787
63.663936
75.200826
94.853189
68.154000
97.453432
82.285008
75.727557
66.945140
56.375145
64.822139
50.652512
45.908357
36.871713
21.497966
42.599084
32.205097
39.614004
39.550746
39.464704
69.922283
66.907989
73.078862
88.802197
79.197796
90.676335
81.833006
88.993884
108.187111
81.823084
99.787199
107.102397
93.882317
121.432883
121.167000
126.377832
146.288693
135.091075
138.180626
121.975392
135.790159
147.231312
157.770026
171.099909
177.647153
171.167433
172.667292
149.361145
155.333998
145.427856
145.610375
145.300840
140.033075
149.444083
160.446230
144.695335
166.916124
146.816400
138.651233
139.839284
121.780500
143.473497
133.085155
99.735796
87.845374
68.839325
68.809533
62.613349
55.834643
52.820944
57.867542
75.520018
84.351292
68.907752
92.893671
84.151582
89.780130
91.702421
89.618566
103.216206
89.800454
119.126814
115.215496
104.895289
131.935031
124.469345
120.389996
145.092774
130.589908
142.948757
124.408743
119.725698
119.852246
109.117869
112.962456
111.495700
110.015909
125.712471
106.183969
127.737045
127.438493
115.950769
131.334266
136.498763
124.829458
132.968214
117.049376
141.746488
129.462710
130.011758
131.214258
122.865723
135.838987
108.486051
109.745415
135.865084
119.432760
141.875644
152.505495
153.795327
177.381082
163.569012
167.720138
180.405880
171.802701
169.412207
158.735390
157.250599
162.557974
152.580590
187.765103
166.606867
163.064315
178.175013
172.215423
172.865992
181.159293
168.035514
188.540321
187.979897
190.286769
179.229924
161.186396
185.669831
170.317277
156.556273
159.790773
143.471442
170.495857
155.988163
143.296392
152.688637
149.840689
162.216062
153.634965
145.976003
175.184124
141.511201
160.986025
162.728096
162.970085
176.815747
144.472106
139.498077
141.819790
118.490610
117.945158
108.830307
116.865595
122.723045
110.659028
122.777076
113.584314
117.407732
117.028110
111.967808
124.312322
121.044036
111.983590
114.324391
85.264731
100.722298
84.184701
81.083041
84.073539
71.311661
73.225619
81.597500
52.562096
77.749544
64.322256
65.807617
85.853516
63.922657
86.794587
76.501345
63.277687
77.431278
72.375061
97.945267
80.612559
61.251436
88.678576
84.811071
86.566383
96.486507
107.975370
115.002861
118.143279
115.158892
129.845430
113.534181
139.920597
133.946004
125.229968
144.229333
134.437103
145.372706
137.802510
123.901122
142.227283
124.729453
144.615842
149.905372
176.836725
173.471396
174.241775
187.433808
193.874108
182.700472
198.537771
196.426614
207.817131
231.507452
211.819049
221.188219
221.448601
215.880149
232.576757
207.277427
214.274478
191.521953
200.671819
212.862520
199.007816
203.321043
223.399084
209.196834
216.722354
205.971673
204.012656
209.536942
193.547620
207.137581
195.629705
188.742505
186.500326
176.166549
191.034539
194.600338
211.953124
226.490977
185.533839
218.375950
212.834199
218.845144
225.418031
228.415045
242.606938
244.121562
229.498021
269.978018
235.810936
246.864660
248.843278
233.251212
234.015393
205.696501
214.250108
200.236312
166.291867
183.258635
180.120633
166.446829
190.760105
176.652823
203.091899
197.377221
190.853178
200.127777
186.925690
201.346716
202.063127
194.266215
211.735186
207.131354
191.346730
196.330551
189.620029
190.107397
183.366281
178.016040
199.247494
190.465734
198.148202
188.425131
195.491636
204.778629
186.440099
183.657470
190.858545
175.100099
205.019027
176.626886
180.833190
181.375920
158.639845
180.269242
156.064949
153.155342
145.617243
125.597083
153.562478
157.800855
160.325266
180.476747
165.915844
179.349430
172.320111
164.076059
183.535390
157.777861
180.637555
184.491026
186.425518
209.259275
202.797933
215.769114
232.202805
211.842663
240.959516
229.497459
219.445690
257.915049
226.063713
245.717082
243.960160
231.056625
238.214325
236.146261
248.311483
261.650832
248.998754
268.789620
253.459520
271.609608
272.215900
264.608788
279.356147
277.488388
273.947872
286.902092
257.005436
260.725907
246.747308
255.812776
265.559959
251.957932
275.396919
290.372500
293.262650
308.352588
273.665937
306.275559
311.292465
306.962493
295.357158
281.586138
299.327330
292.522679
263.975635
273.766827
254.294020
249.259006
269.255755
235.004211
269.109808
262.562982
252.122467
278.079661
252.965295
267.234512
277.033049
284.697094
308.715816
281.995833
296.247065
286.129200
283.482383
299.907347
295.348445
300.666711
307.456544
292.840289
333.074605
311.613489
322.415844
337.008707
341.815160
352.413222
337.392211
334.048118
369.433203
343.151517
346.858635
355.560668
345.824912
337.540313
330.551590
332.356737
311.627584
312.620754
326.341996
307.279175
309.729626
321.207250
309.759540
318.276966
295.806767
305.245962
316.814016
285.538549
313.413868
281.425346
280.947653
300.280491
284.870803
298.080438
275.375344
295.993648
320.841361
288.020055
294.458277
310.865977
300.007947
320.940513
294.466852
302.899868
287.987874
279.269265
300.483161
290.850929
289.297163
307.186201
278.244103
299.078590
282.962883
265.896657
291.377734
268.413915
282.645928
299.876485
298.460342
318.441849
290.314423
306.072544
311.343662
278.455711
296.384553
280.204459
270.459516
281.785650
273.143703
295.451576
277.827105
280.112220
300.843359
271.382218
297.458869
287.971698
303.374020
319.293505
292.622304
297.002970
309.657948
289.137423
306.031924
277.227561
299.904704
307.568794
294.835704
317.365905
310.749729
303.676382
320.714058
296.401280
323.827361
292.939127
298.852771
297.051748
271.836196
303.497836
292.955540
293.332140
297.037458
269.552540
271.514300
272.833750
251.766267
272.103436
242.824622
259.356681
253.956160
251.918287
268.826982
280.705456
291.546531
308.546456
298.474106
316.403436
293.056293
291.528550
292.134162
277.260162
289.538407
288.339142
269.894985
282.051803
248.220245
266.561205
276.969968
259.339331
269.573349
268.873903
277.751042
285.586982
261.735900
271.877491
259.709136
271.096679
283.179952
264.607332
275.526330
270.167175
258.047351
254.021954
232.209380
248.021251
249.440933
241.403058
261.701885
248.194415
265.833509
256.430213
246.331226
253.548097
240.787904
237.813085
254.532579
234.713161
267.347082
253.642543
240.417266
241.612058
236.188410
259.689767
237.192344
230.493192
252.907201
226.996740
240.692758
241.632044
224.786962
229.692983
222.645001
221.789749
221.414510
200.555238
222.847801
195.280166
191.951767
208.576573
184.441965
204.209049
202.505417
201.661251
222.368844
223.457033
233.735822
216.517549
215.562122
233.967935
227.831873
240.971911
252.384761
227.388992
233.015039
209.256565
216.288923
219.260162
209.123920
238.920451
238.881375
258.594622
253.323050
241.623228
251.238982
251.902874
228.590832
232.120417
228.188778
237.898745
236.256781
214.227999
220.031715
208.827477
208.481327
206.088626
195.007028
226.726151
193.337591
186.934403
195.752850
167.749092
178.474759
160.987722
156.769400
170.860668
150.495851
166.947662
141.361246
150.258850
180.245036
150.811002
162.582257
166.012893
167.408291
190.625496
178.750134
193.156700
205.983487
177.234756
213.969105
198.713289
194.850123
217.566737
205.386859
206.212577
220.292150
212.582970
222.731445
204.103308
225.615703
205.058706
225.474194
232.073119
221.134065
248.188511
260.592478
232.168021
251.990349
236.496059
233.206105
232.214588
213.980869
226.148433
214.137941
229.227785
221.287252
197.588851
223.391699
216.022028
195.266757
213.984188
194.587565
212.663013
224.631905
194.837839
219.765900
206.889863
213.202677
213.581750
196.009941
217.619429
188.661281
195.085307
194.790877
178.247571
180.716832
191.250776
193.415023
214.989291
198.035618
225.664194
199.773057
197.830856
192.599011
179.309085
180.085090
165.031294
166.430834
183.891512
157.423506
160.124166
159.310200
139.905275
160.181706
148.590700
166.713468
199.334677
164.673165
190.760795
189.098799
190.900812
196.319746
172.290461
180.990853
168.365093
178.157995
209.705835
178.682315
200.215651
204.746510
181.938946
196.141473
179.060410
196.103991
200.591240
198.594567
219.599727
214.507744
225.824049
212.961052
194.571688
225.290897
227.289019
221.046794
227.260172
233.306353
233.042258
232.272961
220.436419
249.454313
231.708475
249.066804
264.439213
252.075738
274.741490
254.667164
254.867515
254.595541
227.761592
247.617135
227.855070
229.867929
245.837425
203.737902
229.862249
210.706601
202.675192
207.399783
192.919833
207.279411
213.335209
205.350638
194.334380
178.623203
186.921115
189.430990
188.211548
199.838447
195.409070
196.956476
212.599759
185.674171
209.337709
178.079184
191.209934
204.325333
187.305660
210.810959
210.706403
202.849074
221.562237
203.305794
212.804994
207.714471
202.452027
223.187915
194.257327
197.261080
206.509946
179.669017
191.518491
173.457162
188.294362
199.300609
186.621456
214.485658
206.533725
199.108183
215.615243
199.499908
206.881317
197.158732
190.651340
196.654186
175.725994
195.343048
179.099377
172.039858
190.579649
161.761266
178.979902
198.936295
174.021663
207.326640
198.607717
204.524071
203.431420
188.286085
203.761478
202.858094
191.946408
197.873070
159.914436
186.823203
175.066569
168.582250
185.237526
175.437550
189.552104
188.879634
174.840960
203.657955
180.410668
165.891818
178.835789
164.927291
176.158014
165.200470
165.575853
178.307037
169.239617
187.428289
189.464381
195.115991
216.167858
187.589349
186.689362
193.887382
184.989766
178.048683
157.034405
165.516941
187.281915
169.604793
179.557456
161.676167
169.522007
173.032048
174.194478
180.772378
190.953276
194.611108
208.600921
189.056677
200.430737
221.089227
195.176315
179.294890
179.809359
195.973932
199.040045
187.320473
228.607895
206.129916
218.524402
216.806723
205.517961
215.220199
222.344072
214.581694
211.706788
201.606315
210.885001
202.856104
188.477614
210.339194
190.628551
221.054912
219.286189
204.793184
215.578201
193.509234
199.389115
216.137062
196.855572
224.033316
207.813443
229.944851
241.685833
226.456192
252.640609
250.463383
255.384138
273.268639
257.838635
281.493910
274.386997
263.491396
279.302737
268.706822
271.302289
280.247003
266.333816
288.124782
268.834724
286.516075
286.864869
282.073446
283.341773
266.552379
269.743138
287.748811
262.843467
281.339874
278.309017
253.421811
275.243037
251.930696
271.176268
272.436396
269.725061
281.705153
250.405167
259.087669
249.894075
262.179942
276.342586
259.527460
273.058645
269.122452
255.415184
268.594823
258.016053
266.591557
276.333844
251.054280
284.640922
276.664148
267.508034
289.814943
278.930621
278.067186
274.485465
274.303039
285.900756
266.970338
276.450794
279.547457
278.115481
291.685960
287.539869
260.431333
264.403319
259.428139
280.729175
255.520011
265.477579
281.910096
258.117322
261.008608
259.102227
261.258148
270.486502
252.932941
268.521466
257.714898
241.004751
267.593887
250.342848
265.002629
263.651048
260.249985
264.418259
262.725470
246.958831
259.163833
251.330633
261.052428
261.792507
266.194316
274.240567
270.798033
271.510756
265.705072
251.969735
280.759628
249.427142
268.061655
265.922124
245.190097
261.462896
248.785834
259.811272
268.296488
250.314165
265.551381
253.114754
269.013494
270.133056
267.704798
289.100541
276.242380
299.478820
311.623804
278.199808
296.139576
298.303784
269.830750
291.503960
280.014714
294.491512
285.245395
292.724500
320.134238
309.009230
311.542198
328.668978
306.783982
326.077067
322.729034
323.864699
325.217207
320.516600
333.256890
329.411200
312.765638
321.264245
317.073678
318.927705
307.838476
288.330769
298.082788
295.066864
294.829530
300.517280
274.400123
297.024174
272.781331
278.103977
279.050684
271.601353
282.058264
282.739797
279.412545
286.668284
297.168985
294.506203
285.604885
281.270139
292.267638
269.094255
283.388221
272.365598
271.609356
285.089815
283.097409
288.995849
304.628526
276.818356
291.939460
269.914502
279.340739
270.279158
253.779279
252.639441
232.241305
207.699487
225.148191
190.563387
210.124494
186.520561
177.768179
191.412628
179.624874
179.807101
182.467785
171.445271
187.257345
184.117607
187.352269
189.469124
180.071722
184.034585
180.821316
156.141213
172.033967
172.406775
186.479329
175.293784
176.682848
168.456184
166.949931
183.443801
186.515100
180.397330
192.289731
184.681970
175.843097
202.256879
171.961180
192.315554
179.704997
180.134903
190.838228
187.954096
187.883129
160.842094
158.030523
171.116002
148.225509
166.506634
155.429666
153.291291
164.106920
158.477329
155.304440
168.872947
163.111533
181.786929
188.479113
175.629816
165.587344
159.426373
156.899653
160.431418
144.068020
161.243545
157.033892
178.652062
166.007234
159.321676
179.688818
168.872691
188.653367
180.039715
176.700210
190.760527
188.543431
199.699850
202.874861
195.036699
202.473763
183.782550
180.654040
184.908484
182.485233
190.007222
183.896505
187.055678
192.874995
197.160486
203.955649
185.734208
205.249894
194.658221
180.343133
179.604398
185.171111
181.083538
207.906645
198.274951
205.256251
196.390882
175.574571
185.105500
179.646564
179.810204
177.139689
155.799114
171.746226
149.796067
151.318775
157.479944
148.319846
153.403009
141.103075
131.817553
146.979552
135.145209
151.294971
158.590692
150.937708
176.863400
153.305828
168.139035
155.105859
135.313597
145.648720
134.258524
133.657426
148.638813
132.558231
159.615989
134.156382
152.230518
160.226881
141.858512
159.922188
164.449570
141.723670
151.292616
134.052250
173.732920
153.327100
160.206470
174.065912
158.547358
171.692891
177.527481
154.630673
152.604730
146.575753
152.739842
155.746179
147.973415
134.506951
126.357019
115.176704
120.683531
118.208104
111.758228
114.719752
112.976325
136.090885
119.209530
133.539368
124.040438
133.422766
141.245776
117.548457
124.118176
117.002077
108.175274
138.632663
108.168128
101.594488
127.027774
114.470176
128.654917
132.747277
128.758843
151.534416
113.917179
121.151563
127.161604
124.466899
131.657706
122.344013
128.341673
139.597273
115.915701
141.941355
124.183386
146.785288
153.068149
144.655921
179.096090
174.097572
169.950792
179.724350
156.832410
179.708392
176.844239
163.353066
190.388044
187.391058
198.885877
194.113926
198.281435
209.066750
196.338195
209.681672
224.228966
218.704977
229.628030
212.001546
207.243533
212.380729
202.911642
205.637883
208.509014
201.841657
226.716976
192.677607
211.859007
211.224219
203.710106
208.033134
182.935535
199.720391
192.517220
167.850485
179.668494
146.525418
149.147605
149.930402
128.571458
129.006364
128.339252
144.928961
142.096293
133.392075
150.135344
128.034816
124.317665
141.051644
139.569617
148.223102
131.750566
139.008857
145.246219
118.411435
131.699760
134.722908
115.845708
129.477097
100.572004
113.458467
122.037990
117.100517
127.954763
112.833707
109.953477
141.867687
116.929843
152.955305
165.891368
166.279106
177.275131
165.304913
160.142500
160.973415
148.758166
154.647415
136.716612
138.511528
145.356835
142.217344
154.026106
148.484464
172.154178
177.778473
169.866810
178.513397
168.843520
163.219335
186.308882
163.941550
187.465523
169.204790
167.743891
192.583790
185.779195
192.926513
209.602757
191.523861
195.222392
173.268571
179.841384
171.599624
157.166006
167.467256
158.243687
153.519905
180.732876
149.115546
172.447605
157.838778
150.362489
162.363083
136.306012
146.464755
145.282888
121.659045
123.396120
113.354502
126.217207
107.509837
117.627452
129.387769
121.057580
125.275373
145.463409
131.930707
153.529587
149.110779
129.154995
150.301301
136.495659
143.878845
137.756686
119.827869
124.402686
109.919247
126.766079
127.657720
119.884781
124.117795
109.790675
137.542188
116.584121
102.961241
128.008006
108.940867
88.369428
98.500980
81.551958
110.295185
106.734018
112.473200
114.104971
96.152502
112.387588
111.360137
101.115627
128.692047
108.773624
120.645102
123.006150
108.050916
111.958962
80.808681
79.963094
84.637045
62.937613
89.417924
67.215767
67.354684
89.439875
80.769386
92.531722
81.540181
65.862966
76.193427
66.774506
74.052946
68.287762
45.724520
55.799257
28.495293
59.428579
61.258643
45.011202
56.942327
54.240445
53.386024
76.227482
60.069780
73.567015
61.496447
69.606454
68.075614
57.415937
68.786837
61.653213
67.718990
71.127043
29.902298
43.997022
40.260936
34.172970
46.964211
37.365434
51.345396
57.437430
24.983396
57.627892
48.266679
41.757988
62.900984
58.736809
81.364811
72.012113
67.672309
95.088968
63.997936
81.891328
83.391446
69.908893
91.730855
79.767417
88.231332
85.206737
74.960462
73.396109
63.239773
65.417266
82.487022
58.233052
61.886640
36.396222
42.286441
51.690837
26.587924
43.338897
46.955508
32.809187
64.492027
47.233310
82.939954
75.764850
51.683548
68.606728
65.563177
79.578064
83.648793
71.665094
97.876337
83.115355
99.075095
104.897562
90.729502
117.452810
111.336765
119.623584
139.133057
123.038028
153.769267
157.238894
160.300833
171.805987
160.978248
184.593905
196.672255
189.282601
183.219719
184.224859
185.981481
199.385452
188.963739
203.131857
181.829421
204.942620
194.095847
180.110025
190.829959
160.056660
156.119202
164.048596
156.978691
159.735407
144.163476
137.040525
154.495115
143.273332
156.293099
158.175035
143.015572
158.990759
142.840495
164.871349
178.215460
155.905731
169.905695
176.226602
175.233027
189.253288
171.953437
177.692794
155.164420
150.925109
157.243787
129.864285
141.539364
131.175586
132.229540
143.940080
131.179088
145.518529
141.853690
140.334017
165.207007
142.258662
138.751576
143.000743
141.771817
153.446676
118.323659
115.837599
135.186122
105.771900
135.309627
134.571277
129.041117
137.330265
115.836442
115.453211
123.743359
116.566857
124.445594
103.806171
114.885458
127.692855
99.997644
116.640884
105.113336
107.800944
131.939531
110.410640
144.095834
137.420531
146.665371
176.286792
158.682694
173.194777
166.463034
176.811202
193.091498
187.104651
201.140337
201.106254
176.718774
212.226346
182.256848
177.214743
183.734465
172.500643
171.087461
173.057812
181.231765
198.045836
187.833953
212.323932
199.998695
197.942829
220.562515
204.178366
211.577277
214.446171
195.472672
206.283597
176.978056
197.609704
206.615788
188.256292
210.527539
202.084929
207.631660
216.658061
204.574684
227.120829
214.974845
199.400458
186.203156
165.253319
177.013391
161.399590
163.641369
182.140540
165.637111
183.101202
191.342704
183.481980
224.340435
198.108359
209.580153
225.903023
231.913760
243.394987
230.004146
231.426033
248.460699
225.692581
240.648269
222.969525
235.165440
240.037447
233.054355
259.183651
241.971684
230.067185
253.447105
242.247203
256.670425
250.487563
253.902720
263.250785
239.685901
256.494726
252.077731
242.897611
266.753246
234.267011
234.413734
249.189633
214.624033
225.431733
216.125866
213.294207
208.935673
209.416982
210.970539
223.324638
209.724853
230.107510
214.026403
221.804349
231.831382
213.039730
233.605591
211.588116
198.907929
213.274333
196.735301
228.508479
214.949089
226.580773
247.276219
221.917703
231.602309
237.826675
237.309823
243.388343
229.221767
255.012707
237.032929
220.038550
233.726083
223.173112
235.231992
237.490886
201.481901
233.703830
231.341362
217.753527
219.372140
217.802817
233.316228
227.931074
225.678119
243.885896
232.613460
246.379974
225.332924
210.879386
219.452067
205.043361
222.296997
207.432912
223.852077
214.464515
195.624869
202.410888
197.382747
182.600814
194.795633
179.677859
193.976838
191.280181
191.982854
184.846187
185.895226
173.437654
180.874906
169.049069
184.860857
178.737918
166.582744
196.097904
170.850826
179.638919
197.035041
184.830432
210.336311
180.939022
191.121045
196.656017
173.895417
189.661084
174.639287
160.326537
173.786969
158.727315
163.257255
163.778913
161.893884
181.212730
163.142311
179.087228
170.500205
159.236949
171.814643
159.998728
166.920761
177.260910
182.328047
206.958729
177.234056
191.410833
193.297038
188.384386
195.736067
201.494589
208.374241
232.462921
211.241675
232.253028
221.367310
222.259626
226.021332
209.816129
226.432271
219.416477
208.503906
223.006251
218.896352
219.674752
228.664573
225.338683
231.263332
230.109240
231.193711
215.286001
210.989642
235.380106
219.850377
212.191889
222.980009
202.256932
230.858887
221.813211
207.982646
240.366963
235.072286
264.003918
257.601962
251.445062
286.967364
260.348205
279.028887
293.435814
278.201334
271.238594
263.123902
270.464778
297.902387
270.752147
295.766977
290.930274
291.555895
310.550745
308.113163
302.116887
295.153204
293.084094
314.310136
288.531209
292.474702
296.532198
276.957123
296.394966
278.945173
279.970352
279.557249
253.884516
274.191912
258.438088
264.497968
285.592013
273.218221
296.372590
286.751595
276.595193
299.214551
280.197960
287.538068
281.142634
267.395306
285.697953
284.837860
316.478451
297.160163
303.911717
305.769428
296.190458
299.662827
311.123872
288.118542
300.947271
276.861893
280.461935
292.708348
271.158273
296.341166
277.498617
287.214496
305.619177
278.182593
295.290577
284.138741
282.055464
277.362850
273.577963
275.382747
269.238937
245.933449
247.390940
231.250904
228.870210
242.278526
216.342847
229.452434
224.678840
215.008338
234.461843
208.901408
215.592326
229.529706
208.052421
231.620552
191.083371
197.740620
199.956310
182.564235
194.190562
180.215736
196.649577
223.020226
192.247687
223.187824
213.428135
222.068590
219.338858
205.441139
207.937569
201.301973
182.422055
202.569026
184.236972
204.613154
200.115288
204.081090
220.320129
207.355695
215.089793
206.638000
187.022764
226.022263
217.792888
208.643660
228.727851
215.450828
239.431592
223.433487
229.746314
242.160684
237.744515
245.196365
225.572162
208.364654
229.869572
211.481681
221.406016
224.400549
218.583850
246.310278
237.339596
235.379809
257.229627
252.047662
251.014972
234.224773
239.818294
250.021835
212.698172
224.992261
221.959289
231.633048
242.218527
212.967124
222.371149
225.649870
232.754017
244.329326
221.168082
227.002532
236.227222
215.925670
222.505940
212.158131
214.528894
217.636134
194.406883
210.232059
203.990751
190.811589
193.098150
173.277087
165.369565
170.125852
162.976079
178.760145
163.610439
174.228734
163.360539
162.739616
175.569440
171.687104
165.436507
170.565140
165.236194
183.625738
163.031490
176.345773
179.297259
168.589731
179.589545
182.938055
179.478942
198.920810
168.389370
192.985264
172.954375
169.096327
180.493233
160.426722
183.232310
187.692553
175.328462
195.510760
192.271161
203.599396
212.156148
210.409450
234.546863
250.197280
243.200802
254.551600
246.183255
266.506779
256.535779
255.209116
273.611700
244.706598
252.790563
235.867682
224.183521
251.979399
235.086005
228.716430
240.356923
242.666851
268.448288
266.896901
281.360465
285.522814
278.774038
288.887114
280.013916
275.077373
275.607569
246.361771
251.116166
238.249718
232.809291
254.338177
243.133591
238.350037
257.872333
232.622429
232.362174
219.954486
240.244334
234.848165
239.292158
244.189198
222.386840
234.999359
256.904363
236.485800
247.988124
268.023906
255.575464
271.166615
261.564994
267.714024
254.345800
254.678503
271.343562
275.877517
281.361365
273.670240
265.901491
279.234263
272.539530
279.003062
269.057087
255.112720
275.441434
279.601703
266.958521
278.044290
254.092885
266.368156
248.254165
259.082533
242.881664
237.524768
260.921591
247.272133
228.201897
239.605150
221.359681
216.617998
209.820535
198.164147
211.249602
205.680679
199.688926
199.723063
185.461259
179.356104
161.821706
148.664636
158.969291
144.693550
161.289370
173.749475
164.525312
162.446477
151.288219
160.842592
174.374870
145.697153
170.695261
142.479457
153.621279
137.957747
125.675477
154.403144
123.184912
161.425173
161.826185
148.095896
170.250446
155.338028
170.941477
177.041388
161.123659
167.792691
175.339636
158.383841
170.429113
154.691699
162.576918
166.447089
166.714142
180.243076
170.766086
168.526377
191.976520
166.297264
177.111619
180.840803
191.723076
192.988658
181.662370
201.875335
198.030024
181.225347
187.258433
171.527897
185.452398
173.223441
158.294648
174.831439
151.718758
163.284911
156.813218
169.595481
185.366558
157.737175
177.038309
184.795602
163.217537
198.303155
174.777155
174.390746
180.141419
167.307428
179.434526
166.638000
179.552351
210.274966
161.785987
193.259646
186.364995
182.442348
199.593624
162.363740
174.975084
174.698670
165.781950
198.231230
195.702667
188.984939
209.535426
212.705604
255.714085
234.134921
231.333950
259.915078
230.359626
252.330172
236.130882
220.194089
236.556148
214.322032
240.471693
225.232176
211.377066
221.553555
204.483209
212.224824
202.402228
183.829008
211.268121
207.099559
199.889221
201.295889
192.034666
194.882207
197.055262
197.669371
219.647521
188.167508
200.008848
188.405840
197.818682
205.526778
180.785672
180.318893
185.736019
160.430560
160.784560
141.144851
144.081735
143.859578
135.835993
154.139144
144.900908
135.684630
154.466280
150.500902
158.815291
143.814890
153.807283
156.334431
141.737891
168.757093
166.414963
154.583908
172.845951
159.859909
165.254024
172.359797
156.585453
215.672809
183.017936
179.210358
193.749623
189.140237
209.311799
191.758345
192.023391
202.351912
178.331905
210.132882
194.016876
169.546680
186.305408
187.460726
198.323840
197.523756
174.029727
186.174361
171.384400
190.967040
203.057710
205.096550
209.756474
199.110925
213.631699
228.908733
220.477628
220.389636
225.181029
213.785024
216.771293
208.038934
236.874983
222.035617
201.674927
199.834794
184.508887
182.553453
183.140925
168.503988
184.902377
166.419717
179.080741
191.449822
183.647967
195.612448
184.166265
176.318243
185.639805
157.126381
159.207850
137.619630
141.412253
154.910928
155.574360
164.293032
165.745793
158.771015
181.804573
162.121806
178.156640
167.425456
157.214501
185.219074
172.268112
182.037839
173.068211
160.648477
172.989367
162.897884
158.896864
177.923166
153.022831
179.076443
168.497322
154.222906
175.387086
166.161818
174.037997
178.129812
160.346909
186.769242
166.451043
175.834540
177.537751
162.696140
177.699086
171.676339
167.978015
177.449846
166.191093
169.540990
148.484768
149.536642
147.567619
136.203591
134.274942
123.193419
115.850504
129.397431
112.249263
121.822509
120.380153
125.994520
130.214959
126.489537
139.359367
163.816848
156.728235
164.337126
163.594963
192.430613
192.635222
169.403641
192.850932
172.965754
169.425399
172.769214
163.155383
183.339665
172.958364
173.151981
187.639360
169.452536
195.108479
179.954159
178.279766
194.797107
177.292173
168.521704
179.709984
170.680069
191.409820
173.186193
196.505748
192.398725
181.659834
208.120657
206.939204
200.617986
216.347174
190.838798
195.219003
204.051072
198.240553
216.302505
208.927509
207.182507
208.070738
184.294373
211.708557
203.990806
184.973079
203.860183
189.952376
201.079253
199.621997
194.180550
207.783704
207.590828
224.720234
224.581457
211.757027
219.161513
189.282507
207.003826
188.460423
188.481654
200.098477
176.433269
186.361590
196.073692
179.867412
207.130321
189.624120
193.101008
202.869192
185.799012
201.593770
193.148949
198.440870
222.860223
216.541841
220.724623
199.847690
187.588574
192.680640
170.182248
159.796360
153.869339
131.300715
150.039828
133.663951
142.891457
147.242384
132.741373
158.073295
153.820289
163.606085
179.589978
159.772653
171.469565
168.260216
147.351521
170.391329
143.705443
167.975045
159.341266
152.737410
155.109590
147.364347
151.337473
144.129645
128.435645
141.278107
117.724337
126.642948
144.430349
134.323227
130.183933
121.731102
121.637834
145.040723
123.481799
138.632423
121.615901
119.882192
119.264127
113.184664
142.064545
154.137287
144.257162
169.762285
185.847398
196.311814
200.875279
196.062257
214.196141
203.918831
196.932730
188.346453
173.650992
183.692955
168.431770
168.673668
171.527834
146.797965
148.635179
129.247801
143.921462
163.254649
167.296290
153.986387
168.286952
165.420693
185.105916
176.945243
185.420565
179.545948
180.523209
191.373293
187.551434
185.445457
199.834781
195.554170
204.491470
204.471238
207.436390
210.182223
196.647524
196.418178
179.604588
155.331286
168.983024
153.071431
167.213612
169.510394
164.708152
172.793636
152.980860
174.360901
187.693198
168.168034
181.714629
178.433511
165.086715
180.845628
148.578374
159.016868
153.539418
146.501819
163.522484
169.322900
162.169480
158.701099
152.566910
165.914884
160.091253
168.109344
162.780564
159.814581
166.370972
178.698965
179.810118
197.026924
191.770712
220.659265
217.874161
214.799890
229.997096
222.110771
240.091457
241.283980
216.337015
233.444061
210.222229
226.388267
230.431870
227.312712
236.162812
226.475445
235.228042
221.639828
225.764903
238.565645
233.147255
246.527836
266.330454
229.124404
243.769527
247.090325
242.210577
248.329874
232.437587
232.707768
233.162026
214.553558
214.999224
208.020573
226.076118
200.600475
171.018746
188.686054
181.733719
185.498868
187.957877
178.003897
189.653481
174.696755
180.899356
193.227290
195.237551
189.207701
172.808362
159.144703
174.603312
159.325858
182.794833
169.615087
154.203940
168.647906
151.669803
169.711223
180.359919
160.863605
181.819024
168.168386
176.633140
179.289190
157.598162
172.646271
159.075694
156.271833
149.540418
124.110474
137.450042
133.404097
127.400612
145.664892
124.673971
152.585040
156.152089
145.497780
145.170238
137.443531
137.795716
146.327338
144.966090
155.617172
154.605055
155.664261
157.997265
148.247981
159.756359
159.553358
156.117291
165.642343
146.755213
160.504729
149.406258
151.658597
169.276074
160.519325
158.509817
155.470234
136.416410
138.215601
131.573941
143.155366
154.064000
131.585996
157.979702
136.149427
137.769779
147.132408
120.932808
160.323441
146.071305
119.886029
128.340015
120.814570
138.279788
126.198749
135.054199
148.811818
162.414766
163.051682
152.426819
139.420979
167.611857
162.811743
178.568919
189.402200
180.465413
189.764137
192.393374
190.302122
197.967926
149.662328
159.852294
153.016590
144.364621
140.422810
111.553314
123.908051
133.992063
119.170211
146.672891
137.649626
145.283078
147.473272
127.934977
159.717582
155.744019
175.585021
185.988623
168.073259
174.168940
177.444688
173.508792
185.110620
181.653920
190.561675
186.938199
212.708665
212.060460
204.637649
210.901815
206.964959
205.736176
227.812364
201.198873
216.355629
213.039675
215.322318
239.228287
211.444345
210.802063
229.810672
224.928064
251.027083
246.437627
250.928126
280.463372
279.795217
280.803110
269.577339
264.354641
287.412993
275.596963
271.725799
278.647309
274.976718
299.054339
290.633228
278.467066
305.413102
269.114912
275.362610
272.097050
276.788410
293.836553
263.511027
282.211430
274.524169
278.163192
305.693984
269.386041
285.586341
280.157303
259.435849
279.148788
267.949433
284.281842
280.884420
268.146443
261.448625
255.705880
231.790883
253.201853
219.304306
227.677507
221.594510
214.660317
233.238055
235.619142
241.479778
239.295382
231.841690
245.642505
237.754071
249.835097
239.707010
235.387331
253.880129
234.747424
235.590877
228.479143
207.204373
224.841267
207.213783
214.910864
228.142881
190.571480
216.124323
199.457399
196.824490
217.629445
209.792997
205.225661
213.699711
197.442150
212.377260
204.722539
234.419710
232.706672
222.162822
254.941434
229.476792
235.102738
264.228125
242.333074
264.131098
251.833108
247.899659
247.028094
238.492432
253.496961
252.343309
253.935428
271.209691
253.119510
257.723315
244.440431
239.428263
250.315154
242.502119
240.501326
251.642445
231.503224
247.081824
247.662590
245.658574
242.272232
224.617780
263.646267
254.971429
240.361064
247.028117
230.705039
236.654847
246.406947
249.917026
263.491217
234.447746
245.630955
253.949056
248.482236
239.458299
230.491720
223.716912
237.756567
209.187289
221.644946
196.801733
193.847243
204.598803
192.128781
213.621792
230.945551
231.233125
234.403208
226.080399
263.120375
252.004226
252.934039
278.649685
272.343705
279.532639
270.474963
254.405913
279.073127
258.173169
247.922987
263.568978
225.457135
249.912316
238.872100
234.173617
244.058177
229.648042
247.873155
257.697213
247.577754
262.567200
240.023094
242.103638
235.959590
229.582141
235.414233
233.090277
219.817125
242.444115
231.227843
244.912740
214.596779
235.567477
214.241356
188.874077
199.404175
197.580614
194.886976
213.516380
198.287772
215.866884
214.603201
208.457223
216.888113
179.249298
195.873816
193.202322
155.337785
196.273697
187.073959
180.866183
190.026937
161.158551
177.816615
173.568305
187.653301
193.164643
182.111776
208.563833
202.582200
184.133597
213.808546
202.280942
223.037086
210.514413
209.961731
218.613578
208.487422
220.094604
211.053563
195.107408
215.384115
204.298599
211.505900
207.441290
188.795414
200.017793
193.630239
190.359131
197.523500
181.888347
186.957395
173.500092
176.329040
186.414436
157.188814
174.336044
172.649508
158.940377
171.661609
163.228576
165.888067
174.591358
169.433932
184.646910
169.232319
165.458100
185.940032
161.771744
162.517129
168.375956
162.846547
158.704791
142.640500
168.403588
150.002237
146.818393
154.661838
146.808468
164.178670
175.400162
144.491560
176.857757
162.227048
175.058504
178.645880
168.905013
185.811793
178.098125
164.376850
172.397845
140.245113
167.381682
155.975848
153.223966
168.056416
153.541580
168.229457
176.272785
166.047098
176.750214
161.179557
178.183095
198.203431
178.897124
193.837492
179.107593
190.816780
211.389250
197.164744
210.198493
191.830929
177.522777
186.669073
170.763588
194.657931
191.678642
186.059778
199.986018
185.903863
198.033074
221.198122
192.834389
219.375407
205.731717
230.306153
223.900941
206.941437
232.209897
222.896552
220.567870
229.253513
221.527485
232.410511
217.978067
209.039928
230.750992
220.072728
221.666900
231.345609
228.157437
238.861212
225.487545
238.268611
246.014289
234.052048
249.309317
235.649407
247.831173
249.162762
234.250829
256.550680
245.486324
236.090606
231.175631
223.655527
241.885769
220.839008
232.366639
243.423938
244.652169
240.126164
239.976247
232.267572
263.495777
231.093006
249.341706
249.233706
223.453900
241.912834
237.371235
231.327228
251.786030
233.366213
254.486992
241.059293
235.915307
232.333684
221.205086
209.797932
210.670397
207.066353
233.924010
224.383772
244.038889
242.973904
226.895585
236.191763
222.724947
228.299415
232.789123
220.858539
236.661011
215.078081
230.203797
236.770362
190.169557
202.938944
193.669878
191.571955
207.064134
195.186072
201.665162
202.444320
190.878867
215.954880
196.505544
214.921322
221.360571
229.768343
232.850990
227.175505
241.511219
233.597538
219.299553
232.603158
224.497997
230.660590
251.888854
234.612034
258.872626
251.275756
241.203507
251.124458
241.161482
250.012001
214.389358
211.850707
220.888878
189.007424
190.927307
183.058608
160.826868
182.988702
150.907220
161.847874
174.544637
158.273088
191.745226
201.452912
175.186900
191.202669
168.411035
173.576524
174.054529
166.638461
181.700883
151.907205
153.701492
141.857876
129.143695
142.070050
124.641442
122.413530
130.042271
108.680402
131.321592
120.089258
133.297965
145.067836
144.411167
151.854180
151.329280
147.125507
178.480364
155.999066
174.378171
149.985063
146.858669
156.658700
138.984485
143.832844
141.234264
126.558704
140.871270
116.801610
129.326933
146.225184
129.094114
159.955612
152.665032
157.516080
173.462654
168.451338
188.380816
200.060264
196.578727
215.357821
188.866076
187.459331
173.997183
164.350564
172.162226
150.495090
151.852585
152.747360
131.305635
155.052618
126.019105
137.380246
133.537807
139.726223
144.693529
138.554246
134.822928
156.724774
142.764265
167.417875
170.664007
176.839292
182.836925
167.922526
190.687732
186.321360
162.028582
178.440515
164.203324
167.285848
154.887918
131.907566
137.690519
140.111518
136.248718
131.364636
126.408212
141.710162
142.518599
153.373014
193.637896
177.042974
209.275093
208.323072
187.930486
202.423706
190.333562
192.917249
199.440670
176.426361
199.648879
175.845429
186.591990
201.677242
176.227014
189.138122
185.764972
191.469872
201.406883
184.925460
202.748414
204.087492
208.535313
215.295604
216.185369
226.563742
226.856380
199.514510
213.873100
203.587804
208.517179
235.389533
210.102880
246.650557
246.789209
259.247077
275.741569
260.414760
282.649073
266.673926
244.074419
262.209912
229.452829
262.017205
260.018551
265.444905
278.477001
277.997281
278.152157
294.110180
289.408834
306.080080
281.971089
297.157504
300.355451
282.192054
285.303304
280.845587
279.433305
297.893011
289.479421
322.511336
293.446524
293.857599
300.201507
274.437539
286.750496
291.670904
286.254671
292.779756
265.543776
279.895222
278.116629
252.476492
257.521077
239.290791
236.211777
240.195056
230.586510
247.624063
237.899708
241.605739
247.033641
228.490415
241.019213
224.169399
232.930763
240.168351
213.738311
230.865732
230.197635
207.405203
222.334061
196.356468
204.003741
211.972973
197.249002
207.747652
206.462259
202.951210
229.787003
208.433954
210.127209
189.078551
189.836062
191.726848
179.113863
183.304079
194.659466
178.563125
197.987645
177.594088
199.376558
205.296284
190.052125
206.948389
181.726810
180.001427
195.157655
170.658610
177.232783
152.215361
150.064147
169.860232
148.727986
161.268628
149.189180
148.293134
151.507047
131.955482
160.191002
153.357619
131.142335
151.568218
138.827128
147.534930
149.010101
146.090397
149.661511
147.246019
152.594290
166.931566
144.275133
170.700197
168.344176
182.364555
187.667260
175.116403
191.019893
201.126465
200.549365
203.805092
196.934714
226.756146
215.170078
197.840677
202.069900
181.457477
206.745111
215.462978
201.677437
217.431008
204.724193
212.907803
213.521705
188.945413
195.118119
175.922061
186.009095
184.920169
159.942175
164.622309
176.839558
149.230235
172.751665
140.803456
149.953347
146.325665
153.729162
185.205966
146.826471
175.609636
202.062904
190.300262
208.926952
195.337921
199.225321
203.248117
207.018758
211.560843
205.059899
210.604076
235.145496
210.867380
220.580648
218.146688
218.878003
223.507292
209.190902
223.930893
224.026240
215.738902
223.519904
209.860100
218.927781
210.025530
179.798363
168.853691
161.336121
161.518587
169.321153
159.341070
175.783007
177.431919
153.453664
179.993744
160.867830
168.875967
179.923847
188.833648
207.336578
193.767708
208.269812
227.123801
206.184463
233.632996
216.544492
227.670170
242.496896
232.898442
254.101735
227.512254
227.291008
250.031633
234.189074
259.270471
256.223628
254.689060
273.085061
259.022219
283.685596
288.923369
263.188536
283.433409
262.775105
269.310911
261.209635
247.523121
267.091002
265.062100
251.955722
268.672159
228.936399
248.000398
272.096586
234.445681
265.473609
246.470994
258.378416
238.675774
220.975220
224.312069
222.509707
235.342797
231.317546
212.387915
239.403246
222.109413
214.715326
210.851500
200.198994
203.555494
182.372046
176.247688
204.701000
164.946537
165.287775
161.819937
148.738376
181.659504
162.472096
163.772524
170.338777
157.936916
181.405338
166.428615
172.485392
189.375947
168.057273
179.297841
170.195572
167.677012
188.273455
147.770402
157.129499
152.181052
143.726487
157.689141
151.497969
173.978481
168.712586
158.265707
159.556872
151.944901
148.555258
154.438451
135.876070
128.025493
113.931887
126.901637
138.307592
132.887545
127.797323
139.284690
148.908691
167.360023
135.922619
137.474538
124.537608
129.199098
148.458841
144.596406
174.249860
171.065192
147.874264
171.884643
156.362110
179.514196
171.787404
169.188776
194.990317
173.472526
187.517215
190.249611
180.976750
193.501311
170.108902
169.078754
181.838335
160.139117
181.008661
161.543042
165.422256
179.669217
162.999045
180.286065
179.387452
171.624277
196.700418
182.078384
193.713561
192.448836
187.279451
208.328873
188.027840
182.876024
202.740946
196.216653
221.082133
197.838082
197.043168
198.013753
173.426589
201.772989
176.618374
153.078079
170.004924
133.880804
150.228472
144.115852
138.166540
143.981655
128.582356
143.648289
138.688427
117.867205
140.561908
145.666387
137.147854
131.372713
109.937056
139.283338
110.002434
109.183089
112.812409
84.673406
99.994042
100.957227
91.420744
127.159569
106.914349
112.261548
114.407998
97.146869
108.590740
94.632128
98.487678
120.736169
86.447321
113.053049
103.531558
102.388509
108.142646
97.492358
116.112200
110.522888
110.160614
127.230120
105.303214
132.258146
127.942707
109.373401
128.384804
111.084650
102.639848
97.921859
78.826062
91.856094
80.816000
86.486226
102.380157
96.669313
125.429227
109.254316
133.962050
163.033395
146.293214
154.317394
146.811429
131.195892
163.682473
134.837726
145.904757
123.806048
116.738274
129.235337
108.396586
131.368936
119.814763
100.306445
134.188557
139.758896
128.449951
148.943658
142.366597
150.615729
154.079941
160.192977
170.145111
146.457281
164.693452
151.764792
137.832796
149.088299
120.118176
118.202675
121.493325
106.778873
131.031614
131.094956
135.450725
133.909805
141.509345
158.097745
154.321553
172.042919
174.385219
176.748518
189.196020
196.987096
192.785658
211.026812
192.980109
192.443560
181.774027
188.131026
190.550217
170.648409
180.961850
176.820309
171.333860
181.207096
170.455655
191.031081
190.277444
196.100258
207.965229
206.639416
221.237795
228.463445
215.425156
246.924928
225.575622
211.956488
213.167038
192.846028
214.587936
198.352157
188.279280
197.702952
185.186415
195.327176
191.807365
189.308590
196.877794
193.032475
212.146420
210.488408
196.910348
207.311728
204.141939
179.416543
185.284221
175.563401
206.295265
200.458392
207.059518
199.909672
182.289351
198.078537
197.621515
174.770104
175.663875
162.110849
178.393207
177.961435
152.673724
159.609820
150.729688
139.538226
159.709256
134.997799
154.010741
145.960161
159.394878
167.106694
153.435079
178.694173
187.063930
187.039264
209.780086
188.218926
196.615708
201.236557
197.262682
201.349526
188.852298
194.636116
197.311368
183.392395
207.485588
200.159723
209.273839
221.288607
200.969213
216.255487
203.608093
199.181420
208.549349
211.132411
197.698779
205.136886
186.774876
206.261507
189.498789
202.087973
211.198745
198.149722
201.662017
184.624767
178.571939
185.750413
175.288678
186.400319
177.640578
180.867991
191.267490
182.996035
191.214253
190.403702
184.691382
196.288137
175.947704
184.833231
176.555506
160.042052
182.068887
164.131432
184.775108
192.143536
191.087878
200.388411
195.268792
204.366281
220.457116
199.328138
212.137562
206.619930
198.414251
201.681662
179.279844
194.060065
186.907277
162.279045
198.355646
184.429469
204.367078
198.042003
192.789605
203.434459
184.073421
180.606333
193.695212
184.111552
195.426675
156.258058
178.601862
183.000445
173.058376
182.427101
184.112177
184.702293
190.202249
171.882631
173.669669
160.271222
157.504682
164.185987
145.984223
148.712615
153.135123
164.968177
174.573529
167.308806
180.790320
198.804905
180.690437
175.604079
180.828013
184.161461
177.305093
172.116622
182.965859
200.588445
190.017688
207.702517
182.425226
200.437633
193.392913
191.047230
197.218023
192.822997
201.636176
228.687790
215.232016
220.984536
224.679160
239.870648
251.276460
245.935271
249.714932
267.385475
258.203918
266.434472
243.030241
248.831571
253.579792
239.844570
265.925647
251.273601
270.251905
268.807171
260.923213
264.355856
243.740526
244.880925
245.370995
233.903378
255.132191
249.146293
243.283968
260.060988
254.310712
262.255926
269.918072
264.205695
276.703138
269.514754
282.308750
293.368860
304.597199
295.216593
291.787286
292.220054
285.806101
283.477812
292.771631
281.559284
296.082115
302.544933
294.339660
303.683238
310.877505
313.727040
325.345216
300.718776
338.107757
324.449724
329.750796
344.973683
324.248822
337.559787
322.331204
311.351748
326.721356
303.606704
305.923066
296.052832
284.582814
304.326963
292.986136
301.605269
311.846264
286.026367
305.457743
302.150765
272.044289
288.749163
269.818425
287.597163
272.189137
264.694134
287.075898
276.854603
287.083748
286.147475
256.352979
286.876541
270.250839
277.519110
281.729894
277.204142
294.952611
283.320172
272.465786
286.043251
267.584209
291.038666
282.606092
304.481914
303.126898
290.072016
302.869751
297.101140
290.226706
300.656230
296.514409
298.528990
304.172049
296.037002
308.810420
304.331279
291.770784
288.162396
278.051354
297.920033
279.189030
262.024901
280.948860
254.648012
267.924086
255.656567
247.694762
260.280739
262.645904
270.449430
269.276417
262.692554
273.132064
254.504907
274.861440
265.331028
277.294375
280.485113
290.380275
284.910062
300.879936
296.034948
313.072622
297.319496
290.314682
295.146041
282.968937
294.594260
289.197040
284.147348
292.955495
273.729568
294.899286
302.642808
310.844977
323.447995
328.058040
349.965623
344.638035
350.154664
350.547189
343.178704
344.677615
345.030912
333.699232
337.275645
333.161627
342.538300
339.927897
317.954828
313.014819
311.112026
295.719875
311.473592
290.211674
290.211306
285.660403
278.735468
284.651278
274.859698
277.831073
288.717830
282.872979
298.535265
295.885325
295.106740
302.993982
285.096057
293.039159
291.701726
289.578114
298.938034
285.141654
296.865083
293.647137
277.703582
282.529924
261.542115
273.148452
255.078738
243.887100
247.250212
237.812855
232.478028
234.215335
209.647329
230.270933
227.486703
226.087409
223.729439
221.220382
230.170912
236.265647
214.266613
228.908745
200.814603
211.568490
215.965435
207.457032
212.041907
200.802405
199.171824
211.616139
199.910708
231.465506
210.567763
218.302229
239.111920
225.155523
250.686202
242.017431
246.294877
256.122021
234.204634
248.164913
249.529243
257.230149
258.477634
241.698416
243.948235
245.445868
238.196699
239.770902
232.066648
252.007839
250.944071
234.385416
264.693853
251.305715
267.837884
271.321909
264.184272
262.094169
255.863103
272.932640
283.268385
280.068558
289.785688
298.277844
297.911167
304.019604
307.279936
338.995825
332.980619
308.915239
337.458758
333.949691
322.022769
322.265422
322.342481
317.826771
325.120591
313.285323
336.254440
310.791004
322.990212
323.560810
315.416064
321.189736
310.223844
323.196248
322.159461
319.186765
325.869752
308.104638
319.918029
330.099720
312.616211
316.134729
310.844662
311.605689
303.081984
290.327232
282.881246
278.174288
268.989051
282.236546
257.801658
278.153783
257.874780
243.551045
238.115949
237.676421
245.982645
243.927017
226.917358
244.961047
237.809936
232.018362
228.247503
217.600630
230.775652
220.241567
230.151925
231.854744
215.232309
226.527911
211.763469
211.780068
206.575643
187.709978
191.603900
185.993318
172.686016
185.179138
175.958689
186.682602
183.954829
177.991988
187.707063
186.657277
199.625532
204.495884
197.808464
231.244992
228.345732
227.304164
241.615935
229.969243
241.445961
243.057089
251.567893
269.986687
266.882672
265.764621
275.197810
265.401579
285.201072
270.197859
267.127503
269.930077
267.460571
271.749195
266.204344
277.745558
285.954270
275.166237
287.347639
262.721486
260.931761
267.386932
268.310082
269.122896
232.685667
229.664259
241.780801
212.702006
219.860514
214.070718
202.282553
212.227113
197.730629
204.543804
205.744284
197.883519
202.112541
188.068246
190.561805
216.548743
215.298817
210.365496
188.870699
173.776981
185.456721
173.818243
169.187628
174.416540
164.613552
180.454372
154.698550
162.638036
167.094398
169.800066
194.590752
177.471636
179.121220
195.833839
155.807111
188.488952
173.035591
174.757209
188.031116
169.931420
179.410162
184.099371
190.120746
209.732206
207.856318
218.679963
193.529791
197.308010
215.775596
203.492564
227.037002
220.798656
217.460585
230.622093
228.466464
231.136843
239.373933
221.727256
236.739578
241.230024
249.817044
272.849252
258.885361
263.117171
285.019765
273.055182
298.000908
271.366531
284.170793
278.000113
269.549976
265.462220
257.830553
261.760149
274.354542
264.505050
299.659815
283.467980
282.585742
279.895754
274.086346
286.455572
286.233265
281.433949
286.643076
272.929756
282.508480
280.663536
285.298950
289.144991
280.910241
286.264138
304.087076
287.817861
295.003820
287.123659
281.910335
294.119345
280.231813
287.740883
257.173626
260.010436
254.146104
235.650518
233.144537
239.599986
230.645481
238.151945
224.025168
249.167997
240.381140
224.364929
232.768842
215.743486
206.203746
223.952767
207.014425
218.677533
199.605460
201.416669
204.244483
189.840386
191.841547
193.216337
182.395285
185.604060
183.949634
195.178438
193.052106
196.649776
200.563118
200.645344
197.736346
226.297938
205.611072
209.440875
220.270564
234.518656
231.530331
224.704275
242.815599
229.189997
244.069797
236.874582
242.663179
251.373827
232.296728
220.098416
236.945397
213.631511
226.596778
227.781324
213.062932
236.806274
228.316049
231.269309
252.315468
252.740277
295.525870
278.542006
293.347184
304.133793
284.076540
300.125496
294.495073
284.727919
311.129221
291.322615
318.402032
308.926382
300.771939
316.687957
303.878797
311.505923
303.313603
292.784412
309.545499
287.415396
274.932742
287.078823
267.941371
290.825381
271.547972
272.918588
277.843373
258.967757
265.668786
263.590468
265.680364
287.672217
263.046688
281.618244
282.587355
289.494634
292.618028
290.668746
286.773325
294.241353
272.899905
289.775021
261.564672
272.608558
280.080762
271.030869
282.697036
275.457041
266.195920
283.799651
260.293701
281.689874
277.423686
287.662849
298.506592
287.469249
296.611512
301.142594
300.783195
323.496158
295.033794
302.904416
302.721920
304.599794
310.414783
309.904696
308.987101
296.919646
284.006180
287.300485
278.149551
260.245972
272.504278
262.536735
274.107681
272.493700
270.959540
273.718674
261.311454
259.925617
241.979320
219.310422
237.435152
223.609834
235.903878
232.846860
227.876394
228.870110
213.609038
215.815553
213.056564
198.694382
217.482158
220.495068
230.075457
249.341936
239.796622
249.767982
229.830176
226.943654
238.547675
220.250213
235.935161
238.016317
229.110542
247.818540
244.358903
240.952559
250.272357
242.487162
246.348708
243.413313
237.201123
238.199232
212.273149
234.535975
215.880876
213.451014
221.219957
223.600339
237.202813
242.166520
223.394823
243.825966
226.217447
236.113191
246.274734
235.916877
234.026330
223.868796
219.558207
231.181603
217.875406
233.229118
210.755342
216.856984
226.105029
225.054150
228.627741
243.190820
246.122145
259.703327
242.540943
245.330185
245.629496
239.968435
258.147810
236.985940
231.203477
236.974467
238.001709
272.029656
262.847005
248.348524
266.878757
245.988111
257.926717
245.983116
247.967554
252.443396
236.808992
255.516966
259.957100
239.948154
264.691248
234.257460
257.986398
258.899291
238.912573
241.730772
230.014479
229.222358
229.379562
207.418549
222.524979
199.318854
185.334439
184.683742
184.344274
196.275971
190.325159
177.164490
194.865571
187.305925
204.777763
206.414141
193.251129
206.610593
206.321374
216.783822
212.932889
203.734041
215.091726
211.425281
210.344642
210.339329
197.163988
218.643821
218.232837
217.733879
226.969608
214.132179
217.069243
226.698658
204.993299
220.766431
194.931070
204.317380
206.196039
205.526792
199.337878
182.611470
173.559179
173.020483
167.668692
199.595681
177.941876
194.468002
196.199271
172.273815
184.697438
180.895477
176.917954
165.002560
158.350420
163.955026
165.883579
153.245631
160.343867
141.226048
129.115753
135.383815
122.668874
145.779167
127.854806
128.702327
144.073053
132.495820
152.001733
141.137970
146.035875
173.903562
173.384043
175.006762
164.067339
150.986024
155.862061
140.886032
157.989580
141.789500
139.913550
160.228797
151.308619
171.206862
171.125179
161.731583
181.277074
176.928517
201.111199
205.893530
206.540496
221.747676
218.117220
215.315118
243.883203
226.789970
234.035922
236.893779
210.243680
238.894436
209.614685
216.952238
208.975027
176.495585
194.805897
166.880383
157.417381
157.169511
132.843222
138.265876
134.095196
128.404990
124.564939
96.992155
96.812998
99.860782
105.856702
122.495663
103.629083
133.200378
138.166014
116.180448
132.895331
115.285567
110.711814
136.723067
112.285441
133.378734
119.455653
126.651645
124.143368
117.861302
128.874166
127.507268
130.482153
134.975314
104.593795
119.547937
101.549547
92.432289
98.605067
94.429970
112.093328
108.763255
95.525867
121.493757
116.724458
112.009328
115.632367
110.619493
121.889239
113.156678
118.979282
115.797617
110.145541
133.825927
129.150217
121.211334
140.074990
112.982348
124.865544
116.348411
116.286145
126.368268
113.779658
121.089693
142.319448
125.430413
154.213956
135.216913
120.195950
131.437728
129.661910
123.206925
121.877330
116.846569
114.486757
115.735891
130.471474
130.294992
139.435696
149.305310
137.891288
146.170581
155.535714
142.480571
162.135700
157.414712
170.349823
174.674860
165.083276
185.862951
184.895551
177.145692
173.480809
174.358307
176.423133
175.111076
160.589209
166.966986
153.098790
176.727870
175.803583
151.260485
162.350164
147.609636
151.763611
159.488841
135.235137
169.433257
147.732582
152.033483
144.974982
146.415629
146.349105
149.334326
143.729163
168.177053
146.001315
164.901441
167.523949
173.277972
193.271865
177.638709
190.477361
201.478561
193.180226
201.894177
185.086289
193.762615
197.919445
181.891983
197.555778
186.841006
193.886892
191.464084
178.628293
190.790127
172.117703
145.294721
158.596505
143.872993
156.898877
141.971569
124.241465
140.579612
127.305058
138.229177
131.099664
116.559143
145.655095
107.981494
120.973911
131.062087
116.051019
103.981083
98.826605
101.846248
113.988870
95.125949
100.748495
80.169228
86.222981
100.937001
92.733675
105.072547
99.837291
73.829827
95.450032
84.259788
89.660498
90.989827
81.917122
93.321626
88.290619
93.799618
111.701297
97.506008
124.069678
115.784904
96.291597
118.856168
98.563161
136.540673
123.085292
109.884117
125.392724
114.303840
114.851536
113.723186
101.530517
136.185432
104.670768
112.800462
118.139278
125.384915
141.288288
139.831531
140.282434
140.766459
143.412097
152.256330
128.257433
149.033829
164.168351
175.324647
169.149091
168.039659
168.760318
156.888156
138.322725
164.270549
144.035972
115.191197
118.651284
113.848680
112.218070
119.454093
99.572366
84.855136
96.422423
99.714556
119.223394
93.592871
107.869738
84.132853
89.070592
87.118775
73.383862
88.682760
94.464029
100.848126
116.200755
97.160825
112.111655
85.189424
78.931643
83.056005
82.560647
77.283980
90.800070
75.738640
103.470408
85.169051
83.284419
98.151802
92.998612
111.894565
94.265694
80.288556
98.932725
73.054547
104.958137
84.169920
88.709312
95.600045
84.481136
94.314443
88.729565
74.704065
79.780569
73.490946
83.466476
82.933034
71.457928
95.945227
93.784477
93.206817
98.849277
81.032776
85.647384
88.458694
87.111888
116.288654
100.050361
124.944813
122.868433
108.297964
117.707157
98.960768
103.668326
95.921631
79.006742
89.045592
81.515066
88.858046
88.443194
87.638766
83.388070
85.284917
84.080605
97.870602
84.188787
104.290693
95.030757
88.939093
88.164925
65.767998
73.481036
72.449513
69.562540
89.295758
90.450493
99.549216
100.066010
104.103269
104.831783
76.011915
84.239122
87.234731
64.041283
59.595365
48.498056
42.534875
52.784207
43.383560
53.089970
41.073558
53.946411
66.037665
64.265936
68.235088
92.236196
67.717717
98.090917
79.002688
91.313073
100.248000
89.066101
88.638152
86.725881
96.589407
87.632302
66.900814
74.339270
57.245931
48.251689
52.675651
27.565522
33.395507
31.851635
24.779676
28.046904
17.167149
24.633224
25.865700
20.184436
28.085995
26.511154
20.991974
20.732894
18.757886
24.611343
12.366487
3.074285
7.996469
0.647338
18.845707
21.592862
3.094446
18.912889
4.815121
0.083263
16.128312
6.720187
38.580628
6.016268
41.854368
32.833460
32.625269
52.444433
44.580356
55.220969
62.680511
56.496743
91.674877
81.552067
92.755336
103.391987
99.091920
107.669049
113.269728
129.189392
151.328317
146.051409
144.472799
139.479465
136.223792
150.378098
125.686582
131.905813
139.630897
118.936939
141.145773
134.959559
143.414690
136.810996
126.380582
130.786861
114.721052
112.391503
128.488103
111.182733
120.131189
126.752162
113.373724
135.289144
115.066966
135.661958
138.140289
150.966147
155.351545
138.380845
154.914841
161.882537
142.195408
170.429380
158.350519
159.354207
163.643373
149.455039
173.417548
158.334495
151.473429
177.416068
160.099538
162.409997
134.583599
139.406583
149.654492
121.764607
128.549234
143.217578
126.439690
131.172408
129.092388
127.918720
151.220366
118.001350
118.234088
106.854338
119.108783
112.185743
85.987609
86.739497
87.197087
77.571853
103.613669
86.457050
95.610236
98.300753
83.308924
92.299488
87.272679
100.505471
96.641257
79.249325
104.355995
105.653919
92.148290
98.335541
99.074798
112.797130
116.290883
110.323265
111.256576
93.950223
126.743280
115.507334
112.360061
125.037819
122.722954
126.886995
119.525330
117.954410
139.923432
134.991697
150.431086
148.245223
114.327210
145.538982
134.336877
141.388223
158.000445
131.763519
158.761237
165.062918
163.577455
204.035488
174.858602
181.678148
183.299324
174.603343
155.873904
166.663131
154.791607
139.496851
138.701168
146.554925
147.525709
148.377203
144.569956
135.058885
142.561464
140.853761
135.863498
158.994891
141.391075
129.016662
115.307649
98.591721
106.791878
92.954456
92.212781
106.131539
90.246921
106.900491
110.174898
120.706780
130.189073
102.651036
124.337660
117.245505
103.886211
106.320183
106.241824
91.310338
84.033056
82.856999
100.423907
73.426108
104.732560
90.847801
92.411773
107.110060
98.431021
105.135754
97.989219
76.311460
100.167142
70.183029
86.076938
79.296588
79.911099
83.354841
83.971749
85.058464
88.707322
62.793418
65.189909
63.590555
64.448199
58.881116
47.326154
65.348442
68.651235
70.469514
83.022235
95.643628
97.812609
106.666083
83.853465
94.377051
86.812786
90.828309
91.682899
70.007265
80.887915
89.967322
78.899928
97.203795
87.263999
118.553301
88.858506
82.760730
102.526781
99.778654
97.563198
113.544490
108.924460
128.490870
112.893856
130.467975
139.088318
117.195194
116.904030
99.976493
99.648495
106.807846
101.398166
113.451666
86.609236
81.902805
89.762840
81.875383
97.656753
96.291652
88.949454
109.176343
98.421177
103.523892
114.487330
98.126209
123.547830
118.451184
127.152431
109.333840
94.279450
101.926299
97.695337
90.564601
96.253687
78.501966
101.557374
84.839017
70.696679
89.012483
72.256050
72.202433
84.917628
58.125482
57.897750
44.253248
63.182448
59.797285
49.883653
59.645991
61.939606
64.262839
77.792187
68.050383
78.976669
58.171977
53.432164
51.469714
27.607845
40.238641
25.049013
13.805835
19.983348
10.184733
20.664522
24.128888
5.424408
27.979344
4.433376
-2.848141
7.172618
-4.965930
5.672839
-1.609195
-26.271527
-13.056779
-29.752583
-27.118929
-42.987023
-50.727016
-36.551460
-63.065960
-57.922390
-50.794790
-54.403262
-39.270716
-54.802970
-40.136849
-25.765979
-40.685011
-28.028269
-41.659424
-34.817624
-6.798079
-20.570699
7.355379
1.082028
4.726151
21.563335
34.892809
41.423899
36.307645
38.411583
69.459771
62.943110
62.581391
69.285675
75.556954
73.506705
62.191467
66.827577
81.802764
73.684210
91.513142
76.457394
81.514111
92.135432
79.818842
101.114433
99.331561
102.154970
118.244143
95.749638
106.652614
120.751867
118.962253
133.862875
95.123711
123.193549
117.034143
110.964905
129.088291
123.756244
128.408698
131.195757
116.313080
140.649511
116.202788
122.203535
113.421927
124.661663
132.827570
115.518703
96.356181
111.915814
88.185783
79.047983
95.098236
77.800502
82.865926
89.336630
99.131288
92.889625
79.891066
94.248497
81.867018
82.628045
87.260357
85.211497
100.427774
99.631570
101.442417
122.502549
106.351478
100.766548
123.233091
103.198550
137.752954
117.205708
111.638865
119.097962
119.886765
122.228421
120.172371
123.694247
149.732127
112.022555
129.766638
131.728803
134.339632
135.486504
123.070454
151.620007
142.811651
121.703946
138.811449
117.616067
132.879248
117.208734
114.341048
136.372051
117.307960
113.412390
111.194126
110.815820
128.864030
90.313373
97.012004
100.950247
72.115574
85.908068
81.660734
68.192742
79.113735
58.876851
92.136707
82.309478
83.703046
112.927482
85.742012
122.971320
125.390895
125.932938
151.021807
128.848097
137.341814
145.483265
121.063872
114.229896
90.186596
80.190938
88.441559
73.463260
96.306305
96.200676
80.365833
99.041273
82.659700
84.147294
80.821969
84.920156
99.910576
85.938124
88.126342
100.947990
92.712663
126.867390
134.318731
151.636836
156.685587
136.971738
167.610001
169.077996
194.370181
171.735979
161.278343
173.885404
162.934829
142.361002
166.183694
133.113918
133.269554
123.947196
118.482800
138.298866
121.253695
133.796985
130.471752
108.682885
131.132363
110.293393
126.173143
116.574679
101.540801
120.128843
113.617427
100.970727
110.205178
92.717377
135.408646
121.009409
91.048148
106.732518
93.985628
99.934947
96.940696
91.682575
107.501911
98.470793
98.769750
105.552099
92.159081
110.532012
110.332301
113.163475
139.180674
114.394275
129.221108
121.430149
122.823189
133.559415
89.836036
108.879212
104.876022
103.293439
130.267851
129.398538
131.830790
135.378663
128.268275
141.994616
104.061481
123.055575
122.006889
100.135365
117.108928
120.105747
120.745767
130.666553
124.230517
142.739458
148.224686
154.529229
155.924751
155.814778
155.553382
168.539703
153.673663
163.375473
152.377079
154.828652
156.036530
144.358526
171.262228
141.399872
142.648399
166.092170
148.814743
174.013045
167.326806
159.715841
163.803117
148.190835
146.173569
141.738560
139.909786
135.137590
134.572748
127.665598
134.348478
124.724294
139.701256
119.797105
137.315908
147.710804
143.312933
179.006993
163.570234
161.929659
188.180224
176.142744
197.820279
183.183177
187.563677
209.176578
196.541464
213.205066
202.760937
209.759978
212.933700
191.567508
209.866174
205.966690
190.404048
210.620485
184.875183
187.715722
179.679101
141.840607
134.340978
120.978711
111.743027
127.521473
94.420494
108.498348
77.605841
92.770076
100.190820
80.513029
100.393927
98.189036
100.558575
110.570183
82.888226
97.146894
99.200229
96.607741
108.922478
104.200209
102.106263
117.836500
79.978971
138.177904
109.620745
100.334319
132.176403
125.090171
142.824185
147.158938
138.525285
177.117489
155.073227
140.499101
146.105169
138.585695
159.520003
150.154252
156.411474
163.726974
146.164999
161.314764
143.811437
146.039843
162.358144
147.577384
154.533376
135.960074
126.783128
142.028242
119.473646
128.568983
122.037423
106.768773
137.433527
92.774224
84.205613
84.583451
87.887560
92.463735
86.152439
82.409583
92.807692
71.666072
103.174740
90.325489
105.277254
89.147994
80.709131
81.167380
88.161411
71.039210
74.851525
51.986854
66.533706
63.547545
51.123715
65.403495
59.500785
70.339642
74.682546
63.547003
75.635290
73.497506
72.659216
71.148409
59.960772
89.608108
89.527055
74.466926
86.206665
66.833142
89.128129
81.468733
60.706160
69.823697
65.808684
74.933051
62.524843
67.110245
88.055492
82.546609
74.966409
89.795890
86.479757
91.338064
78.698229
81.964218
76.247056
55.954494
70.085315
50.007531
40.111942
63.513017
41.561523
59.654394
60.360929
52.126700
77.315258
74.324350
79.900136
82.296130
87.406186
107.912364
80.596292
100.900087
103.664001
76.201803
101.565988
94.531562
78.995005
101.595966
61.833499
80.541740
80.946727
70.791451
96.478731
66.065308
93.489015
89.786377
87.356156
97.783728
103.142053
115.578698
127.966459
117.435761
149.076913
136.763852
143.723604
158.216700
155.839171
183.605993
184.975746
188.992054
204.097786
164.719814
173.286570
162.856636
159.877978
156.336946
140.324643
147.715499
119.632660
118.786700
156.859872
125.143182
130.221967
136.038220
127.451848
158.881861
146.313497
155.610993
165.013528
148.014437
165.602158
159.284540
150.836461
168.362040
145.645883
162.487846
155.479264
151.446701
179.239288
174.488576
161.874483
171.435725
156.459947
168.864589
127.077183
140.684507
156.777403
138.282887
155.695045
154.294827
155.556620
168.602347
138.529688
154.586719
145.881488
141.573362
161.220343
139.485954
142.187952
143.193351
138.501070
142.131087
128.226308
135.169014
115.893700
100.806215
131.225854
122.583210
120.327808
128.791957
111.153324
120.451449
110.599558
115.055444
127.169677
91.693182
116.178723
107.323632
101.132530
130.065632
105.613636
119.240534
121.510709
101.372688
116.243249
82.556839
91.113403
100.878258
89.198759
99.248638
86.775991
85.768245
88.509573
66.635274
91.469634
60.670169
59.589729
87.344917
73.974203
81.289404
86.389736
78.601772
102.367008
92.555914
108.686551
132.189932
106.593918
122.302551
111.136270
117.076370
120.934332
90.914531
99.422905
88.991512
74.146386
93.061779
73.187165
86.441801
83.117580
96.902934
105.416290
74.183538
100.193531
105.718207
91.295001
113.596031
93.010566
111.813860
107.468949
105.824525
109.384752
105.729830
126.368392
124.935949
97.634687
134.805621
115.173407
119.137970
134.693979
115.773994
134.099930
137.446645
114.100043
135.017972
118.330639
126.013235
134.441694
121.438652
133.525907
120.161997
143.417004
156.590866
140.874393
173.555251
165.349918
176.764887
186.245652
165.541158
186.341991
149.963017
159.362729
164.157001
149.589850
131.917734
126.409541
120.353276
138.075867
105.260637
143.796162
121.127079
107.457607
142.522514
143.058027
133.896526
137.772453
123.865570
146.523298
130.130584
122.485533
131.220295
97.492415
110.479838
102.109053
94.870704
127.140278
110.155747
107.305691
108.705135
106.379411
126.931364
114.729968
116.133013
126.589635
103.851584
123.108640
98.998830
107.039547
119.603903
88.834322
109.434569
99.667620
98.906818
109.918517
99.304117
109.832066
108.961116
95.336206
114.589635
91.732935
113.811631
96.070502
96.850534
98.034137
86.061488
89.781125
107.105625
73.910805
96.294618
92.466576
70.014826
92.811761
83.977254
95.470475
77.048241
72.806523
111.243258
91.532800
111.056796
92.923290
70.152011
93.506355
82.183175
87.483962
99.651995
91.275396
107.406529
87.971117
94.232794
100.156249
88.098028
107.928805
75.143347
80.555166
88.551233
76.178892
104.149821
104.361613
101.211114
115.250259
108.977270
148.037950
141.790310
124.549646
160.604358
145.371264
157.621830
166.155424
151.314227
183.366972
164.949394
187.491617
191.281517
176.015433
197.479617
179.372813
191.686155
210.733240
174.493191
200.406377
188.766336
183.317309
194.810281
168.272534
186.181037
186.266384
184.873028
201.430423
182.560812
191.795500
196.049882
181.309725
188.558680
177.460099
170.880398
178.843645
151.453242
154.596428
148.524890
138.626055
156.015848
115.385680
139.375035
136.308171
130.133372
147.133955
128.289873
128.980823
138.281537
124.317570
160.598258
128.491768
138.621269
140.408994
116.678031
131.038626
115.476570
107.957756
127.918890
118.652066
136.443094
111.539457
100.052810
109.081580
100.511381
94.217019
99.644106
82.291156
112.337883
90.255173
91.035309
108.265345
103.759566
132.860282
111.988938
121.653659
126.621050
106.445325
118.575168
115.397439
107.134748
129.274648
87.572381
112.829776
98.318900
92.007465
118.288655
113.279659
137.586830
141.908044
131.813792
150.034407
131.261096
152.927117
153.539908
140.350910
174.161529
155.932678
144.943289
161.845220
141.089485
167.132552
147.580535
156.673080
157.856882
136.920187
144.679263
129.718162
132.883484
146.700984
135.507988
146.617738
165.520535
149.956314
180.929105
171.213122
167.946914
187.391360
166.186526
181.722344
175.718655
185.534288
200.226663
180.224699
216.483282
213.534921
209.284152
221.557972
203.264569
214.668604
210.583300
191.026464
219.203524
200.638354
202.831501
193.371834
197.329429
231.166177
225.338625
212.438988
234.341539
210.210776
243.110830
227.095934
224.806689
234.276714
205.721261
208.803803
191.817994
185.183080
197.494707
177.063712
197.354909
189.770192
189.230265
215.110238
203.016724
195.650969
209.909929
192.458250
208.626754
185.601326
195.181364
209.136006
184.063886
206.275886
187.119550
189.077793
198.659024
176.018868
186.393246
183.995188
181.814504
191.569354
174.065258
190.598669
189.858968
169.149392
182.743774
179.017288
185.014922
200.652833
179.697945
207.782853
191.524697
202.177177
203.753992
191.323794
197.668614
177.206910
183.159235
203.936692
183.365074
203.523708
192.146281
187.288814
196.533102
169.929118
184.580520
198.729813
167.948423
200.087516
182.286694
180.823110
192.602109
188.729447
200.591568
186.454034
185.595665
201.622020
186.156919
190.929778
200.639544
189.870310
194.706892
176.111603
197.510065
190.350010
195.138932
205.459918
183.024714
191.214272
203.345674
193.289305
215.312175
179.941621
180.430465
186.716411
179.876719
186.465461
195.628420
180.811000
198.230363
191.562377
202.340270
195.881571
188.184126
198.429534
186.810999
179.856868
173.645441
157.249065
179.837322
176.302476
177.241666
188.967650
176.834609
194.198865
179.184901
187.719019
202.852871
172.550500
196.977854
190.176656
177.260536
194.327032
159.332338
170.761411
161.772337
163.716517
183.016636
177.700838
174.387781
180.356539
159.369102
169.405187
162.052361
160.660223
154.492063
124.379083
135.338544
143.452027
134.685862
150.128160
133.276311
149.523481
148.411062
136.937449
168.274325
146.058504
152.004940
156.257592
133.973469
156.670299
146.848985
146.416832
143.720537
127.325467
152.839307
118.351905
110.171551
123.429383
115.609317
135.981928
124.828412
121.672577
135.103017
127.783265
152.096321
128.471263
128.165853
150.619292
127.968722
121.118157
134.732513
112.404358
142.081583
132.591779
151.095523
165.436165
160.415354
163.785872
154.439819
153.226629
179.706619
143.664897
148.462084
143.419150
143.907900
145.442586
121.773601
130.655304
134.010342
117.917004
136.362451
112.604977
120.306307
133.461441
101.309591
121.084483
98.970096
106.119898
100.636645
97.754100
113.109293
106.931264
114.836161
138.070473
127.005867
138.491965
126.854114
128.714667
147.816697
126.628910
118.904216
108.037487
102.119341
133.160174
95.616672
128.540622
112.721446
100.482460
114.689143
105.006852
115.779191
129.852176
115.110615
117.504427
95.398581
103.895190
115.525028
101.230821
102.482292
115.120538
95.008207
103.472968
91.307059
117.596495
110.519271
77.547340
105.816272
79.664527
85.720970
84.680621
63.357521
62.794054
51.246320
36.440493
43.840774
22.871194
43.527775
26.868687
21.447585
43.141533
47.440773
41.346352
46.717733
32.533063
53.710737
44.887592
59.935866
61.133902
46.692219
68.904068
60.255630
67.629688
67.385849
44.348008
75.293723
48.958597
48.009261
63.647085
54.925281
66.769036
61.005971
51.876913
71.841055
56.801740
70.042484
64.680363
51.927327
69.302249
47.089965
46.921134
52.740487
35.071816
60.577725
43.132132
36.338031
60.856533
51.843522
49.745948
26.420453
24.737958
48.059158
33.053237
41.163900
34.244303
16.868223
33.355928
17.141226
30.873132
23.163330
6.331670
22.725309
16.763485
10.664789
16.696337
-9.368949
23.708379
3.258256
-10.433380
-0.354606
-28.123434
-31.455582
-27.357308
-33.275485
-18.358898
-36.231142
-18.370618
-21.192428
-31.143488
-7.775712
-22.875408
-12.745329
-1.316628
-25.806688
-5.206714
-3.898361
1.549349
5.114826
-21.025978
10.093182
13.233914
15.908948
16.534797
6.761340
23.319548
28.501239
15.547240
28.548453
2.930452
33.470974
23.218610
19.020142
33.628882
40.930462
46.003743
44.540451
39.050893
65.462753
53.467862
78.403384
90.083954
75.632319
92.689800
88.098467
75.360188
86.731767
57.474719
71.654760
54.292216
47.217532
61.836467
45.898382
57.984482
68.284424
61.210820
84.550916
75.561940
77.118748
86.732754
72.045297
92.084902
75.611005
72.757387
86.887456
60.197109
77.172628
91.867870
74.581879
97.143543
71.915927
89.341376
80.775906
84.011753
78.833442
69.967517
79.675265
94.174179
69.696281
96.575707
80.496746
76.582840
85.406791
69.352993
85.108608
81.220426
80.945279
106.303735
87.180930
93.487045
92.454740
101.482903
117.959255
99.945055
106.982534
101.850359
97.073640
111.679617
86.080805
89.269885
98.984370
89.759123
120.271951
98.127881
90.525970
108.390419
86.543371
97.718750
83.581241
79.538495
109.037787
79.647922
101.319459
101.419388
100.248768
120.342187
113.594246
117.202205
136.165152
112.836462
140.001621
109.350826
117.797260
119.007915
99.426340
121.723312
113.056050
126.004595
123.428572
103.718162
120.714049
97.825847
110.133339
118.257414
88.348794
116.628608
109.360844
114.406339
139.674788
113.465730
140.985075
157.047777
129.849407
142.527421
115.301841
113.325152
125.224535
94.911463
114.360722
107.339513
111.481326
121.837855
100.924525
125.053061
115.579651
117.314130
123.274456
121.047625
119.992368
125.028802
87.099477
97.438067
73.421535
87.043173
84.990990
77.625373
108.020898
86.352195
90.377361
100.343422
72.091234
83.654021
52.384868
47.149776
54.046109
30.698651
42.947283
37.385469
27.993159
51.659696
40.846042
42.217847
49.387290
42.796056
51.417372
34.484952
45.832790
55.387825
25.793400
57.642163
48.689535
22.591325
53.325644
43.591928
58.799212
53.512434
50.367536
69.195748
58.181042
82.721963
65.376238
64.175944
92.262945
45.094211
63.779225
68.205221
45.592395
74.277511
55.651820
39.286368
55.242723
31.927204
47.130244
34.683138
32.964261
47.089452
33.281124
26.520883
34.795255
32.859315
61.408038
38.221881
40.670657
57.118316
53.167609
63.764087
53.945608
71.544278
82.684188
54.793462
81.218590
65.975483
50.866341
62.832496
36.757044
43.534607
28.258269
16.436238
22.239441
11.655505
17.907865
16.367242
3.165979
33.988553
31.337339
58.990964
52.626375
55.014453
67.564253
53.772253
59.847725
56.091220
42.840904
72.897818
53.577988
57.915871
56.602107
37.252017
57.829898
71.446660
63.473376
97.526107
78.737750
93.198688
100.977949
88.088269
90.191583
75.101727
78.325773
81.519334
72.374847
88.677140
67.727096
74.121932
75.820146
53.016001
75.486526
56.208533
54.593775
79.999742
72.201231
95.664067
86.223580
85.103424
117.417941
99.518817
127.102328
108.529633
99.428429
124.156281
116.274790
107.835063
118.420185
103.860119
119.193990
105.992751
119.433278
126.541710
114.301287
120.413442
133.868732
120.315813
144.289289
113.948956
108.169577
103.309224
107.497560
123.076333
88.971543
112.707450
115.573836
109.610249
143.272739
129.536077
138.554122
152.542545
144.700602
152.926113
147.719688
156.575933
156.108639
139.133364
146.833670
139.210997
132.370609
149.113324
113.103257
125.390808
128.952244
122.851315
143.294611
134.489464
156.060008
149.911542
127.964452
148.052008
123.674660
139.416140
134.887421
117.359564
138.877843
138.240584
129.352102
135.199619
107.605541
138.851091
112.374584
106.656167
137.731588
115.000884
119.333848
124.532669
111.716432
131.898436
109.246694
106.958211
108.975295
98.567898
113.263831
93.786086
100.592194
111.069894
77.689980
92.846223
86.013679
67.532417
91.940736
61.041413
88.470480
77.079614
61.086871
72.936203
55.739621
65.331040
65.536686
39.184054
62.779815
46.369469
65.513300
74.502131
50.701762
69.630888
68.288649
65.684496
75.104632
56.241496
76.969309
63.749634
70.743209
78.680634
69.408288
73.579534
64.078858
47.711849
62.290334
46.425035
51.494914
66.079443
65.794453
78.088387
53.680322
64.945298
88.823051
65.983008
70.538040
59.955953
60.361563
71.093859
55.951025
77.143933
56.656101
61.237017
77.061571
50.701383
64.053357
75.406910
50.366742
72.134770
68.908865
84.230370
88.003061
84.657598
95.151876
72.730696
80.123646
98.993442
78.974221
111.844517
88.401539
93.870919
91.355625
71.039298
92.747234
90.175129
82.103456
107.394764
65.388080
75.685455
77.444896
61.709492
74.238192
56.275612
62.029886
60.820561
36.399749
45.007630
25.889551
17.956135
2.637107
-19.490889
-1.293468
-7.971639
6.630835
10.519834
-1.012033
0.248379
1.987879
-6.513160
11.689086
-26.000479
1.901482
-0.564893
-14.043183
5.689569
-6.165128
-16.110731
-1.343322
-26.666821
-7.215231
-28.554278
-34.365228
-23.922442
-21.839688
-17.534293
-31.147562
-31.055773
-11.920579
-31.426849
-16.858310
-26.348425
-44.044374
-13.699115
-37.279097
-24.372715
-15.861876
-29.281152
3.278876
-1.174209
-7.653547
9.830225
-6.838151
17.769061
27.053962
2.360167
15.741317
-17.078989
16.771766
25.125772
10.017004
39.793612
19.207369
44.544150
47.778857
49.079846
58.426623
46.665535
41.263769
51.604086
31.291364
49.892215
25.925009
23.476292
44.135930
30.523358
43.925925
49.236279
36.799113
54.265922
38.801293
67.005547
62.647930
57.551878
67.149738
62.899264
62.732662
79.776341
60.324899
65.893905
52.010498
49.849338
73.625659
54.482028
79.564068
72.221956
76.403208
92.988118
53.013395
62.007512
63.864118
57.929336
93.741434
80.348989
95.009285
86.412955
68.262514
73.855011
70.081526
78.175843
94.660718
86.120513
109.455712
98.196893
109.130225
109.213401
100.096447
104.001659
104.577976
116.277050
124.150389
108.031122
143.110807
147.827428
139.002377
163.459452
138.660808
151.256857
162.240689
128.782764
148.855004
124.851011
130.288968
136.940161
122.867663
148.005580
142.017230
158.938617
153.060659
145.320094
151.643411
138.503602
130.088209
141.747603
130.174011
128.079067
123.350702
124.079269
134.313608
101.013119
106.927802
114.823025
91.927408
120.679896
97.177305
113.471200
125.799205
112.179405
106.639399
119.525971
96.817652
99.162010
90.760625
117.939121
99.767346
122.003149
149.008753
110.276545
134.555502
133.773590
129.790205
154.346971
138.546155
147.466693
154.181697
142.188725
171.151938
153.930226
162.261186
167.730410
166.861634
179.843717
165.470880
160.710268
196.096087
170.682438
181.740461
179.039650
181.781844
191.721020
170.156048
181.761887
199.292507
171.053303
203.325762
173.115638
181.908000
190.055796
177.680476
204.594373
207.855159
194.142010
214.619679
196.846015
212.535572
208.949345
196.794860
207.306290
196.872353
223.796134
207.642022
210.856707
248.621984
250.625239
246.067734
232.215039
217.179436
218.838031
207.995279
218.413784
227.036128
222.068171
239.129625
237.278348
219.301615
238.407790
208.229239
222.948551
222.697869
212.108328
217.383001
207.513332
213.531200
219.219011
185.645239
211.204672
189.368742
192.003563
196.734496
182.227902
202.923280
192.999929
162.409717
184.494356
160.258074
168.590403
145.549899
151.628079
147.516898
143.973766
156.649002
149.773682
137.461965
172.159138
157.991279
146.976796
167.322227
145.338435
167.901563
149.435987
145.617596
160.056899
131.819656
161.769895
149.840548
148.383837
167.888072
148.465253
167.584574
151.281741
167.734171
172.259727
153.956299
182.131595
187.844520
174.991276
196.099899
192.599761
213.188072
196.506997
186.410543
194.002257
178.740546
175.193423
172.031293
148.606142
169.778535
142.427930
155.805397
163.039826
157.200939
151.422972
140.200759
134.222544
164.196045
143.052177
142.725833
152.912244
125.062559
150.587534
145.222388
145.471521
144.405437
138.791613
149.587022
151.107539
166.322463
181.454067
147.424366
170.517716
162.700998
153.634539
151.441152
131.195455
141.610358
142.087082
107.752256
117.561905
104.224612
129.808038
123.124820
118.208275
127.439795
105.366384
102.955095
100.261945
76.627003
76.510388
56.451772
53.678073
54.527958
35.885849
60.163571
68.492631
48.574189
82.691716
63.995657
86.443148
81.334078
76.490922
114.522531
95.007357
101.199975
113.554569
109.497896
132.966562
115.530308
126.188787
134.831193
105.776083
125.928141
106.685663
107.026333
117.714744
87.873388
97.047477
114.031379
99.504916
121.492057
88.692534
98.285160
102.116454
106.702209
121.749370
94.851273
88.764997
103.031058
77.376840
89.266171
75.262383
69.530538
91.352290
68.950498
86.885567
89.592961
68.897039
80.785562
78.580220
86.477167
72.614541
70.759747
84.848278
72.433329
78.693802
93.248492
86.737099
109.818993
83.969092
91.378581
90.563983
64.165960
76.230578
61.551979
62.001791
65.456334
39.395831
68.622643
54.321001
46.956041
72.491712
55.615837
69.029134
66.529367
70.150766
73.861411
58.649894
67.767409
84.846813
59.151513
86.755432
74.768116
91.259237
106.030210
109.421134
115.479396
94.841769
102.280413
119.066310
97.915265
115.234302
112.324395
111.199332
128.254392
117.226666
127.092861
127.775024
121.057768
125.892850
103.235393
129.037167
130.431833
129.354391
144.988231
140.041598
146.957187
164.493185
140.959002
139.345435
140.347026
136.935080
161.089625
128.555631
121.625728
129.216138
127.369296
143.410541
135.554367
136.716477
134.166445
117.573728
148.743146
131.461374
134.081801
142.084045
130.639512
146.543865
134.576712
144.413334
156.182135
122.799854
140.096417
118.186481
121.940596
130.084161
98.990950
97.480576
83.498225
60.332366
77.313837
59.150320
65.586684
75.104201
49.670452
70.717701
80.088540
77.359451
76.804425
74.657932
81.355047
76.541367
75.442726
101.220228
84.037780
110.746136
112.810554
117.116341
132.953591
114.125519
122.713257
136.638055
111.691702
141.756053
130.679968
153.513217
151.133107
140.545088
158.292060
155.093094
161.043409
173.563851
151.840386
164.374915
144.761381
143.852303
166.031005
159.503153
158.085404
155.902115
163.045624
175.326379
140.824961
164.181180
179.324516
167.982883
191.179032
174.151229
191.867896
191.005931
179.461754
203.048374
176.248075
166.098259
170.759784
146.015610
165.802622
138.548179
151.012670
156.960743
129.877003
150.416555
141.188940
151.069552
166.820350
133.591406
145.758509
138.443196
116.260187
122.207230
109.251712
113.433358
125.125141
95.195493
119.328366
101.817180
118.335390
122.769127
105.741565
116.609482
123.123824
124.409890
145.861375
115.918292
135.674800
133.395350
137.114579
157.639191
136.854819
144.726046
149.298504
127.293444
146.253680
131.442305
120.795010
130.009390
83.642769
98.236433
94.685850
100.649599
90.251989
80.002708
97.015518
102.347966
101.564153
103.010723
85.210513
104.031680
105.641354
94.408932
104.696608
96.012177
96.312750
113.010421
91.579632
110.883123
93.848879
87.329417
90.628855
74.271011
83.716370
78.285548
68.645994
76.705557
53.174669
83.035494
85.786982
67.673257
85.367773
83.304640
94.742877
97.205247
82.778985
109.371045
79.695663
76.123273
75.655964
59.129631
75.004349
50.630650
56.814258
64.618710
40.262195
55.110473
56.855231
60.118001
74.408469
41.563600
65.997934
51.259021
45.926767
67.000831
55.585314
62.513883
86.456760
64.562203
103.011212
94.665685
100.874829
112.756562
115.203891
134.114764
124.679576
118.010304
142.109132
130.085371
158.723167
147.542419
140.353610
153.833285
156.921500
168.401492
166.145013
156.768982
176.429338
166.919613
177.338607
180.319306
167.457312
203.831291
209.026839
211.755085
219.097073
216.266308
211.135309
213.611153
200.702801
200.308948
180.454031
208.808750
186.891705
187.568257
200.076729
164.268267
180.362858
174.913601
146.120268
173.451888
140.543455
130.948932
129.874206
121.900038
140.949732
125.932426
130.693568
150.954783
125.020339
149.620501
148.522070
152.218692
181.649246
161.154485
169.413599
184.023934
200.298753
209.726252
171.681103
189.482564
179.296957
160.447542
178.903627
167.068985
153.478273
166.811343
146.446582
164.778141
154.410594
147.122747
163.771474
142.006468
153.528084
136.456426
144.598713
141.625985
139.887738
146.897316
144.164426
123.614628
145.671688
96.404418
105.395346
114.050408
110.828674
120.373247
113.866333
125.890228
129.669410
89.198293
117.797965
120.313199
142.723952
129.916557
103.443635
117.884926
116.194233
110.442778
124.390535
95.027678
120.231181
121.881559
112.113122
142.457918
118.882028
131.909950
127.169543
120.303016
134.529270
138.260348
126.230959
129.567929
99.915793
127.408229
85.442223
92.920131
101.871410
73.526058
84.628607
82.189155
77.942546
108.520099
74.493164
100.346109
102.311722
116.851315
103.316196
89.166350
101.561670
109.729320
83.705143
98.004240
86.163532
84.156670
97.843270
90.998714
109.909936
107.970665
87.346547
124.484705
106.380006
104.101028
119.520703
106.985808
126.557368
111.710309
123.460249
133.468769
114.274880
134.752976
129.095934
124.746144
134.537644
117.935602
136.680545
105.063674
99.896566
108.571018
91.552206
112.914421
117.350378
102.918735
124.747964
111.206485
107.725764
110.617444
113.813588
106.522102
91.719448
84.101060
102.185967
86.686162
107.301147
87.677303
92.052235
96.661316
82.367781
104.816456
88.475384
63.010782
92.751688
54.210168
51.096485
60.953426
53.535566
80.984620
64.364077
70.571182
82.662329
67.516607
84.510250
76.268901
95.146730
106.496534
64.868254
79.857203
67.818813
57.504141
68.718666
68.277539
74.025155
78.557398
60.754215
82.451512
73.751671
105.901243
83.103220
69.401118
84.076386
62.184419
73.624145
87.476279
63.111805
97.541914
89.774027
102.395969
132.627502
111.940886
128.038935
135.962428
127.703115
147.735309
133.168904
147.819390
148.316416
143.004374
143.746719
143.269618
163.591469
159.225136
147.252036
158.486172
145.239182
148.385972
161.000941
140.761434
169.206501
153.586605
148.179235
152.957649
139.498706
155.128417
147.810803
142.614140
165.776704
129.965156
138.996692
139.036212
136.779059
160.677971
146.375367
157.517614
179.833819
170.360175
208.121054
198.450854
212.315264
213.891874
198.794208
219.122667
221.415856
216.217010
226.190297
202.661466
205.401188
185.600462
192.907992
199.004856
183.236697
201.693594
198.476465
192.903886
203.056636
193.547104
222.487953
241.580258
213.615998
239.047181
223.934069
230.244603
244.659947
223.442558
221.434850
205.253730
187.480125
216.931575
188.472675
203.911214
203.312514
188.768991
201.511375
184.011723
186.021678
177.853059
151.692112
157.332761
126.812573
130.722191
120.295694
92.744227
92.632092
91.825991
87.707588
112.870794
93.848644
97.303560
80.202062
74.628828
88.043290
75.966711
77.572204
81.510915
70.152742
70.610541
49.808449
58.956916
57.458053
40.076062
57.552730
44.292726
56.753879
46.389464
26.107667
39.142719
49.733711
50.428893
70.961483
61.954566
85.174577
84.144904
87.980408
76.814555
50.602619
51.202557
45.266309
24.440297
40.055549
22.129060
55.331234
62.274395
50.616967
61.941759
66.511456
74.937594
87.630649
60.578769
75.757176
65.836132
70.469990
86.109321
68.552700
83.616142
89.931038
85.439882
107.313377
105.139746
113.553063
111.036558
99.577551
111.872796
93.584588
105.275022
116.916566
115.327122
130.292214
133.241605
131.992799
142.947027
129.930750
158.502814
137.830063
138.040923
155.352920
124.072168
139.602604
146.970730
125.082827
152.540713
130.904364
143.151309
151.975330
150.303480
140.791125
136.609427
128.041622
141.502481
110.103668
116.357498
102.154273
95.730953
111.620434
97.234489
106.018744
87.375754
77.040034
92.299697
59.703780
67.297272
65.521042
63.491023
70.500341
61.977590
79.928631
81.695463
58.609923
68.319118
58.685715
42.858182
43.894085
28.345862
56.484904
45.491028
27.524513
40.878233
39.614335
43.423829
34.895092
22.002961
43.241753
20.318875
38.212316
46.426156
27.727449
37.883008
43.779019
28.712811
41.702589
16.423031
40.993036
36.701895
24.238891
35.670713
36.511112
43.096197
40.578840
33.171720
57.281246
44.405846
64.607886
49.642867
37.940352
61.684299
42.495178
60.487926
69.473720
53.272351
87.272653
68.724080
65.531555
86.670802
70.550616
81.900926
77.693459
80.275121
80.492275
69.740281
75.138520
68.808244
59.544671
62.760457
56.994299
67.429567
88.626370
91.068558
122.544719
127.345382
138.383684
156.206173
149.963876
162.911762
150.602365
162.051907
167.532815
148.462496
158.592164
156.366600
142.817400
171.880916
163.436766
156.335441
171.023483
158.975092
161.525019
148.991683
153.390164
149.535889
124.530065
125.715905
109.340264
113.362182
120.813734
94.534806
120.600852
100.509158
122.937215
141.465413
124.705708
153.224004
139.754579
137.186482
137.412203
101.495786
114.613088
113.884010
103.856739
88.854300
80.335038
71.044516
85.181903
69.142243
89.684743
64.095361
75.120318
70.671254
60.052640
71.575962
54.963383
67.162857
78.892569
63.260795
86.450215
78.294179
82.078386
95.931105
85.851752
97.690736
118.145876
103.373789
110.196291
112.658667
108.233209
113.715205
99.077706
112.639724
108.011529
115.734412
127.366839
119.003435
122.366574
122.511197
118.629535
140.508330
124.899162
133.207728
125.458158
119.506353
136.064133
123.263370
129.583502
133.557972
120.073690
125.390516
103.118227
108.851150
111.399953
95.308993
99.455122
89.472815
79.802626
92.360306
86.525368
102.761754
77.523045
80.821360
95.452571
64.333555
73.309110
79.157151
68.724281
91.448407
80.446362
91.202334
83.060317
73.258775
95.006483
73.961536
73.404248
71.834564
49.220685
70.944831
63.331086
57.605267
72.017172
48.150824
72.330025
70.873802
81.468758
82.887259
75.982993
90.753839
91.676033
68.152750
82.243973
68.165195
69.214102
76.991493
49.926841
57.667490
61.156145
55.082267
69.870378
48.507258
73.136941
68.011031
76.001853
91.060360
73.534608
93.192953
90.920251
73.130421
91.110680
91.863606
97.440531
82.209972
69.559160
96.258667
83.036130
75.955399
97.740435
83.131001
97.724533
87.792035
86.863410
115.490794
98.987306
104.353747
101.082660
109.877786
106.643403
93.244869
98.336951
76.575979
64.869435
86.856212
67.272418
72.794740
84.256283
67.180805
81.029877
79.199346
88.412828
90.481185
76.783234
95.299445
90.757103
90.366354
89.850307
71.377514
99.063860
87.651998
73.849884
77.975271
58.335298
83.218949
78.190259
64.788321
74.021194
57.698146
67.994747
74.238760
51.581412
64.941756
65.963967
71.631013
76.199568
58.631956
88.423440
86.091909
92.887334
114.345575
101.677816
116.890456
118.525466
113.154434
129.477734
105.528228
139.213148
120.112631
116.662361
125.906356
113.802073
112.777863
125.188932
110.781291
136.418429
130.716529
149.863321
166.959537
148.148761
147.737267
148.756620
154.014725
158.433880
123.771257
143.280300
126.636827
122.987433
113.769721
96.121848
106.146249
111.778764
87.742432
106.284700
98.935752
107.752318
124.822717
102.884547
126.461223
121.673106
126.952221
146.129423
129.270135
140.897480
141.754611
136.935338
145.199808
139.958699
150.210497
146.455005
144.617184
154.893042
144.406826
141.416634
150.538688
121.655963
142.025983
145.157673
141.407070
142.099608
116.369703
144.597824
131.877224
127.881195
155.426810
145.433923
160.278990
155.895520
166.594978
184.003196
152.264259
158.066640
164.471981
125.505491
131.644854
129.609685
137.371974
145.133559
134.825941
157.749735
147.105533
141.841616
141.465802
117.814800
120.701785
122.517603
107.491996
128.658636
98.142472
109.159662
107.806273
112.783469
128.256687
125.524014
122.459999
127.992594
110.104807
143.753381
131.165648
138.486299
136.125804
118.169802
132.144931
121.885801
112.976730
130.490458
109.404591
126.696998
113.105603
100.099102
105.306151
90.881935
104.807387
109.152247
95.374654
100.910410
93.425977
91.339277
101.181368
79.124578
100.342939
89.857226
107.803464
122.704096
103.687068
128.933426
112.736342
103.329460
130.128998
108.067366
120.039386
109.302609
99.296503
109.284767
96.376296
92.508164
104.596170
95.504137
122.532311
106.168558
132.339963
144.437358
128.748849
142.942194
144.535790
135.460894
170.472604
152.885492
174.153627
171.718309
161.225300
171.720654
165.001506
189.481022
199.952282
182.189000
209.042737
205.974248
212.057891
196.934741
201.431797
220.873901
194.549919
199.516092
210.684923
189.165847
197.826170
191.597904
183.027118
207.493762
185.524433
185.159822
178.610259
183.119835
194.985881
172.020249
197.737814
202.251256
191.597056
215.345241
190.987546
191.308109
187.039876
178.572858
194.330537
184.222295
191.394689
202.060798
157.328750
187.297220
183.226476
185.199527
207.530159
191.580217
213.216063
208.321493
203.626247
230.606289
224.534079
248.210759
257.683256
233.829770
258.759349
242.935339
252.970930
266.791394
252.705693
247.643869
239.411392
228.681930
241.177102
230.048622
228.801834
206.400238
217.494123
211.484595
207.994406
210.743963
202.058289
190.793944
215.195734
199.455376
221.883084
215.492227
210.507740
209.669899
201.604307
217.986382
225.136199
198.755653
236.320983
221.829952
219.978109
240.005991
226.611422
230.368760
211.478078
190.861592
200.672885
184.096348
184.404926
201.833314
185.385505
194.716761
187.816530
202.200661
216.366721
196.386791
212.706101
201.283902
188.373332
217.196812
203.938781
225.148109
224.750163
237.056757
243.694339
243.767070
249.781368
262.243507
245.434369
263.905786
250.463227
271.113922
286.685419
261.706337
277.044077
277.508135
295.475648
301.466950
260.742047
297.253461
270.068119
266.804311
270.998752
273.060623
278.953462
261.207567
257.714164
268.930151
262.192069
274.373227
250.813315
249.003558
267.298160
258.060904
256.523601
256.951302
253.909809
265.983377
260.693840
261.168579
271.835476
248.906039
263.643498
249.499382
242.928463
253.704286
250.246115
272.568844
273.318152
269.003176
298.750763
279.624985
304.672958
296.676990
303.871952
308.611754
310.750133
300.212408
307.414108
292.503622
303.566938
283.058728
288.084146
286.953576
270.166780
285.180394
282.396856
271.908622
295.193506
270.720893
272.004815
269.243952
255.043689
276.755247
285.948513
254.584383
272.156762
274.023111
294.039667
271.716948
259.953580
275.715069
256.124855
278.735798
264.733682
257.523770
273.650325
253.502773
261.974357
253.766072
242.214705
257.980208
236.856947
252.810601
250.330696
236.992483
237.798857
222.411659
212.717149
211.279433
201.536615
208.971550
198.879121
203.295371
199.252106
184.415059
195.216649
191.993812
178.612234
199.117297
182.580416
188.612293
191.075030
187.542988
186.517699
187.516312
198.526168
200.587848
201.093094
208.009214
196.362236
209.316518
227.242068
214.474802
219.477259
208.767975
199.725852
205.954300
205.379832
208.403368
211.225825
225.552127
239.887098
221.884632
247.397258
235.174857
241.352816
253.689888
238.147933
237.027512
245.493064
238.676188
264.629836
252.309804
265.238986
291.552633
278.836026
292.267989
290.588636
285.758051
300.619834
295.520449
317.135664
313.539186
335.678537
347.767567
321.008569
355.498229
359.603033
345.424331
365.963318
349.297688
359.530999
363.205133
348.059708
369.855694
353.344874
349.477050
343.091594
326.598470
343.543308
342.307489
340.558184
330.197123
309.842132
335.306311
323.735158
310.582377
329.906192
309.016966
323.233470
331.055906
325.770611
361.676574
342.108324
356.394744
347.798823
344.600694
353.348657
343.531760
341.618084
353.543767
327.900473
352.312336
349.839623
360.267510
374.567722
347.369313
347.024888
355.677123
346.878908
362.073296
344.337676
344.379568
352.225338
357.148560
362.189488
349.761597
358.247421
357.116097
339.826869
356.636844
354.517224
355.290116
371.268388
357.100544
372.244066
377.218554
377.753639
388.093376
372.310039
375.468710
382.431866
348.063628
353.513175
330.012942
342.342677
350.740302
340.077512
354.912578
329.833403
328.041884
342.995470
317.728395
337.380248
329.146882
320.464598
336.198995
329.949977
337.084345
338.191751
330.868987
358.279163
332.928526
335.380227
327.781069
314.061477
333.861570
321.840627
336.590571
328.524773
325.146216
338.077730
308.666690
298.175670
309.540354
298.564838
333.097110
322.452202
327.111056
345.356170
346.443117
346.134868
348.825719
342.502025
360.616989
351.152690
363.012089
361.659395
346.850631
357.948511
357.391525
357.866693
357.773472
350.907121
367.625362
341.870851
357.831557
356.153096
338.134458
343.392183
337.011900
321.640959
343.700786
325.106848
349.638791
359.244438
355.922130
376.891987
358.122859
372.354983
361.662306
352.775426
372.633556
352.032312
339.875772
345.009576
326.583084
351.007078
346.863241
344.651838
337.092707
332.152906
339.352784
336.593450
330.444208
343.973144
334.685508
354.750500
360.472279
345.913231
356.399661
362.341751
358.835973
352.390068
355.231608
367.680122
342.261956
334.287005
342.028952
335.856877
350.924373
342.566308
345.276109
358.220294
341.563448
357.190329
346.422884
337.420046
339.494501
318.347646
318.357338
319.625564
307.463112
323.292571
298.442811
290.569276
296.211480
282.423426
292.819401
277.354148
277.291131
277.113640
267.707219
268.764274
266.229106
242.658784
257.206658
230.358660
248.553878
242.132585
249.400232
257.582153
256.979841
269.948807
282.534106
255.410953
276.167777
249.702519
249.359648
227.053018
202.512673
222.330638
216.453643
196.821945
196.726823
192.115262
204.744802
205.259477
198.555872
205.490313
187.148774
197.669647
185.486509
161.111227
177.083458
171.934291
168.706078
172.989827
154.725917
177.033383
168.347371
154.736479
172.037213
161.106041
171.851765
160.758590
151.251646
152.846425
131.474326
159.195915
138.577024
133.658224
146.719650
124.082919
128.856107
136.244368
122.415485
140.962350
120.431171
133.870020
127.162661
99.772873
102.849765
104.907927
108.769618
112.558925
104.318178
123.851514
126.836305
124.600336
139.846879
104.194830
106.046444
125.173863
118.896198
133.098430
123.714660
146.263856
160.517998
142.322886
177.650610
174.041839
174.986868
183.866798
187.279189
188.877797
176.665931
190.303004
201.013338
185.002424
214.034313
208.973994
210.171512
223.803551
224.873139
250.684946
268.649453
262.603251
286.925643
275.610517
302.053794
309.023169
296.487252
315.625568
320.053367
300.639538
302.779529
293.671782
305.494131
284.496460
284.177587
314.442936
288.714538
291.917069
300.347535
303.275597
312.180961
283.189454
297.779348
288.569983
269.979502
286.405076
264.921643
261.645477
240.110534
218.671654
228.821162
201.143313
208.785367
212.556951
204.367811
237.550028
224.492399
244.070515
256.813243
239.659532
258.702379
251.341374
251.142417
278.989295
252.151787
260.376608
274.255626
247.276867
251.800640
250.823270
249.291075
270.622892
236.736457
252.783209
242.894890
243.376112
254.468197
239.823839
268.817575
262.035958
252.935598
265.294988
238.122710
244.776168
236.751318
241.213609
258.205098
248.511940
263.878466
275.572205
262.758540
266.021330
252.584548
246.513546
256.514101
239.352335
250.719505
233.447237
243.393901
244.876245
218.522810
237.905992
241.136659
227.002635
248.170633
234.076307
250.087663
262.428114
257.708878
262.464222
242.491182
242.588718
247.270609
232.787925
244.915803
245.314462
259.139835
251.280678
238.010755
256.020114
257.930499
236.548158
237.742613
221.566810
237.874927
217.699785
193.062164
202.005280
189.540564
207.978850
203.342382
193.442819
208.366488
192.117418
192.366692
195.049841
181.209645
191.890536
165.434413
179.994904
177.988278
176.123940
171.714895
162.688239
147.955056
168.859484
148.641084
175.495793
159.098335
123.100159
151.950739
146.260597
147.212920
157.841438
140.249141
173.156681
154.103429
168.541647
164.179015
152.268182
177.052919
185.046787
164.539838
163.036415
155.248287
182.367692
184.668028
172.120025
186.044257
182.123665
189.560184
192.220517
186.094296
202.762229
186.357747
199.258242
190.008055
183.861219
199.806636
186.600684
196.024275
205.579492
211.541529
217.161812
218.749198
205.067557
217.246202
192.388776
195.232837
193.934240
173.711050
179.124920
155.764438
160.078036
164.072297
144.036844
175.512785
151.532914
166.747887
149.860004
150.988909
170.698651
167.838630
162.434581
160.527373
126.001381
145.725122
131.771946
128.659707
141.260257
114.102168
126.955061
102.977731
83.249678
104.483533
79.625710
85.895007
102.383665
97.943396
128.715713
122.323203
122.162192
121.496102
88.209144
101.322740
102.656501
101.373631
129.399946
127.473185
162.305282
149.410149
148.852507
155.988025
144.223912
138.778283
138.817215
134.538281
141.774911
130.566778
144.816080
135.168018
134.249449
146.492090
149.474985
131.133579
142.708146
109.349554
121.265165
108.258007
97.531036
118.670821
84.088736
100.184874
94.068060
84.416191
87.566651
83.404518
92.750164
90.367370
101.839480
110.390677
78.799333
101.278921
111.626905
106.381358
121.969073
120.364378
122.588358
129.272580
113.475740
127.610258
138.469580
138.472236
127.567938
126.234619
129.886290
138.918701
118.978763
135.349310
122.787843
142.602944
131.576218
131.042355
143.922892
140.656111
148.368449
169.734475
140.772830
179.006268
175.917308
162.589614
192.186626
174.522066
194.474679
192.289014
195.456658
209.786425
180.649251
199.387500
192.699090
177.329987
188.402771
164.694005
173.152506
160.724555
154.863872
170.023059
128.978515
136.960439
135.720121
128.422322
139.055500
116.393296
133.192875
141.528264
129.000190
127.789705
132.173585
122.789202
136.014264
122.463404
129.460814
117.866477
105.606355
137.383779
117.776474
114.642529
136.279447
121.376564
142.935940
128.681399
137.364463
148.707212
136.267479
147.275521
143.221898
136.952292
142.123463
126.412412
136.732684
131.894690
128.895633
141.772325
132.846242
136.389777
146.404992
132.534483
142.454390
125.523196
109.819672
119.699117
103.222094
114.203745
93.666803
110.140281
135.170242
131.153848
139.516729
155.725220
162.236196
191.143299
159.356244
165.123512
152.744956
160.950134
173.242885
162.946592
172.715485
171.700096
169.475991
195.151410
186.376649
180.399040
191.464022
182.317134
186.040497
196.477568
195.676507
206.036814
190.290916
199.879779
200.614107
192.768152
196.825486
185.501289
188.749322
164.080342
162.733655
164.983066
149.111892
160.733563
158.052997
157.861297
181.427258
172.437078
167.249739
162.656310
133.662588
131.978524
142.507516
122.794661
156.298633
148.599546
154.460101
149.833061
144.067272
148.102995
137.281208
124.179644
124.717304
114.111039
130.786785
117.059291
127.651039
139.516719
133.141305
151.282944
124.881287
126.046209
128.152670
117.510606
133.920484
120.328350
106.788401
114.670968
102.693680
129.077798
135.744366
111.120039
130.103467
100.151924
87.368054
87.035558
71.201056
81.863761
56.732026
44.939971
50.915752
50.977475
60.001416
76.552184
62.820297
75.173568
64.805933
83.203278
72.677827
75.158826
94.357857
96.653144
104.416444
120.482027
102.169849
111.861926
93.048647
97.664856
95.917975
96.238797
106.089584
106.460744
110.456313
124.327356
112.365220
160.264863
156.589963
137.626525
153.991040
145.786644
144.115160
135.136775
123.576198
140.494498
117.072215
129.749699
139.883033
137.480828
167.244885
139.181371
147.509985
172.909373
156.485835
150.611231
154.857011
151.158951
166.488484
148.836926
180.612883
177.920769
186.678596
189.222711
181.455264
179.899787
194.760008
176.393382
200.454380
174.953083
182.112642
186.568358
173.587845
191.739617
176.665807
171.153393
188.302187
161.495855
178.112579
179.898891
184.078613
209.957873
193.362434
198.848599
193.005313
187.467065
203.381009
172.172589
181.738302
177.715462
164.961842
166.568291
152.486605
168.893540
196.426048
199.587667
222.087190
218.506727
212.627099
225.000664
187.670572
191.194675
166.053357
159.102206
164.089782
164.790675
164.265033
175.201444
170.240855
196.047018
174.555110
186.909842
185.816623
167.777262
174.255477
163.895849
150.439455
177.169634
153.560466
165.887858
154.121337
162.806924
161.212211
127.919961
157.288802
153.097208
146.526264
168.922460
154.556481
144.635015
142.447968
133.957784
142.784354
132.010608
127.874584
135.679578
125.065418
147.850562
148.418951
127.337325
143.432825
130.338980
157.778390
145.193210
139.472021
151.241755
132.494328
131.878990
124.348032
119.967690
130.993297
120.130244
141.840007
142.315869
134.538994
139.871999
124.490791
127.752199
140.465521
136.996217
157.863544
143.219706
143.449714
159.916737
137.526346
141.304494
147.040994
129.877393
143.998046
112.387924
149.374826
137.990840
115.912036
150.059467
136.078159
144.454970
151.862301
152.216508
172.329206
151.053997
135.637548
159.131001
142.562670
171.983827
142.075015
144.531381
145.592215
141.449058
149.295481
150.743490
142.622994
165.153999
149.967982
164.446973
159.561732
151.437463
169.072256
137.918130
156.709982
154.970341
136.609691
174.193562
163.853816
171.117257
171.480862
156.193351
171.271756
161.890907
145.038642
154.497340
132.780896
153.887308
153.405807
140.834582
149.860590
136.935226
146.961079
128.603482
122.350417
138.895368
135.176806
134.531441
123.479343
109.952473
129.081913
133.061588
138.872287
146.822629
139.103718
162.740286
156.590571
157.264117
182.829053
150.563407
156.134872
130.233058
104.064092
111.674723
92.348551
89.577105
96.114280
61.823605
82.739536
79.312441
89.371890
96.521769
83.959922
123.320675
108.854443
127.908540
135.768352
102.594043
125.831454
111.484126
132.643998
145.556535
131.614126
145.647111
146.984393
135.345756
149.061098
136.637524
134.362860
136.359650
135.534710
153.074788
135.141399
142.235954
151.072966
143.696110
152.678737
156.610088
150.932978
165.900197
130.782337
144.167066
138.106717
134.269475
148.686584
143.123855
148.617937
160.717924
149.456823
165.505332
148.844688
154.975829
132.216674
122.872135
126.822078
101.545601
111.527923
123.664718
110.431204
121.129723
92.619605
103.140117
128.391917
98.402800
112.005710
117.463956
99.784125
114.315834
106.499653
111.184357
109.980799
91.686662
124.460311
108.374207
111.666888
130.834277
136.181309
140.968324
146.710191
154.631117
151.038284
122.883037
146.889466
139.977902
147.799232
148.938445
141.268217
143.455654
149.856112
142.148410
160.669913
137.113028
157.829442
162.353651
136.417896
146.176035
135.710624
137.345821
136.498490
124.738946
153.315417
140.361804
126.906618
120.838592
105.635112
104.263697
102.405043
88.082729
108.937008
89.374046
89.407848
85.526781
63.850036
83.029259
43.232497
30.595151
33.800381
13.752607
19.191619
26.400188
23.996047
21.677346
10.122110
38.139671
24.076804
37.355579
31.347978
4.365727
9.421391
13.691031
1.631394
18.510872
0.464200
3.128951
11.381018
4.612772
21.587451
15.853709
10.367032
18.825129
17.715211
34.204672
19.522841
38.056553
50.352492
40.592322
70.859041
69.302398
50.701662
64.806651
52.823142
74.532613
58.046703
46.759573
55.647184
52.482954
70.948303
83.283429
72.232113
110.172846
96.517728
100.699691
110.608132
85.141018
105.052251
105.739241
115.315421
117.305806
101.145901
119.111535
119.790190
129.329928
156.965985
148.043334
162.991652
153.682485
158.068774
176.389223
162.105983
183.659117
180.035039
165.625867
199.505096
177.137437
202.797816
198.206220
190.103669
213.772316
207.393417
205.710397
223.353578
204.271902
190.757441
195.190176
176.746048
193.266234
178.707863
181.569967
182.078461
170.750322
171.370432
154.250321
152.909615
163.782647
140.902518
166.775464
154.554633
159.072405
161.433216
121.622247
129.709335
129.602953
103.367027
116.832718
95.937849
122.036537
124.678084
118.325570
121.557258
117.134752
121.877736
124.154014
121.855126
124.491404
99.373022
119.114559
123.344761
114.104984
134.635885
135.090702
154.350280
165.639808
138.094657
159.312565
136.919189
128.185661
138.497083
124.370735
120.534051
111.382946
97.315223
113.450281
106.792001
111.721355
104.465712
81.892735
107.952512
93.334994
93.226878
78.322163
71.029029
89.296098
88.790689
75.377923
103.132996
78.735808
108.825201
102.484344
105.782651
119.276210
95.536980
98.487358
86.059895
67.146016
90.073922
69.535033
75.294247
59.664743
56.727234
80.279258
72.107056
80.530401
81.819502
57.587411
81.066087
67.158987
66.941885
92.997224
85.147158
87.284899
82.500728
71.655171
91.867921
59.752306
56.856796
51.261409
38.787846
74.433596
65.105053
91.919020
85.177445
76.301995
91.441260
84.070181
78.508125
100.862122
95.789968
122.186742
111.136384
121.001177
139.014273
140.289055
145.865178
137.638231
139.024469
148.552995
128.321689
146.153790
147.491818
138.627836
136.321278
116.528941
130.272704
140.218891
116.518886
142.099488
125.441112
116.780427
126.297292
101.582946
131.853793
116.743959
113.617359
111.415774
89.180719
99.574058
87.132539
68.447225
74.166375
48.830565
65.288324
71.228718
44.271845
54.026122
47.674213
40.288543
58.910660
33.649251
43.489732
36.822922
57.244342
68.793868
62.628875
73.545993
60.218494
58.605224
83.431484
77.071348
81.277491
74.548459
84.519339
96.843325
98.972248
104.836292
121.189654
94.978726
110.390000
82.224886
80.754023
86.390520
69.620217
99.820262
82.852034
71.453040
93.423039
93.234417
106.436090
97.287240
91.265673
106.967864
97.348653
107.050830
98.556323
105.732783
110.346594
97.050764
102.427466
113.057339
103.870839
122.954005
95.785938
106.547199
111.453144
92.476394
111.149146
111.231736
93.352513
110.236620
97.203695
121.753150
90.718849
102.444475
104.663358
81.541627
89.689191
73.555358
48.009994
85.747255
70.546878
71.565044
90.699645
72.543047
79.502941
76.327213
81.708392
100.236260
80.106337
103.997191
99.353627
102.026723
108.663341
90.412722
114.337740
107.822002
105.298657
124.790680
117.450954
144.869655
148.104820
142.682788
169.852415
146.717768
155.763382
162.583201
150.963652
153.104737
159.842897
137.872011
160.713493
129.232124
150.252537
128.253654
133.693601
148.596392
123.943793
137.875385
134.944449
127.927891
150.767677
133.741334
123.008355
117.676066
108.130985
115.599053
88.977161
92.459967
105.903357
65.935218
88.688864
73.704841
66.767416
87.011125
71.381467
63.543852
65.536077
54.534740
78.485022
62.771677
63.778558
60.251405
30.577657
58.397771
31.863088
46.095705
57.493601
48.621491
50.614236
36.850974
26.022336
46.878275
14.667007
41.580371
33.847239
41.545637
58.890079
53.169694
57.997766
45.237114
32.310340
37.152590
13.645851
22.524716
22.821555
6.402678
21.164576
13.552554
15.738326
31.584943
18.628319
44.231959
43.044519
55.314198
70.165456
66.733157
73.959402
65.596034
71.181882
92.006785
79.360728
86.531892
78.994043
85.156208
95.915039
90.452263
92.152905
88.895308
87.169539
88.034207
71.653921
59.086951
81.589234
50.272017
68.193079
57.253396
76.813799
92.190328
97.608366
105.491419
115.597474
107.242958
135.297932
112.323139
132.142527
139.465815
112.160159
136.406900
109.543913
107.624046
132.393644
114.913408
140.958172
108.974394
122.731947
143.763072
129.442144
153.450650
166.500184
161.745221
187.150745
173.333807
183.902447
171.789711
168.567325
191.464817
166.837751
179.610423
172.731244
162.964846
186.050737
157.903570
160.126197
163.531180
118.157651
147.127239
135.009079
146.370319
153.948915
137.963484
163.256398
169.147691
144.010142
162.496347
152.068940
181.820422
178.676031
169.269843
196.149747
173.118988
172.264615
160.240211
139.312588
172.711489
157.609419
163.286815
160.400601
143.808776
164.117306
148.899737
150.675186
168.789010
160.483814
161.756545
154.833648
138.339698
166.051267
145.344432
168.074549
164.586495
152.667242
163.437537
166.483331
168.236666
182.785324
156.566877
171.884233
159.404169
153.992307
169.067318
134.685382
140.322183
134.894564
128.605832
139.116623
133.953040
141.824992
134.234945
135.722624
141.002067
125.217736
129.867285
144.147762
118.282367
138.072149
127.324499
137.247623
135.377534
133.519377
160.914376
153.890933
148.081483
166.248207
157.963827
148.265692
142.529735
142.861461
171.852398
161.733819
165.525292
164.005841
173.009260
180.764130
176.891843
184.704290
191.313063
178.665598
205.400689
191.618606
193.584118
205.256382
193.135477
212.668122
220.877920
234.448240
230.022040
214.872889
225.428070
221.615122
209.893590
213.943488
216.607234
225.555923
243.081943
228.047199
230.389573
217.255256
241.504031
223.684825
197.764687
216.781370
206.812369
218.590536
223.660388
209.478335
233.031153
240.629042
242.100742
228.933625
207.373411
221.164381
200.988640
194.064069
202.617180
185.276235
193.311579
182.081928
173.952091
195.498333
186.338614
194.000407
199.267495
181.648531
195.404728
187.724439
189.117961
211.784528
201.808470
207.249061
195.666075
199.839807
204.925597
201.957349
211.409753
208.797471
185.702896
200.404121
182.713783
197.389667
197.916160
188.875272
189.364464
189.391290
177.368684
194.382476
186.130143
200.550032
177.783101
188.183952
201.977375
191.913404
211.267957
215.994978
232.364050
254.034848
231.397896
251.826754
254.334787
244.600376
263.691667
246.189776
254.059178
243.094607
239.933345
248.063349
239.668879
227.929013
241.756672
208.493916
224.515761
207.978713
209.312214
201.465507
185.058943
187.556205
178.687727
181.277343
208.095463
185.400536
192.819807
194.718216
187.841919
211.421404
194.957578
200.831251
194.584479
166.764307
182.921970
161.045323
152.829911
162.096228
144.854654
158.707226
152.898053
158.853081
181.690583
176.265705
192.770392
190.774616
190.800167
203.044467
180.921123
203.832140
202.171997
194.255626
214.627025
207.028785
196.257212
213.457703
189.118817
201.776649
194.224665
204.364020
206.004717
185.204419
197.053259
201.347190
192.774718
216.697139
190.794563
218.823526
228.624428
216.710578
233.041457
210.690499
213.919989
225.029981
212.096635
229.904498
209.551615
203.736255
215.423001
212.844699
224.219558
220.357891
223.127961
235.412110
212.537750
227.691931
231.213573
223.744234
230.339875
210.224413
232.873786
217.370492
208.989531
239.531427
231.539241
220.024562
231.657753
229.397437
258.567009
248.954035
245.404490
257.348409
255.952447
259.961476
246.481030
236.771325
249.707405
222.150029
228.203525
213.702321
221.073364
242.059393
228.258739
236.746963
240.002213
232.457790
238.833153
214.322941
214.889232
218.098591
193.998299
202.489870
187.507440
187.009266
206.587184
194.922224
203.640999
201.395606
203.368413
220.401731
216.116828
229.822598
228.325621
217.177800
227.926289
215.874961
213.150644
201.041014
192.360498
201.518916
157.412478
177.701320
172.077760
165.472575
172.803018
160.138343
172.706129
178.455827
144.040330
180.683389
169.068253
173.377535
187.354322
177.304913
198.725137
196.750019
185.799548
212.587614
193.755138
195.670427
191.661206
183.819229
204.722365
193.647672
206.324018
225.926460
219.539415
240.417408
229.078919
221.696775
239.559264
232.202875
237.115977
234.497111
241.750439
246.452333
238.430345
239.918683
240.203134
238.120118
228.255231
215.817133
252.611039
244.512970
235.384005
248.439682
248.642793
241.051238
231.917541
203.541200
219.071947
209.073535
193.455418
188.863766
182.108201
177.879282
170.320979
158.430027
171.969707
147.987234
166.806659
173.878496
177.565704
186.190628
185.525432
201.762026
210.549021
200.837079
218.003040
194.570970
193.238608
191.393172
167.271735
188.404306
181.256004
182.863393
186.537311
196.588687
210.358708
207.397027
217.045595
238.260594
207.265060
221.381629
204.873178
210.452188
208.670728
193.734404
194.133425
206.881072
187.579852
200.845018
177.456338
182.491272
193.074863
175.280062
181.738683
165.894358
159.915989
168.918017
152.662485
175.764527
178.370140
178.093140
200.837601
180.138812
179.513776
202.143532
190.158749
206.220942
183.448705
184.013515
189.899159
175.681058
208.843794
186.653224
189.648566
198.596105
197.152915
209.612271
188.833717
178.498904
191.064307
174.690950
198.374030
177.776058
183.581058
200.932540
183.821272
193.875119
195.220164
183.390587
198.845186
173.020231
177.672576
171.950872
161.954123
160.562432
146.812090
145.841752
173.409111
151.926891
173.608849
143.789314
144.066284
147.607900
124.909316
149.059151
162.207864
143.383318
153.063626
134.344879
138.596335
137.708552
114.441007
136.421959
123.597825
121.710093
134.679660
125.107974
145.459335
152.751882
160.204049
164.909324
147.902304
162.234035
163.730440
154.808789
176.886466
152.589014
144.527864
142.037185
115.730956
140.723156
104.126175
112.390629
120.195165
123.881108
145.718554
120.209062
132.355068
151.319742
119.970499
135.830648
138.298249
140.910834
155.611215
131.022979
139.281555
139.999234
110.610141
149.285826
134.423600
141.971818
152.976795
148.730455
160.291892
147.823205
154.694155
157.863022
137.813705
139.348672
144.232010
140.842844
141.052682
117.390634
130.342107
131.576329
131.589364
144.737634
142.846959
158.822775
172.355198
163.663326
186.641319
164.516430
190.212298
196.635130
186.707324
197.025074
169.530583
176.193396
178.627646
160.305296
181.974925
166.289470
165.245799
166.647821
154.946744
172.040291
163.951114
169.219910
196.230989
165.968174
183.850007
189.344942
182.740700
214.342189
185.622762
200.382481
202.837743
192.035741
215.307800
204.675023
210.686031
216.250041
196.100415
218.090868
205.012912
205.278756
209.941361
192.479547
207.190799
205.981667
195.690556
214.322666
177.825356
184.877515
164.853620
154.417181
181.248386
159.947251
162.943083
178.757459
161.493295
176.814343
155.285499
164.399908
167.826507
148.508279
167.588354
169.857049
153.973565
156.290144
133.710737
149.997992
140.747112
131.964143
137.616720
124.438221
137.364107
153.944284
135.970337
150.074428
133.656570
145.054241
160.303746
131.174027
132.193332
112.115963
113.774091
121.642507
110.913048
126.540042
129.486791
116.039267
140.991486
108.308331
131.480384
132.868667
125.479995
145.451592
127.784765
123.602987
134.077217
103.152897
123.751521
99.816541
99.851921
104.038831
84.631288
78.471260
69.965301
68.084891
89.153648
61.029225
78.789435
77.192281
63.642107
70.420304
51.168507
49.587847
50.199622
23.243871
46.395420
9.543721
29.945666
27.111769
5.400426
37.435040
23.892923
28.539656
52.551838
46.466512
56.183127
72.308877
74.704166
92.804528
85.502504
108.374661
93.716627
101.303386
106.772387
87.668827
99.350840
102.993601
82.639373
98.259737
94.285211
98.932107
96.308412
94.792134
94.252765
59.931851
65.255627
82.895593
63.248821
85.397873
63.575591
56.226502
65.750126
65.468573
71.815962
75.345479
67.070331
84.666481
70.648537
83.765778
85.199176
68.781535
74.636881
55.433881
63.603844
57.274322
49.908160
46.840759
51.243105
49.047206
38.533690
29.624277
42.742269
34.182844
37.556892
42.910945
33.850306
49.933505
72.421841
79.874323
93.316962
96.604610
107.939839
102.975018
93.920214
104.526452
100.475338
81.950933
82.971491
70.896878
98.941495
82.071792
97.243717
99.577362
89.558272
97.179897
68.174655
67.120858
72.729179
56.527366
67.162400
78.033446
73.232917
86.430780
80.191120
88.590123
74.728151
72.836279
81.858250
68.978922
72.397731
79.048325
71.430788
84.945173
62.635655
60.470561
62.716004
50.720220
60.545215
61.464664
55.237155
86.663544
76.224321
88.079036
75.592171
85.733477
95.233768
96.960575
101.980489
105.245908
89.555408
118.726528
91.089829
93.273516
109.187040
100.949587
117.619631
108.074279
112.858953
128.019758
117.359437
141.061188
128.103565
125.590894
137.054521
130.403011
142.614626
155.166823
152.432946
159.060345
167.362503
173.985855
194.122698
183.077806
205.930777
187.507466
184.009891
197.712503
182.408170
203.732992
196.094201
183.387493
198.165437
184.487292
175.559752
170.904347
184.042379
190.512523
189.149686
204.388612
216.884476
201.911326
230.445092
222.611768
231.301872
223.814312
208.964743
211.617920
207.704087
184.345591
196.261484
177.264319
183.393115
178.385530
172.231636
182.061245
163.838907
185.329230
191.227211
186.848218
218.377673
197.052415
222.460948
220.403107
223.356365
260.572247
252.364869
272.792561
294.145784
281.379984
288.948467
279.195513
273.054078
284.216691
270.472867
289.675235
263.189560
272.481590
263.854183
270.684142
273.643975
274.117838
267.103234
276.861389
266.131876
275.275419
286.211799
267.171924
295.656434
290.080321
279.278371
292.362431
264.079248
275.464725
255.390386
243.479272
273.915222
275.038198
284.319123
280.517678
287.895180
319.454573
299.699132
307.854001
311.810391
300.538265
317.462382
299.094026
305.953205
296.332402
278.308411
304.191086
300.821836
299.346209
314.855685
289.964347
311.648509
298.942154
321.069509
337.854635
319.339493
341.493017
343.798152
335.915635
354.373929
310.867469
316.871245
314.205158
304.866589
307.123966
295.633330
289.165722
304.063686
280.373700
293.014002
273.309126
279.011908
295.312806
294.683562
320.440479
311.443354
318.216273
324.695906
302.413310
304.693372
294.582674
277.931134
286.079185
266.972050
275.398941
264.146779
255.505546
289.972525
277.565091
279.565418
304.992758
270.283768
281.397652
260.864962
255.251810
264.325531
233.266553
245.461856
237.238529
206.228885
236.571705
203.138912
215.899293
212.912208
223.371688
241.559178
245.416350
248.552249
262.198295
241.735379
243.833431
224.067504
232.942137
239.914007
229.220090
250.627148
242.850703
245.217303
253.699073
230.542104
248.933664
250.263276
257.278125
256.536353
248.097784
261.701318
248.754579
228.090386
245.962232
236.098772
235.920975
242.150359
243.232432
268.992942
256.703674
271.944017
286.531196
286.978099
288.953410
279.087390
278.256580
297.319092
267.079828
300.984805
287.830235
271.206002
285.984446
265.363903
273.324253
286.409174
266.551691
295.092043
268.011606
270.959116
278.420800
259.692787
281.707737
254.942913
247.145568
245.683788
217.969927
238.692758
226.018881
209.905324
228.760459
201.498254
195.892139
193.401887
175.921823
197.118635
173.373145
170.436175
159.073000
149.004881
167.559480
146.880340
159.036655
159.508156
151.943862
155.428765
153.635862
163.075306
175.936504
149.836547
183.264413
168.605736
170.412855
192.985315
183.255164
174.834122
198.939316
177.799657
198.348903
188.094290
200.723591
198.246039
173.041623
174.628213
163.019262
165.907638
179.294246
157.476122
186.817284
179.436905
167.904160
192.392310
165.647481
179.872979
165.546374
140.184363
160.872368
139.457103
141.876248
145.887646
136.300739
169.259321
156.040786
182.589927
177.799507
154.324278
155.642862
148.300348
138.746523
134.684870
105.699271
116.848166
96.108721
101.215460
114.336669
97.842385
128.783407
130.545628
140.003914
157.103348
131.536348
158.768647
156.219021
140.072241
151.105683
141.706090
140.437763
148.973480
120.058475
148.833516
128.110658
127.709738
130.375700
123.015017
151.533863
135.573309
136.893428
143.874292
121.379199
132.421962
127.733688
121.885188
136.080138
113.759496
145.322543
141.739793
135.255755
165.538320
154.263635
142.050091
145.897661
119.642825
127.168888
105.280322
104.092346
96.159983
80.394924
85.317843
75.072285
62.901675
90.899879
74.101600
83.563184
84.779973
82.656101
96.248235
75.505750
70.935064
77.657194
53.324896
70.765838
56.694288
55.160955
39.777708
18.454118
41.721892
22.567829
11.967154
38.090865
9.132172
14.445344
21.652266
16.329311
45.039991
35.882473
48.560789
59.437498
61.173804
80.925768
72.226484
62.286044
84.122767
81.477865
95.025219
64.207136
68.768367
74.532742
62.607996
75.658500
62.581229
71.127306
73.734101
50.782334
81.812536
81.526420
81.635331
106.155387
98.843616
105.209404
118.280276
96.355494
127.431820
110.068119
119.636761
115.782884
89.534094
116.584055
119.674435
106.140844
126.600164
112.416542
139.115545
118.586418
109.017818
110.594359
85.736286
116.310366
110.730258
116.793528
126.705530
104.113302
116.426035
114.855854
108.166908
110.448536
101.264821
111.312920
123.489313
106.613133
109.447614
101.971673
107.181039
128.781309
90.438214
123.497828
101.389736
102.018815
105.827013
92.483773
104.911935
120.778547
100.959780
139.650614
133.365673
144.904144
164.451400
159.254525
153.775448
153.267520
150.307456
162.394774
149.711317
150.754199
146.975948
147.186540
183.512333
163.437784
194.940519
196.169638
185.893746
192.522254
181.271844
190.664899
202.537893
205.562010
209.971345
187.266455
208.484229
205.058755
205.462575
221.393874
214.116887
224.867521
219.404993
211.982613
235.654160
228.204358
239.794879
229.073369
223.371016
218.064384
217.647027
211.060559
214.405115
191.947341
202.611186
202.532320
202.153883
199.088149
182.331000
173.587280
184.359718
160.389426
170.749214
156.902200
159.942767
167.515547
140.517207
154.814070
146.787921
153.638959
175.353031
156.529244
185.631696
206.044392
196.285506
216.284831
205.800899
220.163700
222.237672
218.534558
215.574158
210.021258
221.611243
218.915423
198.763012
215.073171
198.160577
179.666666
181.753312
191.982625
183.324130
183.353222
178.578146
183.437722
165.331068
168.514650
142.949054
137.382533
162.280620
130.509661
130.019077
149.369915
141.945620
156.020577
149.201465
150.042580
153.737108
140.780790
148.765381
141.145103
133.788133
147.224547
144.294645
151.425101
155.981869
142.934400
180.155423
150.040676
159.174232
162.075123
163.109117
171.209608
171.930968
177.988407
193.949871
183.163339
198.492238
188.578467
198.536669
202.118897
200.481320
212.768732
213.433018
209.791161
229.174526
223.511635
221.267463
226.257193
237.984318
257.291843
244.902963
257.604255
266.813149
253.870061
270.345071
262.399468
266.536851
270.512221
254.009839
275.702992
247.999091
235.166885
253.738419
231.040527
242.269748
232.603274
224.755938
233.458358
211.390951
232.808936
230.571298
228.672897
237.282291
226.623730
231.783460
226.739960
217.554975
223.898035
205.315881
233.970559
210.818655
202.929580
227.799999
220.960377
212.718055
239.111973
208.329103
227.719361
214.492981
206.400341
224.606864
207.180091
220.621090
208.529467
187.182390
196.007018
170.724208
174.115146
189.979060
186.973541
197.946769
174.554980
179.873088
193.732969
198.237018
226.031712
220.132311
195.867438
209.053659
185.437432
195.028986
190.337116
188.977799
201.003646
186.966724
177.002679
177.971139
162.351922
173.161634
163.086424
172.882232
181.931677
172.878750
183.818724
175.506052
170.703970
184.901125
160.403137
194.543677
185.286210
196.609643
214.751935
187.807838
191.121103
188.383455
186.152297
194.699082
164.409611
181.292934
165.283240
156.507797
185.459066
170.611386
174.582360
173.738681
168.418453
192.018245
176.568103
173.331102
190.866791
182.952977
190.115773
176.484451
174.916663
177.455784
163.234627
172.973450
181.333510
158.277252
177.783383
150.388315
158.457055
167.870263
149.027587
169.619422
150.466219
139.128142
156.429936
116.831737
146.119444
143.811623
136.793322
142.640195
129.080517
134.773964
135.921546
136.581153
163.111360
128.051448
140.849705
130.898801
109.177568
133.893936
121.435991
104.975005
109.110263
104.523736
124.973911
89.837339
89.822879
118.748806
94.791985
118.494401
118.881435
121.442326
139.181144
132.714690
145.630203
138.848343
130.785740
161.699246
151.703441
169.935105
176.976676
171.318154
190.177570
187.914765
193.634235
185.608511
176.351565
197.589529
172.038401
194.702357
208.783333
209.852098
221.095731
208.913204
202.081727
205.611764
176.951168
211.702925
195.468164
169.631838
189.465980
169.898985
181.050693
186.610835
172.689373
186.496099
160.099671
162.399997
162.163480
147.638343
157.663865
128.096899
120.457132
140.073308
109.152884
125.690277
125.087675
113.215908
135.503129
124.037578
139.127047
138.313753
146.907172
160.277722
151.407170
127.891280
151.934879
140.514785
147.692524
138.155214
139.802616
148.437558
144.421845
169.530640
176.298854
163.196794
182.019953
175.845118
196.694341
198.978660
192.389755
203.052795
179.630044
184.602126
189.082954
166.522845
181.480463
158.445064
175.654251
189.752216
185.857278
207.508126
211.831355
218.180513
227.833353
217.551593
226.585058
240.530031
234.833530
241.591025
208.869529
225.909351
225.894752
217.634134
206.268150
174.938676
178.720845
179.716384
169.169775
191.245900
182.762168
196.766319
206.111333
192.205974
207.987503
191.848641
199.380400
197.318115
196.897169
228.147932
210.153865
220.397629
225.417757
214.845671
230.716941
216.936026
193.458967
210.394749
185.568615
182.604507
186.040379
180.514138
182.723047
156.158154
175.503137
182.527038
164.428297
177.389722
164.754253
169.235989
171.734174
167.478403
169.350532
145.923295
160.684899
145.186238
114.698932
111.490022
126.417421
108.179359
129.548339
109.770441
126.069090
143.256646
126.732878
139.870234
130.969385
135.635735
152.434473
122.111572
155.126638
135.253131
149.878754
154.130554
122.378262
135.208102
132.132035
123.617854
122.138336
101.889868
122.536008
116.664224
106.427989
107.664340
103.221155
100.871450
100.989863
96.246709
113.189228
110.385226
124.177570
124.474040
103.365973
141.379576
141.471633
134.415256
146.481530
137.305411
148.123673
150.420610
134.330129
150.460584
129.241946
140.325762
145.969698
140.505379
150.662038
133.395196
134.841049
145.375273
132.683611
149.882645
124.456168
139.073946
138.903376
122.633947
125.476948
122.672746
118.565964
130.118710
93.155189
116.402280
113.232900
92.687855
117.292614
110.360523
115.992520
111.313120
86.007633
110.431672
96.988524
122.837227
132.523282
114.029927
128.333310
94.129918
98.160627
109.057281
95.678348
103.831231
111.433222
98.739350
109.064219
90.608647
118.480746
124.658209
129.154745
144.579561
129.785107
137.142934
145.433284
134.723294
173.163075
148.049155
162.958323
175.871824
176.754214
172.978412
151.410728
152.936851
175.676370
145.345293
165.799160
152.331366
136.481295
159.564468
150.393887
160.899220
166.911312
158.062220
173.485881
155.258916
173.271228
188.344571
180.932614
202.158077
190.042465
172.218815
189.600083
163.828123
169.672248
157.131709
155.773111
170.632883
138.178167
167.743098
171.480001
151.378004
157.620310
142.433770
141.116043
166.307393
140.667211
162.897063
142.604333
153.487261
161.907141
141.006297
146.381268
141.514082
142.031810
163.207565
125.670159
147.789160
148.275004
147.365278
161.203747
166.614562
167.541297
165.404230
151.349854
154.165456
143.697362
142.776047
140.099907
129.736697
137.083456
124.542682
108.351906
115.840571
97.889267
109.928870
109.460377
124.787183
139.208706
109.884783
140.917621
133.583166
145.065850
149.997389
130.061158
132.522530
123.031779
94.705393
122.331428
107.548473
122.555152
142.403055
116.991451
119.096609
125.736038
132.059660
172.251331
146.999850
172.091143
191.743963
184.927462
202.882854
206.381979
212.719029
227.586306
220.519859
232.707948
223.477725
236.757950
241.696526
233.769428
249.479452
235.520002
238.546563
239.393437
218.412918
245.447216
227.083801
222.611202
246.171636
224.698697
243.821385
232.431480
224.990766
240.078672
241.521506
244.190578
245.581729
217.190722
226.906317
222.322634
233.868501
239.489169
232.397015
240.379235
229.462400
234.667341
234.367877
214.382994
237.381659
221.320637
220.932667
213.915965
205.387272
203.664002
192.890729
201.669902
212.163751
188.180592
213.263389
204.625516
207.407090
226.377622
204.982470
200.675917
192.881772
180.660441
201.078449
195.419003
193.752540
219.675272
220.837360
238.081407
230.186314
224.912486
233.608384
230.565060
233.098572
230.634048
213.927679
219.944867
175.515050
183.604275
178.868083
172.315034
172.791985
160.936558
145.902061
157.333674
125.890560
137.628494
127.525159
134.338794
148.479288
137.901871
155.138431
146.710853
131.591807
150.947608
120.889291
144.100379
129.617961
110.237734
141.711322
121.253048
136.615188
159.490575
136.155846
160.194283
149.759137
165.954759
185.334298
177.720182
202.797189
190.926878
204.625451
209.630189
206.969781
215.584158
224.527793
209.846374
227.326960
205.055063
211.691111
211.530830
195.376226
209.811115
192.262093
196.638622
222.273797
202.541653
221.571098
210.647357
216.194218
212.685407
182.213769
198.181203
182.064935
161.892525
164.564142
127.084513
133.827764
109.901513
99.522404
107.157210
89.034033
107.832630
116.061210
115.968118
140.287999
122.378466
130.393694
151.567759
136.980592
131.200635
127.929480
131.434040
133.039662
117.112571
119.356038
118.774238
119.452641
128.718483
105.828102
138.163426
111.283647
102.758422
107.393366
95.616578
97.338196
119.721601
76.147491
81.189594
72.357800
75.555021
78.537739
73.653229
89.735628
81.803167
92.779969
100.574191
78.653435
84.096198
87.500854
94.621477
109.765155
93.674262
104.097680
104.816422
96.719698
128.174843
101.807749
121.668948
133.019511
120.020153
142.804356
126.851912
129.744552
123.023395
99.997429
124.031409
123.538100
114.299387
130.141939
105.348665
124.753572
115.736603
105.597648
114.988497
106.525264
114.805787
114.145793
112.975303
121.609572
108.285476
121.596855
137.459793
144.903087
150.467585
158.421408
149.594094
170.886120
144.247205
177.854724
163.582848
140.568952
158.635219
148.731879
146.246364
131.082307
135.035241
160.229884
159.498615
166.587898
165.759651
172.515365
175.748292
166.401777
188.249560
184.899197
167.015579
181.832503
170.620537
177.219368
186.284368
162.966148
175.536294
163.840552
163.374231
172.626305
155.840699
155.477049
159.522258
161.983976
173.647007
156.355101
175.633729
179.350339
182.412921
198.174688
206.776812
199.680291
210.962339
193.674139
189.211022
183.208804
168.927512
171.576686
164.623198
175.398668
172.269288
145.676564
165.477833
148.150077
160.307697
163.408595
151.588998
178.698615
157.154628
153.151075
148.056457
138.018824
152.969642
141.199853
141.908456
132.151689
115.698284
145.513538
131.150722
140.175333
138.760051
141.695937
145.348461
137.875162
137.099698
170.234244
157.369329
183.573310
184.465388
171.980089
174.015296
167.299123
176.111635
167.652363
133.975409
151.726918
142.111943
163.954468
174.887014
145.332622
165.611151
163.100524
140.854314
157.217204
147.430003
152.161220
144.066101
144.856372
152.198560
147.902757
164.778597
169.357415
162.951887
164.370552
151.401661
147.628907
169.340038
152.686191
162.841858
148.512383
148.121820
161.949074
152.173418
166.027760
167.049392
166.029647
196.552710
174.240266
193.693452
180.935438
188.795350
207.456574
201.753757
196.563140
196.545006
174.204600
190.774715
179.536822
169.115937
172.576292
169.732671
183.867030
193.773339
190.956732
208.753012
195.806621
220.950169
216.500943
174.133778
181.268237
180.169574
180.413418
180.217262
166.791218
183.899039
173.590636
178.182180
182.812804
174.721609
207.236059
185.095947
178.326208
177.631124
159.567557
172.280722
174.630089
161.666676
169.392408
152.232945
177.072122
162.046384
151.324272
169.818105
153.157657
165.984513
186.338635
167.685047
216.608100
194.450637
187.546843
183.051388
180.680025
184.587490
180.322370
177.965872
190.274493
160.071617
160.440092
142.935362
140.050412
163.268795
138.880414
135.143617
153.511083
150.056675
161.586768
170.433461
201.905232
210.391897
195.219297
245.043057
209.067516
211.035097
241.052199
226.795993
228.392486
200.347093
190.745953
205.675042
195.741621
213.223476
190.593713
180.681952
192.403309
187.956172
186.783841
187.632343
184.117906
205.215313
199.847106
222.864426
232.810586
221.561632
246.463526
238.194062
221.454653
233.708802
216.739526
225.125672
205.537800
204.034526
214.227267
182.540715
206.305330
202.405896
176.562688
195.450111
175.339151
186.536975
186.875316
182.818525
204.260474
194.069055
191.420636
191.729207
162.710213
191.372138
185.389185
183.980489
201.695121
181.377701
203.801855
194.987591
188.159202
186.405646
159.990099
175.419676
170.685893
148.781112
189.679816
164.114601
183.196547
194.178002
187.905353
199.799321
206.784030
204.178713
217.286114
200.594439
218.551163
211.196993
230.073100
221.017425
206.385400
230.092840
226.773352
216.072319
225.114298
205.210384
222.644901
222.996227
186.615505
216.678654
203.715610
207.721327
227.611783
218.749179
233.362954
223.396018
237.733468
246.027357
231.647457
256.160009
225.890887
243.035460
248.960855
249.349234
248.953725
255.638719
254.341136
277.877510
249.825545
248.508305
242.538515
254.353822
256.658169
247.570058
243.119352
240.739574
237.041787
243.521382
224.191064
238.497368
244.448578
222.591921
250.392950
231.317388
211.138173
232.844543
226.637687
249.595794
245.067445
235.071651
250.908703
242.157194
248.415656
259.644275
245.516666
269.776864
250.090143
229.146557
251.446648
228.352592
238.184108
227.465498
236.065772
232.943835
216.944731
215.039464
222.997187
215.046096
219.302648
190.319612
207.913014
197.281915
176.083203
188.311844
176.119516
181.153523
183.114232
171.322501
193.488690
157.852743
179.691484
197.138858
189.956746
204.902934
202.767409
197.470303
225.883695
204.028518
214.234741
199.791831
200.016703
224.645435
191.569194
207.593643
219.847174
227.435428
231.764083
207.212194
217.636906
234.057972
208.281677
232.727637
213.916631
208.017630
222.578117
211.609384
205.948590
213.266315
215.652272
225.501086
200.795812
233.889797
241.977216
238.701338
272.562847
273.622174
268.899043
275.819008
248.625977
268.309754
240.478286
243.685615
243.501644
212.660029
220.829396
215.335046
212.681888
213.193576
183.871408
211.263870
209.452625
201.508400
206.396390
186.522802
202.023155
193.785832
183.574574
188.166930
161.765268
170.712329
176.142543
160.639359
179.986392
152.632415
148.801095
153.043748
137.581379
145.468320
148.062550
149.281159
178.721098
141.327317
172.857425
162.062556
143.986081
156.129179
140.375093
139.287771
137.970217
123.513350
146.457775
126.489862
147.485086
152.803821
147.357703
152.935677
142.573184
138.807915
153.844360
133.170140
152.278325
145.201145
134.885417
161.572297
168.476464
183.205844
186.241184
186.436370
193.994251
170.884714
184.066670
188.508418
175.459849
179.087571
163.780102
172.429596
170.997348
145.092976
157.363482
159.976746
151.115601
165.262941
138.649365
160.503305
155.017951
147.013406
173.016804
180.637463
178.498809
181.062813
165.163428
208.912319
188.009140
196.169380
195.918175
188.637249
189.833927
187.645918
186.505828
193.408548
176.722959
187.274595
187.637458
190.171917
192.040313
173.668392
189.203170
187.461469
183.880501
188.892103
176.458103
194.580099
180.633861
158.598123
182.020833
165.523903
166.961622
181.354204
176.062351
207.301536
195.786037
187.787213
195.563092
180.804517
199.857252
196.949816
201.049240
200.901806
186.778800
177.757453
170.513199
155.707620
181.233419
137.182854
159.218975
158.237345
159.193059
169.400502
154.965299
164.751300
176.087839
160.744274
196.298310
169.275665
168.630338
180.448626
169.892173
187.565064
190.231274
183.878462
201.930295
186.509233
192.671493
197.926298
194.373870
216.790307
199.123644
204.915631
213.010219
200.274141
238.905028
225.668977
217.455267
231.406748
193.134355
191.609623
172.321585
176.290889
181.047694
181.088416
196.554285
210.456282
203.341745
226.941855
209.807154
225.683087
217.465931
220.676356
244.346428
241.332024
240.245556
236.997047
235.850178
266.093559
255.509349
268.017368
266.186483
247.153129
265.234640
260.677476
245.518093
259.848766
248.485031
247.732486
237.735615
228.711211
232.994249
219.257544
228.908614
220.082785
208.902223
228.710099
217.393612
230.196033
231.486496
200.472871
238.043674
220.184869
224.727559
231.596722
219.372386
239.157645
229.751507
233.394467
252.869454
234.064193
258.379382
238.467339
237.829759
252.148240
242.510891
243.579687
265.643477
256.244708
278.003961
256.863622
262.037741
277.158294
246.171712
273.169322
267.852636
269.401798
275.951899
250.558545
272.930784
277.756771
278.701700
303.830209
290.748393
302.952405
299.418560
289.764825
312.345356
290.302680
310.771008
305.392030
285.911071
314.717433
306.952796
325.225758
316.988745
303.994323
317.668595
316.615571
313.080639
330.777549
297.995526
322.111704
309.399058
291.476739
303.955484
298.945972
317.821252
336.829717
324.802947
335.924736
312.187171
333.196061
341.661916
331.300723
329.081644
326.655370
327.953050
343.222262
313.978077
320.408477
313.817277
290.233487
299.692739
283.246002
289.655528
288.371358
286.710969
306.955563
300.303719
307.806511
304.985328
287.404674
321.425176
308.143638
279.256078
282.750862
259.867832
258.510252
260.347968
247.675630
265.100112
228.180763
234.225040
210.047718
204.991992
208.790706
197.061489
226.380459
227.593179
218.213332
251.406038
219.540313
231.692570
243.726899
242.471732
261.854425
257.402914
237.425827
252.276245
235.192059
264.372760
254.562284
263.594501
270.193806
255.694883
275.163334
276.269019
278.519002
274.263001
259.066525
263.784511
272.480458
263.981197
285.899139
262.471822
286.913898
282.202455
250.707442
267.587936
252.797757
257.125610
260.386454
228.106823
262.291306
262.676457
241.222381
270.862608
260.320232
254.027694
259.069845
239.191958
281.520102
245.568194
243.140958
251.718909
232.065681
243.417688
243.997001
241.888894
239.677061
218.845109
254.032870
238.114884
244.343191
251.620237
225.835449
242.550171
230.543659
223.331691
239.076263
226.576926
243.318868
250.455166
243.020978
270.198496
257.417195
259.414357
273.342962
259.895284
291.259646
269.162667
274.055258
297.742036
263.001859
294.650553
283.810172
287.742909
293.563677
268.157594
267.668948
275.919088
244.971125
266.649692
248.312751
253.356790
236.316635
224.751855
236.599437
236.542419
239.339648
210.592880
202.265052
218.881319
187.397415
195.951433
201.421086
174.373339
189.079949
190.310285
187.738129
203.703391
191.258976
211.925379
203.318684
187.010222
201.731385
176.017309
171.852766
158.456512
164.411705
170.324656
148.705332
168.065904
166.539757
144.543187
155.769428
140.642652
145.626260
162.525492
150.886719
140.830573
147.897570
149.322617
156.123986
136.073008
156.768335
169.511871
153.648933
166.858996
155.840181
159.233098
179.503606
155.505534
174.991017
145.166145
151.001191
157.273601
141.808587
145.715298
130.732427
125.492139
150.820879
124.526297
136.705063
137.712135
126.744972
142.459543
133.221260
146.873452
144.984096
131.178455
143.431020
135.886489
143.628825
143.409947
129.457490
150.187920
128.591911
134.306966
152.198124
139.708911
147.972185
127.076581
121.019954
136.729655
121.210704
159.298014
146.440412
130.096556
141.173499
150.873953
145.770885
160.766768
148.041530
174.436669
165.204322
161.946340
174.234844
151.906089
165.314598
156.036729
149.632418
154.996084
131.805052
164.179232
158.241543
142.651649
166.818384
149.647025
162.192681
164.435027
150.569780
165.407356
153.319111
161.341899
174.898593
150.035422
174.151687
160.936705
176.998431
193.664089
172.080004
206.891225
197.280198
164.064001
190.281604
169.602735
171.132187
150.217872
136.712992
157.428557
122.123737
133.266319
127.663138
112.784616
125.812496
98.363170
113.278800
118.705620
95.999761
116.099078
105.974952
101.110092
113.308476
81.656354
100.413085
85.184567
85.641396
92.269414
82.189552
107.204418
97.150387
97.537970
115.017956
88.331515
103.291220
113.740328
90.725477
113.139186
100.902526
106.258858
118.869541
103.241861
126.841853
109.143365
100.851246
120.760266
99.572892
120.691635
126.600531
119.189271
145.823243
160.348935
173.323935
180.471370
181.764603
205.882423
163.805557
178.318460
178.845852
181.310087
163.205435
163.858587
164.741867
166.562047
158.709436
163.793021
141.673577
152.141423
165.352443
164.922255
175.038155
160.007122
163.532213
178.379314
150.373850
160.916874
158.457913
147.690971
170.711120
140.908807
161.864200
178.773450
162.870456
203.371434
163.881382
146.278466
175.672938
158.747020
186.227065
176.040066
173.001079
183.495729
189.480174
185.198377
159.990199
125.174490
151.196216
134.349742
148.892097
147.034622
136.135853
154.748094
141.382533
145.166258
162.188568
143.473863
161.892936
143.904487
142.550892
153.849913
147.684957
161.119341
160.948360
154.544424
177.416964
163.649203
217.867445
201.808716
173.432440
215.021350
169.376437
192.939098
199.662728
178.594828
188.433310
173.600728
169.943138
172.835801
158.735893
193.432016
194.387424
203.171029
215.487710
206.837041
220.524481
217.733967
221.186526
242.222620
220.752688
226.945937
221.281653
220.341819
262.260868
242.627010
221.368106
248.131919
222.644009
242.297059
247.383806
248.219394
259.896159
256.635716
264.894123
271.687004
255.055554
267.922495
246.781852
248.158246
238.567437
229.380494
266.540579
228.742260
236.148855
235.638997
226.959521
227.384397
214.465699
225.203075
233.874817
211.196585
231.918712
218.257906
212.338874
213.054916
193.301954
208.176499
210.756062
199.955934
205.930442
188.952159
199.933054
195.513440
207.094788
233.265748
200.356609
232.033654
239.134532
208.106478
223.929284
218.149598
231.752431
224.054400
196.692047
207.231747
184.364575
183.560547
210.097437
168.026213
192.352285
195.485132
166.304809
183.958813
158.105765
167.701669
156.430609
139.720831
165.869959
132.509336
130.560565
152.021239
132.324806
155.225354
151.490802
152.819376
170.336648
146.140498
151.871395
153.862572
133.493291
149.902417
115.412069
137.120538
125.677776
113.560394
122.958721
94.352093
102.742346
99.007849
74.325801
91.032270
70.687027
63.619299
51.519273
48.581749
62.234027
53.924722
57.927202
92.210350
84.785884
102.577299
86.579864
79.809800
93.109464
67.293321
59.907552
30.322146
14.833025
36.257032
21.716355
43.646258
58.696878
41.562656
77.154068
75.481853
81.161028
87.069270
75.195381
97.725766
97.395826
102.674373
120.864398
84.608740
114.677676
100.813370
94.164556
107.986972
99.479734
105.096105
98.366056
62.608529
80.955950
70.155284
83.763458
81.648615
88.349609
112.675131
97.935388
93.301602
111.117622
102.005514
97.378692
102.495848
111.168164
121.953692
106.185793
109.255974
120.810336
107.547569
116.132887
99.884337
119.372260
119.900318
82.619763
110.449187
82.827990
94.982550
104.355725
86.581943
103.279355
84.948588
78.185208
99.541173
98.133561
123.670146
103.175674
115.186020
125.509592
116.849686
118.590977
99.321704
82.135510
105.371567
87.784935
88.193423
92.179411
82.279924
87.755508
85.466930
81.324891
94.064231
91.724970
104.078463
106.231316
102.938391
109.800235
85.135008
94.000595
76.232084
70.447463
95.891004
67.961045
73.678365
82.568556
75.201039
78.252042
76.263687
85.078879
72.652380
74.332886
93.460334
92.587677
101.145692
114.724680
98.704675
123.089387
123.445429
109.478910
93.624273
108.478917
108.474651
123.776859
115.917396
135.842615
121.638627
132.896514
140.795181
146.498684
164.868961
159.449400
168.051720
175.768741
162.567827
187.602460
152.046388
154.515550
162.436941
149.653148
166.920982
162.801194
175.432786
193.792463
179.885070
191.815766
200.523954
198.733857
198.674525
177.813669
201.024830
196.135451
177.847269
196.734584
178.713638
185.160052
206.029722
176.167890
192.973050
189.211372
192.435315
206.560952
200.718610
195.927187
184.806608
175.936925
210.592000
178.696168
209.843834
199.746511
191.876110
215.023522
201.000084
209.586645
221.634983
195.785041
222.977414
197.755542
189.216563
196.242928
181.898417
201.351006
194.486478
210.697487
222.231066
186.149173
214.289677
224.820096
216.640047
238.656932
221.167831
223.985413
232.773250
211.200138
206.820019
194.964869
207.725285
224.537086
203.249378
222.233723
221.653623
230.513090
242.210835
249.985198
240.102067
225.310984
208.252968
224.774378
199.215166
215.559078
186.013229
167.664623
166.560112
162.061490
167.251562
167.035411
154.320928
174.095143
165.264810
164.416866
160.532667
142.931538
148.940187
153.880782
143.248118
152.734303
136.610114
152.427639
166.413718
165.664650
185.520288
166.168489
167.704513
163.802959
149.220199
168.577441
145.588690
154.172719
165.014892
158.284193
194.417773
175.236012
182.659490
205.740149
182.728037
196.176075
210.384550
188.028549
200.202598
184.928860
200.495489
194.850570
190.052734
195.045907
183.523619
177.359884
171.350989
168.417997
190.005352
177.084984
186.552873
196.441491
175.864831
174.761915
160.582282
154.238167
163.658370
130.676635
130.703463
122.754303
113.191859
133.831152
125.829485
137.370077
155.525753
148.970745
195.864873
171.931608
166.418233
175.399169
155.569998
185.392007
173.711961
184.724160
186.222368
163.702895
185.228581
177.289161
169.247259
204.634561
198.957874
212.040801
186.918703
198.105938
223.597022
204.984330
210.352510
213.592139
193.530920
209.190828
191.298639
189.399105
192.132749
188.244603
216.024266
206.385328
206.571740
217.582374
202.187794
232.101230
207.234865
202.937356
212.151996
205.479967
202.735821
189.204609
188.709617
194.511748
188.452305
191.339500
181.492226
163.948034
189.645966
164.640211
183.756122
180.739298
159.076954
176.265749
159.717983
147.460669
170.719725
159.650010
186.108923
162.768149
158.500088
177.517017
175.748788
172.013918
168.937739
156.884913
165.941123
144.248919
154.983911
168.915967
154.391723
166.279290
154.607407
155.564195
169.007899
157.343383
177.968415
169.013974
165.110754
178.065141
155.891437
169.715270
167.288459
150.790524
166.332913
136.859011
153.327229
163.525287
164.612591
179.959354
165.738687
198.452680
188.981564
189.824719
196.291261
190.530722
182.754139
189.873833
173.345978
185.182143
158.105098
149.290752
160.868259
131.581346
143.705526
133.654171
116.101995
137.992922
118.130114
118.815669
113.694775
96.980648
119.300908
99.671651
93.066459
114.655866
100.613679
120.760335
95.123897
96.407301
114.311574
95.924944
112.504318
93.144017
93.969964
114.998077
90.370917
110.300510
107.177860
92.618786
113.756073
92.017776
106.245774
87.934184
69.314259
80.834472
57.623708
65.903253
70.076414
57.961958
85.851172
72.704211
83.102156
90.845931
73.329857
88.476828
75.017413
62.699170
76.619569
48.494490
52.496992
52.694588
53.740387
78.032131
63.344886
71.062866
80.460970
68.343683
103.076946
77.352936
88.372509
105.183427
102.959882
130.968379
127.658923
122.665426
138.646184
116.217341
128.538122
130.379820
142.317235
172.079134
149.138399
163.229341
161.896335
158.953734
189.038012
180.367684
177.465208
182.747965
150.730661
169.141468
141.987789
142.262851
144.919644
113.846927
112.487095
102.638396
85.977029
100.521881
76.640155
88.858839
79.741187
65.892911
75.776872
63.886777
67.041703
68.605074
55.787156
71.145226
65.331204
65.476140
66.026135
45.485558
61.462395
62.863856
52.327668
53.803202
39.706336
64.321992
55.706120
51.747327
58.082899
38.016312
60.775059
56.634133
47.425168
65.693184
55.460281
71.403011
67.808411
47.920512
74.836230
57.026303
85.014018
68.998834
53.187585
60.938568
64.509121
59.197158
89.985820
75.217180
100.406982
98.531438
98.439674
116.849076
106.250829
119.193462
127.197516
125.874531
128.111525
114.813451
131.903089
133.074175
119.392427
124.640083
119.552783
123.182460
146.834616
142.163763
176.824470
161.621463
164.078040
182.576834
161.292779
177.918728
190.553859
162.488230
197.328258
191.924944
190.343693
182.352671
158.111187
172.129935
148.594758
163.068956
156.884179
141.644984
146.621864
139.613620
140.499424
153.867408
128.204392
149.879465
135.148301
148.040245
146.880590
129.671790
147.232637
142.784378
118.301019
161.127484
140.089526
163.638399
174.798290
168.480647
191.688643
169.842809
173.017660
192.893498
180.641019
205.300793
217.377373
198.965939
198.940468
176.919332
183.864432
170.696348
161.815933
179.089924
170.489466
178.818569
197.019812
180.823337
204.492355
188.604917
211.293293
233.631533
224.726281
247.891883
260.590565
257.735938
246.326867
228.636658
247.732719
231.144308
224.457026
241.158826
229.457328
227.943497
232.378014
221.880597
235.802622
216.783551
224.859073
227.980924
209.126559
225.271596
215.756867
217.177085
232.793146
205.132725
233.444897
208.921430
215.327633
217.611076
193.204178
202.937824
202.695327
194.429219
200.872792
204.172132
200.528496
209.062587
195.892002
217.503999
204.948272
213.855801
221.074750
200.879775
214.814716
210.831098
210.739405
224.884852
206.385879
228.290678
215.643797
214.712651
232.229866
220.659326
225.524977
231.626240
203.494020
228.928909
189.480130
181.643402
170.647656
165.301454
175.260115
147.466314
142.847364
150.113046
133.018707
136.128774
112.296526
118.824949
133.894856
138.648820
135.278234
138.106008
140.034024
161.423955
147.570700
155.410478
169.132646
160.085002
178.182826
182.565054
185.018235
188.091394
179.718883
200.614106
178.852101
161.097200
163.761044
139.707631
144.739008
119.893001
124.855186
132.836352
121.852631
139.943375
142.264159
130.252424
144.245746
140.974309
142.240265
136.457873
132.623042
129.514862
112.592561
115.557536
124.888230
115.283542
142.046966
121.884398
132.503526
152.233871
131.774344
145.965646
144.040709
130.939797
144.729773
121.084871
116.008521
112.526860
108.975895
124.845930
104.158228
122.185431
125.781312
124.338420
150.944634
132.556149
127.685328
153.474300
111.784763
152.789422
143.328837
132.271877
141.332138
112.747117
115.394853
103.111105
88.833327
87.958562
67.925980
85.997182
86.587333
84.780096
106.163218
91.615881
104.894354
112.770787
105.461640
134.857886
102.764787
117.479296
118.588076
98.003611
123.890721
109.221600
109.282792
130.468372
107.031420
100.910666
82.637086
98.029108
95.633817
83.289046
90.744840
86.551238
71.099526
78.071504
67.817307
58.966145
62.593459
33.654819
59.345918
31.964455
30.283215
42.689262
25.870618
49.242770
50.377438
49.918522
45.984621
40.383670
45.558610
35.756947
40.978832
57.207783
43.057337
63.310466
60.939684
45.224685
77.017948
61.907930
66.966316
59.170249
66.129638
73.199947
65.824584
67.796077
81.100375
63.350171
81.868004
87.976411
81.675834
76.425562
69.351001
75.068975
82.704452
84.241570
117.409417
108.311062
122.714325
120.997746
110.573815
121.727737
105.036547
123.353470
120.335856
111.868762
119.218701
116.780518
99.242420
124.069191
80.108082
105.772198
89.358835
84.934879
101.603166
78.731266
90.555228
95.600392
83.531138
111.302894
96.935957
116.737031
125.940136
115.034514
123.285771
110.305934
111.808922
120.763703
82.544420
109.783372
93.217099
83.643034
113.826069
121.124923
126.141850
119.018057
114.877463
128.087449
116.097107
122.867180
131.776197
98.521927
112.432642
104.480981
84.498987
101.346071
102.691557
123.332706
120.382162
126.953785
146.057198
124.576611
146.177367
142.929884
153.561300
164.769466
154.394957
170.053550
171.960408
156.010083
174.788913
170.731875
188.958495
200.119802
194.587647
203.103642
204.933042
217.150955
228.599654
188.735768
197.967366
185.895481
180.014539
182.416863
150.947462
167.447261
159.623042
139.499377
175.102074
163.844768
164.899960
157.303219
142.710689
164.674864
128.115212
132.632349
128.837836
106.077365
119.595956
105.594592
91.523726
101.089402
74.753420
92.273921
75.615206
74.752296
96.266699
91.095417
105.131431
119.788471
106.657483
136.934500
115.411496
142.783220
126.857928
109.068469
129.960906
114.844000
132.694691
142.198737
135.185456
147.656791
134.699265
160.746827
182.121447
165.710221
168.758613
167.799927
164.658257
176.038995
165.873071
181.148523
175.637620
154.644692
165.909538
153.169035
139.427910
145.793198
142.384464
142.719850
122.209770
125.957622
144.214383
121.746931
135.248052
142.323265
139.041329
137.239939
133.181910
141.835131
153.305164
142.135180
157.607738
127.702311
157.963565
130.381260
120.158542
144.323500
131.876634
127.818167
130.812726
116.151255
130.247897
115.486918
115.300307
126.979781
109.973321
124.155692
115.375039
119.763734
132.754259
104.203137
132.148355
124.527876
119.039336
136.550323
115.454386
125.318916
138.537197
118.310664
118.040820
98.342591
107.813567
106.305597
79.166705
104.889017
80.066853
98.989657
100.886834
90.027609
97.365154
93.760485
86.789538
96.967844
73.208345
95.743548
83.155720
88.907037
119.701532
95.136975
104.081158
108.276130
77.039815
105.747828
78.466437
78.781175
83.934416
72.108681
70.909577
63.377375
53.866328
54.059982
36.026992
46.863163
55.632486
51.678756
60.734543
58.643599
97.984295
64.481796
46.099675
71.540887
44.165580
49.414176
32.306120
11.332843
28.224034
0.744314
8.057052
9.782468
9.035184
13.671940
17.503090
16.254088
33.033955
7.922973
28.960310
28.184688
37.592429
48.404708
29.709489
36.380219
34.045625
15.882042
38.044751
31.595500
67.754188
81.726979
82.368950
119.646309
125.420519
116.729498
131.939465
112.049526
123.744557
100.839314
84.003670
76.749993
49.663606
67.312027
67.924972
50.322156
48.165016
36.777971
62.415503
73.435752
46.092222
89.029065
58.561128
62.618905
73.502028
60.628390
66.303536
64.182280
62.686761
60.215783
41.166958
27.504186
16.769741
18.906545
24.187340
16.122992
30.434599
38.696879
16.561131
39.530178
34.803825
51.714918
38.612002
10.119181
26.461414
12.953874
7.498543
24.378122
4.020651
18.171906
15.548337
8.523438
16.923216
19.361351
39.912591
29.365493
22.252431
40.966514
34.761144
53.612712
56.615275
43.401197
65.737353
45.382569
45.733985
58.556100
59.830073
37.219527
29.510429
13.515143
22.343134
12.885772
30.551211
34.126950
35.798004
45.298275
42.008496
54.347192
55.849814
38.240953
32.068973
8.196069
24.074192
24.053169
17.358332
22.440744
5.581472
16.538353
32.691908
7.515694
12.917130
-6.368447
-28.367794
-4.898265
-40.332989
-42.826300
-41.439770
-54.369374
-41.826429
-69.687728
-55.584146
-61.791997
-61.264905
-37.944375
-46.517987
-39.487531
-52.850477
-57.385451
-30.321715
-27.681098
-35.610580
-26.712039
-45.259063
-16.069104
-21.392710
-7.773243
-7.467479
-23.634709
7.368296
13.776718
1.663201
20.054531
7.445829
35.005601
34.660625
25.091234
26.534649
35.255667
37.326296
32.962455
12.343556
32.341663
32.387502
31.882932
35.829120
37.025270
52.065922
39.002625
34.815490
55.289907
19.130026
16.991924
5.449317
-0.050752
11.507834
-21.172555
-25.029038
-19.908833
-19.459419
-10.258498
-19.864818
-20.325905
-11.466466
-34.031646
-11.287367
-36.691226
-39.837334
-38.641229
-45.174906
-47.402814
-36.034991
-33.674315
-27.389708
-44.452029
-32.434137
-30.638005
-28.255769
-16.585552
-14.729100
-7.479285
17.148241
9.151068
14.791776
2.173177
19.581576
7.612413
-7.961752
13.172935
5.495099
0.940135
23.608958
0.191028
35.234844
28.318805
24.421725
54.900787
60.038318
66.005904
64.339349
63.635585
90.083143
82.655482
90.066382
95.549899
84.654918
110.411681
91.808471
85.551272
93.793909
82.440181
95.800437
84.731055
85.546000
95.218514
59.049026
76.792919
78.553246
79.016831
84.268285
62.154484
55.948804
68.624996
45.671924
48.304784
30.910677
41.946526
41.023540
19.526232
38.631314
32.397975
33.920226
33.257810
21.645255
40.116643
26.624520
23.125065
26.212411
4.036828
17.268452
23.726838
7.473273
19.326323
28.960945
30.975696
25.433138
0.183982
31.121298
13.880027
11.091889
12.014718
3.804108
31.568291
27.163453
17.932145
33.141566
14.344175
32.632724
6.223159
-4.367276
10.445031
-1.878961
18.360307
16.527203
5.675998
41.013978
22.470424
20.068614
-0.029377
6.763268
14.178586
2.763589
12.069844
11.585656
-3.502203
3.511419
-16.602470
-13.086077
-8.470123
-15.774096
13.464502
-0.131825
-8.589225
10.402194
-6.638531
7.355001
13.940987
20.074450
50.136685
36.911893
58.605774
61.639217
38.966220
61.513076
42.779325
27.515651
48.047772
26.419914
55.161573
38.127932
38.488668
46.392534
37.941108
49.225700
41.237716
31.525870
32.799113
20.323575
48.274565
21.587443
8.168755
20.597527
5.190849
-8.725722
-14.269142
-23.397032
-5.546128
-30.644770
-48.678364
-51.979471
-66.071095
-54.218264
-49.816105
-42.480396
-23.229619
-38.800970
-17.666833
-11.627631
-34.049378
-2.059963
-32.018808
-33.900034
-20.986592
-46.633339
-36.812461
-43.347020
-45.991050
-36.338203
-49.631502
-33.327664
-46.266477
-14.113935
-28.892091
-41.332945
-14.283740
-5.368468
-22.696270
22.059243
-14.872120
0.198784
5.122476
7.766069
9.437077
-3.498786
-6.695013
1.860562
-12.026624
-0.273897
-6.123365
-7.072003
-26.136410
-36.928176
-9.997934
-17.030708
-13.508987
9.364265
-20.696500
-2.228184
-3.234478
-5.114330
9.510801
-8.216934
-11.611259
-16.626275
-21.300181
-8.805023
-40.010003
-43.905907
-24.332661
-49.224531
-23.353457
-21.582200
-23.282036
-34.521555
-57.928553
-40.108148
-44.325913
-48.681913
-22.413731
-36.123568
-29.872594
-47.801581
-47.793583
-11.621412
-29.843583
-14.949269
-13.878097
-24.251382
4.554586
-21.398224
-13.268736
1.356851
-17.435481
0.282542
-17.908178
-24.871998
-3.652875
-17.057754
-14.464811
-17.108582
-19.645250
18.077653
2.346759
16.987413
30.387002
9.456287
37.740497
34.116655
28.296532
40.282246
20.787999
32.780391
19.743769
32.523175
24.284879
19.704094
22.725930
0.022010
-4.816331
11.531079
-6.059892
11.010038
-0.234239
-13.724127
-10.663493
-18.530077
-0.532880
10.203656
-15.945996
17.630167
-20.831472
-6.352820
-1.683286
-20.098871
5.891084
10.684609
2.979629
3.808456
-17.828642
-7.898879
-30.660335
-29.286372
-22.099629
-31.587369
-15.443432
-37.192992
-20.276640
-14.672913
-16.331813
-9.531088
1.778319
-10.905545
10.147546
7.203006
-2.057626
14.021672
-6.788215
12.401095
12.787678
6.895433
29.582467
8.140784
37.861014
21.850483
30.028991
49.041573
14.052848
25.057811
30.077881
19.569393
46.563201
17.986968
48.740797
55.420956
38.512675
46.606168
34.164642
51.215317
55.205351
25.069628
47.093993
51.883760
38.466593
51.343895
31.774851
54.928514
55.188739
50.952702
53.285638
38.109628
60.508215
54.408276
30.732194
59.353614
40.178812
45.690763
46.562418
44.239874
63.749689
54.122522
55.263116
73.850748
44.120091
69.218388
56.401477
65.172623
74.860536
57.074847
76.688456
81.978084
60.160764
74.156952
62.953250
80.234679
61.481088
65.586883
87.482827
62.607000
65.355045
83.799779
85.768082
76.843877
77.155143
69.283955
75.398093
52.859174
63.926556
50.685997
38.295172
64.972278
51.198560
34.584470
29.560498
27.364688
31.620266
10.491399
35.194481
41.281059
20.459460
20.115475
5.853923
0.916337
-4.145520
-31.333949
-4.737091
-25.483105
-18.801827
-11.506942
-14.867294
14.921247
7.588953
-5.215705
25.373288
6.315673
32.567424
29.433702
12.554075
36.743506
24.941256
26.060059
35.773477
15.091029
33.619644
14.588832
21.492019
41.367602
21.981039
40.957937
43.681857
46.181316
67.440493
48.457527
71.787537
73.448011
68.467038
76.971446
60.708837
79.391800
55.478436
36.893336
50.419516
33.767990
50.705108
58.000238
4.484761
31.532721
7.871305
6.781383
9.957690
-4.050681
-1.545815
-18.891728
-38.301696
-30.668981
-39.342485
-45.611722
-57.594153
-67.642717
-56.891773
-85.633954
-94.235758
-94.757871
-115.917190
-112.766348
-139.343183
-138.589191
-143.331049
-158.300808
-150.147873
-174.878437
-181.725272
-188.406410
-213.750044
-210.586208
-222.326138
-249.521063
-240.842173
-266.136352
-260.135219
-264.782960
-296.391268
-299.611710
-332.081299
-347.724248
-362.839703
-384.585699
-357.360424
-385.914458
-396.788534
-397.943246
-422.966977
-425.599589
-459.540238
-495.892384
-489.336327
-527.343292
-508.614047
-539.844548
-550.776522
-545.317636
-572.312271
-573.839100
-572.957813
-567.265326
-578.008797
-610.547273
-594.500115
-595.991028
-606.525274
-594.210114
-594.883346
-591.042998
-544.400074
-550.974348
-524.017392
-499.734255
-483.462987
-433.029892
-414.944135
-383.073684
-357.683041
-324.344100
-288.538727
-260.687291
-208.484743
-160.031179
-142.581379
-84.878546
-78.974906
-54.011088
-35.078574
-23.033597
8.623988
0.701132
6.572110
23.469705
-6.535477
4.589136
-2.217935
-9.121893
16.329738
15.315955
17.433056
36.224619
42.837011
59.885618
48.703028
67.268277
70.112102
80.900354
103.421739
97.988614
109.254999
140.595116
130.483951
170.059637
193.621546
232.396458
273.351194
275.672217
313.195243
311.602334
306.325689
331.246307
344.644589
367.281357
373.312739
407.740249
472.822872
503.761408
565.873494
597.925709
613.083350
645.626779
663.631840
680.553595
716.986487
684.704173
683.545893
674.153195
667.757980
635.780371
601.226007
605.306457
579.322425
542.500624
541.633214
498.434842
492.074743
469.259831
444.626148
430.236258
400.811430
399.601662
402.001063
365.583271
372.207666
348.955535
339.576117
349.722148
317.628955
337.742069
323.148115
301.245695
332.043197
309.922013
306.591989
300.508407
269.406213
265.299584
220.857624
188.794009
164.096665
167.308595
193.076136
210.754296
233.800665
284.134191
273.914188
316.800523
345.680181
386.618017
411.114681
431.232488
444.407144
458.089605
464.781485
460.143445
457.612270
487.962710
466.702907
444.088275
464.044198
470.142767
485.165853
493.756959
454.719421
463.679132
434.020510
430.359445
433.033688
412.626935
431.299528
412.789158
402.046515
399.145797
379.645432
388.998147
369.282432
375.236297
397.791915
390.787357
422.407939
434.229551
451.352335
496.604868
502.224574
531.724018
567.628405
566.402954
611.155606
604.724925
614.698514
633.158678
603.962845
619.241169
612.731742
629.018250
665.019133
660.162071
705.731968
707.671995
719.515776
749.702462
748.496021
767.421986
784.236611
771.914993
790.827615
769.235524
762.961845
763.861617
729.448938
733.714564
713.216861
697.045460
679.991372
656.590817
650.416833
609.127967
573.284253
554.096838
513.389542
501.253192
485.355622
445.154275
438.409634
417.628029
422.909344
406.941882
360.717610
374.628078
328.889275
328.462090
333.008270
288.932231
299.876047
271.940397
255.780114
264.736217
253.378418
259.630117
251.186101
251.137521
227.299548
223.041361
232.056582
222.791376
194.031258
217.411660
192.771706
187.059854
198.024360
152.981383
173.941997
153.210177
144.944203
150.617196
137.249959
141.815345
143.348826
145.797419
148.831051
147.336377
140.342195
145.376267
149.275034
154.460704
144.407859
140.367771
159.217178
147.039168
180.720013
145.979089
129.632457
138.528294
131.189230
138.203126
109.523629
108.089997
129.803179
110.529395
127.081894
114.092467
121.125125
134.411470
126.504739
129.489314
132.942697
124.260018
138.627637
119.075230
137.357425
136.534379
116.059476
122.224253
103.114393
112.469663
111.920910
99.404689
123.955084
109.945348
109.696307
131.959124
122.557433
140.256654
132.248943
116.930987
134.390728
115.944679
125.666880
129.949283
110.679780
141.337641
127.404603
136.510582
137.624205
146.049252
157.293961
150.026073
152.995779
164.888025
146.579730
155.731508
155.206058
161.931663
175.965816
153.118877
168.489867
182.467409
165.196897
178.621657
159.647299
153.654527
156.142396
147.830848
160.295836
149.096481
138.297580
142.916546
129.624218
132.249057
124.790487
126.648744
147.483916
139.277210
158.041916
171.737972
156.374659
171.937560
179.827711
188.520225
188.862226
177.671922
208.643077
181.011113
196.721372
191.964644
200.352153
216.480583
195.151896
216.423535
229.045258
194.959109
230.695787
215.575950
223.420953
233.317158
216.391137
210.173907
212.370066
197.592423
209.579009
190.090951
200.016382
204.792831
182.995722
185.306807
178.685805
193.791431
184.737490
179.596425
209.272931
193.348504
206.325272
216.533800
194.734171
213.113859
202.977013
214.810451
206.713325
192.394879
201.313549
194.791667
184.569575
202.019219
178.797103
189.980863
184.369557
184.141957
216.148963
207.805564
197.363877
214.803824
206.513112
221.178137
205.860026
216.758317
217.824402
211.759993
209.416450
210.506689
204.639506
222.144985
191.064179
207.254665
192.462081
202.012570
201.289216
178.842012
176.087779
168.439542
173.004519
185.326915
170.290493
168.377812
174.583633
153.661131
172.910378
167.542004
163.423085
141.542091
131.543106
141.134980
135.681101
121.142291
128.530425
115.681808
124.468626
130.922095
137.893120
123.435906
119.217375
107.859882
106.354061
76.528548
92.405095
70.000688
91.818686
89.570779
44.781008
77.597973
82.556281
87.561872
97.887346
92.055027
102.105378
104.297008
103.286969
107.408182
118.279325
122.385359
149.231833
136.211172
162.233359
150.525610
148.372328
145.362021
118.063617
156.000620
158.619016
135.498616
145.171528
140.235038
152.973680
154.843567
154.677073
164.567450
134.159543
147.085365
148.017762
132.091665
141.035288
143.292875
143.178159
137.044468
108.721248
136.554026
116.608908
121.100694
118.251717
102.179068
119.583544
113.983829
116.185464
147.318603
123.534723
138.086747
114.221967
111.203514
114.934135
111.955813
118.788147
126.966041
103.841729
135.257293
120.114317
118.704843
119.739941
126.926036
152.427025
128.125132
138.546968
153.905032
155.828565
170.978301
176.593288
170.541802
194.731833
171.273720
188.378220
177.103695
166.076738
183.155448
164.638160
174.799803
186.859409
165.111151
175.316462
168.081561
173.950292
175.404659
166.422560
183.701822
221.581887
240.814795
269.457808
241.873737
262.914683
263.822611
281.745309
292.405673
293.168874
299.648708
293.830089
273.138144
295.509909
270.250764
283.368588
292.876992
264.770813
276.685443
256.134652
256.866780
277.231260
232.186612
257.946467
242.662463
231.122886
242.098577
229.420847
247.581246
262.479993
234.173570
260.277091
251.287588
259.501324
265.517921
256.835796
282.153857
257.329490
281.446469
293.005906
263.825092
277.900336
277.359481
312.559978
350.893262
341.930051
353.930105
341.519224
345.438159
358.834661
342.812682
375.075599
375.397936
365.448543
389.084935
368.287187
375.489670
383.350204
382.460877
400.048946
394.233759
385.159765
406.891706
382.032098
399.271276
426.125659
411.635466
414.753980
403.004148
418.816317
419.650842
421.152991
462.559100
467.406110
514.603689
529.888991
551.552993
595.213275
604.559262
631.514926
612.643903
594.663508
558.311924
529.798050
524.638051
525.352780
508.025508
503.606932
465.933795
434.611365
416.628465
369.546814
331.266933
321.264261
308.117831
324.323767
310.512727
307.680819
303.803354
286.056556
298.928248
278.891179
281.418672
261.343715
242.140908
276.205518
241.780545
236.551056
245.050344
241.529221
240.847320
219.425792
206.917446
204.912335
205.575977
182.583474
181.594024
162.397453
169.204460
139.402226
151.592625
161.929945
147.313643
162.012409
159.313265
155.525416
185.122445
157.506413
185.387766
170.252252
194.044639
208.758281
184.772116
193.736226
199.980804
213.189685
208.569429
183.746065
208.476305
195.339483
187.964681
196.751402
172.047849
175.823287
174.725875
146.212878
168.141599
171.535354
176.413779
177.088047
150.761700
184.091180
179.013654
173.696173
191.230282
173.021546
195.007355
185.640550
148.984553
160.926989
152.008059
173.891355
157.957490
136.686995
161.773828
140.731989
134.413191
144.627605
101.544694
134.298435
120.212091
137.595671
136.749760
95.705794
121.072427
122.745624
101.986511
135.049097
122.445796
151.927845
146.734572
148.598826
160.340865
143.262894
142.379773
163.404623
176.886262
172.132380
193.435289
168.408841
156.425698
150.550462
142.224399
137.586916
120.727534
176.470180
170.307101
151.089995
179.435644
144.277410
186.182244
164.105836
143.551356
180.663897
158.866157
176.912820
187.863097
179.232409
218.836975
186.763920
205.651362
241.587187
211.131196
231.709724
229.479060
205.787706
264.835960
227.673077
296.459700
257.878265
225.838481
281.726742
188.648143
235.089732
237.711243
218.569203
293.896986
202.291033
239.230999
252.550163
184.825462
241.822704
174.019472
195.973514
203.981834
153.324752
212.765581
146.413994
148.902799
184.575456
114.080322
166.187243
139.266607
118.219283
165.552286
111.730356
139.896780
147.073272
109.126588
135.775851
119.739106
142.943041
118.894782
141.546713
142.134541
110.488115
126.476887
133.349509
127.674664
147.386944
144.995412
154.194086
137.777018
126.865617
147.964070
131.496683
151.833338
157.403861
152.028065
172.717126
149.837991
154.142705
148.535876
126.145702
140.804623
126.200793
119.583685
151.171661
131.156892
165.296492
178.756531
152.704699
177.034153
185.790079
205.069105
186.419766
174.720253
176.500366
163.534979
186.409627
171.429720
149.902716
186.529237
180.109801
183.699168
196.622639
174.780642
182.114708
185.215470
171.723762
203.631050
186.156128
187.840609
190.121194
170.168585
189.504282
161.949553
168.907387
176.241031
132.211640
179.109609
168.780375
179.070718
185.616178
159.081284
190.938280
185.172514
177.451216
184.553023
153.207101
162.061328
223.228160
261.490411
263.988843
220.066210
239.576571
238.917220
211.716086
260.120991
238.302676
237.549853
247.570118
217.644516
238.733636
199.836338
211.942019
199.886992
167.714271
189.613226
174.115437
173.802327
190.502404
164.957101
210.500956
194.316803
206.098767
217.552202
170.443244
199.882749
186.238974
150.249346
185.758239
147.992349
169.227236
167.228965
131.745397
176.399242
158.101071
159.516625
190.348212
142.642346
176.236006
161.604741
150.980000
166.434720
138.748091
174.533291
123.223125
120.475061
140.325636
109.245229
139.935371
152.854575
143.416048
152.509367
112.712078
126.478445
127.997925
113.640226
151.080732
136.646711
124.233721
161.429144
118.913315
128.085498
115.987940
123.333271
168.914190
110.301333
135.826638
131.846542
115.280942
150.444821
116.452937
147.327647
128.576839
147.264646
178.717027
140.046650
153.791161
174.621344
142.498092
170.055529
150.421700
173.551016
165.317964
118.029944
149.751772
138.369719
141.042654
170.049706
123.114022
137.619296
139.905364
131.207004
163.618872
124.346616
147.743011
154.641232
134.048507
178.725212
180.308650
140.661387
168.001634
132.290448
170.221998
145.156575
157.389046
167.316724
142.784418
156.543679
174.134318
175.097203
139.392898
126.118308
138.187408
136.524991
141.689033
173.119025
149.006087
178.898856
167.520890
130.739097
171.792706
138.153028
155.772067
161.594525
131.601361
153.258535
134.588042
140.869639
136.201769
91.691078
133.676965
137.930098
131.694539
172.933728
123.389687
142.427756
129.818112
109.164047
136.625297
106.077052
105.903574
108.115314
75.099826
96.553568
113.277577
84.670600
77.168206
73.571157
95.505233
78.804831
55.159382
80.322857
43.139108
69.987267
56.931757
51.482564
83.818184
52.359646
66.137341
63.726491
60.439408
105.986538
13.545076
16.867725
30.348517
1.524094
31.912545
16.010167
35.440525
66.387113
42.838410
73.058885
55.188089
53.632269
75.124359
34.233112
61.287392
46.903020
23.476040
41.200440
19.387190
31.021062
30.609739
17.233541
40.365903
-1.471055
11.548624
26.156037
2.480598
27.314488
15.567489
23.419843
57.942447
29.478807
67.589776
48.112928
35.663443
62.826820
47.258192
73.869951
72.077498
65.091839
94.412019
69.197855
85.590404
101.631437
87.099669
119.233447
102.476295
101.808177
125.923226
93.427563
122.112392
118.243635
111.308022
167.502280
123.289644
121.328972
108.602911
93.687424
127.324695
100.491122
113.960240
122.022276
101.003922
135.808358
106.913573
136.334777
144.889600
126.062011
154.110975
143.611273
148.530596
164.749540
110.828888
141.549470
120.665863
147.123208
145.170863
108.582908
143.923355
136.338485
118.749350
147.464498
117.634760
133.495630
134.645634
134.945901
159.433171
128.627486
131.983921
138.937281
116.024089
149.022260
130.847100
147.082293
174.108122
150.025606
189.160846
182.680429
176.127355
188.848957
152.062213
160.742500
158.807502
132.579170
162.410215
131.664548
139.562195
145.283081
137.004086
157.873427
125.415901
133.146880
136.705260
97.387630
128.997076
92.975117
101.494780
97.446965
69.388610
92.456070
87.010573
78.232480
97.010795
68.641656
96.000557
85.612565
78.320096
118.143386
105.742855
118.358053
121.428471
93.054431
115.988254
93.065221
106.548463
127.103118
111.875230
136.794855
113.213640
106.629039
127.040258
103.607014
127.411865
119.761036
108.703022
141.254855
107.076452
133.932991
141.272877
115.886649
147.689583
141.992315
155.820744
168.725636
131.940191
175.230037
157.332915
172.286634
181.422080
151.090571
164.488489
149.226768
133.207623
163.968260
134.737848
155.184265
137.900931
133.002729
145.387840
126.069986
139.381533
134.476582
112.886055
145.120804
126.929993
137.811915
139.885282
114.840988
135.089970
117.776503
104.606772
109.490138
78.108050
93.118798
72.544235
61.934227
82.994571
50.446610
71.302658
70.497258
67.674068
81.760655
63.533628
73.972572
98.933749
87.080205
112.934729
76.721471
75.080887
90.356338
65.394947
87.940465
68.826289
59.649978
78.366578
48.862028
81.505432
70.770829
71.306512
94.748735
73.319015
94.870141
95.475215
79.474667
119.432386
85.266546
92.110922
114.543046
88.715271
123.347323
121.351116
132.714685
147.792867
127.944225
141.550526
126.099099
133.849238
161.756383
130.318051
153.523243
143.907319
140.707997
166.449264
132.050503
147.701457
182.207427
159.987686
168.924929
141.757627
155.635747
161.587635
137.061615
150.818445
122.183359
118.076212
142.287262
106.737158
136.834698
131.120618
137.095044
168.768982
147.720215
179.983444
185.972345
144.925328
180.401653
153.981007
160.569765
165.919832
143.409200
172.507556
153.186684
147.123009
146.228236
112.786937
136.340828
115.344699
100.302164
116.787179
83.358177
110.984133
105.311745
102.176798
109.435862
77.161529
81.539250
95.832151
75.397461
97.482900
63.429492
76.259038
91.268491
78.903079
115.982221
111.988001
108.564579
132.105734
103.637731
135.832848
116.613805
119.969712
144.651712
127.864075
112.761641
103.490744
80.626462
123.698148
103.603694
118.104304
126.055660
98.142291
125.746360
102.322048
104.143595
130.377957
96.173963
125.149840
121.371812
81.265983
173.250113
130.599314
113.341187
211.441502
116.790901
167.120150
158.613743
93.697031
199.900027
96.746856
151.183278
163.316865
77.714514
176.747608
91.251327
119.994205
154.319438
52.350813
168.999292
104.894253
117.869976
146.133815
90.732618
154.441163
97.148739
106.477844
138.295406
82.276520
134.029366
100.625172
116.084918
155.784957
109.931171
166.441629
152.292258
141.606764
181.618760
128.640591
173.177424
166.023842
140.720819
200.141136
141.397331
128.916108
146.295479
102.185842
152.053645
109.893239
122.451812
150.825877
80.224477
168.285428
151.508183
60.855855
183.858497
72.013890
121.331154
199.281400
47.983597
218.028268
114.340155
125.113766
226.219869
29.462287
199.092191
135.544613
87.822298
264.334559
81.632860
228.791519
212.974389
125.926069
299.467764
138.766142
203.559933
242.221223
119.316075
284.447121
139.802165
178.879679
239.486128
83.931304
246.050845
144.284517
165.703339
265.313724
99.822066
267.830986
195.867784
170.693262
313.222676
143.873465
300.850465
260.697946
190.664235
350.366033
196.971363
285.867686
301.096513
181.335222
349.432597
209.931667
257.998045
278.767551
145.777458
292.482284
192.890630
200.931053
276.936289
174.990613
255.246425
201.328615
221.280750
228.332670
183.772512
243.494943
214.146604
224.716515
242.316236
191.500600
249.560580
218.928273
212.111650
248.104406
214.106461
244.944510
231.888628
235.249432
275.700284
245.117516
263.056620
243.728128
217.024407
262.725701
232.604599
258.916257
273.712227
245.938743
278.416472
263.999074
275.954186
295.742115
265.277710
299.215434
249.368029
257.859935
277.204337
227.497179
250.737448
235.612817
220.893446
245.414323
209.181184
230.223714
223.113895
216.088925
250.718453
226.976141
233.076912
240.433269
195.677540
240.456900
187.470634
141.276904
326.080695
188.660414
228.125236
297.333562
152.956775
290.373268
221.030606
189.997668
274.175490
208.747908
228.622869
227.689495
185.979246
216.027612
165.098498
171.192034
199.182837
139.833079
199.363532
172.951832
183.927355
209.170831
222.557658
228.786550
241.044567
267.618520
228.785152
232.820917
247.944815
221.903327
243.355681
229.688230
227.277404
235.358245
224.443157
243.147402
251.513072
252.183576
279.883250
263.532825
280.987504
288.735775
262.925174
277.278483
266.030477
259.617616
266.929921
244.908085
268.417079
259.073677
265.840942
280.860461
267.516246
277.261795
269.197949
279.986344
293.295110
282.048765
300.580048
297.644782
289.222513
308.509558
289.045984
321.304121
316.365951
308.764191
323.301874
315.519231
328.479738
344.450781
330.299405
347.214687
337.944549
349.694641
351.922376
337.230034
359.117417
357.006707
351.665267
371.554817
336.196279
354.726839
345.916923
329.519826
331.420376
307.525674
323.374554
313.070808
290.631933
299.522154
269.253075
265.674580
259.053423
239.251095
255.452105
233.976743
228.721895
231.553557
219.846272
236.946874
241.601845
229.545318
253.455291
243.822140
254.516101
259.568504
266.107343
274.940816
268.043836
273.038961
283.487302
278.903658
305.920144
279.244654
283.213998
285.841295
266.644897
263.286837
253.634065
247.063530
256.324425
235.192973
246.253365
231.162146
222.631516
229.187058
210.036476
212.659162
206.345369
191.870597
201.998164
172.816434
180.318645
169.945755
155.775013
172.940837
161.753877
168.218143
183.341672
168.280040
177.496170
165.334176
164.408214
176.683842
153.914993
167.271206
139.112335
131.146434
146.376683
124.016575
124.439960
121.987233
110.130887
147.465487
129.729807
144.041206
160.400789
147.741299
155.613535
151.543022
150.483683
156.831498
143.719189
178.084869
159.050327
163.582682
188.844870
191.221072
195.461710
189.516861
182.913519
192.200519
180.919631
197.135639
203.948907
198.716056
214.315433
206.294453
228.805299
240.031602
244.333080
268.875064
273.463004
285.262648
302.633850
300.106197
319.763084
305.276908
307.611063
303.655920
284.918872
292.370114
283.351494
270.453092
282.402115
255.828331
267.806698
264.560025
264.267800
272.572760
252.880880
243.792482
245.464802
224.473474
238.048720
225.434956
218.627194
214.661071
203.782694
216.641508
205.990887
203.918586
221.888310
197.657034
190.227107
199.763478
179.023935
188.582341
182.273840
176.641900
177.546121
164.789193
171.416975
148.074443
149.712035
177.914468
177.347550
191.704678
195.195949
208.469776
214.456748
226.648799
238.906300
228.467078
224.533329
245.958402
231.530150
249.702850
251.583706
248.968993
249.192057
249.257562
248.419299
257.237245
251.091039
270.353765
262.255850
275.894796
276.529656
266.111446
274.667200
271.379612
290.469017
314.852971
302.142206
325.634282
307.481460
290.155233
278.772277
236.850842
222.616154
205.271310
183.662763
171.616468
148.317036
151.443637
140.087091
111.557542
109.321048
90.529317
86.679430
70.554727
63.347971
80.215610
71.445827
71.727100
100.231162
101.237060
104.517760
81.212558
81.377651
86.467824
85.175486
94.089532
94.545493
68.103648
61.691771
25.607866
30.598709
21.070253
-4.817242
3.674765
-18.373104
-31.281965
-18.306410
-32.231418
-19.366101
-16.489115
-23.334947
-15.117187
-24.342786
-22.700999
-24.567594
-22.255830
-9.697086
-17.577230
-3.070182
10.747096
17.527721
48.366728
52.405856
66.105148
56.030994
64.415398
80.745192
74.719015
79.976015
95.709420
74.655692
100.537919
92.096442
84.295192
94.792051
87.655907
88.087379
107.388653
94.213443
117.025545
100.687252
123.855925
132.558903
121.955328
145.466745
136.931944
139.508671
152.714904
132.238019
145.090562
143.383401
146.117755
157.876268
138.818220
148.584124
155.973353
148.378861
149.694104
125.879888
114.172447
113.080388
74.426623
80.543472
52.377374
55.872427
74.960023
69.397088
80.440786
74.944502
78.626346
96.972216
82.711006
109.942226
110.082696
108.961204
120.240118
113.944143
118.127158
123.814487
116.264079
123.929435
129.235646
161.298223
159.258783
149.799374
152.945230
148.899674
150.917614
165.604019
148.694377
169.759104
161.895787
161.468325
155.873543
137.362843
138.395846
135.499845
139.607535
153.650588
135.147241
130.879727
131.651078
120.906329
135.562544
113.782403
109.959753
108.113982
87.554351
82.261285
72.019039
71.101724
78.424809
70.300472
98.296492
90.602773
93.943007
105.123138
84.889098
92.605155
89.078596
73.666510
90.911703
73.078186
81.687452
59.832251
56.038765
52.797738
51.340304
45.510273
45.836721
25.470233
42.199311
17.342020
6.056605
21.897206
14.566152
26.127780
10.887311
12.038643
27.258539
7.033310
20.472278
22.517473
10.962328
16.256033
-3.551610
-4.582918
1.574144
-10.674395
-6.457273
-12.696048
-6.184068
-5.379855
-31.751910
-8.263270
-17.567747
-18.635874
-28.362959
-34.164835
-28.614091
-35.808999
-39.905529
-17.119735
-43.533321
-26.971968
-27.273320
-30.140357
-17.634367
-33.824813
-27.450350
-14.980313
-38.889559
-22.983375
-32.106475
-38.284374
-32.305853
-36.260689
-12.520991
-22.645216
-36.935771
-20.493623
-41.541021
-30.150323
-30.379752
-28.497590
-5.339839
-20.312758
-11.229968
2.687262
4.512683
15.258458
-8.918123
-3.348746
21.439056
4.634276
23.768621
25.002948
41.434027
54.406098
51.823739
62.972680
59.133890
57.223740
65.194516
50.404205
58.594480
61.746282
57.945551
60.299082
56.781317
48.819068
53.237693
35.260242
62.107233
37.372438
41.723957
49.823409
41.070440
61.637186
55.543002
57.365982
67.124822
55.827391
74.852321
81.032261
76.492636
85.284547
64.553333
78.962831
83.474100
88.307194
111.857346
89.244806
97.045170
101.980659
88.757827
110.736343
94.025032
88.145529
91.620010
83.431923
93.810660
96.850327
101.754289
128.652415
109.415976
120.199957
121.583533
130.758195
128.740303
114.064869
113.442516
125.016872
113.456572
126.112911
111.758132
125.473884
125.913306
106.337779
123.759514
128.217157
123.180380
134.786670
140.027338
164.405684
160.892736
160.503496
169.238773
157.272255
172.394733
166.100880
144.754402
150.461446
124.554043
127.199690
125.749112
116.289047
141.090348
121.519124
111.832873
109.945355
97.481804
113.687165
108.770355
108.419375
125.071388
99.086515
117.164437
113.651383
116.194126
132.937702
121.741971
136.935241
139.332504
116.934070
145.844201
124.297805
132.176411
139.433593
120.868822
125.953681
109.594599
108.943656
126.550085
114.147483
124.577998
110.220554
106.865477
100.782724
87.685452
94.851444
86.240535
70.744352
84.271801
60.055405
74.118783
77.249242
71.179675
92.893110
66.662513
83.115686
88.769306
88.261829
95.689005
94.318242
74.686344
81.246016
56.323854
72.017624
46.205775
38.536812
41.216050
25.327781
40.199561
41.274138
23.820447
51.352097
41.157813
60.651274
72.653223
44.243749
56.782597
44.115762
43.081401
57.956085
43.932019
64.261783
58.021706
66.821461
79.887884
69.878255
86.647704
88.762005
78.653676
96.559362
71.562877
86.098193
90.420240
83.901704
108.547375
96.931298
113.208431
106.271273
89.361897
116.916933
105.521747
104.286102
112.364989
95.612464
116.337810
96.890726
94.710238
95.645135
91.132257
97.846692
96.041398
82.082492
103.964299
87.777031
106.321648
105.712032
88.499280
104.218233
91.905583
87.128172
78.696592
55.808931
71.184747
51.229668
64.828381
78.029890
64.542770
91.929277
88.707350
95.551524
111.025840
82.738893
99.676971
100.089607
97.333828
94.643875
78.602232
95.399456
87.344628
77.786954
75.680598
62.077070
68.830545
83.026866
64.069686
87.401739
70.853297
79.204206
79.911901
66.480251
82.740544
86.181148
83.587469
109.170714
87.482153
97.646968
90.102806
87.980759
110.974242
89.484618
92.157840
95.020188
75.941412
92.655385
77.219423
101.661691
111.323218
99.936436
117.147282
112.797270
121.350837
135.880774
118.041051
151.075425
146.742227
137.729912
149.820525
117.258240
120.039336
105.955702
95.813774
114.931236
98.770734
100.860330
102.979922
97.748402
119.026358
99.534375
111.793787
116.515564
100.940739
116.293182
110.637211
101.963311
119.703708
88.018293
102.362016
87.526322
80.467695
89.421728
83.772641
98.043261
96.645578
86.305131
103.749571
69.787564
78.682024
74.102135
67.784050
82.466572
68.964307
53.982309
58.788520
50.526790
59.628348
52.635238
45.692518
53.604644
51.304157
79.184189
80.797899
82.745517
114.080218
100.397209
91.411029
97.666698
76.310434
91.464576
53.904563
78.095349
85.841816
72.886805
86.615211
79.506350
82.355998
99.427583
74.067220
89.448932
85.077220
84.492968
88.584818
82.987968
80.484858
88.680093
89.104256
104.386078
86.969203
96.498284
96.203306
82.222889
89.534889
81.806854
89.050174
96.336201
81.243837
103.902336
84.773645
74.515712
87.825990
68.181557
77.009106
61.352268
53.855659
62.715696
31.236230
43.008623
38.992666
25.797497
44.424470
26.363145
38.722642
36.285473
26.196550
26.555862
14.238555
10.424145
18.070922
-0.602044
23.364328
17.545564
27.303252
33.063515
19.301016
29.528176
37.489781
24.707495
39.802700
34.902755
46.354020
44.183788
48.080303
76.348480
84.819749
96.864093
121.966393
132.376444
147.366951
131.417932
145.145604
149.157815
131.338899
119.451527
106.849813
102.592900
113.824194
90.478358
92.772929
88.205776
74.031588
94.968257
80.139854
91.359239
94.382969
84.988497
116.236375
118.277133
109.920120
118.484877
91.880436
107.057976
91.417000
94.608432
90.771537
71.030887
73.031079
71.540736
59.571327
77.249429
58.050480
68.387681
57.923311
54.826352
69.254460
55.333631
62.996003
74.541088
47.231724
76.454756
54.390458
61.602766
63.260559
51.164916
59.837036
66.798349
59.702400
86.749874
70.029539
93.865321
93.611884
88.227056
108.660652
96.966009
108.389685
85.209883
84.298245
99.387223
88.561950
95.854733
113.602719
107.902699
130.505069
118.778470
123.393459
125.620902
111.288861
115.455182
121.197115
126.162054
127.829423
94.481038
118.705848
110.710310
107.702772
127.227637
111.637315
114.442077
121.946246
100.738891
124.984701
117.943226
120.852562
117.546348
103.384250
130.856291
112.084876
102.059788
116.275294
93.782254
100.789875
104.188808
89.722413
107.782290
83.417968
89.194087
100.655417
85.939944
81.548470
74.746951
67.281655
64.384664
38.991899
55.856037
37.302922
45.755255
43.523894
26.104788
42.848618
42.570249
51.345503
67.960928
49.388537
65.533281
61.175559
56.822691
57.059350
47.446371
45.744968
53.948192
40.495349
62.854540
35.226931
55.426249
58.349764
45.743365
60.216314
58.562458
63.945207
78.963677
63.287397
76.820038
71.379159
65.793256
75.815744
36.788496
65.275702
73.781838
66.152060
75.242936
66.845549
78.445194
88.248775
84.718108
111.772975
76.614591
87.623080
83.943989
64.357505
73.620960
68.392025
72.403520
95.538752
71.917942
78.004920
64.956914
59.664345
78.379462
68.304090
74.850809
81.107797
72.718583
88.262914
63.464931
68.470015
57.189038
45.559705
59.423747
39.908254
38.542111
52.726393
38.285165
76.842738
66.649859
60.661160
86.259041
70.105581
95.965523
88.672099
86.033385
102.268680
92.971105
98.998392
103.769582
107.754062
132.112403
109.175803
118.296205
121.821496
99.748622
108.209988
93.635002
89.026086
110.501029
86.060064
109.117724
97.598832
98.564169
115.228998
103.825311
121.445511
109.352183
105.632231
137.196748
108.171389
109.723076
105.839334
100.946121
119.587228
87.614148
96.337213
103.095667
79.497338
115.510102
94.332086
105.180015
126.476976
93.972628
106.227133
106.748870
115.140993
125.557931
120.369207
139.944237
124.476944
111.468320
134.422074
108.063140
117.377184
118.294037
103.452834
102.021689
85.969136
81.454373
98.137549
85.488888
106.733449
92.637503
101.398629
114.248702
98.537290
104.833855
102.841203
70.795461
79.968097
44.562334
61.340616
71.932979
66.036634
73.518986
62.566173
68.265154
65.901472
45.215798
66.179808
63.317719
59.014637
63.637112
49.450702
57.618762
60.809838
60.013372
68.766159
48.877516
54.423320
62.332641
45.092264
36.872898
18.708137
37.739651
39.663371
29.195399
49.236499
25.858702
14.602017
28.492259
13.307965
51.694975
33.448567
44.572038
72.923435
66.510194
88.320323
92.515966
87.357204
107.573507
78.751846
97.867828
75.025210
75.994457
99.341859
90.613274
96.252895
108.587105
104.169322
120.040501
109.439082
124.075777
119.444433
90.809038
101.186335
83.285362
75.514920
82.983171
73.715815
88.741352
85.449076
77.061246
92.047062
68.573891
83.062577
80.409151
83.679144
95.615308
69.100422
71.026348
72.505448
59.692284
93.668535
65.021601
62.397652
74.323622
72.883126
73.710345
65.209627
53.180142
66.959650
53.079224
55.970223
54.284527
52.807531
52.694169
39.056666
49.181532
53.102984
34.642699
45.245568
35.409366
48.957814
46.237675
31.784356
36.195189
38.916477
35.274504
31.514637
20.624590
31.036183
30.725822
27.272855
41.097679
27.559553
35.715992
23.109099
-5.287911
-2.292794
-13.535202
0.128354
5.804560
9.512974
38.151210
32.368968
42.429370
48.685539
51.712059
56.031687
49.385459
55.214435
70.718799
54.468807
82.568164
63.862071
81.360824
93.486778
83.257188
78.950907
75.337044
65.142672
70.884348
51.755871
57.749048
53.027293
39.839866
44.670751
31.543208
41.875206
50.849502
32.923123
55.197646
51.656450
66.480819
92.148340
81.320094
85.788552
85.923644
77.205223
91.037115
76.260484
77.505021
69.771002
59.293708
69.723763
55.114827
59.632857
56.972380
59.500895
66.034411
65.451620
61.670019
76.854945
65.369249
90.697609
79.026840
83.858966
95.251473
90.611387
82.765649
76.754917
58.043184
71.312381
66.005037
76.070003
79.564461
64.837990
65.387056
55.750732
56.853824
64.578692
52.287957
62.138462
63.516939
89.215475
91.584024
77.683563
93.653501
83.013910
80.733442
94.674055
83.107155
92.630697
81.648011
71.681827
94.062458
75.748973
94.212071
88.568925
71.891922
92.561178
98.624888
96.056196
98.625284
78.207728
95.617663
75.987325
75.756169
71.817535
60.704869
67.245782
54.777196
50.176206
74.213227
48.005870
81.315667
70.583035
60.497105
74.509094
58.715167
60.327673
65.804185
48.535897
60.313666
44.985632
45.669917
61.870717
57.468028
70.383827
53.750832
39.035752
39.780314
34.352066
36.383504
27.725221
21.339403
34.249804
15.713292
32.713085
33.583954
39.734886
51.936449
46.580293
61.390576
70.344013
57.918530
76.807957
62.229469
68.723310
62.326433
49.138937
51.509447
53.226390
46.037054
63.784756
40.877438
45.693551
48.714001
50.221634
80.751801
68.254644
73.472959
97.797248
91.220483
100.686330
72.560714
71.234120
72.890765
57.891613
72.748786
54.754423
61.677668
71.160387
46.195164
53.250851
55.500217
43.124489
59.797465
34.897425
49.229953
45.005157
39.986365
64.240256
42.451287
44.214777
55.437160
31.001425
35.546252
23.119579
23.816549
28.431450
19.169619
6.754745
11.415038
21.122016
45.433908
18.391960
50.036432
39.985752
44.829999
56.187771
25.292737
24.517682
35.054881
25.913099
55.710914
29.024254
39.771725
41.494484
19.943785
36.118453
30.097576
41.506162
49.168297
37.235011
53.819997
37.902313
34.549157
49.061556
25.934292
40.614957
32.500288
44.667639
57.519884
47.772384
49.116246
56.977781
41.194444
51.988676
39.735756
57.190551
62.281412
69.525785
90.236735
92.324848
104.836341
118.679673
97.601449
124.017468
95.184516
105.045365
100.514140
80.780868
92.014407
90.674063
82.601131
105.163831
89.176227
112.504945
113.954526
100.109232
122.507997
107.621046
116.584995
128.115857
117.171103
147.597535
134.158891
147.018455
165.589549
157.655583
177.582187
176.486548
192.747703
193.939198
178.257181
195.023709
183.726138
182.819811
208.176923
172.607751
186.149250
199.923962
182.504127
202.379929
198.769893
198.461630
219.298464
184.307267
210.685946
191.378749
176.916182
176.821986
161.141198
178.593077
176.819622
172.506266
197.467333
172.141553
186.158891
158.588281
137.465702
138.764467
116.138807
125.338277
121.188406
107.839573
118.299546
106.342769
108.564045
136.002111
130.148489
136.310534
127.117319
135.200237
136.097311
117.153581
133.848102
137.172427
122.162370
148.222440
124.366003
133.253902
121.388534
105.453181
115.212364
93.179726
82.134647
77.903938
56.853310
81.518277
63.732160
75.042445
72.380343
63.031694
85.799932
77.416832
69.453697
67.448736
54.826121
72.319255
62.701924
61.564357
69.211959
63.845695
75.694987
71.065151
59.620550
89.462465
77.167715
83.254244
91.798508
78.265009
89.632383
79.945050
82.932403
89.081285
61.800106
67.477723
59.739008
50.305265
58.869402
35.586839
42.195658
26.084349
13.334968
28.652603
21.595834
32.947823
37.658033
27.176610
39.754954
17.660225
37.597817
40.038749
28.826129
43.962675
28.602296
14.224235
21.132379
4.384500
29.348730
15.095939
26.424932
41.618609
33.495285
57.517386
65.364130
27.878979
48.565622
28.701223
50.442381
58.275314
40.620886
61.229374
43.432907
46.663609
51.601370
26.225961
53.193131
42.164710
24.797602
36.508304
14.952563
35.141225
16.288945
5.610285
26.996990
19.860620
25.503271
32.533498
21.307664
43.672016
31.501391
40.688080
45.975359
34.455288
52.290331
44.241048
46.183831
63.675023
43.812962
68.081039
63.723998
64.034376
57.164100
50.659672
70.797839
64.383664
60.773161
77.325294
54.381316
78.767717
84.940594
82.876047
91.251434
71.954628
74.716541
77.612093
70.454533
77.745914
54.102748
47.221233
53.631171
27.692862
34.916384
19.530983
6.996449
13.449367
8.580868
24.362525
19.793205
16.276893
49.232889
26.081316
43.914800
31.528806
11.830665
31.672641
30.599974
10.550759
24.647220
-8.962777
17.646730
6.182767
-8.777844
17.975561
7.180316
21.691538
20.960832
0.047399
25.033882
14.449666
33.917558
23.927274
27.124554
50.394654
41.351532
34.301925
53.798007
43.625924
69.138366
57.052386
60.666036
73.160911
45.790236
63.695449
47.932512
60.923990
71.824508
57.012021
69.385940
56.655752
62.148155
97.960665
65.028048
77.096957
91.569582
88.740712
105.381772
93.502950
84.406870
96.976698
78.316279
107.460316
78.567452
85.104976
101.503724
88.517101
108.291962
96.624950
95.518504
117.606881
89.841231
111.390720
107.737499
84.813479
100.080233
87.724870
118.212482
126.981425
114.727959
146.454001
121.086603
129.258413
144.722295
128.302463
137.604870
120.198177
131.840849
138.002305
112.821029
115.876982
92.074877
83.699135
90.261461
56.846490
80.056196
67.209437
60.736378
61.217224
24.480779
22.686784
24.007569
-6.223047
13.955217
-4.574387
3.998480
11.254655
7.995245
23.521452
28.399644
14.623242
30.776057
23.896855
35.886983
21.339892
18.478697
22.114576
14.545662
35.088813
33.981254
28.416674
48.907247
34.098419
51.674479
49.653486
47.441676
48.310578
26.337296
34.080872
48.318920
41.665618
73.231884
51.038377
29.070949
43.147622
18.417242
36.553798
39.537140
25.255557
38.989715
24.027225
41.613496
50.971301
23.787225
48.981488
25.502268
32.853070
51.730192
47.109953
64.984014
57.043785
53.233678
68.560968
46.453768
61.220795
59.347863
69.786188
85.270959
73.356147
97.495982
111.576474
93.054297
120.856832
96.180656
102.824752
121.195802
80.720731
94.470353
74.999072
72.461249
83.727072
52.196790
79.174336
72.864085
68.630164
97.838417
63.103986
87.552821
75.086827
91.071404
104.996567
70.328881
92.979041
108.425916
80.388840
98.436169
82.889942
94.676232
97.109166
70.811115
99.895392
106.379746
117.842907
138.538028
118.481198
141.617517
124.012388
142.898912
144.191172
127.207399
133.418733
139.984224
124.783650
135.361620
110.335760
121.265536
127.389290
94.942184
113.380641
109.229130
104.574641
107.421387
90.257754
118.335427
94.615651
87.014265
112.813455
97.916740
127.249345
126.020557
114.807248
134.835112
125.764040
120.973656
129.578718
119.464087
156.170599
147.333291
143.912063
132.491600
120.688044
117.496342
99.241834
96.202062
116.658772
82.918589
111.606557
109.726788
96.544540
119.861725
97.240106
107.915773
113.284581
118.930294
112.243136
85.947707
108.585184
88.129601
75.799354
100.690790
80.406674
81.161750
88.710864
75.499170
96.273442
82.429250
76.549806
96.773909
76.359924
101.419420
91.359178
97.569702
119.295724
107.210253
121.090241
116.149989
113.024569
140.348695
116.034901
122.904358
119.601040
122.539968
132.098153
126.478228
118.552394
131.700172
127.290033
158.044249
146.375872
155.078964
157.392109
132.669074
147.305443
146.984529
134.266175
154.566599
142.994087
165.434032
146.123470
136.601664
159.443308
146.110257
162.369260
165.569871
135.638151
152.707297
131.498465
123.782856
126.150269
103.982334
148.239522
142.276863
139.385388
156.271573
131.646606
148.324320
137.118533
127.871662
154.339763
134.803250
148.840110
151.565470
139.472556
150.323447
118.742896
120.216245
108.111620
75.166754
98.538273
84.891577
108.689554
135.418434
135.564492
163.057086
156.167299
142.187067
165.949623
134.909963
149.169950
133.566199
131.168824
163.410819
153.784247
160.963699
158.975998
140.329010
155.137010
130.270169
139.042554
157.955653
148.660310
164.441789
133.682689
141.856096
158.687615
131.043252
134.526094
125.161318
110.004190
126.060718
94.213579
116.511480
111.939062
93.331254
98.801054
96.888528
107.064576
117.161397
103.178682
118.938715
102.207939
110.360707
109.013889
94.736194
112.912975
97.594483
87.131222
106.851210
90.308633
102.497502
95.462961
101.939652
120.343448
101.133585
119.902588
132.154436
136.537252
147.669463
123.917181
132.773703
135.064071
133.137487
148.847359
132.730806
150.879573
160.953209
143.102453
144.433541
148.630577
149.775481
165.104796
143.688790
157.011347
152.974838
148.485227
159.446887
156.736225
163.370090
160.063043
143.712402
173.180940
163.895834
193.443529
185.001861
170.964948
189.311790
186.894960
181.126486
190.671871
177.942153
187.749466
171.342668
182.287570
198.634710
164.718778
181.674234
183.453916
168.404192
185.161731
156.120886
158.195377
161.411058
146.353928
150.567539
152.068598
162.473905
160.879017
145.489999
168.412836
152.455590
142.464978
155.085458
131.030944
148.748703
159.797665
151.692957
164.902242
140.812465
146.391934
160.357373
134.137563
158.245493
128.110792
136.318237
136.271604
134.254283
135.773521
115.288501
144.216908
133.480133
126.726075
152.737028
142.604484
140.906212
138.876163
140.183995
160.605061
160.598767
145.278822
161.837662
153.908893
159.579210
149.227404
136.863855
149.694890
138.547010
139.033065
136.173434
115.606998
130.000746
124.788074
121.485073
135.959385
111.797270
138.562927
122.363015
126.947895
134.104527
123.704564
124.076332
128.329375
123.270500
143.186493
124.510533
120.641079
124.129074
125.024932
126.690851
126.135382
139.064892
158.038632
163.991392
182.770997
163.516417
179.042081
178.398451
147.175555
164.953029
157.589898
153.784551
172.782803
153.076225
163.564527
164.663823
155.783464
168.702081
153.989909
169.583464
170.492168
168.337508
180.478563
156.969267
161.219201
162.785950
154.836817
163.474895
154.100483
155.083258
154.189475
132.196749
144.192632
146.925385
130.636194
147.275685
132.905538
151.478807
141.788707
135.692219
150.498869
132.155323
137.073612
156.095567
137.856273
167.927375
147.945665
149.432337
142.513017
132.385897
144.953755
141.206958
145.029573
156.360983
138.703379
150.190874
144.563603
140.219789
154.428575
146.971093
167.261873
172.152747
173.999835
184.921723
174.525010
176.852090
176.870079
165.486677
188.017192
176.256740
180.022950
198.990059
188.431209
192.945616
183.210314
176.628329
189.236460
159.172641
174.327708
182.657607
173.649069
173.988883
174.179033
186.919371
196.824845
164.401801
190.561547
174.079200
185.480309
197.839703
188.781516
199.888164
190.768688
195.140005
205.058407
181.970765
203.878747
198.113641
189.858905
192.885399
169.223402
185.567858
176.813753
155.748739
170.218870
170.609405
185.554668
190.609298
173.776549
205.960936
189.242840
192.061867
200.634660
191.480315
188.666277
164.887180
158.374821
173.631174
165.270459
186.802052
168.969513
166.990447
171.690322
142.113793
145.065683
156.834560
148.292127
168.711114
139.105834
142.440415
152.797110
140.972680
150.486997
145.311323
144.603322
157.788857
149.020425
161.555768
146.086399
133.028541
142.219890
123.337838
122.286143
101.433176
102.538164
114.938056
89.613013
111.423759
115.578808
101.454717
125.175369
112.355400
108.019280
127.355355
117.641686
121.174005
111.744364
107.101575
130.501724
98.630657
106.843665
94.238115
92.951754
108.454096
107.038396
139.172069
132.211626
106.091819
131.616150
102.213029
127.235811
120.417256
107.618298
127.873861
108.848100
124.280308
130.258948
102.957246
122.106868
102.214942
104.275527
111.870832
103.394375
101.585537
116.983899
110.003620
125.082421
122.830719
133.697629
137.107564
138.936879
147.071522
113.021643
139.202060
147.986481
141.153542
164.688881
148.610552
141.377131
163.067588
134.079836
145.275189
136.859329
129.324565
144.125497
115.144354
121.110788
135.419667
116.427100
134.249854
100.535483
117.033149
113.797206
100.818802
123.201213
118.008903
110.984376
121.614744
102.881908
135.466968
121.122040
92.406237
104.765728
86.863385
118.136570
115.404526
104.268895
121.587035
94.361605
111.104644
102.183923
106.910413
117.905003
99.946654
122.158806
120.221576
110.184694
123.353625
117.147648
121.353872
136.617594
123.060334
140.875797
130.804841
142.675268
151.757865
124.765372
142.152625
139.784625
135.662397
155.804205
122.406548
152.045544
139.614224
136.507823
150.824515
142.376088
144.589982
175.272931
136.383953
147.172756
138.671718
150.925515
164.301818
133.220301
152.163637
133.128310
124.954067
135.271378
120.387313
137.568126
120.292539
134.983650
139.079145
103.246036
129.181314
119.193078
108.070984
141.328253
120.371009
126.404494
142.234492
113.555679
131.069635
117.823159
119.075934
129.204540
114.535787
128.833246
122.854563
101.583758
118.293332
96.292107
94.607835
92.957280
85.259401
91.720058
84.464434
96.726182
114.360488
101.683892
115.522239
92.456254
86.789732
90.147898
70.712016
76.530590
82.744638
79.867356
89.070183
71.535055
92.273289
83.230131
70.436695
84.269841
58.050818
63.106774
57.744136
40.088853
61.281807
44.014272
68.091298
71.163586
39.608822
66.804491
41.066737
43.185764
49.732771
51.336864
74.738484
63.659881
61.513158
90.361856
63.263354
83.382866
51.268463
62.004309
88.153333
83.507291
93.734538
100.607839
89.725972
112.099088
103.354761
103.926325
89.765217
75.456340
94.817222
84.148844
96.325430
87.257730
63.234215
79.392928
78.946196
76.583743
89.005060
81.417340
90.918240
95.791097
75.491355
98.213131
65.642907
67.134222
60.915220
55.051732
78.419449
52.562445
74.781004
79.151535
58.621928
63.701718
39.602310
54.563812
82.436406
64.102801
75.152880
62.344526
67.425774
70.067223
56.989540
75.471914
67.339364
73.921038
80.360124
60.397393
83.867591
87.855246
88.759308
95.256942
90.407843
87.164902
86.652290
54.044122
79.967249
73.199121
94.724159
102.740583
87.336231
120.376271
101.779351
99.229810
115.465230
97.993803
125.784563
105.959828
99.968402
116.683217
88.420759
99.809529
110.803002
89.197540
107.812280
92.095641
98.818945
106.897794
78.899099
119.201485
100.007928
98.711190
119.925677
80.984064
72.800912
89.057872
72.157094
79.232704
58.600657
88.085952
93.870380
93.417375
105.779782
97.735788
74.490300
105.004413
97.469146
112.223882
93.710960
112.526764
115.310370
108.970409
121.679094
120.639299
123.134576
134.860665
135.652226
142.749289
137.574736
125.076088
158.165978
159.016602
171.976342
167.614164
158.095714
174.193704
160.694107
150.202162
147.252110
117.111417
116.204747
93.343720
110.204838
108.281418
86.118944
108.143180
93.033591
75.746233
101.308264
84.901650
98.931594
98.297818
84.170044
96.926759
93.879013
112.971788
101.003688
81.665022
113.353988
89.526079
102.228263
108.548195
95.072055
118.509172
91.273354
94.312203
111.811982
96.447301
120.991997
92.694112
83.887642
107.785884
89.026185
104.197099
86.714765
64.226229
91.785552
73.947769
83.842143
99.154328
88.854472
109.252383
103.874514
106.066806
110.416570
113.888878
114.146568
109.739769
111.489494
130.843710
79.245730
104.336397
100.270677
89.528308
93.767778
81.690715
91.823330
87.758169
64.588204
75.834828
75.479823
85.546916
69.020075
67.809738
99.139135
95.199117
82.854413
119.889352
88.152053
108.947357
98.493997
93.147270
116.063475
81.622556
79.018085
84.311381
87.786025
98.613229
87.792173
93.448942
100.139108
79.393733
95.003161
81.206505
91.113043
108.817588
98.683126
94.937533
72.479265
73.907611
100.879080
73.361770
86.961904
85.998406
81.621429
97.597805
75.063949
79.360495
77.906953
71.548202
93.235750
85.678360
98.467778
98.703446
91.801041
108.838218
112.882582
104.115531
104.063313
87.805160
77.968469
65.789290
81.458592
77.007815
53.478153
82.024165
81.884066
78.020321
95.561850
92.295478
97.021258
105.675818
99.951175
109.401271
75.482922
78.477437
79.535383
67.926716
88.355052
87.053119
66.097650
86.421286
67.342420
97.317685
83.469861
74.189168
92.641689
81.309690
100.473738
92.823363
70.826724
114.227175
108.240743
125.290556
112.088664
102.934959
124.739757
107.121415
114.371011
128.398057
113.286815
143.075317
141.492954
140.976838
157.166604
130.507549
151.965186
157.848601
139.213954
154.038791
132.490997
135.391465
114.026381
107.261945
126.059343
116.836854
142.208039
131.222220
113.710086
126.789429
106.501339
100.890569
117.406263
93.748465
100.335020
71.807375
83.826405
74.623089
71.297985
85.353805
66.862922
34.201809
46.955280
16.320979
31.834716
27.574886
15.393280
25.627398
3.558536
6.701513
26.011099
11.030131
36.409711
12.780715
17.988338
33.440916
20.372747
44.016805
47.509954
35.524766
71.872297
31.617768
50.146852
63.018511
50.050011
80.239645
58.468461
72.453717
72.236073
52.292367
56.906707
50.982545
52.770327
77.453089
55.646663
68.595388
49.279785
52.236876
60.086093
42.719513
42.148710
37.809808
33.660129
50.616495
34.232974
56.309077
58.321735
58.036181
89.122540
73.333861
81.574976
86.200902
63.255480
77.595921
44.889241
50.606480
67.036936
72.991933
81.666508
79.762855
85.406509
101.837735
85.142431
89.631340
70.451122
69.635911
81.601793
57.421418
61.466009
67.976684
72.459466
78.561553
60.688063
69.595378
84.352819
66.178899
69.109816
70.709308
84.975243
87.148883
78.135821
98.208155
100.478291
91.590384
111.885710
90.245333
106.343720
91.193205
97.129081
109.415318
96.639290
116.138000
130.787063
105.525887
133.577809
118.521695
115.378688
126.110405
117.245975
133.740288
121.805212
127.617550
141.935750
132.103733
147.705628
131.842058
142.349445
157.725101
132.946652
162.055086
157.198311
146.462230
162.750099
149.478219
158.238823
162.902090
152.168285
186.873578
165.746895
176.955676
172.496818
157.504309
155.606988
148.962526
141.298268
159.686753
144.364591
170.495946
164.959997
172.016606
173.738931
170.477320
189.390789
188.791722
153.309437
171.709102
147.618205
150.034489
162.439052
150.967178
163.453906
144.128813
144.251731
156.401416
132.193543
159.644753
150.058427
156.718648
177.586530
161.936720
183.559713
180.826178
176.363924
182.009478
151.861237
169.758881
165.032184
147.145915
164.903301
144.010995
159.789008
165.462709
162.617332
178.330009
170.015898
168.496572
179.489205
144.547390
169.526994
167.073670
160.589066
165.770554
155.885473
177.112369
186.611132
165.224794
186.407276
186.659875
195.211564
178.931892
178.532965
187.536485
181.043946
175.094197
187.810845
169.510196
191.874465
169.400148
165.730598
181.924201
162.839104
169.656980
160.350473
149.912202
167.343825
148.100592
161.372187
176.571919
167.858002
202.934536
183.014488
187.659876
197.943360
193.078939
200.444208
180.108462
164.250929
180.716397
159.650157
168.152629
161.255201
173.098362
183.366551
162.850695
174.051598
177.454761
179.106940
211.349456
199.735502
230.703010
221.146878
213.763278
225.091332
212.424468
196.113647
205.659061
194.532339
208.868262
195.955917
209.159681
224.488262
208.846185
233.045574
218.962803
202.484778
210.358634
173.458418
195.933652
197.001916
183.123846
199.921178
171.900760
170.227939
158.935467
151.957654
156.680317
140.124680
155.621007
160.085716
143.830750
155.467126
126.960523
133.176123
130.734716
122.292767
136.739248
124.691653
126.034256
151.711967
120.310507
141.387576
126.259184
107.917305
128.595847
108.849441
104.796333
123.392662
104.707702
127.859239
127.053163
135.814193
150.398834
136.498450
167.741881
158.872130
156.628508
177.670437
161.642693
187.144687
188.799525
178.290640
192.976424
172.132529
185.477418
186.819560
186.727460
203.237426
197.408929
203.747333
217.331546
188.072780
216.891078
182.214207
196.440085
207.066834
184.685738
198.944776
190.183998
183.823652
195.737724
165.887878
178.314738
165.806494
150.338121
146.103021
122.527082
133.241382
145.788816
127.369829
153.638100
138.580758
153.036073
162.506437
147.494393
150.573178
143.851821
149.916720
168.415050
145.929632
163.252823
153.850097
143.982030
170.637315
149.808631
163.943030
161.524169
160.701865
188.778718
174.321612
159.058881
184.904896
165.568475
182.880300
165.619562
172.354567
180.230106
161.050289
182.280534
180.061028
173.138685
196.376936
171.100175
213.968871
186.282601
176.843061
185.682025
170.518355
183.540149
176.322169
181.116230
200.058266
195.948537
207.081864
217.510500
214.792411
233.806594
225.559653
236.976522
257.222402
235.920504
262.913602
258.995521
258.729317
266.823336
247.717285
264.878567
223.296343
217.726410
242.553754
203.346331
216.316732
217.107246
193.152803
220.086453
195.575607
204.921241
208.477109
194.984240
204.568064
197.607552
182.702967
208.090667
193.885341
209.452346
200.202511
204.619985
213.063052
204.986852
205.318279
212.161663
204.773357
229.695176
210.332313
230.596115
232.139281
212.639263
229.734965
219.479390
221.639610
238.660068
225.598340
234.705658
218.978684
224.684425
259.326906
216.218419
227.163349
204.579158
200.904361
207.651197
179.238413
177.691510
169.347835
150.264093
165.771160
156.642208
155.211300
165.074626
162.103091
164.645962
156.916970
151.981658
158.377873
128.569496
148.492162
147.075090
130.561151
150.630331
132.266475
155.073934
157.324695
143.356563
165.164994
140.192001
155.452470
146.570262
137.582381
144.700801
122.591061
133.641611
150.367214
130.684113
132.218632
114.507744
115.983946
117.533370
102.508290
125.075674
114.573447
108.983695
111.206163
102.283278
108.457128
112.030136
99.518558
121.206033
99.800263
114.834116
129.911766
104.811615
118.514402
114.052154
115.622211
128.895535
128.545379
164.030216
140.326866
145.531908
163.467641
143.460402
153.431031
164.432552
148.597037
176.817568
153.086002
176.333361
158.930434
156.269260
151.024546
125.224010
127.513247
127.271962
110.089209
133.054929
115.372349
123.209956
131.591748
110.432547
128.657476
126.714858
132.236997
139.026930
133.831903
156.124742
153.762629
128.658103
142.387532
131.916932
149.379177
145.108557
134.840517
155.682528
138.310112
136.543936
156.863311
143.261589
177.530269
155.771043
150.248530
152.552479
149.741365
162.370398
173.631952
174.116645
187.157001
151.942318
166.120865
166.802284
152.583130
171.423811
141.863089
154.366391
163.926836
123.598770
142.225892
112.115050
125.980532
138.047411
142.944124
156.433904
142.142434
134.240539
141.954445
125.518366
134.086022
130.464704
126.138204
143.972107
126.742030
120.169260
118.013923
107.697402
124.199147
119.021066
128.523811
125.980034
123.475910
142.230222
130.097126
133.989451
136.873757
133.774348
142.720964
149.561990
144.618917
164.443963
150.852410
164.501063
162.191941
170.216377
174.763298
162.140385
182.513983
198.338012
188.852605
184.500438
145.490861
151.036304
161.957004
155.703932
157.269552
134.850630
127.901728
146.433194
119.746281
122.117853
113.601648
98.659650
128.797796
109.342296
121.530288
131.704973
136.063460
153.009994
145.608285
157.464425
163.812643
150.653220
170.178452
149.194294
158.911326
161.512289
140.990246
152.223869
136.451094
191.863453
163.924661
128.008952
166.016188
164.618209
170.846406
155.815668
172.698158
169.033371
172.958929
152.038338
172.816028
135.318314
139.288738
133.629693
113.824362
114.392210
98.919996
90.392847
106.821175
101.257416
121.018140
110.130687
97.540364
118.960171
99.349672
108.896066
97.541551
87.422760
109.116876
90.729197
92.367484
104.534438
79.900874
94.667243
85.685895
96.292717
103.975543
110.944487
140.343467
131.440647
137.495172
157.917199
136.190216
147.544927
134.773025
126.021093
128.128558
124.377285
135.886890
145.796372
146.826031
170.346688
160.165122
179.511497
176.506026
169.919902
199.650346
188.261137
192.345778
203.143204
176.269925
188.445267
176.893356
173.193529
168.343597
145.648230
163.079504
171.767375
167.708894
171.464208
175.082069
177.371767
185.467976
175.898049
192.071596
177.683729
189.696127
182.423061
170.151165
176.449302
151.120859
134.363479
141.374910
118.053941
122.150359
98.664618
90.813933
100.348029
86.052232
89.870932
90.570586
64.034714
81.149198
67.679063
77.130684
62.975234
56.933891
80.252961
66.610541
61.627227
65.600143
40.652993
66.747684
45.858956
41.941385
60.814381
51.055230
73.133103
61.921774
60.100354
79.158476
60.991579
73.310507
63.246062
34.631513
57.537667
56.996944
63.497458
61.301770
53.965471
75.784243
72.941811
72.652343
79.432962
56.617418
80.143784
64.058501
78.383770
83.024160
50.170777
51.656793
51.144539
41.076554
62.390145
40.744432
54.059644
46.511194
40.218383
57.732975
51.497342
53.233880
57.347697
49.320345
68.016746
49.858273
48.942606
57.615578
33.347125
39.056334
35.275467
38.746031
54.553611
56.781695
62.630875
70.073578
62.038340
83.327312
54.345242
62.165294
65.413402
41.422926
51.186025
36.277329
57.232629
53.542756
39.999558
67.951297
41.675153
37.881828
23.947964
11.223708
32.903965
30.186067
37.410113
69.770625
37.106853
74.461029
56.593778
49.055321
49.570967
34.423110
48.968004
63.550888
43.760061
60.079085
40.526592
57.640820
61.887147
40.369789
54.464742
44.270582
46.351837
49.884835
22.235848
35.853071
23.703296
8.104633
31.633927
6.682218
30.906060
41.486539
17.732595
40.421841
25.803002
25.986058
21.440019
19.265025
41.380926
16.723398
27.613002
33.371218
7.019453
19.985867
12.120873
4.437264
23.529635
7.984193
34.558033
34.605379
38.081688
44.143236
33.008137
49.956561
67.875082
54.142658
63.832150
48.944477
62.824176
49.102582
32.322610
52.330547
62.744643
53.478862
71.086030
67.138527
102.677458
93.472439
100.009602
124.515564
115.263232
141.520462
140.806378
136.597989
146.613546
120.830940
139.404424
156.349001
142.200884
168.096528
156.875678
169.855949
165.856909
167.393281
168.828121
148.150429
149.803838
165.690563
133.825729
145.731689
138.549010
129.444887
131.631968
123.949761
125.033151
116.286281
118.747154
141.757348
120.356539
143.781072
144.501059
125.433857
140.931486
121.821817
122.281665
133.253812
112.216188
125.856887
113.851336
116.195589
145.985416
149.265419
153.583794
139.333937
144.933676
158.514644
140.548645
154.908857
148.339779
146.652708
163.675326
131.009939
155.218354
141.845387
120.534018
130.756541
110.951563
120.603502
140.267509
115.618963
141.091034
124.678672
130.057537
151.997428
122.301696
137.598155
142.077080
100.101941
127.638453
110.902188
123.130136
115.615543
113.303035
125.907879
112.681275
123.543092
124.619405
108.506487
130.661783
116.841068
124.404624
127.027269
106.563186
115.901236
119.433210
118.211225
133.170945
128.209261
142.852130
145.067029
148.936755
177.541521
165.224769
164.207013
159.794366
137.925436
142.705117
123.139058
112.888230
136.122437
120.209679
147.289326
136.489382
145.908212
159.668326
148.589632
170.355512
163.342426
146.273431
166.846995
123.141476
146.696035
136.177342
124.914195
144.279847
123.356255
128.922510
125.769058
107.600402
142.465174
124.250145
130.260140
140.926547
131.360347
155.434240
125.885271
139.204179
161.442909
135.577194
166.742258
156.716054
156.608733
164.207664
173.034139
188.659426
185.873598
187.773275
199.052294
183.066558
186.944675
199.998899
179.156528
183.270040
173.803115
179.749496
190.495433
160.376330
165.928195
175.621120
169.766198
180.622337
156.491502
184.704754
175.013764
182.887487
187.193087
163.364387
185.971745
190.133854
156.163201
175.492535
154.270226
150.777751
171.074224
149.974174
145.889208
140.540364
125.030789
131.795367
117.854113
140.084634
137.407258
137.643531
154.226715
140.216422
148.390424
126.028393
113.813095
118.931708
104.173886
114.561310
125.149917
115.076208
147.796889
109.813914
119.964072
131.065752
116.857596
125.123133
112.978638
116.292502
126.134506
105.196474
107.134478
84.689775
102.061877
99.858589
101.542982
104.103974
95.252347
87.199465
110.152891
107.500533
127.704123
129.342306
137.648573
135.342060
112.896822
137.531751
123.958307
108.018456
135.908818
127.661367
112.288331
138.615802
111.102671
150.010309
140.097174
132.070897
161.809485
138.271010
153.808987
161.004893
143.534709
170.817972
144.947434
150.550404
150.412620
131.355295
147.304056
144.141987
166.202538
165.733480
152.944256
182.742356
182.826671
151.154175
169.388430
147.870640
162.394063
149.664188
137.802382
178.739786
149.115070
159.905268
162.044495
159.317414
173.558255
157.983263
167.796557
162.450123
130.801708
152.059609
134.872539
151.652792
151.334957
134.059848
144.487557
127.915835
127.991416
144.326125
128.489163
139.657313
137.659109
130.426727
156.069047
137.622728
161.458323
156.060351
138.966075
150.929933
126.743744
135.228176
146.401263
131.341894
146.448714
117.345976
110.786410
121.363698
107.416016
125.446325
116.376685
106.460823
120.419190
85.280101
91.202353
89.494985
77.718263
94.483702
80.931129
115.418140
96.135813
81.278847
96.658807
81.777827
89.680360
90.753319
85.997364
108.245947
99.235717
101.965486
122.071855
115.546835
135.637054
129.838493
127.249274
155.344822
128.027923
143.833007
143.439585
141.355897
147.231786
132.608578
145.939385
140.206461
126.786086
153.601987
140.805150
149.977228
159.414433
164.870731
167.928637
170.283705
159.902699
165.333076
153.401342
170.483613
153.808987
141.736004
153.744513
125.956899
121.248256
122.998047
103.874956
134.904027
120.159036
120.630741
130.316581
116.308425
126.797538
123.016333
129.281302
143.013208
116.239507
126.736910
111.357790
96.361062
131.103741
90.130524
96.500050
101.386889
95.074949
109.361906
91.283782
97.940730
95.966169
88.099659
108.530474
81.147465
84.003376
89.681826
79.684570
94.653280
84.057233
80.267956
97.171455
74.622463
100.597022
93.444651
77.967034
73.236606
57.315119
68.579410
65.565153
56.891109
88.245641
81.057786
83.351407
98.514178
90.501106
109.255218
112.514363
141.067401
143.189683
126.754912
147.414705
132.538886
140.797624
155.807817
132.767267
144.801093
136.679672
132.952460
149.609961
139.629358
160.254334
169.464606
152.513104
179.363382
167.771890
177.547055
169.158318
163.109066
173.984966
158.512272
164.049744
172.828704
163.193176
194.051637
172.281437
181.781382
198.376702
165.813531
174.669004
158.016543
139.943827
156.443848
137.483908
159.233733
158.759050
143.788695
156.578048
133.730834
149.215591
154.574451
136.852684
157.818369
151.288114
165.479410
192.859041
165.283455
186.647737
168.799694
175.259632
180.580519
170.526393
184.499721
171.302592
153.695462
175.404109
148.744520
158.278271
168.471215
170.485387
196.813238
185.612083
181.290793
182.097248
161.631595
180.221481
158.235830
162.352513
165.446451
151.003460
168.641029
169.645753
146.574818
155.905219
143.462028
141.469243
129.903704
126.577235
141.863118
133.761529
135.199834
149.097113
129.273897
151.786688
139.157769
148.360213
155.491266
136.834845
151.293340
138.618345
136.184492
148.500909
126.162632
139.834975
145.802389
110.202914
132.828326
110.421921
119.727146
126.311728
101.633909
123.633408
118.135720
110.309414
117.769804
110.581441
136.097470
114.887293
113.251562
124.301519
113.987882
129.479141
125.263830
124.124370
147.762353
115.116954
139.443982
143.210597
142.479971
163.061556
148.370307
157.866346
161.553972
152.341619
182.205214
158.200127
169.399284
176.784485
163.233684
179.794376
158.126567
182.790252
193.783527
165.082047
187.031253
180.190459
167.895109
196.020097
175.731286
194.629406
206.877285
190.383768
204.760142
196.068579
200.153243
215.113116
200.712401
227.626489
198.971056
211.137318
220.282452
188.803032
202.662987
204.511193
207.506917
217.120995
204.464233
226.878120
212.394013
201.386639
219.422231
212.550734
232.850156
235.431376
222.334035
252.057819
240.684228
237.288836
239.343438
227.628545
247.828664
230.385881
227.276324
256.493448
246.072341
261.241728
251.639920
237.329957
261.052194
235.867785
244.431869
233.987348
197.897975
217.326006
184.988598
201.368811
208.335150
176.801663
201.577326
168.766699
183.943593
179.403699
172.916530
191.186547
174.453449
158.472987
178.734627
140.713914
157.755091
151.357035
160.608986
191.692775
180.061081
178.452956
188.765817
175.996410
193.397654
167.074559
177.591941
180.643166
171.038717
183.705037
170.676161
169.406664
162.941492
166.272420
175.580497
162.607590
157.067602
157.456359
140.212006
150.566309
140.919453
130.425582
137.866911
125.260637
129.990144
146.671166
140.108439
164.419784
138.533085
164.692028
165.288563
152.805457
163.694666
147.115231
143.877685
164.587312
145.813216
165.474613
142.466286
125.545737
134.757095
122.451295
130.457087
125.787169
106.913941
121.798824
111.313700
119.415923
125.005414
118.920905
127.302239
117.946309
113.743408
126.469781
124.209533
143.981772
144.418839
143.190474
162.237979
134.075360
161.830192
157.719852
152.047471
152.235213
145.412540
153.375122
152.234501
139.707357
161.616090
134.745419
166.428405
165.425542
160.719652
171.331252
163.379718
159.576188
169.798666
147.053095
173.250700
167.300247
178.569285
188.941511
178.015802
183.210633
186.078010
169.794518
179.958374
149.987934
160.023191
157.547573
149.559175
177.010159
160.976025
175.082380
176.716407
160.971692
177.117832
166.224990
170.474100
181.247700
159.662196
165.461753
155.283624
142.908038
154.676691
137.434543
138.649906
136.921965
107.108789
122.660094
101.955858
120.243620
131.460244
115.313590
113.770446
104.129931
98.600473
112.621033
73.840438
99.912346
92.411582
92.082436
108.979573
104.251254
117.845333
114.447428
97.842622
125.339714
111.592043
122.595887
114.371577
117.604149
146.546617
119.802597
144.727566
148.959063
127.573047
166.715688
146.073656
142.297407
152.585134
119.000648
127.707307
116.300191
103.071704
115.069069
98.205565
130.128628
115.192991
107.558595
138.419655
122.624721
183.919073
177.283165
170.361597
188.806666
171.728290
181.912612
198.110253
181.269983
213.262096
200.536583
208.194868
222.170374
197.788973
212.926567
205.547825
203.090073
211.136059
172.770069
196.181824
189.676374
188.366192
195.644594
195.636327
198.330451
188.787127
187.813021
202.614363
180.675761
189.113907
191.926098
162.658650
189.690174
173.237939
176.663850
188.694555
161.213619
178.037193
170.355814
156.727967
180.600086
169.813563
193.637765
177.638258
161.074672
177.367684
158.190578
172.180410
172.048030
138.076325
148.514023
136.057252
154.191893
133.034927
144.465166
169.342730
152.826587
164.078604
173.020013
147.682889
168.167169
173.740694
160.187974
159.400923
154.919152
162.095853
159.526296
133.140399
144.696642
134.428052
157.839457
147.760764
134.800805
159.419106
163.883024
177.946615
189.693606
186.896336
208.487613
204.168147
209.829598
212.900387
196.061619
205.090613
197.248321
192.782285
195.675392
178.604581
187.816047
195.357512
178.344305
216.793766
208.019023
199.334028
198.355053
175.750169
188.476649
182.819051
175.948426
196.389356
174.159841
204.541304
185.946408
190.290354
197.345374
165.270431
177.400912
181.040300
175.982943
186.739978
170.897067
179.398076
162.418689
154.460971
173.536847
141.274500
139.991222
155.239365
141.354004
162.624282
149.133428
147.607916
179.626062
156.347404
185.415547
183.693354
153.130122
171.138384
153.248582
153.615897
164.775369
148.304095
171.672540
139.911301
148.360666
154.399191
138.526195
169.200247
147.240177
131.782285
151.324779
129.654303
171.219946
151.854073
146.755575
167.980306
143.284007
151.016984
149.536665
148.431195
175.372849
157.849638
164.047498
181.311975
175.551365
201.944544
188.909833
180.770837
192.380071
171.710512
198.749568
199.687866
200.184203
214.479657
202.467945
223.873626
213.972295
207.118368
223.988599
206.369117
214.573167
225.302178
206.126595
253.502005
208.757713
224.148226
235.202677
216.966318
233.715276
225.662838
228.353926
232.520316
208.740762
233.669071
203.839477
206.981550
223.047970
198.554224
219.283442
218.431593
211.982614
220.118933
187.906702
203.528499
185.971434
178.483821
198.678340
172.432914
189.814664
186.960222
164.074537
176.853477
168.501332
166.518400
180.656409
156.331626
160.518045
161.728092
158.135456
172.687136
160.527962
162.407586
181.623591
177.238734
197.835306
173.356577
193.303504
183.560423
163.121857
178.801114
161.086348
148.113033
149.307222
133.037040
155.484204
127.086969
129.812637
150.204401
129.798693
136.817995
125.328236
117.253703
130.650204
96.556735
107.961027
93.325215
83.878910
106.550981
83.603165
95.416807
114.363014
103.929501
132.102042
115.579881
115.717369
136.387567
111.934829
123.732929
108.960239
117.176036
129.762331
111.234058
119.100633
124.672521
130.863604
148.269082
129.361357
149.702741
134.001146
139.057550
149.563754
154.775288
169.965091
183.088147
171.642516
208.294232
178.723927
189.785438
185.759182
169.215336
184.418177
181.552335
183.776579
193.213992
180.117157
199.587370
206.153371
179.436668
193.489327
174.171744
202.910585
195.325370
181.372416
220.514094
200.966896
210.578654
216.165311
202.653400
223.066907
213.568762
211.508552
220.308017
206.649950
221.790336
223.573714
203.776853
218.631294
180.811931
203.395706
194.114059
185.567698
218.605901
210.777339
230.815699
238.024855
222.248246
256.882958
233.097370
257.022021
247.933344
231.764359
235.472757
214.826199
195.842918
203.183835
182.890849
212.323460
214.743835
207.102382
228.093449
213.707962
233.958990
226.871987
208.454098
236.541777
219.420584
217.713550
212.455220
176.088581
194.353498
169.937555
176.231221
183.186599
170.625110
194.366544
192.494487
189.145052
215.780384
187.496006
211.997314
199.764985
199.767952
205.840376
207.101222
210.586172
200.684356
185.871507
209.988025
187.214452
193.255018
195.291719
188.024891
204.381057
194.662246
184.009971
208.354791
184.957381
197.016710
167.633364
165.933720
154.579254
123.301221
134.463073
132.566058
131.916987
140.417285
142.639072
157.384736
155.185841
151.949721
169.553274
149.573691
157.631264
164.567200
141.405066
150.992970
143.265779
150.411777
178.272589
169.502296
186.622081
181.839581
189.626821
198.462863
177.017136
180.415975
178.687665
159.708271
169.286490
132.637751
140.869877
133.192041
119.923969
131.778548
125.764172
128.980713
134.352603
122.790446
123.470766
110.003466
118.105661
137.022631
125.683582
133.803343
131.597864
120.099429
131.346248
104.459986
110.927298
105.331646
80.371514
88.514798
75.001520
82.171779
86.087593
69.408488
93.272080
93.172590
95.114811
88.212891
87.204636
110.599211
100.169981
102.989902
114.729457
113.635085
133.460133
136.639939
117.194555
142.549502
113.964768
134.478739
140.181429
145.413134
157.791379
151.877927
150.044316
154.731538
136.750558
154.381132
137.029979
131.697869
123.939767
114.866395
127.667140
129.044614
116.927381
138.125000
119.123517
140.495484
136.671318
136.703765
151.931860
134.360352
140.108272
137.192721
115.315637
136.196740
99.577276
119.123313
134.788440
121.797429
142.272080
120.063982
124.579007
135.686632
128.778574
136.139324
120.395519
104.564823
111.052588
78.905106
99.231510
76.732090
72.568133
90.637106
82.721642
92.702676
108.655761
107.379375
102.372084
95.288275
93.503981
98.601613
83.661702
87.540867
81.391237
79.078022
98.355353
80.910922
91.420360
101.486914
97.928257
113.049165
108.478535
130.338044
149.409092
138.948747
136.535434
124.606468
119.482987
115.571561
104.157180
112.576364
105.166374
108.542811
117.014955
93.867425
103.363749
91.064341
91.661370
107.203332
91.646406
104.671701
85.232663
84.606795
103.017458
79.966992
86.932139
104.850107
88.972136
110.709528
96.015234
108.824374
105.003787
92.150047
95.546213
91.756933
67.022600
72.021337
54.634959
62.362814
48.775942
33.335210
53.198130
38.990423
67.314554
74.567606
59.960751
76.784707
63.703380
75.296933
64.965518
50.789800
59.172917
47.830403
50.093429
45.163475
28.271398
48.584227
58.182494
61.462856
85.773284
67.345651
81.383022
91.646068
82.213462
105.749515
76.476315
52.131595
59.873831
47.084891
51.944747
23.738678
44.734942
34.239427
29.577425
35.246967
41.845420
39.418777
60.706811
43.246661
73.161206
66.366801
59.629467
62.992113
39.666128
45.654429
36.931629
15.625814
20.709043
12.368363
26.286685
29.160360
16.659575
31.082410
22.032806
29.396142
34.703273
22.292680
36.731367
18.383732
7.006381
12.200911
-20.120642
-18.926365
-40.466347
-36.198436
-23.968222
-35.352122
-37.451850
-30.607527
-36.128173
-14.404460
-25.904668
-5.823496
-1.720839
-13.742900
-9.355561
-26.846683
-11.678145
-3.627442
-15.328499
9.086851
0.644202
8.291171
12.707269
10.631538
24.099271
39.842390
38.999760
58.501973
33.973954
48.125931
54.532299
35.570645
40.033826
24.743206
39.359514
40.445364
9.621467
23.510945
24.977884
20.048206
30.647743
11.872398
34.815497
31.582903
37.915859
41.226118
32.349087
41.770924
41.834575
19.773885
30.974685
17.947522
30.354665
14.538020
6.787984
21.908338
8.093199
4.327330
16.422826
-7.603403
25.346762
22.171679
26.082901
19.554746
16.753188
22.909467
6.414653
-0.673623
21.294439
-0.359277
5.313765
8.664491
19.305328
40.750819
40.407605
42.730417
45.781239
32.269320
48.290603
47.219560
52.838326
63.898424
51.172292
67.869550
55.109432
64.620879
70.169109
60.538027
76.382536
85.709461
76.854309
117.687846
81.262367
101.451140
98.285077
97.245690
116.677963
113.237580
109.569332
103.419938
92.170035
103.127291
73.525823
73.956671
90.456497
89.807343
98.884525
83.621792
77.724639
92.283871
78.714483
82.984596
64.086112
48.351625
67.814054
56.629673
46.741154
62.529582
55.342372
68.987399
59.411227
76.768465
89.606619
80.580721
114.963682
101.471651
110.067585
121.740158
119.298291
119.710009
124.718780
109.230490
128.683952
103.463309
136.633952
124.515677
121.875561
117.912151
108.661919
122.074612
128.834496
125.547698
141.685114
122.096169
134.427817
142.531546
133.031684
133.487253
129.364151
125.181978
140.473002
107.743830
114.822807
120.375760
113.267815
115.630057
101.872259
114.711835
116.045597
107.372920
123.337346
119.154439
135.005259
155.350932
150.455466
171.860373
153.815149
158.126062
149.274284
129.097899
148.635326
143.737689
131.599176
147.820543
132.505495
151.867383
124.988516
121.904537
138.352280
139.534213
144.881552
139.587307
124.985353
143.943251
111.383931
130.529472
121.801725
111.669739
107.386973
89.235241
86.449298
87.863763
64.526060
79.361544
73.958130
83.014596
84.914484
73.802453
77.754888
83.352611
69.590515
88.456868
64.897747
67.972692
63.826314
59.084381
74.021100
56.211031
75.365389
78.811755
59.521690
77.801484
63.176479
47.650285
70.981786
43.646293
63.928665
52.617325
69.126616
81.847176
54.648870
67.873109
74.938066
42.231943
63.766762
62.370377
68.270257
80.922541
78.792122
101.785463
99.202539
106.577371
125.831639
99.818952
122.405708
106.316064
115.390829
128.902118
120.649771
119.018052
130.347857
122.491957
134.456143
118.017180
130.230161
135.823661
131.214921
139.499369
118.581666
136.648630
133.442154
128.856513
143.266503
139.966207
155.593965
169.757588
152.839529
164.765610
164.549275
160.690389
177.935720
179.193703
187.253737
187.818211
189.748676
201.789678
179.473839
193.691600
195.190959
189.846857
207.264439
202.675799
196.437821
202.115417
179.787475
196.088657
180.950884
183.968121
190.219865
177.627729
194.167852
190.578923
187.002536
220.136249
194.294264
210.531331
187.576075
178.841189
197.099200
180.571938
195.519238
188.831689
177.880680
186.685448
172.686318
175.937115
172.911733
157.557384
180.716585
174.622970
178.096263
183.985914
176.784815
178.859350
180.603523
156.773087
179.777717
159.627876
172.206993
176.866271
156.714505
161.085976
153.381072
149.227564
165.737072
142.980982
143.956086
124.405195
116.600027
109.614575
106.132202
105.512089
95.443708
93.592694
116.251724
101.440843
110.080443
103.783964
98.770345
111.982280
96.096153
98.530723
104.436307
78.594731
81.113002
64.849262
61.865657
73.646917
58.321495
76.048599
71.058737
67.440976
52.965929
41.706083
49.313516
32.644739
32.525268
42.600781
25.416858
31.709388
24.538924
26.758242
46.657052
48.054414
60.148453
87.603509
72.349874
100.492125
81.298176
88.698822
82.056356
86.804016
87.285929
68.327351
79.884386
95.785877
61.778457
85.266278
83.546968
72.430142
105.213173
91.003892
97.972009
96.095978
83.013244
97.602364
80.323442
87.991011
97.731567
82.545418
102.882264
94.515847
88.270358
91.855101
91.902856
104.889442
98.944156
92.830074
101.015976
77.543872
96.606110
71.829113
59.186365
58.496481
47.221670
51.926887
56.250532
41.692846
62.679600
31.309487
36.704868
36.220925
33.435575
38.521529
23.044328
24.045769
31.128330
16.458247
35.753718
29.396284
30.040619
49.340057
40.451085
53.710153
67.014125
62.656323
88.723559
79.702908
86.649000
86.190346
79.059385
103.015610
74.886775
60.991636
49.974695
42.911753
57.886882
43.711486
48.333593
74.940470
67.071072
90.113774
70.208176
60.104417
72.827990
54.969235
60.606526
73.010130
56.577640
72.484554
48.445625
48.521329
53.786011
35.057204
57.236710
41.951512
41.065805
45.928218
29.864643
48.565523
32.136469
19.063559
3.181650
-9.152067
-0.960535
-0.349693
-17.136961
-12.949580
