71.834908
102.151947
100.557613
87.289871
88.051682
92.431034
86.314962
79.562435
87.439056
67.288797
94.480633
62.160538
75.358468
73.456057
68.978146
74.620406
68.654543
59.670706
86.955944
66.000256
90.470177
88.271891
88.769528
99.518920
85.157119
109.288668
117.994212
122.579813
134.703846
130.340270
128.624756
147.445682
132.104740
163.350936
152.295657
159.911706
160.663380
157.230572
148.964417
152.849934
150.877764
173.464641
151.732835
170.233474
154.400247
158.789598
156.084886
161.931659
171.987908
170.941238
151.856126
178.364796
163.091184
166.686806
169.830985
169.153421
172.753041
167.937089
156.941136
173.123379
135.302135
166.075797
163.332599
146.046540
150.768446
135.739929
147.441910
137.345052
126.058796
133.003731
121.942403
124.217755
127.045617
107.342636
133.252676
117.335558
121.729034
127.812314
122.337956
130.283550
128.596964
112.011997
133.926406
105.108614
121.377716
107.782121
110.718093
116.725347
112.178355
109.008063
123.881548
96.120514
116.724366
95.938763
99.466769
93.060837
90.829065
102.848418
100.648076
85.282980
113.620926
95.668334
111.928637
107.700989
112.999054
122.249210
107.852734
117.344986
112.326508
104.268494
122.411672
101.986005
105.895442
118.445197
110.119522
130.299546
106.899817
123.055458
129.568738
122.357224
126.272653
108.410290
97.472459
127.077154
98.375713
121.784121
97.726297
103.748945
99.353499
97.841148
91.172457
101.532744
76.472290
102.031439
71.951953
94.503712
96.871422
92.361031
83.180254
86.954905
75.650921
93.585462
69.995133
83.822329
68.039422
58.491904
60.012906
56.167612
65.768889
45.287240
54.222246
56.892795
42.058607
58.629098
62.840002
61.947240
72.674054
60.392251
72.199109
67.177038
55.162120
64.698698
54.162687
55.460064
67.078225
45.538112
64.780012
49.235531
61.606208
60.844472
59.227644
71.239390
87.405946
69.187405
99.875618
60.579561
88.943933
72.162359
61.922526
79.555001
73.023242
73.674038
82.215891
61.991129
89.818747
66.933281
74.559148
86.195742
88.793641
109.915970
108.622575
105.830111
118.710550
112.998301
118.986318
116.407177
112.343903
125.646562
99.654261
114.977479
110.222284
113.557461
115.853732
109.087610
112.141930
117.903369
99.794752
128.990980
100.998374
118.196625
119.946890
109.147576
125.624233
132.814838
121.999596
145.810774
126.003854
148.846589
125.388492
128.182902
131.046574
123.704866
114.424408
132.129582
106.417374
124.525090
106.694801
115.367960
124.814285
114.402582
130.585280
127.773439
125.856405
144.076244
135.423888
142.901680
137.085346
135.226355
141.854733
124.368352
131.264659
119.096285
130.315658
146.342524
134.257040
132.026040
140.817305
118.228399
144.344954
119.013494
134.541245
133.911970
119.917906
127.571200
138.102108
116.309424
135.582214
110.464235
134.016979
129.333920
135.262225
138.727005
135.602671
123.373668
141.909589
132.139403
161.927621
148.663713
177.222720
181.600888
176.704218
182.716767
174.091831
174.250720
170.087749
153.538919
168.839446
166.811333
179.353832
197.414481
175.508807
181.728887
174.668969
170.287958
181.362829
163.899854
160.796158
164.690841
145.253247
170.183361
163.930832
181.193552
182.209960
180.028229
184.358665
187.385527
177.157968
185.277305
164.312484
198.465259
184.225990
180.836871
175.351059
166.657777
148.803404
159.404842
149.955214
175.766825
153.221069
162.059933
162.718257
163.842977
162.784595
145.223533
145.578474
157.763823
143.528210
158.663705
155.172724
149.021031
154.515876
142.140953
149.522466
143.681096
136.206540
135.742926
124.001120
123.644886
127.901392
120.132762
131.403876
116.035013
125.204792
120.723620
105.280612
89.455177
95.194335
92.669127
124.788612
104.372869
123.499008
118.613861
123.772823
120.843575
131.832860
131.918663
149.109021
125.094284
152.689605
137.164454
154.717109
157.482291
144.974347
152.154591
158.879909
146.317408
161.544172
149.999918
172.483660
172.806587
163.629639
183.199192
165.291274
164.817170
171.448194
156.882213
171.928684
163.997009
151.621468
156.103356
138.377828
154.621260
144.787534
158.268386
162.320932
157.262625
158.060944
155.753331
145.457941
161.230934
132.805248
147.886673
137.018185
135.317897
144.154381
134.378230
134.589612
147.922050
110.908975
130.063120
122.770294
138.875068
144.066243
144.405245
158.020520
151.154210
142.769730
168.828098
148.072890
176.541552
186.315588
176.278487
181.889725
160.641812
164.364339
162.015686
143.602455
154.984116
137.424376
153.383172
161.913038
154.914762
170.511026
151.018298
156.989338
154.639275
149.642998
158.183568
161.301766
149.520651
165.304118
147.250731
165.853699
148.129886
159.443369
157.466112
146.850594
139.489460
150.109609
129.521406
157.961140
130.551690
149.588107
144.971229
140.855596
147.822924
145.631663
128.471403
147.724914
130.636180
151.832279
145.903315
138.970084
155.242218
146.915648
141.924590
141.895374
125.945777
144.072418
122.276403
130.845248
129.235900
123.941102
150.205070
129.883594
134.081780
142.651758
134.982608
144.877380
149.114040
135.550380
151.016767
131.514915
152.307646
143.521116
145.313484
159.229004
151.045386
146.947396
160.400838
145.827372
176.427111
142.980601
159.012244
160.250105
141.424888
138.864537
140.795628
137.005996
156.042001
135.613067
155.462005
137.468702
140.654400
142.016181
143.233785
136.349396
138.314138
130.202597
140.066714
122.959157
131.872569
142.818545
121.428387
146.507758
135.922486
140.529702
137.243727
127.592846
134.556531
127.894019
120.414368
141.193211
122.335731
137.609332
119.189427
129.466161
140.560046
135.336706
147.685015
166.376383
147.681416
168.141333
146.296938
162.186939
157.926832
151.480190
158.856728
159.473846
140.256272
153.577002
127.948300
140.064798
114.908569
108.460324
108.167260
107.469786
109.741383
114.286918
101.306352
116.869219
109.865548
125.939837
127.164283
121.601317
135.710400
120.557948
121.508682
122.269376
121.859297
133.122294
129.657825
114.887356
134.844110
109.094948
135.004564
121.574550
133.823731
131.568005
123.470289
121.622864
130.450349
123.919414
144.935008
121.000307
137.352386
129.735513
132.227897
136.459379
134.502966
136.307485
152.796505
132.362758
156.743293
140.614838
146.243941
141.173709
127.706142
140.004110
140.772773
117.580739
127.393798
120.686664
123.991562
115.041111
109.021186
123.081133
95.068936
97.634563
100.830868
96.811245
111.483663
100.055774
96.133491
106.820170
78.778001
100.120518
89.071554
98.834870
104.652570
102.276494
110.970229
117.482012
96.699003
124.473319
102.668708
130.427343
120.738794
131.020197
128.769581
131.770297
132.245452
144.182526
129.166813
158.306557
146.084264
165.248151
160.627367
157.631130
158.477411
160.038241
155.467777
168.302139
145.315569
148.460059
134.056398
128.707160
140.024134
119.344089
131.528372
121.959401
108.131614
108.626774
96.939104
117.205896
111.853368
101.138494
115.769729
99.696343
115.778039
111.714215
114.735133
116.590642
119.650358
121.119372
133.152133
118.326326
146.649443
126.698810
143.785864
144.116186
130.808782
138.542559
152.919655
139.781513
164.805611
142.310890
173.098295
160.477406
153.337068
161.243048
154.466630
163.113955
174.771950
152.970169
164.792435
150.076860
168.410080
161.839160
149.582126
157.205293
148.089715
150.848378
158.352460
137.768198
142.068661
133.426491
131.928275
147.037103
139.022234
156.572689
150.347644
146.673464
150.009473
142.052533
137.412654
150.352624
130.345190
144.293987
124.829504
144.642428
130.605696
134.110861
142.630096
138.199592
121.944331
146.886435
130.835262
156.665772
136.635113
139.835853
143.932269
142.987579
144.493466
147.002455
121.890909
140.663624
123.973991
126.437966
127.362832
117.335213
126.881686
106.979261
114.868681
125.256371
99.718564
112.805633
101.030626
90.476572
103.820296
91.373257
119.020061
101.626086
93.289498
99.388062
86.565973
91.643288
101.295879
84.593361
105.481837
84.223050
91.024323
87.440097
95.411301
91.091154
81.582975
77.224479
90.355566
59.610507
89.875238
73.358879
75.262215
76.923472
79.040512
83.087715
101.597176
90.846020
111.852809
109.637583
124.981434
122.883709
131.762510
126.808504
129.438294
121.995189
134.584660
137.485855
149.872234
149.086798
143.156294
148.706090
137.112714
152.389901
158.461327
150.147870
154.547614
149.423326
146.674275
160.867368
131.581697
157.233098
140.592544
143.024407
155.655607
162.149693
158.552916
162.600360
164.797552
179.456078
168.545901
179.959741
172.714978
174.357774
161.665550
173.793002
167.785078
178.735994
167.574427
171.978911
160.464930
165.549028
175.452224
168.708284
172.607847
179.998309
160.605394
174.799058
175.670831
189.679645
201.369386
200.613356
221.488915
209.037486
218.062907
218.077911
212.742503
215.793302
228.253023
216.005670
227.155350
214.997450
219.576371
202.008254
204.910479
200.550773
198.792752
193.879867
202.392695
193.154394
215.256169
202.849996
212.994773
218.964651
223.944461
229.636764
239.182803
227.172485
246.400820
231.928646
238.863603
214.105482
208.617526
212.965424
215.988702
208.829154
208.051199
196.876122
215.275536
198.385522
201.574336
204.264451
196.036276
204.115693
188.111648
188.340716
194.923474
190.321334
195.328732
188.192419
177.004417
196.041182
168.499715
191.691278
184.617042
172.248430
181.323701
181.486140
174.924886
182.107492
157.943020
182.736621
165.686461
180.426636
183.178196
181.849195
184.285023
183.001704
178.946169
197.465972
175.177055
207.046722
195.302114
203.087685
202.321402
194.012199
193.466587
192.156943
164.099716
179.318764
161.081879
164.879738
167.350824
154.231172
157.959447
155.398892
154.248535
169.048518
145.333700
154.076282
164.888880
168.110530
184.785087
170.738891
179.966159
171.751175
174.660302
178.672009
174.073740
174.681946
190.516128
164.529200
187.927339
166.672869
186.434682
189.848263
187.263440
182.557968
186.350272
167.286789
201.172815
181.258947
199.828731
180.920759
181.879575
179.698405
177.690348
178.531841
189.511260
175.163378
199.101545
176.568727
193.123901
185.668991
178.663226
189.004255
179.650982
181.918398
179.372107
162.932161
163.955279
150.180473
146.521001
159.375684
131.739371
147.462641
138.856485
117.185646
127.958446
120.146305
114.273984
129.637911
106.007842
124.860791
95.908954
113.097066
102.318768
100.122767
116.058960
119.838096
104.323707
112.890005
97.093145
115.934988
88.155907
97.742098
102.343892
103.318729
101.627697
123.074359
114.583989
143.207140
113.237434
136.082143
138.516269
133.048329
154.533228
136.934066
146.458802
148.565161
130.842070
136.243447
125.446541
130.903466
137.934072
122.530809
141.415850
125.517926
131.874916
134.552768
127.013838
139.647244
139.981170
128.237800
147.491614
127.872812
136.031514
124.683017
124.976272
119.915279
117.847559
116.416201
118.718857
78.943840
97.624985
74.848526
85.897141
82.677943
71.334964
62.741465
63.038022
48.095986
66.476770
42.668325
66.545722
53.491833
49.995104
56.453834
41.146789
44.318541
51.268271
34.612618
55.089459
33.872436
43.897078
46.869396
18.212420
34.544752
28.222525
29.120530
35.917057
20.168580
30.191515
29.870312
15.051670
35.617910
10.084238
25.074260
11.403247
10.322176
19.081578
12.934785
6.009598
24.771339
-1.638871
21.456785
0.737848
22.308189
4.909038
1.797730
10.291232
5.557074
8.333799
24.311474
-2.661340
25.375109
11.981721
10.888717
31.741637
24.479250
32.846954
40.791311
24.944289
56.875783
42.716537
46.986591
51.695072
50.109796
66.664704
53.708185
58.992437
61.202303
53.690789
72.713925
62.451332
54.553950
67.090616
40.908142
73.347986
73.151217
65.242894
69.509852
53.642159
47.691560
54.017475
29.734322
47.228762
22.499850
46.034884
46.172403
57.687057
68.366209
73.087450
75.944669
99.630696
76.148345
114.950705
101.609261
115.123708
123.761041
116.678748
126.080053
123.053559
112.983168
135.345237
114.122588
127.895684
127.052848
117.426702
146.526971
134.173244
144.500083
142.325360
126.741190
136.055370
117.205947
119.291564
135.627245
114.820489
147.045168
140.812425
150.445183
162.497507
150.985434
159.963376
164.759572
151.401218
185.775099
157.838924
171.277776
158.935544
161.255338
161.460810
157.504205
154.018585
172.925405
147.430749
173.807267
150.667476
149.862025
156.298070
145.131394
154.070840
169.059755
159.137269
177.938657
164.624280
178.915506
177.559168
170.627678
184.973441
164.264032
160.714734
159.197254
137.631277
139.753848
134.018974
133.168266
145.661359
131.788499
146.577059
135.089350
135.528222
117.568061
109.585333
109.416436
112.851528
87.374665
116.175579
83.961973
99.564238
86.097549
88.438778
90.908744
95.324599
86.528655
103.211997
87.077516
120.083701
103.915674
99.021820
105.221814
95.372639
101.398605
113.921847
94.649349
115.488106
100.651298
121.113613
112.551689
102.890598
112.958564
105.346111
100.176228
107.335166
101.050914
111.399386
110.692246
110.734124
128.431984
99.786946
118.451550
120.321052
121.011751
120.346380
121.316524
115.096723
122.893708
100.968552
133.320628
107.344671
127.508142
117.285130
115.097842
114.946661
118.397657
96.324186
108.345140
81.586202
98.585334
94.027356
96.125008
99.724250
97.670161
89.731304
99.071292
88.543923
116.069057
98.806173
109.862365
109.628641
117.670612
111.693325
107.310279
106.628312
120.257825
105.013873
132.789304
124.017599
124.828793
142.048441
120.615849
132.132109
118.837608
109.649633
122.968496
109.548885
108.154238
120.610337
96.362806
119.127512
109.035741
125.762115
115.432784
107.510030
112.936196
122.062606
113.404218
138.856571
111.970378
147.537884
133.899154
138.929662
143.175501
145.836245
146.344557
155.568549
145.856368
166.303821
130.282395
145.547369
153.997649
136.977097
144.964033
137.171821
127.477063
142.126980
127.814412
147.086107
144.682599
134.986348
137.901134
117.297847
140.109763
125.951513
129.011976
139.629292
127.026053
125.151959
126.567555
120.469745
126.340198
104.555793
122.135753
126.863026
123.276499
120.460847
129.555180
112.532680
132.804861
114.697166
143.781490
131.732356
138.359348
152.374938
140.129380
142.678505
157.474739
132.577065
153.777486
130.584950
158.207154
155.589615
141.431972
152.751122
143.665978
133.910943
158.205700
134.209711
163.375621
152.999966
155.046938
166.322246
151.883561
166.732661
164.149754
160.812388
176.378422
161.043756
157.440354
160.107549
155.480147
174.491113
161.077011
174.852731
184.532220
181.428664
176.759850
167.227274
157.223448
163.530995
140.578537
160.641309
131.262224
134.076478
128.283780
124.861585
119.980370
133.449309
116.703386
130.897343
104.683990
122.110470
107.630453
108.698207
118.324567
114.384322
113.905105
122.645466
120.218643
126.822440
118.505697
129.559636
127.763869
110.029967
118.958345
113.036772
108.495729
122.621582
114.383405
133.431742
137.159055
126.902160
137.871866
125.236321
145.231046
138.366924
131.891546
146.929832
142.402195
128.039838
141.175929
113.961948
140.286353
127.937902
146.454879
141.159221
145.050573
149.787495
152.569732
139.463987
152.813449
137.276431
146.287796
129.799676
139.933216
145.594186
145.799491
150.070297
157.970588
150.745290
164.774523
156.823436
165.257334
167.944144
171.770180
178.105346
160.897741
159.578057
157.089936
146.354330
161.203077
151.529024
142.174427
152.508874
138.174156
147.470671
147.967360
147.695813
148.977607
150.066425
152.785610
179.638545
169.775699
193.930286
180.343298
206.381681
201.033848
187.541751
204.877038
210.724937
199.758717
221.388273
199.038905
204.145340
182.407630
185.650606
179.782595
169.232299
177.219366
184.309881
184.254314
204.907037
188.555059
201.876544
197.503577
193.541886
204.115873
191.576891
191.220842
195.867355
186.418219
190.043443
170.191989
180.906001
190.373552
177.380999
194.294574
173.795638
183.430797
179.368817
167.943517
174.934711
184.464524
172.041147
195.340020
183.428316
205.846981
191.621735
207.643707
213.354904
234.294778
220.292493
229.591116
211.887674
226.011235
196.132008
206.172791
192.320081
199.395408
197.816753
208.787916
207.025990
223.316086
209.647581
220.087703
202.205411
193.982774
206.051602
197.279749
196.852886
197.163597
189.708839
195.639293
188.085006
188.556229
186.420017
173.730741
188.397945
172.561211
182.253123
194.793641
181.296421
189.735015
200.570318
198.034516
218.929590
197.683771
221.489729
200.712429
205.690633
216.411205
224.652822
227.530396
232.093786
212.163868
233.066111
208.036885
230.747189
227.268386
231.145684
241.209124
250.097249
254.263814
265.711501
250.113766
262.935426
250.657696
253.359224
257.597191
257.530473
264.819043
267.576109
255.663248
268.723286
261.137929
272.195173
275.067511
275.533001
274.632769
273.703600
271.001521
261.540511
263.509125
264.429976
264.376174
252.475472
259.138308
239.421261
252.357329
239.585154
244.942703
246.068368
259.455953
256.874554
274.191979
251.633642
272.103784
264.491904
278.514053
267.033402
265.562631
253.787349
270.193778
253.832491
262.266969
253.717094
266.756356
263.232813
264.107261
273.888261
275.474442
267.751144
278.834190
262.452298
280.743669
265.073295
265.307332
260.491416
249.352357
261.030643
235.626932
234.355635
242.549158
232.155046
239.091846
240.153056
219.801052
230.993315
211.552272
226.658753
224.877344
219.649114
216.952138
212.660829
212.321252
232.183132
214.587902
243.430872
230.265642
235.905167
224.858499
227.516259
224.847115
236.115513
223.770801
243.304594
215.852418
225.484446
221.806756
221.002373
235.475660
232.932970
227.075739
247.182653
227.433353
246.284894
252.549373
249.168174
262.005139
265.254182
277.623049
272.690712
257.479754
276.074763
259.391063
268.164549
276.709456
264.123349
266.146837
247.693331
255.695030
258.420790
253.956556
262.903561
276.692493
266.576104
278.786699
258.444505
284.715870
266.136973
273.869776
274.145159
275.481184
269.032761
294.813273
286.786565
315.344683
294.413396
326.149045
306.569837
312.313119
321.851607
319.456573
309.607901
314.137874
284.939728
294.337799
282.919027
274.178305
284.575472
276.546129
282.942581
284.787931
268.064247
275.087618
264.044917
258.412756
279.210223
261.983817
274.067044
258.729459
265.850088
265.479865
256.995840
268.534655
269.500373
264.757054
293.880330
263.385969
284.090051
256.940110
266.268467
284.702918
277.777916
281.229530
287.371726
266.227110
281.709742
250.651319
261.544552
263.632867
254.366887
259.907980
265.983050
251.851805
274.255216
246.853010
276.655855
263.358475
267.499593
276.637564
268.836041
280.665355
283.481726
277.699459
294.269225
283.424767
286.175480
288.641651
270.045449
284.234010
264.517260
285.584042
278.841374
258.351948
263.735197
265.135022
266.030918
279.590743
252.716007
285.933477
269.203607
272.003728
272.544344
278.669733
264.477717
268.317823
245.022035
273.839173
237.021508
246.604026
237.335093
236.489366
238.964954
234.425468
217.333494
236.577780
217.909815
232.690502
212.597348
219.024499
230.462408
206.386301
208.060594
203.655759
183.674838
191.101819
170.537558
180.878657
184.560431
173.427014
199.867865
189.734767
195.875567
191.304181
191.437611
191.362524
182.250833
180.202999
187.999775
162.403452
192.204407
171.772789
190.137952
196.653938
187.688076
186.777945
185.659139
163.915588
183.104095
160.991004
169.580030
153.257457
153.871330
154.898980
153.177068
154.804679
165.388421
149.314616
173.273985
167.338079
172.845760
147.493197
138.926437
132.652057
134.502952
118.736866
119.100777
102.748210
116.710304
103.200857
96.118191
110.106821
96.877324
106.367734
119.494542
116.816224
110.149250
98.413963
102.869177
108.177847
89.429335
124.734120
101.229701
106.612193
104.519282
101.032633
102.645529
99.835728
91.969898
108.138756
86.012483
122.225703
110.146587
124.734443
125.472502
121.673274
133.176600
147.552437
120.365828
147.923783
127.914707
141.867082
134.728554
116.789166
132.093250
122.076756
119.992138
131.014738
107.362556
124.445217
103.796212
107.066798
115.190612
105.154025
118.248714
114.291499
116.415824
127.673611
122.737416
126.283063
138.735365
132.247109
147.564087
113.855932
114.445123
117.956172
123.267588
121.251877
121.089186
114.116982
126.206798
110.589672
141.301098
124.503757
127.462176
129.637336
127.743962
148.636688
157.812925
144.937648
180.447942
153.335982
176.286743
168.434473
166.848714
172.954294
164.537496
157.663180
172.410620
141.634805
156.594885
144.399363
143.307479
157.856541
151.587554
157.830879
150.313139
134.581526
150.356563
140.393118
136.880329
146.161476
125.468161
137.158287
119.906453
138.878927
128.802948
122.848461
127.037728
127.758300
114.669922
136.053953
112.668521
128.162044
114.775793
120.969815
117.263323
105.038710
106.975599
121.106792
105.393276
131.748645
113.344659
128.680541
136.311171
148.498604
149.820218
149.222615
139.123428
157.745688
142.345468
155.589640
152.360069
152.241560
165.980650
147.927399
145.137148
143.617955
129.751024
146.999987
144.440232
161.848154
176.303535
164.967918
186.204940
167.646969
183.367153
191.359133
183.209681
187.662452
188.868176
176.382841
200.161500
185.780461
205.262943
198.906724
198.433238
197.807079
194.029500
180.215334
203.893238
174.317825
200.907527
174.185501
182.312869
179.905626
172.408652
191.825664
197.732487
187.973687
205.672136
177.358632
192.638332
192.635490
192.500211
205.627505
189.491998
195.456672
209.848121
184.737207
203.776549
195.467735
206.455334
222.257007
211.211659
228.459368
222.505248
229.427412
237.654598
230.072204
236.750738
242.944498
227.515144
249.239547
235.064469
258.316540
250.599940
243.717185
258.177916
257.624969
252.808397
273.724637
257.424754
281.817860
261.576098
279.326079
270.235955
282.233449
295.722149
299.313306
285.241123
297.577864
272.208171
294.321094
278.187664
291.822752
295.297880
287.883050
294.576164
285.625130
282.866100
302.423102
294.803265
298.153684
286.796280
266.824042
280.752010
262.428672
260.973538
263.962980
249.476854
254.391324
255.194713
256.586100
269.792798
246.351836
272.916885
260.359261
251.187866
260.588485
257.567898
249.697227
252.282931
234.082626
250.382615
222.763145
251.642094
253.127696
240.685667
238.943759
242.816524
234.350555
248.168963
226.961911
250.941365
229.499156
227.846641
228.161147
220.450640
224.215232
229.235812
222.987634
243.213213
225.552058
246.535676
244.361838
238.136721
259.145240
239.714323
248.296130
253.183987
245.191263
267.286439
264.175520
267.748298
274.674474
258.947060
277.657482
258.608165
273.638118
275.129372
272.131613
272.432655
279.252241
265.218862
292.427084
271.767203
284.955826
263.924052
267.231434
268.532341
268.569336
264.142708
268.305554
237.435539
251.300632
233.169425
240.321192
235.878813
232.688108
231.304931
222.077920
223.857026
232.573870
216.098731
232.350155
220.743328
215.962884
221.862523
209.747451
226.366858
221.247118
208.915111
220.032160
205.038478
206.775460
208.684237
206.320790
228.938306
201.091535
211.529932
195.531809
191.669174
191.431282
182.738748
169.113758
185.180552
158.980814
172.197585
147.165516
153.232207
150.197514
138.845518
146.529696
152.869781
129.887684
162.219487
133.848283
157.496394
148.055095
157.211563
167.275259
153.063018
162.375520
154.881845
141.723004
175.504615
159.150631
174.853021
169.921694
161.210039
171.897851
174.807568
189.926905
197.208559
191.038258
203.172952
210.429749
194.698994
211.889028
196.553983
202.655664
193.345108
193.605316
206.039987
193.280719
189.347705
209.251890
191.945866
211.903623
186.674262
196.856582
188.675173
196.214936
203.358430
213.139827
204.592287
215.839311
194.309231
213.212315
197.867801
204.437828
208.998790
206.238336
214.521591
220.139717
201.474472
218.548259
195.932551
207.831035
205.350662
198.154155
212.980027
213.830898
214.170834
215.884682
199.237976
218.083632
213.901667
210.301677
224.617644
206.239760
209.248073
214.111594
221.656381
227.957912
232.986085
236.421299
248.185084
248.516463
268.444543
252.414506
269.642477
265.242470
263.842207
263.020631
276.627599
266.025659
288.821739
273.198701
294.560031
277.131294
269.077124
278.622823
278.386622
274.787124
291.039822
274.510180
290.383575
274.696840
273.510610
268.868465
264.262450
265.155655
264.532038
256.069972
269.510412
263.372623
269.770863
272.976607
257.001110
261.603538
252.550104
256.771266
250.560661
262.401091
260.950835
264.776085
244.938105
260.265537
239.711889
251.411836
238.694149
240.184561
237.294921
227.134433
220.330667
231.889994
214.515615
242.020443
225.534217
236.042396
230.953723
225.198880
229.191948
245.197719
230.374362
257.794680
239.209898
258.118162
247.327442
246.739188
255.179391
250.123762
251.409614
259.814407
251.957186
265.803641
248.230441
257.241320
261.142542
254.265543
264.039753
252.636042
260.554833
273.950810
285.374634
290.863603
289.017523
287.425881
305.248867
285.666794
305.330226
312.209367
317.869223
328.605285
318.256330
307.597043
323.799319
300.345770
310.882047
289.908931
294.412624
287.938853
281.089429
271.782018
276.084374
249.052368
275.885777
235.908560
253.927962
248.384214
242.253955
241.377497
243.909498
241.728178
252.961666
235.161488
258.162970
238.878904
240.057006
253.965150
237.254237
255.003153
245.584973
226.559798
230.076005
213.463696
213.451086
223.160506
217.029834
227.815304
190.362730
205.671305
209.039683
204.256650
207.622416
204.135681
203.850073
215.805405
189.044896
217.414252
193.137776
214.219644
212.584747
203.079600
194.276259
192.010164
177.561790
191.958555
162.624402
172.746044
166.863470
160.404895
165.592401
157.696662
174.391414
176.845046
171.941092
201.166254
186.872670
189.516919
183.936507
175.360080
182.841697
175.249693
177.360055
194.003801
177.307972
180.099827
176.278392
167.367546
178.971828
157.553502
170.181753
153.662840
165.122355
166.857817
160.344556
152.155056
170.514535
147.323111
172.290691
144.338662
150.674379
150.809046
154.421410
155.598006
155.868122
144.736781
161.031760
135.745982
160.638419
151.247555
151.133200
146.670172
139.853697
134.879385
143.284714
124.993607
144.786963
125.074323
140.883048
138.600511
123.536353
133.120026
111.547860
111.344698
120.372313
111.192951
121.058085
123.650471
130.556098
150.880913
134.775537
155.404760
143.647690
143.112250
139.862784
130.026086
133.651141
137.266726
118.023076
139.925162
113.708638
133.905835
130.000857
135.142165
137.628745
138.279300
122.175537
138.839878
112.918150
133.956573
124.196016
133.885045
128.901696
122.207877
134.114692
130.525921
129.405812
148.101116
133.748816
149.330304
150.807908
148.908112
148.276245
137.959686
137.913299
148.294966
137.117504
154.618156
145.350922
148.138587
161.504491
144.229075
166.732060
150.493331
150.972888
156.370371
136.974937
145.188619
155.381064
130.466608
150.770813
121.501587
150.449243
149.442599
143.180355
147.214247
138.685360
139.023753
157.656802
142.573474
168.973239
154.408399
174.557602
172.635772
165.661827
173.731937
174.691098
167.437798
182.604595
158.684891
186.409815
164.633450
166.888997
162.776704
148.322677
150.597726
157.104781
140.744306
151.810403
130.351510
130.190821
140.076567
125.390270
135.444028
123.813934
139.152875
135.865221
116.298308
119.360565
127.596657
111.686300
127.392597
96.241704
110.413767
83.962516
89.819458
94.472128
98.193693
101.747922
109.023741
89.438895
111.037970
88.409963
101.805598
101.129817
103.817050
103.040731
105.318948
99.020197
129.517612
93.048843
123.593024
106.390458
105.457995
111.836509
84.267992
91.888821
93.814614
83.854657
94.676300
75.299609
85.615727
91.542711
80.245668
99.562396
95.292070
107.603646
100.090731
85.972243
82.771942
90.026331
96.738748
108.579126
96.453198
116.611569
100.366955
102.128775
97.458059
104.092044
98.728328
113.073970
100.006232
128.016553
103.634360
115.626128
121.007079
109.543529
117.011206
122.751252
114.599727
133.337097
122.040683
147.558635
135.023379
132.882138
130.712067
127.017054
130.701053
147.318358
141.526194
153.892551
142.788299
152.485115
155.115783
146.970635
147.791387
148.153681
150.182600
157.558902
156.168686
157.685292
161.024137
155.722934
176.956526
152.997933
177.655282
170.959668
169.546841
171.968210
160.774460
158.462518
158.961832
138.956485
150.243012
129.699002
138.390201
128.790996
127.723584
128.483398
131.171058
111.939028
131.441819
108.125004
147.856813
134.848528
141.767774
141.676298
122.243865
126.295060
138.734827
126.204202
136.765468
129.404639
130.800991
117.451420
109.558450
114.971448
112.385590
109.079073
115.383534
98.213747
106.298698
113.343168
112.505563
142.242215
129.540551
146.264405
150.644865
146.621807
165.231627
151.176228
150.089434
173.912305
148.148747
170.703812
149.581608
165.480262
157.542829
156.020069
154.908923
164.511011
146.169565
168.062313
144.129401
167.573007
153.391927
151.299205
160.864945
152.391185
147.220741
155.394778
135.773337
146.038302
126.750322
137.930087
134.272342
135.742433
143.483117
141.912655
134.018832
145.738426
138.479766
145.546070
136.065453
134.540329
152.535377
143.541169
147.352696
145.807842
143.148532
147.376241
140.000477
131.852598
145.515054
126.556936
146.895507
131.382072
148.315432
153.471126
161.060110
170.703194
180.582706
163.253739
185.793457
176.562546
192.808494
181.245175
185.147881
184.579140
175.796460
172.361621
197.212548
178.552572
198.041087
181.103001
190.394396
191.997456
190.569181
201.102062
193.854071
199.345636
195.826772
180.558426
199.164305
203.726152
208.509383
222.505326
211.980809
230.722354
219.924015
235.639279
244.809952
235.330716
240.108950
240.246755
229.997646
247.124126
218.803955
239.078491
236.179628
235.412163
234.442603
241.313113
238.403565
247.314472
225.350958
241.119560
226.462174
237.747766
239.425089
235.864013
245.483943
256.623690
236.354155
249.505000
232.145279
248.885069
234.240979
225.795709
226.958521
225.135988
218.631230
221.199731
218.216230
217.071678
203.175773
208.070900
201.703259
198.523294
216.528215
195.313253
197.406406
199.534234
189.285995
194.009509
196.034748
178.496705
193.824128
180.582536
192.340567
185.594361
181.535187
185.995571
190.343459
178.558006
182.889020
165.313216
187.163348
162.396942
176.451464
168.807620
174.447284
173.961523
170.944608
161.940444
179.154313
156.447308
182.166036
161.425484
174.524685
182.357484
166.310350
176.477505
186.746599
179.805196
198.369822
182.850255
196.896002
189.991386
181.855975
208.987205
189.898113
193.402418
204.678864
184.895787
193.183567
196.760341
200.416328
212.265334
203.576776
227.374512
213.687975
220.715711
224.114830
226.764303
242.672475
240.473915
223.947571
248.806841
223.253172
250.591488
230.630043
230.794823
236.105520
230.876538
228.135499
224.052460
219.098074
245.128804
224.450967
229.310481
234.082818
223.604289
221.408283
232.330290
209.253039
218.251947
196.342562
213.439830
201.551160
197.906578
202.589428
176.881811
177.300540
181.720763
186.500435
187.034570
177.541742
180.800045
186.684981
162.037521
168.497596
163.155148
171.239677
170.632302
174.753435
179.373655
187.434788
181.569274
202.776997
191.904181
218.955163
202.729641
220.103015
207.243645
214.513375
202.892080
213.022256
199.293320
217.999123
199.788371
208.752680
203.124683
209.016803
203.469817
203.699632
205.289521
210.414935
195.051028
203.726068
203.458745
202.315250
204.785175
200.542082
190.750987
193.506714
184.235400
196.385416
196.639638
196.731832
204.221016
194.582452
203.763126
192.908149
198.814983
199.661390
200.261442
191.715438
202.632253
195.554532
225.215725
219.800299
227.256738
224.298544
226.252083
224.249481
237.648030
217.064295
233.360445
216.863881
230.088894
224.410156
236.651617
231.015364
232.163672
225.847493
226.665202
219.489492
242.074048
229.603293
239.279431
248.879130
251.201221
258.527770
254.831097
265.815478
271.993800
258.748500
268.428023
260.509906
248.181787
251.045650
231.473104
237.156124
231.288402
221.480435
226.364939
233.451909
212.207704
227.544309
202.015660
223.218114
216.802219
218.432118
212.744090
199.915984
200.028004
202.362353
178.196342
191.973415
181.159567
199.609396
187.155803
187.443624
182.243693
192.831709
180.277976
192.380473
172.996436
188.556037
167.666390
175.735349
178.330883
176.316887
184.218922
184.844013
177.763667
192.627070
188.620034
196.217618
205.621214
206.008459
220.818038
202.599411
217.868847
220.064108
213.669057
219.136367
220.265902
223.303373
239.424691
214.900749
234.904739
215.881347
229.072005
229.542434
227.576812
229.305078
237.710191
204.362224
229.610061
209.771491
226.787113
223.341396
218.062732
229.408839
236.823315
238.557374
262.986832
238.886996
255.704091
233.044786
240.405106
240.182021
216.421958
205.134836
209.281950
191.960718
194.686430
174.681419
189.830239
185.559312
176.501801
199.253430
188.018002
203.829086
202.541530
189.698885
202.787249
187.218233
183.711642
194.660427
172.831246
198.306349
186.521624
188.580780
196.741409
185.457261
174.500260
193.463407
165.058996
196.430546
176.805169
191.890510
188.170072
183.158492
185.730371
183.122301
173.256401
194.606761
175.946676
202.529097
182.990703
189.509603
193.393452
189.672152
194.078681
185.965591
190.054206
199.302964
171.809837
186.465203
176.079130
178.011050
182.658602
176.092816
175.681050
173.983692
166.571916
170.002981
151.877017
139.885950
150.452198
140.923838
158.107469
148.010918
149.131633
154.636010
136.307036
139.663715
140.737174
115.575731
142.145263
116.582188
141.640067
119.842366
132.472495
132.299691
118.533444
119.440069
133.727467
117.868970
146.975849
126.144329
138.222285
135.716593
130.601871
137.975824
124.501183
108.638221
123.205216
103.491447
114.559838
86.965452
94.940211
93.892296
70.386534
100.279084
88.288941
76.198478
86.389569
73.433577
79.833754
83.771516
76.875770
101.279599
83.649503
98.326933
92.220371
83.613607
96.556541
90.619590
75.633766
84.359201
52.149391
71.189726
53.602716
60.873506
52.662575
51.882596
63.874921
68.247954
60.770737
87.079280
54.024423
81.343178
74.810322
81.831708
90.510282
83.671853
88.585040
96.037381
67.118107
96.121521
78.815514
77.666060
75.556656
55.716783
69.730627
55.413722
54.477715
59.160509
43.403330
48.214756
47.861299
41.786186
57.330500
43.747017
56.618215
62.175694
57.979454
67.713702
60.407571
58.020772
72.959673
52.111856
69.707953
52.045570
55.499480
50.513113
51.036897
49.837316
52.487932
34.062101
61.530008
42.381432
67.051341
63.313627
74.612761
83.971124
75.033573
76.148516
86.720879
80.676455
94.767679
84.740009
86.832652
95.478310
73.078420
74.587505
69.279397
53.095361
61.967682
47.939245
56.534094
55.377720
40.373488
54.949915
26.194937
41.609065
42.416806
44.183085
56.059559
56.233744
39.557431
52.944795
31.957774
57.104134
46.691013
47.570824
55.826414
58.385049
56.340827
67.251395
39.022701
73.321456
48.329927
64.280000
61.969835
61.208705
72.015349
69.379860
64.745646
86.524640
62.863273
85.902979
66.794765
73.937215
86.451166
80.004913
88.120407
79.404050
69.136349
82.577113
76.409343
90.521207
103.156006
82.624953
96.432771
92.602869
96.291948
109.109260
108.761552
101.888822
96.748806
94.835747
121.566666
94.410444
110.253494
103.545686
105.397615
121.212034
116.173396
120.155383
140.525008
118.173241
151.718744
116.942237
124.851825
126.930195
124.782707
113.034364
113.628054
101.197021
119.823900
99.483373
127.608481
112.927066
129.585282
139.641693
126.736241
142.531814
148.673710
140.116086
158.103691
148.903178
146.529321
141.393709
126.951858
143.809714
124.364187
130.631650
140.751520
128.817146
141.959447
140.246603
129.836377
140.634705
126.724597
149.025871
127.772117
122.711848
121.895567
112.396568
121.535076
132.287306
113.599756
135.057520
102.860072
119.737889
106.135818
117.175895
119.684181
124.698899
125.761990
133.746828
124.759322
151.099495
124.946655
137.350389
133.156743
129.093766
134.292915
139.204190
122.290131
136.284437
124.650143
130.774633
119.495793
117.783745
130.989705
113.645465
128.079655
119.054696
113.485680
116.252115
107.296912
102.675401
102.963763
89.670767
104.156083
93.994476
109.436484
104.237051
100.857111
110.242116
105.954730
97.457221
118.951468
89.190735
102.683526
103.117348
108.425356
111.779306
103.323682
106.922499
103.238596
88.907385
112.514657
83.081427
102.229072
103.490514
105.701493
102.867420
112.758171
102.270514
111.819866
102.477441
105.744953
90.997520
95.483392
108.054831
88.637219
98.098836
90.465955
82.324239
96.773921
95.245047
103.272937
116.210451
116.350923
125.376747
97.353375
114.177551
111.802632
112.077548
109.858376
113.605855
107.499755
124.184236
103.209058
125.454451
100.943190
99.714344
89.897406
85.162029
92.044792
91.680479
75.438184
103.943936
69.621581
92.101730
81.361160
88.302277
94.299959
95.004523
92.193104
96.694484
87.827369
102.700687
91.654157
101.565752
100.118205
99.996355
110.254523
107.957160
126.016760
133.320693
103.985779
115.593336
109.573217
90.036564
104.527436
80.003046
86.108871
77.448204
75.377303
80.819682
80.707950
82.559849
94.172120
81.905336
99.386493
77.228409
90.404240
87.782807
90.411867
90.693595
87.112420
63.477661
71.730921
54.783814
70.965275
47.116571
36.255564
35.248110
29.407838
17.584084
35.043053
18.145451
37.398187
25.972003
23.984617
36.561248
26.130839
29.662968
38.808121
22.639169
24.668074
18.703941
18.320096
32.531932
17.895564
42.358144
33.551465
39.959413
52.315527
52.174707
52.488551
57.407405
40.195901
63.332451
34.619137
44.447536
35.728599
29.262117
28.521824
26.936706
19.215773
40.593812
17.963999
49.268583
34.533218
45.456292
42.376854
45.783847
59.082481
61.751862
50.283331
70.052651
52.720088
68.970956
55.817864
56.898465
54.960705
50.553344
45.380497
61.720649
54.887044
64.284960
54.215665
45.481569
43.724952
36.279205
50.809728
38.437288
36.617811
37.219693
18.569711
16.706006
24.337436
8.065270
42.349778
31.011976
33.664025
30.293803
34.278572
32.274428
37.668040
32.639929
52.438220
23.206912
43.900239
29.195274
29.796165
27.375860
36.115665
30.404974
34.438041
21.817940
35.982953
15.031793
36.594737
22.053590
21.408977
28.949149
23.946167
15.134861
12.207227
-1.005298
19.031089
-7.971409
-14.105126
-7.111281
-22.135916
-10.867428
-7.859509
-7.219317
4.212371
-6.325821
2.995219
-0.903072
-13.884722
-4.480578
-16.080668
7.409979
-13.396004
-8.168839
-3.749441
1.162299
-5.931329
4.857693
-19.469397
19.923185
0.236562
14.864933
7.939847
12.232627
22.679720
22.979368
10.705424
34.037869
6.457979
31.276735
12.873329
16.171551
29.373331
14.863874
6.492983
16.287578
-5.799072
10.114685
-15.586144
-7.437101
-7.653140
-29.241218
-15.741271
-26.297284
-19.244806
-11.813935
-18.934613
-14.749998
-14.615090
-24.915783
-9.975485
-21.216134
-2.524144
-20.793541
-21.976960
-18.731218
-22.108612
-13.602181
-12.030472
-30.335465
-5.882028
-32.514000
-26.740611
-28.149000
-32.626277
-31.651453
-31.703864
-47.011436
-40.192824
-56.559371
-32.101855
-59.238945
-39.392142
-29.199489
-52.356988
-51.830544
-53.740967
-70.353647
-67.180745
-88.604075
-82.567406
-88.988538
-95.602548
-86.137104
-94.111183
-93.058621
-89.237282
-91.941151
-75.155391
-77.182734
-78.291164
-64.040422
-80.521647
-61.082102
-76.934369
-72.845359
-66.599024
-82.837450
-82.778648
-73.466509
-92.919522
-72.758183
-98.138916
-86.793965
-78.837020
-79.401014
-74.827230
-68.217632
-78.005206
-54.060750
-73.669022
-56.246927
-70.183722
-57.572947
-61.264730
-56.424366
-51.803847
-38.570831
-62.613728
-40.242424
-47.063989
-41.982925
-39.027669
-56.913744
-53.998035
-51.866612
-55.073430
-43.169027
-52.546463
-43.716727
-43.119294
-46.949531
-29.293059
-56.751178
-42.785091
-50.911666
-64.961989
-62.438048
-69.242790
-68.594586
-54.394397
-77.954303
-55.245106
-81.554628
-67.482100
-62.492501
-62.204527
-59.109009
-53.149179
-72.693456
-64.645596
-77.561661
-58.175420
-70.537685
-63.758164
-69.134589
-75.254281
-91.352292
-83.312666
-94.006998
-70.596781
-87.603772
-71.399646
-63.187259
-69.232734
-49.290807
-54.414089
-52.115110
-38.106108
-39.483262
-19.910455
-29.364511
-41.715767
-23.826539
-48.744660
-36.047876
-42.242956
-53.974889
-52.708283
-47.901834
-52.876635
-45.562744
-44.677251
-9.631575
-21.628505
-6.422631
1.688378
5.400836
10.971232
20.180780
12.726402
28.288167
17.992661
39.671603
29.984475
38.041822
38.371718
42.427199
47.262964
62.989015
42.833750
72.268968
58.899628
72.965239
70.907756
63.486534
69.576810
55.846392
54.114253
67.481146
50.134212
63.001331
54.359721
51.513553
62.564689
45.367743
61.124633
52.291636
62.412913
63.950095
51.224924
57.233217
64.843791
50.303692
72.601875
52.037242
59.041468
63.464680
59.313861
48.275637
56.085136
45.729267
61.997899
40.231848
61.198536
36.374153
62.450824
62.487875
57.293371
55.566828
64.637769
57.533278
76.567655
66.759086
84.925425
74.749624
87.848075
87.029633
84.511383
91.608696
96.729230
93.862072
108.960716
90.867142
99.070843
108.412851
93.544366
103.200377
84.626858
84.373891
73.407028
71.768205
82.487801
73.908456
66.590719
77.774561
51.640364
86.026680
72.017533
75.423776
81.960614
78.956051
84.547345
97.771808
79.204773
95.886558
77.510712
111.889616
98.603506
107.775896
112.327667
99.613864
92.084580
95.740062
78.871480
105.478567
82.333660
99.913928
97.222464
92.366689
98.676303
103.250052
96.995906
107.266598
88.168329
104.908106
108.258022
105.308239
115.758514
101.007928
118.308309
121.316967
127.057797
134.800551
128.096740
131.890852
150.466154
134.769939
148.779957
134.781760
133.461171
131.091844
129.862911
136.572679
154.071622
140.956011
158.666719
131.669328
156.935326
149.771077
144.911306
137.111196
138.967563
139.540585
139.324885
115.808099
138.247399
138.113759
139.092847
137.872376
138.112638
121.676011
134.979019
127.971383
137.664934
129.010632
136.319807
124.631503
118.940324
119.438099
107.607580
110.431158
111.066027
96.287527
92.362989
97.815874
90.135629
106.335942
97.658770
112.836148
101.712180
110.194038
117.236038
113.300595
102.871929
116.069612
101.952600
118.137990
111.792314
119.956778
121.567749
123.184144
119.264061
131.192972
107.232897
124.824546
105.592961
117.082159
125.718844
121.193618
124.206513
132.209323
126.341969
139.615266
117.903146
141.721528
121.081563
126.556776
122.680283
126.755104
135.438295
138.811958
135.644660
144.786658
138.493628
149.067115
150.569202
136.487909
147.490461
127.163931
137.545732
141.033399
129.802441
129.988967
128.357371
114.339965
129.659074
110.673688
128.152085
107.838299
113.121568
113.329654
112.475974
121.414781
141.789523
118.227806
139.628458
116.604502
129.205283
117.574622
117.059200
120.732230
125.098580
115.878798
135.660229
102.015046
121.981728
111.236688
114.934786
119.595406
116.779633
114.755718
117.441623
93.072924
102.122995
83.323465
97.319547
98.984544
81.966421
98.608168
82.409622
94.534816
86.459863
79.259686
82.278430
82.933252
85.693274
92.619174
80.574792
99.393352
88.925274
87.081395
88.710653
92.347433
84.668020
98.050135
77.368279
113.207424
95.073507
113.009493
106.345222
112.420344
118.729314
111.817262
104.847874
124.192172
93.168512
120.460819
102.701548
106.696858
110.809556
102.677916
101.764396
98.638230
95.182089
99.221150
83.673759
101.988885
98.799202
94.600792
121.331284
108.674865
121.955273
129.552766
124.029725
133.788997
135.879712
140.769440
153.852859
140.367060
163.264268
156.197702
178.599515
188.966392
187.835346
195.108685
199.956917
195.651384
221.384361
206.151582
234.040038
216.866824
221.637678
222.350513
213.384484
214.084438
213.915715
202.448772
233.480557
214.174279
226.189561
229.082388
226.922160
249.139713
247.964910
245.563493
265.762125
254.741499
278.565284
253.715132
258.143076
265.372113
237.389380
251.711615
253.526967
249.037051
266.994884
253.163190
259.630107
260.957517
247.903838
259.921172
246.973158
250.268484
241.782005
236.731219
242.262193
232.054743
222.075269
239.227555
208.855018
224.942463
194.446543
207.956593
203.555728
199.037884
202.097129
213.714768
195.976133
221.054818
199.325935
205.190268
197.356496
200.280941
207.029694
204.080229
192.482538
203.722120
190.237182
193.820504
177.267461
178.114005
186.789012
171.037448
179.092193
191.656605
188.764583
204.375741
198.240907
200.305554
207.170043
194.715559
213.274685
189.266759
205.253077
203.577167
204.584185
204.222735
206.808057
182.095073
191.754800
169.474969
181.868688
160.314952
178.828969
182.892930
169.860999
170.597509
180.807343
160.696753
184.486700
159.790189
162.754655
161.411231
158.900706
161.326319
163.971740
156.697063
175.015620
153.765160
171.604189
161.128907
170.035093
189.633903
179.608919
189.426275
183.630385
187.263167
188.939388
178.924686
198.215157
199.622024
177.102230
190.583283
174.777747
180.926447
178.294207
176.019519
177.057487
175.914359
148.797274
180.399938
158.271032
177.645467
160.124771
161.744206
161.191723
158.180291
152.813878
170.955910
142.708442
173.777287
152.302116
168.041614
162.457492
159.354701
161.801287
165.100200
157.984061
171.322906
149.728873
166.783046
161.316557
163.086271
166.855126
164.019263
163.467070
173.458699
169.202492
185.226513
181.295271
183.318511
187.029878
174.447875
180.327752
178.819214
173.512582
179.629264
176.360856
176.934310
187.866290
163.237227
189.429995
168.796779
176.662942
166.985354
156.286342
161.856651
151.912209
147.553711
169.427191
143.721047
160.625609
143.822195
149.269267
145.148327
135.742003
134.169276
133.543830
119.594229
142.021959
119.039676
128.877279
121.082984
128.392850
132.073941
117.741724
131.960439
119.325183
115.177020
123.016160
117.035328
119.902180
114.119198
110.234163
127.787495
114.193656
116.542047
121.864815
122.398792
129.231589
123.102325
113.912473
117.711658
105.489717
137.715518
130.813802
131.596891
127.794047
139.283875
132.124547
139.717642
115.037023
137.481911
122.545798
146.794846
136.041198
138.757332
135.129878
132.620703
131.573429
147.906505
116.603421
135.594229
126.241774
135.161542
134.995937
135.338474
140.048094
139.556257
131.903431
145.479493
141.223024
154.932947
152.353416
159.982972
172.697092
151.891584
152.806589
153.252731
160.873451
162.614104
156.675796
153.041959
157.720483
140.303097
150.062616
117.990091
123.901502
114.738968
116.866351
118.450728
121.891493
108.543979
125.461181
122.292381
142.810270
126.066112
133.366781
128.908892
124.976158
123.761342
128.219125
124.906193
146.584244
136.371609
144.272561
135.026393
133.628033
139.793585
143.304453
145.710341
150.493425
136.404778
143.902036
126.654993
136.579931
139.306008
118.054466
139.865776
134.869673
132.885474
144.833448
147.409057
149.100310
152.267188
147.721477
167.058213
145.647334
170.002235
167.636240
169.978387
172.700396
177.872079
168.435131
184.350376
169.926357
208.553314
188.027433
193.117370
191.265260
192.763714
201.735876
196.964021
178.061360
201.134907
171.613013
184.751460
180.559218
173.439054
174.515634
169.406335
183.533208
195.896813
185.046548
202.576776
194.307686
192.416194
192.524846
196.198380
213.755337
206.269897
205.021910
206.020314
206.911907
223.021424
220.535096
207.681586
229.397900
203.715454
206.844933
207.099787
212.137835
218.380258
230.520896
238.034961
265.301086
247.235095
264.427545
251.612681
263.211812
257.345550
267.612621
255.907527
261.481413
246.230158
265.889033
245.043349
250.181770
259.103101
252.050195
251.843532
253.850659
246.178981
254.896482
232.391699
238.321680
232.644138
228.566302
233.739330
243.883546
245.832919
252.937732
243.709850
264.634982
257.106509
259.477661
270.886916
260.446688
281.460391
277.831761
291.495558
285.180894
282.738017
289.343859
302.424861
280.896753
298.143460
282.203143
296.053287
288.950287
284.507718
281.612370
282.868583
271.484370
283.902687
255.353662
264.036569
244.881487
254.499258
256.895624
261.234145
258.030188
266.702430
246.697081
260.769490
248.663653
271.490976
274.346743
263.530747
270.301660
268.894889
256.578671
256.448680
240.771140
247.474379
238.791775
229.036472
244.342734
225.275363
238.764277
237.644050
232.086086
238.878041
217.244950
208.436869
209.968009
179.942440
207.269026
187.560002
206.416170
203.653211
208.530195
220.842031
234.348603
226.821587
251.058333
227.360170
255.414624
248.570135
250.686747
253.586488
250.112485
254.675913
257.319203
243.669595
265.187794
246.085387
257.670699
247.584559
236.367756
238.705008
237.990182
231.922804
247.818217
231.301822
245.283531
240.292933
245.027423
248.540389
225.735656
244.390095
237.002817
244.486239
245.020186
228.940930
231.764880
225.892707
208.127133
238.959552
202.314301
223.400790
216.241156
217.743029
217.837994
213.194592
210.120891
227.128918
194.462580
223.466046
200.400094
216.106336
216.949604
207.009978
208.094509
214.788596
198.584703
220.340058
194.761049
207.647809
199.130861
200.099890
208.395315
202.944618
200.536447
205.929579
198.837298
222.856366
210.100666
205.298834
210.982724
192.244711
207.785479
199.355144
201.806921
212.711102
191.117880
197.422952
197.477038
179.877765
206.035606
181.773574
198.528356
196.051460
202.631435
204.581830
214.184955
208.419031
221.551352
198.724875
217.135921
194.356761
198.003166
195.112757
194.579631
206.103103
200.762188
192.838837
203.794150
174.335165
192.687638
170.615060
172.620343
181.291258
166.064218
176.973376
176.722546
164.162902
181.175170
163.702164
170.460056
162.436487
157.360836
165.888394
161.223764
152.279088
163.639180
136.982873
152.746373
149.331119
138.381950
152.233577
137.563155
152.412700
149.197867
155.752781
153.507680
158.443070
147.270187
172.510214
149.125347
181.567626
151.905090
163.529022
160.911244
150.986412
143.317145
155.863152
131.786442
154.461877
124.166568
129.894828
121.840454
105.936721
118.539301
112.008580
115.608279
122.859434
96.522629
121.228909
111.547201
111.556227
121.220188
112.571686
119.710375
110.290258
91.853323
100.670143
80.768526
89.362454
87.848995
65.890254
84.666481
73.034752
83.799676
77.445188
73.415701
85.920679
80.254883
74.835853
104.472717
84.423976
114.951563
97.371652
102.566698
114.086758
117.820505
118.196566
131.288904
112.911403
144.508246
119.827103
136.349916
118.285511
115.811580
120.796283
107.351987
94.138026
103.026974
87.796214
102.070529
85.516275
88.128568
94.761961
89.402476
88.731371
94.295492
86.426469
96.789173
84.557568
87.150520
81.941687
84.273068
102.440329
78.354634
86.679166
74.905578
73.146303
75.008789
87.171814
88.915294
95.017154
69.891331
87.186671
74.762146
76.309156
82.740065
76.420158
73.982610
94.027418
78.657533
96.067699
75.574905
98.164920
85.629487
88.484603
86.869486
78.903828
71.681222
87.246307
71.354932
83.007853
71.786795
82.247496
83.336029
81.154459
85.271711
86.274552
80.890697
92.808265
79.399458
87.167009
77.467550
75.623300
91.015214
83.089452
104.233898
101.365859
93.205506
95.428412
91.996250
85.091247
86.865452
71.347478
86.169762
64.311536
78.895744
70.420286
61.590588
68.770035
71.921264
61.534333
80.018725
61.538832
85.287008
68.446679
73.564791
72.003334
84.615797
95.970669
111.143139
100.670886
127.520420
113.739122
135.951446
129.989277
128.785772
133.775815
128.312637
140.391023
138.047251
130.999014
142.428955
125.065872
129.069876
131.853823
130.899472
136.854513
128.653570
128.916292
126.486347
121.804571
135.585657
157.205879
159.411288
181.047811
150.337392
176.265476
172.406929
178.053130
179.467022
169.295049
170.102514
177.375862
163.349855
168.672335
145.626067
163.999044
153.508862
154.256581
146.783731
152.385764
142.075744
155.123238
138.439487
151.805989
140.528278
156.451504
147.760155
142.040654
145.340290
144.369081
125.601752
144.321062
120.884192
120.858937
125.718245
107.749833
127.952927
110.357071
118.495326
133.461151
128.833760
130.976731
125.688934
121.226327
129.431266
113.113087
127.369531
108.046898
116.943178
111.033621
112.655673
107.079256
107.561344
89.665988
106.662698
95.035344
108.080840
90.103651
99.385643
93.184234
99.119753
76.067397
89.002276
65.856058
75.892058
54.770257
64.497604
72.669493
79.758225
90.038975
97.930216
85.948076
104.350989
94.036470
107.821258
112.298289
105.689720
125.865751
114.550930
113.042257
121.453470
109.788349
125.207448
133.269365
107.708971
112.334336
99.463409
112.535609
101.060702
96.894785
97.360809
94.256357
77.208020
95.342698
83.694322
99.678364
86.828391
92.752229
94.848976
95.565365
82.420536
95.161516
73.344889
109.456503
94.773281
114.880728
117.673166
126.604857
135.233590
140.872325
129.961270
152.724849
132.065351
156.968612
153.630125
148.335809
158.082107
139.494543
138.853894
139.535866
119.159225
129.023315
120.731531
137.960803
143.115891
131.217232
160.400277
140.096725
151.153123
163.604311
152.385218
150.564379
160.438030
146.145649
164.237279
148.074592
175.214938
165.145386
177.635576
173.055117
172.529426
169.449560
184.984979
157.628966
187.020479
171.333258
192.049690
202.173845
203.990549
196.715630
212.371672
203.130793
209.063275
184.177930
199.426737
175.679260
175.116787
194.982019
182.558476
187.833130
189.329207
170.986939
189.927726
170.029765
170.658427
185.150653
167.298582
185.452160
179.558796
192.296816
188.076189
183.652588
190.799881
188.284873
171.421850
190.589199
159.879641
175.448732
164.023356
176.115512
189.132894
188.995594
191.679596
209.387529
200.257206
232.027632
213.200479
232.636430
233.407213
241.014456
247.999865
255.428688
252.933428
270.527858
250.056816
273.784120
263.500687
267.840601
253.434275
255.009352
257.021405
249.698383
246.111949
261.431081
252.375603
272.588246
259.523704
257.280681
263.252270
245.118449
259.968707
255.689850
245.565626
243.949907
229.142761
212.239049
232.566827
209.114448
216.242888
196.674768
209.754827
201.693070
195.198163
201.533303
200.809155
183.150263
208.216403
184.832196
217.867332
207.370584
228.868535
246.433336
245.867971
246.083597
268.557149
244.014892
264.179424
252.854435
259.437314
262.973510
257.323560
271.670037
255.411334
244.759703
263.880904
243.318043
261.522082
254.652785
257.891766
272.585671
256.687064
264.303620
254.773168
256.065074
265.175573
240.991982
245.389721
246.430489
220.224878
249.087686
221.646136
230.140059
220.499619
226.323031
231.419493
227.784339
224.464589
242.646960
225.390347
246.923145
235.120936
234.925890
233.131255
237.318982
232.648727
248.027522
231.173649
255.798291
233.816504
251.380618
246.871072
228.128522
233.187778
232.473147
224.393212
236.170278
213.278350
234.738999
230.136256
218.773900
226.037913
216.835069
222.727645
221.278229
215.089879
219.882037
198.206226
196.525312
214.807894
195.910917
217.589393
202.673222
206.343409
200.386336
207.476100
210.527598
223.275161
203.249160
227.705554
196.720892
217.082155
217.680146
201.642824
207.042686
207.718108
203.237892
216.224981
182.362719
210.643546
195.159603
205.591227
206.755758
194.052201
205.211435
212.912626
207.937759
221.001649
202.740895
211.478143
206.567431
208.076057
212.929040
193.429824
189.031559
199.232752
194.594693
203.115067
201.766651
195.765722
223.950024
213.516244
219.433090
212.274887
216.813512
221.366135
214.394865
221.216494
230.099417
208.119725
235.544439
214.799541
234.967789
231.243147
235.744754
238.906434
233.549902
238.530714
254.216214
220.984045
242.534964
228.303406
246.055192
239.702213
221.799623
225.444523
229.332120
220.594812
240.145837
222.655332
229.167008
223.813775
221.101357
239.933427
231.326034
236.531870
248.733515
236.877829
246.641673
231.104482
232.744424
230.913124
205.044185
217.846262
194.062903
201.268984
200.133963
193.328100
193.333816
196.464844
184.743287
208.293960
196.606723
216.360890
206.491181
200.177974
201.716350
198.564219
198.803530
229.078671
207.303455
225.415097
217.363465
228.658498
208.370866
198.324663
197.021323
198.165559
192.613717
214.140931
184.241480
193.542550
179.591995
184.266220
192.034940
194.270250
196.566421
192.935164
191.770161
193.265463
187.149771
192.363900
202.340837
196.563006
206.511708
188.459745
195.998749
197.591063
195.119374
205.030098
198.966454
190.161801
208.084328
181.713092
203.153353
187.927817
208.425722
204.896154
198.188591
212.933515
217.531989
189.019603
225.819725
206.016338
232.194398
225.808820
229.931853
229.598641
223.536850
225.383858
238.585637
220.275562
232.417627
217.662998
225.933229
229.037393
221.698869
220.232278
222.179644
213.831957
227.901232
214.455244
224.953024
218.302459
207.349081
226.724298
213.587424
225.595079
213.633311
209.183471
226.569823
220.526127
208.007918
215.707312
193.733367
211.778642
190.283801
203.118877
196.071335
199.248388
194.380655
196.269959
186.930397
199.207224
173.756861
185.540035
173.976968
171.001653
170.259131
167.317148
154.303664
167.740932
147.394473
160.064974
144.693017
157.586614
156.641990
164.338107
185.512874
187.776669
203.462942
217.317962
216.381564
224.653759
220.417451
220.272932
226.183722
207.424024
210.465968
193.217224
181.517089
177.065910
160.054660
170.744299
173.808018
150.579728
154.055715
124.542399
138.258196
131.539748
130.711967
138.564625
138.653175
127.036428
149.389382
128.990887
144.874804
133.420026
146.564319
148.718420
151.142255
156.432728
170.456800
170.495661
193.720338
181.789908
188.100157
171.477423
181.365923
178.082562
175.104233
168.113989
176.380397
148.554552
163.358241
167.001604
152.140821
161.013556
155.768978
161.487217
154.481622
162.581346
178.808248
172.692810
168.170927
180.042185
169.189772
178.752965
186.902010
182.764087
189.104481
194.647350
203.246405
222.610717
216.703557
238.865500
222.231517
229.232135
213.769131
216.731274
210.477159
216.960762
203.407809
223.242527
196.413886
212.762260
188.330848
187.161019
188.761457
182.869598
184.015146
201.147665
186.148120
199.395053
181.041066
188.657822
180.533668
175.660025
179.528479
166.783900
173.711965
185.484383
164.896836
163.952198
159.955619
155.361284
160.828337
149.187312
157.171986
145.721796
144.875531
143.970723
148.888449
153.507347
172.425367
155.250731
176.291808
154.068237
173.178560
160.505010
163.715637
160.332946
147.450140
131.904081
150.537176
115.204444
140.750600
134.043545
135.394307
127.071102
127.232876
132.130022
126.454497
110.993504
135.985957
110.926512
122.682708
128.140964
118.781937
135.272287
123.243792
128.188663
142.877687
133.600501
151.077579
149.907127
138.402024
158.579339
131.414608
150.594764
143.514429
141.650765
147.823799
142.039512
147.104849
159.476889
141.753268
168.149861
153.201905
160.833282
163.988593
162.542786
168.506918
169.756733
158.545576
186.430329
163.527240
187.445836
176.209023
191.003791
196.911964
195.796590
185.409212
192.072564
174.033088
194.201636
173.468454
190.206570
191.990611
192.207120
210.427547
199.834523
199.719737
209.418774
197.001318
213.450986
205.224515
215.512690
230.553137
212.979353
234.330505
226.480374
221.768193
230.790028
219.939005
220.211979
228.974928
207.235152
223.710857
191.637567
208.546674
189.445886
187.692810
191.887037
200.444881
196.335697
212.958296
189.889727
208.432633
196.463565
197.470565
207.442499
199.440480
188.774063
192.410746
176.622298
194.488425
170.189015
181.110132
174.689480
158.153575
176.312460
154.738679
147.836907
163.099208
135.722438
158.260645
157.388445
163.706957
166.068282
150.560106
167.043643
152.399494
151.191402
157.211982
138.661474
139.230741
136.585761
126.939588
142.677307
134.370613
155.427289
146.333279
151.767474
166.576774
164.789305
162.944257
170.920507
152.810891
170.740205
152.923719
170.631469
160.852286
151.473375
150.220319
156.500223
140.540312
158.838068
136.722091
153.561275
143.929168
143.517311
160.927529
151.118977
160.933739
168.102759
150.619964
163.557817
143.559873
155.734281
145.486751
140.311268
141.735030
130.966283
150.638744
145.139924
139.271583
138.381976
136.828394
120.237039
128.297889
120.781764
146.540725
133.864948
134.750712
144.977746
140.408006
136.675359
154.766651
137.021865
173.271550
151.600331
165.262084
157.948942
161.950027
166.813985
174.360198
157.224031
179.779205
160.593935
183.996487
174.926193
180.942741
186.661911
174.255576
190.979149
187.945856
169.672323
182.708099
169.549117
175.174514
176.896970
156.320975
167.878856
153.344772
147.844833
159.731315
158.398889
170.628379
168.967902
167.578619
183.262612
173.554638
185.438564
178.596254
182.307751
178.701253
180.870962
182.418435
199.858366
167.042801
206.878041
187.181262
204.750474
200.657999
197.847094
211.524010
224.007277
212.593797
240.549155
231.407973
250.410154
249.067408
246.636867
249.826795
239.823966
233.817226
253.448604
232.366786
245.464617
217.460168
228.058414
231.439314
218.807940
233.930473
225.119061
222.284587
219.235076
209.487742
224.896218
217.398866
194.327517
208.117213
192.617090
213.867296
211.878023
214.133332
223.418784
218.448661
219.607338
230.710973
212.989061
236.069653
220.494287
227.115601
234.312203
221.883946
220.316956
230.083883
206.517483
222.902910
197.345967
214.943788
204.898162
212.344273
217.955798
210.972726
201.595190
215.921276
195.732226
224.477639
200.171972
204.095500
216.421444
206.143178
212.652527
207.452272
207.607522
227.328220
219.928677
219.583973
224.063128
215.202181
226.717080
208.162078
221.432088
213.128325
212.577432
214.540391
203.707193
196.952704
211.179355
179.110473
190.258047
174.282116
168.065274
163.961115
168.243242
167.840450
175.056680
156.947165
172.479535
148.787184
173.474002
173.143995
180.125790
189.168070
191.327982
193.496823
195.450651
174.267189
195.645803
174.998413
180.826810
179.673099
168.069709
179.450620
170.191136
171.168537
176.682780
154.302738
173.116944
187.267977
170.755664
180.999002
168.227643
174.468892
174.125002
184.108496
203.423430
195.323441
205.585821
236.119198
217.102749
230.267269
217.716848
226.904907
223.015536
219.035605
211.452927
206.824856
200.330100
223.246326
204.678699
223.687187
210.074069
216.861129
225.695225
222.701775
229.351526
230.125321
211.530088
235.827702
220.293883
239.578618
239.638156
251.558874
250.796898
239.461454
237.710535
244.796347
215.561533
224.179139
210.663642
207.052514
211.259861
203.006229
204.121118
185.909593
175.919334
179.182368
169.575096
180.747127
181.002252
176.629772
191.578503
162.502282
190.634073
186.077111
185.707542
186.463626
186.130958
180.475730
182.142029
164.204867
183.503815
159.837586
179.010617
169.703623
169.537271
154.795550
162.699154
162.688611
182.872652
162.259671
181.693209
170.467274
173.954398
192.541926
174.253624
178.882771
190.880401
181.184147
191.328965
180.854404
191.970412
180.661629
169.774225
179.983509
167.545052
169.764429
179.712199
174.539693
181.376537
174.398356
167.955437
174.639853
151.913647
176.000377
154.182384
154.669045
147.247944
141.388058
131.334312
140.922802
118.403057
135.719530
113.873486
140.282769
139.274692
145.407609
153.142564
161.083000
153.334348
161.091450
146.354511
164.102972
140.007991
159.011428
163.278262
164.352120
172.562799
177.605031
172.120623
188.494028
167.206772
190.588098
192.418279
188.834946
204.345030
203.396320
213.035943
215.400379
212.260169
226.127554
221.505444
216.368737
234.121346
216.019843
230.162221
227.585106
228.040855
229.374013
222.700864
227.677915
235.983099
218.952214
244.617404
225.123140
244.243985
231.676521
222.084722
220.207706
223.923567
209.895729
219.268117
193.116865
214.611659
184.698312
195.147960
196.127116
189.653985
192.719966
191.418823
172.520956
197.743068
190.314511
188.545317
189.427842
189.771992
184.533314
185.302896
189.325290
185.817812
175.895931
188.516537
182.886269
182.561163
196.714532
185.435114
201.941825
201.080363
204.110277
198.706000
194.007856
187.323315
198.451071
189.062886
209.588201
202.513457
224.311371
212.106838
209.505131
195.847087
202.084101
186.968040
199.828120
180.831695
190.818272
176.118488
172.438087
169.303025
169.021458
152.548522
163.474134
148.725735
160.681354
139.481402
133.631504
136.894572
138.261005
151.346796
146.903579
145.070476
156.967294
147.808926
152.139792
139.493008
133.730535
146.255943
137.536989
143.385721
154.353452
150.837043
162.776703
173.082647
156.185650
176.187290
169.991388
188.407653
174.855055
183.515691
165.767773
168.142837
161.448647
181.807703
169.126675
189.947885
173.524247
186.094055
172.084473
166.645836
175.413544
174.519186
177.097637
196.684512
168.330505
202.281781
195.629815
209.627312
217.751766
205.210656
211.151766
220.620901
212.318416
235.166875
222.767246
230.221123
243.242635
234.415184
251.464799
240.421039
240.214710
241.910054
241.158884
242.255607
235.469950
231.140336
237.107020
215.317267
238.357994
223.168656
226.687544
223.055710
216.350600
207.609823
219.135071
196.410264
212.283559
200.984768
219.578319
215.708479
212.727835
222.655839
219.911049
216.253705
232.409522
214.827152
227.168477
212.710291
219.897837
209.907886
196.414433
199.678801
198.479456
186.170460
201.835472
191.838996
192.707299
199.881074
177.806981
199.263018
177.759692
185.619354
193.199570
175.709916
181.583403
177.407504
185.868927
191.928967
169.480721
197.597557
180.494716
183.476372
187.902671
191.812998
192.475749
208.248093
192.660272
208.371349
183.297315
198.862191
176.139217
177.617705
182.924879
179.922992
189.076112
208.648482
193.736936
227.766577
209.562999
216.853821
224.964224
223.119719
217.388503
227.248850
201.832758
210.863185
199.322569
207.951623
197.437531
175.947797
180.279836
171.949794
177.419654
181.835013
169.128547
172.111437
161.254519
163.498920
164.835550
150.413835
164.530475
152.270106
163.362912
167.479407
164.212791
178.616022
186.419274
168.069511
193.142505
168.198502
185.454120
154.260884
158.894695
168.465544
169.290975
172.818348
183.118274
162.153298
180.145400
156.800141
167.583970
162.808250
149.887375
164.146159
165.635081
158.320804
173.437316
141.840587
156.164991
134.891556
139.347879
134.577297
128.111869
141.262844
128.303192
115.736609
123.751302
96.461238
100.905540
104.390027
84.529920
99.351595
80.344785
77.518516
66.923334
68.451052
79.905808
74.267103
78.384465
108.606905
89.375561
117.805347
101.739750
107.959082
107.462910
96.301171
99.462630
112.787166
105.484034
127.728095
103.094643
124.920783
123.634618
111.254410
116.599446
113.402571
108.717192
128.335369
114.256933
143.969237
126.732335
135.263663
145.667878
132.071057
140.940117
137.370198
128.960566
135.354148
133.827423
143.173274
145.422381
135.756750
164.886598
141.548791
150.840784
156.797960
163.982951
176.494219
169.149386
152.740094
168.759390
140.661050
163.663310
157.503470
150.034678
148.568487
148.071139
139.268090
142.836733
122.388790
149.943456
134.819894
143.384729
131.960969
133.374205
141.831239
152.042199
142.715379
156.724467
140.277922
156.872227
146.509763
151.798254
143.356810
131.779191
137.164650
135.449574
124.312705
140.905675
119.225260
124.981233
133.495924
123.354288
157.693793
132.740538
147.264915
151.835887
142.190126
148.823472
140.498726
140.497742
162.125599
137.869886
162.209375
149.269081
159.810275
163.849362
154.853399
152.088498
177.669275
162.656219
190.535926
169.441808
198.673125
192.713965
185.724710
198.269572
200.489924
183.843614
210.725642
192.318340
226.544974
207.681537
207.878030
204.138997
183.016168
185.744986
191.988469
174.031205
195.951672
179.975446
188.189336
175.415951
165.387777
183.060044
172.066560
180.858407
173.194150
165.813784
162.633773
159.238673
149.754239
161.477660
141.720647
152.657235
143.412209
140.386426
141.968738
132.407096
126.007044
135.816850
125.973493
141.417350
138.063724
157.194576
150.088160
150.046845
152.805593
157.431343
150.845003
171.589580
133.547759
163.617125
164.108718
171.297470
173.164036
164.851940
171.845192
174.859871
159.016907
176.718140
158.705278
160.809455
168.992668
151.136467
163.855708
148.323081
149.007008
149.031667
144.680109
158.364386
156.433417
158.387888
188.064574
173.299099
199.778774
188.872166
189.860774
198.931138
189.660524
196.879869
191.656769
181.523927
195.407596
166.189413
184.784567
164.301842
167.354222
165.653409
161.691948
153.247367
173.584777
161.700553
186.463429
169.175473
175.912601
178.113885
174.630634
175.996978
184.048934
178.712567
200.410148
184.808585
200.265950
198.342447
189.366126
211.389177
201.450158
211.549548
208.348292
200.539555
208.645072
192.346730
194.010461
204.266604
188.495248
208.140831
195.462478
192.933311
199.275172
196.662875
190.435035
194.850733
185.758274
206.989739
200.544235
221.400210
205.458242
206.820294
199.362637
196.615332
186.197737
202.635941
184.964500
201.981362
180.356335
200.541881
198.254740
201.300829
207.801165
202.516303
186.279796
200.387564
185.058765
196.582356
194.567797
201.061620
210.596183
202.829222
205.357515
220.190198
207.123194
220.964761
225.683234
220.061227
231.306261
211.912022
222.165787
216.594227
240.639979
234.903218
236.356951
239.642891
244.168098
234.951289
237.810170
215.012763
227.076136
211.056949
222.335662
210.421583
210.996695
223.191865
228.599765
208.808304
240.070002
214.810920
238.273682
221.887633
225.348605
228.225087
217.898923
218.003572
232.165439
207.922535
231.174951
223.778378
224.912740
237.990929
230.166419
243.324770
228.353389
225.921738
222.416340
210.175794
218.818805
218.875674
213.419216
223.087433
219.127149
234.466308
219.359481
215.978101
216.351105
208.147564
211.870552
227.978504
206.259272
228.147862
199.358981
220.902763
206.461717
209.564712
220.233425
210.491859
186.558968
199.206462
177.664638
197.588169
191.034135
190.233180
189.335659
186.877551
190.461162
192.020576
175.390829
203.644495
184.950304
189.627242
191.037037
193.864235
187.112039
201.904771
200.032833
203.792615
198.900595
204.307645
198.179413
190.120154
206.469388
203.027433
215.368017
205.552306
207.356576
211.640943
208.716893
220.598392
229.408076
212.655764
246.983256
229.797198
230.793507
224.745193
237.438571
229.253764
229.731589
215.134996
229.563339
198.668204
212.044356
191.173329
204.263703
191.374222
182.591921
176.736425
177.206323
165.923367
179.595072
167.334871
175.358008
162.881867
165.977295
166.830206
165.513893
163.069479
168.166794
154.499761
165.529720
160.527526
149.903264
160.252460
150.362336
147.794601
144.404352
137.591299
145.035781
144.240875
133.196895
142.879223
128.723514
143.145471
136.969860
132.467034
133.147125
140.674308
138.049884
147.797464
126.823089
147.178266
127.327764
130.426728
125.348874
122.911804
129.847044
137.132326
135.239581
147.456015
118.879763
146.062818
125.363569
134.717721
123.864260
127.147562
125.598441
133.337396
127.571107
137.168682
122.656052
128.505508
132.046485
119.697593
130.266012
118.708194
122.912218
124.591127
114.984610
113.140943
118.188227
111.094080
124.069172
111.900819
130.502552
116.058226
113.116914
111.720816
112.628669
111.951042
123.908359
112.927722
144.694362
130.335626
138.122489
132.270614
126.927767
131.450326
140.221623
130.942659
151.109514
133.842246
153.022579
144.244231
155.694780
159.030095
145.717062
137.751230
142.885051
123.766857
144.256747
122.780264
126.753583
113.583109
119.202394
117.229776
110.504802
118.531803
121.079084
113.179352
121.874643
120.375952
106.633523
121.610179
93.617206
104.720840
93.630765
95.689662
106.361781
116.994223
111.796121
125.387030
97.749403
116.943034
106.718703
108.322795
103.106144
95.461622
107.246582
107.001266
100.439231
122.687562
84.860978
102.759890
104.686424
99.872266
104.328200
111.895611
107.247213
113.696893
97.280960
115.804943
101.049402
112.226657
115.524483
109.064237
111.546863
102.858609
102.821450
112.274674
112.118366
124.048361
124.352391
109.149014
132.359183
116.145890
125.071187
111.954428
111.887715
110.867095
109.533620
109.851509
121.867721
92.600073
110.446256
86.760812
89.880922
90.929147
86.663942
91.292635
93.021441
78.983774
111.372945
76.639172
104.538892
89.289246
103.338177
98.399006
95.617524
94.091414
99.940456
75.378531
99.456514
77.304977
88.693897
87.192561
76.337020
91.609915
86.810174
89.481773
101.464863
91.949386
102.664103
110.526043
103.294349
119.659533
104.857592
132.582878
114.071418
111.155222
120.138660
98.606252
101.120104
108.791744
89.648874
115.682449
94.200366
93.316197
76.476521
63.928509
74.195018
83.984894
76.523429
95.348599
67.972111
100.727432
80.129488
87.612505
100.151753
93.312084
103.140171
109.311049
89.912894
106.558998
82.616379
102.116337
94.787522
95.784053
110.321124
91.263526
90.318422
101.212388
96.866390
110.798093
94.762856
104.866284
106.737966
72.518980
94.482582
85.597788
93.009860
91.165419
80.395872
89.588672
82.520290
88.260537
106.519076
73.691247
93.699965
76.894625
81.120455
93.717696
89.096839
84.838182
92.946059
70.930576
92.932853
80.405461
90.432776
92.370286
90.595505
88.949299
78.674690
66.011477
89.750673
62.054938
76.299823
64.248490
85.102247
87.659536
74.151733
91.896347
90.789107
78.030941
94.127695
80.983262
94.723671
100.250533
91.012192
111.377947
97.208298
88.897886
103.768314
105.670351
99.521742
105.555363
92.769385
103.492463
86.268046
105.417328
86.879691
80.805668
84.952900
75.002345
71.905653
95.361805
68.198337
90.843562
90.234116
96.404621
85.111661
93.045941
91.624896
91.576070
85.431138
107.989735
86.429747
108.016224
110.324131
105.620586
112.552885
110.076885
96.253402
104.996764
99.026074
122.741321
113.572980
114.268261
128.289344
114.649767
133.160063
128.934100
130.817301
134.566563
131.905118
135.289688
135.091772
119.315768
131.789882
110.477402
111.518020
109.404476
98.776424
103.078833
112.367331
98.379783
112.787805
93.609865
122.879733
107.644782
119.348245
115.708560
128.096833
121.984057
124.032491
107.670624
131.753963
109.392297
117.917323
114.080296
110.068303
111.296069
112.291393
107.183809
110.932901
79.184525
85.680015
67.225761
72.963887
78.195076
68.259511
79.166519
81.187202
77.547191
85.898607
73.720216
73.761529
71.403086
48.004486
69.923665
53.792578
60.969769
47.677315
49.069948
55.220722
72.936467
73.566513
78.973721
60.876137
99.052110
83.763265
83.079387
81.488895
70.137592
75.324519
75.638076
65.319586
80.835327
62.951626
81.365477
60.315303
71.708282
68.393860
69.926815
64.675635
68.937192
55.033051
80.919736
63.180650
61.390789
69.426532
64.508348
62.247627
59.206979
64.125737
76.575140
69.028043
77.050046
80.034267
81.045771
102.504449
82.949120
95.907118
90.766523
83.836350
86.802521
79.324916
78.489766
89.904671
80.535284
105.177989
78.645464
97.953547
82.424284
87.962035
81.963367
76.328005
77.358821
96.034723
69.710788
90.105378
72.707705
83.110020
94.325779
103.333916
111.912890
107.232301
99.311503
113.435373
93.417420
113.405066
112.712038
118.416915
131.460090
119.937018
130.244609
149.115098
133.957570
146.279473
139.986536
143.277241
169.728103
160.620707
183.036814
173.819851
175.708645
182.961486
186.391225
201.907080
193.718130
181.210435
196.843215
177.125185
193.756906
179.396109
191.824042
190.524655
195.051730
187.312879
192.960611
177.209028
206.319359
179.752129
203.738965
190.308058
187.789451
186.258418
197.664375
203.528131
223.987710
197.804116
216.995543
202.055782
213.923023
213.201870
200.476591
200.588289
189.756249
192.544231
202.177287
191.526119
191.925274
196.351363
188.280280
203.416976
197.370192
198.602580
197.776318
201.364927
202.693945
200.318436
195.087049
222.159021
200.036944
220.667091
216.357608
235.903166
229.338557
231.808403
229.471773
233.383309
216.009013
245.386889
224.958945
249.935158
246.210485
240.669202
245.613391
256.839994
242.966535
259.464508
247.508926
256.963409
246.581755
254.534870
252.293272
260.282183
261.315971
260.734283
245.063319
253.579511
252.458392
249.052686
248.322750
241.472226
249.054297
251.600724
241.386768
242.585240
239.020958
234.756801
244.380550
226.767859
244.999230
239.779235
245.019156
248.589720
245.874408
248.571077
244.177836
224.241141
236.191680
223.212695
241.278160
229.345458
230.140044
225.561955
229.830264
229.435076
242.069432
227.907142
250.563136
231.628139
241.333698
242.236077
239.479516
232.509937
237.517708
241.017662
254.351127
239.961091
250.266740
242.230126
245.812149
265.743779
253.593563
258.740890
251.880064
242.521222
258.025660
257.744359
261.418833
264.723567
250.766639
268.966121
260.049377
250.204076
255.177444
247.217026
247.187223
250.249457
235.557646
254.094147
232.298644
253.570401
248.615197
249.503463
250.894588
245.705123
240.038146
260.389748
238.781738
266.586739
239.908198
250.149090
248.812200
244.892405
242.203348
236.665351
223.163466
243.733963
226.583445
243.468735
236.129757
230.170228
237.558015
218.733394
221.273901
212.653726
201.886330
215.600328
204.187204
211.231979
215.534007
205.460375
233.311814
225.812910
239.146143
244.455763
248.880092
255.658455
266.443592
269.978582
296.697257
280.968563
306.869136
300.030930
307.649647
312.939164
317.817248
311.674736
320.389342
304.743599
322.727381
282.835035
304.062188
285.955749
285.233545
292.772996
294.668229
292.093064
299.024713
277.284477
289.861000
276.996516
273.120915
279.339813
267.492630
268.532916
273.953370
270.582901
274.507125
263.555873
266.425084
265.801694
250.764198
274.102722
257.231229
261.404258
269.632564
248.024295
265.776682
259.469690
246.097080
273.913222
251.493147
273.357225
261.265016
271.227759
271.955342
264.582281
251.626733
257.995391
240.139352
269.024358
245.090058
259.282056
245.681052
239.824214
246.464943
240.886177
230.539842
231.960681
222.297759
242.307874
230.479452
235.234677
245.429650
249.928859
255.193791
255.238202
241.741383
259.895477
237.612677
247.968555
251.764727
227.259594
247.911532
222.026665
228.043418
218.477789
219.996006
218.813850
211.695364
206.624037
213.424044
178.771905
206.973429
185.718089
200.511619
205.521116
205.444550
189.266522
199.578875
184.843566
209.301989
173.742525
183.180878
181.279696
187.411900
189.712606
199.473672
204.459586
203.520725
185.456634
215.482466
199.483910
216.131340
217.261092
211.599482
220.991418
223.624138
215.648606
218.775886
201.184240
208.834813
209.108619
207.988863
218.054473
192.644617
197.682847
195.441141
183.182353
194.413302
192.079013
195.937246
212.598768
198.460114
226.358023
207.245544
228.513464
231.256315
227.605222
241.877390
249.450082
237.846917
254.436267
229.183538
258.846137
246.658749
248.748065
257.535153
247.640474
247.516278
263.223168
237.440395
268.533017
239.862218
253.953487
247.578021
253.264642
259.888531
248.676847
249.090701
256.629574
240.240349
269.905138
270.848377
269.607913
300.001719
311.293395
318.227354
309.489074
310.006627
326.157005
314.870907
331.240560
326.607427
308.850298
333.779274
310.683864
318.855888
332.825582
330.900508
331.945713
340.900818
329.168980
353.659037
315.863851
331.929588
312.032135
317.211897
317.902598
319.866084
316.823727
321.668471
300.352622
313.474674
300.061443
311.058514
303.819450
304.052763
307.600686
310.589040
302.993753
312.405041
297.883052
307.064579
304.496664
292.064997
307.356164
291.004308
299.160789
302.440357
291.143922
304.089663
282.062467
285.992142
304.774082
278.122166
298.618650
287.262651
293.653342
301.283020
291.808232
300.282863
312.399826
297.765597
318.158413
288.910367
311.907745
300.215377
305.969991
316.543613
300.336674
304.825434
318.055348
287.755714
318.855028
286.816810
298.771633
293.831403
276.808457
292.128431
299.117093
280.645096
310.448004
276.041118
279.701028
286.742812
282.334744
295.921967
273.794980
273.797026
285.923797
272.744829
283.271869
280.987342
274.954538
292.727902
283.424481
301.033762
295.267531
288.796777
292.823806
301.414029
312.596460
329.597414
310.884822
341.778351
316.715827
342.045354
335.068843
343.288314
346.842066
340.797720
325.146942
344.120501
322.878446
356.343543
341.725587
358.784176
351.807688
345.446501
346.958936
344.731024
327.957359
346.299804
324.781540
333.924284
330.458572
324.512445
336.961726
324.272149
334.942990
345.083218
335.699337
344.075180
323.722468
319.333453
321.399009
305.590185
310.417379
300.760845
291.832122
295.648669
288.300314
288.633703
298.787101
283.029011
304.912995
281.186609
299.350134
291.002060
286.059836
294.321272
288.896695
281.364277
291.703576
264.879972
287.674649
269.554402
275.002906
280.499509
287.395573
281.820605
287.386587
284.255582
315.535783
294.819652
316.483399
308.607899
315.067143
317.536011
306.978377
307.512267
299.421842
281.536988
288.235579
284.363660
278.305556
280.902655
266.703673
282.526742
263.358927
260.025145
256.369095
244.549407
257.853728
271.276396
271.532790
295.484947
283.583441
307.164772
307.175024
318.102383
304.460511
306.317364
301.142831
310.569273
277.803554
298.317149
279.969081
279.086378
277.452085
279.706875
286.908955
291.914986
279.687518
298.034345
265.332418
279.118301
254.266524
254.578812
255.964226
243.937400
256.905167
240.059498
226.013670
245.744282
224.663049
243.220620
237.336289
217.657999
227.768909
209.499562
204.676048
196.659718
184.363238
195.026602
193.551220
187.372220
198.800190
176.883244
201.382574
192.999585
201.951486
198.862136
202.089158
195.484015
204.816980
192.631462
213.562222
200.280776
222.937632
216.828765
209.709869
210.588470
225.215502
211.495974
228.741612
209.391160
224.474121
220.314166
223.734084
227.089578
215.229787
206.917759
213.238957
210.821622
222.182504
207.944700
220.785922
226.416019
219.598333
225.484792
208.061290
214.210620
214.162521
207.408888
209.361487
201.766537
198.579717
201.001220
182.301355
193.629368
183.700617
200.786273
197.027852
200.717275
193.729191
200.201739
195.361694
210.155840
188.050465
219.193954
209.671000
218.915801
211.415383
208.983545
209.704513
209.534118
194.777047
211.244334
195.395842
212.563923
203.396120
199.503286
203.274848
203.134825
201.539343
213.252839
196.343614
207.376586
209.737728
202.904196
211.501568
215.567928
232.007349
223.795921
222.007390
243.520918
227.988487
235.083567
230.063751
222.043236
238.890053
219.537780
239.868979
234.263496
244.553877
244.158324
236.586884
239.909467
253.681583
231.899390
245.227575
221.960192
241.530867
231.324671
219.654331
219.850356
220.611871
207.363185
226.077778
201.077993
219.115156
211.035720
210.924709
209.619068
205.036272
203.318321
211.886279
193.575343
210.613133
207.083139
215.143729
221.496215
212.960155
228.115576
225.155474
227.347315
229.035841
229.711369
242.076063
245.276604
235.356612
250.060266
239.059288
241.102300
219.795586
227.828822
220.716343
209.312798
208.976919
231.671790
212.351312
233.144078
217.781590
232.791745
214.576311
212.190004
189.507518
185.929339
184.886071
204.269241
184.510441
202.341795
203.323487
209.752577
219.142470
227.278314
223.529030
245.326777
232.931849
250.377117
235.212902
249.411146
251.584397
242.196419
256.238473
241.441795
232.721286
239.996236
237.534522
240.878142
246.756913
235.423718
242.369937
241.602529
246.871169
248.029504
241.150457
246.863674
249.950362
237.691587
250.342208
219.044919
232.999833
212.427969
222.123145
221.528804
222.130443
210.016970
221.093306
205.695004
224.195736
204.432502
218.513984
226.241401
228.030730
223.503287
229.437076
218.666056
246.163954
233.656657
239.733458
241.213914
248.782002
256.895647
252.792586
259.124933
275.413896
264.198100
281.841803
289.856468
289.433653
302.651829
292.209132
303.231198
297.663371
301.143502
307.226139
294.908980
295.423746
300.984395
270.714714
289.729202
267.308692
274.239249
261.362895
254.720381
251.704116
256.625015
242.655325
255.740635
233.889066
260.182117
251.732636
256.341154
252.559457
246.356128
241.718382
260.040810
248.544644
273.933065
262.050440
277.545384
270.875199
266.650205
280.969134
285.252312
287.997718
302.359458
292.431640
300.805580
300.467941
298.233764
302.224043
288.092336
305.156285
299.524135
284.059366
294.865286
285.571129
295.947548
297.287818
287.756127
306.104490
274.832033
289.868033
294.092983
280.511731
269.426586
263.885627
255.925800
253.815087
236.535596
263.910632
241.143550
251.267379
257.100108
246.599599
247.259223
256.494333
241.795970
249.691959
236.342122
258.662102
259.768833
254.591447
267.758471
267.581937
278.684316
297.747150
280.866125
306.371053
302.864489
326.208917
340.150168
327.228117
354.262016
353.233539
343.391852
365.191530
352.843713
357.164742
365.017268
355.667987
373.618339
351.148886
370.754277
376.538276
373.945159
366.492297
358.627736
357.070596
372.236518
344.905111
366.746597
349.868389
365.183664
358.781281
342.895060
340.858723
337.850449
321.679368
344.488199
314.644604
327.747052
328.112958
330.542232
336.032471
336.222576
340.640485
356.397372
348.224025
365.035605
344.944791
360.602605
360.545877
339.866588
343.879413
330.236627
322.446698
330.229074
317.516314
328.258503
309.252097
306.053885
318.590880
292.362424
313.505655
305.347779
316.062266
318.259918
309.068175
312.855787
312.047089
284.840094
306.296861
279.620221
296.433098
289.088197
290.179594
280.156383
282.827966
268.050869
292.706727
265.988373
282.388228
254.437105
255.579093
257.708798
253.469290
258.312966
257.137585
247.260919
269.165879
239.993167
262.345797
245.535738
238.575807
242.263660
226.006114
224.690570
217.470711
190.976137
191.568890
167.232902
168.985546
172.004940
145.398510
162.553122
141.179561
135.097702
146.543605
133.357502
136.404408
132.893682
105.547606
130.808060
117.276526
139.608052
126.189861
128.932136
135.036662
130.016448
141.405517
161.464931
156.478773
185.819619
172.013945
181.177201
183.579767
183.615632
192.121798
206.982088
199.314108
229.384988
216.590100
232.581603
222.469929
224.453728
227.707363
216.436723
216.280753
218.611760
207.624520
221.602509
211.148475
200.091972
213.738837
199.991501
218.567793
216.194560
212.598984
217.872369
206.752491
212.863992
217.530691
204.256688
230.246606
213.324110
229.568167
216.924951
223.960599
223.991856
232.087808
233.171888
255.649960
215.256972
234.591921
211.960737
213.327458
205.216897
201.721626
198.913768
200.513655
196.438635
224.857637
204.038432
208.801581
214.763492
215.199229
217.679394
216.333926
218.647574
231.806051
216.984179
241.272492
237.078686
239.138094
236.244036
220.416913
236.658830
239.519150
251.488178
258.698992
261.364942
257.991265
267.094846
249.965452
275.260603
272.862655
279.061402
275.786858
271.205935
276.024976
276.368418
279.673450
303.177083
276.198241
305.644574
290.464319
292.117743
291.937365
291.873876
284.355235
298.872235
281.327934
301.635777
282.495966
308.164867
292.459587
290.677970
306.570902
292.923307
285.755167
295.533214
277.708479
294.200972
283.263573
286.041373
295.913248
285.556025
289.163017
281.414682
274.204621
287.731465
272.017447
258.907052
269.526697
249.616219
265.772845
238.730984
248.224618
249.625612
255.798795
257.154531
247.608672
235.743720
251.816675
217.207597
240.280599
222.833225
219.944051
219.755205
220.437857
220.883200
240.273776
223.772117
247.795875
223.370304
240.763111
235.920178
226.020294
233.554511
241.030975
246.111590
269.149681
257.392858
285.116240
283.520514
289.608349
311.063880
306.175332
321.109818
327.113554
324.466312
334.649783
332.749367
331.343612
343.496515
329.494835
340.811534
312.890393
332.584179
318.785257
304.323898
304.725450
309.331561
298.546231
302.992166
274.734881
283.574261
271.615771
277.634681
273.899796
268.350088
252.559543
272.892085
249.440723
261.752929
226.866444
241.448259
232.283173
222.941445
236.842191
227.684328
218.187420
225.999239
208.789333
228.163618
222.989560
231.710393
243.658832
242.595311
252.583550
239.305960
236.317418
250.118960
239.556880
252.963887
260.075964
250.013604
265.658850
252.773134
259.488537
254.934482
257.592378
258.081082
255.338800
254.986164
263.320119
237.250897
251.756216
239.641236
251.186420
249.843130
244.015666
250.728180
251.555445
241.479563
259.010341
226.399108
246.420772
242.406909
226.626830
223.733198
221.995370
218.526026
233.029760
206.405847
214.679357
189.214649
201.446861
188.842334
174.858921
192.308744
200.551043
196.378714
220.114819
206.591955
224.738730
226.881397
213.859786
233.543618
213.165384
230.955300
234.590729
234.478796
251.571566
252.246129
248.481069
261.477435
245.056296
264.211501
240.610691
257.962204
255.341123
242.860893
238.129218
247.589719
234.530685
251.201262
230.798309
249.409820
226.080455
229.489274
227.490842
234.303205
235.608925
241.855129
228.563755
246.195838
230.823286
236.138463
237.353583
228.355283
233.789801
234.218120
240.809613
245.582306
231.806655
248.462404
246.752005
241.076130
256.598491
229.849691
245.443191
233.589134
243.688498
248.831337
250.993025
248.132428
255.846068
227.941372
239.275224
235.372615
252.907419
246.695752
243.075169
238.317439
232.607612
228.119777
254.805933
232.586133
252.216064
221.429166
240.360772
231.865661
240.002218
240.231665
233.648301
219.246765
236.459486
217.055928
234.865188
222.880286
228.535095
231.519606
219.141777
211.604330
211.357895
201.287467
218.861754
212.254670
217.477763
219.446232
209.658076
213.422767
209.656128
217.258878
218.807349
204.165170
213.133511
221.424607
208.634614
218.151463
189.120594
218.407293
208.825586
202.764663
208.025691
210.661098
207.381374
220.062582
209.862860
234.082470
209.896390
241.944734
234.637546
227.870787
225.140739
226.445422
224.977911
238.585658
214.583841
252.099220
240.060303
240.852608
245.845839
236.816323
234.395602
238.920713
239.056913
245.441306
232.920826
243.836049
232.924818
230.626549
243.012687
228.184783
241.280961
232.474374
226.878173
218.027815
210.568234
216.327528
223.889572
206.394363
215.927736
199.950641
203.527702
201.525365
201.994260
193.805397
211.124503
191.253497
207.342294
190.430463
219.239471
207.866930
214.232175
207.785709
213.623072
213.070453
237.407390
217.379085
227.764885
217.170320
229.677513
233.495306
227.955760
232.956212
229.589078
215.365437
242.783266
237.352335
247.020230
237.368311
236.911798
265.645774
256.769058
254.468439
261.254993
253.650729
253.609770
263.435813
255.225272
263.696150
257.523622
274.751359
260.476178
260.766821
266.015794
246.107898
238.018748
248.805187
228.688516
253.529225
239.257639
241.869216
240.622333
241.662903
229.276706
236.765621
225.624375
238.748625
221.050977
243.069330
246.017456
244.097664
251.668651
246.381072
244.924027
264.832011
247.815495
268.171681
256.551608
262.198690
255.881302
239.435462
250.311378
246.685167
237.847450
259.124604
242.300601
249.790732
261.935251
257.037585
272.682709
264.502776
282.034027
287.287635
285.112196
297.159961
299.142389
299.536844
333.063538
316.546118
339.515864
333.332495
338.868347
331.331636
339.520103
330.828970
351.052192
338.140930
372.844946
349.410063
368.239361
366.894490
367.188722
366.984563
368.488653
346.842546
355.745568
339.108115
339.741255
314.418275
311.822679
318.210637
301.637086
315.127545
305.216304
285.634165
306.292090
292.639130
300.846861
298.540522
289.952956
307.156521
303.104193
304.609022
311.729989
306.105004
309.213911
319.634309
317.883097
339.994245
328.460356
353.625217
336.864557
339.957989
343.033694
339.814710
332.708332
352.521970
332.006204
360.564033
334.621634
353.807174
354.990275
349.509538
354.198297
345.520975
332.906139
343.463687
320.404617
347.714837
331.344889
332.818533
335.837308
329.410774
334.217743
329.841999
327.791993
332.605885
320.868841
329.548264
326.488279
305.932802
333.174172
329.845429
337.122194
344.742703
341.420161
356.803739
347.430102
344.013800
355.185521
324.209472
350.228889
329.536091
333.349550
333.575274
330.203544
347.017549
345.552359
324.896831
354.251828
327.341678
342.678082
335.193963
329.193891
321.748660
326.438455
309.975709
325.489574
294.556993
323.931374
300.588675
299.627251
300.105550
290.477629
291.913784
299.931499
290.182771
314.808500
299.463756
315.241404
301.800412
296.441494
312.537694
302.633648
305.470520
302.399987
297.750890
307.874125
297.768541
301.853833
323.278683
303.272321
324.592541
301.263402
311.135434
318.161846
312.098825
316.688388
330.639277
328.279128
352.428778
334.914413
369.016575
355.197032
362.518120
372.790129
368.803858
360.691788
387.892537
368.352439
382.198967
354.587491
361.716988
366.763898
351.571882
363.130654
360.493341
356.507771
361.535338
334.319685
351.103936
336.307117
334.967173
348.439623
329.013770
337.289495
333.121394
329.937404
339.189141
329.289539
326.303569
340.245021
309.305667
333.918390
302.396832
319.886146
313.533694
300.212236
302.014921
303.030410
298.418018
304.383266
280.176208
294.863729
273.211438
272.919093
270.173638
265.321043
264.525679
273.512935
247.522153
270.146482
246.866181
255.258705
243.453468
245.917371
266.384486
266.112482
258.787356
277.845893
272.876876
290.768868
285.033456
284.249800
291.489039
285.083227
295.020479
295.186069
292.608380
318.386597
310.762030
321.895149
335.404504
304.508832
336.004523
332.728424
350.108560
352.685353
340.787432
351.974807
358.549407
340.960198
360.190138
337.310775
350.529771
347.077625
359.115487
349.343059
344.665431
345.690610
364.238572
341.935510
358.066704
330.557135
358.944529
357.128774
345.138737
348.637229
349.340164
350.681284
359.946168
344.637719
363.772024
348.995781
340.277536
347.257515
323.547186
325.486607
336.770651
314.305401
330.039629
326.400294
314.445774
320.598881
310.075231
327.565624
307.102991
299.037880
310.393785
300.441723
304.715347
320.816819
294.410775
323.933048
294.453819
319.248606
319.596447
322.830658
324.860905
322.669348
326.958526
348.984826
326.754039
356.805446
328.199884
346.838143
349.096075
345.240955
357.407712
361.201873
357.369693
378.083594
358.080410
372.524168
368.114647
371.784780
369.102801
372.576351
385.230146
394.820805
387.231639
401.619227
387.094772
392.711987
402.043418
394.807916
408.891329
386.272309
390.199050
389.555177
371.423060
374.493133
382.735678
365.897736
384.187348
368.309411
395.392113
384.294457
381.422023
384.263576
385.195164
380.098839
393.977535
369.822813
393.576159
378.418551
383.786116
378.535448
358.285425
356.906192
358.517445
339.610371
354.788542
323.223078
348.599312
340.842971
336.272517
337.908136
328.013403
345.553140
351.823504
348.724636
369.343373
340.496800
349.275570
368.358452
351.556859
352.967153
332.400632
342.740500
330.338895
323.289180
330.216975
330.869219
329.623586
337.659256
317.926731
332.968034
311.220270
334.774512
338.506726
332.712953
323.396129
330.762470
319.461075
345.240009
319.754304
339.240378
327.686850
337.866384
332.421551
339.577572
336.105328
350.291134
337.205183
350.521089
349.886707
357.825788
361.236782
350.540963
359.058775
357.918113
354.147677
375.824415
339.519611
356.104631
354.703902
343.514536
353.270376
335.447223
341.632082
342.817624
336.051782
340.368010
336.248977
336.124110
331.343517
310.808892
338.371664
322.264029
333.090146
323.787601
322.257219
330.992358
331.229487
326.441858
338.211681
316.884809
338.044778
325.974140
338.625846
326.649924
332.631019
338.448617
337.372766
321.297129
341.138469
331.600654
347.481650
348.246891
346.513199
348.601874
351.771691
346.602239
348.381634
347.317225
363.379095
354.737683
347.735199
353.051459
337.021492
348.362780
345.674527
346.401137
347.340083
345.367307
348.636980
352.946748
338.025036
364.676334
347.490934
367.648134
359.435910
358.243292
359.788186
356.744851
354.008090
361.825163
335.167620
355.265291
318.719545
333.555968
341.639952
336.006626
337.701846
347.826124
328.599690
353.642747
322.993583
347.415273
336.528261
331.445319
331.286263
324.340487
323.712015
313.837750
314.204408
330.515783
321.359702
340.003714
346.381004
356.067335
367.132413
363.133059
365.934850
370.741105
348.866297
350.119189
355.337905
338.667948
352.087622
331.200961
338.160483
326.317826
320.029416
319.054602
316.648477
304.727053
332.738795
310.169736
329.931821
307.292099
309.384358
302.358071
302.223043
290.170609
286.975156
259.284299
283.600094
249.975709
258.814676
244.488001
242.471914
236.370575
229.770695
223.772104
229.005765
218.413991
242.955246
237.726342
231.012111
230.524198
231.227572
237.834764
242.542027
238.376443
247.784005
241.153098
250.853829
255.211027
251.079715
264.194133
249.092489
258.588793
252.853361
252.814816
246.240307
244.571473
226.420051
238.121703
212.684403
235.773863
229.070197
224.884776
227.656918
227.527518
220.009290
234.096578
223.729152
240.885791
226.138749
245.837882
243.423080
244.951711
238.045094
237.799282
238.216623
252.002068
234.254601
235.094930
228.623261
232.879343
244.057930
244.834964
236.323100
247.201480
236.292358
238.595059
228.249192
223.537391
231.111815
212.506154
221.968728
213.735383
210.902960
206.689913
199.301932
197.407386
215.974112
206.555171
232.807193
219.023030
232.702457
229.235316
233.588845
227.547792
223.009875
215.570696
231.558404
203.200697
219.623141
207.616280
217.232435
212.805993
214.082459
214.964076
218.626926
202.402989
220.062804
212.004003
225.958494
223.988207
222.064363
229.874162
227.088597
235.267005
250.068510
234.251098
263.786014
256.239819
254.936411
273.438010
263.519346
275.753936
272.494955
268.177317
280.882288
264.066616
272.551307
281.764974
262.451190
282.219900
255.630003
275.135504
271.414048
275.160370
284.077530
280.000231
279.111891
297.402163
262.653158
283.124523
269.890283
288.639919
293.472752
305.672575
316.708078
326.993461
305.073171
333.108001
318.551676
335.371105
322.870922
325.609669
323.295834
313.506477
306.296918
312.066399
300.647248
313.848086
302.042999
295.088746
302.156640
285.043823
291.514100
278.731209
282.706203
284.330027
265.958319
272.024516
274.578071
260.266728
279.041010
242.984929
260.244277
251.930727
257.029629
269.580199
262.273574
267.891441
297.916021
274.909709
306.206023
289.775625
296.914779
294.664262
292.254134
298.609650
305.368438
295.162983
317.400578
303.071975
324.277120
307.102084
325.294474
325.267798
307.613773
309.397927
316.227965
290.274609
313.005928
308.555368
308.378799
313.137432
296.516331
310.019009
317.396670
304.862607
314.783737
297.032962
297.676141
306.274824
287.550704
306.241713
287.387539
296.222626
284.911814
272.441721
268.493781
253.661693
250.915223
262.678586
246.314042
277.036527
261.523919
270.164874
283.579769
277.255422
279.089248
277.312646
256.931998
280.636786
256.553436
278.175558
259.154360
261.591945
259.678911
267.027374
268.980707
266.832335
257.634546
274.117321
261.872562
267.911636
268.566242
265.365984
270.201615
266.196499
259.487539
271.002435
260.027654
269.682657
258.915956
259.596433
275.222608
254.269439
275.073905
265.374123
275.634346
273.456697
273.204152
272.846332
294.433600
281.609862
317.934358
312.076871
324.872738
316.477814
323.956573
324.826462
319.959697
312.142690
333.793278
320.772232
334.589583
316.060308
329.464841
333.324199
324.284780
323.875945
322.695416
313.532543
334.313539
309.929877
313.177820
298.574686
289.796329
290.061607
259.446145
273.058986
269.714011
259.228331
271.700805
257.929276
261.380996
265.261372
256.000415
267.980733
245.240578
242.123588
240.253805
232.120070
229.773214
232.102983
227.852785
242.607746
216.060466
225.782179
205.710232
208.462581
201.919766
195.265252
192.727313
193.020641
171.103925
198.965932
179.502127
186.049172
177.968901
163.297781
165.882277
169.010467
172.333681
184.705665
160.543761
180.283664
192.252735
192.605169
197.285416
194.559613
188.357085
193.219282
183.871799
191.051594
184.876343
182.203188
192.864520
175.654365
207.520499
205.513327
202.158872
204.455572
195.262402
211.684394
218.833442
203.915118
217.241264
190.687460
202.055843
185.736604
178.960244
189.241514
190.170045
180.865842
198.819124
170.878942
187.074228
169.884800
173.075253
175.305674
163.270633
167.239960
168.151633
151.801046
187.395546
176.153057
198.010284
186.987292
186.130459
210.147864
191.017252
211.987766
225.906304
202.838448
224.044509
215.699654
211.337197
224.646839
211.705667
229.338084
209.563322
194.288224
196.098382
174.993566
175.623988
176.615373
155.402775
175.652490
147.362778
156.886578
148.856368
140.521359
131.146029
138.863589
124.778810
131.725292
106.093508
126.618059
120.081543
121.731962
120.995833
127.597880
136.667903
152.453503
127.284316
150.975618
115.029201
126.527574
122.925361
116.022763
122.494305
111.315571
103.850560
110.664817
94.888112
109.388181
104.996668
89.226220
106.140146
99.107126
108.191925
116.401561
108.361720
125.838178
121.722058
130.379778
135.094231
124.265824
151.235210
122.667655
143.299799
140.619215
148.366216
154.749947
149.740851
143.563535
159.288285
141.668736
159.075316
143.738122
161.501031
162.503792
162.051098
149.232548
170.352412
150.700335
178.090139
158.769615
171.454678
176.107567
165.536020
176.622494
184.260126
174.615356
182.794335
151.339601
170.261086
157.409993
162.364064
172.455857
161.597562
172.877406
175.509639
165.597178
179.573324
174.376818
178.980179
193.591241
181.294483
202.996944
189.034804
203.766197
196.760564
185.866622
190.230820
187.920218
188.945200
198.476304
176.526945
205.424650
178.311887
191.405898
196.464719
192.594538
199.594590
202.781387
186.067897
207.157394
179.458081
202.424901
186.907799
193.529778
197.499089
195.733673
183.159664
180.048218
157.143753
176.159158
162.941046
170.021122
177.086404
163.953453
170.079629
167.174403
169.356209
170.362790
159.039686
172.508169
169.067553
162.255241
189.139687
176.476698
204.299576
190.660109
188.706062
197.493023
188.255394
189.041085
210.452047
195.337029
218.496409
202.025869
210.190637
206.136404
198.926697
205.986007
212.276367
191.495505
208.056219
183.791004
196.945885
189.717962
208.531949
213.412537
204.925134
193.699575
198.034093
176.390061
201.397578
185.353684
193.647839
184.054198
189.142569
201.149756
190.171139
184.944371
193.876829
180.327880
194.899246
181.592641
182.412085
193.496414
182.003268
210.524476
192.257962
197.182056
195.571705
182.968632
190.229411
189.937728
181.443223
201.253066
174.375944
177.357278
165.627293
156.029588
157.058557
152.586097
143.625526
165.864860
151.436163
175.438862
156.445470
173.649806
158.065668
154.732265
148.541054
149.903311
131.832882
144.997806
124.374239
125.710979
115.016214
111.278358
116.633559
106.702444
119.669963
128.704697
120.753170
133.162084
124.015143
127.758307
132.611353
124.996458
139.421054
125.008867
137.611127
148.448789
142.431353
149.175360
157.424083
147.747013
172.111318
136.433444
160.070185
149.939355
161.223024
162.373281
158.811801
161.103258
164.380762
141.654348
147.965443
133.743354
151.965752
137.867857
130.510492
133.872627
130.484326
114.695270
134.908210
118.865297
144.029192
134.859993
133.240121
150.370510
140.014284
158.031304
166.521721
159.350198
178.662127
170.854319
188.361867
196.627273
189.811302
218.362718
200.321005
197.841394
203.721363
195.559071
204.854517
200.553624
195.359681
202.841921
183.825753
209.138757
192.814046
211.491686
220.278516
220.893009
222.312629
250.219675
231.052360
264.769797
246.688116
266.026097
253.264282
246.611064
249.565854
254.092899
253.974648
265.961252
243.288366
262.730197
239.209510
250.114533
246.408314
240.008511
235.716913
244.687481
233.837701
239.648727
227.027587
237.518542
234.713968
215.969134
228.701218
212.439958
205.623936
201.780725
197.421476
199.681813
199.611575
204.189033
212.976394
211.928303
224.155843
212.375212
217.799461
226.184250
227.526380
226.844555
236.351155
219.339981
223.614070
215.959695
236.526756
231.291824
236.604357
220.951909
237.740576
228.627580
241.581478
224.658001
237.699411
212.822583
213.773973
214.470409
219.647467
213.912479
215.562789
211.256937
225.632664
208.378024
215.525816
217.548366
217.125463
216.695362
203.688227
207.470283
208.617571
211.910318
212.731902
210.969628
194.836737
196.938394
190.094223
200.970598
199.158262
200.956821
205.287871
216.571229
205.651136
231.884505
213.631494
235.804124
217.337104
232.173648
229.924541
230.652226
214.248539
215.115554
210.824860
225.034808
203.028279
206.667793
208.636538
209.684170
211.737004
200.497958
203.555357
223.903151
215.302753
245.529528
227.297136
227.919280
238.026640
225.930304
231.071113
240.764634
236.036302
247.681347
242.321678
242.697033
239.006630
224.616457
248.636672
229.300631
238.074424
233.985753
239.299526
244.758653
234.577573
229.518325
244.896076
225.382799
247.516713
224.998785
231.881478
229.840539
221.228804
219.779312
239.064219
216.012268
234.969441
208.959195
230.821966
221.586032
213.459671
207.444595
198.512363
188.125592
194.263757
163.960597
177.314561
150.934738
148.800419
164.408416
156.024205
164.497755
173.862592
169.048299
195.796211
176.980084
188.124870
193.506720
171.804210
192.892081
172.620235
183.433912
194.782590
187.580459
199.983519
201.703700
188.055186
196.262523
176.969824
200.189098
185.069829
187.577128
186.866630
183.784850
175.014553
191.660668
178.705695
208.855587
183.413916
195.578667
207.542944
192.733459
196.623992
206.380978
186.771566
196.340370
172.654667
192.745830
178.418002
181.670150
190.636071
188.669559
191.432789
179.779550
168.056374
185.072086
170.306921
179.726954
186.210018
180.905824
201.447113
179.426781
190.541048
193.067678
182.839149
190.423238
196.394206
181.830393
193.083848
164.489461
186.544731
172.506016
173.980596
177.438564
169.871808
177.595946
182.981201
157.129719
189.547042
170.955031
189.860349
182.455703
188.856647
191.563161
183.028633
167.084511
196.153288
179.939750
197.748053
183.379802
191.096029
180.280210
168.620718
181.329646
172.221722
169.510205
177.965449
156.874408
178.110506
177.564431
172.093411
198.752394
184.422305
190.812849
192.333164
191.424389
193.755410
192.291103
203.958793
223.812691
201.206131
229.114060
212.975598
234.707670
235.135313
226.400041
237.740180
229.396661
215.613289
236.520817
217.294747
251.599474
232.146611
230.255870
233.855643
239.187372
236.335824
244.841196
234.105704
250.257864
214.940626
223.823692
223.707242
224.828597
235.730216
226.444198
227.863641
253.627052
228.270330
267.712929
260.396410
258.991434
278.046582
269.000385
289.190933
283.148544
283.571964
299.936305
285.548461
296.422110
305.430132
300.305586
334.949960
317.235854
336.643455
331.749169
311.649569
319.716926
325.963839
312.031791
331.706087
308.510601
331.337185
318.207385
323.530156
323.099387
310.996897
312.146002
332.204170
324.198391
346.075021
320.607653
330.027815
329.974696
315.859604
335.924038
321.963516
318.389721
327.165744
313.297662
333.094687
321.676092
328.123616
330.292451
312.398145
325.516661
316.868356
300.030814
310.689972
298.488044
291.825990
298.860792
277.300867
296.272314
277.293464
297.825676
305.383744
296.613595
299.728591
306.885990
293.864178
297.558969
276.783457
295.369337
279.312641
272.325095
266.752619
258.375744
243.442133
254.203303
225.264985
248.047986
229.483531
249.883999
244.703456
239.722510
247.134220
246.249481
238.261952
254.032100
231.429592
245.929956
237.064542
226.796414
235.600090
220.030439
219.206637
216.583679
207.200883
230.346948
214.692777
212.358696
225.920192
206.032579
212.537878
201.852152
198.509233
204.728781
190.465961
182.941637
189.801532
161.102080
177.005650
146.750058
154.627806
144.198689
148.989307
149.520694
130.862167
145.252251
159.414025
133.547324
165.135074
153.943938
157.443838
149.825559
138.581077
146.316191
138.565855
138.537497
156.544134
134.925572
161.472132
159.565821
154.466639
167.611817
157.277208
149.619166
149.209874
143.762021
159.244770
139.503061
140.261952
140.389857
124.433111
145.702445
136.933053
137.221692
143.333998
152.038913
170.171066
173.307602
160.215314
194.867180
178.570548
194.790321
189.371274
180.575156
185.010183
179.463997
168.842922
180.731452
159.052718
183.320549
149.455867
170.268068
172.159608
166.843069
149.855662
144.993247
132.120196
142.579479
128.396959
150.580146
146.573722
143.383434
140.979867
131.874619
135.133383
150.253644
136.655672
149.652431
123.830564
116.126176
111.126814
101.604220
118.819086
90.324229
102.932257
88.073051
96.204029
99.488518
91.816615
99.361536
108.214851
94.723538
120.325599
115.039613
118.277253
113.629981
115.372804
113.169489
121.806310
101.449082
117.080192
92.086093
118.555885
105.120521
104.139907
109.280343
107.489069
108.269047
120.400602
100.498129
124.037625
106.757371
117.326767
119.691826
123.382127
121.903115
120.710274
124.812244
146.046959
135.919434
153.535164
160.081030
160.142755
174.120703
167.583462
174.551605
174.817678
167.721147
177.860849
171.675603
171.201712
186.642066
177.271071
196.035644
184.303293
195.154481
189.485801
189.864221
196.846598
200.022596
186.287577
210.304789
185.245390
205.786394
181.629467
180.045646
189.452312
188.122003
187.642058
198.955408
172.791611
198.328433
179.305844
208.249557
203.731835
200.201928
211.717544
200.295919
211.196317
213.322315
180.541183
197.678395
187.390495
188.399097
193.401777
180.177459
188.491937
176.087737
166.430553
194.504676
167.141014
177.512762
192.685722
180.230996
191.858500
166.546515
177.068356
164.435703
162.033948
168.300802
171.536509
153.281095
162.693719
146.797671
178.230701
148.576130
157.751828
153.263000
146.686117
159.876985
162.974229
151.367238
167.569848
137.885675
153.352066
136.629629
136.960661
149.623787
147.037204
132.248544
142.492169
137.958807
154.562976
150.833175
155.539805
166.851100
162.244763
174.612518
179.471438
172.317331
178.398016
172.857997
179.568704
172.402709
158.829539
179.954841
154.770452
180.843611
172.439252
177.205033
166.439448
169.314763
155.777249
165.429905
145.603454
163.518339
146.046977
146.307853
149.611814
143.097911
152.854883
157.216709
138.594070
144.000460
137.957844
160.616297
156.392355
162.146027
159.096433
159.519415
149.925921
166.354926
150.617983
162.362511
161.856318
151.446857
154.130719
152.811273
162.135575
173.769424
158.236744
176.420720
170.983514
170.247571
172.834503
162.712586
182.078518
166.255967
179.127080
179.087471
177.789888
174.182854
171.438423
151.450750
166.115191
156.630137
171.107264
168.084081
164.283534
165.771502
163.757800
158.186571
186.456445
165.881233
192.650297
176.892022
180.616564
189.304423
195.448541
196.909479
212.445742
209.585747
223.231315
206.850681
219.526088
215.175299
208.690679
227.201424
225.724070
229.136766
235.854861
214.882043
222.790913
220.910949
221.535216
231.538557
227.620641
241.448781
238.116288
242.024298
247.260693
236.276270
264.295546
273.317026
246.424387
269.673429
251.268053
277.227727
263.176027
260.714196
278.734755
277.724443
264.682094
275.980053
252.318020
263.134372
248.826091
257.805276
250.362270
246.189340
240.854131
249.721022
231.732779
245.844622
226.294451
242.493503
230.746771
231.024775
231.985302
229.387059
228.246956
242.028581
226.871115
234.044476
230.509221
230.673618
241.116744
220.450353
237.654012
230.370881
227.250022
238.215886
227.978408
233.917641
230.281731
225.126346
239.794499
218.805748
227.126698
213.785972
221.441930
228.730255
232.015523
223.939408
238.734389
205.094077
234.217921
213.675542
221.787026
208.631166
194.682357
198.104159
205.214308
190.157012
220.055264
184.527922
204.352890
198.986403
193.446320
204.404712
195.479798
202.712676
219.100505
205.909628
211.555824
197.659446
211.272344
232.640891
214.940898
224.091771
203.060782
194.851236
188.624808
162.477398
157.818011
137.131672
122.815806
151.275115
136.248743
163.813545
159.693965
159.764472
169.138926
169.693765
159.908700
165.677387
134.297424
151.461474
115.577382
124.810958
112.592589
107.535819
106.135264
108.001014
85.930027
102.396506
75.364455
97.264637
84.359198
85.502340
90.411121
75.482864
69.268488
78.147134
64.942100
82.473574
56.551456
74.298475
65.114294
57.190864
64.826519
48.577731
57.546269
69.855897
67.035728
77.506856
74.346114
59.254694
79.951598
54.589678
78.597362
75.814989
62.053244
69.113915
69.471766
62.923196
76.888651
50.916333
67.605699
40.360852
63.448759
57.744304
53.321743
55.436606
61.803606
44.665792
50.271924
29.148251
56.850097
35.614123
39.744754
32.597229
26.332579
30.899766
43.626668
33.784918
54.700661
39.594086
42.695698
44.473036
32.103789
48.821149
30.309742
27.505096
41.529669
30.604578
49.761068
48.658702
51.770557
62.258917
46.799108
81.667006
77.386579
90.023041
106.404775
103.757493
110.175515
129.740714
112.380706
144.352032
134.844046
143.572637
141.049410
144.450111
147.211672
143.078458
149.468843
165.776294
146.749147
164.516505
161.734595
171.865229
174.671997
182.631830
189.800008
190.003508
181.315222
202.390915
171.010858
188.410679
189.960057
177.437194
181.418144
166.890218
171.218541
176.539452
160.601477
175.468379
168.791905
173.168416
192.090581
177.863214
194.740953
182.748760
189.608092
200.050842
187.844246
182.677627
191.046804
171.158317
191.635297
175.900193
188.689997
179.029987
178.350719
179.899179
187.690769
175.928605
194.537918
173.322378
192.978321
188.386748
206.423055
205.117143
192.407464
199.167226
220.236119
200.148456
234.274835
217.958707
230.081191
235.237368
222.655461
234.726074
230.929022
228.558999
251.902503
239.893883
254.197870
256.918380
253.673577
275.730896
274.244999
280.978416
272.265901
263.144493
266.057008
258.954905
260.392437
266.311696
241.906757
265.789189
234.346214
249.052190
241.699167
241.459115
232.819595
237.839781
222.934516
243.357715
209.576822
216.334213
200.693611
205.768003
209.444375
202.171265
207.496512
211.711064
194.046218
219.329633
203.693798
215.561692
212.312742
216.830763
223.394663
210.017422
214.114171
224.235595
214.468724
231.742001
220.030346
220.696193
229.122417
237.278906
245.073524
235.266068
226.906868
233.160977
221.510074
226.026761
231.666233
212.811491
230.474316
217.211120
243.086954
238.872231
241.006849
244.543062
244.407957
230.733550
245.827943
219.863581
239.807370
223.955705
219.164849
228.297537
221.019152
213.528619
207.810221
208.674295
226.032339
204.784280
220.364794
218.880904
227.897719
230.162970
218.124600
212.633930
221.735426
206.051942
217.397464
204.036766
211.245676
225.595192
220.262670
227.462238
221.958227
215.783207
229.981376
213.613720
218.574115
222.280056
210.253186
224.583721
209.116504
231.934672
219.239822
224.575717
226.413039
226.465545
216.041831
232.892386
221.334693
241.874161
213.661078
232.371185
227.651165
219.397144
224.767547
223.323760
212.500082
232.125613
214.185458
227.828498
221.115629
228.910251
235.420236
230.706829
227.314728
234.485965
230.799279
256.829697
239.134568
259.658406
248.941128
249.016424
262.850544
253.660855
251.586580
245.956650
236.746823
244.040965
239.218335
234.474430
239.328732
226.962879
240.304220
224.944983
228.445974
223.741211
222.389548
230.971299
235.067938
220.643129
241.812726
219.614214
245.602918
225.376194
236.770510
238.859159
235.105379
235.521476
238.242501
233.407401
243.587096
221.442472
230.253633
221.041935
224.377382
231.168752
227.880809
208.347316
223.140638
207.438215
221.910481
211.709427
217.968593
222.064764
209.408051
222.666292
224.371593
226.009719
240.246699
231.329636
243.011359
238.713376
218.759043
231.732651
223.553069
217.172892
214.502939
213.188016
218.083665
219.142438
208.308801
231.003888
208.378040
226.509387
203.913477
210.507106
215.620580
202.331323
204.845729
212.260374
198.625741
220.470210
207.293416
222.784334
218.460359
219.133841
223.961814
222.181899
214.919938
239.944623
214.589168
239.097906
225.426659
218.296555
232.085442
222.945603
233.516070
224.846564
219.390284
225.209047
225.136409
223.473522
219.741649
215.550025
231.441317
210.869551
231.749923
236.591221
234.850438
234.628887
244.665501
233.176054
252.016950
219.884466
227.265193
222.319043
230.708625
221.663706
233.150931
227.963025
231.014070
219.029614
234.677116
211.606721
227.033822
213.802320
222.176000
213.177892
210.176440
203.073615
225.079505
215.279357
236.041450
228.400391
234.873276
244.768962
245.037436
255.429158
259.340383
259.017915
262.438516
264.036672
267.812768
283.372062
274.229833
294.335227
288.980310
293.913455
303.020423
303.313676
289.744748
288.690557
274.632775
298.819868
292.846723
299.523302
291.533195
299.973204
292.103383
310.367090
303.110438
314.516434
305.345120
322.999964
316.297248
309.066821
309.745562
306.515363
291.641559
315.853006
284.439920
305.132044
282.874464
291.115291
292.795647
271.978923
273.706701
285.282170
282.597725
293.129948
282.034903
297.867899
290.226749
284.761073
302.278155
297.229647
296.189164
302.619302
300.600742
295.029658
296.118587
292.446011
312.760422
300.388308
320.033440
302.424116
319.757179
314.962835
306.336406
306.563647
309.965362
287.898721
316.882236
285.022641
315.461016
308.109316
302.257849
290.301320
296.119127
296.382854
308.497617
282.845179
297.892683
286.343750
285.319977
285.661424
281.053401
278.369743
279.626890
263.153910
286.101729
279.584734
292.663167
288.592540
299.573123
321.811929
310.801668
315.373812
321.333923
313.848777
337.974714
325.300334
308.367932
325.905291
295.176887
303.675445
282.609723
298.186760
295.468950
305.437114
311.415754
312.311449
293.464620
306.910047
287.587443
312.257426
301.316764
294.191211
302.147672
306.206713
296.135687
306.859249
294.782275
313.919282
296.056310
302.563114
307.561198
297.804786
316.080398
323.928446
305.143812
329.770746
306.107673
311.335449
303.370673
301.549494
310.037537
308.811011
305.228997
307.087201
293.268469
314.796304
303.741378
298.175960
313.183414
293.420427
314.531322
297.340473
315.719831
307.912520
286.871014
300.341812
301.884071
283.003459
307.070873
279.279161
296.949017
286.010059
279.652698
283.655630
272.440609
255.158083
263.221382
237.931644
259.370801
233.435904
252.939011
239.368137
241.205236
244.285982
232.820147
216.529575
234.863809
214.904961
226.783076
215.384204
207.974758
220.737723
209.190388
222.338944
225.612872
222.340917
247.432177
220.761438
226.574064
234.289543
216.480736
240.214347
227.355318
242.272263
235.555532
221.004689
213.902892
209.615275
207.579777
230.745453
198.188703
237.558938
216.877799
226.943380
230.780717
218.932066
219.512676
213.017215
197.272766
227.982859
204.925093
218.087925
209.232182
191.109143
208.743671
208.623383
203.961001
220.949565
201.089987
226.420537
223.849177
235.984540
240.521036
233.613247
245.483876
231.393126
228.638984
243.474572
229.773797
231.853010
225.027427
224.067636
242.435676
231.824670
236.374042
226.772481
212.580643
215.662264
213.063637
208.060573
224.742526
207.875816
218.832256
191.518792
213.466062
210.799014
206.708176
204.399963
200.864474
176.738762
199.489457
185.891336
193.727467
184.200646
191.424714
175.873575
189.058284
180.563052
181.815162
165.151890
165.140162
148.181593
157.270103
158.898404
149.068278
141.051512
144.492669
136.567491
142.960157
118.953630
128.121651
131.486151
111.158542
114.661117
94.105743
123.743753
126.929814
119.643984
131.243785
128.107206
132.418746
163.886791
140.305802
157.448131
137.519037
155.416827
149.228800
138.602200
148.871566
155.435372
145.760208
162.101398
141.042715
152.769291
141.707206
141.552943
134.614082
140.287275
126.990609
147.461685
121.005887
143.501657
120.622454
124.821905
123.731314
112.682719
105.867424
108.605712
88.557158
121.679976
111.471259
126.504372
125.801477
117.138503
141.152244
127.020997
135.836858
143.250864
133.352596
138.639707
126.489102
117.729125
130.317203
95.947942
110.993171
94.714266
91.443308
93.675444
92.777637
87.669378
98.536336
81.721254
104.777181
82.151337
100.478189
94.179103
88.014609
100.202952
106.977413
94.883391
118.119178
89.800458
102.730661
89.231929
103.262276
96.271327
88.117017
87.979599
89.514738
71.369940
98.480800
72.167886
74.588044
86.303034
72.780334
84.489365
78.193106
82.601619
87.179753
86.316432
106.314033
100.078149
103.240558
121.283541
100.161937
117.749588
110.924348
112.907914
119.280632
98.378687
113.300215
130.048204
117.856489
144.628330
121.171471
142.953472
129.028191
125.412824
139.351709
141.469469
133.874177
142.676890
131.347596
150.568616
131.047074
150.996586
155.157723
156.133178
155.802616
159.527775
154.442934
167.852812
158.469498
183.860880
172.660922
180.398855
194.328380
181.161873
178.410499
177.045473
169.320189
173.100135
163.611217
181.775971
176.302520
159.160658
186.621102
176.166446
182.807441
173.277063
173.341302
182.814875
192.551063
184.932192
198.099454
180.586404
197.972471
183.391120
187.560400
185.668052
194.952954
189.686584
201.098846
178.147709
198.920087
189.505218
221.197855
213.140589
216.181681
228.318817
230.450103
227.535219
241.658204
217.791696
227.598634
213.871725
217.702377
223.133807
208.755126
210.042257
194.475459
190.612827
197.772122
196.382795
210.878058
208.450600
202.656645
228.341793
211.311498
222.382886
231.259502
233.074700
223.474227
221.350430
213.299568
229.993402
214.010789
236.654675
220.429816
232.759470
231.039722
224.175167
232.994143
243.706359
226.752031
249.858805
229.941751
250.668535
229.860828
237.737657
250.457633
243.557431
250.591020
258.407920
237.121534
257.495324
237.118462
247.506208
233.828208
218.651652
225.595776
213.801637
204.871357
217.750924
211.226957
223.895496
215.986797
222.729574
233.757570
205.524708
222.719446
211.189695
212.277230
206.467499
195.455167
191.055280
200.657510
191.328454
199.847936
183.535771
185.586700
182.459263
173.360221
173.769245
172.894225
155.683021
168.821498
166.799228
167.875975
156.382263
163.387046
163.117462
164.946530
150.662678
173.058974
155.680609
162.861433
161.153829
153.499672
145.344384
125.932444
125.512038
138.080716
130.592024
130.594889
121.864642
127.301859
128.909939
118.590033
132.777817
128.091265
136.308265
147.011075
141.360519
137.540514
152.954984
143.500287
158.345645
147.260841
163.311343
152.079807
152.373111
160.132805
160.752486
142.584203
156.827571
122.754198
142.583644
132.917808
132.320789
145.543924
132.913860
122.672307
125.877656
96.985738
126.109023
118.876455
125.802109
119.089520
117.065877
124.047858
137.490054
125.125126
140.500833
135.373944
142.665693
134.158041
131.441693
139.883459
138.100017
152.846106
152.804782
136.785988
157.012983
139.769550
148.395385
149.503679
131.592116
143.799398
130.354590
143.836256
136.099851
126.376448
124.394133
128.036159
121.876997
151.282104
131.836755
145.541015
133.256702
160.653430
153.264429
153.315568
151.454646
165.729946
145.494109
166.137323
137.501163
156.394572
154.500260
160.015412
159.271711
152.802697
159.148456
164.234637
142.657502
165.053563
139.797049
148.535911
148.635090
140.039482
148.076047
142.389679
143.962883
156.890223
145.562973
146.818890
158.977553
149.581521
169.556263
148.647263
158.908024
149.758789
147.637188
155.825908
146.956707
133.179232
142.283184
127.242557
153.072663
120.598349
139.595797
134.850831
127.150400
133.728894
148.215132
130.545152
145.157032
124.687170
140.873855
119.373013
128.915188
134.531563
128.341665
125.765241
128.858293
127.782443
141.522894
123.565905
129.475757
129.977408
102.264602
120.670497
111.873761
115.067141
118.082399
116.483447
123.535151
119.794677
112.462952
123.619360
107.002930
111.486058
94.805765
93.349847
107.530293
105.746394
103.761109
115.085935
88.451904
105.978895
86.304593
107.667047
93.243823
89.595090
92.454138
88.496335
83.335387
106.477818
73.400969
105.732415
88.335874
100.882758
90.945907
85.811943
97.892000
99.404804
85.140815
99.199607
82.424569
94.495494
84.793927
87.656307
95.380807
84.576156
95.777608
97.807120
89.897220
98.318622
90.619258
85.351351
114.554906
100.655532
118.516817
98.713303
100.338064
119.112349
103.912301
110.479156
126.022655
105.316844
139.913025
115.399392
144.182380
139.812316
143.334590
156.272864
154.861429
148.911868
173.821443
151.549727
177.082415
166.445076
184.829539
185.363646
188.171240
193.516336
186.888310
184.763634
206.114602
186.990473
202.780019
195.594487
205.503867
202.138323
182.733978
182.295473
181.574294
162.940397
191.023830
176.413115
178.169378
185.595384
156.401490
177.806534
175.616122
177.543393
171.003268
163.129527
165.011268
178.304092
153.093336
176.050575
142.058853
165.946259
172.669058
166.242361
165.725706
158.158139
154.948535
174.846128
146.958412
170.205588
154.382162
167.873869
165.426401
160.049812
154.828955
167.635403
155.762757
166.536495
147.340820
162.656422
171.713158
160.971268
170.672906
166.657474
164.733649
177.952452
171.987612
176.849160
173.616906
172.131565
189.903823
174.883971
190.946630
185.747053
181.313694
181.400868
173.750546
177.419024
174.923689
155.315737
168.386331
145.764941
145.792214
139.504571
136.324289
149.520868
144.135892
127.131490
139.270268
106.584874
133.216590
113.284182
127.206403
136.733779
138.932277
140.895578
157.112707
141.580687
182.434050
160.141271
171.961980
164.448060
151.373210
155.875148
151.531054
140.007590
166.003866
154.015631
168.655580
153.947257
146.385526
152.703078
130.124995
148.381310
144.796118
141.897025
160.244298
136.645943
131.600950
148.401828
132.020299
155.619177
141.759394
152.235986
158.551075
153.922079
157.699677
166.163742
160.426679
174.682358
145.586855
157.492236
139.294401
150.971414
153.240923
147.444383
150.760561
157.232988
149.233199
171.547497
147.760916
167.065027
157.931310
165.397352
188.914878
193.399650
192.990565
211.278230
203.126255
222.802942
204.591284
221.849302
218.200711
203.481846
214.128932
210.343952
211.741080
205.462279
195.407440
195.601595
200.074847
185.069169
202.647768
187.108198
201.194515
209.818630
199.112294
203.974841
204.558998
194.878039
202.446711
182.280335
192.072363
178.570963
190.207304
191.681301
178.920700
187.037033
200.054347
174.060884
195.419482
164.943539
187.585936
176.901726
177.033361
173.701638
170.603580
178.258650
182.324925
172.695509
186.654720
166.235323
177.973163
180.160435
185.195216
202.669603
192.954454
197.803489
199.525779
194.394803
194.221539
193.238372
203.382933
210.688275
180.656846
212.101188
205.913155
216.359287
217.212795
216.212108
218.560866
228.777180
217.936005
231.283477
208.214935
235.629476
225.290113
228.757498
232.334653
222.402625
217.822369
227.497697
204.897451
221.733279
203.990997
209.375666
197.393147
195.318592
191.928657
196.840256
193.794380
210.996777
191.146149
207.598660
202.982676
207.790202
215.919880
213.796740
220.298481
219.636167
219.302277
224.384355
220.099614
217.445121
220.251960
212.934013
229.446127
222.181493
219.220285
213.379517
219.165141
211.150994
211.781580
204.268329
221.448551
195.436790
213.283981
200.293405
194.383726
201.384138
200.765968
207.023727
222.896115
204.123082
232.198568
219.869193
232.677590
220.148261
227.171709
219.619061
219.168990
210.249242
212.175926
190.981608
209.072182
208.354330
209.302830
204.035347
201.418466
195.168596
191.639606
170.733406
167.228656
169.345308
167.277786
170.459860
177.968731
182.213785
184.457419
194.991555
195.454779
194.052403
193.226779
213.798291
196.180816
196.427982
180.744288
204.573210
218.853864
230.769433
226.760882
236.718971
228.087593
261.594411
227.898876
231.139852
223.059269
231.916573
235.823833
236.272039
231.743873
254.991548
232.889052
269.232846
246.685256
238.417627
233.860193
223.772075
222.650545
220.238285
211.749240
225.332379
210.254496
218.733222
207.658875
216.140358
224.435617
209.166210
210.314951
211.792189
216.399815
230.879838
217.726117
203.550488
217.844553
199.466575
215.795365
185.011169
196.460779
193.129734
185.541398
187.839870
200.239609
170.152612
184.189309
164.994667
179.913463
165.652796
168.476454
180.089829
168.375803
165.323695
170.888459
148.227105
177.022645
166.182402
166.782208
172.160223
163.802164
177.390500
173.347781
177.808445
192.846854
184.806509
217.544015
209.352637
208.591148
224.711375
198.712547
215.055106
232.720008
220.282325
237.708362
229.673222
224.283945
237.666673
233.076717
255.344008
240.232389
246.481285
246.140122
238.338998
230.293003
236.694469
223.910883
238.839532
206.028582
210.221096
197.270947
190.491779
186.268478
178.473530
165.412384
180.345067
158.152857
175.163707
149.617567
163.720674
163.786484
166.093223
166.039626
145.077210
146.198060
153.719914
127.376958
154.508715
148.197407
137.300133
153.509930
147.936555
165.799914
174.237611
177.629795
193.480690
177.624736
182.762039
200.401940
181.569022
192.486421
178.571578
193.404479
197.016463
179.115268
183.914207
178.886989
167.371247
188.249332
161.770424
189.409278
171.921150
176.000765
179.600310
187.137093
199.042593
210.352134
201.234623
231.310866
212.803145
225.136320
206.861538
203.639911
204.310835
195.358454
202.141491
214.874573
210.038440
230.648215
210.366726
225.923803
235.251536
225.661911
236.759922
234.498152
217.747240
231.135991
213.560433
219.793731
222.376938
204.973315
230.423244
210.698170
229.209247
231.477750
226.708248
231.695720
224.202224
229.982745
250.398239
218.325630
248.605768
224.373822
218.200582
221.236093
210.685407
206.246062
196.469513
185.128448
204.840816
170.081399
184.574124
172.252749
163.801058
180.276150
177.071695
164.213316
182.697476
161.754944
171.728705
160.128803
167.438013
183.357544
172.162556
176.867181
166.290092
165.281346
183.861842
172.012931
180.356994
183.666956
173.499108
192.963454
182.774002
192.502844
198.531135
184.620921
189.633138
183.361663
176.535556
199.067259
177.746171
190.958906
181.446345
173.465445
173.122460
178.829542
177.072540
192.331830
172.070750
188.115693
161.530534
179.269291
161.431898
156.333073
158.045264
160.790974
140.483118
165.627796
140.316823
159.509439
153.030309
159.631439
172.647470
155.058767
164.859660
173.563589
156.266728
180.526458
151.669006
155.605242
151.574353
148.573328
160.323981
134.439397
145.388382
148.107496
140.972982
149.359278
160.271881
148.921633
171.063705
146.481836
170.835845
155.351210
168.861756
180.028394
177.112364
176.782801
190.084548
178.254133
202.917468
176.481443
202.423908
204.497989
205.257875
208.599701
213.647689
204.942202
235.162473
210.597228
237.771753
233.119448
242.973718
224.984503
217.261951
232.781719
227.970279
218.473319
241.273450
227.855679
243.395606
257.516632
259.883385
262.209606
263.838007
272.121853
271.709801
260.314537
269.262244
265.688707
249.888262
268.814848
255.469846
281.617535
271.266112
273.030372
268.148930
263.233477
263.539047
271.069192
249.584724
260.402978
243.043778
250.814287
230.570836
233.814687
221.097856
210.343430
209.715144
209.427244
177.854653
201.719155
181.092692
189.647001
190.334848
183.226592
194.404397
190.521375
185.903629
208.644914
184.628272
202.261871
190.137993
177.828430
187.748517
173.832088
178.391988
167.724422
169.344349
168.071488
159.844663
144.722334
153.634692
139.203798
155.691106
149.347617
149.321325
136.355549
131.000676
134.486811
147.765263
140.809523
162.991676
147.876895
173.297345
160.320754
176.835413
179.417527
172.985979
173.664646
183.092728
173.793200
194.534183
181.144581
204.027153
189.051854
195.254325
213.556873
212.983983
200.776478
206.842390
190.596728
201.849972
179.836823
199.789491
198.680417
177.467484
183.060639
176.528857
177.525777
187.556497
171.722813
184.495510
189.602668
169.704169
189.854467
155.816214
173.950568
161.670963
153.221478
147.842106
140.053231
130.033497
131.798224
123.679239
137.999837
123.899139
135.086490
134.383176
138.367319
128.138679
141.314143
124.027664
143.321121
125.660232
148.584216
134.409876
151.687054
137.601380
145.728013
137.774067
146.413444
125.348299
128.421699
113.776785
119.059909
120.497868
123.951060
130.263880
128.140908
115.860866
123.842147
119.502193
127.192001
137.775693
133.166652
138.682259
130.538342
126.986647
130.024790
138.984891
135.323996
136.148038
130.057120
145.589221
130.720984
155.247804
151.860140
170.149377
167.406850
164.889402
156.073001
159.699900
148.610774
164.771441
151.833462
160.823179
165.126331
166.515846
155.846349
174.563857
155.179123
171.607976
154.329082
165.794940
153.076449
146.789494
157.406941
154.173396
152.757320
161.551266
156.443645
168.169055
161.962337
165.480574
176.111034
168.955428
181.915595
176.336871
190.433749
187.820917
169.514227
173.477392
166.236505
151.397408
177.229841
164.888470
184.429176
168.900179
170.181035
166.611983
159.474023
159.497011
184.300548
164.682149
192.327725
178.380607
174.826349
179.712578
182.995271
178.370461
185.739032
178.727737
197.063934
173.547852
186.010172
169.063297
172.651027
174.800186
176.130474
182.400460
194.449542
180.961160
190.990914
184.910091
181.099531
191.125058
176.213813
189.212711
187.009028
188.162027
181.534339
164.549877
182.633273
191.476002
192.284758
210.152442
194.844635
213.565747
222.874779
225.310631
238.232527
240.718108
233.502120
254.613040
225.835030
254.876814
231.982444
239.027386
229.297997
227.027041
225.592563
238.324105
214.903765
249.208376
224.535338
245.480140
241.056439
234.261808
232.677309
220.014659
224.962768
222.320789
213.139311
223.994008
202.487083
197.917692
204.381047
187.001565
201.261676
185.226319
181.281869
187.051056
167.013611
184.955830
187.757734
185.580918
190.534570
176.427418
189.393702
190.218837
186.969303
178.667885
180.398756
177.716424
188.429122
163.002719
192.097379
170.462930
188.310044
186.561383
189.309513
179.839817
178.365466
172.235662
192.361056
165.411816
176.675791
168.189865
162.990251
165.864604
171.496591
172.900640
173.110946
155.481454
178.169708
159.849866
172.897857
169.420200
157.234111
173.718815
168.796182
178.500215
189.383693
180.990940
184.513036
173.500033
176.963571
173.562262
160.708836
188.932624
173.133456
171.361456
178.268183
171.676745
173.250158
172.511723
159.441311
178.065630
159.039721
179.899734
177.863081
178.942479
177.594886
178.722701
165.029140
186.224864
160.488135
185.698420
166.682959
171.403045
179.908053
159.066782
159.649473
161.006006
130.919497
136.699422
119.147352
139.640095
125.338502
111.829987
125.654723
104.929121
107.860217
122.392662
106.662656
119.721746
110.669460
114.100600
126.100701
111.091642
130.792776
111.734225
122.958444
123.083857
120.853114
118.003714
121.247553
106.340471
137.655247
110.423609
129.810372
117.757160
119.318918
127.703420
125.645034
116.539034
127.989127
108.559551
131.965044
107.666817
113.213239
109.422195
114.508548
119.946381
121.471215
117.161307
132.150479
110.037778
128.796710
116.998345
113.961906
112.852084
115.120446
117.380306
113.887628
103.327811
117.853765
120.221399
126.700739
143.530345
118.614838
150.801011
150.719626
155.619888
151.755649
145.389412
150.164812
157.531047
147.665046
166.507274
137.480162
162.098187
154.308286
150.505829
151.293176
158.718467
151.594722
164.529488
143.805363
157.733655
148.730225
160.950880
157.766317
146.274365
142.509703
145.064154
135.736496
154.831054
134.948673
145.501145
141.007079
129.610121
147.138244
125.009873
115.567851
124.861302
104.442627
118.679871
105.722882
107.791589
110.842052
100.699074
112.381327
105.197049
112.002563
122.341155
125.144519
123.750891
126.652029
106.513395
130.950952
108.302582
121.043354
119.770838
113.261444
117.669300
119.464472
107.370798
124.652238
117.784925
146.968681
142.583453
157.707694
155.492510
149.034352
158.586784
173.398051
154.853286
165.783145
155.098050
159.747145
153.755319
157.453737
156.694832
144.881175
145.046723
158.364875
145.058609
161.609039
152.501710
149.056197
170.019721
157.809152
163.456841
161.891325
168.152372
165.509850
158.589876
157.991789
158.655228
157.331867
178.460041
151.725192
160.409883
161.748787
146.248685
142.207413
144.602825
118.923140
129.055567
103.800570
123.533708
119.263347
124.287384
126.938291
115.023469
118.729559
131.408329
119.518066
151.766586
127.947169
152.000390
145.416006
138.719582
147.076062
148.387980
145.921112
155.079689
136.687874
151.974157
142.088940
138.003042
147.331732
133.466733
143.542538
147.789111
145.171111
153.713680
139.962297
142.654950
148.863892
142.734851
163.242937
139.220402
155.009443
151.223922
146.234260
146.608441
149.898003
137.419328
161.259983
126.815681
159.768510
137.179023
151.514383
159.104375
157.634565
157.181734
170.092105
161.225920
193.517998
170.867250
189.396052
180.824552
167.816079
173.114919
152.861091
157.673449
159.682491
145.011080
156.214105
140.603466
134.510575
131.391504
119.603027
130.353928
115.677021
118.087016
114.516713
97.285528
113.415179
120.701093
114.375275
127.163337
109.544849
114.767106
114.928975
112.330976
111.854210
116.336333
113.074185
129.736201
105.250144
128.501960
111.375982
126.279938
112.804012
122.393161
138.171554
142.085113
128.286915
158.251537
138.040474
164.188076
159.181578
165.527941
178.297704
165.296675
151.228022
156.820564
130.579884
145.417276
136.085787
149.726155
149.196242
143.868516
138.805797
130.145313
142.591934
151.605706
138.341587
147.488126
147.352312
151.139447
172.495060
162.950135
180.303537
178.225287
184.929087
184.370546
174.765213
183.007262
188.081333
171.676062
190.942096
164.651989
186.506948
165.883478
173.150059
173.448900
174.937700
171.914373
189.958325
162.546506
188.212681
156.356615
167.615268
165.639768
150.367147
150.218629
136.895033
130.235776
147.757502
121.150566
159.823369
154.624500
155.584926
164.444305
144.039293
157.903669
144.813324
138.225213
153.325120
145.794718
144.416700
154.918459
130.014768
146.538960
130.137180
127.003371
116.535932
108.917649
114.686049
102.810274
94.263256
116.034808
94.569825
115.282109
89.203791
93.892656
85.959593
81.889826
76.579458
95.855516
82.226172
95.882255
73.236436
75.692898
60.314772
56.830215
47.855210
60.980629
53.726640
79.039590
59.303792
79.144725
66.740611
64.915455
74.359924
77.489379
75.182779
64.760833
56.692922
54.970476
36.677258
37.492055
55.052453
43.072517
57.471212
66.529696
76.141511
86.754210
95.255351
105.766565
109.080478
104.492378
121.365015
104.549024
116.581537
120.320257
125.987173
132.308245
138.420656
133.663274
144.562158
124.747150
145.152379
136.522284
142.500515
147.639175
155.613707
137.616073
142.507900
146.203457
161.218243
138.619761
148.595032
135.552825
137.177520
155.267525
153.412934
149.479697
161.287484
144.562534
144.499497
132.278904
138.088398
139.791761
126.614452
131.861726
122.710222
133.203388
133.626773
136.525284
129.790217
138.936639
114.215001
127.943009
117.274708
110.969835
97.479101
94.883158
96.853486
103.856363
88.920932
103.515026
88.567355
104.761469
99.525854
105.340490
110.862987
113.819293
105.209351
105.298358
89.240087
116.339229
87.600585
99.451587
96.535891
78.851302
88.811127
87.384172
79.064731
95.485079
90.016259
100.800356
105.843552
106.835744
115.416419
98.367740
113.529662
114.046788
100.798027
112.537498
107.666112
112.601043
112.561571
94.593547
115.217688
98.357022
106.558747
105.399424
91.404163
96.208301
100.857756
82.009650
106.291222
73.332339
86.563988
81.227357
72.697374
69.784759
72.256836
68.560563
80.257312
69.376696
89.502411
53.832598
77.263980
67.556200
61.984006
63.359444
67.115431
49.892570
62.558995
55.864150
70.209590
65.713324
58.649310
69.975289
53.797605
62.920465
61.505690
66.897331
89.387697
89.135929
102.126849
122.185920
110.926188
134.813934
124.269858
134.997725
142.536232
148.414452
156.517898
169.747441
152.558404
184.640036
160.619395
175.311070
169.191657
166.620416
165.820484
162.089169
155.714767
167.886080
145.133261
175.560452
148.380380
163.390274
157.287493
158.798071
165.176647
149.685633
154.759848
183.048814
165.682949
193.519410
168.715818
180.904561
187.314392
177.870602
185.870457
191.735688
180.880575
204.295414
197.955058
204.033745
221.941535
215.895497
243.253206
225.222406
228.250064
236.317787
231.420550
247.730673
242.467963
229.109534
237.614261
220.924620
223.360056
202.932385
213.550821
233.628198
221.944259
218.504571
228.300879
203.119291
227.639213
197.038210
216.224614
227.948153
226.177265
241.895454
235.497263
212.715397
231.817282
223.000419
233.676448
204.595769
209.065565
215.320743
212.909370
215.223844
209.813425
204.198763
225.897290
208.265180
217.539652
227.626929
215.112425
231.350425
214.223677
223.172468
220.374042
211.264082
220.599942
215.881113
214.371879
218.700289
182.509088
212.514870
194.165735
195.987609
196.554035
186.895937
188.827586
199.285061
180.601388
206.206458
175.714614
204.301389
184.658828
198.556837
196.600398
198.789316
192.702943
208.534544
198.027974
213.363107
181.393164
193.837300
196.029068
182.789097
193.727362
174.892846
163.581152
176.502701
153.908618
153.337189
147.438737
128.222696
143.704863
128.163095
140.878761
129.118780
128.167420
141.237083
136.580055
139.899683
153.390862
128.592496
158.739390
132.335772
139.811558
138.581046
131.006786
121.082817
124.599882
114.489925
136.366683
108.727098
136.991219
131.806190
136.682617
154.906588
147.861039
146.655077
161.129814
132.783722
157.178810
130.179381
133.002167
135.637462
129.519350
136.620603
130.811774
118.799285
135.285687
123.640186
123.897609
126.870153
135.006109
147.353905
134.777464
136.009836
128.444562
133.221041
140.634778
134.919660
139.939329
161.903285
146.704061
162.876994
154.025736
151.726651
154.297379
137.714842
139.105326
148.885367
127.654512
149.944984
141.396016
153.487670
145.976627
140.021063
142.110791
149.032294
138.897767
158.030230
135.621985
152.431370
139.087561
142.732201
152.806911
147.174356
139.497823
144.512403
126.201053
143.300865
127.606622
145.422421
141.070437
138.955136
144.884077
138.958701
147.615820
147.288970
139.351436
155.506370
152.725324
140.765521
150.108297
123.445362
144.026102
135.041846
129.750693
126.632537
127.792468
129.402738
147.133034
124.103449
149.409080
130.884872
146.319926
144.200933
135.557721
150.900886
135.278792
137.088357
158.471270
124.471419
146.499281
116.293328
122.017256
118.564426
116.916104
109.821353
108.945669
92.643225
104.027642
79.508405
95.206677
92.833926
78.652684
84.307924
84.127066
89.506626
100.600274
94.816053
116.533674
107.901458
106.247012
116.209218
88.076972
97.789614
103.625618
91.892098
80.592965
63.438806
73.241968
75.670743
67.952782
93.850324
80.069250
94.034680
88.765905
86.723680
81.371485
99.360331
88.643072
113.238330
86.262587
107.328203
92.522448
103.130350
98.138948
98.804724
94.338657
96.330360
75.210958
98.305478
78.260698
89.895554
80.009167
80.212355
86.536274
85.601710
103.571629
106.718478
97.497707
97.771409
90.476987
84.077277
100.337607
79.509537
92.852784
81.200173
86.594251
96.095933
86.741556
97.048937
100.944427
104.786022
126.351378
108.635591
130.158298
113.788446
121.957669
117.580781
115.915665
110.649558
117.711066
81.542919
101.657455
81.575633
93.063831
77.903798
76.052643
83.903628
77.254386
77.662152
74.578278
60.318213
72.695277
60.417978
66.569939
73.837734
63.792807
72.326667
71.031834
65.595178
69.594277
70.435074
88.302403
81.816536
81.967277
99.881219
92.651724
105.024980
102.390304
105.534056
112.699183
115.041149
105.704782
101.195018
84.322720
108.841531
99.150935
111.014386
107.293618
113.109610
112.270122
122.787848
100.840219
123.270914
109.177329
119.731730
104.506312
104.066183
93.179237
101.969596
106.687613
117.243696
118.729539
144.160472
125.091413
140.243628
140.781293
146.471285
152.636381
149.146639
160.647600
165.712239
157.019646
163.087258
174.653070
191.804756
202.587550
188.589565
203.489183
204.848501
206.574064
208.126546
206.870534
210.703753
211.244772
198.271024
215.606708
185.800940
203.525868
191.775159
188.744778
187.690406
199.180249
191.266698
212.815614
176.352690
193.683571
176.491664
180.297773
180.295372
172.995256
189.380111
197.049410
174.213736
209.990447
181.603208
204.021807
198.140505
209.994286
216.782660
205.758934
221.272055
232.843513
231.854346
232.679396
228.089993
229.903821
231.507849
228.758531
240.491165
242.279525
243.073787
256.864717
261.982561
256.511709
268.786910
258.839392
282.798324
270.785630
288.800500
282.367838
284.077588
283.219967
291.652833
272.093061
297.628255
277.425130
291.643440
271.256154
284.602813
279.293446
285.748420
276.519732
290.736122
274.906840
293.021349
280.708908
286.633602
299.737082
294.481913
302.797585
299.285024
291.812464
299.551393
282.902742
298.577647
300.565460
304.723284
311.365111
303.843798
303.184713
307.035185
295.061892
307.772345
312.812579
298.148970
306.606899
296.273636
305.149063
303.067989
302.637004
291.378951
285.413871
280.049657
288.265060
272.069302
296.233760
279.978445
289.756386
289.063359
283.198229
273.891270
280.448697
269.419602
304.794694
286.361249
306.935953
296.756285
302.836226
307.298825
297.217162
294.009197
307.146650
297.593072
318.806565
300.722972
300.508705
307.946129
301.554139
318.058627
316.325906
311.897369
323.940110
310.989727
321.730214
312.373143
312.795278
320.754897
310.534839
320.478355
316.962448
323.903339
321.514918
325.966592
319.422000
330.594178
313.305313
331.928931
310.138731
321.498723
308.571973
312.749351
316.359276
322.432840
298.105264
324.561166
296.980780
308.910072
295.118904
299.893330
295.952650
297.548974
291.364113
308.466311
296.406571
311.260670
300.865394
306.058887
312.586151
310.312674
315.760138
308.272179
307.893926
314.719300
300.587807
311.951154
303.804331
297.034045
300.768632
273.741026
277.235392
276.835604
270.369642
263.171096
254.593729
248.099195
256.897816
241.964275
257.422005
241.266408
253.488241
249.739384
245.612075
243.754816
255.508299
241.631418
253.814657
221.071349
238.775585
224.129722
229.167453
225.099977
217.518834
206.505038
208.539236
185.543263
210.796952
182.784719
191.630497
188.232154
184.934919
179.116151
171.171192
172.516344
180.022698
171.875599
181.920795
175.503588
170.651766
179.983221
167.822954
174.613215
169.941963
155.429788
161.755486
159.645186
158.523348
168.110371
157.457288
172.970700
148.328819
167.205387
152.020673
151.753204
145.733587
150.911977
147.686986
162.058804
146.969305
176.345379
151.321746
162.410710
173.306175
171.749556
175.173645
177.880277
159.236466
191.773588
169.008650
188.903860
183.608823
186.463661
188.118079
177.854325
166.740814
167.063056
151.206559
158.610510
141.341526
151.088862
145.437062
138.441975
150.429673
132.179862
133.689959
130.748016
114.750182
129.285409
142.205634
130.746081
137.453041
123.308833
153.002873
137.740208
145.888459
159.660234
152.750426
148.320521
170.678932
163.216596
182.688833
160.568332
178.419007
175.163187
178.818775
191.259727
194.060035
177.944226
212.739189
186.434179
207.213816
187.848370
201.102840
204.089648
199.523658
200.749923
197.161285
182.240317
192.369808
165.214057
162.451493
154.965505
140.885091
152.980863
146.610867
157.868687
165.210782
155.741510
179.900574
182.359888
175.892246
217.962997
203.448053
223.080076
218.239359
227.900777
239.969862
228.342611
232.504021
232.332130
210.145030
235.438639
206.197805
225.528169
205.527221
207.254858
216.163292
215.791010
209.986361
222.724312
198.740026
210.330409
200.453627
193.000098
199.183804
190.482804
193.567663
194.238156
178.763581
201.207501
181.822429
190.493397
190.063801
187.004839
202.828681
210.900295
215.815200
232.751937
223.245109
242.266108
249.314847
249.085712
266.965601
247.813782
265.330806
265.540283
267.882784
268.388462
273.989933
276.220516
305.700164
291.197496
326.172368
296.500591
308.384911
312.007435
311.387744
306.927726
309.204254
291.796753
309.698834
283.740575
308.504144
290.605068
277.711797
288.348142
287.431487
282.513850
291.325361
275.854901
297.758073
271.183408
273.799002
274.466862
258.776901
278.906246
262.073971
253.454707
275.711098
274.137447
282.433984
292.209603
286.539930
298.504783
283.223311
299.935994
299.287927
292.649692
311.357514
297.318952
288.912430
306.790706
279.306301
310.289816
297.467122
297.099356
310.066172
308.807434
315.947894
316.199852
290.628728
305.661776
277.434745
292.038998
278.945915
280.367571
279.718315
263.698003
246.794256
261.088671
241.060915
259.361035
242.198569
246.157861
248.904233
246.891576
254.261137
244.976982
253.705893
272.173311
257.311988
264.557036
264.915904
255.699670
267.028746
262.145510
267.539998
270.983708
266.925163
270.143639
272.884695
273.575161
281.174998
260.724765
286.967953
273.313018
273.874120
277.821270
279.045082
277.622071
287.759952
268.382634
288.864365
252.413729
284.650331
267.104749
283.279577
274.666030
278.625604
280.673115
287.904329
265.130350
282.661156
261.032229
273.543003
277.335016
275.445673
277.751488
263.936223
265.540708
267.942777
256.475956
277.838061
269.002301
266.299427
271.793189
265.534560
282.173209
281.802050
272.357027
267.133919
265.942029
268.847280
270.303453
248.856083
263.103711
254.680548
256.900941
246.875137
246.355738
247.810889
256.976804
240.832936
275.924029
253.051682
265.949139
245.374836
264.501000
257.909705
269.221633
260.241400
267.874116
245.971571
263.818422
243.094505
263.664990
257.775065
254.790029
268.609983
252.857714
275.214638
273.823612
260.785296
287.816583
275.291637
288.854762
296.033931
285.019969
294.700257
278.511669
291.462201
284.480659
271.310078
273.599131
262.589732
270.120120
276.675486
253.474265
274.690416
250.171574
261.085845
259.844839
252.860241
246.465375
263.558385
243.771467
265.594160
245.899520
266.206316
255.717581
249.491639
242.437732
230.202192
226.049877
232.418838
215.061271
245.715268
224.807187
231.823834
239.671094
243.422953
250.293246
255.910336
253.435037
269.358093
246.414556
266.495585
266.266125
265.320242
270.839615
253.198318
260.689685
257.223615
245.593077
247.628432
241.035195
235.787269
241.583434
228.521448
232.514564
227.951279
242.603271
236.241957
245.167796
240.207479
236.225812
221.222210
246.161431
218.744273
225.646681
214.231891
209.068028
200.620452
211.651830
195.634720
212.927024
196.043983
218.566778
214.989053
226.591699
232.087556
242.541214
241.278221
256.292536
249.159292
260.183136
251.778992
254.605576
249.992612
249.398121
261.738413
261.138435
261.941888
280.596865
265.318569
273.178416
294.664953
273.915808
274.516140
261.985995
273.609689
264.757631
274.853266
275.404569
266.378442
251.972227
270.525844
250.517584
257.924179
236.123700
244.858278
225.776896
224.848877
225.848620
232.986888
210.838622
234.718192
218.991820
233.121889
212.915677
218.270603
209.440253
204.435774
201.670529
216.541858
200.175580
211.173194
211.948228
203.363023
205.322841
194.331550
201.464204
203.404341
198.064273
213.239389
194.691260
198.882000
205.973858
192.862176
215.506034
207.823463
207.322331
204.344037
209.429398
200.066125
208.479842
193.405088
218.042311
198.207250
216.748890
213.320820
205.861244
202.832633
217.146870
223.972235
240.221692
214.402900
249.091876
237.018006
250.421067
247.249404
245.889786
248.297234
242.743951
233.289183
249.067411
230.355684
238.872597
243.258767
238.261505
241.029346
239.205760
246.294063
244.068612
239.821696
253.840819
241.888513
247.515718
226.250842
226.318161
240.169651
227.621616
241.649257
234.277315
231.792550
237.087006
240.264458
228.110960
248.263797
237.902775
256.360358
242.276468
248.356132
253.345422
245.196888
260.718525
272.838722
259.172468
280.486525
250.122610
275.155636
263.601906
261.785858
273.536542
269.319069
266.278275
283.438104
265.255325
286.381605
258.591725
263.327924
254.874943
242.117828
260.965783
259.240382
259.730957
272.248876
255.732215
271.407400
269.172022
247.173723
254.997590
232.558888
246.608746
257.123997
241.544932
258.309916
251.278732
247.100617
258.556453
231.888540
258.106842
230.100994
235.478476
230.937920
226.515638
228.659756
221.514977
210.440690
234.544788
207.693397
221.306260
203.734407
199.197155
220.321212
221.554778
216.645577
232.981312
208.850744
235.216979
206.434615
211.489964
201.837678
198.051251
195.564762
186.329668
183.472384
198.630533
162.562141
190.475134
180.359720
187.880863
195.598424
188.110140
212.987513
211.887956
213.686692
223.505286
213.068073
220.404692
232.226680
214.332882
239.930463
241.027941
256.403440
257.925581
249.719495
258.805920
261.014755
255.580289
284.260638
248.230727
275.265666
260.014303
265.037486
264.007416
257.173531
249.407066
255.271904
239.590102
252.971137
221.314393
221.494847
209.758934
204.879044
216.764690
200.414005
208.627922
214.556609
190.049326
217.878697
204.958214
206.240273
212.101835
197.661082
211.056465
194.389527
195.478059
201.397711
180.240055
187.969334
181.833898
172.256498
199.434047
181.990417
197.510578
200.354970
196.979340
193.011551
201.514803
192.958801
214.592904
191.439626
215.663574
209.296071
214.503971
217.111638
214.996290
221.788961
237.166442
222.986707
250.574407
228.675900
257.358540
255.170961
250.933715
272.289270
273.664684
271.072754
281.214816
260.389129
286.520523
278.560881
283.448266
290.982715
277.390910
289.163653
280.191723
272.214818
280.270579
285.964761
282.791539
294.529971
261.523058
281.123413
264.900311
262.886536
268.889770
248.810440
240.573036
245.368612
225.895147
247.862775
223.761967
246.796770
238.976503
247.959616
256.618825
270.610562
265.017624
288.066643
268.439063
297.681672
290.043483
302.692295
297.081818
287.252622
291.695479
296.452182
288.051949
311.993713
298.657808
309.414090
307.236086
298.046984
304.626447
293.269262
302.087247
310.377259
298.492178
324.125048
311.036360
321.492492
328.968317
322.168114
335.880435
324.291018
339.442100
338.075478
326.794639
343.301621
338.000227
327.307714
336.151862
314.904967
334.664087
310.289506
309.756489
303.575100
297.907895
281.727125
302.459836
282.439583
296.664488
275.258522
291.456860
277.379695
275.274023
270.209737
272.839868
255.559993
279.255583
265.238786
281.514756
271.538104
268.299793
274.225320
268.021867
266.981529
267.410991
259.260079
267.788998
262.102788
275.972610
294.013898
271.415039
289.810733
272.700361
280.151707
275.055204
262.351307
271.513140
264.193774
266.497325
285.314116
264.069732
281.767228
263.278734
267.561929
268.343219
271.231289
271.269076
270.750644
251.965859
266.975456
247.953741
262.292388
245.859615
234.926860
242.664823
239.950747
237.901059
255.750885
231.650747
252.668782
244.082084
246.808145
247.898774
234.436049
231.453479
233.459542
215.133627
230.481140
205.681893
210.809858
202.515687
193.744612
209.732294
177.608200
191.641092
177.677487
179.142553
187.430719
182.857028
181.735274
189.155164
169.867521
198.775133
186.765104
194.928736
189.750459
190.020421
193.473458
210.078758
176.895080
195.044769
179.535805
196.157338
189.395397
198.730521
204.707425
201.510810
201.063452
218.861463
204.827971
216.720666
201.269859
217.224207
208.027360
205.642620
222.855393
217.277441
209.634228
213.026123
199.731252
216.484283
210.564499
210.771379
212.497911
201.403016
210.789485
214.614997
214.044968
217.431539
218.230091
224.463393
229.891092
215.602147
234.997880
222.562576
239.049591
240.396587
235.531173
242.071882
251.336980
235.230930
253.603294
247.409739
259.344372
245.199724
254.266419
240.959364
238.796104
250.811543
254.969164
242.244379
253.666667
228.040839
237.276354
221.322331
219.074298
216.569796
213.809034
211.983105
215.535976
201.444239
223.425195
208.735618
226.930334
238.601919
227.749474
236.335936
235.910469
239.427546
241.607522
244.022378
246.239243
243.457812
232.933938
250.946594
240.512720
239.433808
239.949238
246.796244
252.307318
256.371592
263.952921
283.004304
273.970405
295.711771
286.868357
294.606930
285.688157
286.779752
278.703670
287.623358
272.128548
287.576338
261.162220
274.222311
275.474371
276.617021
278.178861
269.383358
267.200957
273.942065
259.780805
277.061572
265.726954
279.109569
281.838926
275.435798
265.455222
266.241434
267.925486
265.674376
264.833976
251.639286
256.073612
241.658836
242.133421
225.163022
236.278916
238.370046
234.496028
233.761905
235.407748
227.406055
240.814808
222.888456
239.795051
229.594081
231.706344
231.315563
232.251148
213.797752
230.290658
216.828284
232.579153
215.656441
219.068568
219.211949
226.140367
219.731702
229.903937
218.842702
234.400057
209.104546
218.298217
205.676253
208.248273
224.536914
219.382530
209.904179
211.654891
205.078012
211.359542
200.549443
200.305642
213.453083
189.182613
206.917969
196.915607
211.604789
213.709045
211.471022
228.502675
233.505236
223.538111
239.583937
223.469645
247.809056
251.881998
256.873836
252.322434
261.826399
254.858795
285.010038
250.661235
273.309908
254.139436
257.727541
264.305884
258.638247
265.293500
275.461083
269.293689
287.924351
263.594633
284.014918
271.848755
264.812900
268.527832
254.291218
251.602364
261.699229
240.499795
258.576805
241.588459
235.947359
240.411876
216.976103
234.075578
218.981947
217.131306
216.766954
201.166852
201.753187
212.069643
195.735500
219.001898
205.119275
219.850432
209.754961
218.170528
223.244336
215.703808
212.964425
235.239826
211.169726
231.005899
215.351434
238.002592
229.548653
227.270856
235.452188
247.095538
224.245883
243.978033
224.746202
222.007685
212.236965
205.776223
200.566813
191.048326
189.077236
192.409482
189.833846
208.316484
199.160768
200.917766
211.046078
205.920709
222.245298
217.304186
216.186399
228.547995
218.706185
220.144638
226.950230
204.989328
222.051881
191.389002
210.821220
212.084916
214.142638
216.385862
223.034279
221.674810
236.787789
216.817219
237.747469
219.371927
228.645945
227.147503
223.640855
222.359293
247.855002
241.663374
259.997531
221.754261
228.266707
224.065824
216.365071
226.310565
218.476720
224.824717
238.655789
224.694718
246.535023
225.973362
238.477571
241.860120
227.620769
243.952607
240.315337
246.503304
243.929425
229.850908
252.117147
246.273172
238.972346
255.908498
230.570266
227.161176
216.664543
212.414011
214.438926
206.190060
207.084473
218.055236
194.666134
221.412120
216.972085
223.243429
203.023913
207.502866
208.210181
197.062286
193.261084
203.150053
176.471365
208.618133
189.498964
202.614644
191.853789
190.911925
196.698238
200.147997
186.169115
213.612547
201.428966
206.465543
206.475270
195.472199
207.669343
185.520884
189.005003
189.650096
175.572532
187.867186
173.347997
163.615140
172.674678
151.493973
165.091646
156.008532
163.045119
169.173592
159.510596
162.320985
175.845185
157.003720
184.750878
174.477751
197.584772
201.607814
191.808672
185.433607
191.975592
185.393629
216.792249
191.562443
209.719427
204.584063
213.138431
208.282272
208.539805
205.586345
215.575883
200.249358
218.156859
208.699223
213.166385
227.436140
216.137378
220.054991
206.164760
200.556035
202.723310
188.998567
201.787729
199.732539
176.140157
187.976207
165.669861
168.939208
179.717597
184.343677
204.118635
205.575232
200.016714
217.245584
203.145222
227.775321
227.366763
229.251570
228.320751
213.884973
212.271064
215.374654
198.652175
232.454058
203.087478
216.903250
201.240803
199.622258
210.588006
207.321255
208.264204
222.911266
199.803106
226.243331
210.565853
214.097773
223.231266
210.465869
224.944145
214.266093
215.170611
225.044304
210.739987
220.232302
221.087545
228.446403
235.345948
219.783518
238.119787
237.447362
241.502252
249.794759
242.127783
237.362178
247.220723
231.868866
245.108893
232.095018
236.819066
245.300894
238.874683
240.432678
245.842073
234.231948
258.148881
233.936509
252.212030
230.349857
254.253786
248.657298
242.898528
246.985541
259.633731
229.482398
241.799486
226.321418
247.510959
241.200812
230.073664
231.822344
205.915918
202.407761
211.588876
186.810181
201.338995
194.896918
177.253527
194.165053
183.029210
199.003796
188.422247
189.270157
197.842476
189.368648
182.883882
181.814674
175.023225
190.026808
175.140963
197.302909
184.332233
181.835482
180.023055
177.452942
170.922706
189.243116
157.064710
176.595207
155.877253
155.377184
154.427682
156.801522
155.275897
172.469171
155.086395
169.390697
144.461417
166.648311
163.910440
150.195789
150.775567
151.818217
142.299654
149.115416
141.300403
167.572288
160.578017
181.885009
180.444275
164.901890
179.101996
160.204466
161.470437
156.395262
153.434981
163.664970
150.602663
146.284865
162.013985
146.569191
171.272348
162.449549
168.677575
173.170543
162.814402
167.173697
171.159915
139.316038
177.266685
153.128393
166.043657
163.130980
159.745845
160.069287
166.391206
166.333124
175.893254
147.027293
166.829476
140.902891
167.142591
161.771248
160.280048
151.606231
153.308031
148.718754
174.478669
144.224104
151.937635
157.396274
153.422252
159.369094
154.540042
165.563548
166.726873
160.542080
169.501381
165.387439
158.291069
189.951941
174.015638
193.780324
181.814623
188.185294
192.007166
198.583714
196.466926
212.359870
192.786328
208.614115
180.875279
204.909855
195.747806
197.563454
190.955398
181.655510
167.731031
168.522736
155.778661
172.906851
151.527584
163.365940
158.182470
160.273407
151.905949
156.066333
155.238430
170.350904
153.697953
160.869472
158.875584
153.709039
164.632095
151.912678
162.114252
165.443688
156.904515
161.990903
155.591781
159.524728
160.160294
141.390315
155.171835
146.413895
159.823736
163.119160
162.514277
174.919356
189.049698
175.199137
194.307272
177.398971
192.014726
182.544802
185.897642
181.804312
184.948944
171.952103
179.650677
157.494101
182.350824
160.325993
173.446537
175.845788
180.621847
180.303569
178.054638
159.852195
184.278387
180.574074
198.649401
212.421556
206.777034
204.859723
220.142631
210.091672
225.452986
216.956472
220.734367
219.834618
217.479083
234.827562
217.595740
222.268329
215.355727
221.990802
224.611900
234.947737
219.278200
235.476222
229.069632
232.815688
217.804032
226.446907
232.283487
236.434104
242.456628
241.136519
223.782778
248.063465
228.461116
240.434028
225.679426
238.556664
255.220418
259.769090
264.356224
267.628594
247.624844
256.482100
232.131931
249.583667
249.615021
240.462119
245.994024
249.423390
233.767574
236.808644
220.575191
220.953536
226.765234
217.482699
223.765902
222.691907
236.740581
236.326494
229.403037
237.522371
234.694643
217.992016
241.003977
228.464510
240.398432
222.181863
221.210368
228.352600
226.825593
210.750682
230.742229
209.650583
228.647597
202.280302
229.131911
227.721024
234.912163
232.831968
246.676861
232.551646
249.702321
219.917650
247.823277
245.256522
256.802051
261.264594
253.999041
268.047779
260.639493
252.773462
263.340721
243.042538
246.700498
244.658132
235.616576
242.912651
231.006361
237.021800
233.612280
228.078382
236.800762
237.485736
236.844571
245.628985
227.505772
262.087680
248.791784
254.397278
265.954250
261.607465
263.104396
272.701742
259.405202
297.268146
270.807145
283.011007
276.163590
280.732769
282.844423
274.684643
279.968029
293.950071
260.606398
284.154022
262.658593
261.168782
265.476684
258.196077
263.761732
263.298491
263.159011
271.723554
254.738327
288.921282
284.053445
281.004873
307.119006
295.501365
307.120905
307.393613
294.750077
311.834814
291.851081
283.265449
305.670486
293.044533
313.703707
300.046994
319.726448
325.721392
328.537865
332.307641
337.038285
318.434853
350.896411
326.041274
361.720576
338.624893
337.451365
339.535371
330.631119
328.143182
332.788107
321.000574
347.115883
323.711296
335.955682
329.180880
330.444338
346.946367
342.905462
328.730316
342.819856
319.864592
334.992207
322.030134
327.024779
333.742629
328.230247
343.438865
332.377537
338.824319
356.526987
344.681083
359.493290
364.488181
351.036566
370.135947
362.239858
369.794144
366.666077
368.292832
382.135690
384.372896
374.077582
391.015275
357.166797
373.612328
344.926587
358.922487
355.444145
353.147763
358.085389
360.565815
351.924681
377.841343
353.815192
360.558066
364.158338
364.448142
361.777948
368.022990
366.197138
374.729573
363.417700
387.569375
372.481633
373.353206
383.517130
371.778443
366.699083
369.157831
365.286159
378.798053
365.923294
383.292961
386.522567
378.593783
391.038086
367.104096
369.383054
373.715165
376.062166
372.477313
384.191232
365.737015
391.940007
370.379306
376.272942
367.705072
385.126182
395.418801
394.556573
384.834723
395.601541
387.448088
411.630704
379.346250
397.043501
390.127637
396.464111
406.742639
394.060686
376.161951
393.985208
386.059201
400.460841
387.993639
387.049996
398.966564
387.772953
390.864893
390.817351
375.236491
390.492633
370.154963
372.071132
385.199972
374.344994
398.321712
377.730592
375.125336
383.144991
375.919080
381.715240
376.690974
361.752669
387.870114
353.197708
384.260816
379.110761
385.934514
398.649419
400.711750
388.773829
405.247117
383.919805
415.440524
409.871010
420.992085
425.550952
420.677305
418.668707
425.844074
415.036079
432.969991
407.242714
429.719102
415.236803
412.406693
417.305178
412.459008
412.145109
416.374173
397.308534
407.123319
399.220363
405.919589
419.558202
393.445397
426.838110
413.266138
415.180510
420.678416
405.612636
405.814205
415.143390
400.779743
418.783518
393.228079
403.226742
394.696784
399.488501
398.971203
399.302736
387.348578
399.723179
379.874037
410.184022
381.151882
402.839288
391.348365
389.345932
392.619129
392.657054
375.962393
403.962813
384.178831
407.379842
395.578523
400.797368
398.762062
388.225303
391.231908
393.752640
395.506819
399.134203
392.041840
402.721764
404.267575
387.275360
403.897718
387.313749
383.454005
385.486053
376.971969
373.911709
366.866296
367.807895
376.623396
359.827398
378.836024
357.498743
361.172036
367.719801
367.361674
367.258041
373.289767
360.115029
378.344561
351.572819
354.254206
350.181301
354.997424
356.807353
358.881252
351.331213
368.090059
361.413900
382.571563
369.023261
375.577955
385.561591
375.240810
389.553435
385.899512
386.775002
410.666980
385.159196
397.950190
387.818991
384.031707
391.476047
373.471603
377.800175
372.109004
370.434206
369.076197
364.360291
356.387399
345.273001
341.574362
341.834820
338.792638
338.485308
333.761112
343.308592
342.408219
347.876823
327.152997
350.914332
317.775332
331.793028
317.293291
320.673869
319.658677
320.261510
316.382749
315.197856
308.501722
335.383621
309.799353
318.707691
292.681667
298.430411
291.140611
275.950820
266.531607
263.685278
249.463763
265.427413
258.976818
257.557782
264.365372
254.204840
263.693127
250.291526
247.824422
259.642719
249.469672
258.006064
259.230956
242.338087
254.496810
241.159510
243.443974
231.322274
226.221707
225.449050
220.751874
217.480716
238.199742
204.818890
227.584093
211.411252
231.979581
241.995189
251.542310
254.641320
267.087485
251.093639
273.161284
250.824866
273.764519
261.743395
259.078372
252.576382
250.320903
244.788435
256.897707
240.586405
251.201361
229.498930
244.188678
242.985463
245.307363
263.416018
256.919652
258.666312
255.789763
253.888253
262.054807
261.594499
249.420654
258.515386
239.808011
260.953382
255.054559
255.156537
252.219150
254.118605
253.911414
275.518833
265.742725
285.081389
269.709032
283.734898
282.118940
280.455092
277.352268
299.470218
294.519364
315.148493
306.081362
315.334270
314.645415
321.511036
324.163733
325.150374
311.557573
333.381016
329.297605
339.692790
335.196645
334.920391
349.593621
334.655765
330.915783
336.871942
335.978528
345.105993
340.604902
335.547360
350.712900
346.462646
357.056782
354.917740
348.501675
344.223605
335.373703
337.453772
339.687253
327.134535
336.462931
298.959079
317.850191
309.421554
314.230253
328.747401
324.407544
313.753621
336.471388
308.979255
334.527873
312.217884
316.568571
315.309431
308.601783
313.761750
316.140243
304.858749
324.241705
310.148984
335.515534
328.249954
335.092601
335.562961
339.294860
330.704399
333.401850
310.783240
314.312989
294.016227
298.213460
303.390256
293.715430
308.604327
300.794480
298.663377
320.947825
315.598076
323.442619
323.077643
308.548984
322.908072
293.464914
313.337899
303.490703
293.462913
292.346234
292.610316
287.649907
309.357255
283.675559
303.833947
286.732637
288.224025
298.504098
295.064955
292.978481
296.905182
280.252290
304.221882
280.606341
294.384243
280.512900
273.486346
296.702863
287.923301
286.632340
288.523453
287.367117
303.661693
299.767169
307.530958
310.515874
293.579487
302.112382
292.275658
290.640844
289.393646
280.840907
283.060666
282.852744
272.286968
294.771145
280.115468
300.638473
291.686639
298.226171
304.414636
298.852592
294.502773
321.712769
298.656536
325.157942
306.680245
306.477430
311.533322
308.795435
303.363704
310.830887
295.085833
304.959819
274.350101
290.691277
271.042980
273.814588
277.238592
264.699047
266.222585
278.534331
263.665005
283.943391
275.703469
283.761668
273.314136
264.036717
282.094376
276.435454
274.064583
277.749568
261.221986
263.705156
265.943056
259.750070
265.998585
247.852358
262.810172
245.446077
233.165572
233.132145
230.198195
230.803612
242.550567
216.418000
237.148186
212.160784
241.363332
232.952910
238.590087
233.910292
229.376469
233.476547
250.111421
222.042498
258.305377
248.220211
260.049420
271.610357
253.205991
260.014495
263.775343
252.694766
268.413299
240.469428
250.297923
238.708995
230.381354
255.009009
251.287407
249.534051
258.483423
244.975166
250.158770
253.569971
258.836585
265.020461
248.781263
266.582601
263.457251
265.971247
270.288910
272.980277
280.409217
282.378305
265.633873
287.745913
271.018765
279.295132
285.559776
272.605639
262.737585
262.862175
248.878406
263.487901
226.911304
254.641144
232.772103
228.872051
224.953029
223.725124
223.117109
225.943400
208.908050
237.510829
213.406361
220.773503
212.765687
203.317458
209.276698
195.830204
198.299404
193.401363
179.028916
184.275603
183.923647
170.283863
186.182837
170.273440
190.721049
184.830757
170.374322
179.087900
171.963632
173.910381
174.681182
149.823368
180.751584
157.922135
180.649506
171.103897
172.798325
169.269075
161.204059
142.401266
166.207976
148.657400
166.949116
148.217961
149.515542
161.803112
168.775274
166.808006
179.244491
157.650815
176.155564
165.378582
182.755781
184.121536
181.087103
195.502278
187.220803
189.293206
202.820536
177.176568
198.438704
194.757678
191.103931
194.846803
175.957855
189.161851
177.722334
164.111170
171.357586
155.502848
137.059600
142.911678
118.804719
142.157297
110.105526
127.734957
129.371067
119.361188
114.333883
110.385266
89.280162
107.176940
83.417217
105.802551
91.478112
95.143988
98.179728
97.839747
98.871712
109.499967
89.974839
122.528063
115.669029
110.308699
122.026995
111.702163
128.249786
131.656988
139.126722
154.918552
145.315486
164.664319
169.528598
167.416333
190.935140
184.014197
195.482051
200.052033
200.294469
214.310471
211.149634
214.869337
225.578160
198.783550
224.468687
216.672327
222.200337
221.355883
231.217549
229.537522
236.116356
224.918909
240.838778
226.185584
254.009084
245.642250
259.291970
265.914155
258.843033
253.823715
256.183049
229.466451
250.030075
235.404224
250.071291
243.495670
235.061655
238.127906
228.190161
236.317913
241.495636
223.982883
232.586071
217.170804
226.465489
223.584245
209.229073
232.782062
225.292934
228.914896
235.474338
220.948514
232.271120
233.137288
214.636254
238.091497
213.080618
213.900411
203.786984
203.213132
209.225973
201.320107
192.260425
207.465422
193.690774
208.271410
185.329661
195.356331
188.842920
196.556409
201.401442
205.160070
187.489688
205.808436
180.524552
195.134703
187.207758
190.088999
177.948715
177.788324
180.106616
191.260540
178.271398
198.795789
195.308661
198.233991
189.500309
187.445962
204.884782
194.382050
201.096243
200.422600
192.022611
195.742767
191.454817
184.242429
190.557118
169.610307
201.943656
187.583450
186.064480
195.603435
182.190902
180.324803
191.790285
181.450137
202.730672
181.244023
195.785787
190.258046
198.754359
202.047907
196.650109
192.027357
204.069062
175.944932
197.971476
172.792269
196.404319
187.293845
191.519481
199.851359
197.124876
196.475584
207.963849
191.652307
192.654932
185.870953
195.935603
200.868104
189.969999
196.447293
186.119966
193.071601
197.493259
194.814805
191.413335
203.065712
190.150953
213.939413
190.719290
207.414781
209.885949
202.840928
205.704124
201.352601
195.032912
213.598600
201.250012
212.125098
197.793758
196.933310
189.009058
206.730955
190.889051
206.569928
188.344410
207.818650
197.293218
202.108870
207.698354
208.530726
212.308761
225.331077
210.662113
223.094180
216.083036
226.581228
214.865090
209.291796
216.331286
208.797508
204.911785
216.812296
200.721793
206.947518
207.385477
196.133902
211.492440
195.309508
207.486472
207.983064
205.771289
199.977728
184.355559
188.016105
210.446337
198.356558
228.784068
208.990333
210.876677
205.063296
204.819507
191.129265
188.857611
179.326023
207.402374
169.528672
182.542680
176.242977
164.477932
162.911573
166.028849
151.761040
170.129003
145.619784
164.812169
154.221890
171.742045
174.958292
170.133130
170.534738
183.904329
165.185415
179.150026
177.873746
184.341377
172.164038
159.883610
177.411122
160.214844
164.455874
171.530905
152.858387
147.932450
144.732635
127.564523
134.842768
114.104136
131.947732
111.640688
114.260964
121.777255
104.060651
96.609617
101.942892
82.353232
102.777960
81.721998
94.202686
84.147178
88.720749
88.384081
89.284924
82.173898
97.047369
78.239158
105.730002
78.483546
89.409997
92.860304
83.324140
105.559980
110.823762
102.040887
107.587951
99.159198
104.580688
109.411305
94.452452
114.144453
102.709484
100.189233
100.963809
101.949884
111.657175
102.577968
100.582872
109.575111
89.155483
130.238602
111.221219
121.426476
127.749756
122.990260
116.411510
136.347171
130.753711
148.767090
126.506899
153.596672
148.775707
148.227635
164.302269
175.163925
173.528613
206.869899
196.824850
217.267357
202.872112
208.373893
200.496675
185.089091
186.003349
172.933439
164.279161
185.690726
170.525929
181.644850
178.524755
169.609170
186.496211
165.453505
168.815278
168.312889
146.884801
153.984424
136.452877
136.891013
139.787813
113.354027
133.102074
124.810817
128.573331
120.286938
117.365158
134.742388
146.114689
138.602369
161.150075
139.957912
158.105858
139.300569
143.770321
132.554392
137.152123
133.939599
147.236643
138.119989
161.288022
148.930680
169.729005
175.652539
174.141090
179.703603
176.283423
161.662806
180.817115
167.033304
182.259567
178.047717
178.508451
173.839788
145.121179
149.953676
140.479627
128.958686
133.490903
123.684071
128.638581
137.153903
129.479675
143.475948
122.297779
134.955273
137.500244
140.585736
148.752394
145.462427
150.423359
174.267595
154.592093
191.081726
181.508511
187.647328
182.076515
184.701884
186.704582
194.733205
174.124080
199.930291
176.250277
191.001579
191.424011
189.876584
188.964549
193.712506
189.556082
207.420675
183.392382
199.534512
181.194676
181.579783
196.299364
186.504533
190.078258
185.798086
192.013731
209.755382
196.039187
196.761742
204.875128
197.335336
224.710047
189.070965
195.681221
184.111263
189.629389
190.896821
186.122690
189.238323
203.218187
184.542814
193.353237
184.052454
189.072059
182.003126
174.357952
188.667188
192.362597
178.846548
211.710284
185.563995
208.310730
196.814916
182.625422
190.207908
188.688739
182.515141
204.680091
184.404020
201.637484
175.962766
190.625343
195.639616
193.696439
200.400652
201.335232
191.446993
209.704931
189.106362
206.128088
217.461112
207.437223
223.869552
216.961683
214.824048
215.671568
198.907402
199.573969
199.097212
190.206565
213.187680
185.677699
200.982672
184.916215
180.759588
181.080902
180.694573
180.365589
200.437283
183.289414
214.312514
184.642957
209.372175
211.512128
207.448426
203.375075
209.200668
206.452889
221.825498
197.041859
222.859926
216.372371
217.861432
220.462138
210.375877
226.008760
224.210032
223.232894
242.422682
217.664903
225.812752
228.058810
205.950720
219.803779
210.521758
205.741137
205.404438
190.142098
195.235616
197.311784
180.705071
199.699386
186.904874
202.670855
197.329618
203.977541
202.878850
211.293051
198.673900
215.156055
204.370988
221.223616
198.393184
206.490384
201.625397
197.235290
201.699783
206.882698
188.444127
196.504460
170.749209
198.857677
193.375226
193.550885
200.146311
204.172850
214.197717
225.629064
211.433799
237.253854
220.503434
218.616974
228.591706
213.835531
232.385781
229.620806
241.782120
253.141290
249.400117
268.606270
260.937741
261.417396
265.793724
249.007179
270.856754
255.843797
254.147407
254.731574
256.178199
249.339939
265.973378
246.859088
270.207672
249.757550
266.210031
257.479142
248.694259
250.197955
246.676055
240.135690
257.251963
220.264424
232.529261
203.572041
217.660182
213.179995
209.003226
212.646564
218.548302
207.398739
222.481319
201.485421
213.122579
216.282415
208.650405
228.085095
212.959310
218.782733
228.327355
224.419726
233.475404
234.232634
220.602028
232.906226
208.021560
225.224054
215.698218
219.652330
231.657204
230.050473
224.748736
222.463557
214.521358
234.132878
209.711421
234.182852
223.008027
230.198150
230.104145
233.289771
227.392134
231.544615
209.987781
239.035644
225.015112
224.746144
214.441730
214.279419
200.655665
188.986947
187.434097
202.704094
184.618607
195.122043
188.886861
184.216627
188.350594
181.436920
191.129549
185.421287
171.093464
180.236117
172.406335
165.655164
172.947074
157.737570
168.685095
154.837397
164.736123
169.360601
162.665969
171.265792
178.015217
174.421961
189.665516
172.702854
197.838757
181.522239
201.595325
208.109100
199.685722
210.263301
221.279794
201.742739
221.388176
211.566489
238.787208
224.821258
222.540898
231.358641
226.438922
227.457174
251.587974
230.958135
251.242322
251.992196
251.266401
251.671066
241.886493
242.744467
240.338805
235.944536
236.843006
208.484830
210.963941
215.847539
199.826247
207.237652
183.700844
199.275588
188.060975
193.255127
191.357744
177.408257
181.570949
188.176441
161.820023
188.126635
177.023726
195.157435
192.920922
205.881085
208.275481
206.808163
196.890758
210.519252
186.449927
207.231716
196.164599
194.593162
193.344525
193.808336
182.129890
193.090040
181.981864
200.622514
197.900417
205.233333
201.234114
202.829092
212.924763
202.829440
206.459649
212.087894
192.782867
203.045577
182.665737
178.768020
190.347373
162.208869
162.705600
144.443222
144.196358
150.278674
141.275241
143.345027
161.115506
144.710072
153.525706
125.384194
134.442892
135.440017
137.243939
132.143232
131.373693
122.645136
131.217544
102.923860
129.855674
106.072058
117.391286
118.888412
118.650074
116.316827
126.119401
116.134715
128.151802
104.744471
128.928680
128.571900
127.911224
125.136648
134.136972
128.869249
122.462348
124.752700
144.694694
133.666065
124.844458
151.730519
149.037735
157.953019
153.791255
152.712147
162.315993
151.347972
152.399460
168.907815
140.322882
174.965505
161.398370
163.731164
160.979258
164.997926
160.370549
174.058468
160.245338
170.009528
145.871762
158.123883
150.800201
146.518906
134.546590
138.898096
114.650949
134.980994
129.965093
157.168938
148.264143
158.353148
161.781218
168.219854
167.502777
173.998028
163.628282
181.424001
180.735610
185.772510
184.651594
179.335950
177.997836
171.867293
173.925695
184.145347
180.992012
180.633336
183.594072
167.743745
193.995809
169.721167
180.157658
171.834984
173.873627
179.013239
188.178369
182.445539
198.693502
181.534898
208.236227
201.083881
204.276002
209.359413
206.866445
215.742204
225.807937
215.629780
241.842756
219.113343
249.248737
243.512153
245.392351
249.049655
236.047655
237.241013
244.877210
224.906196
250.740163
251.731588
250.806094
247.097940
243.459622
258.846507
269.518744
268.322394
265.081716
260.150691
271.432783
270.305630
258.267215
279.117204
255.122947
277.606517
268.496877
273.508864
276.928214
280.586480
272.963498
286.444248
269.107797
288.016207
276.469828
281.424515
284.520933
281.960372
286.480975
289.659947
269.932921
296.518035
268.936444
284.513172
273.707538
273.144554
278.039078
263.919016
275.168621
289.506859
266.187193
294.645562
270.271068
279.348923
282.110870
264.912378
271.572692
271.498497
265.191185
280.030233
275.447786
277.902288
271.165893
266.645073
286.687508
264.802765
281.685665
274.919469
271.523878
281.507939
274.894254
268.564128
276.434823
258.764437
272.377371
255.950087
265.225551
268.968710
265.409332
255.888760
254.990007
228.782809
256.469891
228.167688
246.972361
232.654887
237.653785
247.510856
244.017833
237.561099
250.778864
238.132564
266.561966
249.499367
269.917533
279.459324
279.494390
304.411277
289.246596
285.806060
304.879926
293.153612
311.305364
299.340715
297.662423
308.397625
295.447555
317.415331
300.509968
294.089796
301.165287
285.090720
291.515842
305.499192
297.312483
315.486737
292.417262
311.356684
307.107677
297.263660
311.206870
301.485283
291.252833
308.389946
283.828296
301.543770
272.018263
292.543543
283.198125
272.136116
271.214657
271.344711
256.229540
262.298370
246.182352
264.112046
256.089420
255.854168
257.811968
244.656718
255.987899
249.674587
230.412870
250.002926
243.717950
237.194991
242.011396
228.739687
245.788693
236.106009
226.156634
238.276513
232.570988
232.861385
233.694750
208.573806
230.948899
209.252073
218.164743
215.738295
211.300522
222.923019
227.843143
217.210658
237.681572
210.295350
233.406901
212.900906
224.170846
226.743017
219.770953
222.840857
220.851942
215.154031
239.248005
210.340403
223.489834
215.186642
204.818481
215.800570
209.141970
203.505746
208.665840
202.902616
222.583794
208.938517
212.145723
226.537127
206.260122
232.935323
225.978584
221.907766
233.773736
234.839564
238.319469
247.096674
234.797541
246.846735
227.209793
233.556901
237.183408
231.956170
231.234708
227.588785
211.574626
228.972263
198.342502
225.705900
213.435051
219.395862
223.002727
218.423032
218.193663
217.058593
197.590581
220.531355
190.599084
208.563973
210.102873
209.012475
218.909497
214.005394
214.486096
231.228602
216.016936
234.701568
231.819852
234.652191
243.775916
228.868693
241.937595
238.367234
246.155573
260.670979
255.692542
261.612164
272.203994
251.379887
274.624259
264.531489
272.868246
272.261120
279.401643
275.090770
278.730507
255.953198
285.833684
259.930962
280.305568
267.920922
270.806227
271.971208
264.748202
272.394164
291.211459
268.541820
292.108102
262.551009
279.444429
267.802272
259.229010
257.491745
245.795228
239.546929
254.212488
234.290148
251.762038
238.014205
229.036681
242.333963
230.442536
247.599919
235.969192
231.618063
251.099953
242.709866
242.518773
243.206855
227.329676
246.920050
233.505332
248.317527
230.065507
229.914073
229.592946
222.267590
215.179485
229.935909
212.791556
240.268902
225.495316
240.020440
232.652671
216.101695
215.701091
245.189973
224.914999
250.475323
218.669424
235.731793
224.688710
217.613948
220.147048
211.576133
207.889308
197.880882
181.344203
207.092850
185.400766
201.528457
201.006870
188.204750
205.670535
197.395012
193.996179
210.792811
197.145197
200.075720
203.191752
201.791943
225.271275
210.608933
220.138857
210.947055
211.107084
214.413274
206.275477
203.676942
206.882968
199.651824
222.762729
200.761977
231.534542
225.746648
225.403031
227.195837
237.733723
218.448976
221.795322
198.916072
220.246282
201.712793
213.032065
211.334484
208.207718
200.484401
201.025236
194.919145
212.035519
197.634762
206.310463
199.430422
201.900758
202.578921
200.769359
209.946652
211.082776
193.075594
201.272347
203.696945
197.480697
205.479944
188.760924
207.501414
193.910445
207.660057
208.273810
208.948743
218.218262
220.783975
197.586819
217.280674
190.585509
193.408892
183.583284
189.470520
183.498870
187.678980
185.104113
193.564934
170.996128
198.781944
170.455027
183.136627
168.813725
166.341139
172.626326
168.861673
162.862414
180.289113
166.372436
188.244916
182.094070
194.150740
204.019799
194.817837
192.658331
191.596476
196.614239
211.485253
199.493535
207.731256
208.045509
204.737100
219.231010
211.696364
220.602930
221.370489
214.024393
222.199136
213.847780
207.419765
216.531678
193.339134
204.307068
186.402224
196.567129
192.959510
185.595692
186.653943
203.087265
188.925565
200.376273
177.431725
200.702453
197.556424
206.171414
205.042130
214.084356
197.284792
208.893338
183.794235
192.356530
188.307394
185.114093
186.575963
178.874786
177.978011
173.265456
161.938168
165.329349
164.351659
172.334875
175.142970
164.329829
179.744352
174.664238
181.178848
183.092664
174.268494
177.705219
175.479767
166.955269
172.377031
155.159767
155.107492
141.818573
153.934136
149.906609
154.810813
152.487590
172.817924
156.197941
179.153254
173.685077
186.581187
178.092683
178.145448
170.509778
184.107742
162.723106
191.742378
174.679979
172.778032
171.840454
155.882366
159.033425
147.422273
136.922592
158.788021
139.716367
150.246703
151.434597
156.865369
157.196926
160.490847
170.691822
172.897199
175.026317
179.251775
173.998543
170.590305
184.407367
167.833108
178.523018
158.845939
169.491404
164.128076
172.438061
178.577362
173.786125
159.599041
186.373565
170.747576
185.507977
166.641692
167.010027
163.598102
165.832299
148.566979
169.272865
144.160436
165.561611
148.432822
150.571795
147.714062
152.247131
149.352038
165.368527
171.496175
170.134209
151.989857
168.618235
167.138754
169.302931
192.052802
179.236321
184.973873
194.519111
195.993901
206.180405
203.683029
212.481584
229.970866
214.753573
229.649998
219.103772
221.411679
218.337483
209.332686
224.205173
236.493055
221.352345
240.381989
226.418838
223.452637
221.733772
243.996367
236.254362
233.305334
232.239979
242.884715
231.317250
241.799968
226.334574
240.462588
233.900360
237.225273
234.352728
250.240835
225.752322
243.639055
235.740856
264.202688
248.605847
265.894209
270.541643
245.509125
250.942247
236.866086
217.726844
228.017509
214.768950
212.307123
215.545026
205.699666
218.456877
194.631057
215.976201
219.798007
202.997303
228.762920
231.211840
213.328319
242.942905
218.059660
243.198978
229.139025
229.336982
233.767028
241.059930
254.314201
271.918804
250.955100
290.435315
265.891912
279.243357
284.382517
269.204357
267.681418
264.228698
248.147662
263.838030
252.135728
270.232125
246.516497
258.713166
262.646055
255.320979
267.614872
273.993762
269.224844
285.775990
262.826866
280.524519
277.629996
267.186931
286.596149
256.074379
265.154117
264.356325
244.765508
256.434306
253.732934
248.338590
265.362636
229.837609
255.687301
242.037833
241.761176
236.954438
227.829093
227.296903
233.173019
205.773223
228.439148
208.341192
233.793196
210.005962
215.461465
214.304111
214.095133
205.425931
215.791196
205.306156
219.864632
203.457906
211.606329
210.183674
203.194038
211.394943
202.281645
182.044893
197.053150
191.454753
202.972283
211.958143
197.574796
215.764322
206.606402
225.087119
210.350481
211.908869
227.854231
219.455543
218.836771
234.572116
221.249868
244.867046
226.616258
242.375494
239.104531
246.032056
253.191750
255.233401
242.806366
260.302142
240.664297
263.535117
249.733769
240.867532
262.308076
256.607959
255.269208
269.102605
246.212227
276.000269
255.326917
269.400464
268.878406
270.526046
284.330151
281.423465
280.885426
297.481066
282.097991
295.714464
286.331462
274.801782
297.919018
278.561844
287.575082
288.879599
277.953951
286.318062
284.196961
278.103821
292.024577
288.073001
307.361331
292.205396
299.386888
298.253142
299.779181
298.730925
302.521315
284.320902
306.393363
267.789815
293.573998
274.372360
283.690833
291.531287
285.346772
288.251524
302.367200
275.860341
318.752269
298.299303
300.957080
307.774702
285.036461
282.843140
289.158651
293.340833
304.015196
292.983266
306.798662
304.081532
297.928933
303.878067
297.934622
291.503488
290.989415
280.038668
288.434565
280.308759
274.927733
283.422820
266.574733
291.983726
274.379832
276.766758
273.595684
268.583773
273.222441
276.878380
255.056102
273.822539
252.246053
269.210963
248.920042
243.666691
242.486042
240.161656
234.417467
237.429872
226.802378
257.941633
239.262061
240.994058
237.152225
234.263987
242.664807
247.295107
242.048077
259.816206
233.460047
241.384363
245.169820
234.812318
238.191699
238.458921
228.114623
230.260939
221.688934
237.509519
218.248479
221.911867
231.718294
206.938174
231.022650
218.242727
212.226645
214.407490
223.537852
232.035963
234.571486
213.952385
236.410977
224.073330
242.045394
233.518758
238.709508
238.133345
235.183056
224.155369
230.226012
222.820423
249.879683
231.804057
233.693357
229.989591
217.644468
217.897479
210.602452
195.381087
228.137180
203.776396
212.168888
211.087331
213.315636
226.612380
216.416456
223.884940
234.818067
227.263536
246.424422
237.864116
227.356855
231.564873
216.538915
219.866967
205.375162
214.490642
217.456225
203.355977
201.376781
210.525611
185.116507
208.760760
178.548681
193.817409
181.939332
180.203154
188.044073
194.352229
196.242836
210.587273
182.412584
213.181578
193.074476
201.699277
189.333981
185.195743
179.819466
175.833861
159.316721
176.813731
155.649653
179.797331
169.259735
168.148661
179.992536
167.758554
166.727288
167.552807
150.947755
167.676158
153.782905
154.584259
164.446580
154.472868
168.234114
155.163927
163.801591
180.509600
155.608887
166.509069
162.376228
140.438237
150.992567
128.274880
147.984903
146.974890
155.929605
159.592492
162.708838
179.201751
196.481524
176.925689
215.714798
200.871147
211.544070
217.567252
218.688970
212.951755
226.426207
221.631102
234.672966
210.706596
236.159175
229.509084
233.521636
236.642338
231.963821
233.050268
225.025448
221.304101
234.815380
216.991525
226.425812
221.777034
226.429654
231.117907
217.223319
220.236717
211.912626
201.410720
203.417091
205.922546
196.820054
212.135198
191.820276
197.067539
177.108294
194.032869
189.065762
191.300154
187.980870
187.210078
175.494190
183.000258
166.224309
191.302580
166.090992
175.127711
177.967953
171.653267
163.600863
167.343793
157.005617
174.652675
163.536949
174.076960
177.995433
189.851868
192.202952
193.626534
196.662114
205.601841
193.813552
199.711628
199.617888
195.938785
204.556273
191.494801
215.195266
209.101783
194.464273
202.096997
207.994018
211.939940
228.240891
202.074005
212.626003
196.542286
207.497129
206.880540
193.364671
198.581569
187.607908
183.241136
194.714929
172.886384
200.494860
171.615021
183.569203
181.027341
181.871975
180.216710
184.901350
175.827667
197.322019
177.220404
201.364860
200.378335
196.023739
203.307500
191.858265
191.879415
206.153208
196.373285
205.246423
183.258147
186.205559
186.013694
174.803603
178.248156
174.931101
164.633554
173.165678
168.743548
174.592166
178.973020
167.733855
183.122799
168.963984
181.106983
169.157157
160.138708
170.754095
171.338241
166.546771
188.027285
177.198380
203.279451
182.150507
211.105317
205.907372
214.409367
216.759061
230.837681
221.571196
245.562793
227.780486
253.489874
248.505902
258.004250
252.230815
240.690766
247.724505
240.791804
239.876698
249.498202
228.581579
236.218411
246.125782
238.906046
241.233341
241.133376
245.611707
244.573585
235.896315
239.859263
243.007744
223.568279
233.853692
201.626679
200.185637
198.565264
203.245252
210.691769
206.953215
202.088206
209.380505
189.601153
212.748892
199.410153
204.443647
212.336472
208.533139
202.641963
217.215982
203.046674
225.440443
206.720057
222.345403
210.017258
203.263516
200.256739
202.032834
193.866109
204.823623
182.257227
196.155086
190.020128
189.687369
193.757197
186.750308
184.795020
192.958345
167.045493
166.459057
156.515444
159.669985
167.145443
146.339944
162.149347
153.342692
153.237116
150.985948
145.217314
151.635316
161.345102
159.981471
174.313346
151.302666
170.558879
174.462105
179.243738
175.852052
174.174538
171.412723
180.880910
159.040763
178.982123
170.673060
182.432327
180.025402
179.916584
181.821077
178.032947
172.308956
185.104402
164.255961
187.313424
170.751140
164.846840
175.397528
161.621372
167.126998
183.592906
169.717215
179.512037
172.941776
157.836854
171.101175
156.940327
176.919286
175.221263
170.884202
184.103940
171.578864
172.127551
182.774277
176.529202
202.461215
172.779984
197.224219
184.663458
184.587460
184.889916
177.935761
162.786640
182.506883
169.667454
192.048762
158.985867
163.054672
168.650699
167.014766
166.673927
179.343676
162.217086
171.273013
154.312542
173.599545
163.848494
170.121724
174.654574
154.746259
162.971059
176.468631
168.982959
180.416412
167.769321
161.248002
190.616643
181.129239
199.584529
197.340014
195.480152
204.876580
203.030490
199.585461
211.028858
194.976640
217.256396
195.032575
197.343475
195.993916
198.448344
200.633894
192.062143
187.682192
186.657205
163.257143
193.643653
167.863827
170.507587
172.032082
165.413368
164.939889
168.877336
141.255671
163.105604
135.283872
154.572821
141.925977
137.038427
148.927600
141.962197
148.183358
147.799491
133.577627
157.285289
135.126224
131.072687
139.655889
121.867684
141.251842
133.849546
126.631929
142.994007
129.325588
148.595729
154.087407
140.224823
158.180306
139.883226
151.597788
150.720225
144.263825
161.570509
154.438045
149.260656
160.318629
132.552573
163.722919
143.391850
154.233310
159.102638
151.519733
153.968510
165.126599
148.958125
168.139640
144.446888
167.975160
168.073564
156.839435
163.761285
161.841208
157.251107
174.940881
159.816033
175.967147
158.968691
174.237649
169.058883
162.223003
186.835279
169.313117
156.591029
171.312315
150.964878
156.214589
152.591433
139.321272
147.040187
135.374077
157.489250
133.164938
140.580945
136.523193
136.088562
134.520642
144.497808
130.727275
164.904087
141.006666
143.008364
136.133115
130.067761
137.566986
139.527336
116.898937
130.843346
101.536224
135.507867
124.768909
127.312254
135.048196
131.195304
118.528407
127.177858
118.499439
146.595115
119.813504
139.023851
145.457544
127.118413
139.609266
118.466930
113.014344
123.229023
103.441473
111.127051
107.098337
110.356243
126.931707
100.692535
124.568221
102.013803
111.848645
124.471925
112.253552
118.601356
117.731773
103.610814
128.974237
100.708325
108.586714
86.729820
85.346873
89.259178
81.187808
85.962631
106.594054
92.086517
114.076895
93.251452
109.695219
115.122978
110.418857
118.958929
128.888804
109.696267
137.305587
122.145796
134.265368
130.445991
119.213700
143.892203
137.603238
139.516259
149.744918
139.839510
150.733190
151.940509
148.388273
155.404137
145.600090
165.344525
154.855265
151.252120
166.184078
158.130609
168.048460
180.293357
165.852977
188.452225
178.058775
192.601935
187.843071
183.860508
179.582036
173.299313
168.565386
179.001739
154.670809
178.426596
152.698285
163.653178
161.178411
161.819313
156.582782
156.942390
141.601824
170.044557
154.871475
170.579591
166.593653
166.820923
176.353224
179.627396
178.058222
184.533628
175.084543
184.716864
173.318255
161.078963
167.129002
152.385077
157.806714
142.198371
138.486120
149.181459
141.151755
142.054402
149.921154
141.106924
156.865425
136.572549
161.318705
147.233738
150.881461
148.339314
146.225860
153.498694
175.355487
150.847741
185.898948
170.752221
170.673740
170.042996
162.725341
162.047460
181.154282
158.893594
191.066662
170.353777
172.414682
168.743161
161.790556
168.943702
164.968820
171.684113
196.510063
186.099089
191.714289
180.815222
184.680550
202.644951
184.577075
196.717859
178.292481
178.831937
185.126590
194.022955
202.520355
200.103800
178.980806
199.019118
172.787112
180.159461
183.705451
186.014316
194.642207
198.745721
203.163567
227.955906
193.858665
216.847907
206.312565
209.131156
212.820107
217.581901
215.190766
222.021322
200.910199
216.006138
203.019702
218.775436
204.524157
200.659633
209.763707
211.712821
201.663651
218.059069
210.852824
233.414646
223.703099
231.499457
231.668710
221.421861
244.122560
239.626209
235.887818
251.307166
235.593602
237.166511
251.376865
248.509112
269.553939
257.937695
270.810395
273.265105
267.535100
281.235409
288.942509
278.852962
307.631796
284.175428
310.715830
301.458217
309.698067
312.402390
309.469740
305.117895
309.110304
287.552723
316.109562
295.098165
312.804551
303.086159
306.410694
317.819456
318.824951
321.560315
331.493123
320.617057
345.814686
333.108146
342.666500
355.583192
336.819855
359.333875
346.677340
348.125437
365.092435
347.779604
352.522414
356.447158
342.078542
357.222549
336.892093
350.889474
353.404890
351.631102
361.054742
358.738239
353.996738
374.041755
349.140147
369.013857
345.925054
354.991011
346.150956
349.002471
355.108937
366.901323
349.216984
368.853577
346.603018
374.022648
355.666605
359.086242
358.055792
353.362596
346.919326
344.866955
330.885554
336.881937
324.905887
327.610358
326.232312
314.638555
321.702599
302.176205
301.927833
302.895816
289.097546
300.476546
285.455067
282.909180
306.024077
293.604884
300.897036
293.191553
301.749253
300.894843
302.381084
301.290705
321.048878
310.844894
331.426117
311.454877
330.765731
334.862438
332.415120
345.548397
346.575510
324.965716
358.780371
337.650264
356.159739
336.213778
340.859037
337.983511
346.410955
338.598736
335.353614
329.172165
348.794844
326.923119
334.282159
329.612942
325.918874
332.242740
323.697737
332.552753
329.671111
316.487618
332.706636
317.594168
303.218165
312.059207
295.059257
306.317749
288.404689
284.340335
289.474514
270.239108
269.363953
288.291200
275.622105
286.213121
277.117144
293.515699
286.082937
292.920243
292.379304
285.673360
278.817969
284.963503
272.526734
293.210043
268.885548
281.556651
264.870304
252.725799
262.354721
261.912064
252.479959
273.774033
256.488514
266.631582
248.614350
253.718961
265.424798
254.764058
256.774575
272.975051
260.170657
278.217034
263.866456
260.879220
252.153853
230.113055
248.049460
226.796869
227.674694
226.704246
219.268453
219.006880
215.138326
212.242073
232.990409
206.978611
230.057927
207.152577
217.374413
215.148869
207.998145
216.191257
224.549986
197.774244
235.275603
211.233402
228.178495
224.870752
222.956307
219.473395
220.002577
204.509050
219.362452
192.103605
218.219455
203.780785
210.548876
215.911036
203.278101
215.351829
225.524643
207.388491
216.174604
206.451351
221.571865
212.993520
210.595417
228.086335
224.229739
229.818317
223.360972
220.114699
226.517539
219.025461
214.170451
217.016570
205.425674
221.796051
205.755737
210.111503
212.477808
220.845195
212.511866
220.600014
195.519200
218.916957
209.252471
229.149017
222.592682
225.215259
216.770759
229.514627
215.434115
223.435186
196.605483
216.305735
205.437496
212.158611
204.124542
198.703175
204.586079
213.916084
192.849523
199.150796
210.536168
215.166341
217.242654
231.059331
239.269816
239.058377
245.623118
251.529013
239.495729
248.558614
245.468679
240.767270
245.585349
236.228863
242.261793
237.623419
240.619600
239.770382
240.921949
234.539360
243.414109
222.957823
248.027185
232.147721
244.443485
228.636044
241.965764
246.808673
252.150988
231.473776
247.835954
228.489231
251.676002
247.055928
241.529553
243.612770
245.564521
251.391635
266.064486
254.405357
279.199090
264.485924
277.269099
273.371541
260.645064
262.809097
267.150861
250.270840
265.585627
258.015075
263.565192
264.390470
246.004457
261.880502
257.316191
261.509616
262.119873
255.869905
256.962307
251.815934
235.874372
260.059699
232.926032
249.357600
238.080697
233.405763
240.498098
233.194856
237.519678
255.923561
232.908573
246.388624
220.030169
233.319212
228.492539
222.869537
212.530041
215.913121
220.817108
228.879838
208.201315
227.890523
215.939909
229.131047
227.784103
210.308629
223.758382
210.594300
217.672305
231.159948
220.814700
221.289464
240.773118
220.131406
230.172002
208.802011
212.140465
212.422614
210.598363
217.712218
226.896355
216.407316
243.806304
217.098333
229.865430
213.092559
218.007208
228.220525
222.920001
214.715473
224.008674
195.273443
212.806502
184.696901
182.512139
189.224153
179.701429
183.315899
190.586953
181.695655
196.654655
177.797856
202.516124
198.445867
191.191731
206.818254
199.344159
200.662493
202.658887
192.727207
216.751805
206.475940
206.996775
209.958835
204.825178
224.164913
203.830163
200.625907
198.956491
187.711453
190.809183
191.771146
188.779769
206.155970
175.358780
185.752724
175.027222
178.863384
181.624605
195.894198
197.596727
200.121072
189.350454
214.478647
194.760837
205.303579
195.642635
196.101591
200.521494
197.748460
189.971107
211.892074
193.365949
219.202662
212.163611
213.673996
219.557426
224.937168
229.728853
239.576732
232.183663
247.538621
231.412429
232.912049
233.302454
224.241707
241.283395
216.977634
231.414213
229.419333
227.074546
243.070972
252.386902
247.698643
259.686461
237.200786
260.916108
245.371695
240.759148
249.509394
244.147755
242.358069
241.867210
216.171551
239.898328
217.647377
236.687115
223.154705
218.883295
224.559067
223.563641
217.795981
232.873596
209.704256
242.724836
222.086192
213.699413
221.508945
216.124706
225.430081
219.899492
209.953788
221.596387
204.270402
231.332987
222.505909
224.617517
236.884815
222.735759
234.813289
218.300980
217.708438
220.149449
209.851657
193.815657
207.080279
186.042726
199.579936
191.427433
194.983725
196.983595
198.121711
199.844661
197.067526
169.409879
198.437586
173.786671
191.232290
177.729548
185.230496
190.892192
184.372388
186.238541
187.488501
165.239767
188.627376
182.125846
196.579662
199.221803
194.333527
212.759277
214.097748
206.239370
227.209518
199.421312
218.021783
214.031167
215.658222
231.133174
213.746187
230.290204
230.791916
230.987492
242.232571
233.679764
255.901540
260.961248
248.110598
282.738352
266.171584
283.104689
282.332521
289.341792
292.681585
303.776059
285.450516
295.252512
272.363326
289.618595
277.323082
281.552395
279.794738
278.092312
271.067931
273.427606
255.577387
279.060950
259.598914
276.990674
260.615823
254.424848
255.128764
241.555476
232.386900
263.685007
244.468174
261.626315
243.702124
237.474946
235.445841
226.450613
226.945844
221.257621
218.456969
211.781227
199.236727
194.201384
202.930917
189.147798
203.897395
185.140614
192.468937
190.701797
180.319307
186.314486
175.874931
162.676191
189.028591
168.002775
191.539041
171.496978
176.491718
178.416242
170.808865
168.697992
175.235583
151.212863
182.528111
145.666395
170.848041
160.952139
159.423350
167.042953
156.482643
151.809190
166.223711
145.926261
160.227350
141.463107
148.158960
161.012701
149.733741
166.307356
165.509734
156.230803
157.813714
150.845012
162.203302
153.970733
145.005083
158.598915
139.304586
153.202192
154.834792
149.433739
152.106413
141.752292
139.598378
143.977514
115.822057
146.154943
135.400833
145.763167
146.608391
144.278297
137.332615
152.618867
141.751707
172.693723
149.601497
149.589743
163.518548
156.025601
173.728697
183.864868
187.042952
205.332585
188.090092
211.540863
200.300257
210.964930
215.688894
208.293446
216.197667
216.735373
204.368162
230.775995
216.345458
210.472541
218.093860
200.135375
206.797575
189.331084
183.119419
177.934528
164.713576
174.171886
179.616308
165.038118
183.916127
166.683586
180.309317
179.363157
181.222464
185.199169
176.424403
171.681708
193.413410
169.068797
202.681488
180.877462
194.017059
190.794546
182.595821
190.904193
195.307700
177.157035
204.581680
194.652264
211.276997
199.197779
198.587284
195.036556
180.389859
177.113617
186.499954
161.377837
180.796114
159.222178
162.725724
172.126822
155.633018
184.879509
165.793758
166.310031
179.067364
160.207817
180.334276
184.741743
166.216782
184.669790
158.263367
168.706367
161.243184
154.744989
155.699484
154.345107
152.785452
168.086249
145.452590
171.637669
151.450563
159.154922
160.319524
148.159101
147.971004
167.573155
154.283566
172.331446
152.428994
168.394786
154.003364
157.322011
162.564086
161.066347
153.672148
169.997535
149.369963
160.450971
150.675510
143.382640
140.970914
126.329134
140.202802
137.394579
141.947966
157.513364
135.775219
150.710734
150.133056
159.743023
181.016922
166.197352
178.769809
168.727527
170.249081
171.099559
169.965352
171.618849
186.400092
179.915199
213.544383
188.930680
209.954022
198.442268
203.565839
207.311211
194.005087
183.348184
191.587959
172.455291
197.039591
174.509620
187.094652
190.276286
170.267516
179.979368
185.920563
172.623923
186.594628
182.865241
201.137943
196.938473
191.920885
217.103501
202.926431
207.384161
200.038480
190.551179
200.573752
188.370365
187.136290
200.541258
179.023429
196.049339
184.642538
190.967495
201.569906
198.664926
202.367652
220.123419
199.564378
219.386240
191.420178
210.369893
207.339772
203.513427
206.359103
206.034002
190.761630
199.956481
181.936513
191.848958
172.161084
185.916155
188.628205
181.752773
187.158445
191.933228
185.869429
197.962090
177.411945
197.307968
192.093317
196.474136
203.255069
191.566100
190.952526
191.419485
185.250618
202.621333
200.962646
201.848350
211.619411
196.008223
217.300503
191.590799
194.416838
193.551804
195.903107
201.229250
209.623960
202.050765
217.875493
201.796962
209.121628
203.317723
206.388124
206.991664
195.739024
193.667368
188.537786
168.158326
195.923627
171.896966
186.732945
174.085485
182.065150
186.416539
175.934444
173.781291
182.730042
171.808224
196.294979
178.153282
192.534872
184.428414
176.947142
194.203562
189.227896
199.972316
208.166741
191.065528
191.309724
204.327910
183.646608
196.776336
185.234054
203.397577
208.640923
206.361914
207.034341
194.379941
191.993148
191.082481
169.428250
186.471174
171.654166
185.608490
184.831471
180.952418
182.192165
183.048101
160.297256
181.724575
153.541169
169.472035
160.076877
169.960994
169.387100
167.730924
165.515371
183.411732
176.293499
201.973551
185.164136
195.631041
186.658083
186.879441
201.747613
198.807281
193.790907
195.880622
189.543929
194.501932
191.835862
182.842599
208.636690
191.249734
207.337684
198.222557
199.202030
204.239565
195.623210
188.849060
213.526907
192.959882
218.693927
200.373119
215.941494
211.836510
207.978459
206.260807
206.331347
199.063703
215.379843
201.209394
205.001116
193.363447
205.037887
191.649041
191.101902
190.901930
196.318603
190.475700
191.137882
182.997272
195.754650
194.131247
200.287528
199.182271
194.074927
187.041199
202.648276
192.566249
200.471887
215.743781
214.646884
227.486736
219.000085
226.699053
222.692157
217.282390
216.878528
218.315127
207.500019
215.457474
198.547371
221.466480
210.844862
214.521087
207.539682
208.182495
188.090037
201.463257
176.464921
183.939442
162.123654
172.218542
166.191681
167.188920
166.424150
171.644145
154.614504
172.360699
160.524643
180.102564
172.900456
179.805894
176.523819
176.120308
169.276032
188.793856
167.412323
181.989097
164.087785
159.607988
163.713402
152.821034
167.590278
160.432603
156.807206
158.233662
148.627376
157.462868
155.519474
146.318952
153.088482
133.930344
153.739842
137.794432
132.955494
135.678504
129.657475
133.996483
151.062996
118.595861
143.308577
131.284472
145.530369
145.519120
146.119035
145.683551
151.733559
125.955359
140.901446
120.501880
139.199121
134.137923
125.345029
119.784011
119.052381
119.854741
117.636713
114.987151
124.776596
105.998654
110.766482
119.513563
101.046718
115.446211
99.975781
102.649023
112.565082
97.571070
112.265406
108.707634
93.970046
122.160824
94.380220
107.297086
98.711009
87.875515
85.837312
77.067823
54.495834
61.974458
38.538966
63.176891
36.428844
40.059407
47.285438
41.104949
34.020021
32.686957
30.232068
46.058647
15.985323
43.564478
41.438238
37.320613
46.653393
45.667802
34.461963
39.365529
38.702393
52.032068
40.066477
49.588504
51.517668
47.662583
55.010726
54.448792
48.768081
60.297234
54.572371
72.076703
77.354276
64.401962
83.174545
67.971239
78.689725
79.336615
86.160231
84.625932
88.742591
92.428218
108.294011
97.706165
126.409636
107.000633
122.692934
120.647516
117.312082
120.387743
136.792206
119.992472
148.964362
122.664818
152.237326
145.062959
149.108070
145.130669
131.187771
131.319845
136.818653
119.863551
139.338399
120.255656
140.543075
141.626175
131.671835
136.717230
129.892778
142.980841
141.072031
128.566320
136.033923
127.593921
114.336345
128.640787
125.597324
147.609487
144.350101
141.999209
146.872138
144.055363
151.984713
161.763966
146.502628
162.846871
147.906176
160.505105
151.311305
142.697505
149.656624
155.198515
148.978645
155.353811
130.075002
172.290461
160.455456
163.800216
177.359667
164.314542
164.943745
165.815530
145.888376
173.024937
150.310414
173.073910
168.131611
172.624461
183.058165
186.384173
191.123941
196.178203
182.945501
197.582329
193.011684
193.654451
202.540874
173.135014
195.138678
171.411355
179.519305
186.126384
183.531686
193.505808
211.648411
195.794602
221.543327
202.584067
215.575918
208.484538
212.456544
204.294358
195.350263
192.960688
205.654163
181.110453
209.405596
182.198721
184.672720
195.138223
182.272247
182.649331
183.748498
178.036301
197.626858
186.381007
206.830012
194.189369
210.478988
217.383433
202.366721
217.547658
209.889669
203.431956
226.997212
208.628316
200.866041
191.317689
176.048806
200.583863
191.832835
180.073208
181.650407
162.324981
176.355160
166.745489
158.281942
173.026879
139.938697
162.721887
161.251502
174.173346
174.245056
178.027046
177.066768
190.460744
166.221468
184.354307
155.574772
159.996208
137.884204
132.275366
121.007300
120.736850
112.416915
137.649422
113.735036
131.467347
132.601373
141.879180
147.571744
142.330644
150.388939
147.862754
129.066869
156.896375
147.060302
162.384907
164.817607
154.550003
168.098547
157.943306
160.337035
169.157328
161.841427
167.065509
166.525801
161.236441
180.676702
159.630551
175.569914
163.584007
166.798522
172.385487
174.822865
178.586219
203.319352
184.613583
215.992348
197.766991
204.204176
203.166130
196.849829
197.672838
211.265149
208.307164
237.293287
213.717413
225.763479
220.053814
220.935227
231.371379
230.606981
220.960406
236.454306
225.736045
245.041897
223.200458
216.619905
225.059766
207.587389
215.134349
205.291793
204.450296
208.061182
194.435395
209.153496
210.095824
198.900313
218.832224
211.323316
232.552034
228.394190
239.082081
246.045546
241.418041
232.643477
257.156333
233.534039
244.697376
239.203736
246.960063
242.736584
246.239832
235.525662
248.118546
232.610812
242.529058
229.828814
250.828663
247.239776
242.107793
243.693360
247.855317
239.505245
246.191643
228.874904
242.342963
225.601599
228.428593
224.587281
212.910534
223.568251
222.681097
219.326694
234.135825
210.414997
215.309701
210.725493
201.174782
223.254613
210.774114
212.008335
212.005140
202.005699
216.260060
216.564466
204.739967
207.531782
179.560616
199.948644
180.016953
180.981025
182.762349
187.916465
189.607361
190.540847
173.295016
205.147380
175.710764
192.882691
186.024925
189.457895
190.277067
187.248628
189.922802
192.954448
167.445898
188.003577
166.738311
189.931288
197.317340
194.065654
187.484813
188.379844
179.499575
188.343582
187.312016
207.707075
216.132889
230.053188
235.376789
214.726785
231.223662
215.025050
212.332287
216.271790
219.684403
217.252592
224.845026
216.273728
240.384658
227.721944
234.294097
222.257345
215.699431
220.641561
226.769145
213.455947
219.503816
202.497891
212.376966
194.519037
195.987460
201.934125
195.870546
192.408041
193.226663
170.800588
202.825518
178.337102
188.721179
184.698317
177.860104
196.461712
177.696129
174.763587
191.655439
168.858580
189.196442
180.214834
186.063436
194.523569
190.087573
196.078413
199.893137
197.034236
198.122206
200.119349
206.032732
212.362895
202.853902
222.468576
205.385215
214.483427
195.766416
192.725991
193.900586
188.116479
184.975016
186.152198
161.481838
182.884935
160.447402
163.943945
157.793245
157.416767
158.686696
161.957143
146.814180
165.352829
137.966242
155.436783
137.631579
147.109958
146.494862
135.688839
143.384347
132.071529
126.768825
131.224479
129.829065
151.778900
140.134970
134.017153
146.378574
134.135340
144.621086
138.774331
135.001171
141.555483
138.624040
132.620938
144.931821
118.894397
146.080185
130.258080
136.110462
148.427350
141.686718
140.468190
133.510246
122.820550
144.045748
122.110938
132.581124
125.129170
129.763250
124.904565
122.979313
111.979167
122.120935
95.797920
109.010483
85.303640
92.610174
81.845613
82.992393
91.695429
96.910231
83.329141
92.751357
71.445963
73.378592
84.258383
76.124935
82.839992
74.729773
81.027222
87.857887
81.744701
98.298326
92.531437
81.930559
104.716927
82.300919
99.466202
90.547512
101.709035
102.009218
103.967340
92.755628
108.151570
87.813349
106.333650
80.702744
85.084564
77.104784
75.066053
70.293657
67.816896
73.204158
92.519686
65.150012
82.457552
78.522732
81.698330
86.688503
75.877685
79.071229
81.874205
74.709493
84.696970
77.571782
83.004417
90.140609
81.286599
83.759303
94.347061
75.426620
90.069605
64.199474
77.411479
79.158989
67.486030
81.804489
61.320200
66.625398
44.064475
42.451601
46.111118
57.115927
43.541885
62.073926
31.156303
49.131974
35.788205
35.452855
38.213843
25.516261
23.112830
38.746016
16.112645
46.005705
19.007474
40.430207
30.091549
32.086259
39.874327
40.913319
36.750751
46.362044
23.969816
37.609698
27.558448
29.508079
27.386533
26.865808
30.734342
31.367377
13.056873
29.174925
27.863941
28.349583
32.002614
25.942269
44.466520
40.524042
56.541259
60.915834
50.031521
60.947699
59.718252
58.337671
75.059889
56.794958
75.193768
67.068160
79.057916
70.193832
74.203455
68.586568
89.014896
78.196424
102.463833
85.574427
102.967148
91.277535
102.440434
101.214646
101.802184
93.332480
107.094800
85.219688
103.422367
90.254228
82.754250
84.294031
72.798703
86.192884
90.148051
74.069259
98.691047
87.252810
99.789965
103.684105
90.583531
103.408430
83.017581
83.855945
83.991328
73.853726
83.050416
82.027282
81.866157
94.387833
67.547809
86.336304
80.884963
92.125667
99.306496
99.925749
92.193083
99.153140
73.236838
101.998004
84.748835
98.066550
95.648516
97.342195
107.857162
109.035871
123.754749
132.311446
107.909278
128.595271
108.569408
107.329471
99.247477
99.564246
113.897721
105.859900
94.248989
105.640492
94.300480
105.614544
108.741046
109.501187
116.152109
99.841533
107.097348
117.834275
110.530082
121.081504
121.888501
114.690760
122.070536
106.810628
127.366320
107.647769
118.679718
123.198555
107.027132
112.088969
114.270988
117.919449
128.657208
99.840169
137.551389
120.672616
118.875436
114.521718
109.634707
105.137397
108.042784
91.965444
118.424878
98.630064
111.738807
100.390630
105.612740
110.137360
106.024943
102.193908
117.993294
96.139263
107.080733
99.284864
87.218205
101.030223
93.309014
97.320327
106.514068
94.703283
91.265950
81.732511
79.282525
87.371792
69.376353
84.916709
68.521956
81.536037
92.979429
101.189629
108.877601
113.667318
109.448725
128.420588
107.060380
139.653081
132.532178
135.027681
123.210423
124.039663
114.195590
121.685157
95.402690
122.699029
96.764184
108.896890
102.999855
90.464314
90.599018
89.604015
84.108950
95.128357
78.352147
99.708388
81.699223
84.655237
100.540350
84.085570
86.604043
89.484246
87.824792
95.320630
92.088623
102.312478
106.497281
93.145413
107.300169
91.895040
97.560575
103.308240
105.708840
111.252955
110.084511
90.956536
112.299206
102.126233
122.910513
119.652344
126.308749
138.067646
143.721049
139.799940
172.952079
143.027170
153.552374
133.590202
142.640066
139.746608
136.212778
135.674426
141.401796
138.552240
151.137421
132.200395
155.947420
146.365703
156.127726
164.265776
153.682393
155.020037
152.377402
145.245820
166.187133
140.438194
136.343978
140.574123
122.472906
148.366235
132.294156
137.363917
138.841118
117.968077
121.384383
134.155247
122.072667
138.223416
118.571534
137.269795
126.310530
122.060357
126.079226
126.149352
115.265096
131.886807
100.633976
125.409179
108.438415
110.565032
110.393723
105.430533
99.303856
102.280248
94.695859
107.796691
76.677286
93.137621
79.312464
74.920268
74.967007
71.570555
75.267938
80.908377
67.333301
74.242923
50.181105
44.551858
60.619749
44.317825
62.841159
55.407340
53.658022
50.769484
52.687324
52.121870
61.488373
56.486420
75.617066
32.696072
44.353635
28.330471
21.694921
35.759619
38.047989
40.303588
59.475596
39.427780
73.300501
52.724957
68.144460
60.922894
55.044145
56.496600
63.584867
46.763033
60.183017
52.620987
68.785760
73.269951
61.147978
65.820188
66.367175
80.700904
97.084768
76.837177
90.488469
89.662337
98.048688
111.231099
86.718681
114.018195
99.607245
102.863806
106.876780
99.613792
103.994261
103.895329
100.065599
123.710387
111.719530
110.667197
86.803378
83.797555
82.858212
96.255281
97.021270
107.300812
82.500163
103.469374
95.138777
116.482273
105.337527
107.623467
113.621095
117.719881
120.570350
141.461281
123.197453
152.355150
150.550851
165.556200
174.606673
171.703137
172.384281
187.198077
173.974169
189.502345
175.250895
178.009580
177.177573
172.540219
187.002050
173.755030
178.032872
180.425631
169.776559
175.659627
176.512213
159.646440
167.090263
151.609232
169.059694
147.555506
155.436515
151.221960
147.934283
138.904978
149.303523
134.927961
153.893762
128.580902
150.781903
146.130234
149.131079
146.888256
142.694888
144.515289
165.150410
139.546321
172.174660
157.236076
164.508879
170.320488
164.508221
177.914436
185.166007
178.138944
187.711511
167.570589
176.123428
177.429000
168.423273
182.234933
161.139425
165.193308
161.085005
156.426014
162.695696
152.349824
156.169225
169.588432
157.147299
161.196668
144.656648
150.646460
146.975397
155.245625
148.311239
154.320121
146.291526
163.448812
146.813305
174.317018
152.765197
174.249660
163.340260
153.644873
150.160581
156.638315
136.587533
148.023754
112.985620
136.860638
135.836842
130.971420
139.770844
143.147923
141.021899
157.771149
152.837636
169.800941
157.222119
166.921557
171.243308
152.435981
170.493411
169.851044
168.541920
176.250018
158.092215
162.913672
160.697812
146.932212
157.726893
142.552089
152.158490
143.126251
150.792946
154.039508
153.385995
155.415314
175.870156
159.983746
182.598571
169.461603
192.784807
194.167573
191.110286
188.499163
205.070696
201.273019
231.072213
213.651837
218.402222
216.216531
213.179567
224.527800
236.208293
233.836621
248.382469
236.212301
255.557315
234.891673
253.162790
256.566505
254.769546
262.985936
260.240658
252.116172
255.925397
246.576668
234.464026
229.173406
220.560606
232.023467
213.046492
210.266339
202.062513
201.284391
195.716840
212.199722
192.122491
200.351374
182.052386
193.589565
180.756073
184.355799
178.015626
187.603482
168.458265
181.479605
164.321357
183.646078
172.558259
169.398738
170.298362
173.416938
160.714791
161.677315
152.109585
159.862725
141.963058
156.299098
157.551853
150.320676
145.379509
149.427524
142.309398
149.087838
127.063930
135.548782
125.113574
119.331977
119.370818
116.318065
131.935560
116.887186
111.623581
111.071484
105.780251
94.771442
105.373093
78.714738
95.429657
78.140887
95.201339
88.938422
89.169275
99.680490
95.179843
86.110833
111.052354
99.675850
121.676950
111.875533
122.076428
121.562868
124.721647
115.402456
136.135653
134.488395
165.543046
146.254551
162.412808
161.300057
151.494767
169.762460
177.530364
189.965188
193.655878
188.428495
204.392015
204.383872
198.285489
212.012318
186.407454
201.086674
195.854114
194.545981
206.161508
186.318027
190.614088
190.438565
179.386309
201.718725
187.744116
200.037860
203.732877
192.300881
199.103775
195.520207
188.068659
208.374934
173.738495
192.304313
182.383092
195.667387
190.124943
193.759377
185.672605
188.941985
180.685002
206.167789
184.794567
215.018922
203.073612
208.486598
217.342499
207.509844
207.911007
223.237575
205.569262
226.114047
199.642475
194.543833
204.929945
195.414144
208.252789
195.287647
193.031260
191.598587
192.514479
186.152791
172.545402
172.942506
193.813566
169.146649
187.079890
181.679045
173.082481
173.780396
177.067473
168.662189
178.443403
143.885675
168.272345
144.098016
150.305679
141.976463
146.269851
138.064458
134.400634
118.616517
138.878749
109.188939
117.178540
117.900173
125.152228
131.894823
130.738755
129.693799
119.844609
103.673348
114.725839
99.749341
114.074938
119.261230
101.302541
109.367021
112.092503
123.832744
123.702330
114.678143
130.011945
136.468622
116.551510
128.637150
119.031468
138.083424
133.999579
148.542929
162.525605
150.704897
152.677163
169.819273
151.418148
177.987012
158.004665
177.821022
174.930414
177.864892
191.513764
191.289433
189.652176
206.547568
171.224318
205.817371
198.053859
196.955504
198.222306
198.880802
206.335122
206.525233
196.114599
211.980501
186.868693
205.907540
203.105537
196.077529
202.426359
185.281212
198.312941
200.541463
192.066721
212.361627
201.861146
202.758329
222.414704
200.710589
219.590089
196.294844
188.158566
200.404008
188.803360
186.723700
197.082293
185.617777
207.237931
205.305084
222.177912
218.548713
229.210981
233.928893
239.238794
227.427963
258.164545
228.874711
252.771131
232.808069
235.885408
227.850314
229.083064
232.006859
227.892732
220.860825
237.594567
211.396082
217.962921
216.737713
219.078092
226.843840
224.849789
219.183673
232.029698
204.365197
219.549799
208.835303
200.903357
220.259769
184.681842
205.066108
196.986823
195.923788
205.670144
207.801739
218.223318
226.076774
190.845232
209.638621
187.389864
191.593531
193.741230
183.265564
184.609436
191.747777
161.633592
175.491057
149.384949
156.300743
135.972569
142.333062
151.547716
138.603982
139.103153
141.019550
125.405975
142.939296
128.808163
141.429864
131.329769
124.953611
125.489690
121.448189
117.226782
110.415862
104.836417
112.722101
114.853476
97.512852
108.490729
104.730572
118.171777
109.467262
101.238305
113.740319
107.165317
98.701842
103.472809
95.119593
109.391593
82.971205
103.358235
109.615519
108.846898
108.544855
108.026740
104.513710
128.766663
101.666925
120.184131
105.954233
127.621849
127.150405
129.044906
135.200375
144.006288
127.044399
135.227400
118.892571
131.872225
117.324569
119.845027
121.054033
124.611246
112.147651
120.608165
112.884757
131.640310
123.367846
133.238143
150.483547
145.940239
165.189657
159.222881
154.425184
168.647035
169.704595
163.635420
165.195773
157.804189
167.378939
131.666277
160.083533
134.888066
134.978182
133.338098
130.421880
117.202455
128.643593
110.986889
127.576755
105.323584
119.360479
126.394803
118.619745
117.506203
117.793887
111.370461
131.616498
116.777886
134.008258
135.202319
150.962931
146.229841
136.489872
137.933071
133.209639
123.029125
145.699010
140.962640
139.316744
144.116890
130.444596
139.037631
120.694931
125.572960
117.725850
101.757402
117.536471
110.160701
105.152250
118.609309
100.218249
114.814735
94.403569
107.881406
98.677885
86.594752
76.691912
79.836801
62.575269
71.281328
55.942270
72.108981
62.607041
69.282653
64.648747
69.113224
56.461955
58.362763
37.727086
44.191974
41.215519
36.502438
26.666750
20.341558
23.863237
28.357351
14.555685
31.707110
15.358798
34.974367
28.478668
22.007441
41.649537
34.549020
28.837615
27.600209
23.906758
30.931996
30.872913
28.131240
38.348723
34.986124
49.188571
43.647876
48.297755
47.978223
49.485493
40.390647
40.474602
33.042079
42.128560
20.138629
39.522485
26.777055
30.157147
20.275025
37.965724
31.175535
41.660983
26.543351
41.661060
29.766975
37.549333
43.130177
42.780876
42.888775
53.617451
39.389716
54.268186
44.232551
53.233939
65.452257
58.854346
64.699989
72.521019
56.106844
62.708069
57.196768
61.500220
69.333999
54.247655
59.894790
44.983747
53.681472
62.128053
52.923522
59.800844
50.255923
41.225562
59.277994
46.445016
65.482822
54.835888
62.673345
63.444600
74.945246
74.888143
84.606372
68.062502
98.961892
87.838838
99.148697
88.814226
92.526030
103.911630
88.688244
77.764449
90.375164
74.168386
81.825816
79.716777
72.343490
81.892990
65.986069
59.283970
76.619645
58.245905
64.484904
47.774546
58.094928
53.190587
33.738591
54.389735
40.551326
44.450620
55.458162
46.330912
43.324362
40.643975
28.985958
40.111300
17.400043
37.992846
18.983893
23.782792
13.729223
11.370824
7.462406
27.401342
2.960129
26.569119
9.814280
24.544465
17.191332
26.900660
47.960069
47.107623
46.918158
70.532213
53.472463
77.340543
74.097996
71.770390
70.712831
61.380276
86.595983
85.853340
68.048180
96.273892
73.688626
89.346856
94.134293
78.012449
95.262955
89.693964
109.802588
103.615310
101.696529
113.125758
106.845608
94.683355
112.241789
86.560457
98.561890
78.129293
88.441477
86.995408
72.976310
89.873902
99.363662
73.292744
99.240974
72.955126
95.836387
77.650089
70.101267
73.232204
61.919056
59.218493
61.332223
41.835668
79.128490
66.502197
82.696843
92.238501
92.600869
84.345160
85.951694
74.233526
88.684467
59.820904
65.673498
58.389448
51.191447
59.760667
45.461478
54.690741
48.113975
50.931336
56.046687
55.724497
54.168986
61.108732
28.689134
54.468039
40.354824
48.611684
40.261571
38.762901
33.475015
21.553370
22.969171
46.643773
27.691920
51.894098
29.080824
44.545071
43.722192
41.437953
45.542850
55.662647
29.650199
49.432847
23.346017
23.168117
33.661186
26.215390
36.292042
42.152428
48.225320
73.486751
49.272974
78.683823
70.392522
67.344387
76.025147
68.642972
80.188244
83.150658
86.804821
96.664097
103.834345
87.004807
108.333251
88.309389
108.506508
94.622827
98.450346
99.992784
102.154971
109.550220
118.628240
100.603085
125.233226
106.717087
123.722958
113.359369
113.185007
114.650440
116.396203
98.956517
114.189789
103.147159
122.390448
110.501806
118.138309
119.993388
113.572346
117.481452
127.079928
111.803034
132.560577
105.405808
113.635038
117.275241
118.078740
122.416587
105.579497
109.370443
119.181140
106.376819
123.512070
119.266580
126.271073
137.786166
124.706517
142.395461
119.337052
128.822376
127.339415
128.002700
130.539415
122.334131
114.861414
126.535312
101.277074
120.199991
100.850625
103.293617
98.766997
96.809305
85.176233
102.186927
82.585827
101.692404
72.952133
82.026516
69.929868
71.744102
67.291872
63.734791
48.119216
69.984750
44.729679
62.912633
55.693346
54.543604
69.206987
53.562386
62.701893
72.637818
69.813753
82.869763
71.088331
65.817787
54.937400
36.763453
47.546404
32.274703
40.407145
33.215768
37.235773
32.439929
42.671367
33.312123
54.202015
29.175341
54.247968
47.946335
48.187648
43.636432
44.507300
40.000517
55.856980
29.629477
63.050420
38.834716
42.752414
49.368734
41.080113
47.821249
50.784134
29.208354
41.381893
20.435239
50.351614
48.013517
43.425839
52.352737
42.522251
43.555525
50.456223
45.396804
53.890149
50.354510
53.817899
59.538517
55.189938
77.535348
59.238222
63.574471
69.202246
58.175706
53.438601
50.248410
40.147410
58.525745
33.882514
46.351697
31.352693
32.668614
31.635127
36.402041
44.053858
55.473607
47.509556
76.900059
63.964425
73.734025
61.924828
63.529706
74.526612
73.460350
68.206508
87.144407
51.289606
70.228555
71.329551
78.639398
91.779055
84.351289
95.407046
95.267196
89.239861
113.224319
97.575897
99.420227
92.917946
76.554341
75.141165
55.556580
76.586554
77.795880
72.603191
69.671402
66.002799
64.187126
87.396246
76.803731
94.119600
81.768916
95.288940
95.635165
83.017859
87.710158
109.825428
79.228661
110.525817
91.829684
109.513110
103.041975
103.507802
119.345271
113.506676
118.268575
122.095489
111.340693
141.697801
118.919539
125.057362
138.556914
134.700524
134.224751
136.065937
129.935890
141.277882
130.475470
135.160438
134.604823
123.763505
131.098869
124.199931
143.667563
131.947113
127.504763
130.420125
123.160444
121.407664
119.060722
100.856198
118.099463
104.080823
118.013669
111.171898
121.135511
115.801791
117.497020
104.173145
123.059084
111.045110
128.998634
109.233960
129.625476
122.190499
116.386834
111.437759
125.078316
112.264545
134.144431
111.648944
129.972850
118.119753
98.838259
98.391646
95.417581
88.410515
99.212621
86.476414
94.039196
79.944307
91.983364
93.946251
79.467515
93.381681
85.217866
87.076520
85.333740
88.441905
100.216733
107.802055
107.169785
133.632551
125.955723
151.473871
145.880838
153.223467
158.775852
164.398673
147.406338
173.136061
143.104691
154.783521
137.774560
142.719584
133.831018
125.547133
130.655481
138.885784
115.236991
125.046100
117.519499
119.522570
103.873616
117.018553
125.570081
128.043733
117.326474
136.858080
121.611149
143.266472
130.819139
130.662892
130.894348
128.276247
125.729027
125.780948
119.844850
130.787377
134.775291
123.975763
139.187432
125.376509
141.940585
132.414927
149.661053
146.496466
146.613953
145.475689
158.623708
144.453850
153.154154
138.174452
150.811759
147.663667
144.688132
139.219045
143.101000
128.008813
152.262504
142.244741
151.722034
144.965467
160.542790
154.040784
159.770783
164.614115
168.386237
156.843665
166.259424
152.677977
167.228262
164.606616
165.555349
176.658539
171.778256
172.148011
176.364928
158.367465
161.258859
155.354579
150.402125
162.902850
139.462483
141.598290
141.740847
127.398556
130.341665
127.916929
126.611890
133.197148
118.994737
140.923628
122.502786
141.881243
124.007557
121.843080
119.285021
123.642929
104.929698
122.082970
105.234233
131.619862
115.266791
118.317630
130.495527
123.127567
106.704744
120.285181
111.570280
120.124402
109.825064
116.204344
120.259006
109.081854
117.717228
108.636056
107.396671
115.257786
103.594072
107.075544
90.420640
87.646311
101.562005
83.172921
98.483551
100.383557
92.270249
101.890975
102.439811
108.718436
113.440502
90.883692
116.469394
98.610297
126.200363
119.967764
116.504273
116.381468
105.157088
99.618698
114.549683
87.490265
112.095058
92.013668
108.619161
106.990267
110.120520
101.031662
117.870555
108.373513
128.536230
111.029597
126.405641
126.152409
116.002676
128.011219
123.793132
115.690870
130.789785
111.789550
132.886019
122.619536
120.283070
133.922697
119.883767
141.831484
127.212024
134.970129
147.906180
127.598006
140.591149
144.510607
124.086698
158.944955
131.824586
157.733765
145.385177
137.965534
143.027138
138.727946
125.991666
138.974025
120.923364
146.314604
122.041357
129.567342
135.883475
141.765580
132.930474
136.603866
123.387474
140.621997
119.843181
139.857717
133.956772
132.096405
140.117909
136.197699
135.016085
149.085725
125.628070
138.304933
128.802702
127.440846
138.892791
117.819582
144.881181
141.738990
135.540679
147.621639
136.066145
141.445148
131.413230
124.146192
149.307587
130.530047
138.741758
134.964623
136.547115
147.634863
142.546761
132.580485
159.529543
137.816476
158.000418
132.929096
143.035663
149.277943
145.337174
143.541980
156.578984
149.495158
168.115123
135.017858
162.620183
133.031245
137.397894
140.935595
129.260227
126.715138
140.273324
134.424013
155.643790
132.897994
148.200164
159.436251
145.474865
163.951550
155.558173
162.860912
170.433504
164.205720
172.383870
169.704842
168.989822
181.276605
166.928616
200.249082
197.756749
191.410998
207.570163
199.319411
197.992492
196.237045
172.306474
193.545459
162.141311
183.591558
173.067893
166.634191
176.485121
171.119383
149.847161
167.250905
145.603673
171.625220
164.644558
162.462803
160.359715
148.814560
158.176372
163.716265
146.440598
165.538198
164.201023
169.415917
173.060222
161.820984
173.928430
161.372069
158.494337
174.442036
172.078753
181.320839
170.673087
165.674057
187.606889
172.418073
188.083772
180.107980
174.755376
185.936967
175.317727
177.103188
184.364250
153.615659
177.528782
148.025378
152.069048
157.944562
149.056262
146.598938
158.027405
141.744110
164.858672
132.491424
150.155637
137.824872
140.794474
145.137200
131.726140
142.884741
151.380574
127.046625
142.473515
116.184964
111.679879
114.262724
109.127919
115.819211
108.907424
109.780078
123.995101
121.465719
140.444604
140.308721
141.712197
157.017616
138.433996
135.796652
145.491478
138.534562
143.642087
148.531768
141.284877
153.140719
126.405594
160.247773
139.198209
151.028866
159.799591
153.305793
142.674076
144.591860
124.975003
142.588354
120.149561
126.549772
116.069770
116.992027
123.763360
125.555967
118.557131
128.090790
102.258989
123.765058
101.485664
107.559411
97.665778
78.895769
96.098748
88.280378
73.450918
92.764200
67.587609
85.628342
76.191318
59.299093
78.352449
73.347539
83.622022
79.710567
69.944267
76.371385
60.278901
71.642168
74.417064
54.665069
66.760338
53.876079
81.950749
68.589823
76.918451
85.429791
86.407801
68.599445
85.123130
59.164981
88.836949
76.548462
81.016390
99.686654
94.984767
98.785132
104.823430
84.356471
111.123722
84.879118
90.984651
83.421485
82.401435
90.849447
85.274046
90.582072
86.490440
81.641761
90.857704
83.059014
82.546838
79.363705
66.918492
68.296166
59.835939
64.086485
69.412694
70.535544
73.101357
79.144363
65.498298
84.697513
69.865419
75.466267
79.340719
82.952524
92.283143
84.465777
93.212620
104.337823
90.367617
111.404741
85.728671
101.354030
98.691336
97.437148
83.877516
100.063814
77.463619
95.354305
79.792698
93.058712
92.911936
89.533994
84.653850
86.831696
83.801107
81.950652
84.139002
75.812577
74.734248
83.435869
82.572938
74.750397
85.215829
88.187611
98.292482
92.424706
88.042971
98.426138
106.500964
93.749727
94.841810
81.095416
103.472963
77.294281
90.538896
91.624764
83.077448
82.804357
82.097773
70.065045
97.101626
81.246529
94.885981
83.885724
74.154083
62.950744
61.047703
48.252114
58.820290
42.479624
54.247659
38.112134
43.433459
39.949883
32.210268
35.285736
36.318452
14.232206
33.335239
9.574931
23.214559
24.857234
26.252394
29.961395
9.061379
17.182845
25.994189
21.720387
42.009036
40.567159
35.891839
59.281012
45.362408
60.020580
44.222048
54.006047
53.037500
62.406975
66.561046
84.212103
85.456613
97.146067
89.440305
110.065927
102.061748
113.660555
100.510879
106.423715
95.107447
126.652792
114.072834
132.392452
123.310196
129.917506
129.116987
127.917183
126.168685
140.523293
129.446651
153.348122
135.728298
145.763334
141.062495
135.317704
140.815123
128.525640
133.175638
142.632450
142.371875
139.364275
128.573543
127.812309
144.519565
139.281982
157.101878
152.428078
146.451906
148.789271
149.382663
142.703440
146.017124
124.643787
152.646791
132.872730
135.925056
134.822241
139.647176
122.886450
128.710673
109.954880
125.816762
102.041866
126.253470
119.021034
125.954687
125.830392
128.411359
129.075619
145.369521
129.277121
154.777979
135.158533
128.021147
135.490786
125.755628
126.133132
118.844369
116.457399
127.819756
106.207019
107.110232
117.531969
94.002806
98.278702
92.138242
90.211847
92.140508
87.029898
98.368165
101.269629
82.916127
106.532578
79.694692
115.831654
101.385591
105.711070
104.311408
103.949465
93.986442
116.459743
101.315649
121.720234
93.006839
115.915361
110.249781
116.644225
120.666956
124.130014
121.553115
145.166783
128.603683
148.088840
133.870433
134.139551
148.655089
137.921674
136.697311
135.020798
129.303221
134.960112
123.635330
128.198850
126.328597
119.176863
123.519953
108.190147
112.091725
119.955193
109.529847
119.244224
119.766754
95.998555
119.232495
94.054295
113.092248
100.374307
108.488225
114.288348
120.884054
116.188059
133.720281
120.628497
144.440085
117.424744
135.714067
124.532682
121.467104
133.571787
133.267386
130.794076
144.073315
126.693982
145.455244
134.325327
139.134780
150.521855
150.201938
162.658228
168.354134
147.531971
168.245836
151.933361
162.724283
160.840949
142.448181
161.604147
148.281498
153.807629
170.220427
150.432429
160.666755
157.864530
144.524612
151.880386
131.960346
152.417764
135.472615
140.500689
142.667292
146.266492
145.990398
153.989315
137.637788
156.927966
134.722687
168.983557
163.876343
163.086069
171.855799
170.133047
146.090446
167.943933
133.290999
152.287730
137.976537
165.247298
173.886327
154.912500
172.999708
168.448114
177.958282
176.364338
164.520390
170.749501
166.906264
159.334399
165.792868
150.171576
151.819624
155.212548
147.502047
163.540984
145.894545
152.029401
169.192294
158.009038
176.064887
152.981692
161.515132
158.315197
147.905116
157.059746
155.174351
148.763201
182.289750
158.300960
186.366952
174.101815
194.681163
198.168979
187.485917
196.164868
205.194019
190.197958
206.849066
182.779605
196.975643
181.152835
180.507522
188.913782
192.341302
191.548925
210.284973
195.319420
213.468974
206.640899
204.745721
209.030703
203.193513
218.374797
218.780395
199.892362
201.305830
183.185680
192.548825
190.460684
183.272155
201.029519
164.096614
193.097083
185.096142
177.249441
189.657208
194.713120
184.847615
207.257638
189.074828
192.377484
177.135529
190.812743
177.366395
159.473720
163.810470
168.602997
144.030313
166.743020
159.694771
177.931121
181.516404
178.842199
192.288573
197.761432
177.247771
198.975746
183.859682
203.206169
192.298446
208.995512
215.818905
204.503963
226.440821
214.099307
205.550284
211.433339
202.173175
200.431099
205.323351
194.294567
205.016880
188.328602
194.491980
188.274344
173.866201
176.568384
178.941658
170.594877
191.721632
181.711316
204.415114
184.339892
191.115563
174.855850
179.658814
182.622073
184.883145
160.899409
178.348371
159.927520
179.975409
170.682251
162.361921
168.485478
165.905796
154.234300
165.436618
128.752403
154.766876
147.255455
142.303803
159.232618
150.116931
152.599106
157.445058
143.392610
164.814169
162.402812
167.865216
174.436304
158.702596
182.068041
167.963810
162.261086
154.070522
146.838116
139.846289
148.989446
126.726195
136.850445
118.222653
128.312366
121.937613
105.095358
108.299200
124.024936
123.174286
147.700278
128.380803
146.170425
128.687423
144.583258
143.393555
146.568374
149.504025
152.334193
148.129335
174.014893
150.212217
171.606476
158.025905
167.524388
175.342940
163.653518
159.658337
160.842682
137.566753
142.961534
139.926954
144.786701
146.592569
131.058714
142.340627
127.368251
130.613155
144.793075
137.093090
135.453758
138.618871
121.243265
143.525311
123.171167
148.186678
137.862667
146.995014
143.734988
140.202136
131.817385
149.487501
121.634659
143.383549
127.324309
141.959258
142.862647
140.565272
140.080208
142.241238
129.942294
135.510166
116.719022
125.198430
115.351565
108.167587
118.870763
111.433245
108.396991
110.498718
93.526968
113.411112
83.072615
104.111529
97.449595
81.171357
93.739724
79.716582
87.620773
90.136473
93.596430
98.397561
87.374612
94.054589
110.614258
88.955596
117.011534
107.601297
115.063654
105.306584
103.250108
98.392196
115.249461
92.552783
112.814458
89.251371
96.285956
91.857833
92.003184
85.591931
82.459802
75.509737
91.516599
60.336940
78.673027
66.386284
71.547182
66.861233
60.530812
63.504228
66.793107
51.553043
64.711090
51.631579
64.695947
66.394687
60.227088
77.863295
69.174799
71.985785
79.480843
74.313728
78.377767
78.765058
66.075972
74.488402
54.531109
74.532832
61.368933
70.932395
79.134649
80.808972
75.937608
89.117959
77.145405
93.000890
68.567798
93.926039
84.384393
78.443920
79.520215
76.020243
75.330427
94.703961
67.599878
94.084760
79.272575
74.806528
77.524338
81.143341
89.051515
87.524551
92.636771
120.192915
91.802984
110.625942
97.835160
94.773355
98.807195
91.201671
98.505898
94.916149
93.716590
106.978722
97.403046
97.744739
97.431057
82.379655
96.997308
86.308609
95.251787
97.229164
96.732453
103.188679
105.869506
94.595755
113.933456
85.060050
108.015098
104.363775
117.104012
103.864981
102.749361
116.850700
113.785855
99.760811
121.059096
100.603891
118.873885
112.101566
121.359716
118.182793
118.160204
115.611428
119.508032
101.067053
133.958258
115.055509
116.447877
123.813373
114.830706
125.780345
118.337761
119.377745
127.807172
116.283317
130.606764
142.514436
130.168491
157.346972
140.297056
156.913284
149.909511
137.237025
136.711345
137.655873
137.241554
142.929682
112.822649
136.990487
111.981696
132.518440
118.710194
112.147105
115.672099
115.241192
101.513617
123.266946
101.952496
127.574907
119.123276
131.219601
129.866994
125.484850
127.405086
135.040833
112.788698
128.131865
110.898562
110.709115
114.230087
111.499451
126.200503
117.215682
119.929017
128.270315
108.035393
126.436455
110.705559
109.595550
116.563082
108.937068
121.813253
119.457689
128.865576
138.243209
130.253786
132.186457
137.648410
131.453579
153.513998
137.443632
157.743326
165.137348
164.982877
168.793300
157.965689
164.266184
182.382897
155.819986
169.965225
152.545365
161.805117
159.774463
164.350167
172.389443
174.507692
159.067204
176.542282
163.713640
170.710194
176.721486
179.799860
187.632886
179.770801
170.146492
179.378568
150.450855
174.602885
155.121830
148.557327
156.518590
140.484810
145.535076
131.508027
142.134022
145.199418
134.640891
137.916582
151.052926
138.799981
162.117111
147.713269
172.534886
168.520265
166.344682
166.115754
173.845968
165.940968
186.573003
158.394321
173.859909
160.089952
158.857578
166.294460
161.193576
156.383076
174.731156
159.335590
174.545003
143.245355
155.514058
157.328546
150.983054
155.735335
155.332494
139.478191
152.215238
140.187037
142.036953
131.435653
124.808983
131.393971
111.163221
130.987929
133.246710
124.525059
133.121374
125.714596
113.225591
120.999882
113.595586
128.851716
114.086861
127.133640
116.111460
111.043603
106.835962
115.916565
95.768841
107.163787
87.723023
100.374181
85.109561
82.973967
75.897008
82.354151
58.832324
78.035315
61.239270
63.338495
53.696192
57.426559
63.895723
57.320060
45.520616
49.652790
43.042112
52.220158
40.035064
41.929392
26.361713
20.880760
29.384460
15.853532
27.133983
29.316232
21.528989
33.376373
24.438619
21.398663
31.337374
22.414352
30.601716
20.322492
34.763916
29.685382
31.052937
31.612646
40.481526
16.389736
48.138563
44.970146
61.515775
69.021512
60.127851
61.639868
66.665387
65.027918
82.140139
66.387026
85.279490
80.877728
84.023391
83.157810
82.092791
63.591155
69.786564
55.987946
61.973814
47.321778
62.291500
49.418801
44.028607
62.199674
60.902018
76.676092
70.355676
66.437601
89.144953
65.500758
55.205452
73.456017
69.008550
83.042161
87.910850
103.991028
89.835004
82.724427
84.194350
96.493021
82.110808
98.880586
72.773800
99.264292
91.054004
86.061926
88.211979
96.386185
77.517620
103.702814
72.493886
86.083368
78.684471
77.259563
77.704663
75.354612
65.880304
82.823553
66.844046
82.847263
66.780015
81.937237
89.266511
83.764972
94.874620
103.809554
101.482572
110.786451
98.995427
112.383400
105.706890
98.109086
110.379310
106.634441
115.819949
106.341936
106.054821
110.932417
113.925931
112.364237
129.051084
108.529473
131.055699
114.576630
110.559134
105.451098
95.051250
96.041015
94.627919
84.054937
111.162209
88.145059
103.520919
93.856669
106.855465
105.892702
97.383844
107.785357
122.813942
99.563304
110.027162
90.952702
100.739233
86.821886
87.139453
101.152874
86.194730
88.201730
104.946665
75.941802
95.962952
92.363079
94.237478
115.945839
93.639683
102.727089
94.723195
79.923587
92.338927
81.719296
78.710385
84.324471
72.793872
94.864934
65.969366
85.395592
77.576193
75.985813
79.259633
87.533940
78.431012
96.848846
80.658872
98.290416
88.326730
88.126864
85.879191
86.494835
80.923171
90.699956
79.815337
103.150459
88.582490
99.465571
86.939144
77.571485
94.604811
88.109526
86.806052
94.286419
66.385626
86.276914
74.059874
85.007258
90.496700
79.405416
94.483019
85.229057
98.630458
111.988615
90.453238
86.677187
93.945944
72.086092
95.773098
75.636721
84.645723
92.588257
81.018842
95.958868
94.833482
86.376515
109.552682
93.506913
115.845057
104.946520
109.970047
110.642012
110.058963
122.305971
140.871678
125.426863
151.638808
131.841184
150.169507
142.862072
142.500768
155.043864
142.135073
142.132756
155.939205
140.209678
165.315734
157.990966
159.928750
166.214486
141.376292
153.446450
140.709206
138.703999
139.175228
130.724210
129.125083
133.148888
137.042115
160.088192
138.725283
165.217019
166.106718
167.486887
179.859270
174.891181
170.436152
192.385518
177.233222
210.399727
188.642544
203.637956
205.122054
191.795612
194.727060
206.707355
193.326195
206.084519
185.657775
194.276762
176.336183
186.972858
199.776615
181.700881
200.643932
207.933753
193.988945
215.386985
197.543832
209.863975
209.396878
201.436705
210.488273
202.180116
213.417295
222.445594
201.238698
215.542145
218.970167
217.199916
238.361701
220.515808
258.041454
259.536692
253.996180
262.111639
258.118702
274.163846
294.965413
270.350652
300.759205
282.261376
299.803735
299.746127
297.752061
291.848192
287.386549
280.897245
287.700926
271.478064
298.345323
279.009306
281.502632
270.345903
270.994038
273.698055
266.301151
256.653300
272.392480
258.427202
271.901919
256.268994
240.692607
246.470240
225.853746
217.163444
210.814157
190.695709
203.031053
195.238953
186.451217
195.407402
170.235187
168.607178
158.139530
144.660416
152.738030
136.475674
144.549429
155.170425
133.085823
151.801580
125.115902
155.563737
152.920286
149.859758
162.640191
159.817499
149.457268
177.272635
144.877467
181.971716
151.990413
141.395015
152.971686
142.084977
150.681412
160.216339
122.747676
154.467997
130.442940
143.292016
140.940319
118.300268
128.655208
129.134084
126.829509
132.123532
113.387127
122.774172
115.983146
108.906975
121.500167
108.851547
127.826824
117.253216
108.595878
120.514368
101.931530
101.643576
114.716972
90.727714
114.000490
86.186757
96.429092
90.747849
80.343552
95.556135
91.669751
71.974774
96.708097
80.955731
99.303173
95.672201
106.118839
104.715429
107.957842
111.382451
120.268712
100.879017
122.481302
113.479437
127.379831
119.604746
109.477620
126.056552
125.273484
115.452335
121.977597
106.316120
127.138289
120.025056
114.820102
124.479717
102.922261
106.812442
101.524985
97.211339
112.671593
105.196705
96.694474
107.501192
97.066748
120.243730
107.358241
127.161033
122.115686
124.248256
130.694738
133.277288
99.034494
116.094155
96.807539
119.035222
102.227259
104.333164
106.254790
108.557406
105.940257
121.644308
95.596663
108.630417
90.779002
103.833117
107.271808
99.116852
110.234562
108.154858
100.306348
108.391034
89.351940
103.801380
85.266203
86.717769
85.362628
72.624156
92.543305
77.491471
69.852295
79.451273
69.720529
63.913912
81.007750
69.327952
82.157630
68.241601
80.832785
78.631164
76.709996
68.146098
72.933799
58.114502
84.097364
62.967419
85.291725
72.319972
81.416387
82.429810
79.815292
79.726501
93.614688
62.071112
94.266708
74.421960
89.759110
88.151309
80.419189
80.098558
71.507372
65.956636
78.235526
65.914712
79.024132
81.177729
81.953950
80.197173
62.132676
71.950393
73.189267
78.193082
89.335034
84.044400
83.410036
80.388150
72.726558
86.331160
76.792399
83.605571
76.667312
74.803660
74.846551
66.692845
53.829186
66.715536
45.577166
66.213832
35.338816
40.629790
42.190411
28.198238
22.974651
11.371144
-12.681054
2.370226
-13.875197
-8.019439
-12.081787
-9.892344
-2.770797
-25.632742
-24.578949
-12.021507
-32.676891
-10.482555
-26.192247
-15.389392
-11.764499
-13.407581
-9.458592
-22.675350
-21.597092
-25.896001
-40.554651
-42.451457
-44.913033
-52.630403
-35.954764
-52.351193
-33.840547
-37.283540
-27.097705
-31.562428
-25.925022
-36.278531
-11.703850
-27.010026
-7.776394
-35.796596
-18.739392
-37.993718
-29.972976
-40.611405
-39.645640
-42.541095
-35.474163
-56.603882
-37.711257
-48.883474
-41.351983
-44.016705
-48.406924
-37.017168
-27.401745
-39.545132
-29.945699
-50.753673
-41.880271
-37.648662
-44.786382
-32.606836
-41.841495
-34.898760
-42.750394
-48.544764
-34.269163
-46.306851
-40.407764
-42.284215
-50.715328
-38.512698
-52.498702
-37.023063
-39.855196
-44.330993
-42.989573
-34.089877
-39.158512
-17.859321
-37.148624
-16.153174
-30.604900
-38.476471
-36.167803
-39.283904
-41.838325
-32.930170
-60.671614
-26.945835
-37.725557
-22.952969
-25.412939
-25.999201
-12.788761
-11.231355
-17.503273
-9.433036
-16.780018
4.258166
-10.987103
-12.089004
-1.381248
-4.782827
-4.497002
-3.722150
-21.003506
-17.849999
-31.949396
-32.383247
-16.513287
-36.896088
-24.215996
-48.583215
-36.865684
-37.074933
-41.835507
-30.171854
-31.271701
-40.989434
-26.557734
-43.029279
-32.609145
-50.806174
-38.647138
-39.128815
-40.368465
-59.355109
-44.183768
-58.122483
-43.288360
-61.419693
-41.937622
-35.020831
-40.080341
-40.297022
-34.814671
-64.035444
-63.226223
-70.427119
-61.581105
-63.759905
-66.887638
-56.383139
-69.998356
-51.970744
-42.497060
-53.814071
-27.499964
-49.717556
-43.451719
-21.660141
-23.236980
-12.171445
-18.474433
-16.615569
-10.241276
-12.860119
-15.477946
-10.537396
-27.864429
-10.665832
-14.483164
-2.726819
-9.269853
0.452662
-2.388573
3.851109
-0.086578
16.556012
-10.864084
10.520187
-0.334844
4.085380
20.119743
16.717898
6.749135
19.256176
-15.795146
12.207795
-7.147703
7.100776
6.586489
15.245148
26.207630
24.980242
21.318609
32.638196
16.928989
25.266690
37.918773
14.933782
21.162803
4.183050
4.699147
10.444985
-1.759565
-7.683263
-24.304031
-32.879924
-28.201854
-34.649577
-15.176737
-45.313226
-29.417704
-24.525550
-23.486223
-31.554333
-25.715949
-51.405693
-24.201761
-39.124539
-19.317297
-24.613723
-20.642822
-24.364335
-15.933884
-17.473912
-3.033133
-23.256088
-7.941618
-19.445183
-1.386078
6.127058
-6.145135
8.391578
23.625359
8.696799
27.628553
3.916019
18.437790
17.995887
20.498341
28.606040
23.200179
28.952050
18.549357
9.988059
9.189293
10.602734
16.328291
26.728122
11.083438
25.448076
6.974677
19.465403
17.469304
11.153129
21.539037
26.865400
6.472402
34.000231
11.491441
24.394547
15.217777
10.486036
21.612482
24.858788
21.936469
23.249418
0.488094
37.771917
-0.792884
16.489571
12.954849
9.468116
19.604018
26.969614
7.401084
28.672948
8.958947
22.250275
8.465180
7.343912
19.942997
29.823891
21.095135
18.430296
13.922579
9.444418
6.321340
0.357440
13.855496
7.553016
23.015794
7.470911
12.633823
15.048330
14.139079
29.151706
27.305594
6.067658
30.310506
11.095880
23.649776
7.859997
12.765790
8.133885
0.371039
-9.439784
3.864503
-24.767524
-19.255154
-39.649594
-28.233992
-44.320982
-45.301147
-36.276957
-31.966559
-40.393968
-29.268175
-45.905137
-28.092372
-46.376825
-47.744359
-41.873186
-57.600118
-54.702734
-50.502772
-71.718946
-70.389726
-73.573872
-77.476944
-64.188633
-83.018785
-69.788256
-73.574295
-66.316661
-63.447467
-62.616052
-48.742652
-42.764926
-49.048823
-33.941426
-44.731445
-13.621627
-24.918574
-27.598126
-34.148257
-38.766164
-40.811188
-13.131677
-22.903036
-0.600854
-31.009906
-27.929008
-30.529909
-29.746042
-13.379920
-7.486632
-8.166897
3.684760
-21.607028
-2.174462
-23.679931
-21.817877
-7.322414
-21.915521
-17.376137
-3.594409
-24.572614
-0.577712
-10.296127
0.171233
11.245018
-4.463954
16.276986
1.337092
7.634925
-5.797977
-24.595799
-16.074591
-27.850923
-30.877415
-23.915305
-47.799679
-24.092965
-30.861509
-34.031778
-37.972978
-35.597719
-41.146002
-42.525785
-64.506867
-37.542146
-54.036400
-38.497856
-36.269536
-55.146488
-61.760439
-62.864089
-80.779070
-79.737438
-94.153264
-74.437530
-90.952335
-73.070274
-76.755503
-69.768388
-36.707070
-35.299914
-47.632212
-40.852382
-40.040881
-27.006873
-29.039968
-39.571882
-34.345121
-47.300663
-42.170381
-45.344049
-70.708205
-69.655602
-70.617631
-96.837301
-79.822970
-100.116670
-76.797688
-95.709666
-94.511897
-86.133323
-84.641869
-76.031556
-83.423877
-108.409486
-71.622239
-103.407167
-82.348779
-89.695032
-82.527193
-68.799504
-61.407387
-68.131566
-54.502244
-70.168988
-35.712162
-50.519646
-44.932904
-50.769730
-55.274933
-48.122737
-46.248244
-50.650613
-40.644911
-53.381234
-48.806230
-57.627183
-58.448967
-31.659833
-50.283980
-34.317968
-49.356517
-62.858656
-49.888117
-53.117846
-51.818423
-43.162560
-67.765384
-38.597812
-55.420293
-41.314599
-37.876738
-48.330475
-27.682816
-27.948111
-27.157427
-4.706368
-34.850040
-5.356454
-27.826850
-13.765342
-17.656155
-16.846156
-29.869190
-23.803750
-44.328553
-11.099613
-31.091670
-18.859499
-12.910946
-13.298336
11.939096
20.347923
19.680397
26.963222
8.955479
17.354044
9.554572
-0.044555
19.728509
-8.888136
10.435654
9.614371
1.427143
20.866760
13.431086
17.888888
27.670457
24.255623
51.857720
47.382827
64.869586
62.516085
62.202914
69.936791
72.581779
79.949851
111.726506
97.394770
123.616280
94.653118
110.929039
107.270927
101.823128
94.447242
110.045562
95.790352
120.545807
107.631472
120.995702
119.064654
127.631574
129.339149
134.514523
134.506603
156.769882
148.569453
162.889685
157.735164
170.411653
183.528890
171.830258
195.522881
186.611435
175.416860
177.759976
166.769816
170.790165
167.794273
145.808590
163.264322
140.115074
140.403420
140.284861
144.242954
141.680586
137.691260
129.437881
147.595871
111.922416
142.441627
121.718050
129.549908
130.313796
115.497029
108.848970
120.187417
120.654253
143.963847
123.150899
141.888069
133.774562
133.681688
141.949130
136.484856
129.608920
128.944310
114.828066
132.578809
126.055179
135.780145
138.132219
127.626538
139.714826
144.655127
128.046308
149.117544
131.363883
130.689529
125.108201
113.990954
136.960307
128.430656
129.430454
126.439178
129.307507
116.936249
117.480773
105.477785
114.559020
97.128900
122.056877
108.120033
121.229085
124.024665
114.607718
108.533345
110.392780
85.807741
103.657565
79.082056
100.103410
92.706204
92.537628
98.916986
97.081502
103.455352
114.222338
97.218525
117.204732
107.035605
106.579696
115.622394
104.738003
107.777256
111.606021
108.915167
113.536206
95.521229
97.667812
108.214333
86.857457
110.249081
102.299065
115.573107
123.112604
113.773120
122.890606
119.640853
113.009231
156.086760
118.225694
142.362221
125.165223
118.456071
113.991776
108.607182
103.787306
121.658119
90.893067
121.148784
96.355348
116.054102
110.773292
101.338644
104.951668
101.656684
80.808659
88.650868
70.568342
80.428054
67.138165
80.632745
97.887071
89.200712
90.113065
97.850811
81.942122
98.317725
76.641272
93.544056
94.185729
67.912293
97.155562
86.786785
90.911203
97.976037
94.427847
97.798618
97.600374
76.815019
96.080930
70.641568
88.217179
79.155613
71.643640
90.150190
85.106013
78.898263
87.519283
67.265590
104.705495
74.524618
79.955476
79.737136
72.112676
64.251783
69.304731
53.544357
65.750851
39.392423
51.525169
41.339490
38.529828
44.161867
23.162544
33.508574
44.298563
17.859566
30.331221
15.165141
25.771498
23.031346
15.663196
35.064952
19.317560
28.344022
36.498521
17.436181
26.281826
29.313971
25.191204
32.554853
20.038795
36.090114
25.678214
32.102822
33.518607
31.572168
29.263602
49.070776
37.541900
62.468168
43.598990
70.797025
65.888032
63.788926
67.715681
72.083461
52.903576
78.723560
47.514688
75.168799
57.179409
48.357197
53.347010
49.200721
39.793189
46.742281
21.013820
28.392723
16.943365
18.684342
25.565067
17.543159
29.164869
24.979389
37.818286
60.621629
51.698197
70.985632
65.400487
55.747644
77.592015
50.380195
64.669746
62.024472
62.649768
72.479331
65.341409
66.508130
67.440348
45.199188
67.742075
49.155722
69.241625
56.069809
55.041886
61.888221
71.406340
65.053994
78.095262
51.819309
79.654649
62.059896
64.882927
55.264000
57.158106
58.801848
61.744797
60.363246
81.204132
58.300354
71.497371
45.750401
45.193455
60.163438
48.330029
54.014055
55.814807
43.166300
69.133072
48.259096
58.277932
78.795650
60.147800
78.448771
56.153045
66.225814
63.575818
54.945668
55.475298
62.620288
45.718406
58.922145
26.480178
53.707804
38.434017
40.420439
36.058728
35.409659
17.346341
18.766448
3.460072
10.936571
-22.848768
-15.489609
-11.981228
-16.774578
-18.390794
-8.447265
-25.189786
-5.943351
-25.116125
-11.235157
-24.597821
-18.058753
-1.530495
-15.021973
-6.545273
-12.513418
-19.700742
-5.057533
-15.280994
-10.391774
-13.956617
-24.162758
-1.513279
-19.808982
-12.634472
-20.666115
-16.529845
-12.395319
-18.478143
-20.797367
-0.730096
-16.318567
-6.198467
-19.931862
-6.032437
-11.450540
4.357795
-8.674985
10.774169
-9.640729
8.691101
-2.428756
11.434380
9.524348
16.935525
27.380744
20.835582
18.939063
29.220417
9.167127
23.722944
10.280079
8.696539
5.039092
-5.482342
-2.138632
-4.721917
-4.875523
-2.093476
-13.859019
-8.065568
-11.369792
-27.844470
5.366183
-18.683441
-4.500098
-8.155655
-15.016215
-12.190757
-8.600294
-15.007306
-4.135514
-13.052444
0.589393
-15.715450
-5.680127
-7.583289
4.847422
-4.208047
-2.213445
3.123055
10.501027
-16.535583
0.362161
-14.648495
-13.756766
-11.627308
-20.987673
-17.722695
-2.272429
-6.355880
10.806949
-1.428001
20.965665
25.335587
23.558541
25.333642
35.114952
39.683454
52.915440
38.918589
45.044743
32.758773
27.941189
51.046787
44.260235
66.694974
58.391778
51.274581
59.198498
35.856591
39.806301
48.676489
41.808636
63.045439
43.613498
61.387055
55.762218
71.359868
60.936950
77.184170
60.882477
68.324596
54.983377
64.218649
56.532264
47.874085
35.271725
33.697861
24.742791
30.131364
6.917556
31.757007
12.623846
13.563774
31.769512
37.936049
49.986485
49.759394
49.228759
63.687645
57.459171
61.617663
52.508271
44.676958
54.769395
45.729991
46.427273
48.994977
45.051809
56.368598
47.321996
44.007516
59.443685
47.819982
65.700072
51.924191
64.232425
58.963913
55.315241
55.944570
65.188240
52.171306
73.433242
67.617806
74.261247
71.667900
71.979923
72.931967
87.829625
64.208255
91.476392
65.128293
90.391335
79.536908
95.766515
102.723958
92.660692
97.437263
107.057995
100.210001
108.263145
114.785851
121.815445
126.957548
126.956190
135.210912
134.944184
124.391878
134.775651
123.453551
125.382780
126.374029
99.303440
123.418318
92.956032
111.517006
101.591486
97.143782
102.065795
96.256962
85.185783
98.720704
94.901693
126.630796
114.184081
114.548980
110.329050
113.856316
112.703795
124.042711
109.813901
118.808426
93.318154
104.125362
84.648901
79.454272
75.312966
76.506030
83.689228
99.643608
78.448861
100.459639
80.554941
97.374219
102.624177
75.971325
92.880520
85.747248
78.648829
86.698442
75.775340
81.589427
67.914670
63.922168
81.549567
59.463713
75.315996
66.672817
72.208205
79.154864
84.442654
79.405552
91.973470
62.504048
91.564547
64.290151
83.152446
78.847830
77.853188
82.763370
86.121758
69.929644
96.982250
78.819298
96.491023
81.666328
86.975562
99.723701
102.364579
101.803187
108.448147
100.475139
115.617580
99.339126
122.109499
120.124680
113.572502
131.421973
124.830958
133.416709
135.738127
128.043614
143.274211
153.816264
147.572892
177.672063
145.815384
157.784249
150.892590
154.557638
169.486000
161.521663
173.775719
174.719205
164.083240
186.195560
167.145776
193.451569
190.260292
188.364397
200.897025
203.809163
193.096053
215.735057
194.272422
219.285522
188.964709
193.342722
202.145055
191.549911
190.955676
192.033214
184.437545
207.260918
185.999022
194.528550
195.462308
184.421317
191.109703
200.591932
187.659065
183.194929
172.093952
182.810322
162.579813
156.972912
169.570165
141.467697
155.322699
142.776446
139.550382
147.913242
129.425056
132.198963
137.526060
115.975289
142.350506
112.321755
126.904783
114.375215
108.375975
114.926138
111.105497
109.825486
122.510781
104.192403
128.749848
102.479283
120.622510
114.039335
117.910372
113.039866
106.914369
94.463201
105.523503
76.529487
88.771856
89.870392
84.935571
81.493214
83.259957
84.672910
82.419985
64.972895
78.935986
66.580270
64.009220
68.581763
47.653587
72.044028
62.909031
69.328268
89.226579
69.756167
73.587138
79.056625
51.174480
77.020443
52.032178
67.134109
66.401367
54.581358
54.666975
57.664404
35.671138
48.995772
35.335888
55.834850
41.747221
56.653619
57.419417
45.668196
41.711179
55.939761
45.599682
70.051892
45.299555
63.782169
61.056433
56.562658
63.781334
63.361102
48.395312
62.825722
49.319841
70.024840
60.199498
58.683045
74.693165
68.429226
69.706325
56.949725
55.797314
67.701578
54.042599
55.718412
56.769078
43.584773
77.534816
62.497962
69.553224
79.124777
75.215033
77.104611
79.778743
73.948949
102.171753
89.126661
96.141741
70.999069
78.648511
71.957892
83.293488
77.437047
80.044030
69.622070
88.570084
64.289683
95.883510
89.927478
94.378516
108.139359
108.290850
109.861335
113.574829
83.665139
99.124762
78.032977
78.941234
87.957845
90.288179
89.820048
76.284298
88.541442
90.434178
76.373449
86.404683
94.249356
87.673558
110.820532
88.570349
83.649255
86.301260
81.895639
90.746113
82.813307
70.729026
82.373554
59.324804
75.960393
41.735565
42.930065
46.693801
43.827107
44.846585
52.135326
41.261250
61.498308
36.312209
58.545252
49.605498
52.060739
55.106077
64.563485
46.806658
63.716828
52.617817
69.714521
41.647976
49.421185
51.046495
43.367508
56.328767
32.960177
25.558199
31.228418
16.137958
17.124974
15.737464
0.821789
20.152726
-2.952839
17.571965
4.437949
17.443918
35.756105
39.293809
32.290377
41.447463
16.578932
39.831107
22.663040
35.311785
35.220833
31.947807
33.527915
32.683899
13.725484
39.623788
20.341488
42.668711
25.301590
27.871366
32.116442
20.628398
14.056843
29.630310
8.416251
30.826882
13.071615
33.342453
44.039369
32.159960
37.218931
30.034664
30.644853
37.943756
12.604281
22.927976
21.456240
20.399062
23.331828
10.011504
25.440440
22.285460
20.584433
42.356517
28.647988
22.230579
39.304499
21.653347
43.549826
21.096083
31.072028
22.260865
29.241416
32.176708
32.066108
28.635215
52.140625
39.403207
71.714854
34.253429
47.989190
40.618065
29.781623
34.585978
36.415189
14.353642
32.570467
14.182437
31.465702
18.832724
13.492854
13.475146
-2.052288
-3.339498
-5.685812
-13.513191
9.207025
2.913169
-8.107660
-0.274523
-13.315155
-12.661316
-20.085776
-25.700436
-28.956306
-31.949386
-25.947558
-46.665245
-45.647321
-19.165042
-38.546567
-15.855397
-29.661901
-22.414496
-20.309191
-21.211806
-30.272600
-11.355448
-26.983875
-6.778576
-35.317228
-9.775033
-17.145765
-11.454928
-14.960713
-7.712395
-25.441343
-20.341823
-30.905070
-7.391689
-31.455392
-28.892665
-13.551779
-25.013295
-18.814292
-16.906981
-19.858952
-16.107260
-31.549608
-21.629100
-24.112527
-25.268299
-24.479319
-31.986827
-33.100136
-29.394108
-36.886548
-45.656661
-41.922819
-58.307036
-48.737165
-81.037754
-72.164008
-79.735677
-72.060860
-79.171762
-80.310309
-86.436574
-76.908484
-94.266640
-72.095909
-100.266762
-69.364860
-96.119086
-81.734764
-70.853702
-70.623052
-87.076235
-78.642092
-88.140069
-74.447641
-77.609249
-68.676957
-74.392325
-77.510265
-81.869765
-76.528700
-87.847230
-75.781252
-95.417051
-81.785804
-74.581089
-82.502239
-60.698486
-66.173325
-71.241142
-55.400352
-61.710236
-53.690267
-51.323871
-53.428286
-45.042060
-68.061928
-52.441087
-76.780402
-61.976399
-65.117562
-55.035198
-74.443792
-53.495705
-67.535924
-50.660170
-62.584395
-66.836493
-67.273592
-79.037131
-75.117025
-77.020332
-91.616669
-71.180597
-79.919778
-72.884231
-77.509730
-72.000468
-79.841918
-83.640465
-81.587892
-65.416525
-71.189229
-70.752748
-93.392414
-86.558270
-90.505718
-95.846159
-98.316259
-100.029376
-103.618368
-103.790479
-100.944229
-95.826688
-96.463715
-100.864532
-87.669383
-97.069083
-82.343968
-74.119917
-76.956629
-71.965429
-65.344060
-60.605122
-45.698711
-54.306221
-21.791415
-37.605492
-20.010472
-25.309311
-11.070027
-9.748829
10.850188
-8.209073
5.696295
-14.779321
-1.037750
-7.601475
-12.416942
-8.263088
-14.588772
-21.380312
-8.724546
-37.517940
-14.438259
-18.955900
-16.240249
-13.612291
-19.134192
-14.235107
-8.857064
-21.175516
-3.855110
-18.127120
-17.102597
-8.523446
-23.976045
-10.790417
-30.872917
-24.666532
-33.737628
-39.071313
-37.729135
-26.535615
-35.605113
-20.851340
-45.427601
-23.023968
-27.521412
-22.257309
-22.118557
-21.397204
-23.791639
-11.357547
-24.835610
-11.352627
-30.184098
-12.501958
-12.165425
-24.709239
-18.623566
-7.941278
-5.631078
3.713158
-24.331826
-12.552752
-35.897979
-33.635341
-28.554828
-29.566844
-19.273507
-27.384984
-43.246661
-28.421350
-43.757742
-38.889692
-30.431987
-29.223650
-21.302858
-33.308054
-31.672247
-31.359109
-34.978841
-24.420382
-33.255234
-33.036573
-14.125137
-45.685361
-16.219003
-35.781891
-41.496154
-42.757065
-61.611042
-53.139439
-40.490648
-59.686267
-26.140921
-48.379905
-27.951702
-32.195518
-21.948795
-21.887269
-21.571773
-37.484862
-21.398300
-36.812049
-14.566284
-29.382078
-24.564349
-17.545820
-12.317748
-1.087770
6.922160
-7.776209
1.417932
-11.055111
-8.824467
-0.852904
-9.712967
1.451172
-13.131061
6.277477
6.018508
-12.028324
-2.023250
-11.039021
-26.305447
-8.780412
-33.398853
-9.022906
-17.394779
-9.455810
-7.483921
-7.231756
-0.182769
6.099364
-7.469325
13.878906
-20.377841
3.594510
-1.207370
-0.255667
13.918692
12.207642
11.963841
20.956583
3.525151
25.018806
2.027281
13.673908
12.668340
6.190884
-0.788152
1.705210
-8.600582
3.461950
-26.201471
-11.664974
-28.523702
-38.741195
-29.041364
-35.640798
-38.264740
-41.236533
-56.872767
-48.804778
-63.419684
-66.279025
-55.915916
-94.647834
-56.226718
-70.918566
-67.406700
-79.524529
-83.327614
-85.208647
-81.763776
-75.985775
-64.582441
-78.013403
-48.056637
-71.303221
-73.940297
-71.403262
-77.607467
-71.266396
-71.503299
-80.075456
-63.387055
-82.418302
-68.580703
-73.336291
-65.711265
-43.901167
-42.290366
-40.149564
-26.036572
-49.103900
-23.649521
-35.519916
-39.914148
-31.386190
-39.539475
-23.664279
-27.764138
-33.045469
-29.456398
-44.095303
-40.682000
-44.635130
-60.267157
-34.685106
-54.365725
-34.926223
-38.430255
-41.451301
-37.262783
-34.413639
-29.552436
7.219428
-16.960678
6.411804
-13.517481
-4.171689
-0.739515
-8.017061
-1.588909
1.004922
-18.390343
-6.474629
-44.569917
-31.070503
-38.173348
-44.215813
-34.806690
-39.401840
-34.053158
-13.481203
-33.300612
-5.505209
-28.650843
-25.740004
-19.670924
-33.466989
-22.173086
-26.911462
-25.997723
-25.860446
-37.049939
-30.969501
-29.742973
-54.800625
-42.853872
-66.177066
-45.839465
-59.118938
-68.792446
-63.777170
-59.318617
-58.401892
-39.378197
-57.936282
-30.255588
-51.139471
-39.009512
-38.674793
-61.190844
-61.588694
-51.902971
-67.953055
-34.694925
-54.235027
-42.427360
-55.134802
-67.643629
-69.683130
-65.826049
-81.355080
-68.628836
-76.677051
-66.864314
-70.086112
-74.972189
-71.131305
-78.995985
-73.183591
-67.854405
-81.209271
-63.506524
-69.283500
-68.573652
-64.076895
-74.870378
-54.448444
-79.215003
-74.400241
-86.468643
-86.383058
-69.310610
-51.629423
-64.545019
-43.453994
-69.699585
-56.221768
-78.427351
-74.015259
-63.645806
-71.646909
-88.499530
-72.242280
-89.806521
-81.458694
-107.436620
-90.386214
-96.510817
-90.747895
-90.580894
-84.706241
-98.129298
-81.300456
-94.226123
-78.902936
-85.054203
-88.752018
-82.892497
-95.268875
-90.684753
-86.004822
-102.859757
-98.097511
-116.261288
-111.673905
-100.278982
-111.684019
-93.696038
-100.604767
-95.056530
-83.095950
-92.394142
-81.692004
-80.573253
-95.831947
-70.186815
-82.995969
-65.286091
-86.035579
-77.066115
-76.678756
-74.429403
-80.165285
-65.325393
-76.746575
-60.553003
-85.161068
-67.334786
-73.368417
-76.572155
-76.097201
-62.461677
-76.972330
-53.493172
-79.983727
-56.640810
-63.523936
-50.145662
-33.184372
-41.964984
-33.201147
-26.361506
-35.392205
-17.882639
-28.373426
-25.153595
-28.065231
-43.765080
-28.800428
-34.624650
-43.171503
-40.328077
-47.745004
-36.533661
-37.755547
-47.325073
-20.689178
-43.082172
-22.949072
-40.374740
-37.430700
-35.237734
-39.161177
-36.741670
-28.022979
-51.646515
-35.985656
-55.750304
-37.715983
-44.416800
-37.728315
-27.287492
-24.357077
-42.096639
-25.504095
-44.562931
-25.259021
-33.410398
-23.257423
-26.553565
-24.811305
-20.909032
-18.508120
-24.401205
-3.041916
1.069021
11.937161
24.933350
12.410500
15.504758
6.222016
12.820110
8.867594
10.844433
29.309692
9.263094
11.506676
27.277181
9.213759
32.138971
7.611265
12.797275
18.682782
14.939145
7.701270
9.498317
-8.435001
12.232461
-13.305549
10.605272
-1.754262
-5.405327
7.084536
8.791556
16.828873
24.972850
11.617935
33.711809
20.676093
23.228614
24.415318
15.668735
21.830371
22.914404
9.339720
28.031508
20.767876
32.150411
22.455682
12.276011
19.021316
14.626639
40.108700
16.637681
17.569468
30.229846
29.703238
30.689100
35.872166
27.100268
43.152258
26.053551
43.223756
43.539218
48.347199
59.881202
60.427443
50.396983
62.750613
37.046413
58.958813
37.623508
56.421327
43.003832
49.743042
44.385416
48.361653
34.897654
62.635414
32.427577
48.131349
35.910234
45.314370
41.203525
30.473685
31.413478
31.650308
20.730892
36.376581
18.091767
25.013352
28.277206
13.024838
17.452969
5.649514
0.571049
17.285521
5.464292
22.101803
20.882731
21.927682
27.664378
25.385727
28.926921
11.655861
27.122036
22.775647
26.574753
21.531223
24.518074
9.814465
41.015616
25.642022
29.733088
30.876272
23.080189
19.141028
27.545278
13.539698
25.452173
3.508617
11.015193
5.195966
10.860852
14.761953
4.258965
-1.827543
6.564724
-11.949139
5.977042
-8.961426
-14.048463
-14.243978
-18.895107
-15.096646
-5.700572
-1.495979
8.032301
-3.551275
-6.143129
-6.209142
-24.404781
-7.998723
-14.131730
-18.363817
-25.640569
-25.029311
-18.291296
-18.611534
-33.734344
-14.052180
-25.561730
-15.854280
-24.466869
-19.682673
-27.896068
-13.771139
-23.560654
0.828240
-7.412989
7.886125
-18.172597
-8.081160
-3.605017
0.063330
-3.223254
-3.858069
-9.778686
5.661215
-14.879713
-9.153977
-12.315115
-14.830329
-13.359725
-31.160351
-28.441183
-13.820874
-21.857172
-4.984976
-13.513606
-15.991728
8.326804
-8.586484
1.025223
0.322899
0.320140
15.991759
15.015088
19.877245
28.848038
19.812220
44.682767
28.607214
36.135941
26.435851
29.313956
30.503006
34.123044
14.106538
40.252498
20.781804
34.844219
13.618716
20.603787
28.741613
24.498634
24.420773
45.775725
31.404635
47.618186
23.940049
36.480905
43.103538
27.715479
33.745397
24.510197
9.733449
25.595204
7.520359
11.681327
-2.652290
3.280220
-0.789758
-4.846104
-1.939274
2.005915
1.523935
22.350445
6.891135
5.714919
13.424417
-7.345718
15.997063
-1.577916
14.962089
8.881457
10.343744
9.439739
18.621242
3.636874
10.838526
-9.361764
-6.489448
-30.109744
-15.942381
-20.210686
-31.652274
-23.957983
-27.542947
-38.954252
-10.604464
-45.944821
-25.749943
-44.726434
-47.829929
-45.119726
-44.637020
-44.949309
-35.809881
-47.208754
-22.594893
-50.350643
-61.691446
-57.424583
-58.882679
-40.174437
-55.333335
-52.372011
-50.517966
-65.826379
-57.089964
-50.044285
-63.054559
-44.096423
-58.853611
-39.764663
-65.246889
-64.304923
-59.246053
-67.064778
-65.328921
-56.068678
-77.242879
-59.331528
-81.261048
-61.254950
-75.994292
-71.910344
-73.566312
-60.167757
-75.279861
-46.384379
-65.660526
-51.173943
-58.483744
-60.182607
-53.214630
-57.295358
-47.890074
-37.879275
-51.653354
-32.604614
-55.344996
-41.749221
-43.018967
-43.390358
-30.412157
-44.889709
-48.093143
-43.401636
-53.548528
-46.828935
-50.548461
-59.211583
-53.562661
-67.518288
-50.141012
-68.068590
-71.573862
-80.881400
-91.232449
-86.801821
-75.306394
-90.974190
-76.306651
-90.549766
-72.773916
-77.209015
-84.380555
-80.527812
-83.335190
-95.834872
-82.994046
-108.450866
-75.069663
-99.349758
-88.217863
-89.915817
-93.480911
-94.698201
-95.702549
-96.451311
-74.526076
-91.712730
-86.544068
-96.668564
-86.853422
-71.388846
-72.231169
-77.004660
-76.547894
-87.417104
-72.429280
-90.374383
-83.902665
-86.540453
-111.074021
-88.103813
-108.394793
-98.259694
-99.299346
-104.627988
-96.946444
-85.474999
-104.650334
-85.374222
-98.589198
-73.192514
-71.396025
-58.723725
-47.300483
-53.461276
-65.804707
-39.096246
-67.197648
-40.335804
-49.060078
-43.386294
-37.131332
-55.392856
-41.284000
-44.127065
-58.279533
-44.347513
-70.586740
-62.160539
-63.903910
-68.540393
-54.916777
-65.000282
-66.025161
-56.216067
-76.748922
-51.335134
-44.391449
-52.166778
-31.212722
-44.835791
-21.955772
-36.103843
-42.030156
-13.457911
-30.687387
-7.256701
7.869441
-22.490882
7.827004
-18.200423
-3.896377
-4.926463
-24.864621
-16.825655
-8.651169
-21.685099
6.389773
-28.048153
-0.476169
-8.268793
1.166768
11.487800
16.027625
17.235473
34.347706
7.152369
28.051491
13.941186
19.764855
19.517941
17.839303
35.870231
35.418383
30.594606
46.908823
32.530852
45.988515
39.919175
29.640393
39.007483
20.027384
45.063965
23.047186
16.216166
22.151236
-6.537708
5.035765
20.634888
-5.840756
12.329070
-4.669675
0.260058
3.397455
4.191455
12.715889
27.033427
15.043171
45.807800
12.615039
22.197636
11.430234
3.980949
9.999134
12.241956
4.756707
11.521626
-7.331992
14.348235
-3.045797
10.468318
4.774044
-5.846238
-2.653666
-1.433004
-6.898078
8.846294
-6.920342
11.403678
5.044020
-4.541926
3.951682
-16.391670
-14.877797
-15.724092
-14.409249
-6.993531
-14.619253
-10.745592
3.456987
-18.976674
2.421014
-13.210763
-2.099301
-3.630036
-3.431587
-5.810753
-1.745551
2.787292
25.455019
4.169410
33.320198
20.066800
32.146226
32.574006
22.198145
31.623611
41.001772
21.673503
43.062441
22.036315
28.879558
31.599692
32.567787
30.821044
34.674324
29.508650
39.033729
24.437129
40.296510
39.056109
39.201543
34.405185
15.955142
16.379621
18.280383
14.843137
26.909468
20.527902
14.558544
12.303115
-4.292658
11.929947
-8.247296
8.299215
1.118571
1.552910
16.189333
16.695528
13.160778
27.575572
3.818758
22.031494
4.273808
11.903642
10.530919
8.170774
1.941695
4.682868
-6.266827
16.573892
-4.792877
14.207433
-5.041781
7.999177
16.727291
14.699615
21.461196
34.398810
15.200196
38.867744
18.314404
8.542890
7.653009
-1.562304
10.976911
-5.551002
-3.282661
3.091857
-6.470612
-8.166151
-9.263222
-8.016394
2.835445
-14.198000
14.059679
3.184821
-1.885921
-1.509293
-7.091266
-8.278037
-2.834515
-26.466876
3.144966
-31.089797
-23.615894
-29.178062
-31.334161
-36.452882
-29.694916
-33.664892
-19.794483
-41.749504
-10.311783
-22.931829
-16.374402
-11.037789
-11.987447
-9.202164
-11.836763
-14.267641
2.875740
-19.266303
-5.174581
-8.771441
-24.559420
-16.003436
-30.659362
-37.992872
-24.851298
-42.416951
-28.982010
-47.680535
-38.909286
-35.546580
-53.291687
-38.107309
-54.418685
-37.357546
-27.120238
-21.898630
-22.918088
-17.267402
-30.833706
-11.498976
-35.325231
-9.001945
-15.235806
-15.742043
-4.110962
-4.699157
4.686022
13.324236
-12.187825
26.825977
5.831996
22.086047
13.797888
13.227846
20.158932
17.567348
3.808584
18.078760
-3.569183
10.367614
-10.949970
-21.785812
-10.851786
-37.369979
-30.174357
-34.215596
-43.829226
-24.204613
-34.198057
-35.208382
-38.423429
-41.569327
-36.398796
-46.909750
-46.110783
-52.694558
-53.075200
-55.581753
-57.655140
-82.674129
-63.012587
-88.801662
-75.848904
-92.159798
-93.702503
-86.099401
-100.133147
-104.539159
-93.519842
-117.500015
-91.938516
-106.528132
-95.495123
-93.518257
-95.381658
-105.443803
-92.407730
-105.108461
-89.111945
-113.886839
-111.449820
-127.361108
-129.061364
-134.354927
-131.645776
-129.659883
-120.453070
-119.780053
-106.393209
-108.536412
-105.998551
-101.702302
-112.954663
-113.102508
-115.939441
-112.162949
-101.642677
-112.744206
-116.959765
-103.918334
-120.096584
-101.044173
-109.952895
-103.790338
-106.586340
-101.920789
-99.954951
-101.936853
-120.945241
-105.674938
-120.730989
-89.398661
-100.679521
-94.640332
-90.337321
-95.516770
-96.124380
-83.744638
-105.431925
-82.236392
-96.330999
-92.877842
-88.939190
-78.924947
-84.973100
-76.037268
-76.520344
-57.896177
-70.708671
-55.128799
-52.529167
-59.935624
-48.774738
-62.228547
-51.389905
-53.819183
-60.975531
-47.022507
-57.176357
-47.305113
-47.019088
-57.485533
-37.120696
-47.879775
-47.787534
-49.236320
-58.751900
-69.588420
-79.515693
-103.749392
-94.614972
-112.770950
-106.378584
-126.748889
-129.382647
-135.098400
-126.091338
-139.297918
-127.139129
-141.256874
-119.714877
-145.102113
-136.845130
-148.124584
-148.724229
-139.431623
-146.997705
-163.226385
-145.050753
-156.596612
-148.751275
-165.391079
-181.738466
-170.849978
-179.859161
-165.008893
-158.071523
-174.462021
-164.659608
-174.032153
-185.135788
-178.497659
-192.030651
-188.603592
-208.587213
-195.701204
-197.697467
-195.111784
-188.595800
-191.280988
-202.705720
-176.862739
-202.907798
-177.690614
-177.217460
-178.514257
-174.956703
-180.960091
-186.257729
-164.640182
-193.693513
-172.758248
-198.661538
-188.962108
-179.027535
-197.639646
-193.773081
-192.171671
-203.376874
-189.587620
-219.754361
-204.164971
-212.516753
-211.535411
-207.478197
-214.938675
-201.019546
-211.080751
-210.342148
-205.652685
-204.740218
-190.757954
-178.072613
-199.420579
-182.464852
-205.592590
-196.925600
-201.881385
-204.523234
-206.282257
-214.996945
-215.451608
-204.553423
-229.990873
-219.694797
-230.748881
-213.787163
-217.613545
-208.835106
-206.168588
-191.738086
-199.711387
-183.092431
-216.029020
-181.001726
-190.374771
-190.252253
-182.543723
-181.153973
-191.893247
-180.018537
-201.700688
-181.303497
-188.578596
-185.674220
-176.379115
-200.233999
-177.385342
-185.946922
-204.024526
-185.767955
-210.663442
-205.717679
-199.348143
-219.504030
-193.151511
-208.331455
-192.141439
-189.066625
-203.376342
-197.072293
-206.464186
-212.083004
-192.985698
-224.748170
-205.947787
-221.279404
-208.639308
-209.940618
-212.756192
-209.142340
-186.187881
-199.229753
-188.801072
-218.038862
-198.854184
-212.477941
-214.016129
-207.509544
-201.152035
-207.639357
-192.977237
-218.437344
-192.335363
-212.719876
-202.344361
-202.962668
-210.333889
-204.772123
-222.264644
-238.322050
-232.862344
-264.090639
-253.939103
-247.312154
-244.339302
-228.482030
-234.454604
-220.030822
-213.779116
-216.584117
-205.853276
-207.550292
-216.275337
-208.148209
-229.092046
-200.807395
-223.706331
-238.044309
-239.623818
-238.030635
-247.008331
-257.531095
-263.792825
-245.030208
-261.722014
-227.223263
-232.417247
-226.016620
-227.359909
-235.717477
-242.905546
-237.761645
-268.742578
-248.414095
-260.432921
-252.895065
-246.434357
-249.094979
-240.742884
-234.150165
-240.908497
-225.843347
-245.975783
-224.075949
-226.784797
-232.015970
-210.996641
-229.831454
-219.979705
-223.345528
-223.269205
-213.119463
-227.296438
-227.829799
-214.771650
-237.947073
-219.822182
-238.236225
-229.538682
-224.931040
-226.053623
-239.982165
-232.646310
-249.640833
-216.279420
-244.575726
-225.099815
-245.642275
-241.880095
-230.476338
-229.134423
-249.806737
-235.106493
-254.927360
-229.488132
-244.002573
-232.072347
-222.589632
-231.704651
-219.377105
-213.696378
-216.722520
-197.443649
-214.600215
-187.489115
-186.056349
-206.064817
-192.220827
-205.338146
-204.953316
-210.758093
-214.243741
-200.274559
-201.770690
-202.785684
-184.117621
-191.507745
-172.496781
-185.944423
-169.529251
-167.827968
-171.350094
-172.515568
-171.630015
-187.888347
-157.714474
-189.502405
-176.810004
-185.173529
-187.560535
-178.036136
-187.949307
-201.138266
-188.343685
-211.878520
-192.697938
-201.796237
-189.647808
-192.232541
-201.241508
-197.485719
-193.606870
-212.667417
-202.202434
-220.530247
-188.507051
-207.238595
-209.664015
-202.093574
-208.108742
-202.865965
-203.325897
-210.674588
-195.189960
-208.010974
-217.228043
-208.781165
-230.999827
-219.643844
-234.652897
-234.605244
-251.335232
-249.197500
-254.430148
-252.046829
-271.816128
-253.823135
-269.386217
-258.131257
-267.985128
-268.831882
-263.471074
-265.225903
-266.047541
-254.239107
-277.760145
-247.211407
-258.543712
-251.445693
-266.620479
-280.567234
-272.703673
-279.153245
-288.341448
-260.805115
-282.814005
-262.052361
-273.799575
-268.595222
-270.050814
-287.804948
-271.788760
-280.681403
-272.290725
-264.546371
-277.927551
-271.237543
-258.001596
-277.984256
-259.926318
-271.248802
-267.749153
-265.512805
-275.913621
-272.922778
-271.476866
-273.249897
-260.718725
-285.392027
-275.379632
-285.599869
-290.819610
-283.796026
-293.644784
-302.796330
-293.189571
-324.008168
-303.715709
-328.580917
-319.295272
-319.119598
-315.943115
-325.592513
-325.555745
-316.101155
-301.372665
-321.421574
-311.132020
-323.691639
-327.866258
-315.277072
-317.636887
-317.409509
-320.087980
-317.080365
-304.121792
-309.400859
-301.496510
-304.531808
-305.610604
-298.157450
-317.769880
-307.937969
-320.300016
-323.794844
-316.763778
-323.730337
-331.750055
-320.593697
-346.167923
-321.290404
-340.909966
-327.673226
-327.473661
-333.155151
-328.392968
-320.395874
-326.338265
-302.013236
-331.823279
-318.525810
-323.674966
-313.496608
-306.739216
-306.616773
-306.790694
-303.021657
-321.732671
-293.753140
-316.297967
-302.791072
-300.831834
-310.871563
-299.562020
-306.598746
-307.189929
-291.916391
-301.218660
-285.042043
-282.300114
-285.555274
-273.518100
-281.649977
-260.255924
-279.810118
-277.039645
-277.526235
-274.784560
-277.790319
-268.851220
-286.659040
-270.390670
-295.089494
-284.254942
-293.963447
-282.400975
-285.654464
-288.350897
-307.840726
-290.028369
-307.124818
-285.683417
-293.311447
-285.569505
-285.613417
-278.675211
-274.104873
-261.279029
-274.042989
-251.557226
-267.361680
-245.344823
-257.558516
-267.389072
-261.779721
-269.586183
-276.832993
-278.861819
-286.720995
-274.889825
-271.679696
-265.766189
-258.779212
-272.568043
-264.411263
-270.551692
-275.041312
-267.360512
-263.352240
-277.713519
-258.866129
-269.854306
-255.270256
-263.098709
-254.179771
-251.869899
-241.898878
-251.260016
-235.285770
-245.615098
-235.942395
-252.267562
-242.707349
-263.332710
-254.905194
-258.445047
-254.066911
-280.972756
-255.210530
-275.112181
-260.444562
-265.675681
-267.361234
-266.550682
-271.638315
-281.382599
-263.855052
-280.073114
-266.651834
-284.188922
-296.912925
-297.036963
-304.332787
-294.077131
-312.128809
-290.191252
-282.852895
-285.763321
-284.410964
-278.448757
-278.350346
-263.475669
-270.457373
-254.567676
-255.619945
-252.247518
-243.726397
-251.668288
-246.145273
-242.094297
-267.393714
-243.518762
-268.405413
-258.969987
-256.904320
-249.348585
-240.132625
-233.984771
-262.741266
-233.145684
-259.550737
-244.559259
-249.286065
-247.371877
-240.896458
-243.178676
-242.365197
-229.402802
-236.750591
-212.197355
-228.574325
-219.529192
-219.034578
-238.476124
-221.955795
-243.729817
-243.797054
-239.974573
-248.473592
-240.887356
-236.887238
-236.601590
-209.870848
-231.055359
-221.880912
-222.555845
-226.834804
-210.071581
-225.618128
-227.756226
-204.240638
-228.061418
-202.804524
-225.723959
-210.875716
-203.741765
-204.337938
-210.079271
-195.501536
-209.576520
-183.161254
-210.168759
-190.148302
-209.598503
-212.390366
-204.212709
-211.875021
-204.558442
-208.327977
-224.583398
-202.844427
-222.941767
-211.251023
-217.001688
-219.207515
-197.633457
-193.409027
-189.738329
-178.184874
-184.187222
-172.461363
-170.862346
-177.262194
-157.677654
-176.222657
-166.158484
-173.218556
-171.739533
-169.141887
-161.599816
-164.138911
-157.220505
-162.724415
-143.212132
-160.929189
-154.586548
-165.107233
-162.144010
-161.248640
-164.827133
-161.548632
-136.409598
-154.892356
-124.215765
-149.456605
-133.000221
-127.264928
-128.932960
-123.803788
-113.765790
-125.269605
-113.199770
-131.261383
-99.437416
-100.498295
-101.792777
-90.072707
-98.498822
-89.760741
-78.271010
-109.545692
-94.414808
-103.623861
-113.459215
-111.149383
-134.461719
-112.414125
-134.647619
-138.637526
-128.105547
-144.756921
-142.060819
-135.254203
-144.803637
-113.909641
-140.640156
-126.734190
-141.714000
-137.741391
-127.151373
-135.626220
-135.932732
-118.538826
-142.627912
-123.307281
-149.654805
-133.218964
-138.820044
-140.577513
-142.336298
-143.158914
-154.703574
-138.053590
-151.377971
-116.158597
-118.394723
-113.837152
-101.050171
-109.280459
-101.496973
-97.962117
-125.455105
-116.323217
-134.136324
-137.441106
-125.631445
-138.953417
-117.517332
-122.582594
-121.708533
-113.940106
-124.826914
-106.476752
-101.650908
-109.201130
-99.911110
-116.674632
-102.767560
-100.024032
-108.698588
-107.850040
-113.220591
-130.605999
-121.091811
-149.369837
-121.756339
-139.581974
-135.875269
-132.797207
-135.576113
-136.319937
-137.003532
-159.988167
-141.044705
-176.030291
-167.598922
-182.872526
-192.855622
-189.758390
-199.395439
-204.480565
-188.002393
-206.358487
-179.187993
-184.284508
-185.629778
-176.732201
-191.678208
-170.267468
-181.162144
-182.006575
-172.096126
-177.378032
-166.344719
-159.273543
-167.917880
-151.999553
-163.128526
-147.830106
-141.372087
-144.121582
-130.907627
-118.608574
-131.712836
-121.444082
-148.592690
-126.569295
-133.609362
-133.158986
-123.964573
-128.187303
-128.003149
-115.846813
-132.215612
-115.593029
-137.887167
-126.326093
-132.242110
-139.278196
-140.862011
-146.753195
-158.791107
-148.428490
-159.720625
-142.034544
-146.705848
-142.568824
-111.294971
-126.412573
-114.767002
-114.395819
-119.465338
-95.517798
-112.867122
-103.781771
-103.223582
-109.715627
-89.697029
-109.280890
-90.893794
-96.402233
-104.267067
-90.723411
-102.917566
-115.734779
-97.077769
-126.677004
-109.208684
-115.051369
-111.160951
-102.630669
-109.446692
-105.825343
-95.185948
-115.955033
-87.009040
-108.217134
-93.624671
-101.259582
-100.147346
-100.307376
-110.159576
-100.244186
-87.171459
-118.605444
-97.500430
-98.702853
-91.114815
-86.199163
-96.011997
-71.470562
-80.233043
-86.756212
-76.225301
-90.058975
-71.590101
-67.615853
-77.306833
-52.553960
-73.485774
-57.906099
-63.933579
-61.911913
-51.164177
-53.900062
-56.383247
-44.149373
-59.772366
-42.713776
-57.906525
-37.265899
-39.042427
-36.118909
-38.621451
-37.669011
-55.925661
-33.473666
-61.818424
-42.427908
-52.856919
-50.594844
-44.182689
-35.275428
-35.722946
-18.927094
-28.321130
-6.622155
-24.298818
-28.990201
-26.142986
-36.913308
-30.170074
-41.139057
-47.466558
-45.616523
-51.531890
-36.468779
-43.116983
-39.206278
-31.455467
-44.884490
-18.260539
-28.231438
-17.810374
-7.060624
-10.767789
-3.621627
3.951213
-6.564653
12.097478
-7.862067
9.135401
-4.611839
-6.023636
-8.642521
-14.387238
-15.905749
-2.403207
-35.527017
-2.608660
-19.354692
-9.540395
1.858785
-15.177170
-8.002850
-15.794629
-24.238523
-6.129356
-32.015185
-19.402593
-22.249657
-17.689607
-14.288595
-29.282775
-10.180916
-10.479980
-23.913633
-3.498823
-24.885203
-2.314516
1.782284
-0.456719
16.034173
-9.510611
-5.580821
-17.144756
-37.196826
-29.607918
-34.379523
-39.810332
-27.956113
-51.094093
-26.613486
-46.217776
-41.234771
-39.936351
-35.642123
-46.371381
-44.351221
-62.297308
-40.060702
-62.703854
-49.479088
-62.054412
-52.226812
-44.151812
-50.034348
-56.738488
-38.143060
-54.665920
-40.782654
-49.994069
-48.881613
-43.108948
-49.363920
-43.917319
-51.695428
-59.722371
-42.903215
-54.718593
-54.485565
-50.210090
-57.096249
-50.350318
-56.538593
-59.048565
-56.830211
-63.859683
-61.539921
-68.594814
-77.744424
-64.274525
-82.232541
-71.132468
-70.223414
-70.740749
-77.114762
-77.317317
-93.874755
-75.451250
-94.111417
-73.843043
-92.020778
-78.941956
-86.045028
-78.448725
-84.975749
-75.764610
-82.860319
-71.008817
-89.220333
-73.939915
-90.291448
-93.211982
-85.773449
-77.835247
-73.229039
-72.011540
-92.590772
-89.305622
-89.356141
-85.510941
-79.363451
-85.440720
-71.538814
-67.511904
-71.153482
-59.762553
-49.408052
-55.460135
-50.004283
-52.692223
-38.904581
-47.412800
-35.475220
-38.550255
-52.066454
-56.629424
-51.137067
-60.151275
-51.852508
-72.480250
-50.636887
-66.792633
-53.733663
-48.968322
-52.663097
-62.970783
-53.336121
-61.551299
-37.546615
-54.508712
-40.756188
-55.543247
-61.513066
-56.394823
-55.054597
-55.586775
-48.828876
-64.033498
-53.408932
-62.098010
-63.464902
-70.949223
-88.617948
-87.269319
-88.469508
-93.072844
-84.307207
-92.650082
-93.148202
-83.278458
-105.255203
-93.506133
-113.488902
-99.068641
-98.757779
-96.857054
-98.213220
-90.220498
-108.978286
-101.487190
-128.819520
-111.476763
-136.185488
-131.884097
-134.444661
-141.959380
-155.858389
-135.826943
-152.658234
-117.170222
-128.669517
-114.314596
-115.757311
-121.996080
-112.626483
-113.831872
-127.665689
-109.803345
-119.115515
-97.116206
-100.526532
-100.083634
-86.825241
-83.793690
-78.721585
-83.046117
-90.787222
-82.839902
-93.568848
-102.371692
-81.194274
-103.217475
-87.557742
-98.579433
-99.067331
-106.210470
-112.010201
-108.551364
-105.760551
-122.525015
-103.268377
-127.859483
-111.156246
-133.554677
-120.252219
-116.092428
-124.020883
-125.742528
-114.530425
-122.118793
-93.099707
-122.823846
-102.167922
-109.951365
-109.516351
-103.800599
-103.277809
-114.180279
-103.898645
-122.923841
-104.300773
-125.801652
-115.723594
-110.053371
-119.063939
-103.368398
-98.445999
-108.100261
-95.126686
-102.775937
-86.691285
-86.174834
-100.463156
-82.589046
-93.599594
-78.724402
-80.112972
-83.798182
-78.269172
-78.481080
-81.214576
-68.379344
-79.994017
-56.747711
-78.268730
-69.710558
-55.726995
-46.616327
-46.581523
-26.461069
-44.147856
-16.860546
-42.925011
-16.720821
-20.951885
-15.845862
-3.829453
-4.744931
-10.016042
3.432376
-12.722378
10.717749
-5.250269
4.752762
18.725805
1.800787
18.464657
21.502193
13.271938
24.541891
15.776218
26.099032
23.314840
16.835013
33.901486
9.823127
24.765192
22.233665
11.014504
19.681392
0.290143
-2.422342
6.917374
-17.900011
-12.127005
-23.552731
-19.614408
-26.965025
-34.928722
-22.716728
-5.042617
-23.972928
-3.613578
-28.016308
-18.710619
-26.805872
-26.688987
-24.640298
-35.427182
-44.285875
-26.614120
-47.576024
-25.631315
-44.457736
-40.847225
-36.174929
-44.363146
-35.544821
-37.462999
-39.272251
-8.521836
-29.915566
-12.797537
-4.356151
-14.402495
-6.473835
-25.399793
-25.638046
-30.686667
-38.037408
-24.351172
-25.024679
-29.487264
-16.469355
-38.434101
-23.196808
-32.813127
-31.127722
-25.968724
-24.149578
-24.429386
-18.548662
-32.057565
-13.209435
-30.234912
-13.224889
-29.271154
-24.650908
-17.410967
-17.704631
-25.843467
-3.035989
-16.570592
7.950462
-7.999884
-4.288386
6.101106
-7.411902
11.662920
16.719030
12.966240
31.647243
4.775972
15.298822
14.302666
3.842405
7.933821
1.831239
-1.122809
8.745753
-6.988271
1.772671
-4.053993
-6.842558
-9.565630
-28.622620
-2.960137
-21.361129
-20.039039
-21.161250
-25.782220
-28.534275
-20.879933
-41.746531
-14.867817
-33.649822
-21.253978
-30.566338
-29.619348
-27.679842
-42.193725
-42.741973
-24.796935
-54.795541
-31.200912
-38.745551
-23.193209
-17.211767
-31.811091
-22.645465
-15.562535
-42.116239
-17.696802
-42.375291
-29.141341
-35.006785
-56.206459
-41.698195
-57.790190
-66.807265
-59.684749
-77.022284
-71.260958
-80.654081
-87.528662
-79.780340
-99.463125
-75.136449
-96.977567
-89.138479
-89.725240
-94.645920
-96.256865
-86.095147
-106.585417
-80.007604
-108.236353
-98.593413
-98.707776
-106.532846
-110.235795
-111.292867
-118.270548
-100.830356
-117.681978
-94.832689
-121.483160
-100.867473
-104.916013
-107.165560
-106.652701
-108.011825
-113.626882
-107.077197
-132.049427
-116.366048
-129.725925
-132.494447
-135.066817
-144.863782
-139.417461
-125.312227
-131.341713
-119.309938
-112.360722
-111.517552
-94.697884
-104.795040
-96.793605
-120.738139
-109.033370
-112.590863
-125.682735
-118.710599
-103.608931
-107.285833
-93.573816
-108.437750
-91.973465
-108.413913
-97.279417
-96.438676
-92.709106
-103.153911
-98.904025
-104.398634
-86.420874
-114.327112
-100.735845
-107.989020
-108.266079
-105.396247
-111.521282
-130.836315
-112.892283
-130.203313
-111.231399
-132.222094
-121.605833
-123.048509
-141.269115
-135.845413
-152.020237
-161.752788
-150.004472
-165.697780
-158.299297
-168.417962
-178.020795
-161.546563
-175.010310
-165.822797
-180.681866
-186.200396
-174.332477
-186.795989
-198.273698
-189.678705
-212.878602
-189.881127
-220.125982
-209.202795
-212.085725
-216.129788
-218.755942
-218.954264
-230.435768
-215.236793
-235.859226
-220.119092
-240.609224
-242.836657
-244.838649
-242.457309
-251.440804
-245.094472
-261.210502
-246.438896
-256.594134
-251.690108
-260.896967
-272.534729
-274.294598
-278.226591
-289.741156
-289.216052
-299.009910
-275.861824
-279.453146
-278.676704
-265.007685
-281.622998
-263.169084
-278.715297
-287.409199
-292.059938
-297.766543
-310.318537
-310.562443
-325.039094
-308.224913
-336.074231
-333.212942
-336.296487
-339.724150
-335.591148
-324.133023
-339.728473
-323.628449
-346.447221
-331.550753
-347.625594
-343.583902
-354.584714
-360.611694
-377.369170
-376.452636
-398.824123
-376.577428
-393.222212
-394.285403
-397.134154
-392.287795
-396.717340
-395.991823
-415.983592
-402.683203
-418.190568
-417.764065
-431.267176
-441.232909
-430.669234
-443.517579
-447.515722
-457.309972
-458.900423
-462.421835
-461.633304
-473.457262
-468.170574
-483.289240
-465.881482
-470.319868
-467.163256
-464.834556
-470.299340
-477.380287
-474.572086
-501.541266
-483.200899
-508.754570
-500.472318
-508.337938
-514.844271
-519.663994
-513.450941
-529.072198
-517.271264
-538.243792
-521.752448
-535.942542
-538.129360
-529.943157
-528.808435
-536.417245
-531.514574
-541.580983
-517.208856
-528.933102
-534.971894
-537.778380
-550.011499
-542.829749
-540.898271
-541.794670
-528.850302
-550.437694
-538.783519
-546.931460
-552.981490
-543.315700
-578.407160
-565.173985
-574.179275
-573.622513
-586.374085
-593.201716
-600.114426
-588.376240
-617.299444
-603.021276
-631.126817
-619.363258
-622.205997
-624.714357
-623.020080
-622.482384
-638.433824
-625.601610
-652.712862
-631.133898
-647.487000
-664.563748
-669.347821
-680.544494
-685.731167
-685.639510
-713.781157
-704.841974
-730.794496
-732.950038
-733.125677
-747.451611
-746.813398
-749.747132
-753.597613
-752.178172
-755.567534
-755.960143
-771.740857
-781.514896
-756.657393
-766.271803
-752.128053
-760.894020
-754.098340
-755.815985
-765.436569
-766.818149
-755.347855
-767.025882
-744.113158
-763.421423
-749.053578
-762.450721
-762.374594
-763.008396
-761.332526
-770.368120
-764.401721
-801.179755
-780.494684
-799.466819
-800.111847
-794.614905
-799.003274
-805.414319
-798.593483
-824.074507
-811.426164
-837.446960
-827.317329
-843.042564
-856.874579
-849.724120
-865.943779
-861.465213
-857.607147
-882.431428
-867.130813
-883.930705
-884.887658
-879.918802
-901.459518
-887.363457
-897.262527
-905.504062
-896.686570
-905.453558
-910.490769
-904.483163
-937.134384
-914.396223
-937.007684
-916.456026
-919.052052
-917.284211
-922.097005
-920.447663
-919.294066
-891.415121
-916.635637
-893.961347
-920.953617
-909.303705
-908.001752
-923.422912
-908.194671
-918.245648
-935.152752
-902.552846
-929.759305
-904.851101
-899.719174
-894.896437
-881.628904
-887.045792
-878.375059
-877.327649
-895.747845
-875.449868
-874.884968
-872.190344
-873.313282
-895.209433
-878.650268
-886.695760
-889.307788
-887.371318
-898.424262
-894.923515
-895.576800
-913.352802
-895.556888
-907.786479
-892.600471
-900.417214
-893.915981
-890.196387
-890.995332
-896.482798
-888.762924
-910.502662
-894.618608
-915.447854
-893.062376
-896.170767
-911.102739
-893.845638
-893.352772
-908.866357
-880.293161
-904.241009
-878.289380
-889.123674
-886.792674
-872.650790
-867.732494
-868.683317
-856.774076
-864.263254
-851.992763
-878.048649
-879.223093
-861.248774
-883.965853
-871.889143
-866.114305
-864.164052
-858.065552
-853.972234
-857.316978
-854.367632
-860.045291
-846.810766
-870.863926
-871.699747
-879.417191
-881.335227
-880.076798
-880.286425
-896.224062
-869.766281
-900.985141
-877.828535
-890.095430
-882.545397
-880.756160
-884.945619
-888.217656
-876.797949
-888.820152
-871.839225
-897.102867
-879.475331
-891.316406
-892.339957
-888.950288
-896.029860
-896.154866
-888.377679
-913.323398
-896.451074
-905.207853
-909.072114
-901.088776
-912.216439
-894.732494
-890.900399
-889.602923
-881.926247
-885.481671
-877.894219
-867.691786
-877.666664
-861.795802
-884.648785
-873.194243
-880.935087
-883.394566
-875.315034
-873.669261
-879.568252
-856.792903
-873.902347
-845.843551
-868.949441
-865.022160
-862.797345
-851.347468
-859.583755
-844.920530
-858.912997
-837.374862
-843.492936
-817.486731
-821.903150
-824.424783
-809.710149
-800.515776
-797.982152
-790.377400
-803.625934
-787.137780
-791.854907
-792.803222
-788.890853
-796.816006
-783.760459
-782.321451
-790.002207
-781.185527
-792.032449
-799.790512
-784.862174
-796.106552
-774.784376
-782.736779
-774.605508
-778.488922
-783.726502
-790.517079
-793.035618
-792.541045
-770.858783
-795.858457
-769.640782
-782.702769
-772.649719
-768.918639
-770.114751
-772.315481
-763.628026
-772.421611
-749.766634
-768.136843
-743.536839
-758.617209
-745.822770
-742.318436
-749.875419
-748.103317
-751.878395
-762.521684
-737.059382
-762.642597
-759.998856
-751.772158
-768.547684
-762.696493
-762.539312
-773.799464
-768.965958
-775.786169
-757.946781
-756.521535
-754.989576
-748.970622
-767.533848
-759.081041
-771.616406
-776.132402
-771.487022
-783.475565
-789.690213
-770.883116
-788.057304
-761.295475
-789.688635
-775.115659
-776.273708
-777.300221
-776.192200
-774.541318
-784.053874
-770.493593
-784.314510
-761.922837
-781.656320
-771.684858
-777.602234
-768.319102
-759.546408
-748.063852
-757.863864
-744.910638
-758.330185
-752.475925
-748.750925
-754.467803
-757.535411
-758.128839
-748.667255
-744.948826
-758.975885
-747.911377
-750.161617
-749.652529
-740.024186
-750.063217
-725.346362
-740.522337
-721.863114
-719.401761
-722.857862
-717.229516
-716.817229
-738.132088
-726.187146
-750.826523
-742.203769
-758.328762
-752.836621
-755.744391
-751.137126
-748.315458
-731.189645
-752.055155
-733.261930
-750.011551
-738.898838
-740.562189
-735.663030
-736.287233
-732.013127
-738.849747
-724.543569
-745.705289
-732.746608
-742.278414
-728.583721
-730.180868
-729.761562
-731.434791
-730.411425
-738.300582
-726.600721
-730.095398
-742.687061
-727.961899
-742.834975
-732.678302
-743.831006
-750.564790
-736.904400
-732.647150
-737.808507
-718.887024
-741.699076
-727.436578
-741.923380
-736.138139
-746.568745
-746.825515
-751.340844
-747.454505
-757.707258
-735.819704
-758.465287
-735.944821
-744.108841
-747.399540
-754.376093
-741.313120
-753.476019
-728.616236
-739.988106
-726.243090
-748.541223
-750.292666
-751.593748
-760.963945
-756.494734
-753.136821
-754.464844
-740.848073
-742.451914
-736.610992
-740.695075
-747.960621
-735.673576
-744.378825
-742.968892
-730.783357
-740.143597
-727.838738
-731.891163
-734.707775
-724.159269
-747.565622
-730.008136
-739.517666
-730.220350
-726.450710
-728.861519
-727.114017
-723.905272
-735.232737
-714.886251
-732.195254
-711.154400
-725.481288
-725.377028
-718.952384
-711.197764
-707.283703
-687.953771
-709.847918
-688.503668
-704.504856
-703.375461
-708.636166
-715.363754
-721.424174
-720.453605
-714.766544
-707.959035
-717.280993
-708.096023
-712.820084
-715.436186
-694.408036
-714.897224
-720.241853
-722.543727
-734.583081
-724.557686
-725.859906
-730.423552
-724.522779
-729.474854
-709.882756
-727.333654
-719.667390
-721.721720
-724.846612
-722.943379
-721.479627
-746.437383
-723.483308
-754.251142
-743.247867
-748.869189
-744.383876
-739.343547
-740.074974
-741.911458
-723.196932
-742.990130
-716.444023
-736.854789
-719.894700
-719.005254
-730.541728
-722.405620
-706.243273
-719.733961
-694.448582
-708.081925
-695.811667
-705.716436
-717.082841
-704.577298
-724.726641
-716.985384
-714.315285
-733.954881
-710.497555
-732.288240
-731.921950
-718.755902
-730.969873
-714.844005
-729.610819
-714.667177
-718.112203
-722.185853
-715.701207
-720.237675
-721.430109
-704.345890
-724.754432
-707.886836
-733.014837
-721.887156
-713.183471
-714.352157
-720.570364
-707.063293
-723.768723
-690.208950
-709.482348
-688.627687
-693.102115
-693.287192
-686.966539
-695.041075
-706.811340
-692.506898
-711.872670
-688.866339
-702.527769
-701.762298
-690.878249
-698.194754
-687.366983
-682.874126
-687.615902
-672.048917
-687.675302
-668.747188
-663.025706
-670.148404
-649.735146
-675.486957
-664.732394
-665.795091
-675.852371
-662.197302
-668.859733
-673.308787
-660.760723
-674.595416
-645.974690
-667.826547
-652.028826
-643.031358
-648.261810
-648.995488
-645.817292
-672.732407
-654.315852
-679.905350
-675.024768
-681.611216
-682.920988
-675.518400
-673.420161
-675.863945
-671.717065
-693.218828
-673.318661
-685.452775
-674.290730
-675.116819
-691.251907
-680.683151
-677.752813
-681.668860
-670.755160
-685.171899
-676.475303
-669.398638
-680.115724
-650.976129
-659.139443
-648.363260
-646.038008
-657.519911
-637.412836
-646.828603
-655.141581
-636.139094
-664.912064
-636.895216
-653.082317
-655.010349
-652.311412
-662.157751
-669.017343
-657.903054
-680.328239
-651.632943
-675.409892
-661.640130
-667.605034
-676.962384
-671.573526
-664.622157
-684.018806
-660.661226
-673.052683
-654.575017
-654.174752
-653.613811
-648.474808
-661.973401
-662.837714
-650.137146
-659.691253
-648.282198
-674.498680
-660.107151
-654.093726
-674.014787
-659.660824
-674.115681
-670.447468
-663.213446
-674.153657
-663.444499
-655.957363
-672.362549
-645.067379
-666.569692
-650.153922
-656.871467
-659.141484
-651.594260
-655.816128
-661.537143
-639.429498
-665.924409
-642.262624
-660.066411
-644.601741
-655.066859
-660.162858
-648.050528
-645.416213
-660.024067
-629.437173
-642.895381
-631.348089
-632.625374
-631.182621
-609.590741
-609.123521
-606.468784
-599.354460
-603.934563
-583.640796
-599.982408
-587.617362
-589.612926
-600.615148
-596.100697
-604.695311
-591.816036
-578.198460
-590.580360
-578.050378
-584.969956
-599.800564
-576.786800
-598.334996
-584.821555
-588.958124
-598.415216
-598.572913
-598.520711
-598.992944
-593.555523
-599.508425
-585.318380
-604.730673
-595.441811
-605.034383
-600.132284
-595.927188
-593.108468
-602.111257
-596.585280
-620.297530
-595.968674
-622.923087
-612.419592
-613.362354
-631.621214
-625.073528
-618.747941
-631.369887
-615.496366
-628.893864
-610.402972
-613.141662
-609.408269
-595.316342
-610.962702
-600.966888
-604.954683
-600.949583
-588.562004
-594.574429
-588.989532
-578.203166
-599.457575
-576.809711
-605.910340
-604.476459
-612.238266
-613.901688
-619.936989
-625.070475
-635.382256
-613.074997
-633.935891
-614.995035
-636.328499
-623.793585
-620.904114
-624.385677
-632.005143
-620.325417
-639.722253
-620.017996
-651.134634
-640.010046
-646.332061
-642.972249
-650.119641
-638.568019
-633.458490
-625.363898
-635.496674
-615.695480
-633.512895
-624.775826
-622.061600
-639.161459
-632.974799
-641.861708
-643.996700
-636.994758
-641.362551
-646.279357
-638.644427
-652.978828
-619.859951
-630.992753
-610.867249
-623.650239
-620.116748
-624.966618
-619.602499
-624.885966
-607.792085
-625.266484
-601.681706
-614.035435
-609.818761
-611.585668
-600.066775
-600.233923
-601.871126
-597.395544
-580.753262
-604.494187
-575.222802
-589.265733
-595.985444
-587.078972
-586.083321
-582.088537
-561.499220
-563.204565
-556.421069
-568.982937
-567.311530
-565.445336
-563.932738
-566.639745
-567.103762
-560.168692
-554.760784
-559.546209
-561.004691
-550.666013
-558.436131
-541.563050
-539.182213
-536.638634
-535.343356
-527.707668
-530.256055
-524.306816
-550.714146
-534.164464
-548.962384
-534.806434
-553.417729
-542.504883
-543.222284
-546.660029
-555.630624
-541.668394
-555.620720
-525.553259
-530.893116
-521.268174
-528.853316
-521.267989
-511.878659
-507.098410
-507.263992
-484.900204
-506.006827
-487.978018
-496.654392
-490.313133
-483.293376
-482.182236
-479.552577
-471.926747
-486.291222
-484.178065
-484.683297
-486.506326
-473.455668
-483.179914
-471.682949
-473.907202
-475.938998
-466.186246
-456.588817
-462.478248
-464.347401
-478.344249
-451.284529
-472.197589
-463.808197
-466.832882
-478.293019
-472.998608
-473.900832
-477.071814
-455.247677
-488.836845
-457.981915
-476.464343
-470.576533
-465.264232
-474.390032
-480.033415
-462.729621
-483.989292
-461.062457
-474.073016
-458.660624
-461.169952
-460.752012
-445.179950
-446.761131
-439.421387
-426.708536
-444.624275
-420.517611
-424.723409
-409.356401
-399.487727
-419.145904
-396.744239
-400.274123
-392.465088
-387.401626
-390.427395
-375.430958
-380.492182
-384.964804
-363.705867
-388.431466
-377.198300
-374.547675
-379.051202
-381.632833
-379.477803
-386.149117
-361.118865
-392.198816
-369.729687
-389.084780
-379.643029
-383.844889
-392.637309
-389.636562
-393.016800
-413.538371
-392.798710
-433.987238
-420.666972
-433.037358
-424.075744
-433.277820
-449.136449
-449.509825
-440.655842
-453.581823
-447.954322
-461.515200
-457.683601
-457.981390
-469.873844
-459.249524
-477.797217
-480.225776
-474.218150
-480.425749
-478.212075
-479.854060
-486.952699
-465.310023
-489.019184
-459.323883
-464.596062
-465.051756
-454.923736
-454.340704
-448.185119
-431.236709
-452.739470
-433.117114
-454.700736
-453.061515
-456.351428
-463.136660
-461.178297
-450.439692
-465.125168
-444.571891
-463.606909
-436.026881
-453.945096
-445.940398
-449.654335
-454.424991
-447.650926
-434.332269
-436.088470
-417.597951
-428.411135
-419.535893
-423.312585
-430.576903
-410.565756
-434.419462
-441.751057
-438.574702
-453.981551
-449.407914
-450.817498
-458.721044
-446.317542
-456.993481
-435.450700
-440.750713
-429.949103
-428.477631
-429.874094
-427.476210
-416.801609
-432.867789
-405.663066
-428.881341
-406.380285
-404.145423
-401.406223
-402.561301
-394.360828
-399.580725
-374.448120
-389.650829
-365.981378
-378.491757
-372.625305
-359.156258
-368.639114
-364.238031
-356.890706
-366.371610
-348.236479
-367.997988
-358.858162
-358.163543
-371.625463
-356.324634
-381.496251
-379.390078
-378.808719
-397.769041
-378.495044
-383.006014
-384.758846
-368.924904
-394.001854
-370.861282
-381.101063
-382.517025
-365.915597
-385.564993
-387.619467
-379.776768
-404.539244
-384.961184
-409.319650
-404.878324
-412.823025
-414.964150
-414.583931
-416.522037
-431.013531
-411.851960
-442.759159
-420.121373
-441.244967
-446.007051
-440.137521
-451.294600
-447.513904
-442.332770
-458.742220
-428.761461
-448.400970
-436.131190
-433.569298
-446.990933
-444.411212
-452.198137
-453.172357
-436.747111
-465.581729
-463.194342
-464.572838
-472.530789
-462.258840
-485.006697
-471.450711
-479.147955
-478.879717
-470.981496
-478.080711
-473.820276
-459.356430
-482.286152
-451.609285
-462.741353
-450.335364
-446.211441
-449.107142
-457.626115
-442.176255
-452.909669
-419.641258
-447.584818
-422.359648
-433.944175
-427.288023
-421.528549
-420.440736
-424.263207
-408.535311
-410.238616
-399.657166
-414.824701
-408.451383
-414.827254
-418.283911
-418.974172
-431.992670
-425.560550
-423.599043
-444.836603
-429.965051
-438.696976
-452.377541
-430.009124
-453.369732
-441.080990
-448.054508
-464.137415
-461.140093
-466.094372
-460.224226
-448.614739
-464.827107
-441.253544
-457.749764
-442.022721
-434.021227
-445.760338
-453.558190
-439.994939
-462.793841
-435.152315
-455.742592
-431.870763
-451.019203
-442.760719
-440.844860
-436.971511
-438.977267
-430.262518
-446.283318
-419.282010
-429.661514
-408.250945
-406.224970
-412.727413
-398.255837
-405.542939
-428.991745
-414.059107
-427.496834
-423.052269
-430.936248
-444.078100
-423.659952
-432.302290
-425.168140
-425.827891
-414.820963
-407.021581
-404.034480
-406.412028
-403.704319
-412.802936
-395.953610
-415.725229
-408.705593
-419.818598
-422.131590
-414.533441
-413.774435
-429.649372
-417.856071
-440.188546
-418.592377
-435.855858
-421.941961
-434.074501
-448.044352
-450.303606
-441.001255
-455.189930
-444.631398
-466.255324
-454.055092
-468.385481
-480.829933
-482.462980
-501.575269
-505.300153
-507.646622
-525.015496
-501.608316
-515.986372
-507.749328
-496.102398
-512.533186
-497.483896
-503.430352
-494.274019
-483.542627
-492.205491
-482.532031
-479.026772
-484.767155
-482.799925
-498.039665
-473.166597
-481.899104
-472.849398
-473.569521
-470.811498
-487.745695
-472.880550
-493.979397
-465.809348
-485.855766
-467.663999
-471.576169
-466.842274
-458.721889
-457.584300
-466.998939
-446.793967
-469.732294
-448.950503
-454.495398
-449.069620
-447.625278
-443.203854
-440.862462
-435.962413
-437.975238
-419.315579
-439.873492
-429.904083
-421.431086
-425.103676
-417.951431
-418.930919
-415.703544
-406.695817
-402.819268
-398.225406
-413.235031
-413.094484
-400.227612
-421.166590
-396.402612
-412.586449
-409.569205
-423.781822
-422.826311
-420.176910
-408.983288
-433.411652
-409.489044
-423.046040
-412.652835
-418.681570
-420.886397
-417.656015
-421.547051
-430.167374
-406.855368
-434.071055
-410.247957
-431.014256
-415.741686
-410.082573
-412.260867
-397.555597
-400.514682
-418.753408
-396.463730
-406.058686
-387.051712
-406.488006
-396.708813
-381.727910
-394.298339
-379.274733
-379.158200
-393.080307
-380.103720
-389.296923
-389.034272
-379.390077
-393.378575
-375.964630
-376.518595
-372.440276
-360.110308
-371.751567
-359.958263
-352.078930
-352.977036
-330.450100
-366.045088
-345.053695
-343.792344
-348.973221
-336.958259
-336.117558
-344.597455
-333.757633
-365.076800
-337.622858
-348.491991
-345.544336
-349.375886
-346.496496
-344.914628
-335.683579
-347.300365
-334.269279
-346.832137
-332.347050
-354.026971
-369.308650
-371.237579
-379.645920
-390.301308
-390.903553
-379.236458
-370.711296
-372.494703
-372.494071
-363.769346
-373.388656
-365.800601
-378.942764
-362.667980
-357.677892
-368.529031
-354.763114
-356.126193
-365.510477
-339.820463
-365.657125
-358.439994
-366.279941
-357.302600
-364.554584
-361.666428
-369.967634
-358.176981
-369.872237
-360.318778
-365.480548
-361.494389
-366.749634
-373.234049
-383.149077
-370.611496
-389.083872
-370.115695
-387.643183
-379.016616
-389.808388
-396.463012
-385.438591
-397.742716
-393.855841
-391.883711
-402.000739
-389.813133
-387.577697
-389.704460
-392.840972
-403.036070
-396.891565
-396.196678
-394.720099
-388.083530
-399.436697
-405.579102
-387.244720
-398.381112
-378.461793
-378.244460
-366.179402
-376.909783
-363.858174
-364.367189
-347.333283
-358.181009
-341.936588
-365.351949
-357.073713
-368.155269
-373.267965
-375.661309
-380.360823
-389.885436
-363.727974
-383.655137
-353.635678
-366.343950
-355.096986
-359.337597
-355.777492
-350.304897
-355.565307
-368.571043
-359.770023
-369.689591
-364.372060
-351.107411
-360.873453
-355.771704
-366.292134
-363.317771
-357.872842
-369.161792
-361.188162
-361.190500
-359.859759
-344.932400
-370.205292
-348.165949
-361.290274
-354.868515
-368.408831
-354.123139
-365.132851
-355.638289
-368.675134
-342.684007
-348.550443
-336.103305
-353.257892
-348.981810
-355.178429
-358.297765
-369.084164
-357.510966
-373.809104
-370.232702
-391.155609
-391.134074
-399.150241
-399.242785
-381.674196
-376.675665
-364.943078
-345.666504
-369.200547
-337.084356
-336.639650
-332.676165
-315.283157
-316.961351
-294.967401
-293.469008
-311.393885
-294.025008
-302.245409
-307.220501
-286.658613
-309.679209
-289.631902
-291.751411
-287.336510
-287.589769
-283.915696
-282.779538
-268.154165
-277.357509
-256.400679
-287.559542
-266.337170
-282.352597
-274.605013
-269.726577
-266.742744
-284.461911
-269.511655
-282.048149
-257.243492
-270.911428
-262.591277
-261.905265
-261.947914
-253.294513
-251.434095
-270.161679
-253.259012
-265.667444
-260.352263
-259.289931
-264.122138
-256.342615
-274.108954
-267.181093
-267.671420
-283.250461
-262.571740
-267.009164
-263.223645
-246.792647
-264.232640
-247.788793
-270.166728
-260.007130
-265.344960
-277.692604
-279.134453
-271.292853
-282.082476
-269.885504
-300.533480
-278.268409
-292.243186
-294.302025
-281.649228
-287.919099
-292.290563
-278.966272
-317.256194
-299.951284
-321.384307
-311.852463
-328.606689
-336.368703
-333.457611
-336.215286
-348.209027
-338.167745
-359.701416
-340.117274
-347.343511
-344.057903
-325.185211
-324.894354
-312.976499
-311.935006
-324.933847
-313.742721
-315.785563
-310.355550
-291.721528
-316.539486
-310.852961
-323.845222
-313.902734
-321.582437
-334.198310
-327.445865
-329.638783
-337.816490
-319.747183
-339.336600
-318.194846
-326.416441
-319.366020
-311.516654
-321.807303
-312.490056
-294.656847
-300.643649
-286.012507
-317.968336
-303.752558
-320.491172
-318.182257
-320.748589
-330.146423
-338.420548
-316.327951
-337.882249
-313.389741
-325.741615
-317.965929
-305.692369
-322.161473
-317.824808
-310.450469
-323.954164
-306.540578
-330.968691
-330.224143
-330.211013
-341.255801
-309.141164
-326.377176
-312.250841
-303.591472
-306.775435
-304.711569
-308.699728
-320.844749
-307.548119
-319.501397
-288.394162
-303.289500
-295.914312
-295.708747
-297.061004
-298.696053
-294.747815
-306.791778
-288.261705
-316.970704
-305.184839
-320.979155
-320.668802
-319.077724
-325.391693
-322.010050
-310.932726
-330.923213
-305.368312
-324.044375
-308.104601
-300.313723
-314.469842
-300.765268
-307.474062
-317.804771
-308.345818
-323.819585
-312.017935
-321.234694
-326.611344
-331.519364
-339.186575
-317.948022
-327.111789
-340.723195
-336.693520
-342.641820
-360.297488
-343.745973
-363.728500
-333.487712
-354.144864
-341.099884
-343.471570
-347.652394
-343.511827
-339.300420
-351.929983
-326.826896
-346.148462
-323.567008
-331.145983
-332.323066
-329.248497
-335.743420
-342.698322
-329.481440
-350.233473
-318.983819
-346.713779
-331.941343
-329.684474
-326.493096
-312.103945
-321.292021
-323.266712
-308.047946
-325.686382
-313.101733
-323.897475
-328.018417
-320.840010
-333.379355
-333.263565
-333.962984
-336.369780
-332.856938
-340.158516
-336.217028
-320.464767
-340.321976
-321.763221
-335.244578
-325.506124
-332.482730
-337.590489
-338.843661
-335.310690
-334.597673
-307.756438
-328.940625
-303.088469
-305.589712
-293.565757
-287.949080
-292.439559
-291.155609
-279.803787
-304.038496
-271.453617
-289.871861
-276.123035
-278.482611
-277.419523
-266.407794
-251.407335
-257.978569
-241.634326
-261.261778
-241.444841
-238.688927
-251.093923
-241.009010
-253.188586
-235.239844
-239.603548
-239.874599
-228.100510
-241.856030
-229.426631
-220.069771
-237.782364
-218.524923
-228.750559
-225.226431
-231.270700
-236.288863
-230.807584
-222.998413
-241.734652
-213.111851
-240.375666
-226.917651
-233.897891
-234.253457
-231.880111
-240.313147
-253.059507
-240.650458
-266.985727
-243.500920
-270.055746
-272.392828
-274.316297
-275.645683
-266.399572
-267.219121
-292.965746
-270.944259
-293.825893
-275.071985
-271.656899
-276.910000
-270.123894
-279.449379
-272.123849
-262.804491
-271.749992
-261.795849
-270.928437
-264.979809
-260.781986
-279.488943
-268.359520
-283.099074
-285.059664
-282.479572
-289.140607
-291.340927
-285.379902
-306.529477
-281.268606
-299.824208
-286.639641
-296.438591
-293.338087
-270.622299
-276.155357
-282.581123
-266.469712
-293.905990
-274.565239
-306.813862
-294.619096
-293.163879
-305.735518
-294.938520
-287.028124
-302.923762
-274.440783
-305.475058
-281.928024
-281.312854
-292.923367
-282.608744
-281.387705
-273.701586
-280.286825
-296.277546
-282.174942
-280.124133
-278.314448
-270.431650
-285.963886
-268.192789
-277.003492
-276.948017
-280.135061
-275.073624
-269.222048
-263.585212
-286.502308
-269.607668
-284.662117
-265.238374
-266.703915
-259.232299
-261.142218
-262.945414
-271.445219
-243.186438
-266.939252
-247.319894
-262.581681
-254.318312
-265.392616
-273.977056
-273.343290
-278.740462
-301.467903
-276.328833
-294.328003
-271.469246
-272.446509
-287.950082
-278.074787
-281.663298
-278.848019
-266.391107
-274.477590
-273.627074
-267.676060
-272.446694
-256.922735
-274.442497
-269.900799
-291.471053
-282.630836
-280.916381
-305.420028
-306.439895
-303.346988
-312.133165
-290.619567
-322.146850
-314.044728
-320.114238
-317.584924
-313.494877
-318.433080
-331.212307
-314.835063
-335.408799
-314.927773
-338.473208
-325.470274
-340.103082
-347.089106
-346.850916
-342.829662
-350.367178
-338.469488
-360.527600
-344.899601
-352.758613
-352.357233
-344.957929
-340.422082
-329.672061
-329.080150
-349.532747
-343.097321
-361.953291
-351.768579
-361.282960
-375.806061
-368.032739
-389.332688
-374.737462
-378.284418
-381.302202
-370.070052
-365.993310
-370.768122
-351.540630
-364.198048
-346.657025
-350.378474
-329.451046
-336.529967
-336.655547
-347.068366
-339.698951
-353.913692
-324.373232
-337.728437
-326.265068
-334.538960
-321.979376
-317.878179
-315.789730
-318.011313
-303.686457
-318.334873
-299.751655
-307.933294
-294.167990
-298.495017
-309.947404
-307.111953
-311.508723
-319.219304
-303.583153
-324.904066
-306.244881
-311.286873
-313.491084
-302.216912
-314.376866
-310.971369
-312.719554
-320.002685
-310.788998
-317.457505
-329.499955
-314.204763
-327.401673
-305.772300
-328.819258
-316.359604
-316.108998
-318.243483
-320.922195
-316.915521
-327.041123
-320.366430
-346.104527
-326.249146
-350.684383
-334.753651
-339.608899
-348.400115
-350.977003
-344.953801
-349.855940
-326.832323
-337.290409
-315.055934
-329.423353
-329.292138
-329.207646
-349.418637
-355.179482
-347.558268
-369.569650
-368.473784
-387.347328
-381.174334
-371.959863
-389.692351
-377.164831
-385.805537
-402.224305
-387.560392
-400.150452
-393.744066
-395.290810
-407.919319
-383.166305
-402.209226
-382.254001
-386.199258
-383.216543
-381.258821
-381.734229
-389.793930
-382.750062
-402.367857
-387.367278
-407.298604
-403.761026
-405.653086
-412.644992
-421.481029
-411.311523
-424.061609
-407.613389
-434.089727
-420.949360
-425.978557
-430.250539
-437.505365
-446.839631
-453.853746
-439.910138
-460.197768
-453.685303
-461.251137
-441.619547
-438.322679
-446.253573
-431.700116
-440.413710
-442.030560
-432.128984
-441.246347
-438.503709
-444.739884
-456.615091
-438.567263
-455.893739
-446.532336
-443.132239
-448.310230
-443.106530
-446.578819
-451.553524
-437.846282
-447.515870
-420.717355
-438.469201
-430.490272
-427.172287
-416.624514
-418.434472
-413.487086
-423.789907
-397.166532
-415.630759
-397.988959
-403.028233
-397.647604
-393.668455
-384.577673
-387.709735
-378.647138
-395.416912
-382.711523
-391.724420
-379.379622
-386.439672
-389.349835
-386.047327
-393.199489
-398.303229
-389.614660
-396.270481
-401.705502
-384.476466
-387.672399
-369.609776
-386.295944
-390.147681
-386.430191
-390.955617
-398.125853
-395.131746
-402.989020
-398.528552
-420.664045
-399.838714
-419.795865
-418.662958
-409.309064
-399.409185
-405.815955
-389.756596
-414.900794
-398.041966
-410.319216
-416.078057
-425.299912
-425.500305
-433.919081
-429.691143
-437.525330
-409.224114
-433.289634
-414.195427
-401.741472
-403.370326
-400.248703
-408.561102
-408.881307
-398.441101
-409.488135
-409.727309
-414.380831
-411.996858
-409.815621
-422.268471
-413.652030
-404.820492
-396.135431
-407.808740
-405.774352
-400.689353
-394.314060
-424.466719
-405.914380
-421.746885
-417.134523
-418.818103
-410.806517
-411.537872
-407.484254
-408.425050
-380.793421
-395.294366
-378.333199
-390.688872
-378.558825
-368.414317
-361.169080
-372.709017
-370.118856
-380.230946
-370.340298
-389.086526
-364.931491
-359.670658
-358.861785
-362.849034
-359.486103
-361.172893
-363.062461
-387.822623
-375.307902
-391.581639
-395.423696
-392.396865
-406.256248
-393.087744
-397.180472
-401.386900
-403.589465
-409.754369
-421.512380
-408.940732
-431.403584
-419.202841
-429.478102
-413.126471
-423.805698
-416.253283
-408.514289
-403.722722
-413.918461
-396.438631
-413.975574
-393.419393
-414.937996
-403.832239
-405.365703
-407.525919
-396.539757
-381.834363
-390.608350
-382.186619
-399.240440
-366.991185
-372.228965
-382.896731
-369.500585
-371.633285
-384.363075
-372.513592
-380.887955
-356.554775
-361.458389
-355.961486
-342.347395
-363.579625
-354.003471
-351.048280
-353.735490
-355.683426
-366.727885
-357.184690
-352.622971
-366.132030
-345.328018
-361.281697
-356.884056
-364.082114
-362.597273
-361.497341
-362.186718
-369.373556
-352.394842
-374.800253
-357.814345
-381.672318
-374.296437
-369.514877
-381.205642
-376.586730
-362.659551
-370.640559
-344.356952
-374.713384
-349.454624
-374.363492
-368.472531
-367.846890
-373.015637
-372.991398
-363.397302
-380.220430
-358.487372
-372.047022
-376.544290
-365.015649
-388.975464
-374.160118
-391.852191
-398.384676
-385.953114
-409.453114
-402.100792
-415.118847
-409.689175
-399.152598
-427.982227
-421.145304
-424.582585
-431.006833
-423.791686
-426.664693
-435.108406
-423.799596
-444.104769
-418.407820
-429.527940
-417.800726
-421.548269
-427.578905
-423.780831
-409.584944
-417.311859
-401.499820
-420.361546
-398.981492
-416.802039
-404.078350
-396.780286
-395.860586
-399.008433
-408.113033
-424.735475
-398.449614
-408.172099
-403.433226
-390.237271
-395.177799
-383.296422
-391.244313
-385.890818
-388.704004
-404.040935
-386.674732
-392.164647
-395.356614
-384.186134
-401.710075
-383.824842
-379.836454
-375.928404
-364.087922
-370.398332
-366.380994
-356.135162
-382.940367
-366.887277
-377.426951
-369.064710
-374.667917
-365.672810
-367.574966
-365.418607
-378.051757
-357.770570
-377.189785
-352.737805
-369.600162
-359.312112
-363.088395
-368.190873
-361.722518
-364.139121
-379.311436
-359.557327
-366.595453
-345.933416
-355.603040
-363.029015
-348.785866
-352.461964
-346.356402
-337.264149
-348.096382
-338.357326
-343.808640
-340.248988
-325.518246
-353.700897
-332.341331
-353.564062
-357.528401
-346.359387
-361.562332
-361.260938
-364.739238
-379.377971
-356.186097
-375.436005
-362.385085
-376.722506
-380.811408
-379.221354
-379.890714
-397.311103
-372.580344
-403.335400
-376.589431
-396.478496
-384.653448
-381.097293
-389.646038
-384.882919
-374.756839
-390.961067
-386.003212
-405.382545
-379.568966
-385.935171
-391.740875
-380.283757
-388.926389
-391.763632
-390.563576
-405.503799
-390.218048
-408.607419
-410.114477
-392.623672
-412.478027
-393.739142
-405.129257
-397.356991
-401.937883
-417.137078
-407.049497
-406.676599
-417.163935
-385.799043
-409.213681
-391.538110
-393.344758
-402.627632
-391.449947
-387.332651
-389.741109
-361.321788
-373.725525
-345.014456
-356.163999
-338.819092
-339.119595
-329.965396
-325.431714
-315.157030
-317.753966
-298.635530
-326.198401
-309.432831
-314.533340
-307.891189
-301.549512
-307.287944
-303.717976
-297.034123
-318.191724
-299.773084
-324.029361
-318.235202
-303.142354
-318.991022
-300.368878
-304.272755
-310.428159
-300.380846
-301.581601
-292.370567
-288.613181
-297.523813
-282.495649
-294.528114
-279.543039
-294.892813
-288.451146
-272.163896
-278.369257
-284.485707
-260.911972
-286.314754
-259.522336
-280.301226
-267.728735
-269.783983
-262.806742
-271.359549
-261.319210
-276.735026
-244.474325
-259.766321
-252.117324
-256.221344
-264.686983
-259.908290
-266.249214
-251.083695
-241.113299
-244.322021
-220.292796
-224.294388
-218.704637
-213.480187
-222.555289
-230.256317
-230.651158
-248.143458
-246.740308
-263.484969
-267.856712
-268.653363
-275.265649
-257.833610
-280.455810
-257.845253
-276.520765
-271.767153
-272.699928
-280.506571
-274.798531
-246.861836
-269.215328
-234.609777
-239.816642
-226.127615
-220.902153
-223.444433
-218.731068
-210.512296
-243.957723
-219.618843
-238.295781
-230.704454
-231.485880
-234.273614
-241.388613
-247.577378
-258.334345
-246.931067
-265.706736
-239.043787
-254.878211
-255.329706
-245.333344
-265.871295
-246.200672
-257.903995
-256.985980
-235.540140
-252.832864
-239.851642
-238.677017
-263.077748
-241.426723
-270.298247
-252.981243
-253.264744
-250.758875
-246.518652
-235.987701
-244.573336
-231.369009
-252.938609
-225.288711
-243.959832
-250.616334
-249.301645
-265.932059
-273.843700
-269.451493
-291.805482
-270.351134
-292.673697
-281.682356
-283.734384
-281.036900
-277.877043
-277.536443
-290.437654
-280.945116
-299.736888
-272.738282
-283.588645
-277.937126
-279.387507
-285.178701
-279.319570
-272.399218
-282.908566
-280.054079
-286.597289
-280.344464
-286.679655
-300.792558
-286.452607
-299.074591
-290.516823
-292.484134
-308.781739
-304.485088
-309.892205
-303.304348
-272.863765
-291.837343
-261.968596
-265.048237
-251.448909
-253.224138
-259.110268
-248.795811
-259.922234
-270.009114
-251.404055
-274.500462
-249.383392
-259.314960
-260.845025
-258.057865
-255.789757
-269.165453
-261.052392
-284.657155
-266.406466
-290.698245
-281.009634
-277.619760
-286.952512
-278.579153
-272.215882
-277.410275
-277.134087
-297.776478
-281.687511
-286.451502
-293.737383
-273.990004
-288.438288
-270.281656
-276.750752
-286.381289
-284.481392
-293.509802
-296.178388
-273.888605
-295.082413
-263.251277
-291.496289
-279.603465
-278.370269
-283.648391
-288.279006
-281.252756
-284.568626
-260.852900
-281.023046
-264.896620
-280.542331
-281.038954
-276.450010
-287.562027
-286.702013
-270.128704
-297.248366
-273.621217
-289.737367
-280.519005
-264.139266
-270.510092
-273.457824
-276.581073
-281.283297
-279.911737
-300.620072
-288.177970
-286.637491
-291.546595
-277.809612
-296.696943
-285.024570
-288.485468
-294.668473
-284.978575
-294.580482
-301.252347
-297.227635
-323.258246
-305.176593
-327.140532
-313.652389
-323.139449
-334.865005
-331.121876
-329.775805
-340.294320
-323.498093
-342.566504
-323.228510
-327.520061
-327.684254
-322.668591
-318.374436
-331.236845
-318.543058
-339.344611
-319.904364
-331.561708
-309.878497
-308.562387
-304.683114
-296.182481
-290.907141
-299.664536
-297.243022
-299.738289
-295.781378
-301.333903
-298.077877
-292.138013
-299.241023
-291.255471
-294.408636
-297.978405
-289.755642
-287.169611
-283.854117
-285.568673
-293.642086
-276.533320
-298.738992
-288.761723
-302.315116
-300.411797
-307.812883
-312.738384
-321.982021
-312.708878
-341.605163
-314.129452
-325.475112
-323.401926
-333.492966
-333.228023
-324.739023
-324.333190
-329.657465
-314.579074
-337.554945
-318.302263
-319.632324
-320.206017
-313.201118
-319.252606
-311.888892
-303.105231
-325.825628
-309.630961
-319.904075
-309.690547
-295.957283
-307.376203
-294.601324
-300.553638
-305.845486
-304.694746
-311.859424
-304.391710
-313.175118
-326.627443
-313.063800
-335.034713
-318.897207
-328.459983
-329.052038
-334.443254
-340.455889
-340.079945
-332.981839
-346.637366
-317.644631
-341.587034
-321.961503
-334.609395
-321.369090
-321.281341
-321.020433
-325.262010
-315.089841
-343.210566
-319.141765
-331.625860
-314.789427
-307.430786
-312.942952
-317.852006
-309.099944
-326.263219
-306.204340
-321.854929
-311.034408
-318.799885
-325.011167
-312.581649
-325.450217
-318.794164
-325.294750
-339.540348
-339.238643
-352.423973
-359.681003
-352.950673
-369.561961
-349.546166
-361.542196
-355.797232
-357.756482
-353.778653
-362.823526
-357.859569
-378.837392
-353.673884
-374.615332
-346.196561
-357.054046
-361.321123
-361.105180
-363.932145
-374.457708
-353.969619
-367.606294
-342.277257
-371.574576
-349.889584
-361.261459
-359.157629
-352.665778
-352.997734
-352.045709
-339.976531
-362.966503
-339.969197
-352.901973
-352.112826
-330.244773
-335.269494
-328.875231
-333.486365
-341.202430
-329.911723
-338.579691
-341.404972
-322.980610
-341.126002
-326.904350
-327.050602
-325.978012
-321.710279
-327.643731
-321.562339
-321.864507
-340.250326
-319.778793
-342.454379
-327.506696
-337.591501
-326.998031
-334.389023
-322.672961
-331.910980
-327.631257
-325.168860
-293.585970
-316.491285
-301.254002
-306.971558
-303.852509
-295.924530
-294.862975
-293.928185
-280.424869
-291.933888
-277.067862
-282.232561
-277.872611
-269.578785
-273.464397
-254.121876
-239.646858
-250.373529
-242.725261
-245.206976
-243.416680
-241.411447
-243.278079
-228.049576
-247.673423
-241.228676
-239.559762
-244.882456
-240.657978
-236.049665
-253.110517
-237.901063
-258.254031
-236.180527
-243.479997
-235.319502
-244.689056
-245.034024
-247.091053
-229.646348
-265.123622
-246.523526
-270.111938
-271.353637
-273.214617
-270.852265
-278.792833
-271.773958
-280.696500
-263.607116
-287.190811
-275.799951
-266.850990
-267.467279
-264.981859
-273.997320
-268.030807
-267.553673
-275.415286
-278.863528
-281.524107
-287.972468
-287.320643
-296.844797
-287.698244
-293.845143
-298.669894
-294.064996
-303.246649
-308.108648
-300.474184
-314.868748
-292.800312
-311.529417
-313.619695
-312.216773
-300.932274
-302.496342
-292.487765
-305.412592
-286.129743
-303.329539
-291.841991
-312.750645
-312.289576
-312.611868
-308.363788
-308.572177
-287.429678
-313.069745
-294.956816
-309.488796
-306.708493
-303.896850
-307.329846
-302.739481
-303.890428
-322.153420
-300.327993
-312.237783
-306.156110
-316.869717
-319.788096
-322.462340
-336.141881
-322.562249
-331.759203
-335.853110
-334.261815
-337.170231
-336.932742
-329.173729
-350.126332
-333.369276
-353.910714
-353.153266
-358.456035
-363.195033
-368.670714
-368.838849
-383.700793
-370.459109
-391.518285
-363.805214
-373.752996
-363.628078
-358.874424
-359.563826
-364.560002
-342.030395
-366.241241
-351.996532
-357.047616
-345.756229
-344.839440
-337.322951
-326.029064
-316.346110
-322.264073
-297.975789
-319.988207
-307.702335
-301.969859
-309.212564
-296.559311
-310.247089
-315.131676
-312.130096
-319.552938
-312.198735
-325.620420
-334.184664
-333.497999
-352.324469
-333.833694
-340.923121
-331.096392
-345.234284
-345.399385
-348.853274
-358.554179
-367.065961
-349.193603
-376.590698
-360.978759
-383.015475
-379.476470
-377.674367
-383.977210
-391.960230
-375.904294
-392.740705
-364.010506
-383.248201
-374.997186
-369.586158
-382.048197
-377.734305
-372.361862
-375.503620
-368.132935
-389.587756
-377.166760
-388.694300
-393.941175
-382.535465
-403.489869
-390.743282
-387.988814
-402.451591
-372.252370
-364.057002
-355.517130
-344.134843
-354.408606
-326.649576
-340.735825
-342.823409
-345.333395
-359.898134
-353.534905
-346.284960
-363.948532
-340.637768
-369.420352
-358.972807
-357.264905
-355.837998
-352.159101
-349.970839
-361.885635
-343.840227
-370.897380
-345.055375
-355.617868
-334.177503
-333.151645
-331.840268
-313.897681
-311.026453
-326.244681
-311.746613
-339.997935
-327.707389
-337.797382
-334.615952
-323.036554
-322.637184
-323.598616
-319.167662
-335.430202
-318.963042
-325.028384
-326.399046
-310.753187
-329.278829
-315.632560
-325.911100
-326.572522
-317.086948
-328.809089
-312.828583
-315.587123
-325.298812
-303.808313
-331.954276
-306.451773
-321.115577
-307.948440
-303.838121
-315.285671
-320.522664
-302.310788
-314.514736
-288.386301
-299.810707
-285.272161
-279.719128
-285.760065
-283.159709
-289.008242
-302.058521
-273.475944
-303.366940
-296.646616
-303.035797
-294.909621
-289.929720
-308.549066
-305.159981
-308.176848
-322.493157
-315.605316
-333.653977
-328.661553
-331.245812
-327.402974
-308.613028
-323.227315
-304.949891
-302.838749
-301.109057
-292.300495
-291.206220
-294.178735
-271.550567
-279.344179
-272.524001
-278.213588
-264.903900
-264.265161
-270.734505
-273.031591
-268.792172
-289.224606
-262.863065
-287.331743
-270.352512
-287.919722
-291.055261
-288.106479
-290.695981
-288.873518
-281.015937
-304.582758
-278.557680
-296.310884
-281.561868
-282.182355
-285.086365
-278.352400
-273.718050
-289.085035
-276.277754
-285.172099
-256.818818
-266.366862
-274.930673
-266.283082
-285.145448
-283.944742
-290.797012
-298.469150
-298.212503
-302.939917
-301.128727
-292.634643
-317.836081
-296.500394
-319.679208
-311.108844
-326.235155
-331.511277
-330.804423
-331.164487
-353.072917
-320.228790
-331.054239
-317.777795
-333.133970
-328.253950
-327.537310
-332.022608
-330.208107
-310.216452
-326.481278
-301.336563
-317.171055
-305.141066
-305.983021
-309.144598
-290.105103
-293.804318
-286.404850
-275.151737
-283.716525
-267.818622
-277.092237
-278.625006
-273.097508
-295.361854
-302.500531
-304.784974
-309.697196
-299.347695
-304.690104
-309.436202
-297.850212
-324.365884
-295.169404
-315.622535
-303.582404
-303.717949
-300.065866
-297.028817
-303.729314
-311.344672
-294.244796
-311.439271
-295.240466
-311.673183
-316.455838
-312.088629
-309.625446
-322.250345
-301.657293
-328.329075
-308.073509
-316.254079
-316.605311
-324.278357
-336.535052
-323.660131
-330.773821
-338.246611
-328.242171
-352.667832
-338.954842
-355.851641
-362.036097
-361.053486
-377.111662
-368.693145
-369.066843
-372.897346
-358.120702
-368.065414
-368.257521
-361.295642
-382.229692
-361.438690
-369.048797
-370.427110
-352.705970
-359.897254
-361.887554
-345.237975
-352.534491
-326.678936
-349.899611
-330.497046
-331.812062
-336.480140
-320.265614
-314.743473
-320.323361
-304.474444
-327.674826
-292.593267
-321.105778
-311.666395
-309.864542
-306.199028
-304.982565
-295.577906
-295.190621
-276.968725
-298.008668
-287.792123
-292.400187
-301.727111
-280.004467
-288.921676
-285.223623
-277.360907
-281.414602
-262.791379
-268.372562
-269.843956
-258.723467
-278.276055
-253.409463
-265.338166
-257.228671
-255.370637
-252.166327
-245.819175
-236.949867
-235.484696
-202.908382
-232.103996
-223.904314
-236.533006
-234.154177
-235.211747
-238.851803
-245.564947
-231.395966
-256.906586
-237.308561
-247.743698
-231.558494
-238.448194
-245.519504
-244.473195
-246.183245
-245.964360
-220.269940
-242.878524
-226.040767
-238.296518
-242.939082
-232.091769
-227.523017
-225.673005
-234.163974
-246.038579
-235.253932
-253.300900
-254.649363
-240.209814
-255.329850
-236.854630
-243.359482
-237.661049
-227.986622
-228.064381
-224.729811
-220.016595
-237.227317
-214.300031
-242.915588
-231.210199
-251.756370
-249.261817
-240.081793
-245.107428
-234.906938
-219.786313
-227.363324
-203.463733
-222.309200
-201.590159
-197.428082
-196.008335
-194.874290
-206.093555
-212.349821
-195.278151
-211.904800
-192.178466
-201.571085
-200.354190
-193.769462
-192.533992
-184.936232
-175.457982
-176.051807
-161.190470
-169.564480
-177.024644
-172.894577
-169.172478
-167.160377
-178.775207
-171.067813
-180.137212
-181.589493
-174.962703
-180.440596
-183.339990
-173.280844
-199.387950
-166.766754
-182.154261
-169.704771
-149.443314
-160.890811
-159.492054
-149.718422
-167.608849
-138.801821
-164.880303
-154.753744
-168.725870
-162.043570
-168.738626
-159.887989
-173.658921
-161.873324
-185.549634
-166.530082
-185.499368
-190.755580
-184.007806
-193.156690
-186.195089
-175.427971
-192.550914
-171.522941
-178.358633
-172.180528
-175.482847
-170.698938
-166.982649
-187.898343
-177.484483
-177.600238
-178.638989
-172.514302
-174.975294
-172.505633
-155.169881
-178.793226
-163.982909
-176.175121
-161.291620
-174.782979
-173.620072
-166.116840
-167.964924
-179.742251
-157.640802
-180.304078
-149.111954
-165.145687
-153.240002
-166.501386
-169.670616
-162.185984
-157.068280
-175.511210
-161.104631
-188.269572
-168.989493
-182.206381
-185.615132
-188.780601
-186.205405
-187.757437
-177.702799
-187.718603
-172.699820
-177.454554
-173.863382
-168.466172
-173.655631
-154.403495
-156.253148
-152.477274
-147.428078
-158.121298
-156.394855
-154.942947
-158.721400
-140.949015
-152.311943
-128.128915
-136.983195
-125.793737
-122.586237
-122.622757
-139.923846
-131.849758
-147.392282
-125.963951
-148.295382
-144.342069
-148.228227
-149.267528
-162.653568
-153.732833
-168.287035
-147.835426
-160.430141
-141.968675
-151.149171
-158.486892
-148.720200
-154.031747
-155.659716
-151.866741
-170.652695
-166.731684
-173.038520
-158.715623
-162.390449
-173.519248
-165.345446
-168.598434
-166.052799
-170.668755
-178.097359
-173.088887
-167.115365
-175.344295
-160.300265
-178.124174
-160.568094
-175.238285
-172.298100
-167.486310
-176.534725
-183.362380
-175.738377
-204.295425
-190.366596
-208.890776
-184.183424
-181.711445
-180.313027
-178.174666
-172.879705
-183.788741
-171.107400
-185.174165
-177.824432
-183.556014
-174.228619
-176.519091
-189.162269
-197.436381
-194.003089
-203.145886
-193.350239
-213.924102
-228.774991
-225.928666
-234.191613
-226.878555
-222.298283
-215.488914
-208.360666
-214.570447
-208.521816
-207.735714
-221.858707
-208.389210
-219.226907
-215.969907
-220.570583
-214.098217
-217.175943
-216.496140
-225.794944
-200.732133
-216.199739
-204.170479
-204.996346
-199.322557
-201.144819
-202.826299
-210.443217
-207.856061
-234.440227
-218.197068
-237.541846
-225.864322
-224.962904
-219.750828
-217.094311
-195.412680
-209.869411
-191.311114
-194.794851
-199.232401
-195.793694
-194.415320
-189.833049
-199.863731
-190.836536
-185.250164
-196.342877
-181.261503
-180.663244
-183.572209
-174.417535
-184.050303
-162.158888
-171.719074
-161.932459
-144.642966
-149.426554
-148.724194
-139.914964
-152.995128
-137.986915
-153.546624
-131.398473
-146.705267
-146.128509
-147.983815
-150.455164
-158.625297
-141.719960
-162.461554
-140.927708
-156.744918
-152.555117
-153.741323
-164.875822
-172.572301
-155.877460
-178.231859
-165.151253
-184.860277
-176.168077
-189.753827
-191.855700
-183.215332
-188.196696
-193.119682
-191.174069
-206.987492
-187.883735
-188.096200
-181.725397
-173.263353
-192.903876
-178.105555
-185.664072
-193.053951
-189.959193
-197.433289
-200.560849
-197.222473
-213.019915
-186.378743
-201.512738
-187.490362
-187.337968
-203.069388
-191.536977
-199.696225
-218.062340
-192.965926
-221.406864
-187.626783
-209.959429
-198.876167
-203.448659
-210.598095
-212.342572
-208.394243
-229.199800
-208.369435
-230.305612
-216.201057
-222.992032
-229.353976
-221.970767
-220.488121
-222.090566
-204.562158
-208.562337
-200.348248
-212.760583
-210.703395
-198.808022
-210.313706
-186.472688
-187.289750
-188.877853
-181.149846
-194.335550
-180.588554
-173.661427
-191.716471
-164.862304
-190.556782
-178.205960
-194.241489
-211.143895
-211.058706
-210.504582
-221.479852
-201.164823
-221.747539
-204.287205
-223.483676
-210.785305
-216.516043
-219.332170
-218.671579
-217.272249
-229.686461
-215.881826
-226.258049
-214.994807
-225.456223
-232.257279
-214.250233
-203.253858
-204.712676
-179.388322
-186.448421
-168.983736
-178.412037
-170.780645
-164.487032
-177.645076
-164.751186
-169.226363
-173.969040
-166.953605
-177.197365
-167.134040
-165.194780
-170.459904
-145.436588
-159.558941
-150.481688
-166.598305
-162.598394
-157.493247
-161.913810
-174.594361
-165.219706
-183.625477
-163.193237
-177.320040
-169.935880
-180.821417
-178.296439
-175.978007
-182.148886
-188.017287
-168.335467
-200.401040
-175.797196
-192.398476
-194.934072
-187.591992
-196.668825
-182.013396
-183.519917
-210.868524
-183.784312
-197.792582
-196.088225
-187.002996
-204.729935
-188.311161
-195.620173
-194.306649
-183.798117
-198.153919
-188.199809
-203.413096
-195.329965
-184.483020
-210.394254
-196.744165
-206.107987
-205.389995
-210.067812
-213.492126
-221.181425
-227.364958
-238.628559
-215.870893
-225.308594
-206.986528
-218.805848
-215.252767
-216.020676
-212.511001
-219.209640
-197.499566
-218.285518
-195.447967
-205.773729
-196.021120
-189.785427
-202.847123
-195.412870
-187.891491
-201.666980
-186.910173
-209.765973
-197.388850
-203.045932
-207.103537
-196.140360
-204.808065
-206.538475
-203.424233
-213.971721
-200.613782
-218.794975
-221.492829
-207.763193
-227.763330
-214.543860
-215.621907
-205.170244
-193.348004
-200.017558
-199.506405
-186.974933
-209.359977
-182.543281
-194.221090
-174.800890
-176.858280
-179.267488
-171.488216
-172.009026
-179.784414
-149.437775
-174.388606
-155.860093
-174.673428
-165.276968
-170.801246
-183.651021
-183.259315
-173.686828
-188.846715
-166.608279
-190.249878
-179.314194
-181.202728
-182.120155
-176.023478
-182.785271
-183.681406
-166.990319
-181.595345
-163.539721
-179.096704
-178.414495
-168.536419
-190.717841
-172.221166
-185.610919
-187.237025
-176.807527
-190.470376
-195.393141
-194.684140
-204.100352
-171.929426
-193.399277
-180.084103
-190.503939
-192.600841
-191.965766
-180.525216
-184.798420
-173.953102
-198.627614
-188.009611
-209.422631
-196.077585
-198.542535
-208.699575
-199.608556
-192.481618
-215.921945
-194.980978
-210.808671
-201.944967
-197.082268
-191.644351
-188.482219
-201.131972
-195.851933
-186.143724
-196.564643
-172.894405
-171.268202
-173.299023
-159.185398
-169.660320
-155.187889
-159.627808
-163.900635
-158.998841
-177.246841
-183.168546
-179.530472
-195.278524
-172.778081
-192.966551
-180.925803
-188.335261
-196.211206
-195.082608
-193.451499
-207.012810
-179.759146
-203.802911
-167.732642
-184.988479
-165.492273
-165.927660
-165.633123
-162.989978
-161.052644
-186.042848
-161.482148
-195.300381
-189.072111
-187.739049
-192.947092
-190.265071
-184.529873
-183.510876
-178.027431
-197.021224
-181.571562
-199.804319
-215.733127
-203.768133
-227.424396
-213.412858
-215.791320
-221.234388
-206.644858
-219.109390
-224.437354
-218.940984
-238.801891
-225.619605
-262.181821
-249.603841
-249.424299
-243.355447
-232.195397
-223.966208
-237.432856
-220.262246
-234.826521
-224.160928
-233.738651
-214.247194
-210.363657
-201.316386
-193.199414
-169.967506
-188.628478
-157.343393
-181.390568
-170.025603
-170.672295
-175.227994
-168.520863
-170.601994
-166.981719
-156.686858
-182.077359
-158.300821
-165.091823
-154.680799
-146.905484
-163.667121
-153.872989
-151.514557
-161.592817
-139.136661
-149.883356
-155.119552
-143.484264
-156.064290
-141.433899
-149.742822
-139.884473
-134.550155
-135.465551
-137.429960
-136.289082
-154.456816
-133.720049
-159.823523
-127.633718
-148.167138
-149.347092
-143.254485
-147.828596
-152.482081
-139.408156
-161.484015
-136.456987
-163.679272
-136.368487
-141.582836
-135.481537
-133.216423
-131.140688
-120.380898
-105.932391
-120.266621
-103.693336
-122.256804
-121.109594
-126.645432
-142.186873
-142.148354
-148.423002
-147.993012
-158.577783
-165.113579
-156.224010
-161.289115
-168.592506
-148.806147
-178.425804
-168.879545
-179.477253
-181.887646
-175.374274
-172.731338
-183.668017
-177.892601
-196.753022
-181.572538
-200.999337
-180.780850
-191.297933
-184.163365
-186.593490
-179.809012
-180.507725
-159.573566
-189.924539
-162.246797
-187.813770
-183.762370
-177.561297
-184.812402
-179.540928
-181.066495
-180.194179
-173.938547
-190.325682
-172.379684
-165.959894
-168.800364
-165.983932
-170.269963
-169.329800
-172.339658
-181.783978
-184.015425
-198.160354
-212.328014
-195.431178
-216.824456
-202.626026
-204.095572
-205.218827
-201.820261
-205.013390
-209.979433
-204.017043
-222.617507
-208.577278
-221.605594
-196.714152
-209.273700
-204.966282
-199.381387
-197.638189
-197.867016
-179.127952
-186.550940
-160.358574
-181.976709
-159.954937
-166.578179
-162.636162
-142.238159
-145.741219
-149.737477
-135.368581
-152.135636
-126.713783
-132.511693
-131.766436
-126.521330
-132.363332
-119.804934
-115.971907
-111.351363
-87.242982
-94.567058
-89.653023
-80.594715
-80.868646
-69.573634
-76.558769
-60.126089
-74.153405
-77.059919
-63.061681
-66.875461
-72.887869
-60.707997
-86.118064
-66.014815
-81.441666
-69.757447
-72.278192
-70.471831
-77.495340
-72.366874
-88.529736
-63.150939
-92.208974
-81.032351
-82.294987
-72.679614
-69.974654
-66.278410
-70.147377
-53.738904
-60.084333
-46.094964
-65.824847
-58.167461
-60.183944
-61.215989
-55.302053
-51.388193
-67.532784
-44.354585
-50.395361
-47.131197
-38.421380
-47.935368
-35.280034
-47.719081
-35.351364
-31.357551
-29.610241
-23.913045
-18.573332
-28.830667
-10.718475
-28.473513
-8.744191
-21.457676
-19.685961
-28.328315
-22.832449
-43.488092
-24.932458
-44.374108
-20.539058
-37.110142
-31.446289
-31.945337
-33.182452
-33.009479
-24.241051
-39.111864
-14.517984
-40.417854
-37.640882
-52.027079
-54.410765
-56.242267
-60.224689
-68.210518
-56.288564
-78.192717
-72.437394
-84.206807
-85.476910
-83.345050
-98.554727
-93.698423
-105.074626
-110.830832
-106.812394
-116.345958
-108.537153
-109.835431
-129.536412
-114.749613
-137.543696
-127.578012
-130.923122
-123.188668
-121.111198
-116.364353
-136.596824
-114.512634
-138.673896
-129.830671
-136.599284
-128.687170
-125.292217
-124.436509
-129.938092
-110.354603
-131.100019
-101.394292
-110.770009
-100.146865
-101.796887
-100.854500
-93.796908
-93.689869
-99.902293
-76.328907
-99.973457
-91.802825
-100.429239
-106.256603
-86.511256
-102.817267
-91.621808
-90.750274
-100.693143
-80.418213
-93.558807
-92.355591
-85.190921
-97.737645
-77.934192
-86.472305
-67.159155
-64.240326
-61.308976
-55.960907
-55.423844
-71.333914
-48.355732
-83.285243
-71.805687
-81.542059
-82.106179
-71.758383
-81.766434
-92.492987
-69.855621
-97.222051
-75.767135
-100.097435
-85.879124
-94.792050
-103.610666
-88.756506
-92.900486
-96.822115
-79.436244
-99.286616
-84.629475
-98.709827
-103.262030
-97.559397
-100.705041
-83.074947
-75.372871
-86.598930
-77.077720
-96.686119
-99.727460
-98.300190
-112.406403
-84.045061
-99.479755
-95.281640
-83.838579
-86.513053
-64.945453
-65.848032
-68.854548
-43.528208
-57.220100
-44.982862
-63.690277
-57.284397
-53.474327
-57.326008
-69.641406
-54.331997
-74.975628
-46.545896
-65.315051
-37.724670
-45.072062
-44.094776
-28.218325
-31.334306
-36.555411
-27.054571
-50.593851
-26.988586
-28.745092
-27.266919
-24.115715
-29.587148
-20.993960
-28.163275
-29.875156
-7.227305
-21.064107
-13.740776
-2.615885
-16.553434
-4.363293
-17.393361
-24.175546
-19.437698
-27.327199
-25.340878
-30.319377
-38.207479
-22.761409
-43.082490
-17.776866
-25.793229
-16.180243
-6.635813
-11.262449
-1.776687
14.053526
-2.283171
12.588562
-10.676051
24.533804
10.659799
11.492796
7.852670
1.265340
-6.302435
12.049353
-13.364519
0.415581
-14.438910
-13.384722
0.664183
-8.764558
-2.732123
-1.506459
-6.553060
5.235847
-6.930493
4.780688
15.294679
14.072898
27.463119
16.672019
33.109717
20.969156
6.678257
15.146265
1.617277
-16.453867
-8.724191
-26.060232
-16.531237
-36.868869
-27.684314
-28.682512
-29.736959
-20.058020
-8.593821
-22.412233
-0.384659
-26.155434
-9.955292
-24.283426
-21.802314
-15.147933
-18.337384
-28.002183
-22.210613
-39.326555
-5.405860
-20.776398
-3.671024
-12.524951
-28.051277
-17.639133
-16.411212
-19.349540
-6.612967
-18.898418
-1.447751
-2.367751
-11.547136
-0.391312
-10.994499
1.530875
7.118973
10.948435
16.684780
11.268053
9.888611
15.167308
-19.739599
5.364997
-15.235107
-22.378343
-21.709494
-30.605609
-36.732445
-26.652168
-48.956301
-18.293543
-36.501576
-13.012265
-22.582233
-28.811579
-20.988648
-12.716130
-19.441463
-13.444410
-44.883071
-31.620516
-58.222483
-48.731708
-51.667795
-49.505060
-54.420875
-45.195897
-45.729945
-32.296380
-44.270429
-38.783333
-43.232289
-49.092835
-44.112916
-58.336066
-54.633437
-51.530811
-65.039502
-58.471533
-54.187008
-59.698962
-44.071364
-64.079363
-50.275941
-62.435919
-62.904157
-58.969617
-64.340095
-57.069034
-57.557347
-71.488533
-49.922999
-59.569783
-33.996607
-42.292664
-38.444241
-41.981507
-32.691919
-35.855861
-13.848546
-28.563305
-9.726067
-21.429590
-12.871255
-22.333643
-33.788532
-26.609243
-28.786045
-30.734564
-11.323385
-35.694844
-21.433752
-22.394659
-32.000070
-20.746472
-35.215470
-45.876340
-37.276726
-54.434980
-49.941350
-52.599289
-67.612091
-53.928453
-82.798794
-58.645717
-68.280527
-61.956546
-54.422460
-58.310650
-61.488645
-54.409529
-75.508142
-48.019922
-68.063935
-52.376040
-79.602003
-74.084720
-74.566169
-76.268637
-85.493191
-65.773035
-103.381821
-78.988992
-98.514293
-93.213561
-84.213170
-93.790099
-89.969979
-75.654587
-95.146071
-71.245198
-76.749291
-58.037787
-48.797066
-64.418408
-50.328874
-60.442317
-64.245728
-45.938767
-60.599582
-40.198708
-46.224979
-58.083674
-37.894761
-54.796009
-29.614835
-35.441729
-37.907412
-40.184973
-36.505683
-32.017813
-26.308179
-39.272738
-25.725886
-38.689679
-16.955393
-36.483988
-33.597739
-22.633199
-21.599217
-34.321532
-9.876307
-26.557274
-9.723217
-23.568429
-10.557315
-5.779560
-8.776781
-22.295030
-15.359745
-28.815420
-6.468826
-13.838069
0.099302
-9.764232
-7.203000
-0.261790
-29.506176
-25.771857
-29.535695
-34.295149
-12.968373
-30.630675
-18.735699
-20.908041
-36.874994
-38.458791
-53.895682
-33.441488
-30.686858
-44.222275
-46.382449
-37.468657
-46.682922
-33.270810
-44.581238
-23.021810
-28.699895
-19.411105
-21.604869
-27.475183
-36.155236
-12.931635
-35.667747
-30.478047
-46.340380
-28.956820
-42.273590
-42.517144
-35.037109
-50.823232
-50.009187
-41.413220
-64.331722
-56.666714
-68.672237
-69.629884
-54.403701
-54.305346
-58.799746
-57.560362
-73.081197
-67.484230
-88.217052
-85.226660
-90.698887
-88.464569
-76.920049
-93.126388
-85.679574
-87.109460
-90.459510
-91.746679
-90.654270
-99.624509
-85.538769
-105.476558
-72.124409
-100.092562
-98.900830
-99.749058
-108.534935
-104.359157
-97.382070
-108.271871
-89.965791
-117.232076
-99.281382
-116.465415
-112.258311
-104.288994
-105.632563
-105.540007
-106.811152
-124.199632
-105.713598
-132.212424
-131.940120
-139.223731
-142.166644
-121.505327
-128.029112
-131.548188
-115.794949
-129.149250
-109.612018
-128.329768
-130.358337
-124.084543
-148.382352
-141.307655
-149.785534
-142.730074
-131.096221
-145.162032
-130.125856
-133.169001
-147.608363
-121.585126
-135.999971
-116.863980
-115.493323
-111.308275
-97.261693
-104.285311
-103.355996
-92.614381
-112.539667
-87.636064
-107.136626
-93.335109
-103.047145
-105.341550
-108.889713
-116.120144
-130.169108
-108.947130
-132.560986
-127.184165
-129.144225
-138.786476
-126.933270
-130.684107
-132.950073
-117.307187
-125.860964
-110.631696
-130.882808
-123.951535
-127.150913
-138.544340
-132.851422
-129.327862
-135.603003
-133.520440
-136.354467
-139.037332
-144.193433
-157.783213
-135.793247
-152.482453
-147.250009
-144.906074
-152.926933
-161.510826
-154.837252
-162.862612
-146.846648
-164.092770
-140.622013
-159.884194
-148.606508
-154.231949
-150.531264
-156.504425
-150.381105
-172.903563
-161.038107
-172.155771
-160.747106
-160.068856
-157.930925
-149.944963
-151.153211
-155.638484
-139.922055
-149.871348
-150.505308
-151.264209
-161.609042
-149.313367
-152.363382
-158.194267
-147.910902
-156.235287
-148.036274
-145.428809
-146.551203
-131.481282
-143.844863
-137.216956
-144.659742
-136.887375
-136.354578
-130.200220
-126.373737
-109.205711
-113.417669
-84.400588
-108.437004
-100.008365
-109.323350
-104.346634
-110.818482
-106.906056
-119.336411
-102.366759
-116.675296
-104.141142
-125.964134
-123.741528
-126.922991
-122.633304
-118.461220
-108.146251
-119.606172
-104.722339
-108.469117
-98.237650
-103.928360
-94.978392
-79.848253
-88.925525
-91.474665
-86.374448
-104.223824
-89.538355
-101.560491
-106.822266
-93.379133
-105.229058
-93.102848
-100.650005
-89.897966
-87.105432
-78.667065
-84.333546
-63.717878
-82.469044
-65.720639
-76.083671
-65.615862
-66.327948
-54.966141
-55.097565
-38.044157
-57.546426
-25.715901
-48.523755
-42.400770
-56.349162
-52.838765
-55.135503
-62.095336
-70.312061
-61.981186
-68.986973
-45.598711
-62.610711
-51.997575
-50.835172
-53.412952
-43.259890
-56.825784
-60.682918
-50.546610
-66.357239
-58.370653
-65.944035
-70.931116
-65.363167
-85.489373
-68.258015
-78.500242
-86.609118
-78.629900
-77.914932
-80.387709
-64.307879
-81.375868
-65.000153
-85.783468
-77.336657
-79.547644
-89.334132
-82.972736
-75.409285
-94.960925
-82.250478
-104.824910
-89.828490
-107.652176
-96.438862
-105.896061
-106.095662
-112.708465
-88.281884
-110.204456
-88.120774
-107.533109
-95.578747
-102.150843
-118.321146
-107.940286
-110.206290
-95.880319
-82.343054
-98.633803
-75.731680
-93.258847
-93.959205
-81.505950
-92.605755
-80.541517
-86.951922
-89.122104
-71.611061
-80.539461
-83.246222
-72.577794
-100.059321
-76.628604
-110.239672
-97.205108
-101.488339
-101.547413
-99.286897
-96.450010
-105.613146
-85.480032
-109.628741
-81.041204
-106.739951
-90.511812
-98.056661
-109.587368
-100.867643
-103.837256
-120.538701
-100.026751
-122.668864
-109.503022
-118.863261
-121.676764
-116.794576
-118.060825
-113.824566
-109.749765
-116.211454
-86.393223
-99.789145
-96.830495
-82.797239
-103.612102
-82.855161
-99.949586
-94.295568
-85.035846
-99.787953
-99.924526
-96.806184
-101.149195
-82.467714
-93.970759
-64.625207
-77.063635
-68.259479
-59.296986
-62.672539
-64.817341
-43.748804
-66.354915
-32.005345
-53.730900
-36.386682
-44.169534
-60.700014
-59.002214
-63.914430
-78.318536
-63.967843
-93.620250
-74.016159
-91.583638
-88.821013
-97.190829
-103.579185
-107.214076
-103.232726
-122.548719
-100.642172
-114.558994
-107.753658
-108.689500
-119.387817
-108.049172
-126.039279
-117.592801
-115.531109
-122.563045
-123.261203
-119.775181
-119.979910
-112.782083
-128.509499
-110.470372
-110.112484
-98.069063
-83.585481
-94.910280
-86.794550
-71.641515
-91.986836
-58.117031
-83.105387
-56.440274
-62.734711
-54.241525
-57.375267
-55.021962
-61.750718
-49.556546
-66.258185
-43.656351
-57.265326
-43.277636
-39.274742
-42.451647
-38.433280
-40.327382
-44.631404
-32.813527
-50.195062
-43.207422
-44.709374
-45.579166
-31.022686
-43.360225
-38.320373
-37.554485
-51.139454
-39.541785
-31.762904
-27.604208
-12.502051
-15.883837
5.118842
-8.977781
-13.664450
-8.392307
-10.326978
-15.919290
-8.740932
-17.672547
-7.433918
-25.917911
-8.205097
-15.714346
-17.920014
-17.496984
-16.640348
-22.740562
-13.718631
-33.445258
-14.060542
-38.121065
-24.710495
-24.084076
-24.697695
-25.920351
-16.894176
-26.989509
-8.660409
-36.622707
-30.127557
-31.853383
-40.393262
-28.399543
-49.435723
-40.430225
-20.157076
-38.475024
-26.429164
-18.326709
-30.591783
-8.128763
-27.116122
-14.034224
-16.970876
-16.842064
-9.810026
-8.358859
-22.619382
-12.484365
-27.038890
1.002723
-23.215491
-4.051193
2.898889
5.291316
16.228467
10.994985
-12.106457
8.910680
-8.795433
2.672401
-7.372455
3.859743
5.082477
10.698920
10.143305
11.566983
-1.326094
12.730673
-6.136470
4.075397
-2.267624
-18.087547
-8.805922
-7.735335
-30.052089
-7.341759
-22.877794
-19.890058
-24.554404
-30.532076
-24.017785
-46.873356
-35.996702
-35.863785
-41.662832
-30.623861
-43.690760
-29.143464
-4.192858
-27.751013
7.022823
-13.198256
-10.810199
-18.780490
-21.805336
-42.540053
-31.817695
-37.561643
-25.103141
-43.118000
-29.272745
-51.777951
-63.838931
-72.975893
-67.908025
-76.977016
-73.620504
-84.173985
-61.491180
-72.119662
-84.321791
-81.232036
-93.722500
-85.352761
-86.937441
-92.098574
-75.013551
-91.104151
-84.115632
-85.387999
-88.843441
-80.070417
-89.384283
-76.482306
-79.816975
-96.350477
-88.436488
-93.054413
-99.085410
-75.138741
-80.528622
-86.352008
-106.207843
-95.307957
-97.995581
-92.167218
-94.844945
-90.997811
-101.199677
-81.000137
-107.934811
-94.603820
-117.505324
-113.230212
-99.924664
-98.526308
-99.610261
-101.230477
-120.364799
-99.072549
-120.232678
-115.032603
-131.521090
-122.883335
-119.335964
-127.128815
-107.649748
-96.722560
-123.778304
-97.025300
-132.914756
-120.247023
-106.615473
-115.214365
-101.574977
-113.894363
-108.369313
-114.794870
-128.401332
-114.041678
-122.760602
-125.221120
-108.814126
-128.452443
-102.290174
-119.252481
-112.691438
-107.804127
-111.923197
-113.926918
-105.507491
-125.406663
-112.742009
-116.080554
-100.338235
-102.347811
-94.548817
-98.411972
-96.130127
-104.438272
-88.082229
-115.901733
-94.818658
-104.611427
-107.715721
-104.465712
-96.880484
-92.145206
-81.972568
-88.464009
-71.022429
-78.281543
-69.917131
-70.852557
-68.336878
-53.278372
-64.077419
-49.875264
-39.018288
-54.055823
-38.573607
-29.212595
-31.743754
-11.662267
-28.419524
-21.490528
-39.677906
-43.521045
-33.172665
-28.128495
-23.627506
-2.071175
-23.346797
7.861485
-16.743975
1.210902
-3.510728
4.780012
-4.375157
-3.785862
-5.173214
8.157426
-23.320608
4.153666
0.345959
10.975052
2.751506
-1.495570
5.467117
5.425368
0.497465
16.821084
15.622011
39.642026
43.880741
32.207925
45.592406
43.774339
46.932480
49.792119
47.682000
57.472038
41.699195
29.267186
36.348888
15.853967
34.523628
27.836261
43.959294
35.094542
40.308075
48.895875
45.695039
36.308180
62.198117
29.950443
47.754320
48.545458
45.219191
47.664673
53.593257
40.496224
43.898331
28.318082
52.814172
23.969123
24.141127
17.691925
15.801685
14.145720
23.349358
16.654026
37.128422
14.966650
26.167468
19.421769
29.970022
24.566812
15.050336
21.894730
17.728326
8.729228
19.698250
13.170828
8.212640
21.802965
4.941911
20.614898
18.315978
22.286253
24.363333
26.558287
27.390819
34.204124
30.309500
39.314637
26.656208
34.008803
34.029253
27.886333
26.921414
26.393605
12.982421
31.179009
5.322903
23.279704
2.257551
2.694194
1.476600
-5.363617
-9.329437
2.964611
-14.270529
3.224636
-13.226514
-2.228327
-10.180290
-12.696789
-8.747685
-21.453586
-29.740567
-20.261796
-39.487883
-32.998738
-39.787777
-51.721780
-37.429480
-49.042418
-45.053031
-61.473619
-67.216298
-83.488222
-93.616320
-107.429070
-100.019798
-107.033476
-74.871047
-78.616337
-69.920813
-67.594064
-51.340992
-49.353472
-37.878198
-41.427387
-12.911115
-24.922575
-8.149114
-17.900226
-9.095914
-6.354824
-8.145437
-11.503513
1.206187
-20.979709
-1.942786
-10.673741
-5.680017
2.351224
-2.114226
-6.230747
-4.984949
-7.311699
-4.547231
-19.941429
-14.375146
-16.078915
-21.931098
-7.848726
-27.924986
-21.039776
-26.326464
-37.237974
-19.810271
-22.283057
-24.717834
-10.071865
-37.325777
-22.708768
-37.344706
-21.709641
-23.667993
-26.257920
-24.441511
-10.220460
-31.196386
-11.182263
-35.261289
-21.028727
-33.795465
-33.119861
-33.793719
-36.068998
-40.331135
-28.552564
-48.048064
-22.525814
-33.610147
-24.572408
-35.056765
-43.726957
-46.612199
-46.695162
-49.018124
-33.868038
-52.254013
-59.666152
-70.755304
-76.750765
-60.887349
-68.047144
-58.562902
-54.657552
-55.935026
-48.522848
-49.517649
-56.755068
-41.540901
-56.271303
-37.749644
-48.420113
-48.419206
-39.492014
-42.494998
-35.174159
-15.484626
-23.406854
-0.227610
-26.469385
3.926595
-4.467865
-6.195806
-11.764213
-8.865342
-17.720753
11.834170
-18.180125
10.668906
5.852700
18.180472
22.907307
12.483128
30.012834
29.139913
17.580886
35.107568
16.308094
36.317411
28.221691
32.877733
40.267960
28.455731
35.968069
31.483237
15.956826
33.252819
28.114434
28.665502
36.262549
21.003269
45.513054
32.585615
46.400163
41.640363
36.823705
35.112980
31.647300
9.366768
29.245921
6.457363
32.117358
24.823768
17.005503
24.298439
21.589670
11.750259
22.652654
-3.505227
22.286818
-2.037469
11.360099
-4.301128
-12.840367
-4.963066
-12.984034
-7.957330
-3.978278
-26.056446
-0.423331
-17.087977
-22.787238
-6.495812
-17.880400
-4.183932
-1.734055
-13.086059
4.564370
-14.033914
-0.042730
4.735477
-0.754752
25.614392
13.853423
13.837084
17.414699
14.160102
19.018834
19.733577
6.971438
25.201345
-0.703833
25.695536
16.161526
24.253662
22.062319
20.892814
20.091181
22.454653
-0.042065
19.372183
10.179995
24.203560
18.363076
16.346622
19.367555
8.362590
5.215242
12.649135
-11.246928
-1.148833
-24.286403
-13.830077
-4.613850
-17.404787
-13.400746
-22.962817
-34.343554
-32.936045
-52.087377
-46.704899
-44.840329
-54.968687
-41.203880
-55.709592
-43.677841
-54.591670
-65.941994
-54.759446
-55.430474
-56.472617
-53.031510
-67.700247
-42.832764
-57.868415
-46.593420
-44.036444
-44.135860
-44.983358
-39.229403
-48.159000
-14.319888
-41.594405
-22.658355
-34.243610
-37.821873
-36.814344
-33.833565
-27.581016
-14.831572
-46.929298
-29.632939
-46.987455
-55.095141
-61.636113
-61.055836
-61.046420
-65.893204
-64.392591
-49.372306
-55.343790
-38.435383
-30.294885
-34.212283
-7.591255
-30.157529
-17.468554
-12.857018
-26.427292
-22.242909
-23.759105
-16.705135
-0.713014
-37.622578
-9.803347
-34.965209
-37.277635
-36.387420
-37.880730
-49.096462
-43.275428
-60.261265
-31.912723
-60.581956
-49.111932
-48.310302
-56.407867
-49.789692
-49.202757
-57.716669
-41.830637
-64.204086
-43.302454
-59.722434
-49.813351
-34.675338
-39.765226
-33.107879
-24.179388
-45.311627
-30.836099
-45.815526
-35.023406
-38.136345
-51.138172
-35.402111
-49.629254
-43.298481
-44.108686
-52.560242
-44.230144
-51.441030
-54.029412
-36.718740
-58.358961
-40.888392
-49.223838
-40.236164
-42.580741
-49.671233
-54.017508
-44.813922
-54.827476
-24.639001
-46.019713
-28.440013
-54.258559
-52.728758
-52.714158
-54.500021
-60.673345
-36.593474
-63.879389
-62.264767
-73.595055
-66.384327
-55.714021
-55.868660
-53.823261
-53.399624
-61.941534
-34.967346
-67.271320
-63.565280
-67.099423
-77.111319
-65.696734
-87.917392
-95.412261
-91.049978
-114.614212
-95.576163
-88.016632
-85.514229
-78.328854
-88.330376
-67.892088
-92.623783
-86.193230
-80.656996
-75.196374
-71.186973
-72.520486
-71.298484
-54.488667
-80.692089
-57.474345
-63.446183
-56.947782
-56.470574
-45.397070
-54.566154
-34.731809
-38.350050
-27.962736
-41.418780
-32.472520
-30.797083
-32.214024
-37.777292
-39.635923
-54.048747
-37.057575
-51.547532
-44.202694
-63.287411
-53.957245
-43.089512
-54.289986
-55.044988
-44.517246
-60.533634
-57.757926
-63.596263
-59.260027
-43.369978
-65.374206
-51.544513
-67.675415
-72.061464
-87.828869
-99.042574
-105.470199
-105.363392
-126.909232
-113.919393
-135.174013
-109.623025
-125.109603
-119.682982
-118.375372
-117.459079
-126.359514
-95.134620
-123.398343
-106.154792
-130.794700
-105.911058
-119.542160
-130.112536
-115.306444
-114.179510
-114.290517
-108.177611
-122.000216
-97.226091
-103.919973
-104.716003
-94.307183
-107.269250
-109.756015
-102.312294
-87.424804
-74.128653
-75.724741
-86.141608
-74.497891
-91.751980
-74.495524
-88.780502
-81.421417
-81.094468
-89.805004
-92.195440
-83.326580
-80.997378
-74.799555
-95.089740
-73.733135
-98.105970
-86.259673
-91.526079
-101.181299
-100.505938
-90.909268
-99.118538
-85.104903
-112.427644
-89.224472
-101.049426
-99.634908
-104.373789
-121.559220
-119.374617
-106.851009
-129.164664
-107.902596
-128.284219
-117.795609
-123.987734
-137.180981
-126.259429
-130.942198
-134.553540
-130.239602
-137.043265
-128.213286
-139.923105
-143.408951
-129.024255
-143.988610
-127.449598
-125.361835
-123.971717
-120.331687
-119.627024
-117.091820
-97.947791
-128.259119
-108.708831
-127.774375
-113.663029
-113.633277
-109.379777
-109.631031
-108.974540
-120.964070
-98.984622
-118.055247
-96.871745
-113.044606
-113.679845
-104.701723
-113.365410
-103.548289
-101.080954
-108.255355
-83.038966
-101.195950
-91.984350
-91.080447
-94.124828
-86.649838
-85.749760
-79.940795
-74.433967
-86.094892
-76.272707
-84.704902
-79.587192
-61.641354
-81.216176
-73.515851
-78.595971
-74.614406
-86.170917
-110.104915
-115.395858
-100.136679
-113.072831
-82.891325
-85.200054
-69.626320
-66.322803
-53.320876
-56.117640
-54.191283
-52.500568
-31.205010
-51.150008
-35.466035
-39.954244
-36.538383
-33.156288
-26.031838
-45.854840
-32.038258
-73.549271
-63.229694
-74.912116
-83.435884
-78.625874
-86.880098
-87.056570
-82.269188
-96.644055
-83.961989
-93.346329
-75.712521
-71.200311
-70.729093
-58.055055
-62.594142
-70.208713
-73.113430
-77.078589
-70.427680
-63.628090
-83.693130
-67.854291
-88.006397
-78.262448
-88.370919
-91.190496
-89.014444
-80.559009
-75.113625
-47.757830
-59.308295
-39.565144
-50.511015
-30.345432
-23.632781
-26.663534
-22.183692
-13.503456
-34.307693
-14.341527
-37.735936
-21.002058
-44.062231
-42.745987
-35.460035
-48.962856
-41.749050
-20.203206
-30.386826
-12.231341
-13.936945
4.385544
7.819293
-1.595982
5.341905
-8.104844
-7.774692
-5.912097
-13.370469
-19.318438
-21.567357
-30.582813
-30.310031
-51.010439
-35.586999
-45.822463
-44.112599
-34.582548
-48.142687
-46.821373
-32.542602
-63.644136
-38.527656
-61.284397
-43.663445
-48.398003
-43.406054
-38.556386
-31.702407
-38.562957
-14.821271
-45.985750
-28.308593
-40.726277
-47.383755
-45.854238
-48.380214
-47.824857
-43.590337
-49.637868
-20.721427
-37.247909
-15.396292
-10.880393
-20.935520
-11.485804
-18.912010
-20.321513
-18.108332
-21.374121
-21.075265
-26.509569
-26.857414
-20.845965
-37.428980
-20.747219
-20.607466
-5.357859
-2.122520
-3.089494
-9.389965
9.814463
-20.958434
-2.199729
-10.786256
0.818328
7.858994
14.830271
22.320455
35.576346
26.687723
53.568743
26.311922
54.373644
34.589289
44.804597
54.226672
43.398346
41.440971
39.487169
21.896651
43.892981
26.021507
38.079154
44.801501
30.937178
38.419255
37.346910
27.921374
37.475084
16.171084
30.188629
15.647031
12.584236
20.000902
-9.872171
-3.463504
-18.816738
-22.142338
-18.623403
-23.098956
-30.540173
-14.433043
-23.932584
3.485069
-17.121841
0.835751
-5.837718
-2.395248
-0.410231
13.808673
2.771003
18.028031
-5.525694
17.371014
5.995829
24.338502
22.004614
19.416347
33.009211
38.942652
26.903548
45.034691
9.813841
27.455953
26.226252
19.847323
33.085301
27.064972
35.719088
41.280569
31.461802
45.859873
33.771881
31.144348
40.571440
25.615558
39.040653
36.378552
30.301743
39.488292
38.273359
43.421219
46.959464
34.751992
61.918913
37.227442
51.186517
48.664185
57.213319
51.352213
41.021376
30.141066
45.162522
32.052453
53.665871
32.874768
45.127360
36.956428
29.829749
26.791386
33.397312
11.575484
24.219965
5.934468
24.046657
-2.674625
7.594429
20.452528
4.573478
11.246805
19.939234
10.465933
37.661211
14.872585
16.666495
23.221204
16.497382
27.120217
17.079943
26.763562
29.963154
23.087377
24.466090
25.060744
15.507239
33.793939
14.091916
27.554527
14.289728
28.575620
21.819190
19.297911
14.716797
34.847175
13.809325
48.147163
34.355872
52.316115
48.995118
46.922996
44.126521
47.706137
39.153562
56.382204
29.783608
45.977122
35.390673
27.150422
31.073525
29.278568
40.383541
49.644112
32.906572
50.039845
46.655641
40.389924
57.652992
42.645539
62.415046
60.315078
61.377938
82.343999
66.110533
64.753184
71.568836
52.954081
63.827178
46.480792
66.863739
53.780596
50.709568
64.363566
62.280962
51.756746
73.762212
49.625636
70.214689
47.058011
67.333805
69.849191
72.921134
74.829600
86.888687
79.310767
101.458309
90.797486
116.540413
109.086438
104.165087
115.799956
117.799605
112.349037
125.837356
106.315525
124.322380
112.708204
108.909909
126.694163
111.659409
128.590027
131.434296
131.891805
144.167143
119.720202
128.958661
119.981553
111.798234
126.364844
108.028703
108.003774
106.450158
98.483943
93.763122
93.188845
80.823638
99.834051
72.022747
91.526964
72.392989
81.094277
81.285738
78.562932
69.148535
68.589472
58.920324
72.291356
53.138541
64.461880
59.212874
51.790984
70.649521
65.540522
75.132486
90.833753
74.771095
94.475319
72.144791
80.217822
81.675960
72.654402
90.036955
88.213318
77.145611
90.378115
79.074785
80.566111
88.077352
73.746066
90.392724
78.739002
92.507247
82.419117
78.318368
86.999638
85.647723
92.255110
106.556099
85.925572
115.121388
104.158569
111.482509
124.667351
128.906996
141.343184
151.344624
149.329812
163.177755
138.825409
161.438775
142.362836
144.839255
146.741634
149.044566
136.655582
147.709480
133.583637
146.515603
129.800891
150.487802
136.591916
133.956467
149.340496
142.195395
143.963333
143.466155
124.897628
137.772906
124.349206
120.246302
138.033415
117.511555
126.842659
126.834108
132.717022
138.980654
134.242215
127.530716
141.019216
122.958831
145.649210
130.067382
142.083582
136.249980
134.162254
134.561058
134.671016
128.012280
155.136488
132.566015
159.047977
140.339623
150.959399
168.803480
164.762113
160.186403
174.256013
164.290960
194.871654
173.550470
182.150689
177.940519
170.566085
179.974329
171.725513
174.280959
182.465879
187.719202
197.891306
197.137756
202.158582
198.376339
191.087027
207.950001
196.184276
196.415414
196.133088
194.475685
211.270428
206.855634
183.584304
209.584169
187.092215
202.766486
187.052671
197.653859
195.320752
187.094003
174.333637
186.066820
165.117337
174.694348
153.558373
165.517927
159.130579
158.987914
158.769516
154.560654
127.130595
143.170261
117.468069
141.720608
134.800599
128.454494
135.320622
128.413428
141.099932
133.068814
126.669567
137.844701
127.576344
136.001897
145.286101
134.112747
145.054338
141.098645
143.693455
137.463449
140.372387
148.492831
142.139329
137.328026
157.644145
143.203298
155.842501
138.051752
149.077632
140.557976
134.305704
134.129578
142.257728
124.512824
137.809264
110.430655
129.963565
120.694615
116.802775
125.997680
135.426690
123.430327
138.958648
112.956438
140.602063
116.546839
111.404776
118.109127
118.194693
128.783430
124.142084
118.729251
139.068535
116.660236
127.339848
125.175211
116.754558
124.363649
106.677936
111.505815
111.286830
104.232105
101.893027
103.540254
88.257397
97.854354
67.278812
80.038193
82.099997
80.647277
73.264591
71.050953
69.183521
79.036186
61.036404
90.031476
65.977650
92.571581
93.358558
99.924267
92.877007
103.986167
83.386433
93.509343
65.760437
69.142654
69.189222
79.956938
78.253735
74.302675
76.738522
86.129339
81.026318
90.515211
90.032989
92.810865
112.423032
109.912893
111.858961
114.949467
118.144928
124.885450
126.533734
127.164782
135.015605
123.131539
134.117304
121.784670
131.715297
124.846599
117.243144
131.426898
127.228922
128.278548
142.160845
124.312765
145.956440
132.983831
144.813872
150.293960
149.098072
147.961267
154.197317
139.665318
146.072999
134.813868
142.919324
132.680249
130.770618
125.445423
135.363155
133.692796
153.802587
139.219391
150.583935
124.224614
121.167514
132.399732
125.646574
129.014413
129.829546
124.737271
138.350289
125.517216
128.547974
142.219408
129.107403
149.207535
134.786352
137.565340
140.179085
124.070924
122.578793
124.904182
114.076613
129.965442
106.119718
130.560309
116.953344
128.319006
138.210824
138.730499
148.297440
167.722288
137.031754
164.266646
146.839665
154.556777
150.961493
147.649727
147.421715
144.561190
122.979157
136.069255
119.663765
139.840382
131.971793
148.604917
151.856286
133.804208
136.322606
144.558651
133.546632
155.402499
139.276608
140.279450
147.529223
139.247003
162.334252
126.865262
131.912106
140.058704
129.430638
130.714406
133.857972
131.114569
150.003318
130.380197
158.435860
149.671047
153.390809
158.590937
147.516321
151.477841
157.095297
142.384400
173.100107
140.641444
162.790186
151.113187
152.776227
149.843021
141.009599
146.746444
161.246757
140.153397
161.120636
151.016617
163.917564
159.098400
153.362505
172.690538
173.613049
172.708682
183.981989
175.990822
191.202636
193.107295
177.709329
199.049796
186.285132
200.270832
209.525531
202.319605
216.101662
219.453457
220.219117
239.105345
226.098599
248.801854
237.200845
249.538529
244.376263
245.235267
240.855383
242.468631
230.868356
252.551763
222.980081
230.389935
222.276201
221.923542
218.552878
217.301799
224.061037
233.258726
217.366693
243.459003
220.734350
227.535345
224.132361
212.969050
224.265419
213.649767
215.121856
218.543743
203.954804
208.106103
201.834624
194.321289
206.877500
188.120477
202.626878
204.853182
192.916466
204.230018
197.367599
189.130249
185.750193
164.050945
189.040858
172.100052
175.254144
177.907044
176.503210
181.364060
190.238273
177.511595
200.249332
177.607741
203.538779
185.634747
191.670344
189.999188
181.799438
192.736540
192.712261
162.155388
183.507258
161.279692
177.537023
162.416399
149.429807
151.872182
142.880879
150.789566
169.860802
154.669993
177.894665
169.919180
161.956424
171.221131
152.865035
173.702098
167.418782
162.453020
164.307081
151.954081
164.642737
157.239873
126.485269
144.694579
129.352637
143.041748
137.847891
138.399140
138.758184
134.019110
123.058636
126.178323
97.171262
114.271876
100.146734
98.672168
88.424616
92.325368
87.450612
97.519285
80.853663
102.698335
79.522445
96.360001
97.701328
90.221336
89.322260
89.202355
80.416194
101.179975
71.014059
99.575620
96.433931
91.253868
110.184075
96.252830
100.244623
89.998655
85.607108
100.849889
88.982288
92.605437
103.815216
81.745567
100.426981
87.536325
84.250342
80.742398
82.663533
90.363668
105.220162
78.990355
94.837785
74.391349
81.927096
82.077146
74.080792
74.269796
87.263738
84.140628
108.118666
77.046402
99.195744
75.899665
73.338642
77.328452
76.099968
87.746027
88.861229
76.291216
94.816567
60.611328
79.076853
67.969555
57.268622
63.152372
53.373695
50.342974
51.365275
46.142757
53.030160
38.768659
45.358084
56.067752
39.661642
50.685436
42.802564
43.837350
48.989194
39.666116
44.941086
59.017476
39.337502
59.289766
46.221647
61.099086
50.095739
53.648490
44.456128
48.502614
41.589441
58.058728
50.197913
77.134103
69.762190
80.508454
82.190220
91.663369
88.160553
93.391010
74.546036
79.959658
53.913747
60.167684
56.062946
47.844071
59.587665
50.764637
55.663791
65.224977
50.792260
63.088552
54.359678
56.931176
64.562915
39.882531
62.148968
38.911870
40.233088
43.839600
46.461257
47.517541
48.571878
50.970631
66.593972
44.528290
52.352550
54.991939
63.485313
61.577389
63.484722
51.432694
66.366034
49.738103
71.288306
41.353167
51.090348
40.648222
53.197879
57.221978
62.009848
58.333566
60.375905
53.173277
71.626706
52.881217
54.897046
55.348711
47.072817
53.169487
49.160023
45.208083
55.812158
45.212111
68.429562
67.737713
60.372390
62.636715
50.900750
63.389355
60.412206
46.761449
50.248541
53.792549
57.320170
71.010590
53.851016
82.931837
66.959170
69.574822
77.258379
72.919780
72.513570
82.670413
70.042588
85.547042
54.042942
82.455726
58.390333
61.773827
55.266787
49.769265
50.790764
55.716090
51.265323
57.596603
41.698558
61.018191
63.391210
63.059315
60.491687
55.223827
65.705713
73.427033
60.908561
81.327209
72.876595
88.485266
89.582489
77.306696
87.348847
76.134687
66.769308
63.776062
61.771403
63.956780
68.372734
48.327002
68.486938
56.204910
73.930474
64.711152
65.108230
70.123700
70.962868
69.585275
88.292446
75.983211
92.508954
74.413410
81.189097
72.666756
74.179774
65.290074
77.172968
52.476348
76.468045
62.766900
74.987043
61.396841
69.811460
69.652886
65.357955
64.706917
78.713484
66.730103
81.409831
78.387546
70.187736
71.495059
73.283732
81.300493
72.639376
67.599300
67.406130
69.336973
64.317490
78.206724
60.699428
86.060287
71.496934
79.535628
80.112407
73.470128
79.814510
94.387676
79.987007
106.192056
92.775598
116.694452
103.948604
105.958356
104.394555
106.561795
92.293961
117.708341
98.991804
107.970082
105.067393
92.241921
94.329858
102.037359
103.261123
108.344826
96.297744
120.606675
104.043965
107.422706
105.228384
92.697663
98.965000
81.264018
88.201499
93.400241
86.070130
91.244113
94.450384
77.486815
90.819960
82.095144
91.594243
77.514554
69.283883
65.090132
46.531605
40.929222
51.378803
28.546684
50.814892
18.809718
23.741820
25.376470
28.450296
15.836621
19.631019
6.125905
28.047814
6.673726
25.789059
17.224152
21.078747
27.542573
18.876542
19.788798
24.428498
5.884643
27.138115
7.374257
17.353339
16.848345
22.227844
35.580750
26.972463
22.713134
35.691896
25.089970
23.111504
31.539829
22.224794
40.583790
33.879801
53.401617
49.597984
43.776930
56.097120
57.253101
56.931314
81.757139
60.872182
74.867440
52.783138
69.532895
56.679326
42.158991
40.632768
42.942053
32.343152
52.474384
29.642608
55.268715
40.217514
42.210858
51.182466
57.128808
71.414393
85.409791
72.945118
96.955777
87.870791
96.977451
98.674263
87.212114
94.572113
86.782574
79.880310
97.144065
85.988984
104.420385
103.215174
110.166418
123.103153
114.703106
124.588488
102.308205
111.227425
119.915079
110.968456
123.694189
121.188635
101.634800
121.207710
96.602419
110.861662
97.048333
100.211592
105.586339
106.199176
108.015125
123.910632
103.362620
140.746462
123.728090
134.446353
137.381459
137.956823
140.233649
138.488227
133.457831
150.598665
123.364285
145.938101
131.835657
135.238178
149.598095
147.814493
157.590074
161.295949
138.634440
155.254410
136.986827
142.420120
143.334406
130.636927
136.914943
122.551442
116.062856
116.603683
113.344156
111.462703
117.506484
114.385129
133.424599
110.155998
134.033270
123.290497
123.000323
123.845661
123.571313
119.004870
124.738079
107.292983
135.724770
116.469444
133.228934
123.071283
113.718242
110.361988
112.626015
107.446319
129.235495
108.698797
136.273902
140.175332
125.774192
125.821609
122.361346
118.017357
125.227330
124.076318
147.402555
131.309519
134.055530
142.659314
134.189224
148.033001
133.299052
137.268320
140.835357
139.010347
150.486402
150.884772
142.020305
164.283421
147.529400
158.501067
150.710055
149.047906
153.250317
148.910343
148.564993
165.582204
139.028052
168.871851
142.016474
149.318528
144.152031
132.680742
130.512059
133.607896
120.197138
143.078923
126.588436
129.920701
126.848437
119.286400
133.850131
132.196159
127.610283
146.650513
126.760469
150.338601
133.801828
140.773726
146.522780
117.859914
129.838112
121.946746
122.403616
133.270322
119.115919
120.574462
125.902767
115.485206
137.711299
114.158267
117.291961
115.457161
107.533894
104.843788
89.538017
86.831390
108.136157
76.333989
103.626540
81.826116
87.890568
80.309318
75.226432
76.165703
90.035302
76.169193
88.345135
65.141293
81.144331
65.665041
63.747304
57.751248
58.306438
56.658978
65.828180
45.511581
69.703896
61.019841
47.611364
59.784360
55.109955
61.075593
64.092569
60.740573
68.398941
62.477208
69.677491
72.456432
66.432204
92.098619
78.448014
93.682127
95.290501
82.580076
93.591795
98.140055
95.144149
118.305878
101.433948
128.991621
118.400707
129.230911
125.763293
134.551173
131.942446
143.720062
138.678132
157.575966
138.856231
157.909822
156.387199
159.266767
155.057331
145.182208
143.643728
144.629645
123.320073
143.773701
124.854339
127.309060
116.683934
113.763015
121.951789
113.641837
123.599505
126.525146
108.519370
118.283106
114.805549
108.450895
112.346305
101.046350
123.982257
107.752516
107.552149
123.743425
124.009681
111.935284
121.928226
112.195979
139.129667
121.943739
146.268086
143.802772
145.840175
149.146278
166.584642
161.787725
160.605048
144.617768
169.499722
143.671439
150.565103
135.557626
129.258005
133.116112
128.066299
103.485271
133.763370
118.788176
142.365362
134.810136
139.525470
152.694366
144.828611
156.269664
160.687580
143.435758
151.175749
147.510204
167.927184
171.155722
153.392466
166.037594
146.726771
155.801589
167.095714
157.758952
164.842907
156.587211
147.017709
167.681350
146.771705
165.829517
152.962017
162.452043
168.689237
162.749334
161.379501
162.711551
134.940619
155.738377
130.025642
143.557731
131.035609
130.227688
131.119471
126.444813
118.597639
124.883953
112.731479
128.537898
115.572014
117.929744
122.486195
111.721665
116.691428
113.910242
101.471144
113.988470
104.684081
104.505141
113.861308
95.344033
97.290378
78.320359
81.539768
81.782381
66.840723
67.229546
68.279061
60.111610
74.874556
60.824416
79.343925
75.714471
79.046911
78.247005
84.886911
86.155767
96.931069
77.449106
100.144832
91.459161
100.508626
82.469021
89.104192
86.392489
87.001037
72.329942
83.285685
72.589527
88.600921
82.916982
93.003467
97.621078
88.038169
84.864785
85.009939
79.589216
86.705779
78.101945
82.124211
89.118654
84.904460
104.762593
89.545776
90.736366
94.958810
95.893484
100.078062
100.072118
94.371276
97.907317
79.876716
93.135150
81.643140
90.618350
84.212797
93.039946
87.672054
117.618761
92.617695
119.186013
107.076057
112.258968
110.309941
113.210790
115.738567
135.745844
127.178020
140.849555
130.809547
138.259730
131.762624
121.539775
117.672127
119.440970
109.059144
122.453005
96.854125
101.905753
89.438546
79.954515
81.837705
64.015921
74.121486
67.707481
57.003304
54.165808
47.668766
57.740490
58.583771
53.116986
67.318033
51.454849
57.094645
60.629458
58.949748
66.215079
76.150272
60.264012
72.900278
42.266010
58.448802
49.542386
50.376528
36.378040
24.848966
16.043449
35.164014
13.999300
34.591019
16.368864
21.016946
15.817401
15.526996
10.239325
20.904772
-6.038341
6.523159
-6.769742
7.343692
9.315684
20.124761
29.307971
26.413981
31.166854
41.232228
25.510416
41.633859
37.561463
35.711323
41.028221
27.496783
44.719246
25.370354
42.193227
29.611237
14.882919
14.355559
20.678301
6.516628
11.445182
-12.090911
1.019121
-5.537689
-2.248328
8.284950
-3.703513
1.857995
13.150522
0.538278
25.609494
8.367375
24.981438
30.440059
32.913512
35.311578
44.734177
34.496766
48.993640
28.877557
47.401989
38.518841
49.583593
52.093658
34.773551
39.410805
41.827543
26.936511
36.362434
20.621691
31.113371
36.475180
28.071318
38.572146
14.825281
17.065309
16.886672
18.422953
18.529749
18.827461
12.378874
26.337294
4.870339
29.731955
10.146504
-0.580093
1.263240
0.574576
-3.871542
7.863521
-12.511211
11.723524
-16.516370
-6.492690
-2.161030
-8.642905
-3.227457
3.924046
5.231818
19.614038
6.544727
34.089115
18.580568
24.325852
21.273521
26.242154
29.517637
20.399778
11.636390
27.447608
13.583784
12.580639
6.684602
2.520908
10.489686
-3.197939
6.250990
7.148075
2.546772
7.826292
7.068244
0.514875
0.128241
-29.481887
-12.471131
-24.226526
-14.106199
-14.502569
-24.768979
-21.894580
-10.759946
-29.871748
-6.340393
-22.199392
4.881731
-7.793819
-0.527724
12.002224
13.371661
16.296041
31.786285
15.473297
49.446273
34.872017
45.939903
45.551939
43.354846
46.193342
40.881583
44.917155
69.359075
51.925171
64.236903
60.063421
48.994246
61.601420
37.513793
48.911395
50.371790
37.376732
57.948109
47.168428
47.006867
61.978254
40.338895
54.047506
38.984908
46.377403
37.865904
34.004600
34.126841
44.542638
30.829426
46.642224
18.681150
41.584475
21.053285
28.069750
29.357451
33.792203
26.053638
38.008235
23.209246
45.199360
31.160371
48.983408
42.599887
43.721735
49.771561
43.355289
45.560170
67.658915
42.247518
57.853303
48.481741
50.613437
62.954114
50.842105
57.547939
45.510015
46.361573
54.901992
48.063969
57.629625
60.633548
51.843669
82.908279
63.698001
71.879862
80.763769
74.824343
78.849325
93.940191
90.085988
113.117053
97.134399
122.253334
113.430004
114.274352
111.037417
109.855746
110.108727
122.940925
118.189368
147.672394
117.922154
140.791438
148.845627
151.234838
157.002083
158.142686
162.543033
174.325204
149.516205
165.639702
146.720394
135.862032
135.759607
127.008640
123.823840
124.868263
116.959552
110.874565
104.218827
97.218165
113.175905
109.250973
114.646087
104.262076
109.351327
102.888928
96.465389
86.487588
96.086012
78.676667
101.587797
75.778841
81.133726
76.261486
68.023455
71.645421
68.781097
70.965625
89.522891
78.896937
103.393653
83.865597
95.985990
89.954051
90.247989
85.332254
78.963731
65.032455
87.692785
67.061264
95.549632
82.745794
83.419622
97.365911
86.138227
97.399539
89.766543
82.512773
103.067897
88.326488
93.666679
101.800900
86.185892
91.617825
80.892330
89.335847
93.484512
87.837059
97.518903
97.834100
82.433880
99.780496
83.942346
97.681108
87.496701
90.317463
104.674574
101.677909
92.794657
112.700913
89.092969
126.690933
114.405738
130.836433
134.319161
132.094959
141.189630
140.147200
132.757010
159.085204
128.757784
149.052939
143.667740
155.520530
164.358312
156.104142
156.025466
163.725902
158.100507
161.600274
152.710755
158.162852
156.722863
142.562731
154.532455
142.783730
153.515539
151.176031
125.936872
136.675113
139.776113
127.625697
144.246163
125.360035
149.773349
135.639448
138.754534
134.828140
130.620938
123.489461
118.692515
93.021213
112.597424
82.376125
94.926153
93.263798
85.640096
85.661042
86.924175
69.069754
99.319646
62.531193
87.702944
77.975319
62.623768
79.537324
74.298375
67.752247
83.748195
70.052429
94.434076
78.448587
78.825292
85.905850
81.109501
95.376910
85.177773
94.026249
86.481194
84.221601
98.981559
100.138178
95.951526
118.776079
98.173074
112.499124
100.071471
108.311980
107.540617
102.113395
102.240951
111.219055
92.323317
106.215943
77.251164
98.447671
84.841429
84.409554
83.117134
95.869810
85.707408
104.380830
88.059362
102.895754
90.698646
95.002756
92.653166
96.404330
101.726857
91.868116
83.450626
101.134967
86.264923
100.673274
94.873027
99.988560
107.261052
93.571164
100.161304
97.935625
96.081290
98.016078
99.444012
103.305322
119.394694
103.024558
120.806804
99.783018
118.322220
112.412049
103.275518
101.872538
116.848568
99.411443
115.358718
91.516329
102.259428
90.239873
99.703084
98.634928
84.336790
81.925088
88.868221
82.084831
102.422932
81.486243
102.610068
103.361501
106.673891
118.873734
110.217362
111.111515
115.118368
94.770092
116.276753
114.131442
115.875357
117.365515
100.007405
112.470651
106.812697
106.706628
113.503238
105.642526
111.950164
117.763970
104.105996
120.442790
107.807044
120.591669
122.711061
120.603269
117.627663
115.258748
108.852643
121.144042
93.731994
118.422601
103.162287
108.810108
107.732893
109.742505
120.292596
125.481945
117.761150
142.476195
107.108942
120.342270
117.041260
96.042773
108.986275
106.898184
114.155455
119.776427
108.568342
123.682680
113.823102
127.073962
124.656829
104.390152
115.701010
105.877106
109.298142
115.264783
99.201502
106.397408
104.572604
93.059232
108.246879
85.096238
93.287070
78.555587
79.055026
85.084865
77.684341
73.087065
87.454574
63.103299
90.461213
76.932769
89.962799
93.774022
104.980378
98.437287
112.716978
97.356268
108.055153
88.051089
109.158844
92.829702
95.011809
86.725028
90.285555
81.868445
100.093520
87.526087
106.399961
101.491519
106.826193
106.609053
108.897281
102.677958
112.241954
108.526862
126.314888
116.842874
119.490069
114.355283
106.872672
115.393186
107.827550
122.735389
116.100480
113.795088
118.689406
127.429938
114.311904
131.314059
123.017002
139.097518
132.348141
138.700031
141.384150
140.542698
122.950586
141.927975
122.609263
135.150497
112.238957
119.054964
121.939682
116.673953
115.265218
125.308375
111.300688
135.073910
125.185337
125.600976
121.140130
97.268193
97.529036
94.495799
96.937119
97.273832
78.154668
93.838094
86.589179
76.498962
70.903918
43.673377
54.823731
38.365078
39.567296
50.307524
38.674642
43.689053
49.227224
35.527413
53.486109
35.765970
62.716652
44.889029
44.337716
46.433706
57.210609
52.488278
80.759521
65.019387
87.680995
66.753678
72.910447
69.162498
64.608375
63.340700
75.294061
65.194430
82.550701
64.093989
75.671349
67.992439
81.855082
86.828072
85.942288
82.401502
83.235099
67.778686
76.879775
66.208975
68.357530
85.868901
56.095625
76.946302
67.164390
61.507376
74.247900
59.716575
67.051177
70.393173
58.579793
74.554361
56.296537
78.235668
73.195753
68.037867
67.870691
59.882543
59.622001
79.912212
66.579013
86.896627
66.899855
74.390071
62.891680
62.626838
54.407682
66.850000
55.796530
66.752564
51.032610
65.342690
58.314156
50.456874
55.490708
57.887972
44.101279
69.251336
56.297548
68.247801
56.522988
64.097402
77.068719
70.848695
79.517239
72.815697
69.766834
74.723448
68.548132
75.182285
71.759513
59.392775
81.883489
62.732429
69.028756
54.848296
54.608169
61.298295
57.017885
45.686957
64.996931
40.738118
76.881390
52.543964
63.730682
65.230597
63.710304
77.555585
77.814246
52.175687
75.722676
57.829111
77.555743
66.134021
66.119876
67.394019
65.608505
76.574125
89.344015
70.497829
87.783461
75.788485
89.979315
101.385271
85.492644
102.399594
92.949776
97.230363
107.607942
94.040196
105.690699
91.568743
82.525366
97.823777
86.333877
103.176615
93.593663
101.498854
94.516438
97.398966
107.291821
115.317778
98.297810
117.426281
96.224978
115.482839
114.610359
112.843906
127.575123
127.877571
113.276028
126.372344
106.959902
132.070959
114.397196
113.565981
122.001102
121.265628
122.130662
107.218055
98.144369
121.737425
99.592816
113.124548
107.263397
91.737971
96.705661
88.069210
88.518552
93.649889
76.758293
88.791136
90.414119
88.008406
99.662106
81.376259
99.500154
74.273332
76.200962
79.407510
75.679657
89.683984
93.099747
75.698539
97.181939
75.485266
89.983792
89.111967
92.215431
90.178794
87.279743
91.382704
100.396323
77.966225
112.756555
98.720474
113.116692
113.787916
121.484710
126.002411
128.185655
124.112936
154.899458
137.692783
154.838841
154.864892
149.921275
165.754892
157.700756
165.927319
174.655796
158.893778
171.698413
165.847069
165.388851
175.741911
147.736363
161.477768
161.675957
159.129947
170.417968
163.977530
169.858510
174.494689
143.591092
149.943138
132.512685
136.819049
133.614734
132.502473
133.737874
144.411466
135.674949
156.562636
134.188480
151.158374
135.887071
139.208467
146.966351
146.332947
153.949028
166.089523
145.708886
168.864097
154.453782
158.689015
161.398989
150.271704
159.259878
149.017555
137.521755
139.528764
126.801557
148.970721
139.037644
142.542700
156.879724
133.843744
154.857143
149.624352
134.601479
144.427499
148.552321
148.606528
158.615574
144.488276
168.446610
153.613140
157.228911
157.047470
154.895131
151.845488
157.390264
142.055493
153.681265
130.048712
152.831341
146.794324
161.748399
160.842658
157.558930
165.664915
170.896116
154.446467
173.745116
148.756694
160.923875
154.486820
147.442496
151.045157
141.713320
134.593916
154.648120
141.598873
143.819312
143.172977
143.936614
157.892123
142.144195
151.554689
146.839346
145.263385
148.820541
119.945689
118.747951
122.463331
102.873188
121.072980
93.857615
96.835802
89.602719
82.471475
84.849037
79.208967
78.948486
96.557538
71.129861
92.332938
65.956423
44.036726
41.688425
31.776757
25.540729
39.931112
17.484227
36.049610
9.648598
32.588866
15.676347
28.771590
28.069899
25.099888
17.958642
33.235411
30.967242
49.146601
43.573226
45.959828
48.309839
40.319551
59.615512
45.771654
49.778835
55.197746
44.251589
60.642606
61.428204
49.543501
71.516200
48.494114
70.974541
64.329163
73.627229
73.946287
68.536093
71.554550
77.769846
65.249659
90.769715
79.640595
84.964011
86.477769
75.200013
80.903614
96.612200
95.131592
113.501193
93.287403
115.381492
104.883728
105.253115
105.798497
109.618547
108.046942
117.540493
110.550051
128.812781
118.372722
135.042883
125.370742
113.793408
123.878848
122.337672
126.354101
127.180096
121.743535
131.544313
127.200575
132.073750
137.115438
115.818788
132.052811
110.474178
114.479005
116.021791
114.795721
118.816425
126.190867
116.494749
149.786135
123.318044
140.250960
124.057020
123.282353
120.948761
104.802649
115.206279
131.240939
108.061710
127.389192
106.779590
123.489698
111.007870
117.191673
128.122979
123.396494
117.808131
141.238699
119.281225
141.778902
139.896850
128.680904
132.656951
111.209159
106.382884
118.151601
113.769486
116.577639
115.439964
115.031025
118.161556
114.065913
122.659835
107.364211
113.036627
110.530819
111.513364
103.195095
107.017670
104.017329
122.869083
88.299306
107.152699
101.246188
118.645897
117.955525
121.874134
109.061594
121.946125
88.161892
109.247082
101.594683
106.161674
114.763311
115.209384
108.671913
120.369183
114.998654
125.903988
119.164975
126.936470
108.290480
114.131637
130.190646
138.945560
134.174447
145.570635
139.981585
148.706325
147.353651
139.871373
159.097039
158.775012
169.748595
166.665309
156.558591
157.569365
155.897260
152.879153
161.083723
143.258428
166.502828
140.228990
147.644676
142.365081
137.387096
125.726014
133.922880
118.706602
136.542820
111.965147
133.296820
116.925218
118.078055
120.850866
120.198771
104.215035
116.576840
100.119172
118.075930
109.216004
102.325327
96.272156
85.771555
99.566973
94.597106
92.352884
96.117421
78.023412
85.123438
81.866056
66.616091
81.838370
66.888936
76.679190
71.468878
73.154748
91.489830
81.578124
83.515068
93.330740
84.533043
110.602575
92.111608
106.001427
102.709452
84.095866
85.589714
91.081101
72.738786
93.154592
65.356877
82.491805
70.515079
57.958039
67.803366
61.705421
51.538947
71.860060
44.628896
62.793909
39.264780
47.156337
40.151922
35.901197
44.514510
53.467042
40.997616
47.814701
31.250679
44.653297
42.307138
28.087032
36.639915
24.807219
34.937610
47.342736
31.686727
39.038970
38.689949
41.025576
52.683021
31.800375
49.437098
38.351905
50.314027
47.516627
45.380145
48.277654
48.505147
36.616077
54.563823
23.517092
30.983055
4.068593
8.103114
15.874677
16.337432
12.834458
34.663299
7.711524
31.823652
2.987031
11.164814
19.995870
7.281397
7.307374
23.474773
24.507228
38.664142
13.954886
34.506165
16.277129
10.420598
24.023196
8.833897
26.542718
16.488473
11.135977
23.338203
4.505505
23.709231
26.079215
4.970439
35.663051
27.809727
39.192996
39.027134
43.452997
56.330539
66.755517
52.212091
74.490552
54.220029
78.969717
64.124693
72.043175
82.581020
82.657423
82.455526
102.397474
84.233672
117.052610
109.867184
131.381999
129.403594
127.346257
124.004697
110.294624
106.361543
120.361925
100.195687
118.945343
105.973320
105.353813
107.710830
91.211641
99.849491
95.987587
95.127385
104.702556
95.827644
112.004431
107.871820
99.784049
115.693958
97.670469
111.011231
113.408105
107.860473
118.437036
113.481953
113.266497
140.482162
110.464771
144.190770
123.580499
129.268975
131.920671
132.109525
134.242409
130.975840
112.780988
138.144546
109.800681
119.783563
111.146581
105.402501
106.864672
102.055200
94.411226
112.528001
89.069602
105.989532
93.089116
87.197389
97.100715
89.201857
92.335601
93.784542
87.877531
107.133406
114.922933
120.994173
143.169329
143.910807
163.343251
156.412468
159.521781
151.508595
156.159787
160.250931
174.855374
163.667671
187.179070
161.950991
182.205815
183.512338
179.727120
190.648461
195.655688
196.975038
210.123362
183.854876
203.996307
193.367095
206.421158
204.176614
202.033593
207.782791
209.768710
200.282539
214.810561
190.407662
204.249184
190.837082
187.252696
191.261860
183.583999
184.009576
187.141115
177.938788
197.691598
185.061278
187.285856
207.646971
192.774193
209.858220
200.142973
196.546629
207.167207
195.317340
204.425718
202.538826
179.179575
200.792899
168.618225
184.873605
176.224961
180.412925
185.729829
176.744516
177.293280
199.675451
180.591883
191.306400
173.812099
189.012829
191.395749
189.438145
191.152578
191.682686
172.834054
184.823520
165.584560
179.490448
175.397807
178.188089
195.564901
185.112374
178.754947
189.625010
173.591978
197.537575
192.918540
202.183394
210.034155
198.783657
213.694054
203.743652
206.090797
212.225549
187.703208
202.513603
197.514997
192.708276
213.293148
184.601277
205.577089
195.404010
196.786381
192.904571
190.605081
186.551239
187.402244
172.580165
195.267918
173.246355
185.478382
179.967006
185.653421
184.876074
180.365355
171.685936
186.596798
174.049813
197.464144
179.217612
179.953098
175.819747
170.199962
175.046621
177.018424
179.444217
183.761050
168.184515
174.553336
184.575408
177.489009
178.885031
166.981950
173.313816
171.109895
170.658101
175.668285
163.940290
158.166529
167.607963
166.578688
191.395854
173.028522
184.982887
185.366873
179.581988
172.793672
184.257555
169.742549
196.196404
168.517712
196.390538
175.458432
197.024061
194.064371
195.621230
203.677276
214.997911
193.616284
221.420921
211.503879
222.473193
212.362580
215.455098
229.016276
221.188442
221.205881
235.391042
214.288535
241.376766
231.079275
245.592823
234.108346
215.174941
234.573126
226.992783
227.269058
231.119165
217.514889
227.023374
239.369973
225.004493
244.257207
231.610901
238.314112
240.459264
234.993845
242.677956
246.745605
237.107508
244.687981
228.330188
256.624012
231.681017
238.758515
222.398696
222.274841
218.704616
237.927994
229.102906
249.694863
235.448393
259.253224
244.838974
245.184827
262.958669
254.629891
253.540041
265.601920
239.314983
249.967059
241.412223
235.047269
230.666979
216.305490
209.209123
200.369101
187.752180
182.892188
180.738653
190.097450
179.701255
171.653882
182.277833
167.429766
172.991304
168.480263
166.381384
163.366545
166.085910
164.745050
179.208104
164.013318
178.901782
172.552253
179.827418
173.942238
173.493577
166.958045
190.302047
168.521142
184.254889
171.679058
186.689779
185.554348
195.144293
206.685684
210.988774
196.076796
226.441925
207.268761
206.046883
203.330400
190.961942
194.469032
183.994018
177.219252
184.675426
174.181481
176.989785
173.546708
168.329684
177.443624
170.180108
194.236952
188.080311
194.716233
206.668426
209.847838
211.857976
225.212733
195.267130
213.488084
198.221185
221.264524
205.141015
212.348485
207.522871
204.722651
198.321355
216.032296
189.664689
210.767603
188.858453
191.221163
196.613252
195.541599
197.659928
210.452730
199.435595
221.938231
200.323382
219.230153
218.748322
216.307859
224.383722
224.758049
211.593055
218.263382
203.371946
213.122964
202.490394
205.917257
227.295263
208.000960
219.785481
224.269835
227.031981
228.057645
229.443941
238.200643
242.731973
233.363319
261.713907
243.209776
264.360794
264.968722
263.706376
268.335580
261.996376
250.685747
269.908313
252.289590
279.446214
255.320202
269.699129
269.598174
270.391170
276.061949
276.784457
260.364518
281.150642
260.886419
282.185098
275.916961
271.059676
278.378492
264.429945
269.354314
275.348985
250.947406
265.816728
259.940535
256.874308
268.521504
263.800200
284.486347
274.737202
281.209861
294.818637
294.443267
297.249226
297.004675
284.585322
309.659731
291.815993
305.025963
303.497441
299.432159
294.972013
298.069860
296.022113
309.122250
292.574138
319.623822
285.437285
300.686131
283.016761
274.981808
286.145989
291.012872
275.907924
295.616716
279.862605
306.433792
294.169028
295.776687
314.311650
300.770041
311.488563
317.052441
303.354531
322.599048
298.590356
301.715656
298.696824
298.776413
310.407028
299.159256
302.611542
308.134725
295.245425
314.079564
308.615380
288.144787
316.256417
296.947149
310.490954
295.193946
300.005807
297.949837
294.261974
288.312093
290.834972
267.116701
288.242585
260.497106
277.585073
273.536750
265.731318
275.653742
277.294515
278.954759
299.122360
276.292773
307.460641
296.432459
300.741915
301.682338
293.009488
281.322083
286.914416
270.471067
289.131250
276.861068
273.761954
270.193241
252.839731
258.038416
257.902741
251.694350
264.744085
241.209300
250.155270
258.959282
254.319136
274.985312
257.806421
283.983961
272.279833
261.351236
276.055439
267.964856
264.395959
272.675702
246.178303
267.706087
247.649765
264.087253
247.218672
252.885937
246.505934
250.439700
244.391438
259.979187
233.148795
250.153256
240.285524
244.879235
257.764826
245.312889
247.318687
259.444741
230.493641
254.624595
233.741547
234.044893
248.758540
232.845703
243.814596
242.328422
240.102905
247.530591
231.734628
232.992304
235.743698
233.461029
233.671130
223.931716
230.352267
222.202291
225.515303
224.304711
218.140717
207.109937
211.944662
199.460978
213.791962
200.130282
205.125127
209.171444
200.520991
209.732941
219.415089
209.067933
226.870973
217.036329
233.538638
223.884043
227.051344
223.431241
216.417575
204.106496
212.712854
191.432870
217.909539
216.387991
223.192618
245.148792
237.356922
236.497670
229.105074
217.904522
248.271499
237.325998
241.849349
252.999809
246.866025
272.006274
272.145545
274.306124
269.811516
283.893252
309.646110
306.467101
310.439841
328.513637
306.241346
332.855736
307.468996
317.823309
305.146738
305.979795
305.081673
303.108714
289.958405
310.530502
294.300792
316.849087
319.916746
335.546421
328.427879
321.156822
314.945313
321.673006
312.875908
325.875259
303.065364
323.715790
309.441356
300.687135
297.657549
303.961687
290.413094
289.231686
276.354866
283.386575
271.429121
278.856717
285.085070
265.512162
287.157060
273.560434
266.375485
263.497477
249.750179
240.835067
240.996985
230.444894
247.062171
220.202789
233.200765
221.423421
220.517864
219.993825
225.479722
221.165416
240.731465
227.306794
240.071054
225.858610
238.486307
223.253407
222.802602
231.055993
219.820182
208.013457
222.649192
196.091321
221.264377
207.721936
205.340562
207.208822
197.489128
207.251660
210.334330
209.118537
224.708385
207.910112
222.203499
214.102960
206.569095
231.100233
219.747763
217.877013
207.097751
191.392480
192.173375
183.434170
175.272458
189.089365
175.371678
196.616800
180.937456
176.800471
174.723180
177.754766
174.154979
180.320523
168.807636
187.308696
157.348906
175.530261
160.801338
157.981921
155.359312
164.610748
164.146915
181.983339
171.843894
182.335378
165.342312
166.006065
157.994337
153.833173
161.744799
169.512272
160.961832
170.397011
157.062509
173.199797
176.572593
161.132195
179.308253
173.299691
176.732405
188.973402
182.245094
181.221998
184.549600
173.262907
188.286553
173.816921
185.413561
178.550960
195.293658
206.722353
219.269404
226.076917
235.689214
234.826355
262.688999
251.819064
257.879674
255.323408
252.096342
245.199273
254.676463
237.808989
265.299404
249.709429
262.621834
249.564120
249.545127
254.358955
263.071734
253.624617
265.640552
263.321835
277.033792
272.694535
282.127504
289.538212
282.108477
286.989417
281.082211
276.581456
296.642524
281.896697
285.267779
287.533900
270.381568
275.761527
261.318321
276.995978
280.353544
266.186250
267.665947
276.542883
261.731379
284.667573
256.185124
290.309495
282.953816
280.966507
284.039158
278.529897
281.594291
301.353141
286.724950
321.793279
301.721716
321.287320
311.756273
313.676420
302.402746
305.868944
297.439061
306.520420
282.205723
291.181552
284.285357
283.494573
286.445322
268.254536
283.325744
279.771944
259.249108
281.000534
270.250917
273.116109
270.305848
250.871807
266.626864
247.396957
262.029879
263.658042
251.638849
256.424958
251.603473
238.861442
267.150629
243.437900
268.117572
255.355596
258.315862
259.238989
255.210360
259.491962
269.940829
261.510785
278.276239
258.975197
279.765049
269.404783
272.693322
272.091224
276.054431
269.207750
273.384011
253.978302
271.511559
259.242514
275.379634
287.768506
273.906922
281.440487
283.427908
273.052738
283.061069
262.302296
271.759824
278.168719
263.624324
286.501278
265.891343
267.696502
278.673179
272.820933
278.690988
278.375681
284.146063
292.780326
285.876166
312.206823
293.464710
312.223137
314.355160
317.055316
325.764862
335.062469
330.178343
349.990830
330.686984
349.463473
334.152797
335.319197
333.375539
319.875121
324.101028
335.522559
310.715940
338.663124
321.445998
331.406679
335.834592
317.517203
328.763516
326.842579
321.514862
338.467454
331.189041
345.599345
342.463246
341.650155
350.050470
329.481366
342.405134
330.150646
337.011000
349.122538
345.187443
346.916933
356.193550
334.376210
355.215273
342.981501
352.906768
342.382849
337.070683
330.071766
318.821539
304.713253
325.408549
296.248836
307.151836
298.783577
297.452227
296.398221
293.338800
289.321000
299.244626
278.354011
304.621010
285.128555
294.079987
293.058118
283.623341
280.359797
278.044300
262.525337
282.184745
269.706310
275.644552
276.381412
268.406864
279.145338
277.851886
278.659224
284.762286
280.379161
295.847279
281.512011
268.564110
291.561493
269.018656
283.882213
266.402077
265.898937
270.094677
269.021273
267.669895
283.883375
263.546240
289.123161
282.089821
288.482207
281.235891
277.994757
278.871147
274.019177
265.287877
267.222779
243.180448
276.006191
249.458271
260.279154
260.464860
261.879489
268.315942
273.028459
247.118030
270.824291
254.728627
269.993715
270.287307
254.385835
262.662382
248.688918
250.626181
261.381034
251.289952
263.176987
258.943532
246.070230
256.449036
244.182979
262.638949
250.396456
250.667304
257.217063
247.321845
250.381660
259.905966
242.683689
256.001441
243.332803
261.562633
264.408021
268.843305
268.509910
275.944858
275.739574
293.281288
280.523185
309.990477
292.024091
307.794257
289.766530
296.491316
297.751356
293.444920
294.569952
300.704458
284.706605
301.901351
285.107267
285.329303
295.918565
284.867152
292.898024
295.398580
288.811993
304.843587
299.668719
302.507389
306.761767
288.701114
310.594372
297.857571
311.361955
301.719724
305.021585
312.278728
308.651268
313.890654
332.078728
323.059217
348.776178
335.589551
350.117614
353.884801
355.024135
355.284272
360.852304
348.620418
371.896858
347.833911
380.743957
372.164519
385.012303
380.747917
379.269019
384.322675
396.206154
385.813917
403.371205
387.101451
397.241713
394.470177
398.571358
402.779081
401.699643
390.915105
399.281672
377.468601
397.310834
384.939806
375.171315
398.249729
371.546016
387.627710
376.283797
383.768462
391.821705
403.685577
414.796562
427.987826
401.292191
429.647254
395.058533
411.495413
421.250050
413.359774
429.908260
434.958164
432.398187
451.375123
446.597134
473.743361
467.256194
494.032414
499.754507
498.073107
483.970361
493.589045
478.472189
507.580294
488.565085
506.954578
507.843961
494.119265
503.283847
491.562166
496.348349
493.999226
494.154843
494.873880
484.226392
476.543082
483.764172
466.800541
471.827109
466.079310
460.308889
469.911853
471.965577
467.718116
473.526559
455.469527
462.754065
436.350765
448.421027
453.669797
456.442932
454.722507
466.807359
449.297952
460.654021
445.814345
459.110451
454.207621
456.626996
457.031127
464.891819
445.854954
460.840157
437.223473
451.610793
454.169633
454.724111
460.688137
460.743267
465.971367
477.737148
466.680172
490.007428
493.378994
490.855352
499.521797
495.595314
495.935576
493.933154
493.221021
510.337124
508.212554
489.731786
489.837516
497.402438
513.583479
490.059766
511.260572
509.955715
514.257662
518.394711
518.989445
517.604070
534.121310
509.910321
528.586736
506.568343
523.863145
505.560570
499.062963
497.256107
507.101428
478.429826
503.619136
479.890700
499.614334
491.783202
482.540527
489.466325
483.407597
479.264232
478.977210
463.367311
485.639979
464.218316
475.753682
479.389644
467.825588
479.216583
467.708921
457.051327
462.374350
445.597371
450.239262
449.566098
420.632028
439.804198
416.172498
425.592237
414.508729
404.358200
411.541090
392.747920
380.816895
404.248300
398.693968
422.601322
407.956982
417.090894
413.826802
407.745761
405.886928
414.994847
394.346556
417.674675
386.667626
388.035989
378.667313
372.193998
384.309431
369.822933
385.840361
396.251928
370.968844
387.380758
385.184032
398.000281
403.983034
405.029763
417.449422
402.420934
397.536164
392.087900
388.922478
403.933875
398.313262
404.826483
411.178262
393.843340
416.844001
403.898832
404.239959
419.915057
409.973673
413.071400
426.294701
399.911168
420.080961
399.318384
412.399194
409.562652
409.203023
416.271182
417.074439
407.812922
434.777019
406.942186
435.649376
414.990620
423.097149
427.963884
422.335300
412.971654
412.827142
398.285876
413.206644
401.449600
412.170181
422.247906
411.478839
419.111293
418.017176
420.311513
428.901304
412.213659
426.790828
413.337983
402.870295
412.557672
386.934615
411.720404
394.123201
392.056449
398.246729
391.081718
400.686097
394.339501
381.990088
400.600433
370.056537
385.779506
367.650457
373.476116
375.539438
371.927308
364.564838
374.236422
350.546673
375.474749
358.869887
360.512287
366.303073
348.157992
357.093865
359.078042
337.030788
363.014059
331.938866
351.968887
337.773721
329.335991
332.073657
326.866001
334.363320
341.794579
329.716359
349.457278
350.787162
346.016379
357.248828
345.302174
354.166986
344.959849
346.386419
354.613076
342.380509
339.385079
355.185701
333.186109
355.025278
335.306177
342.492277
335.550209
332.718051
339.043771
346.735502
330.152492
345.115404
317.201724
334.264562
319.127104
323.593379
337.039084
332.217985
327.536138
340.648718
313.009703
340.815587
320.175254
328.068255
333.027117
317.484639
340.003917
328.137746
315.210029
322.905296
313.077901
323.562995
321.346630
319.986942
332.672656
329.289098
354.098926
363.671353
357.381704
374.325486
368.183672
369.632779
388.139771
373.778418
401.539628
388.778095
398.723654
398.780509
385.625033
380.907753
389.415429
373.661206
387.196305
358.267836
374.529610
368.862236
364.498679
366.704477
365.734963
369.322882
383.561612
363.479861
389.716348
366.441578
378.734553
373.357877
377.659403
382.417344
370.025153
368.931272
380.649824
367.566962
377.047402
360.588148
358.685452
374.028016
361.776343
376.258518
379.722329
367.478465
383.257554
383.132585
387.529063
391.928518
378.939902
401.216637
392.340202
408.012229
404.755633
415.617602
419.256497
425.436142
414.852826
423.422674
409.168140
444.914036
423.546795
426.580741
424.209577
423.612141
422.625228
426.329763
408.914613
439.707088
428.279765
441.185335
438.697407
447.865555
455.892816
452.341706
459.531037
460.451449
442.696195
468.072575
447.770037
448.415620
452.094070
452.271713
468.087215
458.732289
471.469324
477.822872
476.655802
477.554215
479.039008
465.990821
479.722688
463.607276
465.052206
452.912763
455.036736
462.930256
465.649663
468.800222
481.434819
465.209116
484.857518
460.317494
482.228184
473.848177
468.049494
474.754712
469.613868
458.601485
478.761558
450.171556
477.306067
461.476584
469.328844
470.902526
473.109641
481.779785
485.641110
478.952224
493.160462
468.018007
484.667112
472.540922
457.463074
461.880830
452.053998
459.997668
464.222681
473.356136
479.609791
469.177880
462.969036
464.425253
454.920278
471.167632
450.946735
450.784043
450.750855
450.103957
453.755981
443.696028
437.213404
462.015800
442.682660
468.136690
459.142888
458.998737
456.942314
458.731707
461.117687
482.075264
451.080812
467.201080
454.918857
466.676013
455.697820
448.703840
451.208952
454.548676
445.125061
455.294009
437.874936
438.959162
431.392523
419.457673
429.016290
414.708519
412.754749
423.796289
416.799294
418.916215
415.638885
414.147898
421.009665
406.162812
421.768712
404.678329
402.928641
394.738830
390.526327
404.273854
404.187691
400.230473
414.112608
390.048468
402.864683
398.011929
403.307562
404.965028
413.516851
411.406647
429.242920
397.329726
415.236709
422.322574
420.699122
431.496175
427.864794
415.074829
420.687858
397.325746
421.792894
399.398429
399.887836
403.664573
394.961566
401.489284
405.277186
401.614695
413.261184
407.054330
416.381406
427.793987
412.476377
420.785210
420.441062
430.249946
435.285408
430.214512
433.608609
438.887331
433.881441
453.957971
443.780184
460.698091
451.216468
461.451091
469.987049
479.347952
485.298112
497.538250
478.075282
498.973908
477.995547
490.939170
482.147290
489.815920
485.735042
481.291937
474.826622
486.325471
464.686403
479.615781
472.001086
467.302521
468.150879
457.389567
467.615007
464.986086
454.507643
467.932346
446.766419
463.572996
460.067973
452.858153
462.067266
440.608348
438.842840
435.926379
426.309819
443.400998
439.385203
426.505788
441.510820
415.152202
442.051836
421.267291
424.432555
425.706528
422.638016
421.115346
426.253376
404.018046
423.556962
399.725642
423.760470
417.503014
422.468100
431.690206
426.419842
431.370013
442.448590
429.569330
452.272408
441.106715
442.341177
439.885341
419.355540
408.484326
391.290544
374.179373
376.597691
351.459649
353.512514
364.147015
367.106996
380.795706
365.627188
370.996931
371.120802
358.315807
355.831759
341.739484
332.283619
340.854576
308.708765
326.613986
310.603171
317.354250
314.355181
310.469941
315.537374
315.585171
296.654692
320.720952
287.670617
325.240678
301.931091
309.517706
307.856151
294.640292
287.715587
285.831760
271.403320
297.918647
273.903944
284.504555
289.385997
286.091423
299.129007
300.335792
316.031786
335.563360
328.729837
353.744698
352.097682
362.307171
383.220695
369.899079
374.492962
364.715011
363.401655
373.238922
366.329660
385.751723
394.279700
378.495443
393.047898
381.544999
386.482692
369.982505
357.872771
345.692831
334.205017
316.130879
328.465271
303.966481
330.374396
303.501326
300.680437
307.925460
298.544840
277.645164
284.379991
272.404105
288.714465
267.223586
282.816272
269.395141
274.404794
274.804379
275.455999
274.222153
274.922232
259.839344
288.828415
263.642539
268.011788
269.737226
255.945524
261.397216
243.418251
244.449335
263.455668
255.543211
253.276379
253.504599
241.076500
249.981444
227.786650
235.646617
220.468641
206.976630
213.091726
206.784388
206.850781
230.500080
203.360992
220.414428
212.938244
225.307535
242.559050
257.658654
251.248301
273.354163
245.930535
271.006500
250.762082
254.378223
238.216772
229.846577
222.811702
219.182119
190.800455
207.536007
173.782580
180.887371
174.973895
175.076057
186.254928
187.635527
192.131673
205.301371
195.422791
202.460883
198.712332
202.101706
207.587690
186.521668
202.842337
201.660879
207.464047
218.028338
228.628382
237.119438
255.170252
236.622391
259.594176
245.909457
269.543041
265.818758
275.841065
286.532838
280.689315
272.950311
279.089982
263.738733
292.480462
275.586959
279.491409
283.290035
274.450172
267.573282
274.503616
268.201219
279.400858
251.502577
259.163731
243.245323
245.248078
255.737835
249.802219
241.848264
248.726213
224.689726
232.800293
225.789221
243.190603
251.656336
237.570482
260.292745
257.961047
266.274663
276.762628
281.445175
292.140050
298.767220
289.754140
320.026934
293.249299
312.179451
299.854280
305.370046
310.322663
314.696008
310.552953
313.054889
299.748145
314.724195
293.017468
304.263235
286.497382
289.824438
287.967538
291.198823
274.866366
292.554231
266.632516
284.376146
275.208784
273.812183
285.252664
284.269810
282.815009
287.638549
284.834811
302.517673
285.377253
297.822341
300.897126
296.865316
310.631541
300.057705
310.659442
312.242771
306.344265
314.395642
312.127398
311.989953
315.464870
309.750894
337.094637
325.423568
342.665075
335.345568
336.775951
343.305279
349.221955
341.568944
359.421626
337.912099
360.661317
340.181774
338.472360
340.126017
355.461004
360.363857
374.957454
363.614162
376.887479
365.169369
370.190747
363.206960
367.799917
382.808857
376.533370
370.308001
383.113212
362.423129
383.267332
376.140380
385.081275
384.104675
378.279128
390.738678
372.328992
370.119355
371.253164
358.192512
368.967884
365.584104
352.869361
366.471735
348.485824
364.987035
361.743350
367.180773
370.342883
359.896630
344.183888
356.579674
331.956319
354.276826
338.417733
349.066721
348.409493
344.761748
350.936043
357.621967
343.327093
365.356126
352.724565
374.996830
362.719696
373.337907
374.726839
367.609610
366.703928
367.534919
356.609032
379.672198
363.876463
362.969661
375.564070
365.386558
378.814582
381.736414
376.154286
397.662727
386.580349
381.926298
395.773920
385.846881
398.985071
374.134759
392.372743
380.651953
377.394697
376.329686
380.045238
360.474274
371.058849
353.204336
362.765890
362.904619
364.702437
352.966967
365.113017
360.849531
376.807812
352.251230
368.683978
348.158470
351.847215
345.055735
347.476514
351.607475
353.439221
349.914033
363.292177
347.472324
361.939354
362.735778
362.907509
366.737968
364.694298
359.769205
360.818335
355.562608
357.142711
360.628639
362.114166
361.922584
350.363605
359.740324
353.302129
351.133495
357.710411
355.815116
350.984812
361.358242
337.549793
362.586311
354.046505
369.820581
357.940339
361.194958
355.254979
356.795440
331.785606
353.085073
320.501739
335.798966
322.433887
324.545905
326.794594
314.933571
323.938263
328.061091
312.750158
331.872273
315.411207
335.909147
335.275255
328.073818
332.078917
325.065486
317.509888
334.104248
327.543943
351.404561
355.218691
354.760950
372.519783
366.497179
377.356533
363.804279
372.177773
388.304625
378.218380
386.357182
398.070821
389.131614
416.490014
393.816811
416.581658
414.665757
415.036878
413.972658
407.179141
395.263569
417.247264
386.108716
409.964434
394.763892
398.201067
393.779474
393.034395
398.030004
405.127229
389.272638
414.165228
390.617617
401.276320
389.795190
391.843033
390.491803
375.962695
381.771383
401.711418
378.448323
401.172647
385.424803
383.184906
398.474460
373.876999
390.642191
386.175516
385.764816
385.495226
372.742742
377.935705
381.281795
361.651271
385.102895
359.268801
387.953559
363.482961
360.494289
361.905870
359.334610
365.093813
372.852339
347.924491
369.104873
343.908316
353.308627
357.729081
343.560065
349.234913
351.988591
341.059520
353.553643
319.080496
349.134846
319.750070
329.946917
347.018767
334.407590
343.115939
337.172620
316.391109
329.054765
301.981428
305.442080
318.069673
302.405168
311.670162
296.298099
297.997721
304.846945
292.628051
294.158450
306.636671
297.323835
302.212004
296.173840
307.433781
295.398079
304.157152
306.615572
308.145801
309.522303
317.426978
291.939109
322.587037
305.459882
323.695733
320.908305
323.780191
325.072413
323.399509
320.841191
342.253591
320.224928
349.452373
342.080992
353.062247
359.956329
350.080458
362.794067
369.955089
348.916406
371.749192
354.822898
361.508258
361.745689
357.981363
372.238267
367.955515
381.903217
386.490033
376.194325
387.741720
383.414126
383.441599
411.506306
391.609894
400.506519
385.458743
391.222797
391.146203
388.402250
380.948615
391.969986
372.899223
394.158373
371.868335
387.196472
389.161770
395.407903
405.557589
402.632693
387.857484
407.078465
376.273771
394.823831
378.265688
373.806485
381.873427
367.232559
363.324983
381.618523
359.552665
390.493330
375.609431
376.761972
390.583472
376.270420
383.968623
388.716967
392.436554
403.375324
393.374779
388.694130
380.562034
361.374671
367.350293
356.017912
374.530368
362.344061
354.507289
353.652162
359.720964
357.467535
384.263524
363.226271
396.892109
382.750549
398.274743
384.738293
377.937893
381.106180
390.595477
380.574375
395.367954
364.791839
374.908683
359.017829
351.844345
365.069591
361.051355
364.320993
385.689974
377.234732
407.194128
388.848205
394.120624
388.683601
385.817687
391.807674
385.756635
378.250962
384.116263
367.201879
365.944969
370.429572
362.340862
379.649836
364.950623
392.504057
379.527424
366.660209
379.380743
371.034525
353.926095
360.840580
343.119974
368.295483
349.962712
352.163137
359.724142
354.029453
351.736710
355.076447
334.314021
365.614528
323.327662
345.038399
343.694258
349.686513
352.002762
347.666906
342.076272
335.872548
320.412203
341.515372
320.185428
323.953966
330.391466
327.447708
325.845303
323.095843
321.022377
333.623382
316.757764
328.830604
321.552429
315.624026
325.898826
304.593399
313.678131
310.495018
315.014818
327.690353
321.319352
318.735666
319.983082
305.644308
321.644731
295.885353
310.172446
311.376009
297.639178
305.869753
294.260051
287.322530
313.690239
290.687352
318.896187
296.813493
312.079576
320.242787
323.834582
328.858599
333.578437
321.201776
343.427405
329.514392
329.637050
324.962049
330.329213
334.189854
328.340162
326.280556
344.522398
328.090498
348.968357
326.574745
327.835474
346.195127
341.143761
355.505207
357.423948
366.015064
373.351668
365.748072
377.546445
382.837232
376.370550
404.787947
371.606893
401.479021
385.024241
388.854171
394.635428
379.668590
376.957742
396.583795
388.292545
394.515731
378.986112
389.049286
368.379611
365.328488
355.493512
356.666251
345.803375
359.346948
338.602543
360.623110
342.665813
342.629195
329.240825
317.023501
322.050016
316.102114
310.620114
323.288176
296.634536
324.978065
323.629592
314.843686
327.728611
308.239773
307.419028
299.203690
295.645302
314.499413
303.800984
297.957286
306.450232
289.718795
305.595506
300.906220
316.972280
316.532259
302.182319
298.667691
298.525242
287.108601
307.661250
294.920116
322.776725
302.942454
306.368149
308.101576
306.054219
295.570227
311.273340
299.586184
327.106803
330.609372
340.141336
345.740918
359.225746
359.668986
372.464781
374.171382
390.821824
373.707442
377.711501
389.375670
380.601354
380.129829
387.857675
390.080290
392.521598
396.704639
387.145361
387.976255
375.166731
381.873455
369.633644
371.793922
356.559000
360.055046
353.110777
361.614371
350.518602
358.195358
351.658426
366.949688
354.933206
365.010054
357.740117
363.078553
370.583418
383.181826
368.010033
386.981478
366.976821
390.574459
387.846403
381.147761
381.578760
387.052804
381.945163
397.934570
380.161165
398.932751
386.566134
381.232400
388.515524
371.796506
382.245226
386.450710
375.039047
386.044917
373.753678
373.995205
383.118798
371.033597
375.953931
362.905488
376.724084
368.447056
367.201735
369.908246
367.900596
350.350201
380.078244
356.561604
373.133112
373.397447
375.655367
385.082245
392.231989
375.705309
383.198055
371.854614
399.919722
378.991581
400.182713
401.103748
398.622364
408.747928
415.073477
407.861795
420.490037
398.347378
415.356401
408.123593
413.462171
416.733597
400.181063
406.057285
409.587194
405.037160
417.117885
406.277623
426.185328
428.445918
416.434786
434.005336
418.852614
425.058800
421.917343
416.090672
413.822348
418.247658
399.189441
424.757430
393.482173
418.498751
405.615258
409.055586
413.799576
406.347022
408.854645
427.005107
406.951830
434.158935
415.865022
434.607426
426.167576
432.616701
432.797643
435.086012
433.719494
456.356734
434.508469
444.364330
424.563480
424.367913
428.678387
427.836306
432.977882
426.763605
409.712727
417.957412
397.707491
406.001379
401.633970
382.908473
399.652818
382.901306
393.651043
395.511169
389.089718
400.470164
383.638214
377.024937
385.616215
365.454365
384.373604
366.366193
369.628784
372.388745
377.394411
376.286990
380.417459
372.191241
404.467808
375.140473
389.397578
384.888786
389.914328
387.154494
381.659642
379.628655
381.732082
362.897050
381.213487
362.552000
380.002282
371.043140
361.666585
370.980300
375.439484
376.139203
395.070790
391.654073
404.993482
391.845297
375.790251
396.856724
378.755084
389.111325
383.549263
371.518182
382.309854
374.259409
380.216148
389.217325
365.218056
397.196941
390.525145
403.379532
402.047670
399.040004
410.459993
405.894819
384.537145
411.400296
390.718752
403.122803
391.810506
394.712611
387.816114
385.726929
379.977755
388.408562
372.089438
391.491064
370.313238
397.468675
396.820741
392.985839
398.060961
397.063601
385.199626
396.708504
389.393565
410.178427
388.891911
384.790325
391.852525
376.354786
393.913913
385.300629
377.626979
393.561696
380.299982
383.115485
392.200476
368.721166
393.088472
374.769910
390.613428
391.739653
385.007814
380.477123
378.145515
360.152695
370.785746
343.518652
362.522023
344.326278
350.202091
362.397779
353.601420
353.207927
359.500054
340.772858
368.481193
347.081102
364.365393
358.357606
347.938345
359.175950
356.306693
348.410835
368.665098
350.595177
364.043683
362.080417
359.036272
370.266606
358.595663
368.388425
373.800176
352.685360
370.475477
360.074556
356.510998
355.714471
341.060676
353.277993
333.854729
342.460961
339.564280
336.004785
345.504397
352.726220
330.982681
354.233537
322.071510
348.840249
326.709656
324.492222
337.297690
334.011772
323.446377
337.235132
312.590137
333.306176
316.364663
319.499487
317.645103
320.876294
319.877277
325.489717
314.992225
327.851114
316.739531
324.724732
314.774443
310.348477
312.986704
301.541074
312.850922
325.908100
317.432692
336.330778
338.925250
331.034379
352.080610
323.252059
339.620292
327.788068
329.483847
341.237116
329.712952
336.899427
344.883381
327.992753
347.579956
329.975455
346.349848
347.012837
330.071440
335.406994
331.321648
323.385125
343.824798
309.868340
336.184364
316.246478
319.536601
320.463018
316.433160
311.935920
316.730101
291.173104
311.798678
298.299012
323.379284
320.401091
322.397185
329.178828
319.598507
320.244088
330.699633
324.715134
345.850570
334.730207
341.362154
359.515714
349.563924
368.105590
354.213767
373.830171
380.233152
368.979371
370.988181
372.145870
358.655932
380.209451
359.743793
379.516359
362.453077
354.330107
352.917827
352.075038
347.367368
362.222274
343.144835
372.104454
347.618579
355.383588
354.535771
349.660164
352.436837
358.897857
346.322570
380.088350
359.312512
378.106341
366.909438
356.381344
360.803147
351.070936
356.822368
358.160017
348.333188
366.964655
349.570044
354.845699
359.516210
354.392303
371.669814
362.667400
375.692120
378.055043
372.095262
388.662891
384.606234
373.933481
389.533189
363.094647
383.555041
372.533122
368.860872
368.372168
365.181244
359.624297
373.539316
371.649241
390.945670
367.195333
395.981202
380.906846
378.528930
374.715669
380.408968
372.413348
383.936820
371.957091
390.101508
368.473056
383.271660
375.455937
366.808957
375.191491
369.508041
365.857710
371.031699
363.111782
374.656440
354.535232
357.871593
373.883170
353.453332
369.974851
357.429919
360.637333
362.502745
350.885268
350.721131
350.895576
341.189759
365.886038
348.665976
371.479757
369.472870
370.084761
375.111291
374.532472
369.750911
377.382857
354.319612
385.907279
361.481710
395.886023
390.329297
392.474169
400.640400
401.408224
388.809804
401.019779
374.494506
395.368903
370.916975
365.836351
371.284876
369.051879
363.535927
371.008609
348.428649
362.929701
359.509302
353.616577
365.240167
347.187689
368.198248
353.379216
351.479243
353.562499
346.995090
353.161275
359.631081
343.779580
369.714926
357.333388
360.200445
363.327652
363.005150
359.696957
363.476240
357.295146
372.507445
348.854579
363.274245
341.424860
339.880868
331.563223
340.595755
313.051038
325.342882
306.583018
314.166505
297.694786
319.142128
329.649343
319.797144
321.797482
326.321378
322.093668
324.865204
314.735545
313.120653
304.298223
310.455069
306.289615
305.216551
300.761363
307.664288
303.769190
312.716418
314.576364
300.415520
332.797590
316.272838
338.365392
347.079038
351.292364
353.155493
348.637684
355.037009
364.407139
343.432359
357.018974
329.839597
336.227954
322.174464
315.517979
317.223988
322.637204
302.037778
326.274317
308.591389
322.289775
305.632879
305.335010
292.295601
285.419924
277.884997
278.997449
264.465497
279.282809
253.226866
263.532708
263.219638
248.728526
250.845027
242.074452
255.939955
261.477450
255.640262
274.565179
273.998272
271.738494
300.008650
287.875333
301.931194
295.183999
295.680483
302.434433
295.182188
296.505304
301.611292
284.060938
307.909642
286.654099
308.981120
301.817388
304.139029
322.116426
332.943999
319.188803
340.038846
312.061913
335.116723
323.004472
312.979197
318.460217
307.597498
304.964275
303.407735
282.972919
310.343711
285.993404
299.805685
298.179737
277.752666
289.744851
276.319195
258.489238
264.535885
245.996280
257.123018
240.998065
233.706188
242.150735
230.394213
249.494002
246.787411
249.321636
255.486259
252.484277
257.690344
277.869580
259.677607
284.764215
268.697181
283.649376
281.095314
279.842430
276.213650
279.169619
276.321991
289.345364
267.007206
294.462319
277.577528
280.953642
277.538031
273.526207
269.498596
271.017415
251.887685
267.930320
233.436072
245.205869
237.218938
223.874954
232.810134
222.426045
225.446227
245.576266
230.309242
257.410821
241.237238
255.416030
259.499523
236.459254
258.510620
240.224539
237.742663
246.024638
237.205957
244.774802
243.256374
236.927683
248.933434
227.850460
248.025265
242.854694
243.528759
250.136099
254.518797
246.068524
246.075645
223.105481
258.252924
245.154227
255.620527
256.336062
255.031655
247.995973
254.053065
249.692988
275.531875
248.662946
276.593305
267.218085
269.628851
275.769562
266.415301
262.968433
273.316567
263.848678
270.342314
258.593873
269.331735
268.294552
251.118377
265.991273
241.587118
239.519863
231.244978
214.272439
218.320057
212.777054
209.327252
224.017413
209.024707
234.524758
227.014534
245.356421
249.149398
249.231643
252.507186
280.287256
274.058520
291.090906
267.694858
289.131114
284.871902
280.634796
281.610518
294.377909
278.674359
297.009830
282.440362
306.508957
296.959008
295.265687
294.311865
286.535725
294.353252
303.583366
294.450203
300.196274
279.077060
278.870788
287.130448
279.157325
279.257468
267.539866
266.262593
275.447964
253.280712
266.445305
265.643459
267.895310
284.461603
269.616059
281.842700
276.376222
284.807201
285.391866
283.176228
264.918522
277.746240
250.238151
270.905721
260.953187
279.423941
280.844077
281.795526
272.835592
282.111878
261.671343
293.185535
271.445559
289.146583
290.269640
284.612443
308.543853
310.281634
307.694854
320.495513
300.467712
325.679767
319.136859
327.799221
337.398986
326.037459
341.800774
348.760540
344.304779
346.745973
345.464506
349.325222
357.594223
343.555055
355.879316
337.578367
347.449308
343.436683
332.322440
342.441825
346.130232
343.948508
364.237100
337.445099
364.601461
342.069940
347.859496
354.284925
348.147757
349.513998
363.187247
346.318983
372.870210
354.831039
369.162493
362.146123
377.024311
388.634857
384.485790
387.430266
397.975809
379.664524
403.915447
374.073666
389.554149
386.278179
367.827268
372.995191
364.711966
366.559830
387.859459
365.511205
372.834118
368.446350
365.385603
372.341190
350.277261
358.744485
350.370712
349.430483
343.058053
348.406144
345.436906
351.998684
323.873175
333.696937
313.453593
319.068666
310.729129
306.898346
299.934908
298.949056
295.749249
312.426498
289.984032
309.539090
295.870494
297.268943
298.720356
289.982855
262.561162
279.475705
265.041929
286.527681
261.053171
272.185600
266.865887
249.802398
266.068784
261.495633
251.729806
267.918670
249.865395
259.300305
261.554623
268.468769
276.929373
256.997707
275.924797
272.447199
276.026005
266.766446
262.371792
264.956638
260.349907
244.410699
268.569370
255.925365
270.994231
272.233005
271.323229
280.903880
290.234956
285.722718
296.082054
273.761786
288.491273
272.786937
288.889188
285.351745
283.200760
289.655696
294.224162
293.560242
308.486199
287.961471
299.979608
289.730694
288.383816
297.299761
292.837136
304.288782
311.267932
297.221342
307.586981
290.152197
304.950746
300.835831
290.007638
305.573100
296.004941
305.405408
296.667747
283.594357
286.266277
289.626602
281.933146
296.596821
282.820964
296.551160
273.964338
270.862719
269.854895
260.698796
257.733910
258.723018
251.462884
276.655840
251.331228
263.961632
251.399835
254.701088
254.293556
248.506950
237.240001
255.080334
248.323355
263.995636
244.694284
236.940415
235.435782
225.011182
231.399742
228.265527
212.281369
231.943573
220.250375
231.067237
222.664803
218.157193
225.472563
226.306543
226.796352
228.709941
228.202999
234.908960
241.057233
238.144535
255.336988
235.703039
263.095614
253.647324
264.211080
254.739215
256.824066
240.548682
250.769364
231.091918
233.235601
220.026208
224.487283
222.771006
235.199179
229.485855
242.972227
220.707437
248.948054
225.394308
234.963747
227.888277
231.930884
225.772565
226.113421
223.819484
235.122640
221.967566
233.181764
233.162559
230.417020
227.087338
225.999229
229.727737
218.804907
217.510970
224.098351
215.287386
220.757454
223.826335
212.125888
219.033732
189.239332
186.214495
182.158059
177.080049
184.369463
187.827216
177.687031
205.714527
192.913377
207.191256
206.077548
212.790148
208.228321
206.624965
202.314485
216.977914
198.809774
230.327110
207.618559
217.790961
210.744903
205.308928
221.406758
219.338031
214.450091
227.605706
202.777302
231.974324
214.845834
224.038483
233.732568
215.437323
222.576143
221.740033
217.119194
219.974430
217.270423
218.482455
222.940309
202.627576
226.321849
210.949374
228.872449
245.859395
232.660423
237.746103
220.017006
203.092000
222.488657
187.950301
202.544312
202.864231
188.480976
188.480962
183.142879
183.410531
204.179175
179.873653
216.659050
190.924939
215.518695
214.188180
219.388845
229.174065
229.126851
218.422895
236.007595
216.959333
230.316145
216.782750
219.371729
220.145187
219.248347
218.096287
224.536048
225.086157
236.645725
211.948047
219.497913
219.800442
205.257597
227.544386
199.105726
205.451374
204.039912
194.648339
198.276706
194.996448
193.961905
208.058939
183.873492
208.940730
196.652790
211.561453
214.441683
215.967765
235.908908
243.954234
239.521057
263.480357
237.323662
252.285784
250.723721
255.817137
259.126331
256.052085
253.801805
271.158681
252.842119
278.367415
265.280253
277.569771
296.601413
291.124025
295.590007
286.223959
268.484078
280.408138
266.247641
281.760873
258.456941
246.542879
267.113348
242.003039
252.811080
249.455794
241.724439
250.314921
241.077646
240.538138
267.024993
246.562314
269.489078
268.546377
280.715777
287.428786
283.702166
285.715996
288.231261
280.178865
288.835214
262.703967
287.082916
276.348665
277.574014
296.066597
294.302332
292.769875
318.368219
294.542059
325.498032
294.374818
311.403299
314.169142
301.592807
309.886344
301.119377
310.506810
316.554652
314.376571
325.317255
317.049971
311.263948
327.314212
313.487058
315.957667
323.820192
309.495156
317.015928
312.061632
315.105438
332.457459
303.511207
316.983843
301.604495
298.460015
278.385300
262.416807
262.044075
255.019706
235.397329
259.979631
234.033399
261.424877
258.491724
254.888892
266.215787
266.532217
264.124362
265.543155
236.476990
259.381120
236.620734
243.382207
233.841757
228.015331
223.715792
218.125093
211.735466
226.239239
204.824814
210.742584
207.448287
188.341454
208.195413
203.739037
207.136863
211.194801
198.892849
202.617717
199.924149
200.857905
207.190404
185.589740
202.944279
188.317434
204.653274
201.581250
210.298013
211.698202
223.984236
214.875825
243.132710
230.184355
247.874503
235.023376
244.940071
246.067848
236.475261
238.310742
258.682037
229.271260
257.741892
243.605939
243.400640
246.557881
245.603456
251.027359
263.700060
262.289172
277.451634
267.805102
270.274040
273.778458
278.478760
292.408321
290.058571
283.700946
298.632488
282.153111
301.123128
300.254893
304.422641
321.440223
303.142059
335.826916
319.380355
337.346341
350.283135
345.238842
358.563928
362.140830
346.159202
369.663192
356.733428
375.080332
375.709842
383.572629
390.564017
386.654266
389.624824
406.316560
386.853975
414.073304
392.308584
406.801720
412.664001
402.035792
403.287068
415.078765
406.272223
426.665139
396.050103
408.114384
405.205131
399.684443
401.050950
398.788380
398.394692
405.460929
394.488095
414.260749
406.404193
405.079898
410.555443
385.461225
402.333422
384.222571
379.772731
375.990821
375.012204
367.123120
364.663555
351.281510
372.475305
345.001288
355.212108
343.672023
341.148153
343.975821
354.141689
346.787436
354.366656
336.288776
352.399579
329.791395
351.229112
354.539819
341.178252
343.862178
345.362371
336.196481
349.660755
323.310157
353.820320
336.401065
333.958208
329.468309
324.349576
326.479255
323.182353
321.928814
323.406325
309.039500
315.529288
315.517347
318.133717
324.066391
306.410263
319.598266
317.405799
316.293727
327.233288
329.189963
326.045647
346.001383
335.556816
364.985649
344.196655
355.172776
355.647768
358.675991
357.623640
372.059087
355.625009
366.167389
340.017533
355.510359
334.197147
339.337753
346.072556
339.615849
342.552132
360.436010
347.007609
365.287370
343.967145
355.455913
354.119086
348.368113
348.440477
338.544381
340.707079
348.654675
335.714182
358.860123
339.704925
334.066454
342.995339
321.961140
344.026750
341.862661
347.932544
357.488536
353.354637
360.102455
357.509926
337.933901
348.816535
335.417809
347.825731
331.839028
324.999788
336.137849
333.262644
318.236536
340.451900
317.272046
339.097761
326.613514
337.461120
338.375248
340.130341
338.203073
346.797465
325.312279
352.523623
335.594977
354.635033
361.875735
359.952848
365.795529
360.726980
363.243716
372.488600
354.007435
356.617214
358.260135
367.029756
384.009148
375.603568
380.436865
378.547892
371.417158
370.396698
359.132663
345.379084
351.659810
331.746801
333.482396
320.579914
315.186416
305.789029
305.239189
304.855624
311.748867
288.686099
299.433231
282.269305
298.833309
299.552843
302.357612
304.442371
314.016121
301.168759
321.746387
297.902684
326.175383
318.879636
329.120391
335.193002
326.064745
317.505854
326.235634
322.962804
334.778558
318.510103
312.846087
306.734961
303.449466
293.664178
282.360996
270.812971
276.743588
264.332277
269.757409
276.345212
259.080027
276.291323
260.148213
277.655005
277.850994
293.452410
294.672068
272.134965
272.479560
289.411363
278.030862
302.706074
282.436330
299.119224
295.904167
284.230263
284.522407
289.112869
277.494532
303.430462
274.997637
293.822252
277.080078
268.174051
265.673617
263.884159
267.206436
284.817159
264.168116
287.414482
267.049326
272.002648
272.677264
270.280757
275.551389
264.290521
264.857838
283.623864
265.269606
277.952126
269.023680
258.588009
280.645650
260.645974
273.488108
263.518833
262.613694
272.810111
265.921004
269.858791
289.223826
276.852141
293.601315
269.994347
288.420076
286.114992
279.918002
274.655951
275.007642
265.251261
286.526596
253.649094
278.761098
262.774033
277.771492
280.089639
281.554034
281.091592
283.650568
267.001968
280.197300
257.025364
251.989832
244.013557
237.708525
242.906835
232.040754
235.742882
240.617625
207.914603
228.519876
223.205146
210.530898
229.872074
211.859601
245.396187
240.589760
237.129408
245.809555
239.839515
242.993217
248.569273
228.203452
241.708899
223.982830
243.410905
234.858185
237.489542
249.627158
255.284779
244.282236
274.856263
256.981220
288.207504
271.824314
279.140407
283.273985
279.788992
288.202483
300.365107
293.961589
316.142816
302.724449
332.402173
324.556619
332.298092
348.428007
331.212584
339.784610
358.199411
345.092804
368.286588
354.008703
358.022347
369.963971
355.874323
373.562840
363.985471
372.050286
370.565317
355.747353
370.821581
372.700554
362.650728
390.522337
375.818318
381.459044
375.830584
377.611249
375.229011
367.973373
350.519586
364.954804
338.689513
368.346731
349.638617
350.105538
344.056267
332.393087
337.824988
334.754785
317.257395
334.676158
300.470235
304.857413
298.116855
303.238417
302.831463
298.502212
296.395602
281.792158
266.742224
280.841302
261.700398
252.530093
265.937893
247.743082
265.426423
256.430338
262.424398
267.217413
260.325162
267.788072
267.779639
268.499274
293.111820
268.849733
278.626036
268.349206
272.946741
271.383749
276.050197
269.109088
286.191100
259.984185
296.430319
284.457451
286.724972
291.138464
282.844065
278.827323
274.811339
252.458810
275.451254
271.005156
283.321551
275.881330
273.325670
289.223731
274.528526
262.631780
269.029974
239.370878
251.290716
234.435908
235.122119
242.526807
218.382357
231.605469
233.933236
238.160885
244.624522
232.515006
233.201693
250.394341
232.948729
245.978240
227.107582
242.609518
233.051320
224.641371
235.741870
231.085811
216.138346
237.723201
213.373273
237.202272
222.795497
221.037886
224.719405
215.086110
222.807590
239.536462
224.753635
245.121095
224.954138
252.027997
237.869823
240.141402
232.778672
223.869272
220.301364
228.130947
216.129747
236.086696
227.311447
231.883259
240.259081
223.209107
220.695657
229.253896
222.018938
227.888711
209.861857
215.285090
211.521298
199.174508
218.631261
197.844307
213.543514
216.069704
207.659044
217.328261
219.855105
208.960251
226.511862
212.939516
225.635919
206.414555
206.885752
200.271891
188.279768
190.678363
187.218935
165.275475
189.206289
168.015010
185.349318
171.291983
173.144187
170.579236
164.791289
161.608715
163.667940
135.052515
154.399039
142.276033
152.885749
147.171842
139.331956
147.202991
129.000957
121.836645
136.160140
116.177788
120.022377
119.676075
119.642258
136.215468
122.772097
132.368775
128.251583
132.879052
137.757758
143.981634
132.248049
148.463267
123.111249
145.305995
130.475010
146.475052
137.742712
152.157212
143.999969
144.084810
135.388171
156.856724
136.135164
156.827581
149.043101
151.835658
157.830372
148.277390
140.340119
156.236316
146.554359
162.366863
135.670454
148.444810
146.754345
138.077176
144.745351
141.305441
144.065443
147.546770
134.893507
154.619603
155.526411
143.364158
163.243523
143.621420
158.717446
147.037740
159.817253
170.158815
158.954055
177.609643
176.265769
161.341448
178.733518
149.872799
167.588115
160.893718
168.998572
165.698080
165.985846
167.908999
187.082019
162.380855
175.159162
162.152907
184.573246
167.758367
174.278045
184.935359
178.900507
172.384205
178.605036
155.149605
185.061557
166.471491
171.485363
178.607257
179.315032
190.319230
188.017037
176.670729
182.019797
165.716175
171.338994
186.061488
175.418632
185.659003
177.522814
175.341083
175.895658
163.013262
175.084672
164.753176
162.266753
177.999222
152.976320
182.577926
165.985831
180.726741
175.382347
194.256617
199.920339
203.214123
193.192606
221.571056
203.575572
220.442114
215.973998
203.933493
209.086061
204.650240
199.467389
213.930383
192.733630
217.451267
202.169514
212.534467
229.590209
223.729477
233.171211
233.618323
224.889692
246.659027
232.321412
245.171180
233.676076
216.152174
216.446057
193.657169
194.284690
199.222187
189.704863
183.162567
190.482596
167.958207
180.370111
185.802221
202.968147
201.684813
212.952810
199.139535
201.494848
207.342064
218.204099
197.996674
224.815156
203.744141
225.016511
222.323916
227.909796
226.056235
223.044810
227.407929
240.914077
230.490423
247.675706
249.185080
240.861747
249.573727
265.232240
250.888304
266.944809
242.058741
251.623162
244.185152
246.633091
237.509321
245.695118
247.159047
227.199460
238.740519
240.878176
233.797255
225.932071
235.546903
219.114505
229.977671
213.444388
221.207946
223.757245
215.564133
221.382433
226.603268
217.449468
230.792637
193.521672
218.734614
207.321371
205.070531
211.711790
212.965563
206.097145
220.740574
199.394472
218.372647
207.167832
223.041610
218.126162
203.740403
214.486271
214.223842
208.053060
219.448698
202.331084
219.423442
228.261429
224.446330
233.634147
222.082384
219.472797
207.934291
203.660766
222.471501
210.328969
212.785263
213.601351
197.601229
221.722129
202.654558
210.122820
210.448410
200.459456
198.384469
209.024266
183.073800
199.356275
164.884544
190.106033
183.257564
189.441057
199.312207
201.019788
204.715997
222.451596
203.744261
218.406723
205.509593
214.865798
215.373446
214.057260
217.620330
220.211453
216.819222
236.198650
211.255064
240.218696
237.112363
236.127001
241.122036
230.539880
233.533695
233.483660
224.851360
233.153988
218.869638
215.860834
217.210526
206.001482
222.143066
208.517388
228.495846
218.470513
221.791436
230.357129
233.997302
243.249968
270.329412
246.571256
263.974415
255.372937
259.616419
243.732774
236.390887
229.111636
228.846137
204.730285
234.412307
200.207558
208.795293
191.227787
185.453863
191.287500
186.636412
182.629770
195.437612
173.413086
198.868537
178.276741
179.769483
188.314713
164.765644
181.352670
182.883676
185.156669
183.917365
164.106354
172.324517
175.765092
153.503652
168.334573
166.305151
169.221112
169.057762
162.297690
181.568082
173.471559
174.549061
189.522405
162.514047
190.437035
169.074368
174.423119
172.353660
173.873776
163.944167
169.954971
155.448869
173.756340
144.739029
164.698571
151.900201
166.589268
171.108543
167.225351
181.533943
190.280680
169.104727
191.494012
175.513178
187.993511
188.937609
179.614049
192.265825
190.043851
187.985934
202.403006
197.564911
203.334326
191.651934
184.939252
203.287939
192.376204
206.313100
204.548948
192.750097
207.934464
198.231032
180.479809
190.088037
184.947175
212.217643
192.075625
204.804208
191.605365
180.775500
191.140033
199.233561
191.566163
210.887287
184.953120
204.768169
185.874776
191.997997
197.822646
196.205582
195.030407
200.300546
173.929123
203.642361
179.035999
187.238300
168.949367
159.088411
157.489177
167.109525
163.564357
171.702860
161.530437
171.977840
167.327292
155.846731
168.876054
164.287875
167.832687
167.635816
162.048322
168.496400
162.545858
170.226481
180.503231
175.180402
185.462576
170.486048
174.449128
181.442475
174.544092
180.526292
191.420283
170.397260
202.505592
182.167227
196.406791
189.057598
184.946962
184.285148
181.915604
172.267299
186.265432
155.733747
184.187326
165.517803
171.054126
174.849878
159.142442
166.115845
167.818721
154.965950
177.068528
152.812095
167.481549
164.406236
155.683856
163.048115
146.116314
150.159855
154.718977
143.390554
149.052455
151.574655
137.582793
149.041483
138.564122
150.478592
137.201996
139.987566
152.567807
152.485362
157.531164
169.991239
157.769394
186.610664
164.549192
195.521224
192.275164
192.941233
200.444510
211.283783
197.081177
208.796584
184.711802
208.079606
182.071386
195.151393
197.547116
192.024900
209.270882
220.351947
212.339518
235.474388
209.273260
233.012237
227.277025
204.410721
215.847989
203.807897
201.292737
213.211599
212.089215
222.604148
208.681927
213.316794
220.373648
204.587029
227.339704
218.265099
218.244178
227.393571
225.849158
226.938477
222.317741
205.999306
226.927038
197.226051
220.573003
202.661782
203.281875
204.992219
202.175211
191.850101
213.688381
185.237386
201.224571
177.704851
187.997254
190.535785
198.370910
204.084372
206.980337
202.931654
214.913427
197.137957
212.854265
202.103610
204.035571
204.207968
188.438807
199.588259
190.940764
167.271685
181.242858
168.988759
175.859373
181.275318
169.352189
179.006870
161.110829
162.420131
173.191615
169.801746
175.300179
171.718394
164.080096
171.906808
147.852184
173.352486
148.399508
172.930684
169.566002
162.554703
168.268342
172.411276
159.613954
181.000487
159.531690
171.254413
160.529340
164.409917
172.004803
173.684904
173.835970
182.051773
169.915915
198.000801
180.884129
196.318045
202.733064
210.348017
229.872101
233.859067
245.744460
260.935296
251.965717
261.354068
258.515187
255.760094
262.831433
255.239994
258.882379
243.872948
237.781720
235.251118
224.625287
225.851648
239.701475
217.702162
244.577167
233.415416
246.252683
243.926077
240.374132
241.504274
241.299690
225.406590
249.404181
227.605022
255.626616
231.781149
237.440825
234.714023
227.637929
230.061535
231.301765
203.615313
203.443368
188.819220
205.997786
194.351064
183.205269
195.648084
196.124011
200.508948
203.191269
209.576745
219.393644
218.917874
211.120048
211.019319
197.859702
207.780204
198.495556
197.032028
208.628521
199.852793
201.297493
197.770805
167.475759
188.013773
167.046424
183.660068
166.152677
169.403961
173.355086
175.066360
163.265116
186.386732
165.816947
188.301189
181.710599
178.136985
175.150403
176.844794
173.750658
187.196417
178.959208
198.220865
178.811977
189.699136
197.230181
199.490526
214.127372
216.359642
219.154720
226.741988
219.813280
218.789480
200.753856
206.054423
218.594103
205.949758
229.712259
232.941538
227.385077
243.712745
255.997257
248.759557
273.693437
259.024982
280.359012
267.193364
271.030389
279.778798
269.925830
272.448347
284.095994
276.240624
297.444756
273.520855
298.207555
293.753706
291.399922
286.497383
290.922198
278.277973
291.478281
261.374555
289.232866
266.618409
269.840967
274.700765
271.061488
279.066124
280.961237
274.427674
298.052403
281.001031
285.110121
279.705811
279.396310
286.667782
270.495615
261.448844
271.555670
256.308302
263.748745
245.684927
233.982341
245.481418
227.743729
252.845051
239.997587
245.854075
248.858733
249.363480
254.209325
266.308042
240.445185
250.417193
211.894017
222.458520
220.607434
221.491912
233.035586
240.240391
231.144625
255.435515
226.950894
248.124784
233.577749
237.786647
234.866325
233.363551
242.578292
254.218641
242.886785
262.833075
245.061817
263.359938
272.304174
269.281739
277.288092
271.303261
267.407010
284.635060
268.290202
284.656284
286.367250
272.155695
284.948232
267.004747
282.735141
271.991724
274.369438
291.172456
277.854675
279.732656
298.898276
274.224548
291.539533
281.005504
287.683604
282.045519
273.694575
274.119745
271.897906
264.799484
280.563996
257.098399
294.191173
275.558778
273.802959
272.272577
261.551782
266.735692
271.428050
251.659034
284.978674
246.852988
258.398010
260.173212
244.419674
257.268311
269.327256
257.749347
276.456426
282.427145
292.249964
287.997426
277.516856
292.441797
287.284902
293.362085
290.340915
280.598575
271.233549
273.440517
271.928483
280.797518
272.183826
294.508178
270.277759
287.828639
270.152724
271.197784
266.524399
268.403562
268.869993
277.874404
259.400368
283.556902
260.574344
266.078928
275.806950
272.705236
265.872471
276.697774
271.332971
295.674971
273.413183
291.649228
292.853475
289.290767
298.160093
292.139383
285.986996
297.927968
279.152135
299.383264
287.623102
283.595119
290.259686
269.997360
285.266961
273.023709
278.548914
285.104313
271.450918
256.078533
261.680568
244.583197
258.081625
223.588703
255.132460
247.084629
240.335417
250.975432
257.753209
247.661861
258.991538
242.762026
280.230556
254.941560
272.265601
267.527477
264.658010
259.104348
262.697983
245.479102
263.753694
245.399565
271.665003
263.410463
264.804878
273.230935
270.522796
281.366743
288.955415
272.231390
296.465011
288.647134
298.800197
313.575042
299.746906
311.852745
306.389652
311.440501
303.396004
300.192077
296.292307
283.587262
276.775858
291.496906
275.577251
291.732703
271.002056
260.913028
259.242398
263.626431
273.112326
290.130813
274.787262
309.165912
292.881876
305.480612
303.408925
297.877842
294.402122
299.040019
288.528876
310.912082
289.533008
313.504986
293.562032
288.072843
297.644017
280.647863
259.826563
265.801900
256.521965
271.674471
266.404707
271.509983
291.660310
274.252748
282.861395
281.694808
290.228142
299.478207
283.919401
289.729184
288.468140
287.864274
306.075249
295.943375
310.863642
309.692359
315.379563
330.420063
329.146378
332.354599
347.359287
315.038484
341.181700
316.773838
323.850338
332.734968
335.773684
330.639246
339.389212
336.820059
362.225580
332.474568
352.521600
351.221880
346.790826
346.518229
337.240275
335.474635
355.421122
339.136575
352.805975
338.576113
334.497371
334.843566
330.182517
335.404716
326.009480
312.325014
324.286616
319.624862
327.639100
331.819405
319.071517
329.398353
312.701722
332.439370
322.825417
321.828408
336.464262
330.775321
327.084695
343.821802
314.388104
348.354344
331.172917
334.099044
339.633844
330.985794
335.956840
343.966843
323.244714
343.490685
322.650201
335.955652
326.068077
322.090806
333.456278
330.760319
307.143473
315.874661
297.982841
316.775764
300.020319
303.251399
298.146121
275.823764
283.972131
287.624755
286.555166
300.424694
284.163159
293.384325
293.908472
283.914113
306.153933
289.366514
308.858120
294.665451
288.938937
293.822199
296.271603
297.643241
310.056237
288.400320
305.868680
283.515991
296.748748
297.793663
296.735746
301.932658
310.923133
296.605148
332.465464
311.318144
334.624870
335.888881
353.568021
350.165410
348.951153
344.181722
346.433526
326.862374
338.544484
317.919364
319.974908
313.134634
310.040532
325.223694
318.755228
331.544849
338.405010
316.159290
325.139508
325.056592
330.033164
331.832421
317.513028
326.532499
320.759073
316.879687
330.699476
325.560813
320.327371
325.570524
311.624970
327.907021
303.018617
311.629399
299.981129
298.854634
299.453789
302.659708
293.750410
314.175248
286.668362
301.182201
287.001499
304.352660
295.182649
284.261307
291.290477
274.364564
263.726398
282.799908
265.486503
271.284003
254.071970
248.435174
250.670927
234.927372
236.752787
238.732184
232.222497
241.038206
231.599417
240.716473
233.557161
226.146573
225.219532
210.615679
211.403338
217.788170
213.662484
214.805099
212.478127
209.431364
233.560870
207.949832
233.638866
214.293202
218.224752
213.294633
209.097773
210.535906
209.638252
181.389926
209.294034
177.016275
190.993736
184.383815
185.821384
192.482313
193.448130
177.923382
204.280140
183.347044
204.406704
185.979462
187.907827
188.326487
188.077082
189.005767
190.922992
184.450607
196.761547
188.666244
199.310887
202.701765
195.688166
208.078436
200.168917
204.839434
205.847436
206.907058
212.873230
220.473810
206.399289
219.912364
204.200166
220.566146
218.035274
231.896417
223.580632
231.656547
231.196246
242.070183
229.313042
251.814311
246.174041
253.712574
248.443186
250.359965
247.534905
245.199956
226.381541
242.778475
214.962293
224.155207
226.001068
223.493099
236.793389
244.518410
235.977663
243.412006
232.627901
253.662505
249.345200
250.417582
249.924788
241.667456
246.881771
241.628792
228.035167
225.306072
230.950460
226.751841
243.670061
222.845589
241.612166
238.681011
241.949936
246.443341
240.503318
237.530212
249.264299
237.600431
259.710274
243.568418
262.157738
251.187174
250.711100
249.525652
247.195853
233.154368
242.453303
223.061343
243.500360
227.564724
238.462822
235.954726
237.236085
244.863885
248.649086
245.850477
266.832895
257.002303
271.941051
263.595076
254.529532
263.412682
265.129858
273.742026
274.581775
259.931880
272.518569
260.370717
269.347472
274.886288
254.631001
275.014274
258.609193
263.949842
254.399802
246.889225
262.594106
268.613435
265.670444
289.902949
266.764029
280.028753
266.120658
261.643024
260.811618
266.701249
265.180929
272.796281
251.148285
287.546224
265.958823
287.908917
279.120812
275.299211
290.183372
293.006145
278.504428
299.394630
284.187840
301.775448
282.176685
297.501485
295.143495
287.559287
298.762175
290.347181
282.307367
296.022366
278.332662
292.991786
293.398748
283.702483
300.788419
288.627179
300.263477
295.225325
295.794211
314.825955
312.218444
305.355732
331.335442
313.176158
326.431561
320.884752
327.283066
338.156442
338.330210
327.624727
340.808873
318.949678
328.613011
302.439869
304.987830
297.277589
298.349872
297.765034
292.344940
278.676890
289.399025
272.889016
295.051270
272.927151
296.010262
308.036524
302.438143
322.712185
316.383376
321.568336
327.677923
309.495368
319.764030
319.366817
300.680512
311.291509
293.743929
297.459034
291.271636
289.804037
298.672814
281.178758
274.232507
291.732878
277.731374
296.615344
281.757658
284.245899
289.237101
287.584403
272.288936
282.627798
272.031985
305.730996
289.265058
307.364413
302.652548
302.966333
310.798075
316.653090
317.543243
332.169353
318.262112
351.631904
327.541547
337.689527
342.186059
339.756873
358.105457
353.183770
354.966001
366.540704
353.309279
366.915578
361.286091
353.976331
363.639758
348.792625
357.088743
354.184899
356.961882
365.551623
363.281610
351.837297
360.787524
344.944318
366.329805
347.636950
357.598400
363.206375
364.522816
357.845481
366.834481
353.795387
370.086738
344.631557
383.118906
370.855327
384.059981
375.799519
384.119961
388.844310
408.091994
389.328601
399.125035
397.089624
382.390454
377.394570
366.943342
377.374050
384.634383
366.946103
376.460972
368.455178
380.431481
379.951656
359.442851
380.164360
377.696495
382.250150
383.349247
373.504314
395.652000
377.533654
376.311690
398.173224
367.885484
381.990973
390.316411
383.655303
392.944816
385.578131
384.011423
388.913694
374.818854
402.144259
368.910479
390.258491
393.576387
391.475830
403.755683
398.018354
394.409854
405.134903
377.841658
403.678648
377.449901
384.837473
390.559326
369.929959
372.174484
371.766596
362.031409
388.966906
360.686194
377.917388
372.594349
364.114282
388.651099
367.125802
376.058909
395.263334
379.859594
394.144588
386.163926
378.054286
388.881624
377.560651
395.827021
373.626339
384.502645
388.954023
386.941302
387.053635
401.474807
381.090296
391.318950
382.919753
395.553409
390.202755
397.454582
405.610322
399.340343
396.564855
412.009471
373.346364
402.317874
381.140234
381.954975
385.498091
378.712100
379.281769
385.526241
355.139358
375.715927
355.584769
357.777381
359.645528
356.929141
365.613792
353.922496
353.556925
371.560833
355.693874
360.359860
359.313865
360.246267
360.389168
348.511732
366.501228
357.914501
353.543373
356.902208
358.044585
345.803159
353.650620
338.323482
373.969083
338.560398
362.249714
350.711572
345.660247
347.773407
342.430144
336.408554
351.537033
332.612522
342.672005
325.877402
334.711049
318.543811
317.827821
326.398697
325.334553
304.328157
320.861429
302.404546
325.976300
316.338175
326.713950
334.779478
314.384945
319.687272
312.396847
290.818400
316.761100
299.758329
297.393326
295.392592
283.159758
301.588490
289.634028
297.973429
296.218334
298.066050
298.206569
299.579405
295.729928
324.919978
314.034315
334.658668
324.733714
339.357676
335.300635
336.347210
342.228887
346.266925
334.881798
364.370216
339.951772
362.996636
361.324535
368.242141
361.309759
358.121916
353.801990
357.678369
345.076942
363.275863
341.361450
343.956668
329.202300
321.533299
333.391302
333.146780
330.113859
340.376954
326.910076
342.753149
334.584398
324.842206
341.770382
327.004190
333.879414
314.752992
308.780727
318.369601
307.249681
299.722238
310.065657
296.494809
319.994974
302.238338
320.010034
315.145513
322.577127
328.370161
333.925809
324.776600
345.323613
325.900267
343.813357
315.217774
315.311780
311.670054
306.116426
313.733143
320.960388
306.532479
318.135543
300.535588
319.416085
318.893992
307.335396
324.208000
326.141568
319.899174
335.358917
323.675696
338.552202
343.171367
338.496284
345.045961
325.877761
336.390809
329.758178
325.739544
338.301942
339.418719
341.973983
363.448583
345.462383
371.985436
346.008731
354.859754
361.294494
355.952567
358.407222
361.840500
348.930606
366.445105
358.496373
366.327323
357.583688
372.372874
367.578185
362.044817
352.906184
359.363606
339.157528
365.175505
344.757140
345.450400
333.861061
337.748514
341.048540
351.799380
342.207556
351.531112
335.423076
338.907028
341.305639
333.909198
340.453617
327.757297
332.991769
333.120603
325.657779
331.807419
329.168595
324.459413
340.281160
317.422148
332.005270
318.257683
331.288764
327.556195
325.390677
328.156751
328.832666
308.699968
324.798471
297.503398
303.986064
297.698441
303.383660
298.888088
309.825404
297.192958
312.588797
297.242762
313.335665
310.448560
320.259023
326.257570
330.152186
337.293886
341.199920
328.703248
342.175026
321.545214
327.202986
335.184906
318.511496
328.936478
319.057557
305.441310
317.302348
289.967322
299.677380
305.316093
278.532986
289.278156
273.970676
282.906844
272.074102
269.136603
271.237923
268.634184
265.858956
269.157758
253.138456
285.034235
259.868269
272.293680
272.915847
264.847137
264.603765
281.558330
273.781374
292.644020
261.591760
274.759092
264.231031
265.424649
253.141485
246.269487
253.325917
264.082449
250.921963
268.397848
257.343360
269.949878
272.478143
259.961823
261.137696
258.776409
256.429399
272.889994
259.081051
271.080517
265.029630
252.224206
275.448371
255.928964
282.490676
283.319745
284.697551
280.997971
267.694424
275.466230
299.107705
280.546854
303.053543
288.420259
305.297550
314.865004
311.146522
321.248644
332.214565
328.485554
360.047400
343.037928
372.347688
363.551729
357.995587
369.840128
360.415427
361.264225
385.311722
375.060876
392.129001
362.986011
378.703688
369.025508
360.279686
378.870774
372.978725
371.345027
387.009131
376.286541
395.330120
389.883450
384.560310
391.798654
387.754700
409.054087
399.535703
398.938572
404.268067
393.607040
406.158500
417.268842
400.900483
418.479353
407.649463
419.862896
410.129893
413.736481
415.537384
411.836606
408.559914
423.416157
401.170095
428.099668
416.983364
425.921072
424.986725
424.235375
421.430004
425.214925
406.887587
421.578597
403.691069
413.535174
408.370313
400.048313
408.515769
405.710924
409.813923
416.243560
401.319303
420.242140
398.449727
401.412029
410.244824
396.276020
403.226987
389.849380
387.706464
391.643848
380.684181
387.964035
385.466953
369.936810
396.107143
376.491516
385.759777
378.150106
377.095873
383.530292
370.710011
364.947537
390.119314
364.248681
393.786326
367.780115
381.482218
382.487245
383.814155
379.845349
380.129801
365.535907
378.621744
366.302271
387.069258
378.159450
384.904892
391.204140
383.041580
394.927311
397.164973
376.482920
392.297425
379.539067
380.373139
391.515158
380.758280
390.487193
387.461304
384.559573
388.373450
369.419063
378.349674
373.026711
360.160110
383.725145
353.447898
359.489348
347.813932
349.071555
360.515387
372.602573
363.750300
382.410533
346.878640
368.024108
343.492910
356.755359
354.417449
359.742225
367.175833
370.857767
359.178326
375.223496
355.639382
377.224528
357.188578
361.962537
365.037870
360.464568
359.147450
357.105593
351.586253
375.239191
353.842049
350.570588
346.757700
341.968283
355.523940
342.388119
341.979254
352.891943
326.339916
346.368025
353.803519
342.992304
365.629506
336.904154
358.937052
360.181423
365.420042
379.888494
379.702979
363.622868
382.762437
357.053139
382.010432
370.847494
366.768888
365.188303
356.454748
346.855237
365.332992
348.339279
368.038500
351.620917
365.217220
362.597027
362.698981
367.350318
367.518200
365.192780
376.540339
371.335189
392.400460
370.521593
382.565733
383.427577
376.925181
387.220332
369.485244
380.907034
385.422203
364.335881
359.614112
359.341201
340.321277
351.321781
327.740870
324.341626
329.957218
320.480497
332.511843
333.803100
326.424275
328.653447
313.267294
342.823142
315.311432
329.640415
327.119849
323.328261
327.204517
322.905479
308.330602
329.499451
297.398195
324.642046
315.213127
312.963690
325.733302
317.771159
324.373738
337.233359
324.401591
333.929539
326.361943
332.636033
325.241520
319.591381
320.161811
331.940075
298.470909
313.942436
294.677855
292.398090
289.622315
269.694664
281.357085
271.485586
286.684467
270.104222
268.758950
270.041162
267.183615
254.138915
268.946111
240.153468
253.971594
232.242648
240.514261
239.875800
238.077095
244.176874
248.114841
231.675369
263.818946
241.241001
260.738867
245.811246
258.317340
255.275437
245.348494
241.810873
253.790814
231.826718
252.881613
241.556132
252.719820
262.193467
241.455683
249.783927
245.095568
244.162241
261.438206
252.214028
256.907534
249.519239
241.718432
251.086045
239.720131
258.059299
250.198680
249.774132
251.988672
256.004490
253.942157
251.735883
232.934657
261.491754
240.215997
249.777377
247.680359
252.474924
258.812670
261.980217
251.250457
271.317154
245.196981
278.977039
256.038895
258.366188
254.836966
256.162822
264.610035
269.410475
257.551872
295.756782
274.520127
292.605838
286.433668
280.186790
297.514763
291.075064
281.506660
300.035528
287.062922
293.604235
286.135602
289.433803
288.430640
273.316982
294.693954
283.786040
292.860546
304.498990
291.058981
299.664798
301.836044
289.306698
309.856420
290.239722
295.321917
288.876622
285.493482
288.357694
279.060268
273.468941
293.598027
262.508138
290.685754
269.577339
273.540065
274.347462
281.489378
278.423905
280.903900
264.347881
283.423638
258.172474
278.669934
251.138126
255.522150
266.659666
265.583310
273.696884
276.887401
268.498536
278.906097
261.534447
273.120737
280.029524
271.507799
285.765958
270.385412
280.777535
286.595928
280.804318
295.244533
292.227775
294.446917
306.676797
281.391334
299.344642
286.399975
291.630699
294.490010
277.105665
266.695944
277.241818
265.030977
284.981980
259.317284
281.713160
275.045013
281.982734
284.354982
282.687889
286.253054
302.884924
289.090365
310.975382
275.070948
284.517700
287.997573
281.575270
282.308138
283.121601
284.319729
295.888920
277.126302
289.778953
285.286357
276.800350
273.312077
266.553930
272.964645
273.583738
265.235521
273.873644
270.562832
259.727224
278.399757
263.021405
274.280698
271.142013
276.341577
276.233559
278.714102
275.202609
290.719972
279.064454
295.182925
273.546424
300.456073
306.359941
311.470191
319.629869
320.409650
308.478193
332.335161
313.991880
338.613597
320.256268
325.557387
322.153843
315.631705
305.004195
316.181355
300.462378
305.544854
281.281403
281.161794
277.986340
269.200413
278.770940
257.190856
245.409209
253.862149
245.573493
249.057110
254.080008
243.319812
260.030318
247.339310
257.667681
256.939620
258.666154
253.450410
258.923245
259.029937
275.330545
257.337560
281.277664
279.343040
288.291820
285.325035
284.355763
267.801960
280.011179
267.046845
285.986809
277.138906
295.674471
297.816659
302.366158
311.526053
329.948113
325.201589
334.557004
315.865213
335.734802
323.415732
323.258462
324.998795
312.483019
319.118607
319.676946
308.598169
317.902939
296.291479
289.242003
306.245303
279.470468
298.235736
286.748950
289.436240
293.831706
285.445411
296.951113
306.426136
296.591062
299.021970
281.220493
301.235752
293.728839
296.493361
308.519382
314.257253
315.899041
325.434803
302.599303
333.730995
310.223140
328.295020
328.843096
322.134282
335.839169
335.506641
322.758547
330.695433
309.219876
330.310535
317.056717
326.870535
338.639078
325.398339
332.241156
332.412036
315.967988
339.007785
325.519591
328.548066
325.412366
309.432890
324.761907
306.096470
306.254837
298.761261
277.909290
281.183989
281.206024
268.187112
290.962042
274.389393
299.149552
294.350390
302.848554
317.820474
322.635749
322.912005
327.027650
313.030099
340.151538
322.187801
338.731099
338.243883
334.848963
333.215416
328.257861
319.199760
331.131704
302.189124
324.260608
306.790656
309.330637
319.501981
312.722673
317.269397
312.594088
311.167444
317.732822
306.522906
322.790549
309.840352
305.298757
318.085982
298.670012
305.947538
309.758525
298.702945
312.336977
302.926151
306.662013
305.867067
276.995252
301.499799
266.419369
279.972041
276.600942
259.517662
260.460586
252.441550
236.057993
267.793573
241.043589
253.147825
247.681655
253.711907
262.579375
265.356554
252.300181
271.875110
256.995005
275.201940
256.896851
279.090729
286.363918
280.683332
287.406892
275.047429
269.745761
290.173338
267.775106
278.982521
274.427821
279.310354
299.775704
287.967126
288.240072
288.365262
278.954560
291.177020
287.293995
304.380174
308.362579
291.268818
318.258812
299.107755
298.826718
304.639444
307.582165
317.226226
322.048537
303.879795
319.818953
293.860317
320.046318
295.169537
305.155500
300.813926
298.195104
302.778328
314.946931
301.718810
320.167648
294.954386
310.631729
292.631608
285.743158
287.696126
283.025348
273.536684
290.730749
272.230718
286.456801
269.874511
271.849946
280.999902
271.613100
290.442212
287.197493
280.035434
291.227759
291.496719
291.340697
286.000018
272.716653
288.928841
264.446936
280.610691
275.006737
266.195812
274.197975
268.530143
261.874364
293.946987
274.603465
293.589528
282.294266
300.386606
299.962529
294.894960
295.142006
305.836202
287.093414
304.245776
297.267692
311.017511
309.599237
310.152956
320.459409
318.444362
305.189250
323.182152
300.618864
315.972568
304.960223
300.004508
293.992724
283.239265
284.315653
282.885105
265.977680
274.967746
256.633388
262.468105
263.346615
245.706416
262.650011
248.547321
241.967238
245.057345
240.475811
249.018400
261.132373
251.887236
283.514712
274.264892
298.417187
287.953408
303.913196
312.189813
308.900552
303.879217
319.599925
308.809219
326.703642
306.557054
319.828689
319.775047
312.204469
323.257688
325.355187
315.712221
330.676363
317.716517
335.033519
320.103505
322.591944
326.159429
318.804670
315.891904
333.536847
324.325842
336.441285
334.587468
331.768757
345.001227
322.213287
332.653587
311.163936
314.827732
318.356404
322.076281
321.008458
315.740109
300.942561
321.988493
284.660423
300.676093
293.784889
284.286132
284.534814
275.592659
268.063665
277.704180
263.145157
285.221193
255.810949
268.158194
263.189026
255.893244
257.986553
253.056030
244.440767
266.294395
235.061094
252.438305
245.425967
230.180850
243.504472
241.682008
240.461797
235.624805
227.466647
250.963497
228.797683
235.292563
237.511750
218.684515
242.565352
227.332247
227.265932
218.258668
209.971419
211.077730
193.189515
189.818878
193.373960
166.525198
192.715515
179.285851
187.288031
186.580924
194.350511
187.851090
200.009806
182.848536
208.107444
192.184475
197.897376
194.383263
188.972321
195.458856
198.149257
175.708577
201.924953
182.375122
207.230194
201.910408
187.655431
192.092373
170.055346
182.033940
191.122861
180.805272
198.132631
179.966900
185.980820
191.404162
171.746974
184.073478
180.927050
189.687188
187.562340
183.957777
198.093468
194.319112
197.102462
200.175790
161.164270
189.551884
173.259374
182.309646
168.714994
174.882801
177.349262
189.098222
171.209435
185.598302
165.025439
176.944290
172.480377
179.580540
175.345465
178.151203
172.952745
186.591688
170.208265
188.939893
168.432645
182.257967
185.558383
173.197591
174.880514
170.185350
173.302975
187.123834
162.344414
182.638283
174.769688
177.661540
192.211253
169.097493
178.891470
184.369441
161.158835
184.718553
172.585515
170.693226
185.521705
168.078172
191.624432
177.136396
188.106263
187.928564
183.789153
178.082420
173.561154
164.305579
178.838851
160.309278
173.643019
153.028110
175.080688
170.237696
166.509599
158.085028
153.374256
132.850097
156.843385
135.218426
140.742556
143.815249
141.869080
139.011282
150.066054
148.107777
149.577790
138.784107
147.287309
144.152094
143.161830
152.075113
146.181944
154.869291
155.046626
151.791138
148.324128
139.102724
143.300602
131.738660
104.771989
131.601805
102.383149
98.622664
106.791296
94.959622
90.262392
99.595120
104.600621
116.615593
101.181289
121.792239
121.445769
137.192536
133.830267
132.444599
129.819789
128.229437
111.151870
147.999807
126.205034
163.712056
150.667219
147.615422
155.910497
146.728035
148.399723
150.956814
145.479346
167.518243
157.825743
164.791729
170.922705
160.809954
172.175337
160.610356
153.631101
161.198480
156.311768
165.007851
160.533930
163.288095
172.078554
149.776779
165.305283
160.965948
161.241451
161.249580
169.429381
160.078840
179.022796
156.837553
173.051758
165.308988
170.464089
168.022270
168.662039
173.544405
178.491867
173.140221
193.585538
173.842767
188.649278
182.620873
184.625301
177.460998
190.351690
197.558682
220.301556
207.126829
222.929711
226.536110
235.435858
234.294631
226.290215
225.465351
236.149446
226.138325
232.706664
228.041561
229.853077
236.878355
230.814397
237.488509
221.437038
223.701176
225.050074
228.886711
224.828146
223.809611
209.707618
219.405627
196.284868
208.466453
191.601538
190.394150
193.626839
213.773317
204.903807
215.085203
203.338851
224.509504
214.250173
237.787587
235.641000
229.954417
239.968853
240.392445
222.670952
241.997069
228.051283
239.847624
227.535788
233.507428
235.244123
226.923878
237.230496
249.065546
238.129363
258.904734
247.353827
247.536081
251.844847
233.400528
245.476014
250.208359
258.653162
266.652340
266.789478
267.577563
274.715413
257.121647
272.918196
249.326934
263.149378
250.240698
250.411844
254.393660
251.012433
243.927703
264.704262
237.365008
267.388889
245.454090
254.350217
255.302945
242.472222
248.285789
263.023915
247.950592
272.874754
244.612561
263.251578
267.270838
261.539540
274.469049
261.625423
258.014562
281.458051
267.080663
290.981933
289.902821
301.112459
307.816337
296.550653
315.275452
299.561470
292.883426
299.413679
291.215798
307.228946
311.710057
307.160768
329.674034
324.371597
350.707770
347.690928
339.340100
349.383118
342.813274
338.874991
352.228942
332.106992
348.949538
331.009415
338.323158
334.109469
332.082121
324.638698
337.527815
314.632093
341.310578
322.652310
344.696148
322.482322
327.842155
338.020907
324.699226
319.577204
324.134602
304.510503
314.639217
307.940161
306.502042
302.087111
304.040413
304.379605
292.623609
295.719839
294.173559
282.673828
288.485076
286.014081
277.857176
291.523115
265.509492
273.277446
273.608617
264.821263
265.242429
264.840850
261.073162
275.695761
248.984578
276.503568
254.737487
267.353880
264.794389
264.297106
258.758191
254.344666
242.795982
254.673775
228.740263
247.628132
232.532832
242.681708
237.707038
236.205050
234.933796
232.784805
228.528742
242.176036
220.391543
229.554219
227.517045
218.811682
235.610788
227.053519
219.272237
228.419835
213.510659
230.405783
231.386676
218.251758
232.975345
207.795359
213.205731
202.448720
198.228835
199.247575
195.322735
199.668934
204.231114
183.670807
212.237785
187.005975
199.211955
194.364560
185.874085
195.245388
192.106843
179.977549
204.471670
188.036835
214.596679
202.560127
216.973576
217.894103
211.890825
219.737179
221.182174
213.697595
233.808110
221.518435
240.230830
235.093432
234.512014
242.093526
243.929282
252.841380
250.404079
240.059897
258.341069
248.414371
243.751303
247.987506
226.929595
232.163510
214.267216
226.297284
223.867046
222.082838
229.096740
233.512465
233.993691
263.839501
255.651462
284.712786
271.837306
281.154394
274.380619
258.387913
247.719032
259.442988
228.323638
242.578641
224.849320
244.536672
238.336049
228.261032
231.054591
218.768467
214.523030
236.136742
217.355339
234.216250
224.295451
223.808117
234.576522
228.404366
223.884724
229.231770
209.138587
219.699246
223.138575
221.661120
238.718462
217.106978
234.552719
233.408455
220.211713
233.889998
238.500824
249.521543
259.134347
248.119090
269.610649
256.590102
272.206427
263.166485
275.023686
277.857460
285.901962
273.495493
294.841063
277.005271
301.374626
280.897716
291.361267
287.148104
278.871295
275.631509
279.994223
265.345503
287.318819
257.696929
274.918258
270.334380
266.083334
280.544514
275.523568
288.031465
299.712037
293.527604
310.695220
310.369939
312.068725
333.331225
318.234001
326.805751
328.586832
337.668096
338.250640
329.468989
325.346970
327.796827
311.947734
328.498970
307.243589
315.617513
313.191013
309.207696
307.327934
313.303950
302.643867
311.933565
295.405597
326.666484
306.502577
316.938374
327.899817
313.479189
323.053359
330.843695
316.374241
333.948059
310.441252
326.011955
326.078724
318.627271
316.742738
318.899893
315.254994
320.039523
304.709584
311.579473
285.363868
274.566457
285.894898
257.967672
270.004349
265.208218
265.853854
273.927218
261.887107
264.593301
275.747847
252.040407
268.596882
244.155041
253.074275
244.575806
235.583183
234.466824
239.103550
233.016303
257.849804
228.435761
240.716806
225.042380
225.397736
218.652846
208.717029
210.299365
223.225791
203.880334
228.647121
204.971634
223.439498
220.523295
212.234094
207.465879
207.117028
196.589618
216.996260
202.071735
225.664850
203.310102
203.028499
227.409440
217.479713
224.759916
235.952329
235.247694
253.288391
256.815507
262.548539
271.450195
247.481570
268.274217
246.085663
261.956273
255.325541
254.692722
262.555938
251.928535
238.871984
267.009860
223.404528
256.232293
232.970485
244.943215
243.668846
235.455926
254.605553
260.668195
237.839126
258.678001
230.419778
247.137061
233.879234
222.869384
223.815637
222.842584
214.188352
232.451199
215.802816
240.229198
229.549080
225.259724
242.521380
238.408932
242.456787
246.953837
244.510243
271.749999
269.756912
283.881114
294.445590
296.080390
306.476933
305.843175
323.032157
317.488004
312.879997
322.563928
318.433598
315.795667
329.224167
301.207436
321.552963
304.839498
304.115476
305.199043
305.160212
316.847638
320.842338
307.015021
331.637044
311.841768
323.987126
323.266434
329.614698
329.949229
330.326254
334.422031
341.364063
326.119843
353.681358
341.944223
348.555792
347.337522
346.834249
351.325477
339.998184
344.580160
351.979213
332.561754
346.932391
341.675249
335.663698
346.129131
317.687135
332.605686
325.663988
331.547086
335.388202
328.164871
314.469920
308.554554
286.658253
291.429875
273.448061
293.192065
270.842942
268.667277
266.926358
267.956724
251.051153
286.392932
257.825213
282.169677
268.062997
263.597739
269.617571
253.879095
263.797263
273.868810
254.045956
277.833489
260.732347
273.292157
266.648404
255.084962
262.720496
256.003623
257.204253
263.443068
259.754932
273.253246
264.205218
257.481082
265.701216
256.702748
271.288906
264.943181
264.670950
260.952995
256.648053
250.849115
260.465209
256.557780
274.897046
249.628543
262.924817
245.966415
255.438935
258.694568
249.915260
249.577443
259.140089
246.808344
273.112941
248.418067
263.265784
251.767193
252.846228
263.238874
265.047783
249.380736
270.417773
250.506538
272.190145
253.674606
245.760322
252.141692
247.891020
265.465791
262.391728
250.253766
262.126683
257.995718
265.679494
270.605887
255.746325
277.159247
263.563471
270.346705
270.879576
260.445300
269.358143
256.616307
245.177746
257.708381
234.232015
253.469272
248.632406
260.283020
256.261594
265.690065
252.571015
258.139932
241.001501
249.541392
228.931811
243.363320
235.890615
235.303756
236.317142
232.555974
219.810523
230.426122
209.047457
217.256415
211.804708
222.674969
219.093885
213.347601
218.165085
218.887471
214.265571
226.737700
217.464928
230.695135
230.708315
210.421889
226.953384
206.436700
207.575583
207.105175
205.717542
203.490818
205.418149
203.646725
221.105525
203.935654
208.096427
200.627004
210.915503
206.864272
202.999527
196.564508
202.974564
197.566052
211.922062
183.316406
190.110974
173.968821
165.401066
162.592290
173.235337
156.156968
175.988351
155.818087
178.127563
175.541096
174.665256
173.974045
170.732484
167.907222
181.911184
163.791805
174.842611
174.792988
185.598136
196.940832
197.860420
203.871248
202.703683
204.800362
218.203210
216.728246
215.033378
214.633726
194.440571
208.240859
194.871440
191.380922
189.350354
173.172174
158.791968
176.539657
157.619781
181.347804
160.989755
176.109942
163.072855
165.727940
176.681568
176.734733
176.974092
190.812145
167.870404
191.621246
181.310796
187.029207
179.283543
175.717849
184.140789
190.886940
169.344147
181.720526
177.364739
197.196602
189.269772
195.797970
214.081807
219.857981
227.915863
240.993976
237.327464
251.619986
246.471485
249.224137
266.472630
255.729759
255.584987
246.556983
256.239113
255.386300
258.359961
267.253598
275.954693
270.451583
294.693761
274.996357
290.445869
291.480261
292.839430
292.236716
288.773500
301.543136
315.203683
293.444159
313.769426
295.068415
317.377127
311.735785
296.131762
297.833661
306.395876
292.434383
304.330259
289.302613
299.959855
293.722095
291.412667
290.673866
269.515081
283.692689
288.080427
280.642140
299.191892
300.270501
308.854884
319.043655
303.395693
331.023847
326.357928
329.766986
329.734628
318.024294
326.821589
319.192478
313.849323
331.405992
301.255387
318.993279
309.664312
310.679362
311.399611
307.062157
311.686023
326.061757
312.367528
325.351605
293.486874
317.013280
313.457181
319.432043
318.281225
312.414784
302.015692
319.490349
302.052435
330.866068
307.404668
313.708434
320.935361
313.165748
331.009536
349.818936
336.982739
356.199310
344.842537
355.476759
358.312647
335.395314
348.108422
325.603101
329.614076
333.398633
323.640175
326.899507
322.796483
318.935821
326.201031
303.431760
318.396067
291.275008
301.195884
299.719671
295.142122
296.138935
299.193916
280.459155
300.285869
286.914741
303.465543
296.750800
294.314248
302.347551
290.807441
278.491785
298.421850
269.792895
298.380115
276.862794
286.645926
286.330115
273.605120
279.963551
276.526866
258.929558
266.989879
245.714422
263.629627
255.973683
259.983249
275.593074
265.622112
274.373495
284.932550
287.098176
300.541998
293.956601
300.337253
324.505758
298.964927
322.537891
311.993555
325.158473
323.642913
325.761527
328.720168
338.764708
324.044941
341.893802
316.898325
330.844797
311.194611
305.915892
306.110474
289.993298
295.106166
301.972288
285.859451
307.583390
284.586380
308.171828
303.895412
294.764174
310.557395
302.179091
300.996712
300.027144
278.575727
294.450812
281.266243
284.345315
294.779898
275.419664
278.511945
276.966642
274.758625
280.443922
271.635373
270.017817
274.990166
271.357558
294.303770
270.082058
288.082208
294.290899
293.499644
297.469422
298.277613
284.546017
300.872523
279.382936
303.955681
269.939329
276.729076
276.809251
269.431054
263.777791
285.283508
260.408987
271.836865
258.434263
270.200251
264.803075
253.848141
273.231989
280.511035
267.196001
287.810091
252.582178
275.941727
271.074180
268.411124
292.717992
276.485012
286.450242
291.183216
279.205537
294.699697
280.803120
286.175564
283.944416
263.110272
287.018386
268.572379
275.747494
260.073901
257.236417
258.730130
262.207072
255.124426
281.327849
255.774121
285.986031
268.526845
264.300926
278.559327
272.837640
267.025614
290.686627
261.053320
284.439356
252.361634
248.714401
248.765676
250.438162
257.958343
266.112875
243.090397
267.933371
248.558889
259.197696
256.070641
254.328793
263.810520
258.454754
268.111989
267.128256
260.498209
279.363840
271.074532
260.070870
273.570375
258.567099
276.089079
260.038982
254.666487
262.242571
255.746192
261.735564
260.202423
247.443294
278.017240
247.129336
276.991169
283.789250
291.039201
297.246710
293.733654
290.420947
299.289136
270.731276
293.903834
277.355411
282.159877
277.844937
278.704301
289.079734
291.142877
289.202242
309.717751
291.705918
305.414055
295.139566
295.243310
300.075580
288.357861
297.411380
305.280403
292.746173
308.509853
293.868979
289.992934
286.315141
275.583489
292.568452
277.427992
287.397114
301.929888
295.025492
298.204343
304.854288
297.858154
324.254653
310.294873
330.896355
316.542153
321.904291
327.132048
327.043277
334.759012
348.766191
336.361662
361.506936
331.451847
356.678372
355.860161
347.497911
345.142043
343.325340
333.560906
353.250479
343.486881
365.259314
350.693619
353.584657
361.232595
336.177627
336.847057
345.473619
330.381800
346.870860
344.660727
344.259282
341.858787
335.274946
343.799350
341.843568
341.964015
345.233351
339.771931
339.212305
344.707973
339.290764
357.259224
327.865491
351.361372
331.789798
344.368687
343.283065
347.724750
335.891839
347.083389
330.723747
348.558134
342.423252
347.348178
339.121618
348.724666
349.053097
355.278548
362.043880
379.370721
345.771034
377.171299
367.716979
387.844620
392.546524
392.874990
404.972173
408.344276
393.272947
397.105039
393.794064
393.959685
401.930768
391.074308
386.905952
375.303773
379.668550
364.405699
357.833860
363.705514
357.940515
368.051898
375.397923
358.945990
384.706702
373.674951
369.468120
367.335866
371.488506
367.630692
374.721641
352.570067
384.031662
363.813572
377.631638
369.529161
373.148070
370.464365
363.786125
365.141403
363.015031
347.945123
374.493811
346.492412
363.770666
369.377306
359.967297
352.627618
350.030053
343.744004
333.421001
316.806292
324.860179
322.063439
313.101963
309.983970
301.483891
309.308262
300.914819
294.281017
302.634696
295.009638
294.594686
299.445219
293.546360
314.670027
293.916145
311.774843
308.770385
314.130027
319.760051
321.416142
322.810101
332.564718
316.253848
346.146377
329.492928
357.092772
348.171673
334.456323
328.139339
341.083646
331.127895
331.948879
302.189403
317.792253
304.198386
295.951387
283.630941
290.900955
291.602114
298.727951
301.342797
314.938445
300.927149
313.628725
319.507897
305.556500
315.947083
306.995442
312.427041
312.002618
306.645036
317.326867
318.037386
303.722440
320.492390
297.878488
314.547704
302.810630
296.117450
299.313605
300.294296
298.902730
314.545836
281.518165
313.345652
300.972749
331.392231
328.152061
330.311800
321.508614
327.106409
314.039153
328.800632
306.713365
330.329048
324.483927
318.569876
321.599205
317.817522
314.894436
327.563330
309.596740
322.273866
310.022093
321.995363
315.791913
305.965616
316.204640
314.776836
299.742022
321.122785
308.815973
316.593473
320.675611
308.425656
329.653765
309.946036
318.716129
319.783698
332.533656
342.805111
343.089297
344.058786
355.176150
323.736700
344.681441
327.944187
331.251804
333.700339
352.850851
344.155161
354.721767
331.786788
351.906000
341.679621
354.486542
345.632595
337.258415
336.366829
336.585542
314.810009
337.331297
318.721523
337.906882
330.233595
338.572606
341.125896
333.224289
342.491765
356.721233
347.210544
351.022873
333.846203
330.905296
333.270781
333.912749
354.933356
360.057751
366.104508
368.325007
380.252793
380.015923
381.710224
371.457798
384.384525
359.767195
369.177881
362.223872
368.556991
365.874031
357.553665
356.431470
379.570163
362.106568
394.101106
376.736246
393.866352
387.089999
393.894135
383.123292
386.727600
377.492217
383.556027
369.668676
392.858918
385.916456
386.339559
392.935319
372.316931
359.562389
373.522289
358.659729
358.668303
343.806845
333.595482
331.129326
316.684247
325.587691
313.329607
304.683238
315.639545
301.375526
305.713595
311.814117
295.342393
329.418241
310.134203
320.623415
312.011736
308.566771
309.187512
307.403820
300.016134
321.039905
305.271923
328.644313
324.040382
332.332961
326.236542
323.138176
314.745425
322.904696
302.457649
326.695005
317.012488
334.764318
332.243652
343.632684
350.037023
349.814301
355.201650
375.098324
365.089504
375.643019
365.253600
366.623043
378.203252
366.871704
375.444751
366.730687
366.607379
376.953237
365.281587
376.012295
396.771308
379.145536
385.956806
362.004004
377.808306
374.538953
374.066792
377.648562
376.888374
370.260599
382.780093
363.206011
385.196206
371.414791
382.632485
380.611143
381.837647
388.541033
404.701887
381.070268
398.087424
369.055117
390.045119
378.123008
381.633691
392.838978
387.957443
389.816992
397.307545
388.986663
407.039719
395.428222
407.979952
407.962810
388.233126
396.627432
394.828876
397.008561
408.850763
387.868044
416.010040
411.058275
402.912059
420.702887
398.920898
414.093584
388.811868
372.813211
389.562393
391.812280
384.452833
399.552016
375.209275
398.920714
374.578546
388.253475
381.098661
378.838452
388.443850
397.346219
378.838750
393.996960
372.988161
395.601474
386.519296
388.317474
397.234703
396.516839
376.143303
388.167604
362.961541
375.031363
363.453135
368.940989
364.300300
359.827782
372.851544
355.930559
341.064141
346.877064
324.681487
334.532806
325.892720
312.210402
330.122378
305.446591
336.282232
327.317780
335.015935
335.453192
329.270560
340.588652
348.387106
332.738574
355.048665
341.488286
350.972433
354.471428
358.457773
366.178210
369.527555
354.947747
376.647679
357.372654
391.805465
369.329345
381.307521
391.181228
381.966231
394.829289
401.755476
390.009948
414.100325
390.323411
405.424980
394.175017
392.608465
396.414598
377.966192
384.085911
390.036103
384.396416
400.585436
393.389096
397.247892
403.853800
376.320950
399.047484
383.194621
382.240079
382.915134
368.684616
362.257275
366.124514
350.858416
360.158797
340.813706
350.657108
337.251779
339.021070
341.066556
328.335325
320.471702
330.852407
296.587222
329.417996
316.308969
315.826483
316.554195
312.075140
311.199050
313.481466
288.922108
305.242092
282.762355
305.954068
295.166596
297.107526
315.876363
303.840894
317.171854
322.332644
308.832713
331.372683
319.496697
321.163093
327.172510
311.241047
327.707787
305.320600
315.771675
322.509955
308.814914
316.191568
314.269029
295.154589
319.088939
296.884063
315.124403
297.712538
299.300539
296.553653
296.494906
285.656104
294.754080
271.086457
294.180988
279.142754
284.543508
283.549375
284.442709
280.182590
281.967361
263.027079
280.758747
273.888069
299.107751
293.867713
298.141185
306.747947
303.652667
307.297631
320.002767
309.670917
322.446875
315.207207
318.906499
323.523630
316.851201
337.790060
328.940854
337.651999
350.126057
341.691363
343.954270
352.941480
337.474158
371.272432
357.457847
373.131009
359.335010
351.571400
350.915456
345.649818
328.872811
347.440081
330.887942
352.332848
326.886915
331.292440
328.241258
329.634971
323.386223
330.024631
307.810922
325.492328
301.769187
314.415568
306.549299
298.074173
293.880081
287.149340
286.848889
310.188442
292.239490
297.929332
293.722716
293.401785
296.537187
282.829159
294.741918
294.701428
289.562389
303.600972
293.681442
298.690841
302.991757
280.676801
306.081075
294.716981
296.725406
295.077267
277.572246
280.547966
271.217692
261.318209
278.478180
255.758194
290.542190
267.177046
272.675075
280.652352
281.471487
282.500045
295.367645
278.033093
301.693201
281.723364
302.411330
291.146462
292.941993
309.889073
311.446565
313.415078
330.023157
309.525682
334.485576
319.527689
319.711900
330.731843
322.413143
330.451420
316.178766
318.153320
320.043941
298.981639
302.965955
304.685146
281.829856
301.348774
283.749233
297.228576
288.041174
289.446886
308.568559
305.793917
289.650360
309.033482
297.600172
322.386403
314.256522
320.997239
335.620235
332.476238
335.323190
338.214900
322.596030
337.123292
322.963059
346.371798
326.663666
330.341601
333.602381
322.653311
328.221062
323.282380
301.178142
314.957376
287.986474
302.971081
298.978371
292.879642
298.763124
293.906469
293.050770
300.588838
297.043282
298.728081
307.029798
290.691386
289.004821
279.160598
294.539639
274.415468
277.282121
285.720584
275.746953
282.410672
277.069146
266.965791
286.976599
257.150639
254.301046
243.123002
252.483649
247.683327
251.675966
236.866918
254.838906
233.244756
247.609804
236.190449
244.027373
232.761475
215.961800
210.525041
211.692812
205.644733
219.672257
207.695364
209.863189
210.123040
214.800543
218.504254
213.964929
221.747570
233.810077
228.008215
242.383010
238.362537
237.193019
248.616092
237.564152
263.492750
248.660634
243.360074
234.644141
230.641753
229.605696
225.397016
206.174031
227.795666
219.116709
236.003413
218.229932
225.914356
244.232178
234.849085
231.942194
244.599302
239.439342
262.102361
241.866384
262.881210
259.185764
243.591361
243.455281
236.379879
217.015254
217.901401
206.202375
228.773431
219.320235
240.774255
249.788742
249.567666
261.835953
270.688046
259.819696
268.362197
266.302658
260.746105
278.531442
263.374148
287.748598
276.068708
281.560550
289.400108
278.406514
292.383371
295.831593
280.619054
296.687331
275.720083
299.147240
288.023342
302.807795
307.804499
312.783393
310.611461
335.211855
325.085157
335.809494
319.558993
322.008847
322.628513
319.632258
321.752854
328.347674
311.690145
318.812276
299.129010
310.444724
306.138041
306.995201
302.534765
295.161284
293.195303
307.107267
297.113214
325.432927
312.187773
298.161862
313.885198
296.154977
311.820571
320.364592
329.337277
331.455582
331.293002
333.620505
352.434842
354.768614
374.059065
367.426549
378.182831
375.611463
379.951711
378.402084
382.396457
357.809508
364.125397
336.014986
352.039791
343.329015
344.114032
349.542231
347.448212
339.778491
338.238760
318.645496
345.218160
324.576530
326.820927
334.771808
346.316335
341.962086
335.375191
331.952285
350.019412
328.825653
338.530874
335.279377
320.882480
337.515102
325.742892
333.745965
327.786951
314.727532
327.014817
321.018894
317.629431
330.040459
310.989121
329.881489
310.505358
309.244152
307.734712
301.356695
307.924770
307.259860
289.089797
316.045758
298.733995
319.197127
309.447767
305.698395
307.779761
301.609358
291.313694
295.367682
275.384532
281.841157
253.334373
259.703379
252.106534
250.276964
261.484120
267.017476
258.338156
273.794284
251.299427
266.148714
263.059835
246.896891
259.020827
251.242286
250.963137
247.516870
243.456093
262.486551
240.517540
244.367630
254.769668
240.489096
258.539414
249.024209
263.179912
257.296066
260.093867
258.716528
252.136288
251.961118
259.304592
232.076908
250.061720
237.533668
246.958709
249.852577
253.543504
259.230791
275.062138
261.639139
286.618014
257.635474
268.847097
269.350808
255.033770
268.246652
254.093763
252.954788
271.943773
250.053776
276.421062
264.187491
262.947890
259.912549
248.971037
260.705840
266.088511
259.895489
278.634697
264.241738
262.511926
268.233957
254.899724
275.476071
254.524897
258.237035
272.036881
276.533884
278.557125
274.460676
276.099386
295.954361
273.091438
301.089111
290.800938
292.934200
292.538563
289.638857
297.820081
303.942056
290.842902
311.572595
289.684204
303.667975
291.574336
289.688267
283.718870
277.435595
274.328593
278.466236
254.892995
281.318206
264.443615
266.888245
269.852326
251.861725
262.751748
254.181494
248.098808
263.735038
254.302080
264.540465
251.730648
241.264814
258.723123
243.483676
261.581209
250.155278
241.526553
259.558513
234.190456
227.370290
238.602375
208.263440
231.698506
212.100219
223.951895
223.214500
222.289505
235.058073
241.054673
235.284176
259.972287
237.724902
246.592436
226.228898
235.786569
238.281022
224.794691
217.451938
226.869297
204.929352
223.702452
205.229682
212.661009
204.931962
202.118272
217.603114
212.906261
206.384085
227.966531
220.319554
244.667352
246.914252
230.409525
250.114304
233.206983
251.772157
255.024765
254.391145
276.475688
267.995272
266.206401
277.523263
249.249399
258.402092
233.745683
243.530619
242.525202
235.799612
233.622988
242.008694
229.156777
243.049169
219.886809
235.571373
224.548559
227.895040
225.124153
221.851046
219.395241
242.061085
227.567176
247.783888
239.507700
239.431082
244.391496
242.043760
249.736806
253.756946
237.993507
260.853079
242.928274
257.026271
261.158217
251.090338
268.599295
247.623537
253.440924
252.646411
235.686738
245.283951
228.772224
221.784727
228.051487
213.069189
234.723679
222.528175
241.557493
263.955489
253.403646
266.710324
284.042616
269.158376
301.699323
281.734981
299.807985
312.046775
321.795626
326.457488
323.561209
324.434201
343.535320
323.365206
349.478559
321.538715
331.051876
340.740412
342.325068
347.391405
345.927616
330.575566
357.624464
330.986596
331.303911
332.710572
331.113808
349.530268
340.478650
348.255723
348.985599
330.324495
336.474761
341.731075
342.228054
362.080357
340.069121
352.270261
345.098061
347.906714
348.457926
350.154154
346.108201
354.356498
336.525957
351.858711
331.035537
346.081735
333.211241
328.352931
331.418800
337.503987
323.688460
347.656664
318.683145
337.071543
313.196440
314.007300
315.684742
317.986400
320.254852
334.806959
324.920381
333.920842
318.673789
337.255056
334.014467
317.926352
322.914501
305.530459
302.770307
295.504477
285.320379
288.054151
288.132366
290.970714
297.883544
283.116511
294.119937
274.183419
275.872821
277.642275
265.896190
259.424426
259.934086
241.414743
253.374880
225.599440
245.926067
234.934006
243.717359
245.861341
250.587568
236.169250
256.432479
234.034455
253.305170
233.346814
241.478294
235.693663
225.744404
235.384396
238.479855
230.675187
250.386951
228.336708
239.247738
229.236680
240.323589
244.926603
222.803114
228.841393
222.615192
207.778106
214.124486
204.239121
218.659889
227.848200
214.211758
238.961142
228.321494
230.535491
230.162852
222.685276
220.706924
223.072309
213.121595
229.151924
211.975379
232.089951
217.628686
219.453280
223.235168
223.015734
221.074086
226.232836
206.052220
232.217077
196.069700
202.219679
202.480544
202.894387
209.387864
209.849637
189.905098
193.669262
171.761894
188.984167
166.647656
159.451869
157.346154
142.529206
143.597035
139.966014
129.182452
138.493845
123.519411
121.851699
128.861729
127.817180
122.741957
118.488830
133.871046
130.873714
131.194103
140.586262
132.339097
141.504539
143.002750
128.415193
152.242185
137.372336
155.006364
136.125112
145.674819
136.051301
133.179954
127.297896
150.135886
136.090277
165.673544
148.218386
150.813316
151.432444
150.702863
154.665819
163.213789
146.966769
163.785669
137.238332
151.962685
135.705258
136.453414
136.769393
126.636668
140.779612
151.651491
154.365464
158.538497
149.816791
156.743615
168.018843
155.743366
168.848626
152.795631
166.024257
164.219240
144.850493
152.829333
159.473121
151.224244
165.496878
144.174307
154.776033
150.713190
155.571840
150.620301
153.820686
152.011780
166.072339
138.828931
158.100979
135.572684
141.687130
127.023665
135.484595
141.341192
150.369818
147.053258
170.923460
155.559224
163.826464
153.110855
156.337719
154.702316
149.688265
146.422698
155.400482
142.904431
143.445382
140.887347
143.576932
155.977564
141.493538
149.795062
146.840222
145.815020
151.759478
138.580374
143.300248
147.255501
141.180734
151.734381
136.573011
153.936283
143.102198
152.411042
142.548640
153.358429
138.357001
158.335744
137.478951
162.790639
152.940045
168.710165
175.279915
177.131863
168.406300
184.605939
165.569474
182.048403
162.539021
179.634064
181.440774
181.801574
182.598693
192.877900
178.019493
182.856757
166.329557
187.147536
177.984167
164.562319
168.643213
154.312964
153.194256
150.569782
141.281784
138.953741
141.828301
125.855192
132.541650
129.027393
138.127249
141.367869
142.309770
143.839916
131.425605
123.144693
147.442799
124.396227
145.302419
127.215547
131.932111
121.612907
121.777423
125.254772
122.684207
111.854223
138.736577
129.580257
154.730034
148.124196
180.033440
189.640212
197.747373
201.902471
214.013171
208.642095
215.638529
212.051579
230.054684
230.497949
225.465620
238.899017
223.322277
231.229411
238.820580
228.924482
240.555254
229.902228
235.689469
265.162461
245.508481
267.990012
256.051247
252.988977
264.035053
253.568292
251.844872
263.416933
233.303417
258.056689
242.073135
263.308633
259.423830
251.063293
247.201278
246.323627
231.862120
252.667429
220.435209
237.439489
210.955337
235.355715
225.158932
208.314385
209.768703
211.779897
198.694615
211.267893
181.838620
208.343381
191.374064
185.823954
206.296279
191.960691
195.240491
208.126009
189.244589
213.523455
211.411374
199.630823
203.785058
187.232684
185.275624
176.389307
178.401420
196.527499
179.634291
189.029930
193.834562
168.574578
200.078188
184.573883
190.318318
184.400465
181.901655
185.481764
178.045609
157.548705
184.008076
156.054004
179.049608
156.392036
154.948360
156.646748
142.064865
146.037600
147.194317
141.976397
177.516862
147.547569
159.144786
145.788451
139.871805
144.137535
133.827500
127.963104
143.390534
128.511776
148.352240
142.516625
139.017516
147.123593
129.975704
145.788430
148.213590
162.690196
164.955187
167.220956
171.624281
178.752347
159.995935
183.152733
156.153219
178.166422
181.095648
184.160234
196.704287
192.571896
185.061265
205.587990
181.432619
215.000356
196.701345
207.148181
214.016517
218.148891
230.001514
227.650357
219.497459
246.498850
211.927506
229.355466
225.091548
222.855941
235.696956
214.846348
215.331909
233.835997
212.046324
231.882528
210.454252
214.325061
219.058273
199.588643
218.499041
196.299984
201.329735
209.737120
195.506666
203.992705
198.178824
191.449153
225.213104
195.602743
232.294624
219.997635
223.040647
218.950952
212.733833
232.008680
238.420550
212.204708
248.850901
216.074321
245.674865
235.465241
239.599873
237.329085
233.941768
229.921552
242.678424
217.129180
235.908144
222.236524
212.693193
227.009731
220.110876
222.807867
215.653825
217.577055
235.530306
219.107692
218.337624
207.889778
197.630894
209.487929
196.934908
208.667887
217.236642
209.926523
219.491476
225.580491
230.246226
247.962749
218.372016
242.458553
217.793781
216.919467
220.824548
202.563588
199.728852
205.791774
180.653404
207.003615
183.795502
198.669291
187.253757
190.940555
190.614631
189.058927
182.414855
197.193506
170.291406
195.549155
173.860102
185.638820
193.800895
199.720575
189.564456
202.066593
197.614229
209.968256
194.388152
201.811272
201.642540
205.391334
215.281188
192.746219
185.673706
205.641165
185.293639
193.733413
182.834589
186.514843
204.633379
173.809992
186.499516
189.684523
185.415158
201.611223
204.061562
194.663075
215.308573
179.366557
217.213187
201.475887
199.585834
200.081335
183.673057
206.326717
168.276598
171.544001
190.378600
163.832923
169.091412
185.813719
174.928379
172.004252
181.280039
171.138777
175.105285
147.087077
166.776230
151.421246
166.162570
165.142217
144.112211
158.006679
125.851197
144.103791
132.656130
139.720780
154.436513
121.216059
138.549742
181.217110
146.660331
140.801823
117.992033
123.418598
122.206838
134.014377
107.303597
123.115336
95.538387
107.660086
92.896565
100.454338
82.947484
86.861501
94.686283
101.525752
76.229083
94.088077
68.325458
92.069788
86.431600
81.265450
82.401614
73.629753
60.582434
88.331413
60.356705
79.258210
48.682332
44.575525
46.814545
29.258971
34.992525
29.771231
28.174492
46.208788
25.562051
44.270835
50.979566
30.063740
38.008144
24.306334
34.699266
35.000460
31.877807
31.539257
40.592703
19.559086
28.030678
12.611234
22.724334
10.109824
25.054546
22.174830
17.856154
22.552122
23.898701
20.734386
45.191660
17.817465
39.735926
25.847255
28.564061
34.772716
23.776462
15.611678
34.482662
12.481022
37.166970
12.586964
23.474768
36.618967
20.261165
35.595842
39.494395
33.230909
48.357910
37.832566
50.245607
48.289797
48.685590
70.683083
54.813782
71.914918
61.209445
52.128026
60.295936
46.873850
44.586729
47.184090
29.897372
46.825501
16.637080
34.423076
37.945925
37.843018
28.992281
31.182646
10.277733
20.830612
4.272536
35.295480
10.181130
31.137158
38.743604
31.776286
33.542053
40.604436
38.672961
68.506002
48.966608
65.565466
57.986643
42.933939
54.974994
54.791379
58.385891
70.282536
64.658222
80.698611
63.839469
79.067773
99.395576
85.982573
97.044524
91.741838
97.581132
106.233475
98.703910
99.702994
113.633374
97.145466
127.860237
105.478579
110.870789
110.130515
115.034348
130.070760
122.999277
115.753761
129.988529
102.846042
132.820454
118.820955
117.564207
119.783354
120.105392
115.377644
114.311814
120.698661
126.391687
110.425788
126.386275
115.340230
110.880376
97.497383
121.981125
106.752580
96.128718
83.496953
107.061936
89.465754
87.792927
83.821789
89.706789
99.041444
86.262558
81.465024
81.822422
71.784235
91.931046
95.835838
102.889349
112.642726
90.136993
97.006335
79.441515
76.019036
91.203400
73.459331
66.459016
66.206857
46.899667
96.405816
52.565887
75.998679
75.931207
73.897846
96.592709
89.498109
90.847899
111.889949
85.365234
107.081167
81.742977
89.749431
90.813258
86.280505
90.068561
115.655852
94.999695
107.987959
109.803946
116.942320
123.028868
106.489898
115.585860
102.869618
107.442008
112.510377
95.416640
108.300150
111.872606
114.031736
104.281438
98.129237
119.795350
100.859036
119.751872
120.822705
113.834301
118.415058
131.769458
127.327796
154.457843
131.648697
148.028841
131.702026
152.709084
151.363757
137.030560
144.274331
163.208712
154.532179
184.246577
159.500099
172.094968
173.761129
155.983486
167.604380
166.741006
157.549696
182.501211
167.779366
170.733347
165.790830
158.759266
162.104725
148.038473
158.873585
158.649266
154.337153
163.909662
166.217136
164.686501
168.463820
156.215871
167.201210
150.220201
154.236294
161.543339
165.875076
159.616594
171.910153
159.454084
171.535429
152.489246
170.435585
172.966531
178.237512
171.727313
175.650015
173.187871
186.902951
172.005484
168.337649
162.173209
169.627883
156.364979
162.021505
154.862340
149.251548
152.917446
150.050080
137.163306
140.309325
129.150276
121.895230
123.856467
110.051226
122.787828
130.648710
125.307759
146.107596
141.970727
137.237087
150.975183
137.831924
144.295097
152.929180
149.054391
143.673803
156.400059
153.086858
155.501151
139.462902
148.676274
131.202820
149.893498
144.312767
138.833883
140.700738
147.278067
129.655347
125.359213
119.592601
137.410693
115.819276
126.291150
120.752343
130.310375
127.382539
129.833264
116.603190
131.328213
117.230019
120.502638
125.714633
122.865308
115.088108
135.568150
118.537880
132.816196
124.055401
138.270319
132.409964
123.516584
153.551594
136.083520
148.252118
160.037738
150.869706
158.950792
154.522255
154.804748
166.116775
151.626186
171.685909
153.386491
157.423421
160.361089
164.362302
157.191647
170.893889
144.665565
152.371190
143.656159
148.766350
133.677891
125.936918
122.770263
130.820330
114.275660
134.452933
120.839003
143.064981
127.035762
142.797886
145.851737
143.427386
154.135655
140.363122
133.022436
153.619261
116.193790
111.609065
116.585917
109.201654
133.403443
123.204964
122.126526
116.225372
117.908175
125.449586
133.146529
128.124228
135.201788
110.108894
126.077211
115.253984
118.579481
140.269297
130.826483
123.928826
129.227713
116.310896
147.260068
116.579263
134.340472
112.230949
121.876076
107.817568
104.191007
101.183019
110.688455
85.332165
111.847731
89.479222
111.620672
109.182044
85.086937
86.675971
96.653761
84.947363
109.447543
86.651221
108.181883
90.030719
93.552862
110.623991
85.684599
95.978384
97.318403
99.468203
94.975790
84.384098
89.586089
92.715907
83.302739
98.533413
86.210731
100.367578
92.447156
97.004302
107.590001
102.212656
92.093651
121.521534
94.454086
105.385877
102.574985
96.094246
92.807031
84.614545
89.691766
92.414633
72.639821
106.792002
81.298524
108.261366
103.874414
88.161693
98.721219
104.448993
91.328955
102.560114
89.731139
107.046126
105.852200
99.973758
100.736520
103.145058
114.306283
121.877038
122.599187
135.352448
143.699337
151.970374
150.192591
138.760309
157.807313
130.464912
149.885616
151.175280
136.136473
146.227799
143.852931
136.806018
152.433993
134.878201
167.514223
152.994686
154.817587
157.360309
146.133031
146.144252
153.434443
123.152662
145.742148
116.326337
133.698914
119.581978
131.760509
135.159272
132.292859
125.098598
132.664279
117.707020
136.519320
133.587864
139.157416
136.946466
134.181298
151.267129
144.147434
136.138259
155.784929
143.165733
162.454175
154.311179
152.147007
167.349234
142.673558
160.524857
155.838858
151.452597
166.336344
154.220825
148.624128
156.472724
148.252238
173.583000
167.163938
187.189952
171.045652
178.661734
177.391344
165.084331
149.189820
175.386501
133.372505
157.476147
141.324803
147.716076
151.408967
158.703470
163.440166
190.878348
160.305551
175.468811
159.563414
165.938915
168.472583
158.203219
161.709802
172.518684
165.289443
182.624220
166.913139
183.461308
186.009877
171.409008
175.966785
166.633290
182.375262
166.403767
142.697407
156.626418
139.656940
134.660154
153.837744
140.336368
157.973491
126.609522
127.821247
129.905129
134.582477
130.734138
136.987798
111.831123
134.368825
109.895799
126.368440
116.840587
110.481996
107.484207
106.169067
107.258360
124.430779
107.532170
143.174929
125.287340
138.814576
139.426705
141.973985
149.911662
155.266459
150.501168
160.059358
150.196501
165.130507
150.987898
144.906081
160.131662
146.962433
139.917599
150.225211
144.558897
161.688316
145.080066
136.535076
160.989834
133.426326
154.173901
136.801108
142.551273
142.123222
136.296557
138.193258
138.712605
122.101671
144.009319
121.874288
142.661780
138.627273
140.126362
155.931611
135.144931
124.257492
145.545607
125.533708
144.271771
131.562548
139.576885
155.681493
141.666334
150.254870
160.662514
138.602411
146.036056
122.285614
126.578670
120.250676
114.156217
145.682875
131.429831
141.904499
142.107902
127.926328
148.156472
145.658029
138.785119
155.871903
126.207061
145.770895
137.599594
142.597531
141.444608
134.106789
128.381777
130.432096
108.962441
138.150242
129.562102
148.285973
139.700100
139.783316
135.508933
138.580210
127.261704
151.741515
134.165467
152.541554
130.946682
138.781462
143.485942
136.917516
150.838884
157.492447
140.613811
169.979930
171.460879
168.784694
173.448094
166.015899
171.413856
166.415331
157.860834
177.031070
179.110913
191.688515
183.020515
182.790437
205.002366
196.697211
211.788541
203.138366
217.884245
221.709809
228.536305
220.591831
225.181527
213.912486
226.851636
209.515289
222.272045
217.194413
218.492243
213.476722
210.072965
200.041604
222.214271
205.958734
235.504901
214.524357
223.224837
223.794761
219.398138
240.479571
235.124792
213.589732
240.343375
224.089082
233.253410
224.114889
216.808728
224.904219
219.664100
230.324955
230.700373
218.272530
223.258207
231.203260
224.137358
225.944038
210.939136
222.859638
212.696586
212.191492
214.655223
209.360140
193.447552
213.555273
197.953607
211.835679
186.391874
195.555210
183.135640
174.691991
184.915901
171.125037
156.728475
174.791719
165.099056
178.788084
167.665478
185.306843
180.115027
190.225728
195.186937
189.308483
183.482829
199.758491
187.168722
194.393798
189.971072
193.758659
204.094558
190.539995
206.146581
206.152643
192.448878
204.013381
197.623401
195.549400
208.956457
184.762042
187.780054
181.900303
187.310533
188.424717
196.586910
187.626218
187.272916
192.248663
205.822830
181.238444
199.412488
197.034272
200.037605
203.557083
203.610348
188.914635
193.656201
174.770249
202.754700
186.719721
190.564572
179.173756
168.761283
175.870156
185.790662
191.497995
205.463323
180.446535
192.078502
174.316153
178.908187
171.892824
157.018949
153.820846
156.220753
150.836623
158.879380
139.591572
158.441707
163.001440
160.119486
177.710307
167.142284
175.284690
177.159002
172.609580
181.130380
173.313777
170.251057
182.367010
156.283413
174.864463
159.364815
162.251744
159.626207
164.870472
162.785824
167.927440
150.937398
170.748506
152.579579
177.442494
159.319245
171.397121
156.776622
164.974904
175.316350
181.909885
173.433450
208.425445
196.733689
192.122955
200.440786
193.865346
195.546825
190.448186
177.903842
190.477393
163.977582
169.833313
174.996483
172.506801
199.380686
185.322780
197.798207
190.316128
191.146036
185.694346
176.537382
163.293967
177.837506
157.618679
175.733715
146.324459
163.843950
167.620598
172.563755
178.022770
179.450157
171.233223
179.974775
167.577489
183.710565
167.166082
179.195318
162.002470
154.792685
157.402747
161.774932
151.274847
170.171268
141.262635
156.228994
155.775392
163.383456
157.764591
155.529833
163.627900
171.738095
170.447179
185.507395
167.772605
179.614181
191.148018
171.949866
191.326425
190.798310
186.269085
195.770537
197.535726
210.205297
211.959581
190.751962
213.611598
192.114899
201.045631
185.254135
181.904605
176.938502
166.645233
161.398641
170.659317
150.976287
177.940561
165.193845
180.110819
163.571711
177.952329
185.727740
174.362604
176.743106
199.254577
179.844438
188.869511
183.661053
190.975454
199.021578
193.873266
194.712554
214.536076
185.969143
197.493575
191.262372
193.322691
197.063340
196.658531
203.848862
188.988840
197.368776
201.015132
191.216817
190.649203
201.979709
184.125355
190.203976
182.758736
185.716355
180.750875
180.316046
176.379299
178.172958
176.454823
191.139461
175.933527
192.751785
190.205758
180.919429
178.652380
178.436207
170.676114
190.951022
177.542697
193.329556
171.361102
184.097453
183.190407
174.312639
172.329075
183.950200
169.269662
175.607529
164.215561
172.368003
168.031472
161.536667
171.938931
176.537837
183.314660
193.660946
191.813313
194.132683
204.502191
195.088546
208.996441
196.725274
221.435828
200.522450
203.606535
198.447813
186.781204
184.036181
184.518745
170.166773
177.672214
149.494476
159.423048
153.401041
151.416255
153.797596
151.599387
127.040513
148.573336
124.946279
145.492879
134.823152
134.827352
130.288127
114.957009
113.786155
111.724449
88.485122
98.701656
76.025037
83.261560
85.321510
74.254640
70.239968
61.541866
66.953874
59.074049
47.207864
63.089098
58.964115
49.178608
66.850454
49.125549
62.448840
55.872912
45.925563
54.152544
54.321899
32.214570
54.968815
49.577797
72.717854
71.721552
85.982922
92.566512
95.443608
103.178484
105.979804
88.876728
117.438347
99.421415
117.468100
101.475824
106.373095
109.232860
102.698895
104.475769
114.692656
97.924466
120.454717
97.468059
116.894272
113.535707
108.846149
129.448051
131.200661
131.063371
140.711629
136.646850
158.471932
146.710693
166.567914
177.390614
180.774213
193.769345
182.123851
194.116774
192.869400
191.220438
207.612603
215.589568
188.451642
219.064247
212.324772
206.827889
214.118388
203.734668
207.141273
217.857285
218.809365
241.114786
215.653800
240.826258
222.741418
222.000560
228.917210
230.379140
232.264579
242.216486
221.621706
227.347755
210.543842
229.190987
213.127096
202.498531
223.854046
212.441333
208.061801
232.935940
221.820234
236.786487
206.508805
215.512900
230.989372
219.921922
226.102835
208.066220
209.840387
217.154260
202.496901
209.883269
213.500871
189.672137
217.324566
195.527003
213.882527
202.692720
204.477464
199.735626
195.598490
183.736307
199.506803
183.589823
203.555164
193.390596
192.899113
184.363084
183.528965
184.563017
186.504409
175.198941
186.582148
172.859811
178.833438
165.560160
154.260831
156.591118
153.371587
152.449158
156.362431
141.603671
178.778573
165.787299
173.550363
181.614520
175.866588
193.995705
185.170928
186.276972
194.329937
187.069856
207.884611
211.587419
202.633967
222.258630
196.907880
227.970456
215.661594
221.774487
236.628002
222.183059
213.832118
232.396901
200.923315
230.441640
214.167906
220.943030
215.241734
207.728699
205.565748
212.533965
200.194396
220.045257
206.585553
225.008999
217.097369
223.727242
241.423815
231.539590
241.311801
253.043176
236.801369
254.947527
244.802786
257.003172
261.309346
245.298475
267.846462
255.162325
247.122280
260.628223
251.317433
266.355168
263.549785
255.612532
265.962957
242.282757
267.403738
254.622160
255.317339
256.376340
251.071646
239.379271
259.381589
235.496571
257.517956
238.441354
249.293765
247.082927
238.382700
242.487757
241.020797
237.919981
264.670300
244.900121
277.136407
245.854014
256.222581
268.516676
271.013582
268.952024
263.909365
259.271118
270.612568
244.622787
257.530437
250.821245
230.631462
228.664539
222.023500
225.529456
226.680831
204.513307
205.901591
201.198679
194.415516
209.752377
183.510758
206.357469
200.668349
211.396387
205.524939
195.951185
201.377579
218.497693
183.744002
220.571671
202.278564
207.274984
205.489976
207.083932
202.023052
201.185198
197.519307
209.326188
172.525507
194.301963
165.929707
175.870263
176.698016
164.202189
168.494418
175.024121
167.499072
191.000798
163.277083
179.660663
176.909483
171.891582
183.328723
181.038567
174.409799
201.284744
189.562625
199.174441
200.748698
206.269288
205.216163
182.746508
209.025138
186.010527
199.319314
193.072570
177.834286
175.941620
171.303333
168.877943
191.981495
172.324091
186.370707
183.268771
188.082925
185.977532
183.157122
194.511070
197.937203
164.579387
200.003344
176.229226
196.329849
177.781508
184.364998
184.115908
172.651116
160.430121
179.505112
142.022193
160.342639
167.989965
149.042029
149.175078
152.374800
157.956779
148.356126
142.693704
158.464745
140.572777
143.286170
144.499490
135.965395
131.630465
110.446976
123.466696
110.852277
113.014268
117.237113
108.852059
106.280851
128.534339
112.215535
133.648718
115.959724
131.725144
127.503734
130.930572
122.688071
130.404616
114.001382
138.223960
123.935885
155.549646
145.112247
140.212094
146.481232
141.305236
131.117069
154.473375
125.400350
150.175499
126.794579
141.668607
150.802326
140.084853
147.284344
155.214039
144.432622
161.003420
144.166443
157.375588
161.894881
155.712880
173.339986
163.290054
175.580625
179.508035
172.336345
186.922988
198.407975
175.111397
211.174836
192.280054
199.664046
187.312745
188.388371
193.312745
196.955177
191.501999
201.674197
179.059139
221.465877
203.187676
212.821657
216.324682
220.064851
222.422410
225.580084
215.512902
245.644973
224.574791
244.641167
239.317246
253.147161
266.019825
271.096553
274.031558
280.660786
272.541446
296.196331
284.161947
288.243060
287.415220
268.061906
291.190521
287.881836
293.750895
311.129809
308.195664
314.001645
306.030243
289.085360
315.701383
297.559512
316.982700
321.879809
304.763859
316.816086
318.068855
303.316776
328.876493
305.310929
306.859601
288.687489
302.977598
295.883075
278.476244
268.561065
266.231632
237.230433
264.566136
226.177545
225.880545
221.669547
223.625414
219.330171
212.406381
211.593923
222.159654
201.570915
219.893458
211.041688
209.002781
220.180874
195.653737
209.919115
202.114748
193.861628
204.101469
186.172459
195.304557
194.447142
181.896865
195.933135
176.044354
188.227047
190.092062
172.237730
183.624278
170.985239
156.138261
160.989046
135.246793
151.318640
125.236943
132.448395
140.169976
127.503144
126.816167
139.429908
130.661345
160.274034
141.104640
158.093786
145.564372
143.517304
142.073458
136.297085
121.189398
146.004021
123.953755
134.188129
130.296352
131.152989
129.601311
116.180136
129.384456
119.421556
106.466260
113.086675
91.596524
102.432611
108.433389
108.257142
123.307055
108.668116
119.184411
103.850086
100.349104
95.782388
87.061227
91.447815
111.808132
93.231342
116.601949
111.837656
124.688214
121.124388
123.844598
117.644561
132.778550
112.695160
136.307052
114.876451
128.222580
111.665265
122.108447
129.399452
123.648417
113.640559
131.268775
120.203561
138.438314
119.003170
132.472482
130.999001
116.413259
128.497090
123.720094
119.166401
138.732835
112.978746
131.217205
135.926654
129.418812
141.790185
126.964719
141.557269
146.675846
144.551399
146.341930
146.788969
150.287544
163.449592
163.047344
178.987327
165.969565
174.067315
176.355760
174.491756
166.303625
177.320788
154.759059
181.448479
153.004433
164.033337
146.348107
141.037687
134.753152
130.424987
117.545230
121.213122
90.390054
120.306746
96.426902
105.940632
105.857691
95.412000
100.938985
88.776334
94.354760
99.414625
86.148408
102.380474
94.697604
94.098130
113.968727
103.834305
124.748584
111.644489
98.577145
94.803885
93.424778
95.372312
106.768820
82.193364
96.061776
77.234208
87.069096
94.628734
96.650536
102.180190
113.714741
113.458074
131.335054
104.090460
130.477628
104.274611
134.468118
133.256086
136.681631
144.836861
148.003290
132.523930
154.969771
138.226954
145.956811
129.688310
132.656256
144.631426
134.887239
124.059526
137.513173
136.957276
153.543374
135.650139
135.400260
139.388094
127.594950
146.091423
137.049446
138.971584
131.610928
127.979040
138.136374
137.909980
121.835826
123.739747
108.235135
122.738005
122.282580
112.249499
113.262428
115.250233
109.099176
127.429298
112.545325
147.533178
124.989199
135.812250
125.514722
130.543551
120.753604
126.328864
122.054487
134.538121
117.539417
130.110877
118.297189
120.849373
120.211474
119.140457
128.791668
138.305048
134.033764
152.911464
142.896387
150.605413
153.146158
135.476649
148.848551
128.685224
128.852248
134.765941
127.888217
144.325212
139.908139
132.544674
147.161464
118.235054
141.868915
132.471986
128.785925
134.745681
125.497033
123.513914
132.788054
113.174280
134.627569
96.811433
122.086512
107.593373
111.061429
99.942751
106.174695
97.978028
111.637856
85.921487
100.746511
73.362569
92.910464
85.003287
70.754911
66.467311
82.001873
61.586480
71.596654
61.888866
69.068551
69.745817
60.394566
77.414530
61.176868
66.854413
78.994125
75.947874
95.178736
80.242356
83.599042
98.665454
91.994895
102.440920
88.490654
102.325344
114.358162
108.718755
120.402676
124.501566
109.257867
123.837833
89.166690
107.510854
88.326807
90.526667
88.776190
84.714390
90.308182
104.525673
79.838122
97.308200
66.757152
87.087012
83.133649
76.285788
82.532330
79.868175
64.885188
92.450901
70.216315
83.298380
72.901326
62.191325
74.750735
66.809329
73.306232
71.905739
69.578294
83.634238
70.137345
75.747754
91.772008
79.520053
84.143188
75.113311
79.281115
80.721371
76.106634
94.040082
96.761249
90.531293
108.443489
93.242345
105.355601
80.984495
94.313640
94.820138
94.789748
87.877921
110.055819
99.677402
122.242036
106.904801
120.764381
120.190663
122.027164
121.040117
129.296951
121.423882
136.743259
129.262439
150.597100
132.862296
144.529464
137.643354
124.912883
132.623825
137.639782
126.515910
142.260435
127.830348
131.069022
149.400794
141.574351
158.682498
145.263170
146.274253
148.025087
140.764177
127.168227
148.028304
135.614051
153.915436
140.963681
140.142480
136.189720
151.594418
150.023424
152.394962
146.078152
164.437365
141.191293
156.943521
145.682734
148.372921
132.506648
129.043827
132.850031
133.473884
116.039629
142.577940
128.337525
140.796911
145.312820
139.442874
140.708508
136.577082
132.832792
138.188861
131.527226
145.172753
148.312594
148.980708
156.207557
150.523047
158.580177
147.947251
135.485796
146.387786
126.684283
121.167921
127.497769
97.426240
117.885514
115.360996
125.833928
122.398369
127.087577
126.874563
121.436337
115.424662
125.921888
104.881958
119.018379
105.494131
116.758833
111.424822
112.553589
117.504547
120.977464
100.396870
115.967478
99.155459
106.007973
103.648392
95.607127
98.962978
98.802782
90.331860
113.342105
93.555040
104.011253
109.253394
101.131678
112.030672
97.268579
104.412116
109.721440
96.440081
107.515683
111.195996
120.195346
120.537834
109.947519
140.441400
122.794694
141.989416
132.583478
131.687559
129.864644
141.851563
114.643827
146.901778
124.789787
145.809535
138.463359
148.407181
160.111019
169.411980
172.012693
176.845148
153.241492
175.448453
164.406428
170.336551
154.957531
156.400815
153.184628
132.175443
134.835992
130.594169
110.305199
110.975911
106.648237
97.559237
97.043529
90.351056
90.702859
87.781021
74.562241
71.631469
63.884861
51.913523
60.169670
43.325223
51.890711
47.588160
45.988746
45.463242
39.275351
43.445036
55.782646
39.301217
65.786004
40.484619
61.743693
69.982817
73.575367
72.355393
85.938128
78.362404
95.513060
77.056247
106.798814
101.174894
112.859810
112.639634
115.780217
114.642163
123.721218
119.241897
131.259027
111.429054
137.460629
136.504243
130.196419
146.101574
127.955172
137.560718
138.847665
135.508627
138.872811
137.241581
128.549614
128.997095
114.081351
133.951137
122.880933
124.139094
139.296505
144.612166
149.595854
163.394245
152.480556
177.008879
147.428100
164.716457
150.780120
157.073832
154.479733
152.228791
142.806986
160.826129
126.543468
160.603048
131.404969
134.681015
136.982096
135.295709
148.417088
142.616350
132.091112
135.433969
114.223754
125.061638
105.943133
106.389882
113.407232
95.929268
95.511195
98.852625
79.661399
93.399459
94.603876
82.384007
87.719113
79.545522
102.252355
81.568726
98.438043
96.926581
102.362880
120.712814
111.376534
105.618104
126.094442
113.685841
131.864269
122.127098
131.156639
144.063099
145.832002
148.697254
148.097772
132.748688
158.695142
124.673954
139.911745
130.624674
133.945933
144.813750
133.091901
134.400825
154.854787
133.547856
157.431555
133.229077
143.404199
146.589646
134.111877
135.805221
145.503389
137.024791
152.655192
143.041879
144.673402
135.027191
132.148058
149.419094
133.593853
144.951296
143.847370
140.175224
162.485727
156.799942
153.978928
179.476974
154.741304
177.615397
165.812243
174.638493
169.251725
169.321836
159.988633
170.244087
148.478890
168.574522
152.057979
168.908003
151.100403
149.047573
147.621455
141.075814
126.048378
129.533453
118.275075
143.160539
113.660655
132.628024
137.795076
122.983550
124.450414
125.894794
121.316699
137.238500
133.180169
133.561354
141.367031
148.499867
164.571451
147.752622
157.420315
159.401261
156.169965
169.029982
160.447647
160.297752
168.901573
156.278595
182.017086
155.981579
182.186995
165.550978
162.319219
174.391118
159.583353
143.650743
162.468617
132.164103
157.861124
148.190632
153.405809
143.163685
145.466055
143.283363
148.402737
131.443385
147.777287
135.402069
133.742662
123.100215
118.437386
107.383872
106.542117
97.115393
111.397666
85.194290
96.587219
85.573325
84.612885
105.129910
84.814385
100.200714
96.027025
97.288531
108.540524
105.999002
105.912214
125.399068
116.805898
131.981556
111.605430
120.662841
115.677834
109.682402
115.773302
117.604676
104.578807
133.586723
113.942481
133.908349
110.677009
128.715293
123.778596
131.417590
139.195327
144.465195
125.825683
156.102180
132.034518
146.851791
138.578110
142.771708
155.307743
152.037628
151.494613
156.157604
142.622289
161.254327
140.129220
145.042469
159.054695
136.127021
129.555516
134.066918
130.686779
130.844701
105.943299
102.661509
93.807469
77.963051
96.859612
72.630911
99.924501
102.661315
85.227364
86.045413
82.010193
70.869569
86.988125
62.121112
86.395947
79.798556
96.003668
101.113208
101.284574
101.979234
110.826086
102.953637
119.057797
98.722791
118.985281
107.397119
106.467421
119.523943
114.899798
120.812937
133.198754
130.682912
153.185497
158.033084
157.751214
164.717946
166.454782
170.131785
169.467440
160.472211
172.885246
163.460215
164.932970
179.811307
159.440261
180.038089
170.858102
187.679811
188.706714
184.736602
185.495747
178.064438
166.760460
188.682129
164.020918
191.255975
182.911262
192.307538
195.212463
180.025403
187.649177
190.773338
167.580428
207.470281
184.490625
203.755894
185.283627
188.239445
189.878905
194.522906
186.635096
204.933726
183.431053
194.605807
185.629243
192.097453
196.962730
183.530217
180.609092
193.705055
199.595811
211.567038
195.178360
192.029319
200.363881
180.212131
191.624731
173.636989
174.202195
176.566015
171.804132
187.596322
185.484067
179.310459
209.188814
179.393457
206.947386
198.883675
201.692358
196.564735
196.237723
185.295559
186.930485
162.917967
189.981496
159.997400
171.053936
172.234944
161.196267
159.323109
150.077305
139.411448
155.523002
117.768466
136.123299
126.055711
114.208808
124.089069
105.593551
108.603617
102.589479
73.437022
93.706350
71.638314
69.428623
76.958139
60.723714
79.130017
52.383799
56.406529
56.883091
35.009076
46.211435
49.263143
38.858521
49.431609
11.088471
18.215454
13.257447
6.245702
8.950648
7.655742
0.406014
5.855497
-16.599528
-8.567287
-24.456943
-0.786576
-12.410881
-17.120641
-9.734043
-14.882179
-21.926056
-3.516621
-39.338979
-17.768878
-34.586269
-36.305974
-24.822533
-22.812699
-17.367649
-18.658486
-17.865495
3.991310
-15.277038
-2.292854
-0.608898
-2.055171
16.805595
3.672738
17.296500
30.204298
8.529087
9.207890
11.716410
0.584239
10.298705
-15.469697
3.812155
-5.286805
1.799550
-6.194070
-1.758591
4.142505
21.503573
-4.186193
26.073685
-1.999912
13.271203
14.366759
7.564320
10.288412
20.687890
9.492877
41.001694
15.621220
34.766517
33.508742
28.503470
48.928890
43.623971
44.323347
55.711124
49.817049
71.164375
66.952806
76.916195
67.261727
65.223322
80.603237
64.341075
58.706736
66.360176
56.523392
56.424696
51.183643
54.555043
62.833735
42.326475
50.116196
29.886361
33.204317
35.678666
26.232412
16.525593
30.763470
28.877931
35.195013
24.474764
28.678613
14.696056
34.159856
32.456289
43.400136
38.481317
41.620212
31.398893
54.280291
42.373089
43.154524
50.268056
49.464516
50.434565
54.526322
44.533396
67.177509
41.227902
51.544675
41.584631
37.162353
51.323036
49.059737
61.739964
54.694717
43.415090
58.395763
56.060215
52.863785
70.233533
56.413434
75.471371
71.592697
76.754570
83.639554
73.248494
73.812490
82.640248
65.436015
79.697421
63.587782
75.787017
74.563886
74.304780
69.729477
75.282005
73.330956
84.897957
76.501029
95.322580
74.220369
92.988166
87.169928
97.110647
97.751750
90.922890
86.301533
99.515941
79.862390
106.976894
99.518458
99.988721
112.012168
107.366852
103.490445
109.802791
114.642618
116.389242
105.052222
108.303640
115.759939
102.958160
121.413493
107.401204
117.844409
132.793904
122.948953
129.247411
124.976550
108.590040
134.627576
105.448224
126.934730
110.426780
116.510838
112.484025
115.092734
105.323799
111.842241
107.581183
126.106867
109.386816
135.214792
133.871184
146.866925
148.294617
152.636124
149.389263
149.449547
126.002331
140.115987
111.252800
124.180659
124.175578
108.089222
109.318518
105.469707
94.227342
103.484610
91.793347
100.175027
102.023362
99.932194
106.902346
95.906497
116.828356
106.138425
111.236102
115.654891
101.363353
98.282567
107.406321
101.113153
118.524154
102.764645
124.168066
117.458409
117.315472
109.587530
108.306888
94.397075
110.189275
81.836209
95.982521
79.802791
89.939943
88.124947
75.176183
83.500656
91.095131
62.139109
71.818388
47.298026
56.988719
54.579230
42.229593
42.975753
50.705120
48.489505
50.668968
34.957191
38.172286
46.309428
37.767641
46.406141
35.210075
35.273124
39.943111
38.233188
40.377802
41.240523
32.881198
37.775919
30.675331
64.292121
57.766713
68.417541
64.685597
64.418640
63.629936
76.308855
47.751701
80.319810
73.106733
95.355686
87.529075
93.332120
99.338627
98.549921
81.331063
97.930157
75.212632
100.727161
81.220610
90.866719
96.249196
91.412164
103.602193
113.263596
97.263787
96.777340
91.743550
88.717015
85.012143
71.369367
83.010404
76.483770
59.839579
68.216531
68.877736
70.632736
68.428121
58.342296
78.267179
58.394676
70.994218
73.712008
76.949102
73.570263
87.259791
79.442933
84.947315
64.318291
91.890991
69.057357
73.854585
71.877617
67.399304
65.537764
70.104130
47.943383
65.793394
41.483663
56.875459
53.190822
53.653528
50.013876
54.412648
56.296187
70.919211
62.929731
78.811112
64.416203
65.060088
65.695406
43.512876
49.848719
46.698220
41.723250
52.754007
44.150287
51.424759
58.989153
50.010195
67.975435
44.693495
54.516419
39.541412
40.437341
46.389827
40.206638
38.759949
43.099210
16.873910
55.011459
30.366254
41.789461
47.951992
54.314483
58.251860
52.305150
35.195825
56.095511
31.287461
39.638354
32.785995
26.824471
35.711415
32.943465
30.387233
40.170992
23.316826
30.622052
17.097660
9.240217
12.708778
6.992913
16.127647
7.852247
17.947195
29.622803
28.483862
22.608848
10.664410
-3.905596
12.522872
-6.151657
8.639635
-11.298823
-24.796497
-19.674611
-18.345826
-25.916236
-9.672453
-32.296939
-6.934876
-11.905642
-3.753320
-5.196606
-0.590580
-4.473885
-1.295497
-0.826305
5.140514
-8.611068
16.771845
-0.422357
8.672824
6.716523
8.021133
3.093875
11.983574
4.964855
23.642418
6.895736
6.900231
0.462934
7.541789
22.989715
13.740715
12.365594
27.270488
4.318639
19.776235
-0.953272
-12.665843
0.212006
-27.979560
0.583779
-6.594332
-8.772295
14.567217
-0.858291
13.161440
15.791679
-7.844811
22.214059
6.812579
31.073341
16.068539
24.590457
27.736247
29.966772
19.523668
45.768208
10.790459
37.521214
16.715653
24.287443
36.486283
36.901152
43.854511
52.393985
30.218388
45.418927
22.113118
37.597820
32.293127
14.335364
16.110715
10.430423
12.877825
19.155850
12.206170
29.917860
16.909281
19.574957
26.672423
9.074396
30.691399
22.845821
24.607891
19.349407
24.348257
22.465589
19.278963
13.576105
37.265080
22.528461
37.697485
26.120324
32.940972
36.995355
36.645000
33.669257
34.553272
14.504983
36.358294
16.212077
23.224953
17.021643
13.022785
20.127595
37.597853
21.019150
42.898743
37.972628
65.850729
54.396462
51.709973
72.030158
60.489685
61.832696
63.759068
45.716347
66.924949
46.072823
42.451368
44.839257
27.226543
49.037290
40.777295
44.467321
50.631327
38.030916
44.365521
35.770540
28.086948
50.278071
21.385169
47.042908
38.101641
35.114612
34.018960
43.911027
48.709254
63.863128
40.534108
70.661334
49.875454
53.104093
40.275869
42.818608
35.341690
38.693442
27.679907
47.022729
20.909558
45.487679
34.588577
42.269522
54.939283
30.582950
34.391714
28.898429
20.064566
35.895591
26.997665
26.942555
30.352195
22.510767
42.174389
30.521793
35.293741
44.931474
34.650645
57.300981
69.145128
51.870862
75.112970
56.379691
69.323145
70.828380
66.228910
72.627668
57.443218
52.958162
73.492095
59.813221
91.191651
79.119579
86.583698
87.281268
91.864319
85.820334
99.190286
71.320758
98.313266
75.944561
105.487707
101.678729
106.852417
113.438506
110.167222
115.507365
137.632623
119.876309
138.015933
124.895084
126.929086
134.625104
115.334870
122.103293
111.713297
111.088406
121.013834
102.658091
103.279275
106.414094
86.128609
112.140380
96.304877
106.269961
97.172816
90.787398
97.063081
92.548454
84.298288
93.258242
64.833844
76.900557
67.918090
78.996193
84.494761
77.599602
85.458998
99.419238
92.535029
125.541749
96.292448
118.216485
114.023466
107.560955
115.364069
118.952005
114.198747
131.147120
117.314012
147.628427
129.130345
127.999089
129.747461
109.974044
120.913224
109.102384
107.096746
112.675111
97.592228
100.408275
113.425310
112.615319
120.262774
107.238432
125.316985
122.288398
105.120742
113.856903
112.719242
106.847065
126.309571
93.307667
115.729863
108.645928
113.282172
111.763613
107.513533
108.083603
112.296236
98.944945
136.415583
108.479167
120.610509
112.857940
112.439123
126.177108
138.719570
138.300589
150.693791
140.934020
162.425662
145.295804
146.217222
143.035248
126.786941
132.201924
126.398879
120.951340
142.565549
118.579153
125.565123
126.636363
119.899984
125.193398
120.125338
141.302919
135.540412
138.947732
145.500747
134.865028
128.281967
133.377243
131.439376
147.648163
123.649881
141.042705
138.616595
137.735149
135.265480
149.975120
140.507717
166.409014
152.398006
182.432832
168.484178
170.953551
181.473900
176.451811
170.105300
160.348036
150.748793
159.086795
139.024095
165.346515
159.977605
153.247261
166.983422
151.175032
152.814771
159.280679
145.423962
164.319473
144.660656
145.386591
156.650841
141.428213
156.673959
137.846807
145.307674
154.807402
144.777079
136.045981
138.804648
131.063836
143.414267
116.499194
141.466361
136.203513
141.764257
138.428813
147.453345
133.411730
138.840320
128.664582
152.566843
132.984814
154.845635
147.488126
146.724345
157.630288
158.509468
156.057615
165.372734
139.620202
165.808484
161.027549
161.915453
166.804252
153.536899
156.059412
155.428261
150.444871
155.050563
145.870557
155.018946
177.185852
173.233280
172.878105
169.336431
169.364420
175.461049
160.244413
171.047338
164.848806
152.962253
169.899890
156.889826
185.624765
169.253656
175.486103
168.886698
174.608677
181.874575
189.739700
171.112486
186.521422
162.579024
169.284426
162.460435
177.781836
174.624877
167.905959
164.960052
183.152591
162.759621
192.816995
171.254648
174.113665
179.184176
165.495312
172.546953
168.194733
153.728215
171.854637
144.796468
162.959517
165.881232
151.058501
175.286686
152.127100
152.140958
160.157460
138.011922
145.243850
150.799145
141.874317
165.597888
150.569759
171.330778
157.640047
163.336097
160.114545
155.238436
151.110387
168.373463
149.507902
168.407080
145.545766
159.184011
144.878817
136.085100
140.193634
139.100599
129.001683
139.420149
144.414753
163.434331
157.457459
177.068384
171.333649
182.347644
187.588335
194.737089
183.789942
200.793521
185.642590
192.491994
185.109640
169.989947
185.150571
173.821799
175.337242
177.468350
172.229312
184.877663
194.392995
180.469931
203.061297
186.108711
195.825902
190.844610
186.799273
193.481412
200.951389
192.346697
207.821179
184.884607
201.666801
181.285092
182.801679
177.150899
173.894881
179.409804
177.932708
161.218493
174.378938
150.995377
170.438881
163.314954
167.262905
158.632764
157.022750
152.431078
170.085043
150.142934
164.231800
158.735987
154.017493
164.901357
161.926250
157.581930
163.416880
150.807079
169.338387
161.389061
174.500622
177.406728
155.245011
159.590690
163.511584
168.663067
160.783440
159.784558
163.833006
174.177730
160.137393
174.251849
155.132221
181.742259
174.973013
184.796958
173.810122
181.638656
173.901993
188.855517
176.129600
193.201760
167.427617
181.371441
185.098499
178.635489
175.867597
171.067196
163.708537
181.435865
165.945900
189.357342
170.283864
185.663390
199.004354
189.683403
195.888221
190.048012
173.200388
192.165230
176.863628
186.263296
195.914667
191.426783
198.102059
174.719102
193.445158
177.074373
177.857331
184.856986
182.348498
178.999359
199.104791
179.438471
190.639594
171.726882
169.386466
168.774927
169.358572
163.275502
172.933583
152.316405
176.271235
149.402816
174.730303
166.024037
165.266143
172.554716
174.895981
160.178581
177.428564
157.166555
185.456219
172.953498
179.894464
191.159177
187.737671
187.313143
190.656628
182.601769
188.290621
168.352878
175.767171
182.316640
173.545518
200.027711
195.225103
198.530467
195.181403
189.511531
198.628914
188.075971
175.861011
199.388660
190.343483
202.801978
202.333594
210.206496
216.673510
213.636925
213.638683
229.812613
212.783663
236.465597
216.548121
233.891226
220.321012
219.070168
231.863511
230.912112
212.778526
235.622128
214.257123
228.396865
211.987002
215.501730
201.747626
187.265428
200.936713
188.469712
184.987892
199.986222
191.517566
203.760456
213.759802
211.703764
207.753833
202.713822
209.773448
218.222227
203.931933
212.850563
213.753802
213.660279
230.235683
218.807437
248.596672
224.340400
234.764256
247.967742
236.862246
244.163084
254.109942
244.422610
267.824645
237.909456
260.416385
251.330697
252.437708
249.033671
240.421679
229.957623
248.951653
226.285821
251.236610
225.675301
235.036985
232.028473
209.988684
219.564013
224.055538
215.546735
236.182767
208.469237
231.201517
220.416434
205.392854
234.856859
208.586866
212.741259
208.730706
193.174162
205.468738
188.643910
181.697485
194.342676
178.010307
205.254090
180.628890
189.160053
185.183243
184.781334
189.900421
189.023104
176.235801
188.117883
154.777078
180.202713
159.798246
161.703651
156.912267
139.223136
148.887277
150.037778
132.620296
157.166472
137.985427
152.093114
139.164159
140.951600
140.128919
149.289597
142.453529
156.388271
141.462277
158.299928
151.969320
145.848326
162.304140
145.782250
152.507490
151.227340
143.247705
155.471372
147.455613
159.742760
165.038957
155.184125
167.914470
149.826963
174.314617
176.243482
169.304206
177.474940
185.805971
172.503623
188.941703
168.329872
197.565978
181.596835
179.384500
175.585998
173.013514
175.195620
182.998047
158.228037
183.372895
171.283872
180.017130
174.778530
178.954757
193.231003
186.533150
177.142600
182.467577
159.638740
168.340247
150.970936
143.159251
149.958681
144.111962
141.699254
141.522936
139.928316
144.845294
135.793654
131.422267
126.213068
108.617726
126.090439
112.866978
136.593931
144.186243
137.416634
141.827530
137.229020
121.448043
134.989725
114.455515
133.654072
129.656418
128.904735
139.135144
139.361127
137.913338
147.160885
119.591555
151.800438
126.308165
134.156186
124.575248
108.744814
119.493784
124.876832
113.199684
139.333178
121.129459
143.775600
131.393533
132.915059
144.260937
130.046085
131.597427
126.223592
119.110392
137.785420
116.804254
122.700942
131.276275
111.786289
131.245670
118.382830
129.585381
139.402489
120.075135
118.721800
119.898241
108.288787
128.496558
118.226319
132.320546
124.829016
138.549007
143.197263
136.485557
136.304120
150.424789
126.480544
149.416801
121.965419
130.458237
121.853600
120.448329
119.743315
112.994074
107.045421
126.291629
107.907592
120.694487
114.595823
121.121775
130.076642
131.155077
129.768347
141.655579
126.703076
144.035470
137.681061
136.253705
138.347879
123.646058
155.017812
138.102773
142.145002
140.945728
129.395700
136.836779
123.906749
121.741574
129.896762
111.175372
120.087938
108.198634
116.441642
118.595385
112.102572
101.812530
115.774122
92.134744
121.707182
102.148871
105.785571
102.558470
101.927767
102.636103
104.257748
85.302189
106.564861
84.081427
108.452361
99.483442
105.505913
120.335596
111.193870
120.600982
120.055723
115.578948
132.199896
121.754587
125.979651
135.109099
136.230152
156.424744
149.104454
165.594474
183.198971
169.936982
181.820010
176.178150
171.419733
187.107525
168.236756
187.473156
172.344412
178.860871
173.923964
174.199113
182.303944
195.843280
169.520455
194.632465
174.427939
197.599168
177.098657
175.059685
174.159070
171.590322
164.137471
172.035289
137.705191
155.932863
124.660096
139.911109
132.858046
122.928798
116.021754
116.596927
114.090400
122.218882
97.303271
111.578207
93.375573
90.429937
88.439490
74.865953
81.821421
69.304387
66.652675
82.126111
79.266264
84.444141
94.925074
88.228401
108.527096
84.667432
93.195008
77.559250
72.840418
70.304574
72.996505
62.620735
82.918121
59.171595
90.086003
62.726337
70.733612
84.592546
78.984706
76.863056
77.120107
63.449070
81.753227
66.225367
94.136150
84.484894
94.815516
102.280818
97.965192
100.173303
118.966091
104.003649
118.752798
115.078732
131.300626
129.127557
117.165173
127.099603
116.548607
104.547864
111.952298
99.482884
105.038295
104.296073
97.563070
114.009683
85.275443
104.812626
98.390114
99.670651
101.413644
99.033556
101.596964
116.410806
95.915558
120.932680
109.823186
120.864558
121.795123
130.573463
134.253540
134.689150
119.307156
131.871114
107.768037
122.199450
102.836891
100.639315
93.650180
92.305208
90.518882
98.156030
85.545398
98.647027
76.181744
88.938208
73.348216
67.596735
72.315038
51.844122
48.410076
58.389302
47.221652
50.753929
46.478507
27.375150
42.177353
24.160882
32.853126
25.800428
27.731173
23.173020
20.626258
11.284808
30.967820
12.093936
20.138525
9.796679
13.618663
14.018313
12.811245
9.331804
3.215511
-11.790461
11.560642
3.929778
27.277622
21.923686
16.353931
26.806602
31.491719
25.830165
31.214110
7.236259
27.655229
15.946158
8.624096
5.636565
8.559892
13.848514
21.880401
20.831561
23.397764
19.981999
17.457046
25.213650
12.903563
20.744325
19.564286
24.294425
19.574971
12.600698
9.442147
22.644893
9.262008
12.121312
-2.413236
25.138194
17.973395
33.043096
39.669479
41.441079
37.968484
53.905331
39.451181
72.936650
56.109879
72.731033
68.922161
69.297308
66.033378
65.828235
60.137356
73.624596
47.447157
58.124772
60.101145
66.510973
75.541967
68.316530
68.400509
70.429423
64.153152
91.925456
85.735347
81.338633
85.962280
71.561602
91.375180
79.823100
80.529546
86.518254
74.241193
91.473408
103.453458
91.353424
117.277386
94.045893
108.440915
94.659724
89.677569
86.254646
85.145336
72.413962
71.429149
57.429892
76.639409
48.682363
61.348851
57.431503
52.657713
55.221645
55.749933
47.686334
74.677692
57.643104
80.065963
76.550903
66.761358
68.543826
55.151821
55.217194
60.060814
32.769242
55.650932
33.189575
47.066978
59.042123
33.719151
56.203243
27.078232
25.703642
31.726848
15.666329
29.048452
37.993227
15.970969
26.959601
6.984045
22.683823
4.250735
7.566132
3.431509
6.549524
-2.164002
4.358881
-19.407624
13.701975
-2.313613
5.851294
9.323440
8.603180
11.322758
23.842812
8.905245
22.876385
3.338827
17.818286
-3.715317
-4.949645
-6.455994
-13.689068
-6.842945
-2.532026
-13.296155
2.106500
-15.077375
-27.883370
-32.054343
-47.403495
-39.301191
-45.526886
-50.268358
-41.582051
-54.932973
-48.871331
-52.902457
-67.561562
-52.351532
-65.435363
-51.107502
-64.033785
-65.829075
-59.231131
-69.296766
-73.851525
-66.934927
-85.304759
-68.987953
-98.874490
-84.245847
-84.847286
-86.944319
-80.302894
-66.692273
-72.143143
-48.697235
-72.280963
-47.985158
-60.248945
-61.534648
-58.355143
-55.953943
-53.237419
-50.643550
-70.585015
-58.517034
-62.577499
-56.332650
-50.086340
-59.138389
-48.543716
-58.164812
-51.493431
-45.405316
-62.161204
-47.148517
-53.821247
-69.123373
-61.829573
-78.373340
-69.951814
-71.505280
-75.784137
-62.990636
-79.214435
-84.360614
-76.176989
-85.639182
-55.471370
-71.706381
-57.076662
-60.946992
-62.332849
-54.778898
-59.787948
-61.319385
-40.950780
-58.701670
-46.074442
-53.735187
-34.494905
-49.007210
-49.125824
-36.892997
-37.956857
-62.357773
-40.871856
-64.605545
-48.398802
-59.328132
-55.367632
-42.902274
-53.332409
-49.191130
-36.541747
-39.083087
-33.168398
-38.337958
-34.498833
-19.114131
-32.683668
-11.500221
-29.490307
-33.514540
-29.262906
-38.644996
-49.543421
-45.022272
-58.407218
-40.275715
-67.183740
-53.206038
-50.953339
-56.695862
-55.728044
-49.466477
-57.599458
-49.345498
-65.354071
-25.112461
-57.401731
-38.961577
-28.786663
-36.695852
-32.453374
-41.601811
-51.177824
-39.790099
-58.667137
-38.354921
-42.666466
-46.232037
-41.265772
-51.159282
-50.020196
-44.406042
-51.389231
-49.310823
-58.159264
-58.641943
-52.765304
-67.293186
-61.576408
-69.150004
-66.852657
-55.976292
-71.669193
-60.564930
-60.871285
-78.618343
-43.476983
-63.939630
-59.692344
-65.413707
-66.625001
-64.497476
-63.422416
-72.901006
-50.497593
-61.465276
-38.282676
-59.443403
-53.674134
-48.320260
-58.693932
-60.906437
-57.224361
-73.274547
-48.653749
-69.692021
-66.722149
-72.905928
-73.718446
-72.981370
-71.596861
-74.602216
-59.213687
-72.659713
-47.952289
-55.186451
-69.906019
-47.003753
-67.233671
-55.364588
-68.834248
-66.384218
-61.016187
-66.712847
-58.064097
-49.232371
-57.651019
-40.878051
-60.362927
-51.271651
-45.644709
-51.758013
-55.589910
-51.520418
-68.645035
-53.792095
-72.536103
-40.775852
-62.308284
-47.242269
-44.336745
-47.212073
-53.846351
-32.280972
-50.378095
-26.632408
-49.655086
-38.357410
-26.734306
-30.894835
-15.632483
-13.909215
-29.771259
-14.610831
-26.985255
-16.383573
-37.538770
-19.059249
-15.256021
-39.575778
-20.919365
-22.923062
-8.272569
3.825202
2.272759
1.245997
13.298866
7.108791
25.958024
0.380466
-3.697728
5.491820
-10.302481
-5.564867
1.396354
-10.413900
7.156588
-14.422661
12.192927
-4.486507
-7.201198
-20.136923
-13.324907
-19.614775
-14.711298
-31.549600
-22.762452
-39.624252
-36.175826
-31.300159
-35.728633
-25.915569
-31.106361
-30.398962
-10.909334
-32.233965
-10.374403
-17.128104
-16.476093
-15.084193
-14.904100
-7.294241
-16.879131
-20.322720
-1.788130
-13.408667
-2.804140
14.390097
-3.736489
11.460229
-0.663711
16.239091
22.179859
20.479442
26.110764
27.450051
25.045144
54.310689
38.301062
58.271274
51.557385
56.061711
53.736737
51.634372
58.135694
67.547798
48.745685
70.645939
48.490154
73.659932
71.405140
58.312185
74.005853
72.973586
59.565482
78.144478
51.091967
64.774785
52.522750
51.812786
52.303482
37.272698
52.509363
48.114542
45.511094
52.348920
42.098999
57.021345
66.468054
48.135166
57.112628
39.355208
47.358519
43.219618
46.714254
45.015164
49.592246
61.367737
76.020026
53.759736
76.024314
57.939871
60.203376
62.200004
57.349630
56.883309
60.112475
32.667217
54.533650
33.297439
54.290404
37.887897
47.291598
52.825374
45.662125
44.049417
56.758305
37.554799
51.536537
45.564401
56.838004
55.775666
49.819697
70.701007
74.371826
70.848852
87.604952
81.969439
89.311514
79.868546
74.911567
83.843423
66.374814
80.611197
61.616244
60.619464
59.339858
54.340154
56.528411
58.341969
33.382801
54.120956
39.755829
54.604999
50.788248
47.656038
63.895802
53.708217
43.431375
61.841478
40.337413
62.009026
44.840744
56.540116
50.169008
55.164374
48.703732
55.160208
46.552547
49.233142
41.456598
62.342878
52.996504
58.403454
68.570121
46.461576
59.861026
59.653748
49.205024
52.813106
44.436574
46.328933
54.686729
42.566171
58.735805
41.107989
43.075281
37.788675
24.596698
34.460974
23.229738
14.946553
44.311657
21.925788
36.163161
15.645413
16.361648
13.465776
19.912633
19.073647
32.669491
18.599336
38.294960
26.604204
37.044208
34.807062
24.904430
43.282139
44.733277
51.091202
70.373059
60.834961
89.090024
74.772036
75.875785
78.575179
66.607529
83.753641
91.407181
80.178433
96.422778
82.611004
86.299319
93.577315
74.581193
88.636601
74.291930
70.599957
60.185064
54.864399
56.232083
57.528237
44.730222
65.984008
36.410359
52.244685
33.184560
39.118381
46.299148
51.441752
56.294146
68.119797
58.164542
86.755334
60.372333
74.081339
77.328017
77.010797
73.064377
72.677122
66.310983
70.828670
49.584939
67.522182
47.043115
50.803738
42.078556
39.491725
35.665035
42.178569
28.912817
42.614031
22.821291
23.456046
14.317146
6.743418
18.684715
10.964018
9.997880
14.508064
11.531381
9.079857
11.510174
8.166222
24.208759
16.305654
37.877123
31.288328
38.392067
35.758306
36.544164
28.977397
38.048551
14.294539
39.166067
28.883087
39.802289
43.681775
45.174649
35.388850
56.225062
47.037765
60.968088
40.526430
52.482476
51.528845
56.527426
45.842633
56.104821
54.700031
66.181983
64.634192
74.651698
61.854195
66.725199
83.341281
72.697824
74.579249
71.006463
65.104640
65.211890
57.010168
54.138829
50.896301
47.590458
52.972742
33.755169
30.936272
25.703526
23.943135
29.823167
39.749659
22.797935
32.691357
5.494803
19.210325
-2.934110
-1.704161
-8.407867
-12.759545
-13.395225
-7.309011
-25.324121
3.225109
-13.433207
-9.129466
-15.084740
1.219899
-2.874626
-7.943130
-1.105349
23.278862
10.106852
33.437341
14.508275
13.982841
17.519667
18.207940
17.783468
19.728812
17.704580
20.150172
17.539479
27.634831
41.957048
21.560217
48.612925
38.208444
46.606044
42.128147
46.896278
53.608487
60.292051
55.314224
76.102189
61.471149
87.566755
78.777440
84.307004
79.328396
81.426737
74.999498
105.763902
98.588522
121.015032
106.453730
117.737949
115.855088
108.695976
117.182890
125.946212
107.134267
124.350620
97.599999
121.461291
116.476295
111.258078
118.208361
96.148573
96.942830
105.968627
89.582554
93.483859
84.468840
92.552041
104.034609
79.210264
95.827274
87.992133
94.915316
98.285990
82.196400
91.520622
86.620884
82.371272
82.506549
59.235486
65.253531
42.221658
49.405910
39.296487
40.584730
31.067338
28.931766
10.981609
29.478592
6.430518
17.117728
6.462771
5.858822
-2.368484
-2.617758
-16.464560
1.065520
-3.938290
25.971610
18.257675
13.322372
31.087033
19.113602
30.104356
26.933763
16.066684
38.920398
20.983860
33.418224
28.136603
19.718113
39.319334
27.266098
41.000277
44.741979
33.991116
41.612670
35.551222
35.169638
44.635962
28.128007
47.280651
25.548262
45.933051
41.820074
35.948974
33.041256
37.091553
21.566072
51.091774
31.769186
46.762788
41.987753
41.633128
41.891423
27.565933
9.379806
23.223024
-3.502373
15.989334
-12.652256
-7.880006
-1.356986
-3.383178
15.969727
19.590487
18.872111
46.419006
25.717440
37.555504
30.423525
31.761995
57.730325
37.560637
42.027067
45.644811
38.911307
42.294125
36.021662
28.121995
38.605509
23.552506
50.725106
32.943751
41.936745
53.028972
42.622586
38.149452
42.036257
32.113551
55.958861
23.783855
36.969380
27.495446
25.405375
29.314495
18.622309
12.473005
26.544449
22.287355
40.348761
15.801179
29.570825
29.759661
33.397112
33.875560
31.706922
35.101835
47.856616
32.144472
58.371200
39.051549
40.693496
55.485942
41.494539
57.317182
48.619144
47.654767
65.468708
66.791595
66.525175
72.025768
49.364201
78.382255
55.994689
57.475050
52.012793
39.302823
51.838020
53.717938
36.733938
64.431838
41.378384
65.639618
46.095339
50.308011
55.658517
54.589080
63.301309
66.855384
54.158792
65.432766
35.179361
60.257686
46.440720
36.373348
45.415800
37.663067
28.945002
40.702132
23.333685
43.225232
35.862978
38.193466
43.008732
28.197415
41.883359
36.161863
39.860194
56.807120
37.176616
43.341346
44.798321
26.621545
45.817300
19.468588
27.267214
23.134965
26.878867
38.271014
41.947110
28.320680
60.244164
25.964502
45.431829
36.621789
35.190284
40.901686
36.584556
30.841068
45.890339
29.904913
47.880371
32.308291
51.690648
46.494337
43.603729
43.777520
53.859723
53.889005
68.098021
48.387553
79.806380
67.538331
75.301574
90.444494
77.225034
89.914220
85.277736
74.759692
77.405955
54.296924
57.210440
78.183647
69.412918
85.341056
65.450312
73.417494
77.240792
76.564865
71.798083
81.593569
60.815878
87.127418
71.002301
84.560143
72.908942
69.606155
77.012356
76.004921
76.419218
93.417686
75.911904
97.743574
81.088288
97.445913
93.486257
82.986909
89.985837
81.740281
74.728677
102.261212
89.479024
102.972936
98.416634
100.479586
111.564184
98.191369
104.166387
109.092963
95.085439
107.462614
92.294674
99.312401
114.477625
110.066162
125.872272
104.216556
106.243046
105.934367
94.314481
105.622634
105.034714
92.300753
118.974916
90.112247
105.287375
100.952434
103.255089
105.243644
111.108773
112.550877
137.651311
114.991973
144.906965
127.698942
135.849683
127.813894
130.390924
132.901444
135.750414
123.319934
146.573687
128.223687
139.950660
128.243727
125.782140
138.049697
125.816469
130.372019
145.974306
144.749553
167.706036
161.864714
174.619585
174.001994
161.772948
173.702360
160.560418
163.899596
161.187854
145.196278
155.090266
163.639795
152.295281
170.790438
141.303912
159.500068
151.978142
146.951509
157.429877
149.603892
145.039533
158.068893
135.871112
166.061869
157.638583
164.102338
162.541988
172.204377
172.837999
176.066082
164.668078
196.756530
175.277074
203.363171
193.817298
199.128498
217.317542
193.936235
188.786850
188.881191
175.326791
185.573461
168.939709
178.421866
178.724046
176.996928
184.638285
178.725456
180.121159
189.468067
183.144559
198.806346
197.938499
194.713448
216.461611
192.691612
223.832406
197.948602
192.770250
188.305181
176.030507
178.485813
188.705049
175.342950
195.432061
169.612908
192.760385
185.060394
178.332604
178.230338
183.704957
168.921521
192.529472
173.996537
191.190008
183.624303
189.013880
185.174127
173.003775
175.553881
175.969652
164.318605
192.905425
176.054812
186.462981
189.860244
186.071699
207.263960
205.368429
198.771028
206.576200
202.636594
211.578279
212.035696
200.601956
203.730824
187.237986
207.456550
204.966561
205.146943
202.121633
194.796234
199.710163
212.047699
192.944041
216.638755
187.045569
205.771715
190.601427
187.401486
180.424194
188.237428
176.935002
189.536482
161.094988
173.249771
152.518547
155.196298
140.850372
134.564543
143.296236
136.147058
135.671063
140.650582
112.172827
119.224839
106.725846
104.928337
107.656629
105.180101
114.372421
120.556878
115.631262
123.410937
106.940609
106.606799
119.442053
108.017535
124.516804
122.409886
141.932806
139.522763
152.096351
154.456509
160.311986
159.723509
181.560739
149.801242
172.445876
153.279311
158.077726
161.435529
152.052032
150.203937
166.541456
142.982321
164.172078
139.263547
156.790793
153.366957
156.425122
158.742267
162.377834
150.793693
161.742334
146.434540
159.589485
151.806267
154.349454
175.679347
165.023232
181.731951
176.168680
182.174304
190.319455
185.398083
196.084710
187.922869
179.681144
188.049879
163.607271
178.064896
173.670243
174.580362
173.369182
162.324788
151.273161
158.290185
143.018381
163.875430
144.991293
158.111028
152.007878
146.839417
161.853576
159.523702
151.556731
186.015021
166.990257
189.633572
172.252248
176.093116
180.050006
165.573137
160.747095
163.499362
146.466770
168.425516
143.915404
155.464545
149.454544
140.071519
145.887259
136.949142
129.471693
142.398865
127.236162
134.658226
129.528966
124.695605
136.839801
114.674526
144.948177
133.379640
142.533842
151.193001
142.764210
139.277428
139.742629
123.385648
146.664393
129.033672
135.809856
126.243370
132.583132
138.512329
151.141666
137.522163
161.693870
138.118429
152.646154
137.717650
148.462431
150.410589
147.614284
143.896432
154.869294
142.461340
163.460573
151.076062
167.288354
169.936874
167.290856
172.350835
170.652184
173.719157
192.256013
167.976942
179.019247
168.952067
156.040126
167.158532
155.201761
165.319931
155.213757
162.528454
163.169456
160.027435
146.966070
153.405462
134.125104
158.712127
143.166301
147.616510
154.207121
144.779173
150.397715
149.822864
137.021080
156.435133
137.702042
156.683276
151.815242
152.765551
144.007210
152.685770
147.160295
156.524774
135.731574
159.591714
135.798961
138.655404
136.558302
132.684532
138.452404
138.419798
124.381908
127.583967
117.689924
123.502580
140.644446
139.062540
144.738201
143.113752
146.137518
148.007192
142.032620
147.767586
139.504648
136.939451
149.276594
131.226541
143.831008
127.987627
140.331182
135.050623
136.460958
128.719100
136.453619
120.464395
135.115133
119.269582
129.374501
117.917540
125.742939
117.801788
113.377702
106.302942
115.043830
88.416240
107.415831
98.925518
101.743170
94.159670
88.586348
92.676452
96.389091
87.363569
97.988808
82.296641
94.340919
101.452243
99.120986
97.469788
89.728860
97.018424
91.606996
87.329525
99.967985
103.653848
96.935787
121.799154
107.705517
135.247037
127.734557
131.036664
135.148215
123.524073
112.797520
118.117027
103.696170
116.745547
95.545850
118.739217
120.642484
124.807015
135.336722
142.498268
132.682166
146.636384
105.377052
140.143919
126.340217
129.335980
134.714351
133.123494
123.853546
128.837813
115.116364
127.941986
100.422284
115.387175
115.046072
103.112919
105.964797
107.875758
101.833702
108.041587
101.180370
119.375342
110.589863
90.586997
110.385417
94.776342
106.841120
101.757220
92.331248
107.262219
106.212278
97.506194
104.992623
85.204248
114.526017
81.813953
93.181662
90.284805
87.966484
93.107101
103.911164
91.278721
109.260708
91.828741
119.618133
92.335844
95.879902
92.153101
84.770266
87.259298
94.383874
80.325319
96.585826
93.723444
97.906022
97.344975
93.380743
97.585125
91.430524
90.523637
92.792731
74.064676
79.447410
66.263394
56.197641
68.950905
45.351430
54.034535
50.457521
36.777044
51.184227
48.401887
47.509636
50.677273
36.028588
60.385332
33.719392
47.692341
39.698732
41.778199
45.005595
47.868321
36.983429
53.887314
34.856804
67.602989
53.067050
51.028712
46.267614
37.733356
46.557861
53.830804
31.357109
56.670011
40.499082
54.214779
56.825094
60.054063
64.185538
56.930209
57.447835
62.227447
53.974621
69.152135
76.985214
78.656057
78.282045
60.462392
83.006611
76.791587
74.147069
80.818301
65.737321
57.746629
71.909341
43.688762
73.883355
60.809452
85.614990
86.528872
91.463998
94.452725
89.814814
93.672778
114.629145
90.038971
118.612241
93.892447
98.678726
100.485536
90.911174
95.799369
98.450254
87.904406
106.993128
78.568104
91.817924
89.110187
102.559581
107.237505
107.249437
110.939269
123.966959
106.811069
127.078045
116.191575
115.874715
127.612190
112.563464
128.913964
125.100169
116.454653
125.928930
120.535868
129.054342
131.523932
120.991059
134.139458
110.573640
132.823610
128.963014
121.459552
112.518081
110.636801
99.126282
117.363112
84.483863
108.721417
97.458191
102.085690
111.246276
110.730539
121.193889
129.376549
121.448644
144.508657
116.973873
134.731314
115.409190
109.557980
118.089972
106.101614
102.564883
93.699993
76.586485
91.117452
67.600267
62.270471
64.898679
61.128532
73.344419
58.030099
63.846918
76.174917
60.847151
72.734078
77.783881
88.773105
111.015574
101.561388
130.766982
132.145011
133.495458
152.617746
165.450188
156.937285
167.191457
168.783524
193.523735
163.866468
186.383032
184.339783
182.209526
191.749459
194.215541
174.872439
194.342302
174.033921
191.135486
174.903700
181.436466
188.024270
181.183379
178.327678
180.110917
155.112357
174.895904
161.499789
171.217582
171.403744
161.848358
182.355159
172.293095
185.176780
176.296896
169.682251
178.253721
161.700264
166.355763
169.336216
155.005092
169.521480
163.827332
167.122627
177.613669
173.138501
178.801144
182.413355
165.668297
198.850690
162.400477
185.685492
171.577813
176.526814
182.594184
180.759599
177.856767
195.304215
178.219631
212.094406
193.372826
198.114974
186.026593
181.323365
173.404400
173.077957
148.805995
164.309990
136.613100
130.593512
129.621604
123.449711
122.456083
105.187518
103.119627
104.263567
82.029032
101.018937
101.392704
100.572815
112.968550
84.724363
109.921623
115.276286
113.047425
117.029524
122.425534
126.344249
136.157395
110.439104
131.433251
108.147013
121.727633
110.787167
96.842633
103.243477
110.109468
81.764031
119.010740
89.106198
101.390698
83.274896
81.861207
89.556178
82.791813
80.992404
86.660941
69.876648
88.580713
66.501684
71.230554
63.946769
55.620818
53.219767
48.637490
42.774214
51.267503
35.815064
39.970017
40.121412
44.314417
62.306417
41.260830
55.240559
50.821947
44.066363
45.716299
42.448129
41.330482
61.559902
43.216883
76.077572
57.171554
65.842876
82.119118
63.194060
71.490619
80.570405
58.716202
89.886506
67.155186
89.099489
80.864266
82.121019
93.672373
78.158097
81.884190
86.872591
54.766589
85.381692
62.160816
81.612946
77.815127
61.244561
78.811509
75.921962
70.654500
93.758459
77.222521
95.217621
96.938009
81.292898
100.598632
90.425757
95.844043
105.001992
105.923210
119.390422
107.037758
106.347339
116.856240
107.662894
127.650948
116.197989
123.713751
130.420030
122.244963
122.001697
122.138989
106.051337
124.337013
101.420755
130.837187
101.114215
111.317269
116.845425
121.903849
118.011674
133.341232
112.693027
138.239887
122.989629
118.620055
127.646648
112.179602
123.388502
122.265894
123.016256
144.353499
121.616486
134.112615
129.321327
137.224884
149.315238
132.124960
139.084066
127.209203
139.943622
148.876724
148.000665
154.292832
160.962071
155.376898
175.998030
163.760395
166.194330
159.886172
165.046843
175.407083
193.040839
182.639772
197.936925
174.370472
203.235312
183.654555
181.589142
192.120562
178.191092
183.611723
199.066973
184.528066
215.823720
194.321539
210.679190
208.355362
194.959037
201.138651
192.330785
174.841227
185.679170
170.416636
180.086463
164.941206
157.057654
164.026697
148.363430
146.189543
140.380621
127.979129
134.825121
133.531495
142.951558
146.099216
132.614497
165.399662
157.292811
166.549656
160.728626
164.428272
180.369516
184.980516
172.395224
186.667378
169.988547
188.369380
177.578215
181.906081
174.164328
176.099176
167.716710
170.545144
163.312880
185.421963
156.108758
180.811957
173.139320
184.900194
179.535414
150.748948
140.364743
148.190597
126.133529
139.930268
121.530488
119.787401
117.422172
102.621470
110.125831
105.430979
117.862132
129.385354
125.740147
131.394772
129.414162
114.016386
128.573062
105.776653
117.689951
97.331482
101.998138
104.004669
103.671071
99.873891
112.099441
93.185059
108.428351
79.239592
102.084754
96.319958
94.760387
105.180512
102.212957
92.071601
101.194630
83.728063
107.454418
89.604329
96.990967
92.733357
101.609564
104.864141
110.539452
85.901737
96.402897
82.002033
96.536353
85.014275
82.466678
100.666275
97.051517
107.100474
105.126159
97.035795
108.915654
109.810769
112.347966
127.548718
116.706778
138.332663
135.696873
153.601854
150.408368
150.091965
152.904228
165.135511
150.814660
163.558205
130.866443
146.003476
140.045990
141.373744
144.045947
147.578051
141.445011
142.847912
118.610346
152.258205
127.512361
138.521734
135.528310
136.602514
145.440698
142.781054
124.053938
138.427351
113.786220
121.187050
114.258468
122.398047
120.630312
112.295718
109.629673
106.266970
93.586697
105.367508
94.835787
89.575501
103.022004
91.613699
111.102984
101.358171
107.532685
92.165785
95.146474
86.252365
88.918886
76.500330
93.345450
72.690004
86.209390
66.964161
68.414052
60.990579
54.371897
50.239959
72.992336
58.404382
76.597819
74.260802
83.113229
75.702061
67.060286
67.057692
90.077820
70.936600
98.369117
82.362107
99.934499
92.779613
84.516342
87.775050
87.263837
89.597447
91.392612
82.955354
100.819480
84.505632
80.230164
90.277741
70.998399
81.958768
77.717665
86.678236
94.821182
87.491962
85.343837
105.896205
88.688004
105.034318
96.413683
104.320719
95.717847
98.353977
92.566492
79.188612
84.928379
103.464956
81.945898
103.515269
76.975408
87.607038
91.567099
88.141831
85.058340
84.889805
72.267189
89.876456
75.715491
92.829031
92.536891
83.847980
94.838747
91.526103
86.084682
111.580980
97.160999
108.014480
117.363052
102.945566
125.135605
106.582861
109.401401
118.846078
108.686015
117.723384
111.013715
110.590314
119.357341
97.612243
107.084395
105.798760
108.969168
110.477293
102.588967
97.355397
100.366706
85.696561
108.747576
79.929468
99.834832
88.407960
79.683817
96.883620
104.238256
87.290742
102.796815
81.195478
104.320491
89.139160
98.476557
92.618092
84.474603
90.964234
96.362667
79.639082
96.840792
73.347235
91.696097
95.245899
96.926818
112.883493
90.514139
103.303873
105.359077
104.403531
105.757146
106.899782
118.114483
137.076452
115.844454
125.438363
124.958721
117.967667
118.497673
111.244691
107.919498
110.161087
103.771384
127.190161
105.849811
133.942715
115.800726
113.407786
114.549658
116.791842
113.035720
131.196621
105.668920
120.744836
109.540988
121.003879
122.926389
114.076532
108.016757
112.423147
104.203839
128.494577
104.062685
113.665753
114.476619
101.934306
122.968149
121.949706
126.460288
119.204203
107.793046
128.375532
122.660255
126.130800
129.653271
98.279684
114.970472
99.131403
105.727506
104.868539
91.820834
87.518889
91.559033
75.544412
104.609278
81.319496
102.218039
85.553184
97.782980
101.621105
99.826030
92.866807
107.104993
85.266940
105.020090
80.011991
90.232719
80.654606
70.978083
77.756797
83.626311
67.681247
77.998756
64.722676
85.344362
85.824803
81.710498
78.994712
80.137252
75.825751
76.073402
63.542722
76.955795
60.550234
57.083519
70.925681
55.579698
75.171491
53.502118
61.796027
58.160190
47.377143
52.938383
39.828026
28.445052
28.286608
3.832961
35.595210
21.589538
28.866684
27.064153
22.037269
25.142008
32.745042
22.711078
60.143777
40.416408
70.920058
72.298464
71.706722
78.982203
77.397405
79.803096
89.758119
71.948882
92.565926
81.688005
93.615827
94.485176
94.796866
101.485301
94.306827
89.521895
101.435336
81.077278
87.566892
97.716736
94.289059
114.736809
99.297122
100.363507
110.639256
89.991925
89.780559
86.863291
72.093016
86.810187
76.120419
100.649656
71.850965
87.223432
93.746947
83.142191
82.921085
82.559643
62.440641
73.875147
46.359644
63.599004
51.822687
55.717393
61.440936
56.429494
55.703896
64.385417
40.531684
64.706258
46.942557
57.482862
54.047542
43.944538
49.881156
52.667242
48.343503
66.489746
55.951368
76.428401
65.071567
56.263647
73.427135
60.546187
74.895552
77.301325
85.472555
101.399199
95.140752
98.093774
114.859911
100.437280
131.857711
119.924001
132.221591
133.301877
134.301373
135.266665
141.991274
132.304214
161.733311
136.668468
158.171988
152.452619
154.779168
154.500973
142.904614
134.349477
145.780687
123.781845
157.852835
144.700886
153.351217
148.138976
151.442987
157.857540
149.215987
133.320232
147.039020
130.919375
143.688265
141.375958
138.014855
151.388878
133.198604
135.237177
138.876760
140.097061
140.671796
141.224951
154.382480
159.837177
142.536972
172.839376
151.312174
162.703263
171.855884
173.112089
183.364768
185.485980
165.822609
188.295913
155.048167
182.464009
163.874221
170.842647
169.395240
167.080345
172.525447
169.167680
145.269738
169.916425
153.571110
160.549362
155.247084
149.181905
149.586626
157.496654
157.352041
179.599357
163.282939
181.862440
172.353721
173.636341
180.628791
160.850376
175.435599
173.022981
164.815806
167.640376
160.804052
163.387738
176.228183
155.712905
176.627853
168.559297
183.307623
179.810765
193.918690
201.473177
201.214551
200.204291
217.525075
187.536094
212.017097
201.159262
204.923126
214.984389
202.281606
205.980588
215.605263
193.566666
211.012562
190.571784
200.911611
185.883128
175.927114
184.621692
183.038813
163.305539
175.838693
169.743706
181.420726
173.822425
172.924789
186.922776
185.826438
196.135588
206.435944
202.363302
206.080836
197.216467
194.740533
204.052947
181.749906
208.856643
188.251223
187.785476
184.223909
178.930004
179.922477
172.405474
154.320226
179.851687
161.724644
179.808542
159.548120
159.338771
155.525296
153.686235
139.000232
151.019141
129.151239
150.451328
132.437223
143.334427
134.212569
140.795473
138.205334
144.175150
132.121364
136.318594
111.117343
137.804298
144.714452
144.370077
155.898229
150.228841
151.595676
153.281423
128.910524
146.532542
123.924264
123.936397
124.727854
108.473393
127.977361
115.907835
117.410138
117.237813
116.212200
119.816821
128.682785
119.423680
151.535093
129.718790
160.306835
148.702163
143.122425
152.623364
159.000350
148.291091
163.059307
138.452197
153.870188
139.474199
152.355437
146.121662
145.917490
143.241299
133.072476
111.616845
130.004848
110.657377
135.742170
122.475300
119.777426
132.898139
115.797244
121.157490
137.201344
133.874643
147.924489
135.797923
134.493546
142.547308
131.079944
150.496056
138.914063
144.039748
143.418686
131.458827
133.889470
136.024441
131.152912
151.487471
127.648928
150.877419
137.994861
147.203625
152.597735
156.672421
151.518152
158.358491
137.084190
161.324598
153.831060
162.258530
149.857415
152.052223
153.818424
153.168454
143.927958
159.026007
131.317092
144.170050
126.488756
125.089204
120.340357
116.980382
126.559437
129.761260
120.487629
137.877093
118.661935
125.409928
123.256924
117.209449
128.031047
110.655515
117.914589
119.822543
114.572882
115.638405
118.413737
116.459741
139.324673
129.818932
148.252755
130.324326
131.556334
138.720486
139.468144
135.230554
145.346932
129.580171
147.266706
124.937899
139.803667
127.907937
122.321028
111.033920
112.794737
108.259445
110.365212
92.710806
101.623461
83.162991
95.272161
90.868532
82.329885
89.739275
86.379964
79.758007
92.019537
75.328086
81.531496
77.558436
80.096842
95.068060
86.159279
101.867066
103.756184
103.776421
113.648731
106.133200
115.750060
124.518294
89.449177
115.128423
104.618242
108.265857
99.861609
105.670911
112.184892
113.946423
108.979401
116.257367
89.195467
112.925724
85.969474
93.318944
86.049602
88.655357
92.049612
91.676179
87.973889
104.956634
66.733685
84.242400
67.267953
64.550288
70.056025
67.520693
59.993644
59.867657
47.382141
61.591014
55.216724
68.081156
80.672898
77.195207
89.185357
86.216451
90.955258
99.605001
95.350527
102.420784
97.927269
78.389726
100.478187
86.153584
96.238069
94.403272
94.984475
101.066223
86.153705
88.782001
101.495703
80.454214
95.110508
78.262317
96.627716
79.879923
74.898532
79.135732
87.473086
78.318400
98.627381
79.021760
95.226046
92.138041
107.746174
96.791059
97.460482
94.521351
102.714348
90.500904
101.224515
88.367410
103.674239
105.753195
94.205451
102.244920
95.126815
84.080581
73.889602
66.423018
61.860767
73.784550
69.813862
83.157310
76.552661
89.902849
86.775018
79.058560
90.314131
98.495128
81.288902
93.436360
68.704280
90.363378
77.375632
77.074268
75.617243
79.280783
76.172501
90.108823
72.202879
89.275823
77.932718
94.365695
86.281515
96.043896
96.436500
94.808568
86.795875
102.833775
85.182281
101.512359
95.118623
90.964297
89.702468
95.198233
94.458014
90.961489
91.726039
105.830783
83.911739
95.171958
97.867233
81.300476
104.947874
85.157726
96.980738
98.720394
97.494929
94.197392
110.939788
102.131299
119.281195
98.878516
112.443107
103.904592
106.340624
111.380425
107.527693
95.624591
117.311994
82.926285
106.354611
111.016486
110.094545
112.108262
114.855934
113.948899
117.241175
112.840972
119.900408
103.706184
123.013171
118.739519
110.442850
127.235988
121.252452
130.811755
144.489505
134.137851
143.479430
136.418991
130.469035
143.858597
126.642317
127.123645
120.842695
122.859169
120.965462
108.635412
119.347441
135.532442
119.277201
144.169037
134.237614
146.162665
148.601133
143.789442
146.973519
154.095643
150.506046
173.467069
147.685503
178.907846
151.907811
165.683378
160.974627
160.658956
153.860924
169.826062
162.495360
182.611860
161.059379
172.401856
163.352409
163.462490
168.901699
163.686715
161.342284
169.482219
158.789049
172.762750
158.425819
162.684045
173.473341
153.076601
157.312726
154.700539
148.194604
153.786198
143.444367
148.497751
150.151590
140.974007
158.234153
134.943998
145.662125
143.752672
145.029597
159.500454
156.601131
153.666023
180.006357
149.173485
168.600307
144.662668
158.727677
157.078111
156.917533
156.604344
160.838018
140.703043
165.725388
129.681087
137.173208
139.573054
135.338340
135.675577
127.076336
125.201810
129.379906
110.813117
120.959905
102.932124
123.075651
136.899574
118.334711
132.084122
115.329682
114.586237
127.233921
123.765247
123.439924
124.282314
111.853185
134.818398
105.541366
136.490125
123.289932
117.227949
120.500801
112.968498
99.867294
117.313575
93.793142
117.470811
99.016253
105.736754
104.698263
107.767890
106.370031
109.311376
94.727738
118.497700
101.892063
132.577850
122.384335
128.856913
134.874727
128.048243
121.065199
131.290207
104.509636
124.459817
111.428824
111.099971
111.324203
107.941788
136.596670
131.092307
127.516782
139.985166
143.483265
156.181382
150.409744
150.572393
153.638878
130.115829
144.627109
129.400718
136.456795
147.005817
141.127216
143.291233
139.723242
123.563086
152.740864
129.380810
129.474328
132.000530
127.534553
140.625849
152.059110
156.905545
171.482452
141.752413
162.403132
155.861933
164.876604
166.968143
163.935790
168.323425
168.308861
157.073896
178.468297
143.961907
159.021294
158.133455
140.478906
139.676448
128.594085
123.484841
123.795558
120.515325
125.437906
120.984174
117.709931
134.298265
107.962485
134.300949
128.103372
142.565379
141.359806
126.610034
128.322267
127.575272
107.331989
136.337065
115.228637
125.504111
112.676121
114.745213
113.427290
115.829756
99.638406
119.370094
94.154201
116.336485
103.089660
115.504797
105.906560
103.161085
107.450661
113.400911
104.746944
119.488516
96.119827
107.853531
92.877857
80.891401
83.516784
76.105879
77.993276
81.073810
70.531734
81.688524
71.108636
77.751072
94.776723
84.602440
97.036859
95.479335
102.681430
113.743956
102.162125
118.120866
123.261266
109.207454
127.479126
107.383599
122.535176
112.562245
114.615589
126.647493
126.341284
117.800624
135.283913
113.099276
139.017479
113.321541
122.835616
119.205627
123.355112
136.176888
134.692774
113.476430
138.130220
116.492597
139.358605
136.685390
137.906195
144.195181
148.109453
151.830918
158.676058
146.835176
161.134194
151.582545
145.779617
156.886291
142.059594
160.063534
145.641353
139.669454
147.745993
137.033888
137.365608
144.013198
119.482766
143.198978
122.690364
131.595151
129.076187
128.671001
138.777675
135.068855
114.442325
125.666613
106.833206
124.688481
108.702543
109.672844
108.890582
106.779790
86.786136
91.474251
69.436669
95.738884
70.021256
94.053567
98.766174
90.020526
90.860151
90.609359
91.544259
98.905012
91.047948
100.624816
104.317314
101.830507
116.530853
95.692807
105.143305
101.122056
113.499812
121.478835
113.620974
120.608497
132.412640
114.604311
138.269679
114.379871
123.898402
115.828134
114.847660
124.403473
121.966317
111.487521
132.402593
107.306891
129.025612
117.572981
116.503703
117.783751
113.216684
120.490140
133.775937
113.107370
134.506295
103.858289
121.475108
123.110070
114.546667
117.323714
119.997957
106.699461
123.583683
109.460334
119.389090
114.614767
123.216472
135.828793
119.965269
127.623327
120.112571
119.975662
130.056557
118.704790
116.639420
129.339893
120.521918
134.519280
115.915871
128.844421
122.361099
111.929013
110.887126
115.588056
113.898780
131.173951
105.493188
121.699815
107.822799
122.564616
129.397013
127.285566
119.805966
132.279352
119.402821
123.024804
106.837765
120.720967
110.111571
111.803495
108.263413
101.641800
94.512024
115.030858
94.032103
118.295237
103.104728
113.151191
118.676389
106.343684
110.127908
99.643238
110.774498
113.484390
98.953519
118.507198
97.599824
84.804900
113.113823
89.995589
125.256218
108.964002
96.020055
96.237854
90.249738
87.998808
104.689863
83.133303
100.825520
99.269338
104.830561
99.226724
97.085889
94.664828
91.308401
91.023101
109.529254
86.648960
123.468366
105.435716
112.692016
112.921444
103.566444
105.155049
117.293303
104.970883
132.464379
118.685002
123.954116
121.345880
122.115821
132.277266
131.282076
133.982045
137.036962
128.194151
144.491468
130.426143
137.597708
143.346600
135.102184
146.981152
142.474793
151.547915
142.153026
141.052314
134.410477
141.572979
130.441510
151.497952
125.483125
159.291295
150.687745
149.769413
149.094550
151.739416
139.679163
159.925003
125.669135
151.801452
138.551666
148.781695
145.874319
147.354862
152.201284
157.754898
147.631551
163.248707
143.364800
174.889329
167.960479
166.135633
176.154952
160.665398
161.221866
164.602483
150.352693
158.424675
142.727567
138.867214
137.157793
114.522878
127.920228
107.739324
109.887127
116.479805
110.606562
113.286339
117.364876
99.106989
127.838663
103.343740
121.479663
118.257334
123.519737
120.769872
123.737010
128.497095
137.372278
126.860042
145.251320
126.926307
147.634644
127.443606
116.407700
124.369641
124.654853
111.616540
127.541547
109.879799
129.917712
118.446511
126.755897
133.584719
127.052822
124.233463
122.342928
116.345006
131.396015
122.610544
110.873936
110.452549
104.320174
111.637538
109.738430
110.428920
112.923130
111.644752
113.360983
101.019387
96.612037
118.015900
97.433601
110.317775
103.689757
98.370626
107.144103
108.764135
95.433982
119.675889
102.071965
121.799134
105.335165
102.411970
101.058000
107.233125
111.688285
112.558821
94.778056
114.428100
88.924457
101.707965
90.424299
90.893264
91.626670
88.351529
89.295294
87.093991
74.735136
93.220845
92.949317
93.103749
96.554306
83.009119
104.055945
105.905270
112.879333
109.740586
109.091387
106.137652
113.882165
92.958789
115.971585
104.603611
118.588154
112.748745
122.660837
114.950167
114.074362
110.377464
118.656825
95.090216
120.116401
111.693132
114.864988
106.418676
108.155229
105.106589
111.603317
99.350616
119.027964
95.625605
114.166979
113.171405
111.394513
114.827251
117.841095
110.632890
132.166809
117.735598
138.792465
132.239595
136.750483
136.742956
117.190685
128.694948
122.786484
114.803627
121.092332
114.594984
115.659645
127.096810
116.084785
142.034173
129.845824
143.735635
145.374253
148.445009
135.799612
126.777317
124.315184
163.724819
138.675334
159.946822
150.616403
144.795221
139.033215
131.404376
125.215366
140.299589
126.279388
146.602047
124.134130
138.694875
138.772198
130.189947
143.191547
153.359085
148.753016
162.757955
134.652076
145.323148
140.852292
133.131873
146.812494
130.302246
136.369057
135.184614
128.318383
145.453469
133.098161
136.642429
152.988956
127.000453
139.613143
127.765340
132.424483
127.353726
115.083315
115.036618
132.438251
118.803082
139.850854
115.986541
137.366438
122.552607
128.881779
126.823303
139.233891
140.184440
145.728211
142.201218
167.905312
150.458188
154.273862
162.196877
165.165604
165.180173
174.128361
154.523165
170.387933
150.923532
155.865772
159.922286
163.064914
174.800073
170.092431
161.001561
170.971029
159.566349
165.902088
152.875294
146.965907
152.661119
125.029860
127.462972
115.461269
116.553613
110.303665
104.289598
115.273578
106.232810
74.546401
92.507562
72.422221
100.836872
88.326709
93.350224
98.539685
80.646293
77.215678
84.798959
65.239176
90.533760
53.304992
53.685914
35.203079
39.365684
33.320449
30.814573
29.283605
37.785597
17.451914
41.308562
20.288780
30.022086
38.782257
35.790132
45.197001
42.359177
35.592636
36.600105
36.436171
49.113323
51.672206
41.250639
57.285040
50.462430
66.545711
62.206031
62.859760
72.275731
75.556974
89.435076
109.095895
101.916324
120.106099
99.013439
111.602252
114.979282
113.443682
104.614246
100.639237
88.624339
109.575842
81.552379
99.536020
85.416154
88.314955
88.742537
88.723493
92.617613
109.855346
87.673971
124.075863
105.609053
115.679151
120.940996
107.589382
121.023809
100.958741
97.792783
108.115540
89.472873
101.979398
97.160474
97.733041
103.202415
98.892631
101.802750
84.586056
82.029839
83.008140
84.284254
86.222108
96.314030
74.697839
98.153663
76.405489
91.776363
88.768035
82.238989
77.413626
84.549824
66.388306
85.807940
74.313806
80.714862
85.897013
98.946015
90.860646
90.359791
91.548599
97.451839
79.678496
95.723590
73.885682
90.873605
85.415660
76.701882
96.525028
90.183353
74.744705
91.040353
81.081990
100.456041
94.570044
90.002733
107.158097
90.378727
91.242401
93.618302
85.446776
101.402661
91.935059
92.460078
108.082147
98.230246
110.071602
100.790824
113.497074
111.465244
105.396575
98.987649
104.048425
85.177301
108.767995
91.738139
103.445444
92.362834
82.029553
81.506813
76.595962
69.973228
81.215916
53.176867
82.975288
66.832060
78.573684
84.549251
75.421822
74.130775
76.677296
67.879405
84.868767
73.294514
85.965700
79.820832
72.570448
85.824317
83.739853
99.151655
109.003279
102.676791
123.568705
117.487271
108.099128
121.185033
94.295041
116.216423
104.620251
116.729096
122.816701
116.134408
130.115648
149.261241
132.125054
150.267217
127.190300
142.392531
127.691667
130.228044
139.742974
139.117820
130.200246
158.060238
123.864810
141.544550
126.242227
129.374477
122.680238
116.274525
122.525518
122.679902
109.831202
131.845758
112.087553
128.320522
118.621072
112.961470
135.705892
117.004319
126.590770
144.723434
145.409209
163.049335
159.714614
169.656562
173.646041
151.313809
172.811246
159.419617
148.619501
143.281375
146.986874
147.978197
155.720238
129.146667
147.366958
121.416312
138.247936
131.558179
131.679540
127.358444
129.461965
121.030101
139.727598
111.319323
144.322581
122.209703
134.571996
134.969226
131.442807
138.637047
141.703739
113.146356
127.856471
102.179396
123.073659
109.507556
105.014825
117.223547
95.944505
105.130000
101.739754
83.577512
96.638873
87.586564
92.075807
83.618143
65.197461
85.108552
59.034262
67.254141
68.766141
65.201690
69.471118
56.787627
47.185612
55.046812
29.526695
46.723719
26.330342
36.364762
22.398188
23.271076
24.122836
46.308416
24.161667
53.671152
34.767490
54.702721
50.313702
49.954063
55.828156
59.127037
47.712390
51.522617
38.461145
57.463208
31.913800
32.213685
42.973308
32.649000
34.034666
27.578456
18.707781
28.631774
9.228718
29.756611
20.193998
16.988967
32.979807
23.203290
39.248608
28.839814
19.468573
20.149381
25.748725
11.769727
26.427641
6.552728
31.612633
11.757036
18.421646
22.359055
26.864054
32.396308
39.561865
33.360204
58.562834
35.169396
60.445922
43.125458
51.647880
46.165176
48.717002
40.904633
46.100303
36.210978
39.711333
12.859468
16.294941
8.186729
3.004717
7.290921
-5.068854
-8.176552
4.990862
-1.404763
19.134473
-2.213203
-4.291230
5.429385
-8.227524
3.589668
0.951444
7.868428
18.865782
19.218544
21.955897
29.397718
13.709062
39.424743
19.144884
39.181673
37.026908
39.376728
48.996108
41.157109
15.022729
46.835602
28.081602
55.738920
37.777834
44.005970
38.217247
30.222193
26.183066
20.540552
7.262147
26.561108
2.468399
8.373952
16.581267
21.399391
23.250860
12.691236
13.923398
22.096566
9.727621
17.048924
16.812437
22.215336
32.313282
17.966036
31.899782
33.801393
42.020434
59.964277
70.472472
66.386688
72.567821
53.396921
68.524821
63.068211
71.936862
73.551836
74.230752
57.908538
61.523087
53.925233
78.092399
52.909660
78.779034
70.930605
71.367991
60.128325
62.458448
54.856903
67.052398
45.444657
59.858581
47.224728
50.375529
51.781294
39.141109
32.087178
50.641633
39.678151
44.425898
20.681361
23.482908
22.925189
16.169268
21.680858
7.783591
17.049919
25.127478
7.472891
20.247420
19.933167
16.024537
37.449779
31.484905
46.299821
39.268305
36.963145
35.820821
43.424611
38.240729
55.945412
42.778607
51.179130
35.079518
47.450768
36.609108
33.807052
32.861193
31.343116
10.148210
26.251520
1.108610
28.108709
22.221334
27.734392
40.906428
27.745804
18.461745
26.784504
17.089976
43.865096
27.647199
41.477027
40.874698
47.687659
53.329698
37.739724
34.242632
52.859204
31.420168
46.848797
45.804783
44.251867
53.134807
39.635545
54.241404
43.029803
46.687404
62.022941
54.450105
49.898607
64.577972
47.568713
77.635565
59.186833
71.034020
71.770944
68.771496
58.567591
70.195013
46.413645
69.804675
47.682104
81.644285
82.136850
78.133124
83.979160
87.325890
88.914183
103.120973
92.721136
109.595907
81.719562
96.401095
97.212844
86.042070
96.015952
86.066369
83.218007
90.390938
73.510711
90.722360
78.327339
80.311078
90.367578
70.751295
81.486050
72.720495
51.854784
57.859655
59.648049
50.129951
58.433148
38.289850
61.972714
34.903616
54.540476
50.557081
47.509629
48.887071
48.782069
50.360191
68.300030
41.753972
55.049951
41.224750
45.759625
36.449979
37.443168
46.761535
50.316428
38.288239
57.952724
38.976282
51.543644
42.793910
40.877769
50.075382
45.425960
46.077839
48.806384
32.863549
39.592976
35.810724
38.866155
55.364293
37.676050
53.528610
43.519500
57.672973
49.596819
39.235856
45.786158
51.011637
52.668055
71.643118
45.537790
64.387245
60.050281
62.849103
67.387129
66.067564
62.863885
94.104906
66.529747
97.651856
78.739593
93.131346
89.239148
86.700343
87.956787
98.051329
74.729858
91.558810
74.330868
98.334642
87.676130
86.076529
89.985420
72.410294
80.770496
101.313343
80.654734
93.702607
87.267495
84.586228
87.685814
78.714528
101.018148
68.328354
65.544019
78.289082
54.240114
64.237587
81.305762
65.410018
99.917685
84.650524
105.296448
100.969577
101.853089
92.521421
96.050236
77.942219
97.014606
78.164393
89.500133
68.041860
69.778649
64.141215
61.128160
62.521865
73.914290
51.635027
81.237960
69.112010
89.389352
70.998398
77.817605
83.324954
71.574803
83.565182
90.056515
73.180890
75.771918
62.450918
76.476431
84.728041
68.993703
80.591863
68.053179
74.685781
76.852321
60.454708
73.613424
62.157470
51.495268
68.781053
51.068298
65.525179
67.549775
65.294424
80.945208
81.763886
81.111710
100.868374
75.774626
116.668851
91.635177
93.870432
96.879033
90.596072
96.810828
107.397533
81.079165
101.516052
89.615285
106.141922
94.462703
105.429767
110.056423
105.173547
106.841834
112.534946
91.019147
109.983510
95.583255
101.645641
108.389880
98.579021
113.754949
118.686972
107.774123
126.987947
120.416428
141.670718
137.282021
129.549395
151.750687
135.575140
148.792585
139.526173
144.795046
154.808586
150.372728
156.401457
164.692144
146.087805
176.051015
156.688820
167.543295
168.649499
165.236403
173.354215
180.338516
148.057494
168.241814
150.719666
173.324641
155.073113
150.381173
155.088149
151.771325
147.871846
167.212763
143.908221
169.719921
164.336624
176.939691
177.281071
165.171268
187.706354
178.726482
163.014348
173.757139
163.279013
175.970335
173.398313
169.431579
189.229809
172.705298
181.893379
187.521429
179.961690
181.391232
189.397618
186.861380
196.747440
179.641170
207.151789
192.002773
195.441272
197.152753
197.213914
190.824523
188.876986
179.261870
192.781193
165.704479
189.374817
181.192921
183.018318
179.275721
179.026524
163.324959
161.721677
141.206161
156.043666
142.866972
155.080040
152.860685
136.223831
159.205035
152.914061
134.084413
144.102333
134.933886
150.721742
138.236329
140.008552
150.049249
128.968539
147.076474
141.550399
148.598556
156.456514
154.221559
151.373785
158.338637
134.462210
155.044506
122.182673
140.188901
126.073495
117.943457
121.380520
128.752452
120.009100
136.447854
112.440877
128.136527
110.847909
112.373409
98.818119
95.763363
91.331063
99.433553
89.962381
92.630111
81.183624
105.019097
89.717291
93.101728
92.891286
87.105839
83.151668
85.073533
74.526257
79.855260
64.302458
73.401808
68.063087
56.597369
75.180124
58.784247
56.422153
58.218842
63.433201
74.319785
80.283522
69.100295
87.617251
64.135518
73.543754
74.516076
71.723004
69.061526
58.008802
51.159539
71.636712
59.041577
79.178688
71.701959
99.765087
86.154792
87.947616
87.395531
84.346935
68.829728
84.021579
62.284134
87.599682
77.528620
75.271803
89.647208
87.000555
91.440589
92.008755
85.000465
99.954033
86.680297
95.876241
97.891348
97.062093
116.474557
101.513540
117.670746
113.062452
108.545197
127.815753
126.273763
111.291977
124.479351
100.653533
120.578461
106.150942
107.356021
108.101460
108.151543
105.466969
125.404730
114.249901
129.561872
112.859553
122.902985
127.289117
126.872784
129.705496
128.064472
122.792025
129.016206
113.328581
147.308717
131.990863
147.000296
146.822212
140.544241
140.102737
141.070492
131.304308
155.498668
141.260283
144.721828
139.399290
121.210393
143.243488
133.309705
144.050885
156.241122
148.466408
166.355414
169.857800
170.765807
187.749296
189.476596
195.566325
191.050054
200.964899
200.765919
196.414815
187.236983
197.331262
176.793561
191.679225
187.168823
195.295211
189.098568
205.880673
203.910106
210.699622
202.842134
230.878648
207.933621
216.133759
209.067010
218.992540
216.698113
211.354349
199.530840
207.131351
185.219790
194.261674
189.928647
188.177814
183.535140
181.412477
189.107366
184.249740
181.871503
183.396304
177.261039
169.081765
183.858144
172.067252
181.356583
168.003289
170.297810
170.821022
167.440617
164.761912
170.465654
158.556514
179.030171
159.731882
194.027373
169.487242
173.589351
187.847207
172.941592
178.612334
189.704810
168.013708
198.779218
174.423804
183.043381
170.976063
156.948953
153.455182
158.051780
148.966112
163.955789
136.277250
144.513696
121.789280
124.068035
118.090070
106.294074
106.376565
111.290085
105.541500
109.469274
103.867195
102.294551
109.715649
84.115241
103.023708
95.644664
94.434229
92.685762
90.012219
104.387922
109.022158
92.729662
117.453592
92.303868
101.913964
90.318738
87.960140
91.881589
86.996322
82.333656
87.775930
56.552608
82.717688
50.085919
69.774813
69.244597
60.035114
63.608075
50.190990
52.662201
66.595922
47.854314
66.461798
49.035597
59.872451
73.601382
74.638949
98.044068
99.744560
91.525000
102.570193
96.059306
100.207792
101.256113
92.398358
116.989543
103.888794
96.427761
95.345364
96.047484
108.739818
100.114267
90.687705
115.123300
91.065147
112.269906
94.782507
103.210063
101.356322
96.845211
93.207988
100.317983
70.929501
105.315040
80.426625
87.480752
81.023612
84.604544
79.278311
78.697488
70.900564
87.277073
74.419813
75.325285
64.146075
74.496663
82.550519
72.381545
72.957109
66.730267
60.343007
85.165522
59.483238
74.842730
73.446805
62.791603
81.465321
75.885451
89.841193
77.806942
70.013271
88.089948
74.112487
80.798024
95.327807
74.964568
93.777834
70.978485
66.966926
70.426955
58.869927
65.688925
69.725504
66.178861
85.517362
55.837237
84.915771
72.330018
66.593196
69.585602
79.006536
78.477009
89.159004
78.458934
118.757258
107.665998
110.188427
124.467624
125.253744
143.497683
133.650855
132.703161
148.392012
129.385166
145.353683
143.688123
149.640062
162.061913
134.146535
147.605735
147.366939
141.862647
146.808618
126.024145
129.161124
141.201580
116.626121
134.668157
112.129138
113.810733
121.037763
112.916086
115.078841
104.784874
86.569484
97.374616
73.388052
89.707853
87.623176
88.933054
79.236793
78.075440
74.049111
87.421873
62.165801
90.732685
63.681203
76.927497
64.360376
60.096201
59.314543
53.415083
52.084068
67.634462
40.254817
59.557891
50.308095
40.354829
50.016424
41.843388
65.188458
58.763443
63.628000
85.080661
82.009697
90.650971
97.726065
79.204597
103.124895
85.451780
96.336159
91.390272
87.544244
78.372531
76.946716
67.613912
77.129499
46.991240
61.627070
49.377603
60.671999
55.942505
49.954414
58.595977
63.746794
36.309370
63.202685
34.646159
42.592952
43.831636
32.200060
38.871114
39.355411
30.189171
56.811889
33.068759
56.148903
49.785466
54.868605
75.543647
57.262787
53.952004
60.286355
44.723064
60.663997
51.234539
54.567712
76.502645
46.230424
59.142996
44.334685
44.674053
49.816205
44.410399
45.552929
57.015140
48.267543
68.724951
50.391928
64.742518
60.202752
66.182567
71.468252
72.985016
76.466723
94.430897
70.693572
106.597370
82.193461
96.502964
94.611710
98.021774
94.553708
91.961840
78.924794
93.633052
62.394163
91.482241
84.076703
81.259147
86.112594
76.953168
79.226705
83.777965
65.058908
69.643680
55.930641
50.704207
71.240962
46.989348
60.229666
41.954869
33.353833
44.499136
36.294233
40.541094
51.421224
29.754632
37.836760
7.911387
30.473757
25.406286
17.657783
23.043837
23.961436
19.619085
47.842208
19.264103
42.999542
18.466585
29.881009
26.553606
28.257500
35.717628
28.411622
27.643113
59.713679
35.894723
56.712964
47.099267
43.557399
51.039229
38.259238
30.804387
45.160739
37.609969
61.051961
49.323041
52.502182
60.748277
43.217521
58.373794
42.694938
39.188446
41.526950
38.533795
43.556517
26.652428
13.721364
32.071130
5.992202
22.910697
-2.685886
1.301678
3.546270
12.517177
2.827071
9.956061
7.085434
31.918386
13.329753
23.555252
21.057149
18.661837
22.488163
20.908395
10.211496
16.255085
-7.574270
9.365149
-14.722381
-11.867038
3.923791
-9.863077
-2.769825
6.790536
-4.401641
-4.077632
-9.601377
-6.972286
-2.566273
-15.771956
-10.766507
-23.883674
-15.562061
-23.285951
-40.347470
-27.234446
-33.804449
-40.104039
-27.173377
-29.823804
-12.146442
-17.975682
-2.581163
-17.872863
-15.096182
-19.426485
-21.191976
-28.118570
-8.268003
-26.992553
-4.060734
-16.899240
-6.470818
-17.288029
-19.028612
-18.027561
3.308469
-21.253267
-2.580053
-31.679259
-14.077222
-31.985447
-40.755360
-20.059589
-31.391669
-35.401228
-29.589668
-48.126783
-24.094083
-44.298265
-48.743757
-41.820932
-52.989143
-34.455573
-34.004775
-29.473751
-13.364945
-23.169919
-18.853057
-6.275506
-22.713315
2.817017
-31.045370
-16.690609
-20.448460
-18.741607
-3.765177
-4.903614
-9.533696
6.776317
-22.940995
2.924633
-15.854259
1.277276
-7.714356
-13.198409
-13.650522
2.594705
6.917652
23.308179
-9.716993
0.492826
-4.510708
-1.677443
-8.694658
-13.855284
-12.088147
-11.420547
-25.006270
0.186626
-7.761264
-2.037224
-6.403135
-9.694535
-3.961456
1.755797
-2.179954
8.637401
1.099619
0.068676
5.796852
-9.649003
8.257374
-6.625518
4.697911
3.600333
-7.893352
-10.139399
-5.344544
-18.469884
8.469094
-19.971230
-17.445071
-32.352464
-29.612696
-31.221933
-34.005905
-49.386333
-36.476739
-49.508045
-31.660820
-53.611090
-39.749514
-47.934514
-58.960106
-60.889831
-49.801832
-71.004050
-55.244447
-62.033445
-64.896527
-79.206981
-72.319610
-85.370010
-83.849081
-79.604540
-88.981690
-100.000933
-94.717841
-90.884472
-90.703114
-82.710011
-97.813837
-83.092410
-83.056950
-81.779859
-78.576573
-74.174285
-73.372496
-52.876675
-61.588422
-43.574753
-54.200418
-43.877132
-42.805931
-30.421184
-36.260178
-32.348706
-37.462129
-24.394852
-47.727121
-33.554145
-47.389004
-50.476424
-48.201483
-47.168693
-43.963123
-33.047322
-39.303332
-17.744524
-34.755642
-8.524538
4.244684
-12.520380
-0.363332
-14.061281
-24.435068
-26.905236
-41.921894
-43.905859
-44.709271
-45.435554
-33.053669
-42.197225
-29.056613
-36.586198
-45.129132
-26.272149
-32.547983
-31.626705
-18.367921
-36.347413
-11.834890
-38.876671
-12.154479
-13.474942
-24.710569
-23.963480
-11.338185
-14.360801
16.088847
-6.357197
23.474274
6.494626
16.971371
17.286208
10.476718
12.485088
17.343539
4.980243
24.677960
6.414329
22.622491
24.532297
18.905970
34.080445
32.869598
30.599932
51.948741
35.775319
53.977622
47.082437
40.585462
48.826385
35.034213
47.453942
35.865859
27.409487
33.046424
15.914956
18.968935
13.524930
-1.980131
21.202680
3.644160
17.802173
17.957971
18.660317
14.722357
14.420044
14.232980
29.160908
-6.267112
17.347568
2.770767
6.314730
-0.053988
-3.581715
-5.437890
4.013577
-10.148791
16.025550
-13.338432
9.972964
11.883960
12.123467
17.538641
9.706504
11.343174
33.233932
22.322236
38.941593
28.920157
34.449812
41.511247
24.337494
46.594006
45.961466
45.149030
42.604540
27.437544
33.966770
35.556811
28.661567
63.311840
45.313601
54.039745
60.035207
60.737100
60.009608
53.718869
43.366219
63.461450
45.049403
72.690992
61.165763
72.428550
69.266713
61.552943
58.850149
66.918295
51.915329
69.371406
51.081205
89.671899
81.997674
83.805189
81.682189
76.882027
94.441916
83.909990
55.897701
83.171750
65.502165
73.469215
76.580720
71.809245
96.738575
87.243396
93.536790
105.895295
99.429437
113.509947
104.541168
88.593867
101.519993
75.395613
97.721617
83.742209
95.621695
97.005645
87.083220
89.163908
107.766127
92.010985
114.531184
91.246799
110.264042
97.069778
87.344965
95.555656
90.831972
78.975403
93.731754
70.904718
95.256024
86.780641
91.706812
95.566890
93.242410
90.099259
97.439522
94.093893
112.860862
100.783119
108.207458
119.761219
109.335251
117.466029
104.581458
106.953241
122.290415
107.106732
117.605398
118.228358
121.293295
118.303737
95.265371
105.332723
80.943982
82.221870
82.606717
71.943855
74.083760
75.623096
59.658830
83.344372
63.692877
76.150135
71.276498
63.189864
66.342705
75.497100
65.765504
91.423080
64.573490
78.125156
63.924907
79.163294
78.627388
70.695205
62.852429
70.788162
54.862989
70.929058
55.595118
53.555898
48.896533
47.468685
44.752747
33.103096
44.143172
45.792295
37.780350
48.946269
42.411372
39.204416
68.148797
51.322730
66.566092
67.255525
65.036785
72.800278
71.672954
77.933044
78.151465
57.712097
83.244169
66.975108
78.393593
78.058719
66.172003
55.168403
55.411918
42.377695
66.335035
46.448404
62.887508
56.452100
59.375368
59.554263
61.949907
59.993728
68.637086
48.101613
60.399488
43.592236
55.249773
48.957351
44.963392
55.814780
47.241759
39.740699
53.297243
46.840112
70.122552
74.378335
69.783490
86.507949
75.684325
89.921825
98.946471
86.347954
90.194871
87.084740
76.058986
94.484440
76.200663
90.308566
79.531095
75.857742
78.708249
64.038915
67.033654
71.789034
59.694129
88.246560
58.167010
85.912289
73.023351
82.096856
87.242249
90.905428
81.531163
94.910285
64.848797
87.790903
66.103193
67.492658
65.559082
63.420946
64.894872
66.853573
69.720328
87.800953
63.607453
84.444625
77.274511
61.858244
87.946855
60.872442
62.187593
44.580328
45.281889
58.129898
41.477122
55.219948
66.845565
40.933150
65.022845
41.489738
50.881706
60.924492
53.092451
58.334840
58.996158
51.103748
68.517880
38.876112
62.289308
43.779082
46.831081
36.936460
32.060602
29.275505
48.184233
21.784686
42.480349
23.583078
34.080001
22.957495
13.850791
29.001574
22.696977
21.587349
29.193760
14.833259
25.265800
8.614105
11.001884
34.579634
12.201304
31.051541
45.429630
33.258945
43.064971
40.480289
36.062244
37.642665
29.474540
50.198618
26.059805
54.881761
52.989037
60.733699
67.611789
71.446068
55.194055
58.777445
44.515140
69.877299
61.386459
71.944019
78.770275
77.847699
66.338810
72.341378
65.231277
85.993877
75.026126
82.948836
81.975866
71.128302
71.193674
54.891958
58.086788
70.277798
59.315962
84.404103
66.840316
75.765912
85.053088
71.426917
88.457521
79.757898
78.845449
89.531490
81.204415
90.053817
84.466390
82.654516
100.595637
85.922160
94.483914
74.725525
71.898428
59.146507
53.909710
44.931506
44.298728
36.233613
51.735388
27.441888
47.330173
40.107681
41.599988
48.160149
51.124151
36.556068
58.500805
36.358436
56.043197
51.046168
55.796357
46.732962
50.609470
54.110915
66.814083
50.158051
78.261926
67.017961
72.762086
70.311843
65.014854
75.241653
76.833779
73.906370
74.107219
73.768767
88.523998
97.117278
79.884376
95.300185
84.936631
94.730304
79.912255
86.717829
93.793320
88.890915
88.812997
98.721752
72.039299
89.183837
74.512844
81.278097
71.481528
80.804976
83.985383
86.038043
82.117133
91.687945
76.616488
104.411130
100.773423
117.999194
117.735169
133.993241
137.523452
138.999093
138.626569
152.515957
135.692145
141.367817
133.012919
117.359974
100.882253
91.591703
103.601501
89.047416
75.183700
92.036970
67.395936
73.415788
80.700074
73.427048
76.638692
66.035855
78.712688
62.259132
59.137951
63.007129
62.010050
46.381939
66.894143
52.266996
69.869058
56.060938
64.267233
71.209492
68.686567
62.919302
80.090304
78.402823
101.633945
84.832818
109.147449
104.743599
108.077602
111.946732
107.933955
92.823719
102.427084
83.522041
99.573958
84.639788
79.666226
79.335123
78.780850
93.246003
106.284467
91.550584
92.257799
86.375117
89.704655
96.601272
82.639478
99.845822
92.685843
88.181894
79.581609
82.621884
80.386246
81.287330
75.499316
87.261692
70.139263
83.739459
80.597462
91.272445
81.125475
97.029963
89.988950
109.143835
96.247751
109.282388
93.640531
100.219344
107.813687
116.586999
105.334933
120.106422
103.341553
123.664369
108.228524
119.811603
118.625103
115.026245
120.776708
127.383067
122.838384
143.682805
130.948150
129.038631
126.552645
110.506538
116.560466
108.906208
107.081012
112.274689
108.994727
121.498775
110.159522
101.336454
113.438802
94.175534
119.600812
104.987436
99.018385
105.730597
103.965128
98.664420
110.030817
90.461726
95.387706
77.985777
93.528493
75.635686
71.026731
61.167667
58.572922
53.031088
62.637712
39.244450
60.815455
38.751335
53.444417
58.215977
56.341483
66.724644
67.416228
68.475023
80.258891
61.706736
67.476120
53.867312
50.199822
63.485449
46.316481
52.328988
49.801976
52.703086
53.970311
45.998278
48.331973
55.876651
45.003305
64.615606
53.480643
70.383306
75.919449
66.967815
76.727180
78.013631
62.099536
89.539472
64.221098
77.767655
69.401193
83.704606
91.279516
86.459693
74.360709
81.837189
64.285728
98.155159
69.341802
78.862075
70.558952
67.978558
76.658838
79.939180
68.392115
91.742399
60.529276
78.416887
78.081069
74.782770
91.076999
87.175318
102.027892
100.940631
83.438492
94.094708
87.360107
87.773500
92.245826
66.004571
93.338817
73.263139
83.138228
84.431676
74.856312
78.594392
87.962635
70.930451
96.852792
83.440321
88.156532
84.177137
95.285960
103.605132
105.505377
111.005957
119.455152
96.451250
125.595960
106.316544
126.980424
120.625720
120.347212
136.434631
118.603452
114.870997
127.208381
99.613608
125.442217
112.515038
108.671848
118.807518
102.967980
108.182693
100.057407
92.636893
107.050280
87.580224
91.142198
92.147892
85.451126
115.244687
98.761155
104.842029
102.204682
101.157226
115.131651
114.468662
112.243435
134.281881
113.920085
131.063269
104.071838
122.945389
126.132952
117.730600
123.949221
133.910311
120.557604
144.174370
125.594054
152.047778
132.573901
135.906043
136.469615
139.340934
133.093218
140.941887
121.305970
145.720577
124.936083
131.958354
134.799437
124.173470
129.290234
123.863337
116.841931
115.575971
103.250143
113.488335
109.677551
91.520567
93.372514
73.148176
86.217999
80.270022
74.530848
81.583922
79.484213
77.819541
96.668311
73.789228
94.553313
79.825154
83.768239
87.127219
85.846828
81.035711
87.705249
71.313923
100.809342
80.595645
102.743733
89.117163
87.269993
88.252127
97.120415
88.259884
101.615254
84.661118
112.183717
94.995154
110.457977
114.009484
114.608893
116.646961
108.890348
104.964865
116.774135
102.915440
109.030284
120.715000
112.901835
134.179684
125.670131
131.440357
139.932611
134.805247
146.007642
147.643970
144.189157
165.425914
145.034647
168.028255
151.646226
148.701474
159.414390
162.537042
145.776496
157.089333
145.375469
171.254318
139.356045
156.245192
158.419422
143.422746
146.579242
151.392072
133.175751
155.827097
133.116341
156.432102
138.792521
145.893862
147.505522
146.016946
152.030941
144.451173
125.241480
158.038707
144.419527
152.001656
156.990787
146.899007
169.878220
161.303560
170.944733
175.926241
164.993623
177.753217
176.860043
171.325705
193.088176
176.236680
199.101595
184.020084
192.425127
193.270382
186.681868
188.179296
205.106457
192.972122
216.875195
202.945384
203.016405
185.404715
180.569133
187.556680
186.088023
176.187381
194.714284
163.180901
187.654675
176.009368
182.327064
179.395146
174.192703
172.046210
186.769997
176.097912
184.016282
167.630178
168.495598
166.784343
159.446673
171.747248
153.176474
152.859440
164.146303
146.677339
145.637346
139.900104
128.145490
141.684087
127.868649
148.253188
133.035747
137.332898
132.958973
136.490569
125.254414
131.999735
104.615780
137.699000
126.820936
138.689475
129.594483
130.161655
129.650631
136.979127
129.625751
149.240031
130.330775
154.593297
143.366317
144.352673
143.341052
126.194979
132.755293
133.740351
110.513809
125.065129
109.900240
118.774771
108.287475
101.618237
113.646152
99.604462
114.045478
115.690517
96.433544
111.838178
100.948594
95.212947
115.096128
93.203734
105.571998
102.724325
95.397949
89.084045
83.934813
80.267554
83.696879
65.022919
80.082148
50.092312
69.972163
58.996047
59.934046
61.733540
52.945019
46.211509
64.579847
33.353640
58.120667
42.723493
46.657075
50.421107
44.783456
33.317218
33.515567
14.771597
19.992684
-2.193943
24.315042
23.442314
29.622405
33.500344
38.473907
56.591051
56.003840
45.644056
59.606125
45.014179
40.061908
40.720402
26.627010
46.666300
32.105695
33.473340
18.133477
28.953319
15.862486
8.425607
0.658106
5.774078
-16.488628
-3.862546
-20.359660
-9.472942
-10.976611
-19.261925
-40.270371
-24.383193
-35.963850
-10.152349
-38.910917
-30.335332
-43.367158
-40.628157
-43.101891
-43.963071
-45.269961
-29.596780
-43.721930
-17.578400
-28.407238
-22.049846
-22.162667
-41.342268
-25.695151
-32.732949
-24.884448
-18.591091
-37.989676
-27.155214
-34.425236
-41.961729
-20.371966
-32.652190
-10.673903
-18.602094
-11.806546
-17.150394
-18.195313
-12.132725
1.580410
-9.900664
3.843492
-25.267785
1.662347
-6.902480
2.741708
3.890786
7.403055
-5.613566
19.471609
11.420105
23.152157
-2.565186
6.318798
7.774065
4.483922
4.594617
1.512736
-5.039029
14.677699
-7.856771
5.432960
9.035422
1.751065
14.249600
19.872790
22.460819
34.929994
29.212155
35.548426
36.864275
27.134705
37.467460
18.611609
35.369904
34.537349
25.245987
41.400907
29.961800
24.547015
45.212688
30.775076
57.974574
43.312942
66.465411
58.521405
56.287707
73.449237
60.887926
58.213210
74.502198
41.698493
74.988366
53.200998
64.401920
62.518721
48.945459
54.578949
59.085817
35.928573
60.855269
37.785393
40.677644
40.677838
33.278078
25.804716
32.855252
24.474102
45.765532
19.501807
22.189235
18.419182
5.410033
26.101541
11.596516
16.654046
18.252130
18.823773
23.021035
2.986242
4.792340
14.646367
-4.761868
17.275025
3.975652
11.514148
2.937870
4.082548
4.876712
4.216540
-15.871197
4.321673
-32.049577
-8.858076
-32.360337
-19.863976
-10.193413
-13.602081
-17.335946
-6.810266
-15.720587
0.348498
-13.791410
-9.159777
-13.391797
-27.806736
-40.545952
-39.702091
-43.000183
-30.026412
-57.338600
-47.249810
-37.790991
-39.707422
-40.965470
-46.200520
-45.410924
-43.472701
-41.840303
-35.610188
-21.672670
-28.308735
-20.945146
-31.598458
-24.096895
-33.296714
-18.203945
-20.881078
-16.646474
-11.351035
-4.798846
-31.519196
1.178484
-23.445728
-12.859336
-19.924410
-17.976961
-7.422826
-4.957245
-18.360391
9.827161
-4.475137
18.404446
10.921402
25.054578
21.099964
19.033615
13.928550
22.793149
3.440921
22.676856
11.856095
11.058967
10.360305
3.381809
2.042432
4.110668
-10.783415
-17.497430
-25.851740
-26.505727
-40.569449
-55.736547
-40.822829
-58.762157
-57.284604
-65.643015
-64.339630
-77.764788
-87.808242
-87.455413
-63.464267
-74.313305
-55.172094
-84.304379
-57.111415
-58.883280
-55.757741
-45.404333
-33.846286
-33.450632
-16.112600
-36.767915
-14.403245
-25.631259
-22.198069
-21.894061
-17.458569
-22.081057
-9.761770
-26.298026
-4.331917
-19.044574
-7.162745
-19.005423
-21.987406
-19.337176
-19.845478
-12.610977
1.508011
-18.765297
-0.040190
-7.463447
-6.934702
6.276737
-14.313586
12.366156
-0.177315
-4.521825
-0.318358
-23.903805
-18.173459
-8.061999
-30.267555
-4.614485
-18.312788
-20.687353
-27.029519
-27.170744
-20.675819
-13.873758
-33.723307
1.938367
-16.022085
-0.674918
-15.071803
-0.127373
-1.712176
-8.061726
-12.292276
-8.531347
-27.381461
-5.835144
-38.428097
-23.439897
-23.697542
-21.381981
-10.860508
-18.536123
-15.839864
-8.616280
-27.981217
-18.939234
-31.238456
-35.067578
-31.182002
-45.158159
-32.671816
-38.619929
-49.616879
-50.490781
-44.340201
-52.680861
-48.947408
-78.658984
-62.277403
-84.605713
-84.701382
-99.110363
-108.679180
-114.553702
-109.060131
-124.422922
-108.773686
-124.231833
-103.683651
-117.936306
-113.747766
-106.561378
-109.839300
-103.808450
-88.181669
-112.966432
-88.990484
-107.653102
-93.171518
-100.182668
-99.652600
-92.162131
-104.772156
-111.496001
-96.858891
-109.968835
-91.491940
-104.444272
-94.519901
-83.024703
-95.135140
-87.088352
-89.321112
-84.027097
-65.889692
-75.098646
-66.182061
-47.346439
-68.192125
-51.233702
-75.582724
-61.802667
-71.583000
-80.888644
-74.625967
-77.892120
-93.698530
-77.807591
-116.140645
-87.673442
-92.481268
-76.151349
-79.034396
-81.121478
-67.707724
-64.965631
-75.385719
-51.605856
-74.352923
-50.625057
-66.228640
-57.116765
-45.493643
-38.881482
-44.290990
-37.086950
-52.208504
-23.049033
-29.019557
-22.522241
-1.572766
-5.171177
5.288692
-1.329129
-7.221968
-8.176995
-14.441852
-12.881820
-13.438796
-10.806336
2.043074
-25.018946
-3.008290
-3.543285
10.915284
9.634711
0.542325
-2.661948
3.110016
-23.370085
7.866771
-11.175450
3.077921
6.756449
0.900875
1.562064
10.121426
-11.256372
11.903536
-15.502311
19.940961
-10.708832
-1.755281
3.595138
-0.034638
-8.687344
-4.308956
-9.386666
16.667546
11.459601
22.991872
27.755309
1.375633
16.191778
12.447110
15.593601
18.883937
8.963147
25.225911
24.642144
31.989531
40.667643
20.910517
45.461576
36.411223
41.236464
44.488421
38.567028
30.115975
28.337709
19.671465
34.361479
3.430429
27.780551
10.593044
12.733674
20.852466
24.416702
14.115679
44.039077
23.332252
30.152499
10.465580
13.249088
14.339808
-2.544496
-1.476483
3.054946
-7.468989
15.631560
-4.331585
14.375319
2.959705
-5.835587
3.459681
-9.282951
-0.262429
2.371892
-14.542879
3.088877
0.954716
-0.635905
10.511956
-6.712665
10.350200
-6.320968
1.985502
1.572606
-7.296926
-2.433932
-6.340955
-13.834765
8.951285
-13.977923
17.639455
13.147237
17.612884
19.847489
28.158478
23.744109
42.535160
14.210695
32.997907
4.463620
2.099469
1.930387
2.133458
-2.364907
-0.191060
-15.865611
-5.075555
-14.305454
-11.608646
-13.947271
-10.367295
-2.096962
-18.989165
-27.986414
-32.309327
-46.077718
-29.341140
-43.743378
-56.050921
-33.873802
-53.293902
-36.542306
-51.062882
-38.588011
-36.549768
-42.313433
-42.939272
-31.916768
-43.041797
-40.257369
-65.410915
-42.443804
-57.886204
-49.652153
-40.887809
-43.377497
-40.804357
-17.259531
-47.533172
-18.657319
-33.746601
-30.913550
-31.610893
-37.237278
-44.289739
-30.840406
-54.599699
-29.031013
-48.231309
-37.435425
-42.734556
-54.470599
-49.923684
-62.120766
-51.813180
-37.542060
-52.502230
-35.040598
-45.782852
-47.719747
-19.878508
-40.004871
-16.331713
-23.894738
-34.386647
-28.922027
-32.694591
-32.685269
-38.640074
-47.702735
-27.785629
-43.313852
-34.077780
-36.329953
-45.184750
-38.799712
-42.218996
-42.246982
-8.430163
-45.167725
-24.153753
-35.699894
-34.888537
-34.552099
-41.703082
-43.559818
-50.423829
-66.990734
-32.998594
-58.800178
-47.403638
-54.237421
-70.259620
-60.996892
-51.383504
-45.386104
-35.171874
-51.976517
-35.534252
-55.518507
-68.963546
-55.291793
-82.451643
-77.334531
-76.661625
-83.270987
-82.883732
-92.062819
-91.961843
-88.143986
-102.050040
-74.587112
-98.092465
-87.948122
-97.020534
-89.652701
-88.640675
-87.496196
-90.942096
-71.225644
-92.382037
-65.931490
-64.705030
-55.724629
-56.318283
-52.086326
-61.130905
-58.060958
-82.430740
-49.352979
-76.154089
-63.325401
-64.144126
-68.414651
-58.197943
-58.449022
-56.419803
-35.433797
-49.750793
-29.274516
-36.065263
-34.449784
0.402447
-21.076525
-17.538507
-27.043918
-32.694859
-17.062244
-20.622475
-15.147671
-11.713009
-18.276027
9.867881
-14.187997
-8.588491
-9.858662
-6.132790
11.371840
12.103334
7.285958
36.935742
4.820288
29.972048
16.177597
19.125079
14.803180
4.910140
13.311918
18.236299
-1.559163
28.721557
8.087450
27.314370
24.759068
24.589575
38.374032
43.214270
42.495184
56.107242
45.419152
67.440029
58.032576
71.032708
81.671608
64.104549
74.526722
71.072564
65.765148
72.488767
54.915416
57.290242
64.303407
53.472167
72.920816
44.554463
65.355407
66.393390
64.620493
68.699047
55.265130
43.481327
58.116316
42.271148
64.200900
48.656531
53.941484
60.065538
54.033288
58.296422
63.167152
44.771762
65.326446
36.663091
52.105905
45.443762
44.833413
41.558082
38.624905
35.850533
63.250797
42.322927
65.341463
49.989734
51.438840
46.965133
36.864467
53.226429
51.022580
45.203065
53.192937
36.877707
47.424634
51.992394
45.703168
65.454895
46.193957
67.029749
53.330740
58.072056
59.783500
60.724236
48.375866
59.250332
48.986330
79.301202
56.642172
62.693054
70.766876
76.685848
70.102054
76.949019
79.201914
80.596832
68.406762
84.854347
61.897279
64.128709
73.682531
69.678040
53.150501
57.887513
35.499615
50.935560
31.188865
48.745782
42.383043
41.255603
52.610548
43.712292
47.624119
52.055487
37.999639
49.660959
59.126010
44.412994
54.054978
43.633607
48.121796
43.679923
48.266514
42.431330
48.413070
49.276961
54.400843
38.551457
64.031664
42.393630
59.579899
58.260677
61.849320
67.596851
78.990240
69.710964
91.975283
76.417434
86.095028
67.157562
80.780033
62.493399
59.789207
55.473869
55.484289
33.313089
48.380429
32.205399
39.861619
45.148440
45.168680
54.972588
51.720894
59.495039
69.186511
57.467408
58.158977
51.491322
48.309465
58.082799
60.962519
74.556542
69.002257
68.887411
61.684131
62.635593
62.346903
65.472242
39.990470
55.726772
38.876814
60.286325
42.591191
28.272659
27.955497
31.004911
12.068753
13.239502
-4.533752
13.049967
-6.858958
-11.363015
-15.962109
-22.744168
-24.086845
-18.768092
-36.097114
-9.812727
-39.268104
-13.122046
-18.623651
-17.096686
-10.876461
-3.403110
1.065981
-6.835645
-5.513001
8.177201
-2.534775
-0.862760
-8.473538
-18.512724
-3.113873
-18.297448
-22.453429
-23.102096
-21.497697
-16.846914
-24.856121
-28.333736
-12.994531
-41.129136
-30.568432
-40.744039
-34.421520
-38.555283
-32.042514
-35.062197
-27.932066
-50.186113
-17.252171
-34.920216
-19.397274
-12.462784
-13.760208
-7.165478
6.590909
-3.590870
-3.902383
-34.627017
1.787222
-3.298267
9.468699
20.138420
17.338254
17.324749
24.594223
2.651581
7.259737
-10.178622
0.521590
-0.109704
-2.165260
14.003212
-6.357703
0.686027
7.373556
4.626073
3.146351
-7.747868
-21.611913
7.400078
-26.475339
-6.847617
-19.922898
-17.616651
-15.850192
-11.347343
-16.081736
-19.101650
-44.080719
-28.452762
-58.416129
-34.243353
-47.238986
-47.204011
-51.408236
-43.678551
-35.607922
-32.548272
-53.354089
-15.798806
-33.312705
-22.047015
-24.195716
-27.113922
-18.937560
-19.246954
-16.459980
-2.914912
-16.030614
-9.244351
-10.234128
-14.936829
5.559793
-11.927340
1.281245
-7.452978
-22.974265
-14.916038
-25.601319
-18.865921
-3.992803
-26.041169
3.515282
-19.427571
-8.939192
-7.124206
-19.928943
-13.298346
1.394340
-13.059559
16.944252
-11.637612
6.106193
1.818140
-3.457458
1.464596
5.236925
-0.187135
15.869584
-2.111856
20.304360
7.806837
23.644534
23.122799
10.214969
15.670649
12.097044
5.184097
24.897410
13.720263
25.371298
26.754194
16.390142
38.305817
41.639893
45.152135
65.649720
62.629822
56.688319
51.428476
55.731046
66.083102
49.354602
66.115564
55.176075
54.685183
64.072324
44.464337
55.536054
59.493468
44.450101
70.285500
52.478176
71.567423
62.599768
55.610392
56.471720
63.334204
42.494474
66.278995
54.919893
74.798589
61.169522
72.665913
77.632329
90.937855
79.308798
95.176040
100.213349
101.168922
88.328442
91.822657
78.021914
78.211819
88.443888
80.087420
70.280892
71.236827
67.704205
78.394176
64.791255
69.265353
74.235974
63.414640
89.782467
78.045381
91.540052
96.401588
90.899750
91.170502
109.860348
85.053883
101.777077
79.304312
86.057287
93.797488
92.725327
80.534165
85.465753
79.173597
102.215602
87.797561
107.667538
92.055657
101.671481
91.529540
83.150685
109.613996
107.826251
83.029874
108.671948
85.814906
93.161333
85.484178
80.130940
80.969629
78.134490
85.942027
101.569878
104.947857
121.921073
124.658932
121.298647
129.066257
124.301648
121.880561
117.910670
109.709260
113.068496
114.818919
107.270526
115.583993
92.692404
116.872703
97.504508
103.567342
105.863471
98.448474
93.648516
95.081881
69.475983
97.821496
77.357994
95.685326
91.975565
103.669098
102.365940
94.117598
83.368159
99.835896
76.373140
93.440282
69.516539
86.289796
89.570477
79.922461
78.414519
84.184974
84.733465
97.375977
79.182951
85.155321
90.498621
82.342912
78.568207
61.575871
71.119524
47.604092
34.430033
35.973223
33.826553
31.169795
36.168081
20.752459
46.190656
27.624242
27.310286
42.939985
46.133709
40.122859
47.596046
29.345808
51.806226
26.387006
50.861187
28.060162
42.596190
58.558979
69.608107
68.736701
91.224790
70.942219
87.171911
79.980414
83.475330
95.043979
93.214979
105.471480
107.256917
88.104694
97.722120
79.032575
88.786639
72.846877
61.012258
73.183061
57.929103
69.150438
74.136289
64.665453
76.481278
72.599356
75.228373
81.003640
68.498723
86.130856
64.948472
78.795969
80.576316
70.765063
62.499507
61.260498
42.732322
63.407007
47.629682
62.105776
62.016796
65.496225
62.044861
61.492522
44.042174
66.837488
44.312666
70.246345
46.903926
65.694396
64.363915
55.674383
61.748513
63.744446
49.227272
63.571235
41.015854
60.702183
56.337435
45.999936
66.691648
62.758952
73.456342
82.838720
80.576800
98.428346
99.576384
88.541198
103.056077
81.723466
102.862409
92.195802
89.663217
83.693678
67.623838
68.575384
71.088266
42.855886
53.323844
39.363949
55.088083
41.432215
43.794910
54.684974
56.203561
48.101334
48.876039
28.309373
58.717186
39.060507
52.609449
47.665429
42.990869
45.823688
57.552892
36.793657
61.466258
42.538327
61.351771
52.252601
42.395419
52.103723
40.764348
46.209181
47.628843
43.916731
58.431454
46.289641
49.890976
48.915399
39.849797
52.556257
42.065634
59.111358
54.253222
50.065190
59.151470
64.313923
59.834752
84.191101
66.641252
84.183096
63.699234
76.256003
86.150964
89.304003
91.344627
107.624266
90.382970
117.481696
94.540276
112.796084
109.562432
106.527319
111.617690
112.889676
105.811908
125.550647
93.504492
115.650626
101.199389
97.943556
104.184405
95.316047
100.749809
91.492601
77.838157
102.707557
92.349358
96.224318
101.311415
81.774991
91.722042
76.379231
84.673308
66.442038
65.824651
68.295591
64.623779
56.946631
75.435658
44.932300
74.004480
56.824407
61.728066
65.742538
56.413896
54.718551
66.741764
52.681415
82.904648
54.549262
74.503137
60.358656
62.304821
62.810474
50.462037
48.379807
61.417087
38.187047
62.118907
36.116064
41.404717
40.565740
27.075072
38.395405
39.513660
28.543200
39.495220
33.472758
58.143298
53.086254
48.224714
69.920861
47.115268
50.095577
50.924859
59.353445
60.259271
56.853009
46.810132
55.771995
38.108634
57.923209
32.982574
42.171436
47.380064
44.515167
33.857472
40.163969
25.156056
52.520686
20.455492
42.323839
19.338687
26.666609
31.286983
16.483530
15.107113
18.054565
-12.391009
8.687708
-18.652386
2.027561
5.531679
-12.099174
2.705414
3.820826
-2.948794
11.168134
0.751606
23.770280
8.735865
4.035699
18.052750
-8.690973
13.094706
15.537308
5.363541
21.977267
13.870790
14.808948
30.004668
2.275587
32.422774
4.150027
16.826663
13.147208
-3.363462
6.706030
12.891179
3.003285
16.758353
-12.250265
23.385918
5.171181
-8.513901
-6.246608
-9.027912
-10.031006
1.767515
-12.854702
2.817267
-23.307279
-4.295245
-16.497505
-23.578602
-20.736656
-22.641659
-27.173866
-8.097564
-26.082691
-4.283352
-5.576207
-8.570593
6.732356
7.857373
19.543838
25.203758
23.567464
42.886027
35.111613
37.248887
45.921929
38.055374
59.818628
37.239502
46.667425
36.688905
25.931030
27.937298
36.137783
18.337259
42.653490
21.162285
45.130235
13.061155
28.821980
41.079727
26.027979
29.772472
52.720816
40.833223
61.509564
36.486091
47.593753
38.577778
37.120254
48.401710
58.525481
45.291493
60.791560
37.139381
65.730333
56.419753
54.535464
72.037253
64.250897
81.408988
77.390408
77.627247
85.536286
70.357412
66.712547
64.016475
52.753079
72.954758
61.726303
63.458614
79.105157
72.370077
73.481802
88.149760
72.803131
101.741829
77.792044
86.209781
79.785279
80.822615
82.465143
72.993245
69.805041
89.267346
59.511367
78.763218
67.462553
68.431510
65.270998
54.385852
58.303936
73.891368
71.317539
82.965208
60.017780
89.795991
89.721046
83.185727
80.624291
72.007284
68.128428
80.169329
70.552377
86.019486
89.930985
104.064921
111.544052
103.836951
128.324104
117.325938
126.867460
139.587506
123.977516
134.880796
136.379271
118.563508
141.924341
108.179010
127.133337
116.894659
103.141545
105.964039
116.691464
104.531532
130.231620
102.104824
123.874487
110.318579
112.424744
104.987015
98.811656
93.260851
82.986830
75.712517
99.397518
72.374137
89.180568
76.671922
78.849896
87.355290
71.199360
78.830079
91.952582
86.181624
99.043242
83.888605
76.242932
74.076597
59.870268
66.517472
61.608198
54.749880
60.358553
47.140237
40.538048
40.659947
33.250675
56.385968
33.757120
49.276909
45.560433
43.134015
42.262458
42.752503
30.143593
38.980035
15.850420
49.900233
21.676953
27.444202
24.830168
25.272261
25.795896
35.445811
21.887647
34.282964
14.861693
35.194818
20.421515
18.242180
14.652123
17.379603
20.560629
25.695159
14.353681
20.323651
9.338393
17.273231
37.237046
25.199894
46.814159
43.087505
53.818990
62.388953
59.398541
72.684777
70.897587
69.350567
85.806924
67.139834
87.477162
64.526767
82.189329
81.773801
71.365710
74.036753
91.452120
65.129504
89.606412
78.909933
94.548548
89.383963
83.746303
90.308827
96.248734
99.993484
132.023937
124.816850
143.617605
131.708009
139.089563
137.322854
141.089390
133.875792
139.401345
119.482366
133.489694
126.331115
134.320557
139.086717
128.036525
148.885922
125.636690
120.590848
127.933454
117.250006
118.200390
111.246176
110.373063
129.972684
104.325707
127.715417
114.254612
115.560031
111.014204
109.319948
114.815953
125.746893
115.156856
117.864013
100.546275
115.135717
102.295436
109.382899
111.025871
97.745354
84.726890
103.936102
82.732253
101.589649
83.579350
95.619312
96.473963
92.948693
99.886254
107.556058
93.238851
109.139608
97.097086
96.875238
87.842637
80.047621
99.295842
91.482798
94.386924
92.163822
88.645035
109.856965
96.699266
94.557420
90.293620
87.293748
97.419273
90.301292
100.164412
90.952607
95.539986
102.552380
112.432582
103.619908
125.661683
100.976577
123.668676
99.521626
105.475907
108.390501
114.672038
124.300248
140.002897
141.189863
150.207449
118.286081
137.698179
122.505224
126.726328
141.245398
139.273436
137.599353
137.044093
115.854707
132.775477
105.219306
102.448929
105.750326
84.453156
81.275041
70.739118
78.505309
88.148658
75.310804
89.213739
88.582824
83.066318
104.262914
85.293679
108.478206
97.203067
94.810029
89.406467
93.573946
91.116361
105.658149
92.597845
107.596952
90.111772
94.856475
85.760110
83.633732
88.969816
88.638330
71.443834
98.960255
78.049481
98.752905
82.258736
87.644649
91.420555
81.057107
80.844006
89.372455
81.817244
98.782525
83.866396
91.350303
87.791688
76.496844
77.921084
68.723078
59.791088
63.874669
59.545296
73.473792
76.209399
75.938940
91.665977
79.467555
95.942885
82.288346
89.914787
90.626694
95.498958
89.589568
101.610539
88.147765
99.305109
71.582410
91.288049
83.850786
84.367434
84.072510
89.955810
70.307555
99.481857
71.599493
100.802178
84.988726
87.617861
95.969136
98.954312
97.349110
101.187204
80.161964
94.629683
86.066903
96.129027
86.691538
86.826453
98.865357
105.300460
103.289336
115.467447
105.770767
113.144200
117.969602
104.439574
104.889517
83.286727
103.544860
103.825369
103.533719
101.011923
93.957454
82.565636
99.414309
94.114341
114.734240
97.809988
90.542040
97.517099
102.167734
96.813741
100.361939
82.971439
102.797822
84.132887
116.634378
108.865515
101.902786
96.371373
98.017990
98.259081
121.963879
89.180607
101.663444
91.135462
105.467375
104.835688
101.490309
107.784028
98.337809
89.455280
100.146318
85.092567
92.491433
93.986818
97.415922
111.790235
101.858431
107.153365
118.728096
116.999564
128.948274
129.436860
121.266373
141.584808
139.441780
152.458084
133.612290
141.581212
153.219808
157.110066
152.443974
167.611078
140.776743
158.300605
143.193148
158.574726
151.775428
158.318115
156.109098
163.006194
152.400571
167.545593
155.906125
170.611646
151.949636
154.516010
148.434107
153.551071
156.096587
155.709317
150.989579
161.187185
137.170447
146.355723
147.856795
129.566029
133.055947
136.517095
128.505953
134.538837
136.320543
146.511545
151.714871
144.011667
158.724156
141.682107
161.786949
159.854534
160.040410
167.656213
177.579765
165.060419
179.144418
160.917152
172.085638
166.386355
173.284981
167.343235
165.676764
169.410767
183.376020
170.969512
182.193186
161.690644
170.970459
169.168334
166.012196
171.359464
172.680461
179.639921
189.580982
175.477360
203.742753
186.355104
194.703476
194.416589
173.070104
170.634977
160.017436
156.560413
167.177321
146.811216
154.541805
161.385302
139.971633
151.790306
129.760966
128.419036
119.973029
118.028278
113.205536
114.058011
105.037386
118.652287
84.648096
106.216438
75.371599
82.953262
84.669658
73.754248
70.082080
72.847411
47.949141
59.929175
35.152084
52.341018
34.420919
21.719432
31.667360
21.191420
23.132620
35.406243
21.915648
49.586389
29.073038
40.294906
40.841423
28.580013
32.554713
22.490417
12.687685
30.956119
14.513056
20.261388
28.364465
-0.640216
20.340149
5.267542
17.306807
7.962850
10.863451
22.215281
17.657955
23.791876
36.318463
21.203753
56.848032
36.074606
51.622630
54.189951
58.167855
64.947674
62.526377
59.333868
91.106251
62.669449
90.513971
84.229366
84.116789
92.335410
86.576227
82.538783
96.860048
80.442477
103.701353
80.121788
85.869083
84.773429
83.299759
91.450125
78.365854
82.694017
87.942590
75.565861
80.591760
80.763511
82.940279
91.054336
73.945628
86.585939
78.420586
74.840195
79.308232
80.821897
87.728257
89.809936
73.403543
90.612464
69.402477
88.397702
80.426634
83.635266
86.317636
87.245665
78.795603
94.506557
64.972881
82.010038
70.473908
69.181767
71.476801
66.197376
64.093458
60.741102
44.403058
57.144159
31.932391
53.638734
38.849969
25.372822
30.423171
14.743291
20.563520
35.272434
12.444751
14.857016
5.788304
6.272623
13.206577
-1.218658
17.285832
12.275297
19.645752
18.344736
4.588803
13.675356
14.792505
-5.977056
12.690841
-5.740203
5.642741
2.813837
-1.714305
1.607390
-8.151203
-32.356422
-23.915856
-38.339437
-12.069581
-38.835228
-32.243215
-38.386040
-41.900913
-33.738539
-22.562333
-25.224831
1.771859
-15.328290
9.769537
0.735296
-4.593386
-10.566264
-21.827592
-20.379710
-12.319910
-31.110304
-16.719470
-18.754500
-12.283418
-9.204171
-23.553079
-8.433810
-23.294485
-15.336802
-8.970960
-20.099136
-12.192937
-13.313659
-38.903999
-17.688420
-34.977533
-24.471424
-32.642621
-29.741000
-34.156710
-23.972087
-39.256217
-23.152118
-42.943214
-25.590101
-48.580693
-50.849073
-56.226553
-55.943813
-50.082213
-41.882825
-65.143860
-43.314218
-65.261808
-53.245913
-65.999842
-57.858620
-58.515079
-75.618362
-68.412394
-56.053438
-72.647772
-50.792787
-71.769186
-56.555997
-44.229447
-68.210567
-45.578017
-53.106251
-58.400850
-43.946697
-51.538722
-47.743297
-43.454721
-55.239353
-27.100991
-50.232282
-27.673080
-29.383843
-31.625242
-20.578556
-19.119132
-19.375515
-9.852677
-17.582150
4.837879
-12.739605
-4.675475
-3.693942
-13.628843
0.677625
7.316971
-17.676471
5.466739
-28.288892
-12.666713
-13.659963
-16.391799
-16.776947
-13.596713
-18.474745
-7.184952
-27.068866
-13.736305
-21.534931
-18.952070
-9.937322
-31.137895
-23.284641
-24.043309
-39.065589
-37.470063
-48.302347
-49.684918
-41.881327
-60.809674
-58.274232
-66.754246
-48.311552
-47.038875
-53.476182
-41.908313
-43.137990
-54.440581
-32.677568
-52.137583
-21.440721
-42.085141
-37.175385
-36.252569
-46.945242
-43.378838
-33.217238
-58.195563
-38.283387
-60.097627
-53.574853
-53.702839
-64.580253
-52.241607
-51.845911
-57.979214
-42.093062
-69.325811
-42.865612
-55.417015
-56.505365
-52.386327
-64.256187
-64.122458
-73.481394
-71.996721
-63.799161
-83.591249
-71.775447
-72.761152
-79.209788
-56.688836
-63.041554
-46.945785
-56.073512
-56.870768
-38.972996
-29.992092
-28.366741
4.183167
-27.622136
-12.247294
-14.355680
-4.592842
8.589180
0.975269
-1.514656
-1.887413
-22.970049
1.673263
-17.673830
-1.786156
-15.049578
1.796662
-5.344632
-5.672338
-9.271685
-12.319080
-24.349300
-7.805856
-23.210221
-12.246392
-10.772317
-20.516124
7.478426
-3.876279
-19.439648
-6.171913
-24.317998
-20.985492
-23.502958
-15.657448
-16.536133
-37.020078
-24.080288
-38.089631
-42.809256
-29.475927
-37.989821
-36.314265
-23.402609
-42.156739
-21.589198
-40.651327
-29.511745
-20.012325
-16.147801
-16.566737
-13.415795
-27.268233
-10.641535
-25.018939
-10.731094
-26.900140
-26.350088
-33.598813
-31.548749
-25.342544
-18.328583
-49.609099
-27.589930
-45.136267
-27.853592
-19.175536
-26.088573
-3.390584
-2.566732
-2.534880
5.018678
-3.359203
14.915334
-10.717658
-13.851007
-1.782974
-5.597380
11.513033
-4.381372
1.054901
10.587969
3.485879
0.479476
6.777218
-5.760529
9.086452
-9.403745
-3.315103
-11.819730
-13.684007
-17.516290
-14.401235
-28.160178
-22.073425
-41.268432
-27.074819
-49.188462
-39.675467
-39.500028
-45.343877
-38.094644
-33.454024
-39.323728
-14.964841
-27.329876
-8.870103
-11.737756
-3.344684
9.315614
7.766200
16.578687
9.331862
12.581878
26.653018
8.752422
23.171842
25.534041
13.364386
27.819227
7.421482
9.471039
14.877853
8.796038
27.158333
28.335596
19.972894
47.823259
22.445312
42.671380
21.319022
25.691938
20.867420
24.056588
28.820048
45.232023
18.406695
40.228355
16.399387
34.729700
27.469726
33.804393
33.602323
31.916788
36.084242
52.231502
32.271605
55.724374
38.167242
49.650999
47.660531
33.483801
40.310020
34.519862
31.378613
38.063703
27.502657
45.459918
44.623262
28.507351
41.712292
37.862533
55.676513
48.335035
36.092526
37.144570
29.903032
17.463791
25.016263
5.626782
22.355799
7.196766
9.324792
21.092740
17.740403
15.855965
25.323403
13.977940
31.283744
6.927860
17.864740
19.168104
17.555168
34.266848
50.754908
26.573339
57.439930
34.372609
41.543012
30.389337
25.896951
18.037808
21.148707
18.345148
28.524641
15.038596
13.949223
-6.960034
-4.438493
9.763982
-4.844303
13.232439
23.600041
9.977331
20.939483
29.727610
22.877049
22.229842
15.990187
31.373477
11.981823
12.475444
12.030114
2.661366
6.040942
11.205214
-7.620821
1.125864
-25.469569
-4.586496
-13.216714
9.162155
12.215693
20.819855
23.894497
37.927691
20.912379
43.203727
21.595730
31.862959
19.213327
18.765582
16.702054
18.129865
3.411086
26.969837
5.793434
26.773793
17.015243
19.443042
30.130041
17.566261
37.944872
26.399215
19.498413
29.080538
20.180093
23.595233
36.084763
24.225732
48.199423
30.419510
27.896697
36.411896
34.258080
46.945743
54.655951
43.452210
64.488833
42.889650
53.683620
41.620655
40.751516
43.981348
51.048304
41.310372
55.840424
47.558193
69.879914
44.553787
61.667436
54.699819
49.779963
62.943768
60.600060
64.304366
86.751352
64.639726
79.184277
64.477318
72.582341
74.479156
60.592223
69.187456
71.462377
67.276067
84.232771
68.319740
76.712620
77.844470
57.485771
75.454367
55.249447
70.787353
63.690502
47.097982
51.648145
48.860893
39.525365
65.516546
43.959173
68.465288
56.333083
62.275708
70.430421
61.948595
66.378556
69.842730
66.327376
91.028493
65.774115
88.103087
82.123963
71.153919
85.240466
86.790912
74.700608
90.518142
81.559759
99.247470
97.202902
103.479745
106.324973
108.463162
114.709372
126.420843
116.185103
127.065422
117.969876
120.351146
116.564469
104.576515
117.441018
103.474867
121.300730
122.693429
107.389050
107.860727
116.732774
114.179219
123.080153
100.634687
128.185935
116.003168
125.558459
122.818201
111.616983
113.205827
119.336241
105.172510
130.118161
112.801132
124.472239
100.453242
99.401184
107.474054
96.508200
93.470460
97.590716
75.244107
111.446165
83.373696
106.894324
120.408434
103.035221
110.337613
104.686367
101.665835
120.813187
98.179519
113.616731
112.593003
103.666616
115.300896
107.148643
109.378718
105.475476
101.334039
107.241943
87.943882
90.313687
97.020371
75.779856
92.041237
68.514667
73.801661
77.702919
78.736867
79.851378
80.347841
60.957085
76.628075
46.719878
65.574207
54.515745
49.895836
53.353723
55.677751
50.855003
70.959915
57.698647
73.522763
53.832013
60.393097
50.974668
41.100590
38.886474
29.673320
25.988098
34.601742
20.913136
38.065083
26.309039
13.788821
11.727764
-2.970075
11.714926
2.570536
-4.607896
-4.901523
-8.788681
-7.824574
-5.494792
-20.706997
-11.721826
-31.880294
-33.122352
-28.616535
-36.325067
-24.448931
-15.341025
-37.491640
-21.155578
-35.644177
-17.740533
-39.972457
-33.322629
-44.330196
-48.418615
-49.829442
-55.329153
-81.013842
-57.537231
-83.281492
-59.685154
-71.221831
-67.995236
-61.333475
-71.793142
-76.630368
-61.051797
-76.091278
-58.325224
-73.208676
-68.625020
-79.956476
-101.715341
-91.609945
-92.150458
-99.243343
-99.421666
-110.665298
-109.033469
-101.319839
-117.324635
-92.796421
-90.460962
-77.489433
-79.896220
-76.559522
-71.644429
-62.684747
-67.163452
-50.678772
-70.599716
-53.988232
-62.167934
-56.251745
-57.602400
-61.912410
-71.719956
-49.425890
-66.974343
-46.279837
-57.360931
-39.965452
-46.919421
-43.758110
-38.529996
-36.083297
-46.385604
-25.068831
-39.366446
-21.972845
-34.008878
-44.657136
-31.038992
-49.335873
-46.835739
-38.214364
-46.610460
-27.826348
-26.164776
-19.285769
-10.154599
-24.324733
-3.390069
-3.184256
-1.251532
0.106443
-5.902521
1.417103
-6.687031
-23.326292
-5.165452
-29.470916
-17.893532
-31.719002
-22.980097
-32.611514
-37.348333
-39.139953
-31.453147
-53.977869
-36.974468
-53.339907
-48.324946
-54.629789
-51.653568
-52.530482
-48.063645
-53.378966
-35.996613
-50.379832
-29.250027
-40.056224
-32.895110
-25.140924
-38.998184
-43.387861
-40.907445
-51.225828
-52.350214
-65.447782
-67.445222
-59.345141
-72.710301
-58.779961
-77.490410
-74.491142
-74.786845
-91.796419
-89.742639
-91.335653
-100.438233
-79.139385
-96.908438
-61.751454
-82.085126
-76.749603
-69.896129
-86.609767
-79.923850
-63.770735
-93.665738
-76.206063
-87.239194
-76.514024
-86.803719
-94.128364
-81.767245
-79.025459
-95.811287
-72.553463
-102.848110
-66.976863
-63.687610
-61.664755
-46.626919
-45.378835
-38.938820
-41.446991
-50.325754
-28.068301
-48.039181
-45.983049
-36.259287
-44.843400
-20.829616
-29.379733
-20.156576
-8.818901
-19.516098
-19.244368
-13.100921
-23.492837
-7.302746
-28.080958
-14.585612
-27.778985
-25.264411
-29.923584
-25.191586
-22.241281
-8.017114
-31.518506
-13.850790
-34.564673
-15.842827
-17.537784
-19.373463
-23.016462
-23.890420
-21.331160
-0.522412
-22.368638
-6.757226
-16.297366
-18.842070
-5.165843
-7.952102
-15.695913
-10.293960
-21.235757
-6.295689
-11.357530
2.688316
13.136959
8.010344
21.654860
3.400933
6.956606
7.986831
-6.625950
7.559754
0.728577
-0.702843
18.770942
-8.136633
11.828010
-12.837638
2.712549
-1.396466
-4.006741
-15.403822
-11.681352
-25.432592
-9.078125
-24.820542
-1.925640
-12.578018
-10.860077
-15.777381
-15.168794
-32.201025
-12.552492
-29.962765
-18.686500
-53.439686
-38.522010
-38.487632
-40.035985
-39.681030
-36.440946
-38.514526
-23.932395
-37.278108
-13.013785
-13.435792
2.361156
18.115986
2.366091
22.404538
21.458699
19.160504
16.677958
3.933780
9.759166
1.636322
-29.114032
-17.749266
-39.292519
-39.809070
-52.274915
-54.550841
-48.527758
-48.476982
-46.465354
-36.897564
-51.241274
-33.038675
-51.159389
-33.263818
-36.336167
-20.292884
-35.404293
-34.380639
-34.643833
-25.961380
-38.975466
-14.064371
-24.023531
-25.993002
-18.313761
-20.246940
-15.996764
-15.916863
-26.135355
1.763900
-4.176002
0.786437
8.156084
-4.265549
10.613567
1.020000
0.950618
-2.739860
-8.887666
1.196080
6.134476
12.828160
24.963980
11.453666
28.351360
20.123190
20.739496
22.883458
29.263956
27.603953
46.442442
34.614764
57.530551
42.226360
41.992678
33.899072
43.537226
34.120395
39.630278
32.847882
49.739048
42.897947
43.891261
23.032367
41.292706
27.826823
27.930283
23.815228
26.067502
21.041827
32.564260
25.016446
28.014489
30.550066
28.138509
31.305256
26.789125
19.408708
32.581046
24.922742
28.194348
50.772430
51.236942
75.648264
82.101004
88.628772
95.392391
96.891848
105.435033
107.780748
86.576365
111.994241
91.207945
108.420451
102.109287
105.099299
88.182426
93.976676
74.470884
92.917798
71.585739
84.969651
64.183093
78.404306
73.901892
80.145373
72.783865
76.225592
53.951670
61.632497
44.444925
57.224954
45.595349
36.364087
43.930722
32.213507
21.861014
40.367191
23.118961
28.428328
24.284518
23.927872
37.262101
23.820101
45.084049
24.992737
17.536167
40.649088
31.701800
32.090536
44.404363
36.145400
55.173493
35.454776
44.161712
38.673237
26.768513
19.901437
26.170047
19.382146
38.896621
15.322952
42.099331
26.164428
38.162109
40.666718
44.416189
42.711826
40.700397
30.716063
46.599906
21.753117
35.509445
24.214461
21.643080
20.564707
10.287557
11.483761
6.569126
-26.930310
-15.440201
-17.366470
-25.311456
1.151117
-12.483615
-13.503354
-14.321443
-23.129603
-7.410232
-21.328242
-4.887726
0.738957
-20.015515
0.272134
-10.250732
7.812323
10.054850
8.859702
25.028075
25.866602
28.927219
39.519565
14.901665
45.430515
20.845038
30.237351
26.453953
31.645800
33.224641
35.215690
7.288104
30.037158
19.027255
36.305809
20.833286
25.529412
29.152918
29.281106
38.815083
62.188003
38.965908
50.179570
31.266020
24.218099
40.682299
29.087342
44.635156
39.578476
47.595156
48.856577
32.414339
46.564798
46.361443
36.987175
63.309108
43.597112
54.970774
53.925333
54.164963
72.894998
67.697048
53.751886
76.237463
57.830655
81.704495
69.601070
90.966546
88.006867
92.473167
92.868920
92.754144
90.113541
113.623415
91.158981
124.580753
114.475135
127.620706
142.366880
144.801538
143.230096
147.006518
132.785621
156.664563
139.124735
141.625105
144.603582
135.248579
155.437263
142.667465
136.297544
146.139638
142.544039
151.040751
156.255201
154.900808
174.991495
152.339029
180.827677
163.314840
167.207925
172.438029
164.947006
165.086292
169.236513
150.664566
173.088202
134.894970
151.653377
140.938132
134.605959
142.084691
147.413454
142.844088
166.662376
141.379993
169.829359
154.422487
167.789232
173.011649
164.695549
166.657502
177.979863
158.989778
171.826117
160.398402
163.501472
164.194197
169.878595
184.488682
182.685501
207.481673
228.312286
216.238455
231.363893
210.762524
213.390664
229.454299
213.658215
229.871967
223.722704
215.869243
223.256924
217.533278
217.327841
229.287270
208.839727
234.573708
219.229161
228.150906
213.186599
212.798692
208.410535
204.232950
190.376447
210.052737
178.191990
205.787175
185.301153
190.535897
185.348268
186.118372
191.931978
218.345257
196.294560
217.164671
203.093061
214.323897
223.794491
210.553795
225.817382
213.731293
196.640891
209.174917
187.573812
193.986384
185.979765
174.817865
178.906415
165.298778
165.160971
154.996522
160.563709
164.055833
155.545967
153.848539
171.853219
149.804552
170.997777
151.930387
146.483988
155.068502
147.003630
149.143380
146.562981
133.878649
159.592096
128.551251
165.656255
142.690782
148.593684
154.113640
147.408143
145.554506
154.227063
124.233991
141.487280
111.567298
119.227925
124.999888
115.096178
123.321540
121.365894
112.165043
135.101546
132.157403
134.348549
131.970341
125.490659
134.586671
111.876475
130.889823
124.323121
121.101536
126.144604
117.734995
117.550130
126.871252
102.684233
124.650476
94.866077
106.716108
108.466137
105.256783
96.610420
99.745393
93.619922
110.037164
96.499904
121.065216
107.686927
120.358914
117.020088
111.610619
110.098193
122.317112
114.000084
135.605749
116.557829
131.985039
134.885587
131.605173
136.851885
130.133955
129.915091
138.304078
130.987813
140.182685
132.135706
127.281696
131.940938
118.791686
130.926266
129.346637
111.268464
116.463381
110.455610
107.255843
101.345367
92.189103
104.926130
85.741527
96.366290
83.157737
80.564526
85.745897
82.589325
79.350183
98.328405
82.847380
107.939972
94.904481
106.340439
99.566404
94.276869
99.164946
96.055718
70.295125
95.960894
76.207827
95.746729
77.954372
83.136033
90.270222
79.329571
70.025587
70.272594
67.268915
92.081556
87.140441
87.719327
76.904266
76.721680
90.908114
77.136630
85.813552
87.100713
92.858442
96.647993
90.875936
90.763649
108.798325
96.304141
110.138808
87.038908
101.891639
103.838634
103.101628
110.297892
119.566963
96.224145
113.995388
89.739055
102.260661
94.362071
97.361780
100.699961
107.025317
109.294295
122.816098
105.954804
135.847819
113.769163
124.203419
118.051427
108.846367
114.982543
113.302986
105.563196
123.969017
111.333451
119.486634
118.258927
116.926908
125.778614
105.801917
122.628794
128.915847
127.873767
142.508710
139.364562
145.753186
156.161206
143.823581
158.224540
146.135798
164.173937
157.847753
150.006810
150.284266
163.129699
150.473007
176.393184
165.111676
189.237270
181.272238
184.111742
197.432175
198.412243
195.473595
209.067840
191.202909
212.522309
195.796479
196.485425
194.361088
197.215351
192.184668
191.008310
180.543177
194.391222
180.988296
186.210491
182.609723
168.679410
167.456451
153.774904
152.674019
156.542712
150.136070
158.274451
160.292634
162.344704
181.050562
164.318998
161.095498
166.134003
160.416266
163.908013
166.553263
158.062818
172.961035
160.210593
182.932665
164.592187
160.076706
161.356200
162.225936
156.556888
168.885175
151.150303
170.732090
136.735724
148.359310
144.154160
141.779443
150.066166
158.148378
146.943872
171.677242
149.555937
163.785013
154.566671
149.614731
162.197383
139.410051
142.697460
149.530188
145.192310
168.840567
150.705491
163.226076
170.251356
145.540193
161.335965
148.168347
158.179435
148.862043
135.939268
149.762752
145.032397
125.663943
144.833745
128.104639
149.515251
134.129110
121.876780
121.060783
111.044196
110.661442
122.466522
105.589689
132.392424
109.651037
126.689732
114.368569
116.861749
107.788373
107.950303
98.502762
114.175919
91.307942
105.494395
92.352247
104.352257
99.801177
90.279870
94.147158
89.821473
90.435590
104.387334
74.600379
91.779947
81.381363
70.427323
97.455382
85.880399
91.300781
90.726195
85.441836
98.591863
89.633082
87.723638
99.279341
78.388756
93.860205
73.253889
79.789805
82.332932
73.239623
74.426502
92.121145
77.336859
114.517502
93.244771
111.410724
94.551071
105.759403
116.387936
112.287409
115.246312
117.470277
101.379021
115.488501
92.233572
101.934711
98.986833
98.504120
105.074949
114.819320
107.651696
128.040817
109.442787
113.024986
95.597716
104.726788
119.792789
108.879365
120.256000
124.250111
120.612105
125.953246
117.120215
124.348090
134.112779
107.938064
132.871678
115.697161
124.682620
121.366175
117.053211
108.083966
116.249838
102.400534
121.684205
99.602822
114.227587
86.987681
100.015056
104.888957
118.612310
108.278598
125.700819
108.672531
122.526680
91.433355
109.370448
107.970935
99.340872
104.045020
89.684968
79.167328
87.078647
61.896130
86.562391
76.739983
85.089295
84.319294
73.151733
81.123264
79.432289
67.254473
81.658296
81.381428
87.981836
96.264352
93.384598
110.219934
89.164273
92.687739
93.513318
83.070554
91.818418
88.244443
85.625871
96.910556
81.471611
102.657975
98.291622
108.385861
113.184978
110.182627
107.046642
125.737885
103.956383
130.152004
114.347670
126.707964
122.531869
116.365420
127.995795
120.640452
108.749562
126.507377
102.056172
111.071615
90.854380
83.580581
85.802180
81.669106
83.807270
81.442900
74.330173
103.112733
101.617529
112.082370
117.210731
98.982433
108.192045
90.188957
101.362928
107.878280
104.737976
102.907422
117.149421
103.829222
116.278213
94.266649
116.951409
107.399411
108.572257
123.900462
125.167106
120.420983
146.133361
114.059548
153.884660
131.979857
143.647910
140.580299
134.484142
130.760251
131.169298
106.105596
123.042793
98.840342
117.062765
101.562100
108.503803
105.143798
100.558536
99.105257
107.001450
90.580376
103.750039
97.219382
92.836164
92.830604
71.712602
98.980951
85.027292
89.492245
97.428522
95.022344
99.819954
99.576738
98.265473
112.990083
89.025663
108.808331
102.681995
93.900311
106.160595
94.351410
82.578784
99.487335
80.809403
113.493480
84.778264
96.354965
87.820910
78.003336
84.833746
87.972454
78.319073
101.606197
81.097710
103.241531
92.617306
87.253692
90.360238
83.946449
94.548856
98.628741
98.890426
108.175329
105.918004
111.046658
114.044245
103.272370
117.046660
110.699349
117.147378
125.299212
116.609093
130.571543
135.071490
128.659793
132.901798
121.345414
136.111712
116.281836
125.386055
116.828483
104.041717
109.608803
113.419646
93.583660
115.089048
104.347760
119.931639
108.930248
101.961215
100.222101
109.774918
95.244599
106.546004
74.585373
93.752629
76.388249
82.598048
96.065219
85.988798
99.488441
93.622506
100.248163
111.005077
106.989211
118.354103
113.789476
112.436673
120.626145
102.143087
122.828197
112.565839
110.243515
108.672706
109.293470
124.864515
133.632429
106.633311
128.698596
113.729074
123.354144
126.118827
126.345733
137.919284
143.175780
123.058549
139.260404
124.032316
152.429165
121.209585
146.163680
132.381174
117.568139
130.119447
132.880677
127.502319
158.503762
137.268758
158.568764
159.799608
154.359617
171.817258
170.327459
169.417620
176.577834
153.156310
170.626539
162.100403
149.308130
148.429907
141.120936
153.723110
151.110587
162.640727
175.317934
165.952398
169.721463
178.824925
166.143101
185.265250
171.340574
168.582280
162.024134
154.130586
152.615348
163.017260
153.617377
181.182393
163.036407
174.011900
156.081403
164.085422
162.127715
154.712979
149.439029
156.537391
137.811150
154.562887
144.254658
152.753446
147.187371
154.004297
141.505204
135.464408
118.601637
128.476238
106.549119
107.310221
102.671071
97.381959
106.135675
94.128929
94.767837
102.102116
99.222112
105.725161
106.741566
92.298557
102.847928
91.942248
109.439923
88.279151
93.938149
104.838556
102.624000
93.817583
111.058199
88.291494
111.384986
100.402772
111.850865
103.433533
119.146860
125.500246
129.072231
121.440427
141.410123
111.538861
126.214511
122.548510
124.104886
119.128127
111.227141
104.154355
109.583184
85.432645
115.130277
99.677358
114.179492
116.119340
112.542104
130.303274
114.476042
120.004550
128.048246
112.643200
126.397443
123.471705
119.861056
132.725661
121.658773
133.934909
125.751147
141.184385
148.749644
145.507865
147.718341
169.329102
143.710375
161.302912
145.941859
166.406195
163.257946
160.022300
162.089224
169.111502
157.606035
178.869930
160.526563
178.536965
175.769572
182.500698
175.021756
169.103727
181.622085
174.649261
152.684946
175.760817
159.963466
174.511762
179.794346
166.981781
187.997196
180.496413
179.080894
187.913601
168.726156
169.565939
169.159607
161.132740
171.852677
150.561166
167.802690
150.038142
159.063757
172.415120
149.570814
156.198726
161.400373
151.114258
166.916437
144.187101
160.599758
146.980095
145.205043
150.369039
150.860366
143.667331
152.121856
123.801891
146.929443
127.321306
144.005469
152.120250
142.770026
145.443458
154.830529
143.334514
160.269563
143.195698
153.551415
146.034057
150.302452
155.108255
161.071930
163.904116
173.172737
154.319685
167.002757
157.325708
152.466422
150.486550
128.012863
148.704844
133.103215
128.919684
133.329948
136.046005
144.938587
147.920212
148.057485
162.515665
145.372641
165.063890
155.508644
161.386894
169.640537
169.050730
162.033815
174.804386
155.770251
186.705408
165.432078
178.375207
176.025163
180.243734
188.429088
180.784315
178.628804
195.744005
170.425093
187.846848
175.602428
170.085329
181.404130
163.275115
181.191163
199.580513
183.612535
201.721377
186.308815
188.215465
193.783047
167.615861
184.257997
184.476831
191.007479
208.514382
195.657797
200.710073
208.438866
194.605161
212.704001
185.011149
196.093503
189.218695
181.195364
183.180180
180.660854
179.530432
206.119640
176.225518
187.383420
170.233019
167.690920
168.264368
163.338758
147.711425
150.008167
135.334452
166.129695
140.348834
159.564086
171.843788
152.929897
162.190337
172.805734
167.711421
183.525203
170.074192
180.843844
177.434986
183.031273
190.460596
174.037130
185.690292
177.863496
175.607430
179.859978
179.418018
168.341545
172.397749
158.867417
181.892077
159.939574
177.359952
181.877937
172.916330
192.084137
184.691671
186.877021
213.812307
180.039296
208.241014
179.701900
177.781262
185.392055
166.929574
163.117265
168.948476
146.597805
166.884391
144.902828
166.993207
153.564555
156.595624
165.038800
154.517185
161.607868
182.138881
158.347362
175.325582
168.147736
177.290109
176.400710
170.568846
184.768379
180.046754
181.183950
191.807208
173.957176
194.515264
203.064872
196.736804
217.331149
194.079588
211.517716
209.755486
216.715142
218.464196
215.816441
193.702034
212.283146
193.634970
202.692255
196.982400
200.993540
196.533773
200.817885
204.818355
202.193782
186.836683
213.755949
181.931428
191.523691
183.844806
192.824703
185.692281
193.106220
177.287412
186.656688
169.509625
182.329780
166.568646
169.300206
164.777150
150.302644
155.160654
149.541249
152.728520
162.237698
147.400672
151.404124
152.424654
157.639646
165.998216
146.226455
165.325779
155.299082
162.100970
155.414851
145.224952
142.019141
141.155282
124.315772
147.147425
130.251985
135.397080
130.083536
139.278487
140.904596
128.101830
134.301457
150.082799
127.015987
152.533368
131.378309
141.070829
146.954247
133.060729
140.363218
139.486411
124.213150
145.873293
139.391398
147.113332
140.442047
137.916459
147.505935
143.152073
145.383662
144.904779
139.599900
147.626405
136.817830
145.390679
154.773591
136.610147
153.010509
141.118555
156.150765
161.305517
159.366400
155.272010
165.069638
157.512456
174.025804
154.064775
164.873020
165.288644
168.056449
166.849640
170.229258
172.581716
186.667580
170.890159
193.045491
171.395411
178.860633
170.044994
176.380003
175.388343
174.978599
165.134919
160.528143
152.114886
176.199984
161.060814
162.174491
163.564422
154.737167
153.796002
157.153094
152.103544
172.012334
163.277059
175.653739
183.660874
174.165296
184.608466
164.779306
180.210947
172.281491
164.534750
168.195912
171.850887
149.513272
160.645097
144.947606
157.455203
145.486958
140.622064
143.895099
149.648791
132.420496
155.524086
136.934790
167.155021
156.891038
164.803065
154.734019
149.409354
152.565604
154.473278
136.748593
155.493439
152.294133
153.395021
145.654632
156.462286
158.630546
161.518254
168.143815
180.037966
165.436826
188.760684
177.035508
181.128499
201.056189
199.603282
217.785540
221.605540
208.748907
211.313053
208.047631
203.162935
214.219213
188.897915
206.620492
192.748941
201.262832
206.792311
212.104440
210.185703
215.135992
204.247299
226.741378
207.039182
229.700357
215.339981
219.062191
220.586070
226.271831
215.355293
228.634579
205.934277
221.577581
199.068488
205.292490
195.116345
184.788501
192.255711
199.186192
187.249162
213.564944
203.630280
216.060286
214.678242
202.774849
211.602681
210.249165
219.251914
221.906242
206.264316
208.479965
204.421314
207.945021
221.265110
209.502662
222.251754
202.932121
205.441101
203.624474
194.439589
193.366681
189.313593
176.365839
196.503901
168.376179
177.125098
168.749772
172.765831
174.213015
189.315053
174.614091
189.775189
171.340545
195.200906
180.445872
194.541406
198.541475
199.023862
204.129637
202.337023
212.937524
234.978996
207.111365
227.074291
217.298311
207.378876
222.182782
218.641654
232.617479
238.931507
237.117575
241.799972
232.001664
245.987190
258.474669
251.891672
266.460729
252.252516
253.491584
254.547844
247.963389
260.653137
254.564936
241.232127
263.195967
229.913106
240.831219
228.288440
233.334518
231.228515
233.396720
233.196259
239.561049
209.035420
234.436046
200.258776
210.373482
203.160551
194.512219
192.231249
176.361214
172.276319
185.181963
160.599453
174.736940
167.161025
163.155828
175.738050
159.638755
177.700806
175.122863
159.943525
174.479792
160.777336
170.799692
165.149462
153.553329
162.784372
149.565681
154.155054
148.680655
145.367495
146.647177
144.933744
149.769931
159.882597
134.117672
161.148833
145.717461
173.342431
163.504008
166.286292
173.694238
175.783004
175.884191
193.271471
170.419669
199.565580
195.203158
202.092807
205.925089
213.598422
198.574730
214.274737
200.546193
239.009483
220.013062
237.472756
236.128279
210.915654
231.864476
227.257864
228.020781
231.025394
220.827120
239.717877
221.711359
207.670472
228.769113
188.642526
205.579790
205.119224
187.386136
198.345874
195.069111
182.465977
186.372051
161.953388
170.389062
151.928805
168.395766
162.193127
160.985680
162.894209
178.219959
161.796201
187.658085
169.249826
178.180354
173.321729
167.521710
163.699543
155.592644
143.450847
171.819110
153.190394
164.771832
154.325719
163.924246
159.332989
153.972256
155.293657
150.604020
137.743247
159.805046
143.703335
151.064119
155.103141
142.119872
158.339543
145.029984
161.628635
159.531932
142.824927
149.421746
138.193172
129.473999
144.948258
122.247599
142.310033
133.616424
124.530866
117.265480
138.726261
127.221232
143.610041
117.053124
147.965721
129.056653
133.069775
133.632198
128.213637
129.664703
131.762720
125.279155
148.186653
113.061865
130.907967
125.123408
120.372934
123.765087
108.317309
114.626400
115.382128
102.914632
117.558892
109.066850
116.460447
123.449586
112.169208
110.005659
100.112132
87.716433
97.881040
88.878237
92.233678
77.886620
63.316964
82.721702
59.875407
76.034341
68.047360
72.227805
72.752984
64.219614
72.989267
70.622765
69.252766
94.951703
67.024483
77.940592
78.699943
75.515544
82.706849
77.052821
73.427660
99.445258
68.917663
88.463772
72.761658
73.329243
65.785792
59.740212
62.469029
65.024198
49.286205
73.357204
61.849445
59.047604
54.343231
62.808640
72.416283
64.551614
72.551210
74.520371
66.622899
82.387362
80.817327
90.306354
93.984034
90.533348
109.608058
87.613635
87.939502
94.228174
94.835336
87.383230
98.336333
94.853748
112.097145
88.717467
116.716722
106.766538
116.426333
108.304531
107.741605
101.221828
117.275037
96.178700
122.323949
113.239952
114.873978
112.950640
118.004288
115.001909
112.957262
105.063878
108.052172
85.258321
95.643016
79.163161
85.898439
89.770561
61.527422
72.191732
78.322946
63.612604
74.891093
59.367908
64.914521
75.040690
58.216562
76.366097
66.489862
79.406585
94.803879
106.902603
108.978374
111.266916
97.776699
105.710291
86.961535
102.289981
91.761338
100.676573
94.946523
104.607173
101.570180
101.351438
92.614518
113.400467
78.009845
97.206965
87.102822
105.279221
102.551775
91.419110
93.167673
106.172838
93.301409
109.295739
92.987839
104.750099
96.792961
88.241512
107.579540
103.667233
99.483586
115.260105
111.145374
115.314050
117.259666
114.676761
126.544456
120.980256
134.202768
119.291222
112.478620
111.618716
113.232102
98.323788
116.639710
91.440724
104.863634
92.497464
92.531310
77.511152
84.524133
84.432470
71.969736
62.167311
95.285358
65.789950
81.656003
84.809940
88.323298
83.683635
100.861441
92.084713
103.456809
88.800989
97.245206
78.352970
80.774915
86.022858
79.064005
77.853031
82.793083
66.871050
82.143667
65.919179
64.599657
76.086354
69.378197
82.932173
65.468581
71.291327
70.806819
65.671472
56.737405
57.334271
52.634572
67.492278
47.013727
62.819242
68.322033
77.949961
83.074191
84.025053
69.233217
94.360766
68.536918
92.438709
84.383579
82.505966
74.277703
85.823434
88.491920
98.533498
78.791397
111.892580
84.498050
109.267862
109.424093
123.182838
128.692237
119.868415
126.297994
130.624384
119.332651
134.577159
122.690362
121.465926
131.451976
131.049148
133.909994
122.516910
115.273211
128.694402
108.655375
114.819399
123.140655
115.840713
137.119623
111.779687
129.654465
124.536122
116.217381
135.342949
138.349497
119.289477
142.802666
126.726954
146.943093
128.567894
138.095046
132.802639
146.922822
144.586614
142.390546
128.901641
149.663024
126.683657
155.059607
154.445375
142.220562
156.980235
143.173807
137.703839
145.115310
133.787295
163.349508
149.948501
146.525180
160.093232
144.647275
157.546088
160.101528
149.214248
158.585560
149.191667
156.234403
152.301537
140.977346
154.349149
131.312519
131.942779
129.188120
128.652747
136.613261
132.271865
135.793735
152.997334
140.478859
162.168423
141.856015
165.261884
163.015633
162.738843
168.666318
161.469701
157.085324
183.884813
157.428060
174.796030
155.664368
158.840606
156.597666
156.566212
154.178863
156.240450
153.262614
168.598380
142.005984
144.854032
143.553036
137.708539
148.787169
133.819806
126.574448
140.366594
118.283648
122.759096
113.621334
93.860892
107.407457
91.916487
101.350861
88.644060
94.122929
98.921594
90.899350
90.761522
92.889971
67.341082
82.343758
58.734541
83.577241
74.898706
65.529173
73.095779
80.013547
85.571826
94.721330
67.281683
95.160080
80.577299
86.747867
90.523655
104.115407
101.154267
114.179639
102.210132
134.358276
105.070690
111.450745
122.854387
104.785222
125.644052
117.852442
120.024718
116.351484
112.350630
122.577717
111.667310
109.206655
115.353475
96.767740
104.933334
93.892013
93.512625
95.166880
83.588827
90.839611
94.515367
80.266390
99.622092
77.531013
105.300855
100.827578
98.038880
96.530126
108.383301
96.447178
110.967502
91.406457
119.876467
100.689917
104.227815
101.486321
91.563574
96.964577
100.792798
73.665525
90.217245
71.834061
76.805209
71.740872
66.607307
81.303524
65.047841
51.545265
70.095123
57.090309
62.131270
57.573950
48.889835
55.166137
43.296397
55.354766
52.797147
52.170417
63.329892
60.759744
47.620954
64.627183
58.542636
82.262188
64.969881
78.777510
77.415547
78.688173
78.385651
80.117734
59.566296
76.655520
48.760178
76.430362
50.443567
63.634595
86.134508
88.846087
88.564323
113.900039
84.909373
103.587604
91.107860
90.815497
92.410317
72.161978
80.034179
73.687520
68.458966
88.441069
67.243952
83.227143
83.497118
85.669440
92.452290
85.225620
101.561072
91.462557
87.783088
89.379015
87.845766
87.614647
105.954490
88.736578
102.455241
90.120336
93.459251
81.174772
89.310590
76.534482
74.819383
69.821571
91.796716
70.304925
99.427915
93.845788
106.729643
110.856948
119.195106
106.148178
106.472789
89.866115
124.105289
102.043155
110.379453
93.717778
90.844858
100.766856
100.996239
90.625660
110.606269
101.912551
119.569905
106.982938
108.492739
120.523635
116.834696
123.893011
111.556577
110.825147
125.981618
117.381838
114.510624
124.730502
120.082109
153.361769
121.882535
146.230405
152.247463
132.958616
143.960241
143.748189
136.089140
152.714890
122.407215
143.869533
128.558284
134.058408
112.508956
110.354069
97.534812
112.595964
98.267480
111.742965
102.238121
128.248973
126.284693
125.525861
130.026363
130.292540
132.460415
138.930196
137.129071
153.709032
137.589507
151.622399
149.029288
136.311133
141.691910
129.972496
126.135682
127.939123
108.304653
97.882511
93.756360
86.674298
97.004326
85.307630
103.256842
81.694093
86.436682
86.865361
82.735606
77.848953
105.317757
93.769967
120.425953
96.605473
125.805778
114.903478
124.079926
136.707634
137.345711
122.388941
137.338009
116.324779
130.906737
101.484021
119.058753
115.382925
107.941763
117.217340
121.417400
111.908838
129.537822
111.841424
127.608489
116.756283
116.587479
124.980784
111.629119
120.703725
113.566580
109.621155
117.841952
113.036034
107.540306
115.148160
85.005079
114.296357
105.930822
110.999148
116.818092
109.401191
100.875964
111.331266
93.457826
115.139062
91.591319
103.918041
100.142973
101.113349
109.690073
121.496241
121.222418
131.843499
118.980273
138.965763
135.100047
139.570601
140.999003
149.979256
151.967325
152.844831
138.461045
159.051902
144.122003
149.942479
140.678081
140.833842
150.511374
146.872394
149.021981
155.548354
138.716323
147.447111
143.977491
142.008944
160.666583
145.206716
162.426336
158.972922
146.703362
141.871188
143.601409
141.600682
141.934970
122.473833
133.811751
118.710346
135.206820
115.689202
112.494050
113.923109
114.092187
105.217476
127.048902
101.534849
113.912806
105.230308
116.460315
120.594566
126.531677
111.725593
117.827616
110.440987
127.751541
111.705638
112.566965
109.230882
106.891362
96.034189
78.416070
71.090841
75.787633
57.632522
63.345372
61.295949
54.363046
53.612181
38.635086
47.042386
46.721948
49.476194
55.870463
68.527804
62.148155
71.375983
57.526481
89.645037
74.644253
87.841236
81.438002
73.892735
74.355280
78.305192
59.723176
77.246891
58.445914
65.736855
64.275513
67.199473
66.898830
76.650314
53.712979
70.740615
61.988789
81.815317
76.223705
74.802283
80.987570
74.530134
67.744529
74.368505
60.312184
81.671632
62.097969
68.619416
66.149052
63.176454
75.211557
60.731292
71.726951
60.216763
65.047410
73.171856
60.124326
51.595378
63.934021
41.927139
50.009843
41.911991
43.165109
46.744087
47.858692
45.350943
54.767795
23.149083
44.611306
21.533444
48.743482
40.344090
38.156077
45.049798
54.942359
36.248873
55.413947
26.346364
57.598379
54.599677
65.609097
61.531700
68.968463
82.219540
79.435939
57.892050
69.770685
50.676230
57.442895
57.075370
50.315236
64.737432
47.308434
37.810870
37.590864
42.654295
54.247101
52.265567
55.808250
67.884322
50.127270
62.146786
59.241034
52.131546
43.034409
36.290746
26.394070
32.608006
25.742746
38.544893
22.807247
43.787021
31.721108
28.385358
37.029205
20.122062
16.504248
39.111258
21.058233
32.761644
10.350886
31.850520
24.199282
12.476148
18.628711
16.020687
-1.195035
18.799015
12.126882
24.579887
14.133532
23.303514
32.888005
17.956782
35.829369
35.036073
30.179792
44.882404
31.098889
38.935123
40.359640
23.700065
51.819742
33.711280
50.917636
49.856057
39.228691
52.499623
50.730903
34.845262
51.917313
28.742256
56.605043
43.386400
64.255195
77.747642
79.420916
83.012660
108.962371
97.856139
120.575426
95.604328
105.547846
95.350529
97.542220
96.918133
84.050009
81.760341
95.680818
74.588957
87.290207
77.578213
77.326232
84.012902
76.701952
83.286148
75.697034
76.558322
96.772008
84.767643
106.572398
116.840438
101.954961
118.506902
106.214227
122.724068
131.077527
115.053085
118.976238
103.114972
97.396461
108.633433
82.034843
114.300481
91.571262
104.321299
104.108445
103.508228
95.267172
106.598989
97.387622
117.714645
95.776117
113.853515
110.337318
124.632023
115.509346
122.711208
119.918615
133.656628
119.170247
124.756939
112.040112
106.200705
107.032488
96.049989
102.161584
92.661843
79.626553
88.853136
61.793599
75.213876
76.830950
65.809459
92.329506
73.756215
75.819369
64.990185
65.172100
57.947114
61.381804
46.286673
61.877843
32.969042
39.796277
32.285794
39.000927
43.653404
35.927379
33.744021
49.958406
29.622105
49.972842
16.458067
34.861384
36.048925
26.522793
25.048517
20.126293
20.628058
23.163706
-6.076724
16.009636
-0.243271
-2.092572
-2.642413
-15.171374
-2.624076
2.676996
-5.867670
-0.803152
-7.025415
-5.110306
4.043184
-6.644017
8.868837
-1.142401
14.941404
18.835623
11.545138
15.822799
29.431205
21.495100
43.731901
24.827982
39.291389
24.536958
23.406464
22.299876
20.361746
19.587681
23.266821
3.032184
38.265796
1.149267
10.224983
8.788832
11.631360
5.529984
10.377934
4.639879
15.388388
-8.304133
19.694937
2.525282
10.914090
7.566626
-5.805359
-5.741064
-3.788739
-13.757745
1.258820
-8.840315
-5.957497
1.725512
-28.125702
-12.627047
-18.266796
-11.846576
0.480304
-8.578915
0.561138
-4.160958
-12.423515
10.403453
-10.183245
7.736299
-5.749319
-5.736232
-2.057684
-2.960500
-6.348419
5.616591
-14.655288
3.067627
-9.381819
12.441576
9.761215
10.132086
7.881430
10.584181
-1.660959
0.349739
-11.814188
19.590835
1.433242
7.951675
4.102848
9.683400
18.799551
22.775336
18.314198
32.778315
26.211987
39.782030
43.879856
36.111341
46.997372
35.138547
29.075402
18.921139
7.375128
3.852622
1.960371
5.507681
26.790108
4.122512
29.251389
17.613154
25.283176
36.736919
42.002336
39.035860
42.489880
30.054276
53.268098
28.835904
52.394357
31.281581
35.572542
47.375361
39.352164
42.889023
50.584905
27.011034
59.025426
43.803163
48.619084
32.119146
30.412857
35.161488
46.554561
34.496616
43.339577
32.422865
44.131698
28.834015
38.077856
38.349473
25.155418
56.483698
46.664608
45.153516
61.793153
49.179690
62.227402
60.053506
45.984808
69.817286
64.918551
82.906386
74.725171
71.534362
72.770654
65.895674
54.363548
69.624027
47.084332
64.457935
33.540764
46.691007
46.408272
43.535930
38.225845
45.964290
23.711999
39.456653
10.900781
25.012852
13.328541
14.149950
5.599837
26.590745
23.467761
40.145720
21.244552
33.114991
14.496370
14.553164
23.490211
10.720158
15.696475
8.829208
2.963794
16.412880
9.306473
15.632277
12.381747
11.079868
40.358053
28.870948
44.798773
42.756440
45.715866
46.808156
43.933104
47.270045
57.007605
23.368683
42.226582
37.779392
39.995106
41.558069
48.153647
25.814803
49.466203
23.959290
29.660153
25.154747
19.063732
9.999366
5.797546
-5.615257
9.247186
-10.287522
5.863329
-15.831889
-9.389208
-13.677165
-7.821218
-2.660334
-2.512644
-4.600734
13.932890
14.944483
23.523340
8.425375
11.323716
16.202263
0.565097
22.974793
18.575412
26.546891
23.031213
27.462775
28.104644
38.374472
32.329233
50.329532
36.166631
45.382514
30.409894
34.058764
36.585375
36.120857
5.728058
28.569085
10.172884
6.055101
-15.246533
-7.012180
-22.555911
-23.935650
-18.863320
0.911228
-22.430091
-5.481171
-31.779401
-21.983114
-33.618157
-42.895401
-40.318696
-53.816165
-45.347785
-38.671662
-51.300819
-30.648342
-43.349112
-43.056050
-27.145398
-43.600386
-35.583825
-37.351005
-42.878552
-38.081893
-40.205706
-35.988645
-35.459279
-50.596366
-21.310065
-32.822212
-24.050299
-17.581073
-7.174389
2.300092
4.885160
4.333972
17.479745
-2.247473
30.175971
17.729667
24.210771
30.416395
31.444092
34.055283
41.550008
25.431977
40.413845
8.229229
34.332485
23.090463
26.237440
31.197403
28.426504
54.962405
72.746173
58.565991
77.763324
64.876836
70.099656
91.235394
77.265188
95.482947
91.065922
91.679706
96.982994
95.841169
101.275847
100.853253
86.905462
105.192813
84.205342
93.593025
80.696613
78.759973
82.283338
64.645614
54.065758
58.364668
38.669614
55.522897
37.857562
59.292591
54.384797
60.190062
54.848132
62.600168
46.233337
58.858286
32.303191
51.631125
32.165090
33.398846
41.648957
40.526285
38.185898
39.853915
36.468227
50.755143
39.493925
56.758707
60.756218
59.187218
83.592462
74.449502
82.836543
92.810764
73.191603
91.447557
77.929935
67.126066
81.662355
49.543058
63.953427
50.516677
65.335037
61.422885
50.464303
62.786938
68.812031
38.492546
65.303026
40.086385
52.586507
38.393025
42.178698
53.864448
44.359260
42.015977
54.453525
39.716636
60.948830
34.745707
43.714744
49.219357
30.165588
32.522581
33.452298
16.325664
39.446877
13.451176
36.469688
38.742915
20.299734
30.112685
23.992635
24.728437
29.759551
41.874014
57.826647
56.588479
58.876719
75.864371
60.187102
64.562953
63.627500
65.492301
64.061191
76.539789
69.152741
69.419929
60.149213
89.068116
71.148465
91.875285
65.784362
66.024381
73.059460
66.741182
63.447725
74.639924
40.525562
57.726528
42.651927
43.241308
35.164754
38.918871
45.202956
57.775116
41.041900
54.606613
38.073172
40.903152
36.098997
42.477325
56.365287
33.488035
36.826146
38.288120
13.092509
16.733854
12.525953
8.131129
16.195679
6.298619
23.646845
27.365946
33.188903
36.712387
36.567114
30.789000
42.699849
14.545864
41.899451
26.050769
29.817466
32.201521
30.258004
33.171037
35.487832
19.718864
42.909809
12.648449
32.474515
24.546225
26.906195
34.669025
22.364625
24.474153
33.703600
7.149224
23.669011
1.487237
6.840280
3.255636
-12.731490
-2.404662
1.981692
-6.119072
8.061740
1.573440
-5.477948
-5.734000
-5.835573
0.707038
-5.157334
7.790800
7.138394
1.369509
16.374733
31.891934
37.452439
42.962193
29.735742
57.537883
32.186360
56.125846
50.675139
46.254000
46.415488
58.783824
48.533231
80.117522
53.843837
91.093252
81.645989
82.191991
96.025149
94.559692
89.827396
107.909561
100.541362
121.673967
102.099234
105.015446
109.055435
92.183629
112.715030
118.928974
104.186496
130.416737
131.185194
144.443256
141.142805
147.664581
165.288682
150.025233
166.760324
149.930927
139.944238
147.212665
135.632978
132.189357
145.135717
132.609990
155.235554
141.421331
163.131792
161.371373
172.616941
168.741911
176.208144
155.012485
168.578952
154.111192
164.105252
141.255078
140.759095
127.805082
134.577015
132.032545
138.712640
121.178621
147.128349
129.717872
137.699830
130.484643
145.740633
158.002354
158.577833
157.620606
171.024411
157.675863
180.342471
172.865844
177.192801
189.285389
169.045173
184.675837
198.816100
191.016958
184.246495
176.881478
171.831530
173.331008
171.554603
186.189404
176.187817
183.094957
168.038900
176.282167
186.433567
178.874003
185.584797
195.142824
180.357785
196.518482
177.200987
203.288951
203.508400
204.381779
209.280568
211.969460
199.058932
220.192487
189.948185
201.741799
190.902162
190.972839
189.666001
179.118372
181.615872
201.688047
194.066065
205.272006
178.280754
199.545156
196.090496
176.445790
186.249593
174.021848
174.465459
174.642127
170.446414
176.525268
172.624097
165.337505
176.481083
155.024509
171.344937
151.785739
139.938893
148.045032
126.033672
127.972339
128.793425
117.529588
137.935829
115.972606
137.794661
116.031996
113.310863
128.722273
129.898100
116.690401
129.658661
98.208605
121.273951
107.714048
116.222477
110.749236
98.472205
102.323797
95.263951
84.625522
94.590066
72.313345
86.080866
73.030322
71.710153
73.039719
58.886510
79.053609
77.829490
60.428631
54.333399
47.682525
43.772520
50.111011
39.715237
57.899558
44.900544
54.621332
49.850742
56.753374
64.729853
55.315874
44.052849
63.373854
34.671588
59.372080
47.495870
52.255830
56.596629
56.630219
44.015101
65.654505
54.640465
80.318577
66.778122
70.527813
73.363686
73.484926
71.263873
72.331668
59.651593
77.552543
57.764112
74.796051
69.587406
72.762340
74.577532
70.124322
65.014208
65.779003
58.043357
60.196405
59.479417
59.392609
67.623731
44.905098
61.543930
59.733244
60.288716
52.127132
52.643225
44.634949
58.915178
43.136673
68.691795
60.434373
63.149613
60.909580
55.919024
59.160781
59.033347
45.422062
68.587693
44.687835
61.569571
48.340919
51.331892
53.738640
53.081078
48.409358
60.846529
35.843010
67.972661
50.722390
56.196366
50.503919
38.918574
44.384746
42.133992
45.250577
49.009283
22.332437
33.712155
38.801528
28.118864
43.503409
24.380222
30.869764
19.620799
14.998276
16.987902
10.142730
3.510472
19.409930
-1.443204
23.253075
12.857392
26.389341
33.582746
32.249187
33.685952
43.062759
24.616581
44.667117
7.274164
31.234402
22.961561
18.578244
9.198558
6.804540
2.166343
15.072677
-0.063408
11.659413
-14.036645
-8.357290
-3.788690
-11.875851
-11.252123
-4.787609
-6.845556
18.051610
5.410997
23.133256
30.526617
17.243460
30.619905
23.583970
38.202989
47.189479
42.710791
44.149504
45.162712
43.746521
53.072715
38.357627
46.260201
28.374701
33.893582
25.078128
27.807693
38.228576
44.579953
26.954129
50.975944
23.350323
47.553357
34.446442
35.194015
48.124126
40.341247
42.223354
56.538928
50.581569
71.424305
45.666445
58.475856
51.197102
48.276673
63.775566
60.924466
49.202708
63.985732
43.717546
59.100734
58.491568
56.840343
70.155208
57.033829
78.238239
70.942170
69.469382
83.684965
77.790108
80.378154
89.317258
64.433911
86.171050
69.343530
77.725286
64.772018
59.421009
60.315766
63.513182
57.725520
76.484987
56.212559
65.577736
49.693342
51.787969
56.931876
58.693715
49.687767
60.162460
40.323061
64.635698
45.840474
51.388279
41.282821
33.958655
35.210760
10.659470
12.862977
28.114046
8.508442
34.335656
27.236922
29.042318
37.673264
39.731392
59.145540
44.532433
38.388253
58.615823
36.534205
57.892944
63.981362
45.355398
64.638240
45.993556
59.138442
69.910284
61.456467
67.963657
74.279328
71.137236
86.218136
61.233326
94.389025
70.708326
73.976891
69.661700
70.551998
69.464269
79.669254
61.512593
84.149126
46.026263
56.042174
54.732149
56.912291
57.659552
60.856538
51.304673
70.322682
65.129613
80.677523
80.480626
69.275744
83.408176
71.653349
91.860219
97.085821
86.606346
102.101807
96.668728
98.503192
102.505186
90.379734
106.127477
101.018976
105.061874
109.516250
93.381331
114.188096
119.737529
100.616025
122.654881
92.536893
110.816803
100.339588
102.044616
101.462912
95.060383
81.052610
101.546830
76.501525
83.593240
62.514564
77.271566
63.582561
56.765308
56.200818
57.309204
45.639513
62.447755
41.256038
53.464968
43.317263
41.473544
52.228098
41.344136
48.352673
54.624539
50.077727
61.788467
49.597747
67.441910
67.913484
53.458506
73.973393
54.128080
56.411532
61.587450
62.963581
70.404594
82.425105
52.883712
77.656604
47.598889
53.967278
26.621439
31.159020
27.650117
16.791294
1.308295
5.348065
-15.740330
1.592180
-27.443737
-10.939697
-17.617835
-10.922173
-22.327697
-26.237599
-30.568426
-17.076781
-44.258516
-23.195954
-46.182021
-42.327604
-36.422583
-43.364099
-42.843555
-40.291001
-48.421243
-43.698404
-50.520823
-39.522507
-37.862463
-52.556093
-44.106265
-65.443610
-64.660836
-67.422114
-75.901973
-68.696967
-65.472750
-65.176125
-58.516801
-72.085617
-57.091300
-67.668042
-61.844120
-62.605088
-53.619385
-46.267066
-39.576924
-64.574209
-49.267647
-71.130922
-58.673174
-67.400726
-72.909934
-67.091981
-60.346166
-67.784611
-62.635197
-86.584808
-70.587941
-78.278104
-66.493742
-63.074334
-63.935076
-56.418818
-56.849697
-55.838152
-42.099039
-60.282933
-35.087084
-36.533055
-44.156422
-29.137529
-41.052076
-29.966061
-40.606698
-55.841582
-40.657598
-45.466760
-41.277537
-37.902924
-55.968605
-32.843125
-54.139144
-40.670115
-37.137971
-34.467317
-25.834878
-23.045008
-29.628727
-15.346782
-30.854147
-0.471682
-11.531519
1.291144
1.893092
-3.036341
3.205368
17.160279
5.100289
22.681956
0.213497
10.911643
0.016695
11.977043
21.569706
5.956197
7.113688
10.542450
-2.118341
19.788038
7.189548
11.422067
8.589712
-2.346315
10.521603
5.192472
7.862888
4.908218
7.389363
4.297362
11.873683
-12.406655
-5.583849
-10.320444
-9.078150
-18.043794
-15.025429
-25.394155
-25.721773
-35.904255
-14.146763
-32.807892
-21.355529
-29.450827
-18.291159
-5.157072
-0.022865
2.070786
21.996762
4.873914
18.464432
-8.105445
13.006910
17.181418
5.305303
1.880475
9.005497
-9.076826
5.641287
1.481079
-1.251846
-5.200791
3.785840
-1.003623
-13.279155
-2.875735
5.462449
-0.416536
6.509611
2.836707
-10.944685
2.054408
-24.568592
-8.854749
-35.145446
-45.065245
-35.475946
-39.185433
-42.998515
-46.536824
-72.563055
-49.610594
-77.351067
-65.194277
-54.656340
-58.764670
-52.290933
-40.640116
-56.227286
-37.049588
-58.965813
-46.556227
-52.803705
-42.771940
-38.581725
-49.344175
-40.436869
-44.106619
-61.479237
-30.040553
-44.672280
-36.251066
-32.616169
-45.887134
-28.813480
-30.773788
-37.205139
-25.663111
-35.610100
-20.142989
-13.100039
-21.798890
0.206612
-26.204299
-11.080261
-14.084116
-24.860807
-17.328332
-30.084640
-30.947786
-3.768648
-23.421316
3.332553
-23.218183
-6.766392
-6.595563
-5.964235
8.284289
9.616276
-1.263349
27.784098
2.961161
32.598440
26.438393
28.905166
30.242233
31.981415
35.110064
33.292251
42.764520
58.090002
40.806557
51.426646
51.496836
36.817132
50.387737
50.749845
61.811818
73.211128
54.239987
64.866094
50.382139
59.786215
69.705334
46.895541
57.085039
60.525950
56.596306
70.373812
56.596663
44.076392
55.888431
46.119583
70.112335
59.070311
70.364714
59.564431
57.380500
55.766572
49.846740
40.531304
58.831709
28.349176
55.389846
31.485596
48.086050
37.824928
36.829867
32.258909
37.116885
30.353046
34.058530
17.854702
42.301852
25.372175
41.243268
47.445104
54.110861
54.364167
57.911953
45.396563
62.698411
54.958892
59.842410
57.966197
54.356137
68.352197
52.294827
57.729502
51.064728
49.502223
56.760589
47.865079
33.134196
48.270937
26.865298
45.747240
29.625991
30.887380
18.480056
25.450114
27.218685
38.772630
29.033857
46.574027
23.820145
42.670245
39.250671
36.348689
37.480331
53.614731
34.351606
48.726963
23.607932
43.880138
20.959069
23.928469
31.855469
32.438211
30.189539
43.620775
45.555745
40.908885
22.727838
29.141172
24.568225
5.428043
15.215185
7.894791
8.971734
20.007010
-0.068922
-4.377492
0.306308
-12.433560
7.833567
-15.302800
6.692523
8.545337
-1.724475
3.249803
-3.102005
-7.539810
13.053209
-1.674914
27.787648
14.691285
21.057781
16.340440
17.044297
14.205265
20.253348
-3.004346
17.780612
-6.636927
2.240785
-4.453746
-9.854805
-6.249380
-6.972268
-17.011807
1.181468
-25.774601
-11.695231
-17.745466
-18.770267
-10.222262
-2.586508
10.568795
-2.780729
-4.362094
14.062937
1.511127
11.530395
19.757851
10.461800
31.454200
4.415088
27.149829
18.378436
11.792932
15.567817
21.621981
-0.918685
22.999936
-3.310516
18.180675
7.077656
15.509875
13.918317
21.637026
34.411699
49.578014
21.671326
40.872130
25.374374
39.138877
26.172508
34.813029
33.937788
21.978308
22.967140
30.294870
23.579454
39.677514
27.141504
42.933931
44.941177
38.351849
56.505729
56.272269
50.991356
69.489199
56.718879
63.846106
69.981361
58.985449
78.582912
68.153235
74.771550
76.581099
68.859611
62.706075
36.758278
32.390385
46.411926
32.288873
42.413500
24.134921
47.044037
32.058232
31.969134
33.175893
40.593781
26.724389
41.610742
21.899063
30.576614
16.775153
30.846672
31.242993
31.483971
33.431257
33.120708
16.574029
34.630768
18.244475
22.928470
8.562566
-13.560998
-19.006031
-36.047797
-12.597582
-15.459444
-24.320500
-15.150191
-45.543205
-47.080425
-40.210279
-62.594126
-39.277689
-40.552374
-33.597530
-35.414755
-29.270062
-18.037372
-14.852365
-37.412502
-11.720762
-33.316140
-18.586595
-30.401495
-31.928159
-26.331254
-19.488097
-25.621566
-2.290501
-34.839958
-12.976905
-32.754149
-13.733082
-21.551370
-26.302158
-16.238385
-8.801527
-13.819420
0.637740
-14.055181
8.734963
-6.742446
-5.966733
-4.467770
-7.066823
-6.808454
-1.716088
-4.930530
2.285738
18.436643
18.145705
18.324012
6.513219
27.806192
17.942519
18.701594
20.655030
18.782591
15.679080
21.074177
-5.767608
19.106624
-3.258524
0.572041
3.768090
0.285585
-2.652281
-2.817546
-20.343836
-15.363635
-21.470212
-11.546387
-23.572349
-11.917755
-31.851693
-26.733184
-37.551938
-33.344239
-45.275835
-20.553097
-37.566257
-31.913635
-34.422137
-25.625741
-20.684743
-16.380042
-20.225395
-9.438278
-16.198787
1.086796
-10.987232
-10.473587
-5.316246
-18.992734
-16.067678
0.668930
-2.696527
2.180312
-2.330486
-6.794865
11.603834
-13.570396
5.177329
-5.212553
-1.641895
2.019835
2.984178
-0.314083
0.603753
-12.430830
8.516907
-10.278518
9.090820
9.368474
18.069086
21.896220
14.702394
19.175335
37.171039
20.022376
33.220829
10.928962
16.901878
11.568405
-5.861136
-3.467458
-2.426742
-16.985742
10.458701
-0.953027
14.543695
6.709524
3.624440
13.076727
17.492088
38.731069
46.989975
46.799184
60.577946
57.735729
46.230621
58.663778
49.095615
69.438101
51.371805
46.555712
51.001591
52.188445
53.949343
58.472060
46.184206
76.797943
58.806050
82.356292
72.432669
78.721073
89.485394
87.602954
75.655712
79.697794
52.356706
73.090841
44.926404
61.177004
56.201049
44.929152
61.919165
59.106977
49.280674
78.753358
60.114280
72.492408
66.552109
61.951500
86.332217
63.543808
69.037599
61.571178
38.660266
48.098463
46.844028
39.650084
49.813534
33.285530
43.075953
37.699521
39.245428
32.290055
8.952956
20.445440
16.140667
10.546027
26.294305
-2.888227
30.839929
17.129956
20.623433
22.590914
14.935392
21.711483
28.649935
11.313347
40.715039
11.480119
29.746732
12.509195
8.080973
21.937000
21.988689
18.967672
40.125893
32.753806
56.380530
34.585684
36.100570
47.204321
33.361908
46.837613
47.135693
40.434757
56.301625
48.038196
50.435131
51.188488
39.061498
55.799078
27.715338
42.074079
45.620433
33.336206
46.856443
43.692935
22.564671
35.859263
19.789159
37.117131
19.119200
32.204283
31.202182
27.793857
25.487485
22.082899
6.562718
26.119008
-4.125271
5.111081
-9.605068
-6.351132
-7.160165
0.767265
-3.611497
8.961791
-9.079834
0.881662
-13.418204
-7.856951
5.776176
-0.639435
7.964973
8.569661
-3.848106
9.327837
4.223041
14.216910
23.044563
10.047598
26.988377
11.377530
9.280853
9.009319
14.694299
15.342253
17.999357
12.936852
24.546022
0.412401
26.729138
2.496616
7.244167
4.455850
8.133825
6.841827
22.366677
1.477357
22.939017
4.094636
12.570814
2.062898
7.810073
13.958780
19.980237
8.241786
23.578354
-0.575980
22.121300
4.335944
11.021412
26.138320
4.939979
12.499829
34.601803
21.862016
33.933837
7.943417
26.055721
18.782404
3.803955
20.264262
8.053049
3.171259
7.784506
-1.372194
6.131328
3.921903
-7.732419
10.539981
-14.967133
-6.009234
-15.973300
-26.293223
-28.442609
-17.048217
-33.020377
-20.508944
-34.670234
-2.642251
-28.575489
-8.048299
-19.214041
-19.602307
-12.431938
-18.610479
-40.469311
-25.854879
-47.440519
-31.349419
-56.118152
-44.227066
-40.811053
-54.285969
-62.320774
-76.261016
-65.477175
-58.210880
-82.732742
-68.171928
-63.124143
-72.751089
-62.286518
-76.173230
-72.823949
-65.377629
-74.202308
-74.490423
-79.714547
-79.361965
-59.676097
-71.265838
-54.737612
-72.223731
-61.323390
-58.394191
-51.972265
-53.383884
-44.320689
-59.064144
-38.892364
-54.874725
-39.922929
-59.345573
-61.021884
-66.004780
-68.923524
-69.373183
-49.723382
-69.267533
-56.658745
-62.880471
-55.456835
-71.183957
-81.978300
-77.290129
-78.384718
-84.431812
-77.399393
-84.371220
-87.158968
-103.510898
-95.347537
-99.553663
-110.984749
-92.477976
-85.040556
-83.653266
-68.410932
-57.658758
-48.572336
-39.077519
-40.647183
-10.393277
-34.713104
-15.041270
-15.795161
-22.742525
-15.276749
-18.393152
-31.154247
-15.275816
-57.255946
-22.226803
-32.431535
-26.829073
-28.160876
-30.752607
-38.447090
-43.128623
-50.931540
-18.177748
-34.010919
-22.441159
-27.907627
-22.075667
-15.758656
-13.772837
-16.607642
4.324743
-14.256248
4.255785
-5.225897
5.539899
16.854889
10.716823
36.367575
29.735388
36.734923
38.271542
32.783419
42.475090
38.396897
38.341353
50.485643
32.113680
40.835648
28.109010
37.782785
38.265476
38.142394
36.088016
38.709906
22.899708
47.144030
37.570805
38.337814
41.387689
54.008191
46.276027
53.904107
30.623643
46.434340
32.469093
58.485581
47.465258
56.666164
65.150841
68.813727
59.555258
59.025808
40.150463
66.172286
49.981363
46.055177
51.745804
51.969743
52.426312
55.120062
52.361566
61.371143
58.059081
77.759018
79.191904
68.192965
80.579008
77.250359
88.544891
89.988919
94.253118
98.411074
108.233896
104.695039
124.199409
110.807146
119.424951
113.759594
108.556132
118.525564
128.092198
125.913638
149.819629
131.167408
162.682838
153.898804
160.947528
167.437236
169.635991
177.698153
188.525759
171.675011
187.508951
166.889880
171.099561
164.932180
161.055558
164.108424
150.731877
155.187603
169.570725
164.339789
185.845461
185.844461
194.505949
200.827250
191.854441
205.926366
197.398162
184.767763
191.455925
173.535761
185.013904
189.762827
159.934376
188.829595
173.002771
165.679837
165.220536
166.197370
178.614979
180.526752
166.865504
190.375420
138.887829
173.353372
164.552684
164.759386
167.653823
171.037347
174.093407
183.103150
176.130221
205.744869
184.841934
202.583323
199.067462
202.685568
210.689748
212.016751
217.742835
231.238027
219.431072
235.636995
224.684591
226.885394
248.451330
243.811705
262.345239
265.617932
255.125424
259.287088
243.168334
238.135227
239.963644
225.059090
243.643102
217.783780
222.813474
217.703092
198.219214
196.760063
211.253741
196.319269
212.644025
195.840419
202.080699
177.063304
179.696064
182.759317
175.050840
173.471467
175.137428
150.444661
173.214694
140.818960
164.308037
157.833690
147.436946
168.712513
160.213562
158.685311
176.352673
167.834347
193.474313
164.041213
170.614530
168.333378
158.234975
173.857438
169.530516
175.348722
194.278488
185.205520
188.402679
207.855589
199.425611
219.198638
195.254628
209.848433
198.589203
189.013304
199.160653
184.080858
173.159724
182.003805
162.076968
189.811296
175.562429
180.976069
167.317180
168.112303
170.558016
171.531965
161.779793
178.807206
165.309039
182.551669
164.750827
173.055650
174.801807
152.106442
157.758143
150.451349
146.870991
166.130674
141.700041
162.162453
161.147914
156.418950
174.750425
162.052669
170.626119
179.736073
169.898432
177.335405
175.913868
164.503231
181.608032
149.266296
165.995841
147.698663
150.004230
150.023179
148.938503
140.135665
150.111837
128.139771
150.281751
125.638045
137.736228
132.622662
122.698341
125.768101
114.578179
109.744827
129.120572
99.647674
110.305783
89.901520
107.682361
99.593860
93.337222
104.534928
109.494652
90.926775
112.056076
95.074972
100.476369
100.005094
72.519267
91.014966
82.852463
79.495291
90.400929
79.502749
90.483963
92.095303
80.127539
102.400062
79.707872
91.433348
79.476137
74.867693
71.586340
63.015901
65.694567
78.131354
50.109419
71.231206
56.043435
61.451130
74.414013
69.560241
75.363687
81.789644
67.280308
93.677679
68.655440
97.715608
92.485764
92.088527
93.298363
85.641942
86.739978
96.955517
82.726944
109.724922
95.635992
98.071726
104.705896
94.319462
105.154121
89.868860
83.365296
88.803197
79.922199
76.096657
63.685100
57.251870
72.201483
53.555973
68.006351
60.087044
50.418662
52.875990
54.902649
49.644890
55.971235
33.632434
47.936948
34.201530
33.942808
31.154682
23.540101
28.290980
33.708951
16.940767
41.766072
15.573074
44.928737
28.438251
26.065923
27.369720
6.406045
17.115490
27.459356
-0.268335
29.434697
5.773355
17.039641
11.932507
5.833726
5.475516
-9.827615
-14.442167
-1.921440
-21.974498
-1.110789
-9.857872
-8.320239
-0.704549
-3.872348
10.046704
7.609481
0.739866
13.579822
9.387223
12.678062
21.621895
7.901103
36.238895
21.110826
33.412796
39.080583
39.896573
37.755760
44.820901
26.685130
45.868660
24.017505
34.169708
13.783402
18.939090
18.280919
20.478606
32.585801
40.553514
17.556284
33.434715
23.618030
37.001361
28.450161
33.035477
38.613913
44.065323
48.870259
57.585050
33.694524
56.721057
52.610246
37.090184
47.330264
35.240151
58.834121
43.036411
48.364021
60.313461
47.902951
46.427775
47.280827
28.124866
43.146838
32.969430
39.132335
38.455165
36.879136
30.710920
24.756421
20.927514
24.209535
0.878453
12.296627
-10.848232
1.551623
-9.839637
-7.738864
-15.062731
-10.006708
-7.883642
2.509865
-13.724889
1.123074
-11.901570
-2.671632
15.754930
13.189006
19.361280
33.875114
25.263418
31.389471
14.225675
38.033241
30.957654
12.069412
31.057332
27.039251
29.581188
52.321571
57.567098
60.396249
42.010692
41.797192
50.024056
26.900023
53.706140
45.460655
51.784117
64.795878
58.548938
62.901745
75.569335
58.785769
85.971544
60.803807
73.025546
53.985830
62.804879
55.311037
64.402901
57.838975
69.623156
42.818247
77.007227
54.938086
61.629336
58.072605
49.398573
42.231914
31.965240
25.066276
33.521125
19.392331
33.098744
27.868401
18.288902
27.713099
15.596884
13.053489
8.330742
5.246614
10.150973
10.698461
-0.392427
15.743113
1.539718
16.186138
14.129417
15.118400
24.161265
21.079202
10.924040
5.775117
-14.037915
1.273206
-18.941160
-6.411648
-11.929281
-16.035071
-28.297891
-5.844425
-17.660152
0.768828
-11.512841
2.868674
2.552974
9.122027
18.730978
28.051431
19.879760
23.568048
13.358189
25.714686
3.961153
3.934003
4.847440
-9.139404
-13.476734
0.020755
-2.094383
6.182963
-7.640930
-0.897294
8.545767
-5.887057
12.739677
-2.898274
2.977224
6.679481
4.515469
13.621317
22.863437
34.113405
46.663360
33.323389
56.230039
45.682884
56.067775
59.873957
58.882158
48.490533
65.526412
49.793643
73.945480
43.902185
57.675435
46.166551
35.896258
28.637781
29.696041
21.323203
28.556036
0.876341
15.944915
4.824000
0.351253
8.530141
5.364869
17.389696
31.142174
12.534398
32.463760
20.013700
6.988081
16.782002
12.699596
27.325586
20.320854
28.607703
29.858179
28.570031
41.730123
41.401727
32.816386
48.502003
20.719388
33.138169
28.794127
34.316198
27.671637
17.860494
26.075373
31.247755
6.368473
24.392227
-1.353621
13.391852
14.707673
12.694515
25.763936
39.204360
36.709193
53.388829
31.417202
45.656059
29.493994
29.617257
30.331778
29.104419
39.016140
29.018126
29.674840
40.669991
11.993029
27.233732
20.818693
7.150444
16.324166
-2.650925
16.290126
12.318759
13.188627
37.114618
25.984564
34.255547
49.771727
29.815680
49.038328
29.264032
52.782834
44.900990
44.385073
41.342529
39.646804
25.790216
47.651025
20.143136
31.227279
15.674942
14.925742
12.250602
4.061929
10.962762
15.533019
-12.101333
5.917635
-27.705891
-15.668603
-14.736896
-10.896176
-3.675841
-6.393105
-18.534947
-10.980773
-34.198513
-20.400038
-27.092879
-42.766021
-31.152360
-30.540682
-22.530977
-26.628401
-33.632719
-23.604028
-20.947447
-22.725939
-10.114339
-10.140579
9.965004
-13.264079
9.806097
12.943977
7.850678
26.805713
17.197250
1.684480
30.610806
11.920628
27.928658
22.171532
26.188497
23.325383
16.681869
24.503293
38.667771
21.785146
41.685675
20.052680
24.485604
18.976712
5.969949
8.718598
19.070434
-7.236588
6.513368
-3.099965
5.947248
3.648193
-21.495366
-16.550512
-33.909251
-26.326155
-28.996263
-38.096102
-27.863425
-39.672598
-42.017092
-23.637458
-43.618889
-22.247846
-31.725845
-34.334211
-37.759464
-49.355350
-43.510359
-36.026237
-56.445740
-29.406935
-55.318236
-31.367738
-28.143498
-26.463138
-22.357700
-18.893327
-22.749036
11.953098
-5.954617
31.034254
20.340427
29.652626
24.308147
23.792565
21.565752
14.880202
10.845157
18.499955
13.322932
27.375415
22.198209
24.437026
30.024222
30.390073
28.080773
37.513551
35.242679
35.581228
26.492061
22.735687
32.933982
22.498659
41.775409
30.032263
24.558496
25.805538
25.985952
28.012711
31.301514
21.346356
38.365501
16.015238
30.252629
21.730695
35.475519
40.627680
47.921949
36.196683
46.167818
33.888611
52.241259
38.198965
52.413263
46.638951
44.937237
57.068631
63.384173
51.130652
65.325232
59.567701
70.691711
58.729850
64.056485
63.669159
43.208166
46.858851
48.411327
51.386753
48.908115
39.979323
52.387232
43.616074
39.370650
64.549466
44.286503
60.856275
57.126989
57.726700
63.790017
52.473682
57.200564
61.305609
39.287076
56.108326
47.793596
64.426474
64.577345
70.285846
61.523844
59.720988
58.597972
85.133971
57.038308
88.954308
76.604387
72.540554
78.680395
86.200434
88.628007
98.000662
73.745128
106.018632
77.796757
88.146968
83.547756
83.031396
82.449746
69.239808
65.596193
74.306830
65.981007
75.458951
72.736390
62.321267
85.366134
76.280480
102.069572
86.595548
89.789570
90.764826
90.027604
71.202589
83.871397
78.441334
98.138888
94.593244
100.701291
98.691540
102.856057
112.878643
108.851345
85.914385
109.754036
91.368037
111.116950
107.281666
100.293714
91.533469
87.890922
73.789551
81.803023
64.408335
88.302433
67.329782
74.243663
75.696814
68.201801
77.929796
84.734658
82.110950
77.532780
70.163051
64.769294
62.326903
61.941148
70.846123
64.678931
78.692676
94.037460
91.399887
104.746367
101.356217
95.605712
100.881742
85.803352
97.430106
75.128488
77.303141
76.161048
66.672071
56.977145
67.394157
39.774648
54.646970
38.672018
44.715110
37.158789
34.402832
40.625847
42.227637
29.802595
32.340532
11.758903
13.113816
3.376137
6.967237
4.360788
6.031608
-2.209670
4.207789
-2.199154
7.811245
-8.180642
-5.371065
-2.487245
-3.521403
4.026989
8.513933
11.888554
17.758438
3.730437
7.448229
5.255020
-2.043325
20.795806
-9.238965
0.769805
-8.120509
-13.564558
-6.791394
-9.442096
-2.671627
8.694136
-24.644004
0.214005
-20.577569
3.173369
1.810863
7.470694
16.689919
25.326274
8.155061
24.179017
23.352922
44.549701
41.463193
40.958560
45.604472
29.648160
35.112098
36.041755
13.448092
33.614122
38.186929
47.517644
56.195035
43.672454
50.457236
46.294309
43.835316
54.974720
47.009094
62.170666
61.645208
61.895221
74.157033
47.491543
49.512001
37.576155
31.780899
28.756612
17.139648
20.793981
28.563856
10.075345
42.350039
27.965811
43.810701
53.704909
60.508767
68.633568
76.468805
70.970024
96.444598
72.931201
96.027281
86.465151
86.403792
85.665874
80.313433
74.919680
83.512938
79.244368
88.688055
63.047256
74.470122
69.747374
56.742323
70.353079
65.446397
77.947090
94.886816
69.637918
91.053854
88.006374
76.657084
86.056588
75.998792
91.175792
79.380558
75.484059
71.212162
64.436892
63.654873
75.764434
58.392763
83.208415
52.659418
55.366495
45.485234
29.993319
34.626047
25.629197
21.546635
45.244309
13.340922
36.305444
28.874336
34.251579
34.599429
31.307583
27.835235
27.126375
10.932118
30.894187
13.269868
29.560585
21.420417
12.666431
12.538815
0.536585
20.880356
26.634806
17.523621
29.366442
18.024014
22.089861
20.579498
16.638091
36.634677
20.674289
19.487490
28.974095
21.916512
15.459139
25.999057
10.076714
23.215552
14.222795
35.060513
21.303681
11.767038
8.004847
6.572473
11.190551
35.627187
12.281145
38.005847
7.283385
35.337750
28.518788
32.810571
42.503315
41.148156
35.609441
48.518567
22.679992
40.118654
30.235431
16.627749
27.055979
10.081533
3.595344
17.686645
1.210006
6.969958
-7.991189
-8.411934
-4.525062
-25.981495
-14.692579
-20.473699
-23.648050
-15.794316
-19.522224
-17.256726
-13.266223
-28.410336
-8.686998
-27.315040
-9.882655
-24.714495
-29.057622
-26.369120
-22.657868
-26.366986
-11.884284
-31.440450
-15.287810
-23.042957
-19.195748
-18.308733
-23.734944
-26.906677
-21.908099
-35.347812
-7.963764
-24.493973
-4.448477
-11.404070
-25.534481
-21.619187
-24.179317
-19.818677
-6.633507
-28.248695
-4.181082
-23.663206
-15.922537
-6.973806
-16.123345
-0.694999
-15.694708
-21.330784
-26.651213
-24.381079
-14.054984
-20.992185
-19.783997
-1.291480
-13.456712
-5.608082
-12.094668
-9.802876
-13.482436
-19.012309
-34.752904
-9.336417
-34.343431
-9.027228
-33.337311
-29.037210
-20.548875
-26.177426
-10.506980
-10.990167
-29.504851
-1.882914
-33.371130
-15.612697
-22.920887
-25.127447
-21.685845
-17.093171
-10.090916
3.672899
0.297775
26.331585
6.386459
8.062106
16.704011
9.454972
18.996707
32.614517
26.882303
34.466684
27.817122
28.281607
23.503827
17.073139
41.854140
16.512468
26.879845
30.273378
22.275581
33.896178
27.334959
29.679703
50.913652
20.721362
49.202815
37.131009
43.101254
40.541389
31.214029
23.674346
29.769150
7.789239
35.273880
20.172908
35.911513
22.689636
14.806148
13.024406
31.256316
19.484765
32.184800
15.017322
28.691782
27.642858
39.507181
54.372926
49.895459
61.248367
61.847743
57.420897
74.868720
49.750459
52.624429
68.379050
47.376999
80.684101
66.058303
78.116897
84.567196
83.386328
84.921049
78.727811
70.857058
81.777573
61.726392
90.157406
59.205374
59.264182
55.727240
59.235501
66.302390
74.617478
68.960891
98.776198
74.418135
92.959716
85.732465
77.969199
84.034225
84.679665
78.375650
88.512261
74.146904
87.178978
65.956471
76.135327
76.219065
72.886171
75.324362
64.816802
66.189453
68.444304
65.693735
75.899603
64.746429
62.131495
65.901010
56.761025
65.412266
64.662850
55.516558
61.755744
64.040699
53.101515
55.126071
33.680522
41.419144
19.293459
43.844892
39.048655
43.861603
37.201479
40.140569
34.782228
62.628599
42.343435
60.456892
39.902953
50.475865
46.007428
48.119541
63.742260
73.267704
61.663430
79.051885
67.424141
91.629761
79.972866
80.233429
95.729069
84.156731
96.996976
90.828818
75.058871
95.774184
84.328058
99.376666
109.656266
85.592806
100.069289
85.638824
76.984244
75.230141
73.080558
75.534429
76.378383
66.909149
97.665624
77.931728
91.246036
72.872514
74.884758
73.038739
72.599682
64.826046
68.807345
45.669546
69.316292
48.515132
67.066414
63.896888
68.909866
74.091874
80.701471
90.294979
88.323325
75.808530
97.424674
93.223267
91.924630
98.533564
98.149702
97.073787
106.960687
89.393522
102.824171
93.878729
102.939823
102.027589
85.889598
104.431739
95.038625
106.215358
102.418410
88.893301
91.434863
94.051931
85.726040
101.890814
67.006302
86.178286
80.486374
87.896737
95.913926
91.962133
78.669653
95.295906
72.573902
87.283543
71.978020
80.320347
82.865274
87.809653
85.541648
100.302166
84.943467
100.247614
85.110934
89.498668
90.917988
82.431365
72.140074
76.833450
66.577498
84.325705
76.345226
87.771369
84.579172
73.814764
85.548300
75.571918
72.754652
65.744368
62.751196
62.216240
53.741923
65.378512
75.312409
64.832940
80.100688
67.241438
76.523911
77.848680
78.738096
80.062124
76.021841
63.350443
79.893469
50.628517
67.892603
57.231300
54.304883
52.064600
70.177373
61.409948
75.749068
52.163645
85.256814
52.702245
67.180972
69.812315
62.058075
60.543516
60.593112
57.912111
74.150831
57.400654
66.042303
59.498629
53.284348
75.786204
72.368523
78.588375
78.672748
63.887961
69.953011
44.352127
52.187908
59.844172
37.778161
63.838102
48.913387
62.982848
60.464492
51.814318
60.434885
56.380908
54.448399
73.171111
52.148178
73.487487
63.833607
61.476725
63.219503
61.736170
54.658048
58.279586
40.504524
70.399478
52.489948
67.769605
70.919205
62.746054
63.392645
65.771175
60.942036
82.009466
61.766081
79.691799
68.577678
66.401818
88.316997
90.059018
95.056416
91.426567
85.945090
88.069517
71.379064
72.349283
82.417692
78.498327
93.754759
77.583563
78.001739
78.568571
73.641160
76.416059
72.751988
49.752876
73.304292
41.949113
72.681737
61.974138
57.697172
55.500269
58.496746
63.677680
68.197031
59.863049
87.662532
70.874131
85.161269
68.394569
67.500027
58.969827
50.948318
51.883896
57.533122
46.661940
74.938662
59.151936
63.547861
74.631337
62.009984
62.153163
62.711869
58.463469
62.768873
67.474074
66.169850
70.839527
54.252498
69.455507
50.592529
71.626858
57.957752
58.990354
75.277605
68.047864
58.990518
84.237291
56.558847
74.833758
72.666597
79.815805
82.947486
84.876624
85.043332
92.565874
76.305255
96.151682
84.227912
97.784101
91.628845
91.066230
99.500300
90.519507
79.342114
104.626023
67.133032
84.614278
72.395865
72.383268
76.485804
69.097370
65.846316
71.744497
53.933355
69.031862
63.529989
83.747643
85.665658
71.535787
101.921002
84.460400
95.502376
97.859764
95.696975
89.063647
98.601515
91.920460
99.005907
82.658388
95.632276
84.967483
76.532134
85.976273
92.522463
80.666656
81.960077
67.785255
82.821202
60.182470
74.492412
63.381113
56.043044
53.080497
46.427684
41.109060
47.183809
20.335776
49.543522
39.082033
37.237092
46.347478
47.872853
39.804608
40.941837
35.629692
42.788471
34.969808
51.981943
53.232324
41.342442
63.561963
45.711149
52.284210
47.793428
41.905096
58.522585
52.546255
52.948448
71.201872
46.570757
66.238912
53.047253
58.788717
75.001101
71.965128
76.862335
85.871897
69.201822
88.826481
68.363552
83.626772
79.746941
74.424741
84.521114
82.742762
74.851952
81.384859
53.575681
79.406152
72.478083
81.976838
75.773626
88.133408
79.833190
86.581431
76.022544
79.254500
70.503678
87.217020
78.198743
71.576535
72.467801
66.516976
82.904331
80.807174
80.062372
94.357232
87.677914
82.430683
90.846822
72.048629
98.481013
80.052604
85.806917
81.137911
82.213066
74.461118
79.572352
80.232527
97.760680
78.938689
105.151351
89.226810
103.503579
97.712253
106.141510
112.870965
114.375620
115.196823
134.757962
115.818826
122.488683
105.397834
120.380913
125.112675
137.512347
134.883815
142.547177
142.051475
158.447428
145.328673
156.352193
158.350369
147.250466
162.520285
151.059131
145.233781
146.486488
137.888893
150.986364
157.970908
149.254976
158.969921
140.260535
152.597345
149.272524
142.694665
147.356519
141.459229
146.547183
160.638406
127.779533
157.018178
149.403827
159.834092
160.824840
150.559226
153.759130
159.761921
159.534324
165.794967
149.141249
172.358614
163.395475
159.100844
170.383368
158.737460
159.523000
157.125269
139.204745
154.938998
143.641993
148.524969
150.382063
145.720863
158.467466
145.376643
142.232790
141.118022
124.251067
120.159278
123.254951
117.392633
117.860549
109.716189
130.361634
130.011173
115.632445
106.816250
108.163779
102.517278
131.293079
108.747412
119.355069
115.801646
127.174149
120.993119
118.310992
105.709715
122.748041
108.112975
122.100150
107.092982
111.090549
107.107109
123.189305
116.921167
124.858005
115.384776
125.354740
113.713362
124.606474
119.306766
123.773790
117.981014
110.253270
105.823187
117.992863
100.950109
116.500380
124.389007
115.906483
128.157870
115.123472
125.824568
121.828466
137.605464
140.385080
135.749998
129.101719
145.796841
135.125363
158.316179
144.820177
154.102184
134.774123
144.074291
148.122690
148.460946
142.426446
156.101496
129.013850
149.272613
139.527364
142.318212
143.367172
135.469923
137.499305
149.958167
138.051605
164.249775
148.382046
159.998193
155.093794
162.448220
169.420412
169.848383
157.538056
158.817808
152.907275
165.570061
150.225852
155.726570
160.812512
135.621514
149.753029
143.710133
147.079922
149.952885
135.083734
139.271892
132.540161
113.111146
137.323721
112.825520
120.454273
108.696662
89.129879
91.202947
95.022831
81.015175
97.016845
75.847079
108.753239
97.961348
101.079021
115.209206
105.704586
99.126211
108.295040
90.127889
105.805221
69.357433
76.771168
73.518414
72.715963
80.608067
74.224902
75.082009
79.159693
62.241599
61.382332
46.147635
43.169007
42.746208
25.222329
29.903953
23.982603
16.756607
14.218160
14.547482
22.816516
24.916843
23.899069
63.061882
30.861477
52.301669
50.547691
52.280570
56.080385
65.333269
53.680531
72.632413
41.465288
63.189554
35.118582
42.170959
36.894132
36.964572
44.844314
48.513581
26.335929
41.732596
25.428779
36.623282
30.303729
33.431600
40.501614
42.831761
49.002525
58.403573
43.708080
62.124428
55.573690
57.139017
74.532100
64.573309
74.139801
67.633645
66.300332
74.892713
55.706887
65.092807
54.110459
50.139286
67.632330
46.977243
69.006242
67.480652
61.702003
66.219149
59.844780
47.541958
53.749066
32.576703
64.525177
42.597895
51.718660
43.954186
43.902642
43.201532
57.817566
59.770572
71.461270
63.169544
77.379765
65.186960
76.438731
73.716807
56.162663
62.588425
69.128217
54.598759
67.851651
47.419696
48.040168
50.486563
47.676037
62.619062
38.799826
39.017889
46.089773
37.504814
49.030022
42.600018
43.495737
46.584823
35.435559
50.047093
32.621863
36.846843
44.339497
38.227592
38.297339
51.451397
33.466084
52.608090
13.985533
32.351357
23.710051
13.818342
20.686122
19.028494
12.360739
37.010860
28.254285
51.892261
18.055061
38.496585
38.120508
25.978900
28.581956
41.779503
27.394614
41.117756
28.327845
33.408584
33.933729
26.291021
32.789191
22.961531
28.765917
34.494564
25.298203
32.258959
21.522306
18.227513
35.931040
30.904969
46.995232
31.270834
39.432760
41.725273
28.485250
38.546605
56.440231
40.589827
67.581463
48.980929
54.891779
60.804860
62.718560
66.710369
73.383339
64.855671
89.566128
57.286627
84.235317
65.852467
77.971635
80.015305
75.490898
68.365939
69.672128
47.270185
49.316318
40.786785
45.282006
33.070068
30.884837
37.488687
22.686788
34.332573
50.034653
13.480542
28.523459
32.026629
17.961638
37.927786
27.504521
38.962232
42.159279
37.654405
39.784256
34.012099
40.125343
49.164392
21.207336
50.973174
41.652449
53.365741
49.810997
52.301788
52.171146
63.955725
41.883421
58.438719
37.962633
52.595348
51.333343
48.860393
41.110515
34.890588
38.024904
53.410997
31.863818
59.176444
43.500604
50.855347
40.577050
40.170903
53.897217
50.965393
38.793794
64.014569
47.673594
59.733298
53.206782
51.383897
60.194122
48.688581
64.582920
63.358147
67.067311
66.217518
59.596414
55.018492
56.762711
44.486437
69.435584
56.450254
62.613915
61.895849
65.497621
60.305583
72.798544
63.366773
75.524395
51.810237
80.858152
76.932001
85.629477
100.189950
94.539535
94.235040
94.401401
79.628169
97.908079
76.039581
79.070167
70.684474
77.342968
82.056589
84.700163
78.058603
81.853944
61.883146
83.892423
67.028038
59.528374
73.101279
51.684768
52.264658
57.191246
64.651025
69.025250
55.564707
65.990337
69.700362
65.757363
84.497356
67.829569
89.759729
82.242343
82.398418
78.198852
89.281969
80.360422
92.410403
75.632671
91.856664
68.489583
81.928382
82.093219
73.345552
80.196814
83.171207
71.341186
88.506493
54.162499
77.796569
77.112763
72.286082
76.050047
71.729102
55.546855
53.712341
37.354862
43.006853
27.633975
35.616445
33.824844
25.909897
41.297129
32.218198
34.534270
41.706975
51.216530
58.724472
61.762582
61.773068
75.305301
57.754575
76.012510
59.885778
64.315211
64.319358
58.924621
52.257583
60.229506
44.175923
68.141850
49.460417
71.245752
54.651820
58.555974
63.120647
60.567485
65.837802
88.489110
65.555380
84.983401
57.205650
69.012718
70.139901
57.598711
73.849026
84.088068
67.428914
80.213928
75.349163
89.562597
89.414836
88.960040
90.365911
73.167772
78.500693
79.934295
74.594479
87.630535
69.182701
64.210974
73.428429
55.096569
74.208316
67.099168
77.491996
69.991899
68.180590
74.155517
77.858469
58.709933
80.339029
57.953749
84.851619
73.745633
85.734758
77.776443
76.681604
71.460241
94.687466
76.489832
97.104314
89.808485
94.092816
96.701053
95.840742
95.597622
87.340256
74.172022
82.060575
64.451951
72.759133
64.223333
61.416651
68.903172
70.584772
62.148982
65.429391
44.904189
46.072794
45.406455
38.766959
48.032843
31.287857
36.829106
39.163364
45.721505
46.536933
49.294327
45.289119
52.515576
21.134032
47.977825
31.789711
39.692957
36.337763
31.601760
29.195988
42.801537
27.964793
47.152711
19.117714
26.627471
11.605186
17.698780
18.933851
21.392287
10.891613
18.148776
5.701578
27.162499
13.828015
16.933123
27.201590
12.098146
15.024579
7.096702
-7.614910
1.982391
-8.181966
3.886369
1.578064
-5.340697
-2.217898
-15.270126
-5.836375
-19.569030
-24.385646
-22.926512
-34.118407
-36.354340
-12.556804
-37.477184
-17.729817
-33.053534
-26.291124
-29.116970
-36.340519
-44.022201
-27.993105
-51.095852
-22.788243
-41.671116
-17.695320
-26.177129
-35.489165
-37.147723
-29.382112
-38.050503
-18.248674
-45.768143
-25.425154
-51.937634
-50.991872
-53.495013
-51.240114
-45.433433
-44.442296
-53.912909
-30.422950
-49.687264
-44.449249
-41.613828
-53.741331
-43.627116
-61.971900
-52.372873
-59.319046
-59.758436
-53.386231
-49.038719
-53.246858
-32.016788
-46.658598
-14.109027
-29.421221
-16.988082
-2.037869
-9.795968
-1.119697
6.379439
-14.431183
19.620809
-10.477968
22.490237
-3.998501
4.751382
5.847094
-2.666026
0.306213
7.029171
-22.051390
2.495793
-10.908718
-4.620907
-11.407197
-24.635319
-0.375778
-4.106026
-25.387617
-11.260216
-21.046351
-2.782577
-17.551586
-38.362391
-36.247330
-54.693607
-45.155415
-46.644277
-64.594125
-52.557317
-64.579447
-65.075758
-53.890143
-65.903998
-29.804685
-41.120944
-28.015836
-32.723389
-31.415405
-28.232960
-22.212516
-31.551343
-17.693183
-43.752828
-23.882864
-22.625862
-21.128816
-10.890261
-13.337963
-11.000696
-0.297373
-20.032571
24.983344
-5.925242
21.031335
28.690128
34.971906
41.813633
36.915145
33.640391
35.980768
23.065052
50.533981
42.496329
49.950576
62.342122
46.443489
54.907497
42.093407
41.918188
42.425537
32.468414
42.609619
39.464773
12.520460
19.782279
6.912112
20.250655
24.556660
26.923650
43.354950
29.864161
4.690101
39.953218
12.586056
33.814787
25.585886
35.398142
26.367480
29.723682
31.632526
28.991909
0.547581
25.007447
1.404865
20.511644
20.464192
20.963965
25.002685
25.574409
32.228450
47.972715
28.534922
55.430415
41.698619
51.066333
51.236600
44.380129
56.510654
48.425937
32.378157
34.651924
25.803372
30.738158
50.486357
42.395526
66.587160
52.261521
63.086916
48.472609
39.457603
36.838835
37.785329
37.891444
54.675721
23.747404
45.453979
36.806443
41.954768
29.096490
22.595727
22.791888
40.410451
24.876944
52.812710
32.177467
55.510865
57.771283
45.553208
43.080079
50.273623
38.988216
61.724251
46.357679
67.131832
61.305211
66.755045
79.928387
74.301635
72.455680
74.371438
60.348837
76.490371
68.635449
72.663828
84.227094
71.562550
92.108269
89.067674
100.009859
111.847822
107.753891
108.374499
104.459180
89.193044
100.182377
79.197010
101.452831
88.151068
94.171582
93.666072
87.165300
78.356172
105.168632
66.652787
89.497062
75.414572
71.594609
72.135013
70.781138
68.655808
75.496741
73.148850
82.889601
75.588805
85.692291
80.588853
93.700081
94.180262
84.932253
88.630110
88.719911
74.768176
85.244314
70.438413
68.669606
72.444172
66.839900
67.747342
58.768892
69.891293
72.813895
66.372663
76.155803
70.474852
64.578408
87.380307
66.672360
86.566035
77.030462
100.449716
88.921366
91.089823
82.836078
96.251464
78.815601
103.837964
73.745698
93.509489
94.057660
93.100525
102.447211
103.658201
86.481077
99.521864
77.010318
97.389837
78.486296
79.220780
83.823631
80.068936
68.098187
63.787998
67.653909
76.961533
53.409486
48.708169
39.183542
22.623425
36.673363
7.623239
10.107593
0.093312
-11.970257
-7.512887
-15.499084
-18.132921
-11.880304
-16.185375
-6.633271
-17.304938
-12.856438
-17.575488
-21.619542
-11.927231
-8.942172
-28.787748
-2.832601
-32.015004
-21.927311
-43.036249
-30.506135
-36.103534
-36.360960
-35.097757
-28.928312
-57.889674
-40.436359
-51.474266
-28.981929
-25.797308
-35.368484
-25.353266
-22.628095
-32.617702
-6.609215
-16.954568
-13.914587
-23.401337
-31.008172
-22.115030
-24.855587
-6.761320
-1.867274
11.492170
29.791839
31.645495
34.519967
28.666271
22.426156
44.014850
37.186055
40.076798
32.131787
35.706248
44.759429
38.813551
17.317699
31.019614
5.057567
22.211245
2.986501
18.282407
23.883083
14.503589
18.623383
24.911670
14.197494
41.438563
17.648784
37.764812
20.064244
19.166843
30.177018
33.479647
43.718093
50.177970
32.754712
57.168336
58.187436
64.895815
82.118913
79.086862
94.269424
98.700146
85.514786
86.500801
86.427455
78.491609
84.935343
79.235478
79.720695
75.871803
95.569605
82.494274
75.848319
74.675941
82.839641
59.848652
80.961608
54.637882
63.636758
54.974610
54.080462
42.094595
50.915546
54.377514
63.052447
44.755846
63.598163
43.323575
53.007700
40.824125
38.311479
28.373040
25.745816
20.711204
30.109483
18.593067
34.536264
36.514504
38.365777
37.660048
23.814946
27.721215
31.121227
7.779004
11.173588
16.270914
1.240996
6.785932
6.302218
31.256301
22.724339
33.476549
25.962934
24.486330
22.895303
31.146320
22.837142
38.389086
22.764294
31.628714
35.946556
38.842750
37.043764
37.554631
32.576962
53.853507
32.474995
52.354926
40.610848
54.284871
40.427381
39.568061
47.078276
50.605113
34.728849
53.318271
34.343842
39.565577
26.590104
26.600780
36.691174
17.793346
10.873403
22.791111
5.158724
12.720657
13.252028
6.085349
14.702960
-7.863955
3.476808
-0.834326
0.805923
7.258034
1.266784
-0.276344
3.971600
-8.192383
10.688285
-3.522353
22.020585
9.221683
1.734796
5.249256
5.305784
-7.768243
35.927174
5.170043
39.100719
24.149241
29.651972
40.141709
38.182661
54.879491
69.071513
43.585942
62.943101
42.981629
47.583609
41.151957
38.682935
46.227329
25.762674
26.933319
36.116829
30.807230
33.909992
17.852086
13.541311
13.573695
-2.270501
17.842443
11.093222
-7.995518
2.745240
5.242309
20.411461
23.280843
15.208696
35.714632
14.739583
23.506150
17.295368
13.067809
9.849725
16.697381
17.973213
26.970172
5.441614
37.923721
24.635531
40.475255
30.510317
29.072137
15.183475
30.200628
20.980031
37.081146
14.391336
38.699195
29.020682
30.057807
32.777091
28.907376
30.021453
31.351544
25.433011
50.731855
42.361424
45.895981
50.085700
45.043445
64.953984
57.067226
75.578916
82.981372
74.304388
84.229690
88.593299
75.355576
85.201154
65.310933
81.937074
71.174109
77.155201
68.692154
71.044598
60.812118
72.434452
55.911275
82.114409
49.042271
68.252283
62.850786
58.111769
56.999173
55.785509
38.697876
58.147215
42.496470
60.896549
67.051134
73.276436
59.380978
65.801091
61.059628
59.051405
41.095311
56.812699
44.936630
45.746289
46.288315
38.536246
37.761943
23.371451
37.810149
40.808531
42.019352
43.373541
39.239796
35.968133
58.532787
56.071687
75.410952
71.775246
70.220893
78.031187
63.953738
76.995235
79.506071
59.334115
86.341957
46.286468
57.528830
68.818419
68.364067
78.460934
89.026111
78.434173
103.919003
77.993767
99.911972
83.500185
88.235462
98.244220
91.323629
97.124735
108.737220
88.812887
106.867384
83.116187
94.825074
96.617465
74.710140
95.761108
79.094235
81.520717
93.038837
80.711832
93.865612
98.533146
86.137548
100.620574
88.470699
103.864217
97.887954
85.053257
91.634264
93.836671
82.394280
94.455492
60.712071
91.882319
70.479364
84.508328
89.943134
81.423181
89.217377
104.051445
91.238978
120.564716
92.981942
113.927911
103.146004
98.434751
111.379483
91.885182
95.600479
106.137728
76.715877
90.518207
80.450201
81.304142
81.184851
66.537507
65.143490
57.880785
63.434596
76.403124
66.834852
75.568080
73.075648
61.157535
90.000136
60.250858
72.757759
73.585097
57.233976
60.292443
53.195067
50.826080
71.306667
50.930111
77.722608
67.653716
63.065513
69.638750
65.229416
63.608985
75.883155
68.361117
93.838337
72.325925
99.725933
89.866881
94.833585
107.805936
94.578634
81.711688
96.827286
85.423152
111.536974
85.996026
96.984197
104.327667
96.417848
111.543942
102.222331
92.399246
109.469401
105.890044
124.501688
111.730622
103.349457
109.405464
93.377141
106.665097
105.746992
96.079656
94.022432
91.070111
64.239220
86.422192
62.723018
75.238980
66.070336
76.466831
80.705313
91.506290
87.119959
94.290948
79.082079
89.721329
76.295728
95.940707
86.371715
97.913655
101.573580
94.718470
106.903801
110.783340
92.505459
112.371656
96.980725
96.221256
99.406662
106.418958
108.725981
118.145520
109.035203
105.817893
92.163475
109.392254
97.325064
85.169679
110.364870
87.835942
95.766807
105.004323
103.264404
104.224116
107.446612
100.629556
110.589241
90.113160
91.123949
65.238870
79.805550
65.211786
57.233966
61.617256
52.530375
41.523850
45.491406
19.511275
35.384273
3.843712
11.951354
9.739989
2.613522
6.024433
-9.197070
-21.906088
-2.096831
-20.553066
-11.076182
-18.428078
5.515963
10.928904
5.150134
0.968764
0.561293
-4.907108
12.430041
5.726147
16.658175
13.087857
0.767794
27.862454
6.603711
11.811967
19.282029
11.328447
19.976680
20.359090
16.257881
23.931982
18.843391
34.569215
16.552725
23.216293
24.468773
33.927799
30.759024
29.572192
14.041837
26.526755
16.959035
31.114874
12.452868
15.624000
17.808251
20.803825
10.985012
30.307667
5.800281
27.423082
9.766964
16.738559
5.434773
14.371088
17.264901
15.726280
-0.928365
16.649358
-4.264245
8.020471
4.364317
-4.413993
4.610792
-11.752165
-2.121611
-8.365428
-18.451185
-5.182555
-6.059635
2.370310
12.355469
-11.788924
6.651903
0.281040
6.326826
6.438195
10.572600
11.359327
19.022243
-4.233622
12.034492
-16.597726
5.320865
11.120987
17.094847
5.993372
12.403437
12.736076
23.565690
19.272991
49.968561
26.256835
52.492505
56.709319
50.664949
65.546956
64.940663
42.836233
61.512315
36.050124
56.822745
57.545053
50.241966
65.352601
61.720101
73.904388
83.616714
78.920830
97.620056
89.689823
95.664124
97.155688
81.606745
98.525798
86.300354
89.895580
81.611510
66.545464
60.887955
76.542676
63.562242
72.900445
52.034594
69.884590
58.250968
75.648360
74.331201
72.185210
80.219809
86.071828
64.644086
77.880075
66.323125
78.908921
79.826725
79.665485
78.221288
82.969954
60.398044
75.852227
74.065875
87.067724
88.725689
99.762239
95.424647
102.810250
101.288877
108.950020
111.689359
113.158622
110.833143
108.192829
114.172770
96.319525
108.177709
101.525858
88.678998
92.993272
92.141534
79.975541
99.194305
79.033511
100.448505
84.377511
90.921032
97.705195
89.782139
77.388997
98.483748
56.061351
73.277600
62.776443
76.554895
54.322760
72.079061
63.206317
68.614043
61.914388
63.228261
57.660028
66.026225
58.880319
70.794308
61.349689
61.490438
75.545649
77.523118
84.586566
86.797350
73.413915
83.210527
77.043650
68.497355
67.669816
54.609707
61.270637
57.148449
54.177881
58.562717
63.538183
62.678635
66.941081
49.926225
67.649931
49.850282
59.397169
70.335482
61.743435
59.438431
64.876660
41.525498
57.097298
37.811992
59.553986
54.212676
57.764766
62.980571
63.304339
59.525805
79.325047
52.342263
79.936563
58.342512
68.643138
72.796946
67.078262
71.768557
68.033482
57.686343
50.684322
28.829977
32.185503
26.752627
18.163732
30.875184
20.094131
21.325892
30.260732
37.767935
49.865952
48.408971
57.187829
75.535442
59.548946
91.114293
69.523162
78.154880
87.774713
87.491289
95.942261
103.377986
91.413081
115.520595
88.623627
123.540960
101.800610
105.219396
105.314685
101.859513
90.286224
90.416276
75.219960
96.115379
72.706644
82.383496
80.556436
71.554413
77.721613
83.171111
68.846813
81.678322
56.760461
62.447670
45.227684
42.127555
50.610723
31.638057
31.548283
31.455038
24.536294
43.647679
41.161086
37.951960
46.700113
39.113874
60.031338
48.028669
38.730595
37.458854
38.682341
45.796211
37.839734
31.356721
57.125959
44.229125
63.165891
42.927485
57.239238
55.713739
49.795343
62.150871
82.806146
72.045688
97.888084
72.503247
86.728137
82.277152
88.293628
103.941309
110.255537
107.159402
130.958358
101.514443
131.565311
129.044881
123.613470
127.990157
112.233141
120.246896
115.038898
105.948749
119.108034
115.219132
127.808829
129.741714
110.055622
135.428542
119.042829
138.744095
144.599022
139.071925
139.777423
142.575656
150.052864
166.174844
142.231931
169.525631
139.956546
165.599795
157.390771
155.507473
160.914445
169.681374
159.366682
184.930321
157.718215
176.910750
159.702745
158.961133
166.806846
168.901862
159.320516
163.406836
147.680715
167.392847
162.089009
155.797348
162.158978
150.574646
151.542590
135.971340
136.313873
149.703384
132.863424
130.283418
124.679828
111.983118
135.057949
117.585500
130.234424
114.342584
106.520372
120.652599
112.597887
109.748812
131.027689
109.757675
124.160960
101.341287
104.038725
92.862832
91.650098
84.188774
82.472164
65.631237
89.932353
58.548703
64.569796
54.942673
47.185301
53.826857
49.375326
43.911744
63.125246
44.490654
75.178395
71.150605
78.056284
88.479328
78.243224
87.720944
92.131372
102.657271
120.104652
92.326865
107.743902
123.190235
103.448147
123.947324
106.349969
105.295180
120.479794
128.077040
131.165834
126.883069
115.147011
129.984778
106.057618
121.384120
113.918578
121.375706
115.046331
110.352606
105.581076
115.042165
86.774887
104.880604
81.067322
97.282879
91.900578
89.746305
95.964825
86.340953
64.687465
80.438014
50.932261
72.074091
60.567355
67.765757
64.028608
69.452113
71.583122
84.383286
59.150170
68.620202
57.019271
63.809340
67.061357
41.467505
64.874219
54.905709
64.948489
77.530339
62.798781
72.670866
67.491765
60.217520
75.818950
67.787951
89.087914
73.196415
75.188025
84.924021
80.695919
71.862151
82.376796
53.594085
73.776616
57.188999
66.691709
55.933997
59.005072
67.958787
69.295259
47.205751
62.934824
41.658474
63.301855
58.037522
55.369405
50.348400
50.923616
64.114679
61.507774
43.944871
71.288539
49.693016
56.506940
59.838049
40.096040
56.558687
40.310896
35.365319
50.146226
35.866469
40.791449
35.205023
40.489024
44.004228
30.598125
48.895377
29.912179
33.704154
30.100583
35.537324
44.269066
40.371981
31.095875
54.714474
28.525482
50.593143
34.894047
43.204560
38.773832
47.429212
40.552435
50.663183
32.896016
58.692857
47.952948
52.877323
36.178781
47.084955
45.514587
42.898832
32.510899
48.900699
25.928904
50.129312
50.714289
43.816083
58.152309
42.641260
57.158914
53.717773
52.141966
59.152645
50.171657
53.180151
57.610528
37.178667
47.236892
12.435915
17.378066
14.830951
20.744271
27.927706
27.217638
16.060128
34.268034
28.731490
42.315012
25.659292
32.817668
40.045228
41.431492
36.690305
42.447581
24.839515
47.360654
27.149957
41.421895
32.347634
24.037734
10.180413
3.840420
-1.803159
9.868365
-1.494084
18.728648
13.718885
18.181206
38.012287
21.157839
26.631699
32.077868
27.565031
29.867218
20.059948
26.204775
28.064000
17.079871
30.774744
24.636337
43.886665
26.074221
32.214836
29.242727
19.925735
6.435683
11.650439
-6.430962
3.866118
-22.499624
-5.567845
-14.122313
-3.911679
-8.689748
-9.505079
-27.081976
-20.208945
-38.066979
-14.438253
-17.957241
-11.660603
-7.055891
-12.911074
-3.051159
14.374204
-8.098907
7.382928
1.550493
3.723045
8.117972
0.350033
3.639327
2.155757
6.584769
16.312371
13.004772
11.665512
22.953300
3.043315
7.688747
-7.977208
10.613885
-2.398089
-11.834026
4.671197
-3.670914
-15.223804
8.639370
-8.166274
12.574727
1.968868
11.053317
7.070910
6.098875
11.912655
19.771543
6.979771
30.577343
5.856318
12.777508
5.966814
7.546626
5.893412
7.824172
9.086469
26.893647
-2.168611
7.440470
7.127666
4.574640
9.226239
-1.887560
2.516075
5.660349
-5.468183
4.458764
-8.054420
-3.705959
8.067897
-17.009190
-13.705983
-25.081563
-27.128673
-24.531983
-33.565619
-27.289630
-38.795493
-44.602478
-24.513645
-35.573024
-26.082998
-28.137343
-24.983815
-34.653437
-26.816895
-31.999749
-15.714550
-24.564568
-10.548321
-22.952448
-13.090164
-19.440931
-18.077389
-34.474355
-26.670267
-34.099548
-8.074666
-29.082484
-9.463030
-15.561408
-30.028242
-15.284692
-29.317186
-34.503543
-14.220861
-34.484535
-20.678862
-14.776795
-25.382662
-7.825003
-13.421454
-7.822059
-5.927191
-8.138058
-3.057620
-19.368190
-11.201776
-1.652324
-25.419978
2.378585
-22.201547
-16.265308
-38.778069
-48.525927
-41.971338
-21.638953
-34.000975
-16.218125
-29.603330
4.729913
-11.369487
3.584204
1.301836
7.467457
18.586402
37.790563
29.655630
33.843348
11.026992
20.012015
1.091501
1.717323
12.679430
3.004811
2.449198
10.179541
-8.673533
-1.935287
-15.695742
-18.105921
-7.944117
-28.641071
-24.670772
-25.979918
-25.367574
-6.446918
-18.966403
-13.683434
-9.315743
-21.960334
-3.230213
-18.623595
-5.457133
1.796119
-6.173093
9.016622
0.204443
-5.036682
9.430409
-13.646378
15.756813
0.501292
18.548923
11.992381
11.084458
23.288627
25.509022
27.389975
44.906850
24.748680
47.284436
32.672524
31.349074
41.445475
27.378038
18.258828
42.958003
24.323957
52.409636
39.012248
61.368066
63.014324
61.798839
72.870260
62.911238
75.793749
84.323126
78.554394
88.865388
78.258766
65.845906
79.377051
64.142266
77.652427
70.108407
80.105851
82.852335
84.879966
87.258762
98.561170
87.100621
111.381197
97.591506
108.287142
106.188849
104.537561
115.745956
121.468675
124.380751
142.131279
121.598855
143.291088
126.225901
132.668152
127.775160
116.133671
116.125588
125.142282
115.425150
132.841693
114.686952
136.729694
124.630887
116.353240
134.151863
115.552415
122.089239
123.377574
113.193366
122.395836
116.415025
122.856562
139.165134
106.005422
125.411816
111.572649
102.014950
116.972667
122.623694
125.460215
126.082024
101.030129
130.061447
99.956745
115.101414
106.735446
106.338191
95.824981
96.420250
81.619342
108.843460
81.965891
108.930601
98.068602
106.855365
116.195073
120.091041
113.207109
120.653903
111.583858
125.906840
109.042962
120.534415
119.924773
111.634083
122.356195
110.825799
103.609894
116.333427
120.351872
128.463210
128.684374
127.570309
139.975536
117.275551
132.931401
127.158361
115.417711
129.288057
122.625530
121.071947
119.745432
113.117023
147.813034
128.762510
132.173630
130.251179
122.431705
119.578384
132.074817
114.073350
124.653414
90.927085
126.428629
101.314596
107.815144
114.811573
108.829772
104.546030
118.645288
83.821937
105.516989
81.895552
81.825168
93.006999
88.849229
98.188087
91.797774
101.285238
113.658681
113.311096
133.019460
122.455629
119.679428
133.356009
118.961941
129.704304
117.399617
121.780964
121.821604
119.633470
131.069926
149.868970
125.010723
139.117140
109.177820
123.078162
113.857634
102.860983
102.153300
102.129456
82.824910
102.723204
86.864571
103.258172
89.978389
84.687531
88.888259
87.290160
81.406863
98.727795
77.464299
95.699923
76.728825
91.147963
89.226016
90.299335
92.397380
88.850467
83.663992
79.909570
66.539677
97.505034
69.686534
61.615977
68.076093
46.491038
56.616476
62.544959
63.042491
63.069745
52.823652
52.122777
58.571905
35.197645
55.457466
31.563226
37.110345
41.637831
44.284798
48.181766
52.411196
36.412783
54.341354
36.725237
68.664185
41.763261
48.460831
56.288996
57.954894
66.834069
76.328791
56.791921
93.767746
75.530412
78.909287
82.763427
87.747265
99.694946
88.944027
96.177035
110.403538
96.382473
107.439754
82.262841
76.696799
68.110177
59.477260
59.947379
59.228201
46.570955
45.548146
32.656957
43.906618
44.235114
31.732783
53.207749
41.333117
50.323321
40.163585
50.612504
55.020497
45.833055
34.485705
52.065117
25.845346
56.169388
28.065851
42.653600
31.797138
42.547298
47.278508
56.544234
46.307075
55.570990
39.269363
67.181228
50.070148
65.319734
59.319360
57.020552
66.193054
58.320983
39.224448
54.626705
45.953991
56.033337
50.376649
56.835303
54.932567
45.383510
47.452882
53.065048
38.483418
42.157351
25.496567
24.566575
34.563557
34.070865
53.802969
37.761020
49.383579
41.938868
33.650880
30.563081
23.864311
7.795641
35.345651
13.414485
38.921928
19.371559
20.859595
35.833599
36.428292
39.481476
56.735698
37.418579
55.392928
32.105427
48.417125
43.678764
43.636120
50.704929
64.556278
56.256407
70.225829
50.676042
60.380692
50.846391
53.516188
57.428809
34.722217
42.679939
48.654684
46.363459
55.164491
67.570629
49.401176
69.396951
66.908381
76.711667
69.241815
64.821190
72.985041
65.781436
67.539816
75.160018
57.951280
80.171670
65.250367
83.530526
73.042807
75.632585
70.099187
78.153063
75.103211
99.863542
71.584834
87.549840
75.702956
81.300532
65.065658
71.685523
67.402056
84.868333
76.022566
83.508397
78.295952
82.353497
75.799835
73.795468
93.322012
82.819491
74.044180
85.497814
73.391217
62.832389
59.507543
55.881965
69.143571
73.037461
79.099982
78.059487
82.175976
87.979083
89.078134
79.133537
95.003210
76.916163
82.297235
67.131546
82.465861
74.671316
76.809426
76.018212
84.137032
67.980109
99.343433
75.998231
98.903621
85.622570
79.150138
83.848145
86.449194
71.699390
89.033567
73.193368
85.467281
58.033366
67.724920
67.200121
54.394499
49.489311
47.382677
32.791517
47.461855
34.516438
42.170967
42.005677
26.588801
47.617369
35.512764
40.908989
45.367336
46.971027
41.707410
36.897328
40.603618
61.898786
43.915597
63.026003
47.897036
45.680553
50.595905
44.712717
32.823969
47.765830
23.266928
45.820663
21.525531
45.607656
37.437781
49.967729
54.455279
43.991119
33.186483
57.394813
22.718409
46.628270
29.223266
39.045277
39.725690
20.534374
27.333507
25.278759
1.239074
24.804897
7.037658
15.287853
12.688640
0.062400
7.021800
-13.334623
-4.222416
-14.287834
-17.280058
-15.176937
-24.610715
-22.378331
-9.196827
-25.141140
-6.319309
-18.837163
-3.550898
-0.564423
-5.279761
-3.387008
-3.157993
-2.669005
21.290220
-8.035062
10.644488
-2.942113
-0.084320
-9.884445
-5.712393
-15.312753
0.410611
-28.687687
-9.387200
-29.074762
-25.653949
-29.792822
-48.683008
-41.568845
-38.537770
-38.742435
-35.859411
-51.967718
-42.056202
-53.152748
-43.208609
-19.654059
-39.513742
-29.476739
-22.841874
-29.273671
-6.892999
-14.286606
-8.007586
3.469718
-15.711935
-2.933808
-18.465991
-5.427139
-7.312011
-20.723073
-0.965257
-0.994019
-4.811641
20.637928
-16.227521
-3.854847
-19.003137
-4.896076
-9.742674
-7.313935
-4.039404
-3.081597
-25.922320
3.001331
-22.040243
7.260006
8.713058
4.684877
15.802999
12.624762
5.658065
6.112161
-6.944566
9.872636
12.275779
19.779414
38.333514
36.657562
44.890905
45.990410
54.437656
62.483800
52.997486
73.241158
63.219855
53.296163
86.010002
62.456641
73.562386
64.301385
61.217542
69.441296
64.139869
50.104349
65.714946
52.773341
64.552480
48.475570
57.958349
53.706084
49.028613
62.389565
77.005163
54.151114
89.671163
65.520801
80.595165
64.238652
40.502789
56.993467
58.481922
47.142744
49.470640
34.510157
47.390318
42.782642
39.483169
45.725980
48.559937
57.122700
51.861378
42.523353
55.834941
39.822611
28.026336
43.440217
39.175891
50.175632
30.551826
34.257736
35.209045
23.346130
22.831172
35.339311
13.503835
38.246080
10.242296
33.520454
17.860679
19.636041
27.764694
12.228157
9.236068
26.439443
-3.122943
19.737664
-4.967499
16.206931
8.737178
0.621178
14.872169
12.295926
7.360762
18.269239
-6.552337
11.724745
-3.679473
0.828321
7.902282
3.989762
6.666355
15.956837
3.468431
28.384749
18.649391
36.552847
43.691093
16.800303
25.872806
12.876656
9.427377
10.722800
1.954786
8.941973
7.015626
-11.729286
13.776752
-12.312829
-0.472190
-11.607865
-9.557916
-9.214203
-0.783590
-22.027199
-3.604988
-35.840675
-14.552536
-25.820962
-13.884674
-8.282202
-6.795327
-1.390304
-3.692805
-3.410837
16.548886
-2.286209
14.783573
8.860050
12.517918
15.079813
4.449657
8.801968
15.733501
-3.815705
24.895735
14.856031
18.381689
30.185878
14.555649
24.775226
19.501880
21.459738
37.909444
41.302093
45.578879
48.175417
38.236437
54.746969
39.605112
55.659167
53.776148
52.569767
66.292142
51.474898
42.614146
62.371032
33.091334
52.438302
33.118816
43.619347
38.202463
49.646521
43.713514
48.084365
33.617452
38.387934
16.161991
20.617737
5.311923
17.406653
16.881127
14.705677
9.049102
11.719116
7.795340
13.690229
-9.369072
3.200573
-13.644342
-26.059365
-22.410927
-36.525479
-36.712303
-42.216903
-42.653194
-36.193346
-40.962494
-42.770035
-41.523182
-54.056326
-30.287323
-55.478976
-38.738093
-36.611516
-36.579736
-29.529072
-30.031580
-50.503667
-29.323008
-57.536429
-30.986033
-48.214710
-54.811319
-40.297566
-44.323791
-47.804924
-42.527056
-63.404740
-52.746551
-61.372616
-46.542812
-57.686802
-58.452977
-66.310342
-67.172324
-69.401711
-59.155081
-71.643421
-53.335543
-62.980454
-60.119097
-51.638642
-54.376069
-43.761544
-45.085427
-46.477683
-32.335209
-53.532153
-47.455757
-41.529956
-49.790161
-33.232783
-56.159465
-41.467822
-54.393645
-54.491367
-38.599892
-42.543539
-38.666822
-32.910174
-47.871590
-36.485117
-61.906400
-34.868759
-30.443323
-34.640940
-34.540739
-17.167152
-30.936079
-15.057435
-40.762015
-16.693369
-24.665724
-16.582523
-22.730542
-23.078646
-27.080726
-35.813865
-36.921849
-31.469573
-55.365476
-45.409877
-34.378127
-47.738182
-40.973653
-41.287252
-38.070358
-37.398195
-48.017314
-52.469356
-52.060201
-58.250519
-44.311244
-64.413177
-47.808168
-64.392869
-69.548536
-62.323969
-58.549261
-60.865518
-46.074343
-58.694001
-44.454815
-62.763303
-51.413972
-51.982053
-43.476160
-45.455211
-43.070863
-66.032937
-49.212205
-70.579043
-68.626742
-67.974875
-75.710362
-70.900353
-64.782243
-63.245509
-46.284675
-55.932785
-39.690968
-36.362220
-32.798745
-23.553528
-25.341557
-10.865645
-1.505086
0.904671
8.772104
12.224917
1.963207
18.075510
2.526247
8.975206
6.165860
6.316045
3.618693
3.588215
29.066698
32.877653
9.400358
35.719561
24.560574
34.083337
27.913875
31.548635
35.974091
41.324727
20.560852
43.213712
30.845358
35.376679
9.680532
23.257913
30.445488
23.380858
30.144630
45.216313
30.157865
45.100115
31.710267
40.860317
36.964363
28.532350
24.955644
26.489896
19.636537
35.713440
15.659505
34.212803
26.161881
19.622773
20.849451
9.613159
22.614473
13.690059
19.762581
22.777785
20.450124
15.375802
35.738417
31.532125
47.437401
25.861339
25.961459
26.389353
34.854153
36.161631
41.273572
35.278080
48.501181
33.308371
59.843670
46.259699
51.922358
51.810473
48.678650
51.834230
65.113599
60.062644
70.745258
46.981316
59.237042
48.453787
45.788455
48.113506
38.095694
29.321689
38.752530
36.436865
47.975908
42.837481
44.544934
47.498913
31.891927
38.774988
45.868083
49.582767
63.511636
59.156562
53.635890
59.318739
47.470147
68.514485
55.121859
74.455711
65.814048
64.658326
64.341616
73.264750
71.645411
99.169581
75.429290
110.629911
98.682116
106.234186
114.115238
121.191446
132.428353
143.181068
121.045200
148.154944
130.351957
155.387732
148.582189
152.155930
150.023819
139.501155
145.007432
137.375236
130.648060
148.423070
135.121114
137.253211
136.319571
131.691401
118.343518
104.332820
115.597256
109.201014
108.091543
111.791158
96.585299
77.889963
93.623366
82.751196
83.175806
72.496758
82.453946
71.068486
82.745164
87.054713
82.637911
62.982194
80.695202
57.398709
75.074623
63.429675
61.960172
59.430662
51.053540
43.329081
60.946245
23.464086
45.022961
28.780117
26.886605
31.874675
12.872855
3.056637
11.857038
-3.684642
15.206314
-6.889213
7.974134
5.242550
-8.666525
1.827117
-21.661116
-13.845820
-10.958207
-22.750068
-12.982808
-16.102857
-22.061974
-15.854111
-25.999397
-3.899688
-7.672993
-13.381737
-14.722715
-23.945500
-19.888536
-13.828025
-26.770454
-1.838654
-19.564803
-17.628137
-16.455088
-16.306509
-14.801973
-11.782958
-17.038670
10.825586
-29.188713
2.872308
-19.330833
-20.753803
-28.787635
-35.184575
-38.850471
-21.050810
-34.744349
-21.820514
-28.655241
-19.422137
-17.244471
-41.908976
-29.618585
-34.496888
-39.247280
-24.798607
-43.788897
-49.492126
-41.463937
-47.407865
-28.553222
-36.016175
-17.278231
-19.028515
-23.111913
-16.658087
-8.482039
-16.819847
-2.600143
-30.294038
-12.763962
-26.795996
-14.086302
-4.843278
-9.521170
-2.088878
9.617089
-1.611345
22.771440
1.859535
17.770964
4.780186
11.181427
4.857561
2.910462
-6.177396
3.451384
-18.086059
-0.810370
-11.813529
-4.521965
-0.985525
-0.901887
1.770905
-10.618281
-9.267660
9.555670
-4.011335
13.267370
10.911486
3.487263
23.017334
6.664953
19.835103
34.412962
25.964090
42.154777
33.139492
35.056574
51.261190
36.579212
72.982106
52.201004
71.672892
68.405124
68.525086
70.766312
67.690363
55.000587
86.910428
59.077582
82.420175
62.572906
58.291460
59.952040
55.347439
48.026627
58.804452
46.943659
61.061864
35.830774
49.273282
34.508500
19.683106
15.896544
19.231353
17.476927
27.118033
20.714096
36.089784
21.960130
28.319059
33.953837
22.408355
32.066158
29.156481
27.860749
29.816538
28.694935
24.822036
29.980207
13.971580
30.437369
6.029671
33.195815
29.047612
37.053030
28.603403
30.868982
25.179941
29.694181
23.169060
32.880017
15.696758
24.003142
18.234854
11.787469
13.666694
24.801810
14.629482
26.814085
4.277459
25.828112
9.686037
27.880314
16.988301
8.479520
14.950906
19.265745
6.202886
19.206133
5.071546
18.787189
13.158674
4.687748
18.428156
5.438671
6.895595
16.669017
20.339042
22.817900
12.450200
7.370207
27.008884
7.163932
33.617902
14.922442
26.675889
33.415168
34.650225
18.555779
29.149394
9.722141
33.189452
18.515736
28.527979
25.986058
34.478916
28.228620
31.763256
25.737042
44.842930
18.554375
38.761857
27.169213
40.093452
50.905961
49.250487
52.500643
61.029704
55.710886
55.242577
41.495036
51.651443
51.864122
44.376826
54.468214
58.764648
70.733255
73.793072
73.003946
82.328198
65.587744
62.950219
70.119226
51.957814
69.952934
59.092903
54.354343
51.428646
55.247466
48.274912
65.763667
41.090868
62.392532
39.607902
49.536724
45.605463
41.320416
40.805446
49.774949
45.104819
76.250500
54.079200
73.209697
74.598364
73.598206
75.043414
71.539791
66.406936
71.513803
60.110206
76.629942
61.740425
54.297675
54.472075
43.945614
42.752000
39.748880
29.416061
34.624971
34.012129
46.026207
36.986239
13.057312
28.120019
17.736303
40.206611
32.841617
32.580970
30.304228
48.679056
44.610166
65.808794
41.934934
76.784033
75.995103
62.785430
67.868966
74.036404
70.826432
69.205534
65.399869
93.669798
69.553783
82.460813
68.883289
62.711846
54.179332
63.241197
53.064397
85.533980
74.316532
86.173766
78.128745
82.910889
88.871354
70.548924
86.649235
103.966605
96.289707
98.626599
99.151070
111.128084
107.103951
97.233295
122.890305
102.455317
108.787547
110.656646
106.515079
121.894388
118.257154
99.442103
121.825850
106.163034
123.404935
104.350581
112.522486
118.040682
114.331791
121.708347
127.429386
112.998607
136.805505
123.727235
136.617507
136.327841
142.129997
137.392235
142.184312
132.753422
141.473507
122.191755
136.340591
120.562779
125.187440
133.765133
127.485875
132.086473
132.851313
128.192606
142.669042
130.898492
135.516358
133.941771
132.573447
141.863257
123.474717
147.167392
145.191235
140.318464
148.359446
147.361217
138.924187
141.494387
125.063669
151.136639
139.462445
140.992257
130.132253
129.359568
125.863739
128.134613
110.924386
135.335595
107.870585
133.668166
123.945074
138.875296
137.072175
131.212800
133.552154
143.296048
124.240009
148.958593
125.811081
123.226916
120.210168
121.000334
121.512531
115.704489
103.502640
120.929933
93.246902
113.178421
112.866172
111.397451
117.407161
91.469929
98.525341
101.580439
90.359340
92.194760
84.309286
82.725455
89.561939
71.971424
95.481028
66.473924
75.749284
83.313580
63.457987
68.337027
88.837667
72.315249
92.755511
73.688756
96.544395
71.313869
85.231668
85.866511
82.721005
83.925018
105.032472
89.036787
112.850578
92.177127
104.842629
96.623996
77.905618
101.021890
90.751932
85.424502
104.082256
89.089613
103.395809
100.361852
111.164225
110.740379
87.708542
98.465045
88.214506
83.454019
83.373077
71.513798
76.380875
80.874561
81.524482
95.055800
72.801324
91.668672
84.637922
89.043925
97.929634
99.333469
79.605606
106.310106
79.019890
93.271348
79.576666
75.870521
66.449086
65.791475
54.446117
73.287329
47.775581
70.812996
63.797953
80.694330
88.280370
95.051987
95.417874
105.382600
98.376454
119.103711
96.370707
103.084319
101.471789
100.696020
111.810749
94.922139
91.732413
94.998839
86.585806
90.931192
83.219019
79.233973
99.767918
80.161529
93.045342
91.257028
85.926228
84.116412
78.380274
65.861271
70.750953
52.532118
73.844588
46.478304
67.003792
64.925138
57.131208
66.648784
67.505855
60.955656
84.217233
61.238668
88.429573
80.795951
78.231545
80.930874
77.582390
74.911926
80.802484
65.247942
72.458266
51.931334
57.084272
54.194891
54.007080
58.774767
67.348521
68.887158
69.074400
55.556733
68.654194
66.606246
64.742878
71.511195
50.566025
57.798269
38.428751
32.504531
30.247957
30.916532
32.212625
37.426180
27.908657
52.172884
31.346426
58.874994
52.998448
46.842205
47.033411
43.111156
42.258209
69.447316
46.645981
73.313907
48.821526
58.548003
48.227092
47.234738
56.537206
51.846114
49.849459
69.114129
50.881770
53.490344
33.914746
36.333640
33.251013
26.283914
35.934031
37.994894
36.977879
54.822777
46.243098
53.385057
62.419077
61.606213
68.433474
66.455117
76.857631
66.489872
53.237658
68.693994
56.075622
50.180918
57.297868
33.103164
47.520903
31.885072
40.424914
34.371675
31.594868
31.521398
28.473436
20.094549
42.436492
22.572410
35.574130
26.450091
22.499368
23.094926
14.800097
11.495286
18.433592
-0.863486
16.017654
-7.810789
-9.175759
-14.704800
-33.635275
-21.994798
-34.423038
-30.157631
-22.411041
-31.694117
-17.979950
-19.198433
-5.269244
5.787453
-6.077027
22.235228
21.024489
10.093014
26.860238
18.993787
29.732313
48.879431
38.555240
51.633090
26.106971
53.388269
39.027795
41.080376
45.426305
42.673184
30.655269
49.859179
30.129118
47.479175
30.692925
49.071320
40.711672
48.512770
41.375409
53.389868
35.259371
55.370106
46.397024
54.403017
57.751201
47.687769
61.632293
57.235620
55.587116
74.649573
69.910136
67.659524
58.520418
56.527934
59.332984
42.353008
49.481558
48.556786
36.390598
27.406492
22.335306
21.324040
34.950072
17.792065
39.512021
25.435225
38.992672
31.975260
16.023387
11.533025
21.874631
7.084947
20.226471
-9.269949
3.629342
-5.300017
-9.960025
-6.858149
-5.086235
-15.948449
2.242406
-20.213280
-0.400298
-6.071973
-9.457049
-1.416895
5.890857
4.784408
8.842931
1.215902
26.411940
13.082860
14.643734
8.404858
-0.521026
7.925671
-7.721234
-17.354426
2.661673
-13.145037
-7.168212
-10.943422
-25.284356
-5.468370
-17.831829
10.041685
14.071241
21.752991
29.646017
37.465400
38.004604
67.082680
58.903396
83.745302
64.240342
83.561360
77.698331
93.137399
101.010664
111.793891
99.713883
124.919707
96.119741
112.809554
117.775659
118.558169
115.749373
122.626210
112.445304
118.618253
102.233646
114.341785
106.258132
104.358247
99.334546
81.334163
96.752070
88.192514
85.927209
100.813464
90.357630
102.976484
97.435103
84.447673
91.691387
62.317853
91.622763
81.818613
82.248915
98.922293
94.138871
98.308582
108.254780
85.249882
104.046427
92.202314
96.021918
83.526835
82.566390
76.484463
81.499488
70.287232
92.562501
77.660026
91.528084
85.318508
94.744291
85.351307
75.732690
77.622142
76.152433
59.107218
85.279775
60.706908
76.205737
65.654751
68.902576
62.141577
37.083823
48.617209
48.350008
27.320013
43.592589
43.835591
37.952615
53.755518
40.938200
59.341640
39.017735
36.747128
39.188475
35.085611
51.913620
53.714824
42.915634
67.871658
48.512776
66.699619
61.119330
66.835307
64.745958
53.187488
46.486059
56.974928
33.365502
67.275691
50.261146
50.994031
40.590537
45.355267
38.428780
37.064330
20.897712
35.292371
6.183336
14.129938
-8.230213
0.639015
3.556062
0.398256
2.417907
3.968495
-10.914464
4.858957
2.605034
-5.475329
3.919689
-9.188547
11.977930
7.851178
23.166973
34.376844
17.710243
27.970477
35.775306
11.382662
41.956120
20.101960
26.453124
20.193962
9.406118
6.721117
8.679449
-6.639519
17.100045
3.293304
25.409537
11.000255
17.207488
16.252286
18.917639
27.117499
36.845640
29.746574
62.797254
54.409523
62.657978
68.155532
56.528318
54.976590
55.796949
60.761507
73.159902
62.245187
84.160305
76.255295
77.541237
100.540736
81.820387
107.267711
108.754859
103.447857
123.568772
115.569952
96.907536
111.405599
88.005261
103.004193
73.923119
93.528878
108.347197
98.593124
92.023978
91.852237
73.410361
87.480024
73.780718
97.597104
80.179521
90.831775
107.525866
95.052822
89.227466
101.733829
85.679378
104.933422
72.308703
91.106378
83.308177
71.314564
76.883657
73.285073
69.060177
81.933860
76.883011
88.485592
85.898570
83.270836
92.867389
79.506729
81.253502
76.607328
86.361043
93.401850
87.781147
78.579921
87.208817
78.837426
90.915854
74.335643
97.800705
98.654526
102.759804
102.000443
103.485747
84.453528
93.056508
71.668401
99.340281
92.685142
109.318092
108.240578
107.864613
109.319418
119.905603
113.876945
137.821693
117.194636
138.785686
138.799800
132.114638
136.240884
116.935249
109.123522
104.815152
94.585967
109.054020
91.857533
103.025380
93.578846
90.619687
95.497366
93.151115
91.694677
101.000616
95.720878
100.880070
94.495480
85.786208
97.789417
73.427632
85.380680
73.081856
71.345676
83.102666
75.578292
72.606672
91.255617
67.716985
78.238968
61.239848
72.119936
64.028680
68.857797
70.054518
65.478417
56.034330
70.781018
48.394425
71.481467
47.036474
60.442383
54.964431
35.183906
42.007064
43.749459
35.799121
57.299843
28.940485
38.886345
18.553935
23.349648
35.138401
32.975584
37.332398
36.580433
29.873237
41.399806
42.710954
44.554023
52.536100
31.917262
45.924135
36.827077
34.438583
45.915618
66.773530
70.068118
78.023489
70.675267
90.861897
63.968273
88.480089
77.930216
82.307730
83.534580
85.757280
65.791787
83.385935
73.727588
87.422853
74.775160
80.787628
80.284537
78.292963
63.634474
69.223118
53.936327
76.902102
66.976900
85.070270
89.214080
85.083302
103.376475
95.831633
100.869154
109.511794
92.675785
100.302286
96.149063
78.330846
88.630965
69.504631
81.406428
75.799496
71.401311
76.550624
70.571930
72.872290
93.991199
85.656440
114.504570
102.961849
100.651868
106.561415
109.774970
98.970359
107.713701
98.958150
120.722154
106.120396
116.638888
114.912807
110.567274
114.535410
125.442937
109.796795
129.551677
103.509360
123.010035
103.406451
113.202542
116.559193
111.192120
125.222546
130.083054
124.147382
132.920707
122.733921
133.416509
128.934252
126.788018
156.244572
145.007060
142.858113
149.726992
130.029005
138.393329
153.285523
142.037097
158.793732
151.442273
172.600568
147.013911
169.896874
165.104013
160.451370
167.768045
177.536439
160.570861
173.095265
144.148154
157.334928
145.826089
141.380449
155.262014
147.482505
138.704418
157.938645
126.381757
144.946251
124.084738
129.620506
139.118237
124.804382
128.916285
125.971560
117.363992
118.029286
106.830823
112.081351
94.401000
98.302232
103.351847
88.409963
97.721674
100.277415
81.911908
82.042825
81.822159
77.569257
79.967055
60.269295
85.772757
72.809953
78.229416
75.214328
67.338633
71.195469
78.167610
63.126083
72.246558
43.050761
60.834023
40.825306
63.408587
69.767575
68.809440
58.408257
71.062867
62.059436
70.029769
52.285504
69.672963
60.407317
56.948188
77.804815
73.574123
66.341127
80.907345
62.564356
75.859242
67.178910
70.449532
85.682592
60.413821
64.784879
56.982759
45.861850
56.191078
54.072680
58.869466
73.101405
64.481276
91.103455
67.958918
80.619707
79.017133
72.838708
77.251625
80.621946
85.697556
105.291490
86.193059
95.317069
88.106123
104.451392
103.508980
112.545527
108.995242
119.888372
97.026685
120.117506
108.118218
109.478054
112.403553
105.725024
104.997660
105.027604
94.191403
110.476812
88.269524
107.251130
97.748361
101.843642
105.545813
90.558747
99.318901
105.468355
98.166004
105.408980
106.474944
98.658354
111.084819
96.047182
107.478788
97.494871
105.776610
106.629602
99.908239
107.642178
117.460382
101.125135
123.564558
99.186529
112.287369
102.496901
105.581389
110.450741
108.923215
98.366229
113.733619
94.189346
107.838559
97.039393
108.384538
109.026417
111.943326
115.626952
122.564311
108.097938
128.283062
111.026011
126.636954
125.333167
120.101553
119.940786
114.963944
121.133265
119.744210
123.607525
133.066397
108.809117
112.969638
129.395373
126.876522
140.183088
138.643144
142.666655
135.002331
131.099497
141.391862
151.356890
139.129231
156.164347
129.181782
159.174724
145.628624
151.164072
149.164722
150.083507
144.931397
157.632939
150.527871
172.065310
151.095186
163.847980
159.680871
152.146189
158.057727
159.514238
137.273071
151.854554
124.217484
137.899802
118.086907
122.562862
117.092587
99.803487
100.378631
103.678083
92.448805
93.366244
88.472244
99.036382
100.805684
81.626807
96.400745
79.771534
85.504063
87.494330
81.000784
91.012396
89.922685
81.614868
113.286178
94.937357
97.930704
97.142995
100.067488
86.274124
88.982341
88.035655
101.044037
90.396671
120.305819
99.695097
113.662119
107.123834
106.734864
110.705353
101.724720
92.455520
94.878776
74.814846
93.034427
71.587605
85.349711
92.349643
84.287025
89.519565
85.653284
86.228269
100.926601
89.706458
99.849591
97.104720
98.456963
118.426928
107.718131
131.704509
131.976976
127.141636
131.928598
133.848215
145.795653
137.773142
125.098604
147.751118
121.800738
144.737849
145.264304
141.727768
153.397497
153.329581
146.484846
168.069705
138.993258
171.092414
161.511004
168.372141
164.871703
167.726695
170.679708
170.154637
161.574529
188.897677
164.114221
176.920769
174.719855
164.853159
168.431257
168.679380
170.043586
168.477270
160.324948
172.299040
166.929841
164.540512
160.084138
155.666525
174.453636
161.862326
162.505126
165.163453
160.773282
158.939058
156.600456
146.395258
166.754480
157.529508
170.825125
175.015148
170.460215
162.987350
168.580959
162.290756
176.867934
160.218554
166.902615
151.575669
150.150348
143.546476
166.008339
155.941214
164.107014
146.216551
153.662487
154.750910
145.135750
145.688150
158.675087
158.484898
176.306446
167.237223
180.937897
159.629259
159.430618
156.024239
145.393446
146.960850
146.102594
137.388263
139.919205
126.623223
134.307355
131.739481
124.313082
130.875702
116.967110
113.268456
112.233167
105.161994
109.026730
107.518904
96.269887
114.011212
92.561656
115.396616
98.889685
113.287904
117.604606
102.850549
107.408672
108.101741
86.355998
115.473969
88.393257
95.148217
83.315329
84.676739
82.842473
86.239239
77.536178
80.667041
68.096908
89.824472
74.502579
68.514663
69.295381
65.739336
67.541824
61.499775
59.491074
67.057624
46.540847
52.554846
43.065545
40.029851
50.146144
22.195215
44.082916
31.217274
33.552453
33.099726
29.973792
24.743890
40.891389
21.647030
49.827365
48.694136
61.056635
68.470697
66.990525
69.237985
77.556229
63.991883
77.411392
49.469372
67.386268
45.316532
49.453484
53.836289
50.907835
41.796434
54.424436
46.506208
63.923587
46.814779
47.564385
42.374177
31.007593
37.111127
35.606010
39.389617
42.101058
27.014981
50.997993
60.632419
55.792269
64.280971
49.666760
62.026625
54.914580
62.261648
69.900189
53.115617
55.723691
76.876158
57.322774
75.884019
59.908244
82.522010
61.274463
65.777556
66.424319
72.314511
58.255995
85.116064
60.983795
85.509579
62.023955
67.410147
74.579281
63.238908
70.638827
72.404473
65.915417
89.846751
70.435202
99.179966
93.527987
93.505455
104.431998
91.046317
98.233158
104.644712
91.298758
95.106112
89.830457
89.900839
105.899920
87.108486
117.227800
104.803531
101.147190
98.219769
88.225885
98.989310
100.915620
88.709819
113.859277
90.411585
110.206060
90.288342
88.792425
98.340766
84.928155
82.377947
101.548165
72.754840
100.825442
81.575974
93.062652
83.647758
82.675833
83.430436
85.111079
80.847413
105.731993
78.049427
94.845103
79.772257
80.333098
83.031478
72.583983
64.303511
68.629279
46.379352
55.555292
36.784367
29.504773
49.284397
32.663262
49.543517
40.502145
37.460899
50.267836
41.817449
52.016486
54.408484
41.145464
57.516132
31.583452
30.989058
20.756259
17.181459
20.417671
21.604754
8.691471
34.369060
11.047249
34.971669
22.507658
28.900004
24.430233
20.901067
24.610217
41.649054
27.625724
40.426329
12.023605
18.494326
13.071928
15.451787
31.893189
21.494651
14.135900
31.679047
19.609803
39.848461
17.288366
17.593076
37.488371
26.404836
32.718929
25.534680
32.015496
43.150381
32.780616
41.716759
54.729010
34.686751
63.029230
52.733204
60.954764
66.690742
63.761826
76.866697
96.619000
92.980172
126.813842
105.358519
136.826828
130.131395
144.706323
154.517040
154.149365
149.516155
164.377041
150.201050
163.485409
147.798852
162.592103
166.769695
163.483283
168.118261
172.115936
165.004174
188.397326
172.915968
188.162282
169.775477
179.399110
176.581784
170.094594
189.182900
181.372659
176.997004
181.707796
164.683168
179.576533
188.440486
170.290004
180.957544
154.643533
165.602681
156.616268
157.613371
155.201083
145.919220
135.274413
148.113968
128.820374
146.854422
136.083607
158.957607
153.885878
158.777589
169.441711
174.091763
165.516929
191.224730
159.205141
179.235096
165.921970
157.243618
153.706316
149.732400
137.048002
141.767659
128.739773
145.266032
122.478854
133.907647
146.072849
140.990637
143.272454
131.954421
138.107005
137.750378
119.013504
127.538425
116.444351
110.928906
116.340973
94.985821
96.082742
78.228129
78.561639
74.957804
65.827125
69.882124
68.003582
41.513448
68.458931
41.732524
54.331150
44.945845
44.978363
46.376064
35.520150
15.474586
31.078927
16.458018
36.699059
18.999570
44.665301
41.708226
32.706359
43.028954
34.847363
22.519072
41.561615
20.382526
27.287409
21.852288
31.918984
42.742802
32.928771
46.257480
46.215142
34.480330
44.118110
46.132727
42.642689
40.227379
22.696912
54.280876
29.508380
35.588001
38.012583
27.894768
31.643816
20.146173
3.870626
9.629837
-12.570077
4.215843
-10.907102
-9.379806
-4.297127
-8.884178
-6.177611
5.120756
-8.957688
6.779731
-11.779552
-4.643765
-18.013871
-9.951202
-3.128393
10.758017
-3.697592
23.357148
12.448703
33.242153
29.157759
25.672723
35.362517
37.409899
32.125176
34.205953
31.726808
39.358705
36.878122
38.309479
52.540890
38.868042
56.849191
49.523764
52.039177
45.940525
33.783672
25.922810
28.339677
20.502518
48.830669
35.279930
36.473694
28.798376
37.974934
32.551507
39.429828
27.557188
43.054270
7.419683
27.593065
17.495776
19.293318
20.624973
11.735319
7.480011
17.981519
10.274021
19.219532
16.806983
19.888162
21.087822
11.511457
3.925579
-2.800406
-22.135787
-17.813216
-27.822376
-13.710219
-10.611657
-24.077143
-13.592170
-22.189139
-21.005806
-18.524236
-17.456238
-5.073704
-27.700721
-24.539034
0.939246
-24.357809
-3.395137
-12.366944
-11.807747
-8.838297
0.071211
-10.983304
-6.700423
-18.209126
3.941508
-30.794053
-14.368181
-18.122103
-21.062940
-2.421418
3.904661
0.510928
8.152693
-6.214043
14.894574
-1.436243
12.537652
9.364002
7.967144
14.772900
12.360643
6.674586
28.107617
-2.873325
9.604749
3.481591
-1.903844
19.572676
7.950351
31.055570
19.738684
10.468869
17.120148
16.095246
11.743807
25.892777
8.316882
38.939880
23.957278
24.102165
14.647737
7.321590
0.074546
-0.667006
-13.398495
3.765980
-18.616919
-6.281056
-25.070598
-20.582692
-25.340609
-17.751851
-29.852486
-10.665131
-35.014262
-14.874051
-30.239620
-16.600834
-22.462523
-27.671899
-20.579567
-30.123337
-39.595781
-13.820774
-40.404494
-14.784148
-23.795444
-27.179188
-18.897333
-28.322492
-11.354677
-11.551532
-20.353756
-18.594810
-22.333212
-16.798295
-2.193984
-17.854609
18.604455
-2.730251
7.584322
6.224655
-9.486666
-3.080217
2.903553
-5.806187
3.276220
-19.770059
-0.139100
-24.315576
-19.133984
-18.707484
-17.879796
-19.073814
-22.075359
-22.793132
2.097343
-19.409358
-5.438014
-14.475218
-12.011107
-3.094535
-2.964364
-8.718196
3.119871
-24.161824
-1.851523
-17.422544
-13.843982
-20.214149
-41.479968
-32.803974
-35.529980
-43.308815
-33.640908
-53.385497
-58.686887
-48.721250
-67.870413
-54.117745
-73.854890
-52.805193
-51.377178
-57.460211
-43.249701
-49.189298
-66.275600
-41.251641
-72.133728
-52.658180
-75.834922
-65.670784
-70.254898
-71.477107
-63.781129
-46.785341
-55.981155
-31.991035
-47.915698
-38.729873
-39.238923
-36.879675
-37.814009
-37.576026
-40.280958
-11.205119
-34.145399
-6.743446
-5.651198
4.592284
8.172099
-2.091706
0.167305
-3.361039
-10.173433
7.742196
-14.745171
-28.203860
-17.266622
-34.317380
-19.612357
-31.900981
-22.897758
-16.244637
-18.614692
-15.870690
-18.237248
-27.647743
-8.743544
-29.271790
-11.696342
-14.693166
-24.005574
-20.562581
-23.118386
-33.266133
-7.523222
-35.547798
-12.915425
-20.576024
-1.514362
-11.032998
-13.830939
-3.440602
0.481305
-19.357713
3.224960
-12.333644
7.517648
-1.705537
-1.383609
2.409512
-4.548274
2.892779
10.355324
16.328552
32.485634
24.910029
31.800579
30.846754
20.857799
32.898138
21.592212
22.214661
26.967613
22.798959
22.096289
25.050663
14.392197
22.208572
9.198219
19.739707
20.871642
30.678387
31.115915
33.215630
37.492006
36.389547
10.390061
43.892258
13.801523
29.661110
24.298955
25.122804
32.693174
43.551613
34.856307
41.924860
15.028201
37.639399
34.003156
32.265356
33.758032
28.542725
27.951766
30.523443
15.077676
17.657329
3.646570
12.724946
18.268776
3.506040
15.916237
-6.376201
9.467964
17.842513
12.439577
20.724563
25.248198
33.989522
50.799038
33.760817
50.131440
44.499157
52.039226
48.183160
45.110530
40.452788
55.870959
40.080906
66.092817
32.548650
61.871421
48.784253
43.821447
47.141446
45.401987
39.746318
53.374322
30.203693
42.407190
25.306898
34.709649
39.695026
30.155206
34.049561
29.967346
16.529209
41.027470
28.897506
34.334982
33.022046
23.315035
33.809585
18.213423
29.790017
21.862039
21.789064
31.408429
25.237587
23.803453
24.473591
8.278554
23.921575
7.651925
37.192600
24.256718
30.664328
33.850678
34.576331
27.036543
42.376635
29.059037
50.734149
33.889119
36.455261
33.259303
30.136072
29.685986
24.196354
16.028130
45.121670
29.262781
41.512138
43.582189
44.426595
41.885762
46.518210
29.251238
39.890612
22.835112
38.156785
20.497692
35.531607
30.820016
20.977523
30.140188
24.920119
25.622003
21.703857
7.537803
18.130950
19.606600
16.086692
27.067140
-12.048200
11.899256
-3.459808
-4.484102
4.827848
-1.306109
2.994432
27.832976
5.576665
27.742713
17.653959
32.745498
34.519371
26.586123
23.943150
32.026602
21.362928
37.672216
24.618094
32.772147
21.641495
29.854986
30.682773
31.675292
14.788540
30.320726
15.938761
24.346417
11.334477
15.775578
15.292376
-2.557569
-6.598016
-14.289004
-23.551403
-21.935605
-17.215065
-27.775984
-24.632597
-36.716788
-30.850317
-48.199029
-43.150416
-44.519976
-42.347912
-40.208360
-31.350273
-40.920199
-24.992926
-42.025508
-30.184227
-47.922741
-39.286490
-32.034476
-36.001704
-45.949541
-23.366970
-43.194285
-35.014620
-35.331756
-13.790801
-17.065431
-26.144947
-28.444246
-22.132867
-23.996865
-0.754124
-25.086392
-9.014308
4.359781
-1.259529
4.514136
0.555014
0.963422
15.588274
4.345175
10.689072
15.921493
25.602933
36.818275
15.362851
24.566603
19.231007
9.671960
21.936044
18.806608
8.491033
12.200978
-13.716606
-10.105252
-28.712523
-20.609948
-14.300910
-18.904945
-16.840487
0.265912
-10.065227
16.072236
-10.404997
22.840879
-1.266229
2.990591
3.099657
0.659530
-2.976781
6.365528
-15.674228
2.295907
-15.849506
4.402975
-5.073286
-5.710120
4.111888
2.240237
-7.077214
2.209566
-8.839519
7.399598
3.980279
6.932534
13.160977
-0.718397
21.957390
11.789512
11.325463
21.520999
10.395265
8.570839
11.340755
-7.327931
16.595977
-1.276320
20.171761
23.191683
21.647029
27.789047
31.541383
24.032669
39.900563
7.224716
48.364065
16.835169
20.073624
22.380423
16.051570
4.412285
2.520734
-1.879693
17.694403
-9.882189
6.181027
-6.022548
-1.682068
-2.366540
-9.380371
5.747964
1.791591
-11.499363
5.885137
-19.293108
-21.468402
-8.265579
-9.205010
16.526339
7.300785
10.844829
25.527311
13.826009
26.774627
32.762396
28.563310
47.686550
23.364862
34.220496
20.283943
23.337740
24.757395
22.147257
16.666268
24.026280
0.443860
17.960963
-1.753314
14.657522
16.795933
2.059997
3.337999
2.234910
-13.346100
9.276183
-24.349157
-4.817646
-15.642241
-11.220157
-14.453363
-21.357907
-16.784634
-13.265272
-35.739124
-15.521286
-28.629421
-26.920171
-30.605793
-39.093045
-25.746966
-26.648383
-25.864074
-19.491174
-26.815265
-10.506390
-4.576142
-6.999157
10.648745
-13.748747
5.495080
-0.153868
2.219704
13.128143
7.848725
2.474934
3.235609
-3.684997
15.674509
-9.201967
2.672230
-3.306552
-5.475056
1.009693
3.609743
1.381337
12.773220
-14.585343
12.887275
-4.638406
-5.430594
-8.980092
-2.903798
13.697593
23.555035
12.347458
36.748812
23.538915
30.885509
26.934221
31.693727
31.332046
0.030523
9.550099
18.000969
7.301559
27.365560
34.384392
42.781734
57.838576
42.224249
59.925074
45.230659
55.759619
49.607763
52.905947
59.810339
67.294611
44.904674
46.847028
27.103836
45.363864
34.687104
41.317318
34.444723
36.646786
24.596238
55.903290
30.281321
46.611537
28.389007
31.701246
35.334018
23.973520
24.942808
36.735878
12.470264
20.082668
2.606279
21.201051
-3.584018
0.907024
3.673684
-4.024833
2.862414
13.554484
0.337324
16.613362
17.248946
17.655544
20.983248
9.680183
37.497787
38.964379
32.157448
45.117832
43.567018
39.944633
68.160217
46.949289
56.650749
44.522116
70.438735
49.340878
60.532008
64.517912
64.052129
58.682269
77.680292
63.856995
80.697305
63.955700
56.440608
53.878237
57.802757
60.991233
63.036783
55.185860
74.984187
53.260278
64.954477
72.895688
59.386855
64.412594
61.459216
53.622080
70.341597
49.585982
63.139354
58.040293
52.564785
57.888756
51.035020
61.011347
44.743555
32.665568
37.757444
31.483501
28.976003
38.907713
18.947095
54.765425
25.351255
38.184600
26.737526
13.259136
18.189268
18.972533
8.883965
27.626584
-2.250656
15.525439
-0.108218
13.504808
14.432646
18.556833
8.212828
32.867930
20.648806
40.582183
21.573557
36.555935
31.680544
33.738935
27.963157
30.874121
21.718192
26.116782
4.017891
17.967703
16.464985
9.889255
13.813305
2.204581
27.463327
13.617372
7.655229
24.578070
18.412299
13.731819
40.834341
30.838829
45.550723
27.334414
26.149926
23.655847
23.611776
23.934448
16.242069
-2.479138
15.406377
6.253261
32.002184
5.142722
31.811367
17.953717
14.974942
14.683196
25.472355
-1.944500
-0.957604
-25.921694
-12.147688
-25.659736
-13.506129
-8.099189
-9.244784
-19.402838
-11.191143
-12.522698
7.103346
2.532379
-0.295882
4.731115
-20.959706
-15.327258
-23.172375
-41.601632
-37.582651
-43.667066
-52.738380
-50.022333
-74.199198
-46.417149
-74.151429
-61.357605
-59.379641
-70.223098
-67.645913
-66.298097
-97.594586
-74.118788
-95.496887
-62.898882
-92.848333
-82.278393
-83.108781
-89.436405
-81.945460
-75.507891
-80.561068
-75.192666
-91.476022
-53.055679
-71.802372
-62.625571
-52.264575
-54.171008
-61.161284
-49.463999
-67.871656
-54.372076
-63.550265
-51.623023
-59.421323
-65.677650
-53.955946
-64.782499
-53.303602
-47.213293
-66.368160
-56.265930
-57.269719
-72.016049
-55.924444
-75.813174
-59.413128
-67.168647
-69.457033
-68.172796
-70.484626
-75.570739
-49.794714
-75.869550
-56.999782
-73.298026
-62.432404
-61.997233
-66.197659
-59.662212
-57.534339
-72.033692
-55.320359
-71.783589
-48.135112
-65.185945
-52.087066
-63.962347
-59.283191
-56.101024
-43.876729
-71.240828
-50.346749
-70.439121
-53.371890
-47.102056
-52.534875
-31.885251
-36.652216
-34.515935
-20.306660
-30.751054
-18.719308
-27.728671
-26.982078
-20.934664
-30.567582
1.498382
-21.266884
-4.752034
-7.949796
-5.950199
-5.683366
-0.312938
-16.010550
3.573006
-8.500684
18.030895
9.012516
18.189839
23.287554
16.423937
21.691849
35.036991
28.448030
48.805540
29.457296
39.375694
36.117490
32.437533
29.010070
27.605190
27.112761
36.854932
19.923533
34.284693
14.796020
33.687271
41.223957
32.123443
34.118195
30.996891
26.812172
37.123421
38.375525
41.091253
56.113792
42.282804
52.863479
37.821980
48.494000
38.707252
29.234472
43.450963
50.410266
45.173150
63.722510
33.737606
53.369416
41.981395
57.863292
57.071325
50.288001
43.292723
61.342152
29.479413
39.604372
17.026235
39.554894
41.379064
27.150831
33.193341
36.813248
28.137010
50.156460
30.441976
42.176026
33.329793
23.804096
27.801363
24.739974
26.778295
28.596030
18.820999
44.492051
31.078064
43.368019
53.674608
45.018659
57.929868
39.981139
42.654069
39.637766
36.636282
40.874619
36.410333
19.408668
36.226453
29.180883
35.712214
38.640513
51.649206
52.867957
71.483781
59.652737
79.134742
60.081090
86.284297
76.130585
91.311403
92.530876
90.703977
89.279005
109.196637
105.781493
127.580185
117.124886
126.723026
124.557043
124.812445
125.673790
124.432027
120.953318
132.157491
120.988004
126.265882
117.039424
105.519396
119.944187
102.834283
110.554158
113.739669
105.666520
116.036767
111.062034
110.340412
113.394600
95.401819
120.222750
106.314348
109.113619
92.520727
93.393969
83.700272
79.793533
68.378564
72.709140
57.302778
74.245945
64.712278
75.055995
75.341495
77.478272
78.111939
86.931013
73.144981
104.880818
83.731929
95.634558
93.889536
73.410828
68.702778
81.350019
67.463717
75.525679
60.099914
82.760085
80.391172
74.255927
81.767893
71.488689
72.462459
58.853792
54.269119
65.314696
61.405800
65.975993
93.125003
82.679806
112.069963
111.160147
115.779256
104.370139
122.982235
131.536225
145.405683
141.061914
174.339458
156.948372
186.779586
176.745139
172.523139
185.374957
179.719953
172.758708
174.916664
159.100237
180.673797
160.291778
177.601814
174.268402
168.637493
172.678985
181.249473
162.657455
177.479525
155.837882
173.338591
164.543886
156.643427
161.061485
149.660926
154.415551
157.967505
136.748617
152.010048
141.776459
140.279406
153.690283
139.482561
163.684447
158.093806
166.256306
158.771385
157.089655
170.227174
171.048930
165.040082
183.547022
166.809310
194.528894
177.340244
195.386093
185.201599
186.062510
177.617039
183.039663
157.033499
178.266647
156.177464
166.612968
160.541136
158.671139
173.150612
171.879844
173.252152
193.468355
174.922632
190.760324
187.645988
201.142313
212.043777
207.010250
223.488624
217.609160
215.522413
220.868780
215.987989
214.301582
217.135104
214.161745
229.992045
215.076399
225.484114
216.776947
209.337552
216.929341
213.678723
207.515611
226.158912
198.986260
218.776722
199.398451
211.911626
209.437831
205.707879
198.520356
210.721855
196.605458
212.599680
198.346651
206.798385
201.056139
199.792582
207.228838
202.603666
179.965889
202.489742
193.243280
210.176907
186.259815
181.690989
198.751004
185.657818
189.149554
189.331269
175.990228
191.095591
163.638782
170.574763
172.586954
163.298873
168.609270
145.861302
155.956274
163.080061
147.881061
165.309478
155.650464
144.229413
159.028089
145.880489
160.639874
128.834483
141.486163
141.564828
141.323821
145.599496
154.591459
129.964313
154.444842
124.093750
137.874333
139.917908
135.514938
133.944463
143.257457
149.283565
154.826350
147.551909
170.508756
161.296763
181.887132
183.915140
179.643092
193.344154
169.933367
171.189544
183.136411
164.412493
192.624920
190.716921
190.325754
207.805895
186.551632
209.261241
201.903795
201.958979
213.688711
192.107520
190.068325
198.363301
166.160071
186.142207
158.964885
164.033225
154.927015
154.667558
145.119949
145.169108
129.620721
149.784614
107.188117
117.088849
113.624700
116.906440
121.641939
111.066781
119.174960
130.335079
105.945734
131.485361
118.042899
128.888846
128.003576
115.272875
120.280211
115.370662
104.854376
118.153128
100.238805
104.725870
94.763313
93.441625
113.664006
95.681643
103.070307
111.352471
100.629019
114.796524
105.577939
106.749991
105.913789
86.626549
109.046785
102.335412
112.658385
108.860413
102.109113
97.771660
99.960222
81.516482
95.711851
68.838901
88.117151
68.177678
55.875343
63.166184
64.074245
47.806129
72.556687
35.326243
52.888374
51.527412
56.460028
71.912515
66.344654
69.624366
64.747470
64.835742
86.697080
55.864494
58.577301
57.514930
59.614768
66.504455
55.925295
50.779492
71.924007
79.474865
87.672171
78.412214
85.056686
102.115655
81.896774
104.004608
92.817500
93.861703
104.790354
95.095828
96.191846
118.935631
103.556464
120.955661
104.012216
119.643947
118.645886
123.369433
134.074197
139.449792
121.973645
131.735471
118.407381
144.234936
133.079135
130.109321
121.371489
110.828032
115.885026
131.379828
129.161209
150.868706
125.605258
146.656627
141.766439
121.182341
132.871516
120.518737
124.120248
135.675841
123.955219
130.975809
116.123441
116.885387
119.507866
108.649737
116.005248
105.316026
123.739623
106.530457
104.049832
110.187450
126.348007
105.659210
141.670900
128.985494
132.368182
123.530152
119.816849
122.525018
125.976762
117.138118
134.629604
107.038698
134.199905
118.036508
121.049232
123.597958
130.909865
128.762458
130.288038
120.536775
148.797472
130.199076
149.699275
139.356584
141.228633
142.025844
136.092414
133.069881
140.679788
137.846507
147.086766
136.589450
129.278879
143.591498
126.625085
141.998391
134.050047
130.107598
131.285891
126.776972
131.904616
133.343335
117.712128
148.928504
124.648266
135.661668
131.145173
125.279470
136.667814
122.010268
111.453271
124.319091
98.428488
128.800369
105.835696
110.290111
102.176926
94.156986
104.269057
104.824804
91.256795
122.477559
111.608094
121.232547
111.221047
118.407531
129.712866
119.727176
119.151448
119.713509
112.796092
140.796759
137.127702
136.866068
142.984612
141.045730
150.329214
137.077649
137.906180
142.212798
128.301394
128.933217
133.812787
125.207491
138.515895
132.751563
148.680568
139.155286
151.470257
151.311164
158.739196
153.663013
170.629358
144.174420
170.065426
142.508554
155.348658
139.781579
143.189271
157.817177
159.753216
149.135268
153.178717
125.911340
146.213551
118.382731
127.733264
135.384157
120.916793
119.276676
115.796316
109.434854
111.480153
89.593720
108.369460
118.464891
110.208337
133.106430
120.564988
129.052315
132.433871
128.665270
149.196086
149.726261
157.590843
161.112635
145.117255
162.019131
145.979868
138.040706
134.262400
127.564568
123.104573
144.752120
124.939947
144.591961
109.979194
124.218917
115.683232
124.433711
111.421479
119.752225
110.851889
132.823342
103.159818
120.829156
101.757447
106.230310
102.336146
100.154619
109.035620
106.675348
98.813321
103.119236
95.368205
105.418565
105.231810
103.511047
112.244657
106.042829
114.599234
121.745996
120.779193
130.065791
123.673817
110.193421
118.482550
100.276952
115.415976
104.435051
113.381809
112.702407
109.037457
102.803532
125.565475
112.169708
123.142727
104.581233
129.022319
111.113756
118.454347
106.195260
109.845042
98.794574
108.194436
97.980230
109.159220
95.474370
116.866704
118.400738
122.467951
127.552937
124.783655
122.528077
136.534428
125.607200
140.651761
128.407493
133.375057
128.752815
119.589909
121.134659
120.566392
108.847884
108.356764
108.038845
109.470527
113.940334
97.047111
114.646210
98.354184
112.194566
111.998799
118.075334
117.067219
114.578818
103.164862
110.260443
86.218608
101.893961
76.909718
84.691946
84.572878
74.499683
64.313300
69.531223
66.918898
84.848251
61.381356
81.620989
64.201129
66.785485
77.610059
90.917300
87.714273
89.561102
78.935195
86.414285
85.636252
75.802491
72.631979
44.209128
64.852656
56.644168
56.644441
61.568790
57.857692
57.339275
47.310124
32.339417
55.703012
33.122709
34.334263
22.647582
25.495832
23.225417
26.899473
24.242366
37.385999
21.623790
48.756195
43.187267
58.009003
47.521118
49.770209
53.338247
56.982630
46.168563
64.578975
62.132745
96.746518
78.456610
91.514269
93.561295
93.009170
92.056584
101.863125
88.069973
99.895306
85.539561
95.267162
94.623993
86.340656
98.280983
85.534831
90.022615
95.648388
92.883962
97.897061
96.766536
93.126959
106.290660
89.651441
103.669046
96.097320
97.319493
107.058484
108.315151
106.909992
111.151613
81.388865
101.877489
84.742068
86.254199
73.745372
78.133463
76.037854
87.197759
75.431869
90.578536
71.855229
97.635652
76.590849
91.553076
95.982512
102.151789
93.723855
101.741727
88.427276
109.469613
103.588944
105.528174
109.940755
109.798161
113.555558
99.356831
97.816908
116.427414
107.155372
113.920587
120.290320
108.139379
113.860385
94.214797
116.615226
114.103048
120.613447
123.265615
118.286736
115.517315
124.489664
114.606308
138.446792
128.077007
132.728563
122.528991
129.089733
132.705380
142.028010
123.120295
144.176176
127.341034
140.578683
117.255789
119.787836
120.940370
121.328384
114.260024
125.893879
119.990912
136.393308
130.706040
136.141052
134.531882
132.697236
129.275232
121.494063
122.590365
132.501859
127.263655
123.194965
131.790700
119.280244
109.313305
99.148090
100.372011
92.287819
104.938617
102.587567
94.297326
90.286141
92.659765
72.633687
79.469330
64.169041
76.512666
70.788451
76.903240
71.829994
71.918140
49.928644
61.788955
52.360249
72.709035
64.898471
57.209118
73.849390
78.581326
68.418405
90.137172
78.370834
93.971552
81.811245
92.781831
90.750806
98.466594
109.656636
105.376980
92.297938
101.808108
84.888464
92.374147
83.822287
89.289479
84.337910
75.496519
89.959196
91.644494
80.723204
89.499562
90.080700
87.582218
111.604175
102.113632
113.529245
105.912571
109.938136
113.509928
128.376342
123.640154
134.175112
116.083177
135.173538
122.347228
144.495604
132.415002
140.251324
135.953479
144.339706
135.459996
138.571846
117.770417
137.385254
124.405555
119.600975
117.169193
101.722865
98.039311
96.299517
92.213723
102.802436
92.952575
104.156807
110.526041
105.747995
109.468397
102.262140
104.854508
110.808901
107.617976
118.319520
127.711535
119.283101
129.062276
129.571363
142.200043
138.537051
146.061775
137.972912
119.627817
115.670697
126.610258
101.026631
112.762331
83.732328
94.686579
91.862625
100.106262
105.357880
111.233405
110.961176
124.207594
126.615528
151.697514
134.991233
145.580538
132.525688
133.888917
126.621017
141.045807
119.309590
132.893505
118.580367
132.837090
151.625838
139.725452
155.333649
145.521989
148.025677
153.229629
140.956921
144.589707
156.964152
148.614338
164.221542
146.651996
152.042468
143.385867
131.984354
144.376402
141.336644
141.499538
148.029425
121.825464
148.852278
122.860199
130.213586
116.289551
118.943740
117.323846
119.925798
107.354824
132.512235
114.801982
133.935291
130.706467
141.560544
137.122500
131.572285
134.216869
138.480033
131.667555
139.349303
129.936019
146.408917
144.822474
145.092191
148.533617
154.174495
163.042934
168.258525
158.766032
168.458159
177.332233
163.014224
182.531432
156.591900
168.019403
171.614654
167.399574
168.937708
171.927712
167.198603
182.847078
170.109416
186.752205
163.455851
171.670652
172.917370
178.890111
182.452541
195.033739
186.188217
205.990780
193.976400
221.383977
219.065520
217.144714
218.110087
211.545387
203.080920
217.080377
184.721518
203.937091
192.446950
199.988175
198.560204
200.966088
202.607308
200.475941
202.380915
203.473309
191.007975
210.398590
201.441930
202.591932
218.069290
205.457538
216.900417
214.498366
208.307126
207.271016
184.879193
186.326398
189.308679
185.629685
201.448120
191.077825
211.501304
201.616030
196.040794
189.817010
191.982929
179.103064
189.273850
170.371924
185.199255
159.784231
153.806319
148.131297
150.152958
141.642409
148.654060
141.754049
159.532013
148.211922
157.078274
149.568525
141.111893
157.713829
154.235229
152.000285
156.580051
146.086602
152.268827
143.562729
138.975323
149.139768
140.441890
146.411276
149.305404
142.709181
139.949245
127.784660
127.577602
133.569875
121.093016
151.595214
114.796629
119.326806
122.478068
117.177252
122.399139
132.658618
118.515387
130.788948
101.928041
129.342085
105.010928
109.525280
106.242114
103.034252
104.865724
105.697495
79.730125
100.256069
78.173497
81.588432
81.143814
83.604308
92.145100
91.538683
82.976242
84.540750
81.590062
96.584960
87.700212
89.025662
95.542833
84.568059
100.130305
90.151566
78.632067
72.467306
51.323784
47.392954
52.404614
39.342358
46.776274
34.155776
44.822035
43.912496
47.241317
51.661817
58.505265
24.523292
41.460166
11.029909
35.327911
19.391712
24.233090
26.373089
29.390577
33.164686
41.893587
28.493116
51.269390
31.016756
49.448031
48.351250
41.479316
46.428747
49.853308
54.969580
64.474527
56.384427
77.997861
59.765403
71.068208
71.387161
61.683461
82.521078
70.580187
69.430461
92.075326
63.228235
86.984252
91.480631
76.658330
90.984390
61.325340
81.849107
73.410742
83.118030
83.911930
86.169623
92.304808
95.426645
69.214703
90.113592
84.909106
89.687602
84.894397
81.282622
72.884739
87.140085
76.441073
86.933933
69.790508
95.550609
83.585510
89.513739
94.906692
76.286318
73.073384
81.403405
62.359156
76.545599
62.848008
84.634196
85.924599
78.780812
83.163052
83.282420
82.785815
97.636028
75.896082
94.079576
88.150530
81.674728
100.869166
82.046429
100.046089
86.695133
93.964496
102.655060
102.241239
113.042292
121.623414
92.415401
116.759556
91.699503
110.057434
98.486480
93.727695
98.774231
97.650085
80.663310
106.048444
78.209935
93.862993
84.593268
86.253368
88.704763
89.410625
97.475033
89.847882
80.084857
108.279576
81.355845
85.562760
77.849574
71.531381
74.300689
75.345117
72.358674
87.567102
88.102177
92.972601
97.657858
97.362497
116.599598
95.307390
115.908810
117.718298
112.627773
118.597255
107.743038
112.204715
109.768698
95.030805
124.418559
95.202875
114.841627
100.080320
106.318647
103.572373
112.746097
106.416380
124.387128
99.751719
135.184061
122.878391
133.650171
125.863533
121.447140
145.279716
140.881370
122.279518
145.078674
121.973580
144.246331
138.462470
142.396612
143.356097
136.164628
139.691196
149.162444
137.600276
150.131846
140.967201
135.367623
142.537748
119.683521
126.208216
113.507697
107.886587
124.865919
121.010749
126.036696
126.876524
118.279429
129.832585
106.183270
119.558915
106.578537
105.752632
110.990694
101.050806
92.461961
112.672680
88.504221
109.086859
84.757567
104.585741
97.074882
85.105444
93.764118
91.552960
77.257538
85.077167
64.755267
88.915331
77.367767
73.925787
82.753280
76.008512
86.502838
82.691137
75.277490
93.676333
76.418418
86.143694
89.107046
78.036704
79.878525
72.988928
76.556300
76.968232
67.041614
84.375874
78.672349
67.147996
78.212052
60.244687
79.142864
77.226623
79.129779
94.033082
89.251443
90.627868
116.233951
92.793501
107.333585
98.099586
121.812037
114.832425
121.841345
123.540077
135.290008
125.339526
139.329493
129.363445
146.468302
149.854155
146.529222
142.376680
136.632591
136.434292
145.405452
126.326935
139.583072
118.568808
114.999061
110.798465
95.817539
111.581988
92.160160
87.720474
88.799406
78.630803
94.493016
83.727816
71.828094
86.034272
58.991282
84.122533
75.290011
80.139466
95.191193
87.645673
83.620140
94.979904
76.341726
96.345825
67.864446
89.584783
81.332732
85.578290
76.283155
79.077700
65.283867
84.538298
62.024205
86.221323
77.585561
81.437659
93.864525
96.183613
93.059271
113.153664
97.945631
122.878115
93.305692
99.725654
114.612682
87.762838
93.834771
83.976640
77.696020
73.010697
73.445608
75.585442
70.474265
71.013673
74.564744
56.458841
81.892638
62.831323
74.806708
73.950213
76.725716
64.372745
84.518132
62.400307
91.456223
66.846348
73.987747
70.420891
59.593048
61.803330
55.941102
49.611980
70.238591
38.918602
55.395778
34.753341
40.784005
51.773148
54.246211
56.756693
61.170853
58.270037
64.909070
49.806262
65.136701
74.501120
60.669520
75.744154
74.919366
71.088455
85.730326
83.856649
92.148004
86.736498
91.143758
109.980537
85.546039
98.706201
89.388969
76.750561
83.631594
84.727616
68.127530
83.515815
68.318375
99.681827
79.239942
79.192933
72.871636
64.135078
70.528345
74.647667
66.193725
87.480689
61.547354
76.024180
58.901798
56.909994
61.933258
54.964281
54.363818
67.839462
61.872142
74.512440
69.819685
66.147734
64.043472
67.626534
68.157432
65.933476
81.239063
86.208744
68.134930
91.945811
92.833987
78.583068
96.410520
80.529524
90.964754
94.451200
112.883434
123.193223
108.916242
107.770108
132.642172
122.905378
145.320949
125.650359
137.636666
134.489846
123.904305
128.454827
151.751813
139.527539
147.354558
131.949606
155.107822
153.984152
152.997095
160.004906
169.190616
159.882092
181.385277
155.247681
182.099012
169.268360
182.284600
175.225347
173.950185
177.110754
173.698044
170.241021
189.014972
164.074894
173.113109
181.565615
160.459580
172.315149
157.417825
175.722366
172.647691
163.952172
168.314814
160.979447
160.604504
178.136057
146.502905
171.487889
152.358848
170.043907
156.119733
156.263004
156.334547
150.453182
147.080363
168.270761
135.723924
154.540351
150.168569
155.422535
154.416438
146.724175
135.155553
144.549048
129.678114
163.018693
134.579570
136.095070
133.666789
124.201048
144.698031
139.590908
142.620311
154.068855
140.068674
154.524859
139.732455
133.954402
136.502611
126.104090
136.611820
129.521645
134.411148
149.869656
139.571945
141.370229
150.730221
126.046993
150.407278
129.724901
151.862957
148.429500
149.813218
163.280886
159.707309
136.368179
169.438000
132.598461
154.871924
137.063646
125.969965
130.236329
122.951281
120.170967
129.207881
115.773287
127.301812
96.774810
106.425696
82.370416
92.714355
96.883721
88.447100
85.451489
95.007894
77.874254
92.395680
80.480415
87.352227
96.765054
88.043714
92.211392
78.758585
71.817791
80.943267
75.504537
84.887714
76.020157
79.671598
110.798413
87.122336
102.993794
94.667277
98.302958
115.700107
105.197355
99.030572
110.085935
81.381236
95.445234
77.740508
92.578883
83.099976
81.584073
92.852004
100.582244
75.655706
99.579522
85.660936
102.728475
93.425051
88.401223
76.151672
79.218560
79.848380
78.344172
48.287626
75.635014
56.870068
59.261426
62.124321
54.858289
53.231620
35.579522
36.898668
39.537298
26.886559
37.624757
41.158400
30.637379
50.889205
39.507887
63.527444
54.665658
52.268835
57.677496
53.384853
50.781293
55.584179
32.787928
45.846057
30.000643
46.950087
50.248851
38.274479
39.617612
33.741747
22.785144
43.553840
24.888893
48.217559
35.331345
44.472285
51.707865
72.438637
83.726956
89.430369
85.860004
111.551037
90.684445
103.433465
97.965611
86.300052
107.973386
98.783814
99.211134
106.893797
97.916878
115.895013
115.585112
112.471581
117.988943
96.235605
107.922440
91.140113
88.948904
88.403954
74.639800
87.718322
88.378385
61.962798
87.981698
65.204483
78.479202
67.821398
77.583821
78.408344
76.935485
79.934224
101.083601
76.374570
102.482721
84.176705
80.656294
60.090075
63.188892
61.566957
67.754955
53.994143
60.886740
55.936897
60.734693
68.927403
67.698845
73.858394
67.004229
63.244732
57.618146
48.969827
53.596407
38.434432
38.126589
46.598827
27.780539
33.059625
18.721869
26.077701
27.647767
33.580123
31.278244
31.815340
22.524085
33.610465
17.953157
47.534769
33.599393
35.456381
42.013159
44.921875
41.723300
60.839565
55.816348
84.959023
69.641104
79.843670
72.857371
79.867568
79.279955
69.131497
66.745532
86.051935
62.800446
79.933789
73.651643
84.771445
92.801615
87.618879
96.366412
101.571149
93.003712
89.166463
85.882189
92.976111
94.676491
85.730157
106.745490
97.475286
109.503751
98.745575
87.666083
94.594574
76.031815
58.325628
75.713991
51.777596
74.955594
53.836976
68.837067
85.408033
65.911065
66.873302
84.036366
72.464252
91.934703
70.591568
81.585021
78.275950
81.122681
80.206146
91.292398
88.757660
115.861035
99.240688
113.067648
108.984463
115.181483
111.709075
97.704491
93.221528
88.961048
93.002426
97.534616
70.200058
84.214553
84.417321
75.584884
85.762110
67.097569
81.708184
89.743386
77.572353
79.813415
79.102218
78.830184
98.296997
70.461788
82.735930
77.129526
82.135728
81.358942
77.383618
69.899387
82.929701
61.199195
78.161975
56.793104
65.205605
40.163979
40.129161
43.012787
44.318747
37.743392
51.053955
36.950272
54.685793
46.121061
47.026387
56.041985
45.383133
52.846698
54.143027
35.940903
54.435471
49.795719
50.742609
47.926160
37.542376
42.910559
16.175386
24.289184
30.629495
24.255623
21.212964
23.035304
20.266323
25.749239
20.785479
33.607595
18.555613
26.805581
15.704081
12.472070
8.007551
15.582031
4.705865
25.197332
-5.196314
10.055331
13.791480
3.164292
7.587335
5.104794
-13.118145
1.130510
-20.870881
-9.709605
-18.347142
-10.365791
-12.452212
-13.993067
-7.349099
-3.165515
-25.602603
-21.108114
-33.604482
-26.364086
-39.439983
-35.220258
-25.172504
-32.553205
-20.172816
-20.176698
-24.580839
-23.604929
-20.007048
-21.090665
-14.222048
-13.516351
-5.637261
-6.898763
0.533959
1.657619
2.833820
5.146385
13.786950
-2.323918
34.159062
14.915864
33.585148
15.414432
21.894443
26.506135
27.839531
14.961068
35.859940
13.846402
41.082381
25.293432
23.595707
26.624413
30.279492
21.588407
33.062860
42.002590
46.995567
38.652027
50.506610
51.169494
40.581195
57.274356
64.978624
57.533478
66.294260
74.090936
72.320605
74.753598
71.589281
79.498748
71.896442
77.285713
73.287768
79.443681
71.477226
73.887226
64.912603
72.086568
62.987358
85.608631
71.742492
80.009103
89.492804
79.856429
87.808099
108.880836
93.624434
113.253868
87.140786
109.791375
98.701830
99.369116
92.722399
100.689695
99.564119
111.219262
90.317526
116.589037
95.826033
114.817034
110.538019
103.642382
112.240886
115.635268
120.425361
147.797301
135.797580
149.050587
149.563365
148.176947
162.743159
151.893942
158.418324
159.362273
164.035188
154.383151
163.387427
149.562619
144.972109
136.268320
156.986906
144.937084
156.174648
139.859471
136.739104
131.602307
131.927458
124.479837
147.751235
131.172710
140.896561
143.208003
142.180967
146.504918
145.858119
140.517200
166.010939
141.712769
164.389487
153.497782
155.442784
143.798835
144.988417
147.534227
150.589225
123.404178
136.947946
127.925610
140.859284
148.662510
136.925707
140.501144
121.581696
148.364906
135.889972
135.524543
152.978251
140.580889
138.903622
133.999820
116.758795
135.959082
128.529467
139.492843
130.738251
124.689103
134.696761
144.348870
114.647126
133.063436
104.492553
122.935859
106.259410
119.345544
120.446674
111.238509
116.197449
123.789934
121.013697
150.120039
126.905709
122.019605
127.700787
124.250557
126.641576
121.303989
105.467141
115.891397
93.423610
97.581224
116.619914
108.922740
115.319805
107.178178
120.583173
118.439119
115.490964
124.737912
104.798244
88.781921
99.249139
94.732056
109.318369
89.540456
97.280670
109.728141
102.481871
106.173465
117.761591
98.947522
130.079853
115.691306
132.505547
132.102457
137.530467
119.049255
132.469218
115.729539
133.793800
117.414195
139.357628
121.406153
126.256705
134.250173
125.667156
130.663214
142.338944
137.248324
152.576767
145.801745
155.018732
144.222099
140.418421
146.285976
130.783716
126.672431
115.554986
98.849514
113.348763
104.107946
95.161588
111.239924
92.268030
118.264305
100.848433
99.010763
106.005777
113.024350
113.693283
126.804064
109.001628
125.126133
97.082860
122.640760
103.627826
110.588465
116.693085
105.577972
105.086587
129.407502
98.099324
116.602832
97.395318
112.055511
110.715102
102.070840
103.257885
102.333427
79.443133
89.663564
65.914223
80.652050
70.052213
75.833825
75.153952
74.708410
60.458209
61.097767
50.612582
59.911350
44.029784
52.053674
69.288204
53.107380
70.744338
54.504158
63.373797
52.619462
52.220008
53.925729
53.859652
41.429783
60.538317
30.285744
50.782026
42.576160
37.090537
33.193214
29.478020
32.241978
39.291130
21.693093
49.149415
28.861879
38.737293
39.134713
37.013491
41.553879
43.625075
31.150292
50.074072
31.915160
46.446565
39.060770
43.672107
51.443291
32.517401
44.327239
23.687379
21.348516
28.105680
13.123957
20.911149
30.948472
19.856656
32.024597
18.324768
30.722021
27.197612
12.528803
13.499378
16.241328
5.888510
22.283390
1.667055
13.065500
4.902639
15.243066
11.397230
1.128566
-3.693697
9.139827
-19.158767
-0.694920
-32.346005
-15.221630
-15.507346
-13.249110
-7.605533
-18.417105
-18.731779
1.205008
-19.287380
-1.937575
-14.911606
-8.393407
-4.759896
-12.016792
0.990486
-9.980303
-15.504785
-12.262837
-14.278908
-0.785146
0.666216
-21.721019
-6.423581
-12.711933
-11.254056
-20.547582
-22.570202
-9.893438
-12.902088
-11.068017
6.345124
-11.736057
20.095449
3.372476
13.604503
18.489760
12.295052
18.427896
34.466855
19.125247
40.744329
26.071569
49.228461
48.010289
42.520485
58.606854
62.930766
54.778769
76.223938
57.366003
79.467413
78.254069
79.563003
82.218113
75.352084
82.256922
77.840617
78.556872
92.128095
77.922263
89.784271
90.283764
85.442640
102.393905
91.652767
91.295720
88.283192
72.477954
73.886926
73.120888
72.589045
86.881467
67.087169
83.555746
69.838904
73.759826
68.037339
77.711937
70.518124
66.663779
56.318088
84.581373
54.723639
71.531129
60.142641
55.064087
60.852466
63.303533
55.800118
73.291695
55.305332
83.058904
65.390426
78.996562
81.219223
72.222476
79.436241
78.758922
76.283148
88.037375
65.913810
76.530501
77.005217
73.916313
81.940512
60.489129
63.945909
63.378363
50.841508
54.682693
60.480378
58.438671
74.254886
52.609203
73.844655
58.987155
70.247361
71.703275
69.926713
67.804953
63.945903
38.623486
61.598900
38.614198
53.303041
24.408178
22.265457
16.982153
9.880046
3.304393
16.788300
10.572251
29.900180
5.018104
25.520731
23.939476
31.279591
37.752539
32.466836
27.985194
44.362308
27.083541
32.429715
17.008001
18.084681
25.537636
16.373996
19.752213
12.088020
5.952565
22.177994
17.171501
25.806961
32.930889
14.855528
38.313548
29.064271
38.730282
35.202786
39.051928
43.328121
39.064242
24.865291
43.047238
12.069223
39.990517
24.829798
25.112857
34.695130
22.760070
22.926665
23.323370
2.582573
22.620860
8.704419
17.678581
11.510760
14.000077
18.353623
17.728274
15.635209
27.838039
11.961507
42.971806
30.133802
38.383516
48.267850
29.359731
39.856083
33.433728
30.098696
34.853996
18.579091
16.541921
13.219918
-13.510202
12.800235
-1.348411
0.572804
4.317949
8.532398
15.562589
18.151348
13.253844
27.332859
11.005511
40.365786
23.380652
29.591946
28.077734
34.428291
36.735504
46.454415
37.121983
64.219364
38.897054
64.926488
61.175262
61.952984
61.279128
47.871018
45.158846
59.030121
52.333492
77.969664
55.405325
53.937272
72.182551
62.634298
78.355310
82.567767
81.990076
99.874192
93.314804
108.521928
110.758605
106.800828
130.854360
109.378569
121.479478
126.519628
124.260251
121.403510
122.966626
124.859146
143.740197
121.857116
152.587661
124.384354
126.619671
133.654513
126.974469
128.582649
129.554875
106.954428
128.658930
109.545907
117.048748
109.080397
119.082891
120.369633
117.559798
123.142677
140.989514
121.170749
135.496832
136.136543
148.105956
151.127957
145.186360
149.931517
151.462302
142.374478
153.898416
153.555222
150.940885
156.101563
136.942747
147.494610
137.784079
145.236452
149.757847
149.268673
145.636029
141.681904
124.809458
129.212013
108.582376
107.013486
93.465351
91.353667
79.337921
71.533959
71.585836
90.255182
71.546805
91.711106
70.191897
85.237449
74.186854
83.506088
78.336184
74.363121
65.823434
73.932144
57.742689
77.076316
66.036420
68.365190
79.374205
77.293580
80.870755
80.073839
68.030995
82.003622
66.891298
65.603098
54.678480
50.517803
60.990984
36.474919
38.964801
46.123397
25.123743
42.408624
49.323719
34.338079
56.427860
22.010772
33.534804
37.155308
23.649168
14.496700
18.475277
9.449979
28.327340
2.416793
28.496627
4.929175
16.530232
17.822020
20.228825
23.975964
19.436077
14.186307
31.685175
22.060123
43.178003
31.494470
44.174642
57.583942
62.358468
65.432857
71.308819
71.948009
95.754220
84.564278
99.225939
99.969879
86.869902
100.443177
89.165966
85.089982
94.196437
84.199929
81.451427
73.928033
63.599681
76.739036
57.338741
72.200592
54.118465
61.685300
57.275884
42.725174
43.622222
52.048416
34.120817
66.345806
40.335040
59.038558
52.295124
44.715500
57.962493
60.011029
48.663813
66.604357
39.330495
56.952790
35.227798
35.053362
37.474608
37.151446
49.148167
48.567998
42.805825
67.031318
58.590429
63.522497
62.999925
51.718271
65.752253
59.831959
52.185253
60.566108
44.309562
48.372349
33.880010
33.605982
46.953665
15.060923
33.020744
22.137944
12.989109
26.787965
20.449755
18.669453
36.095342
13.996879
40.529388
15.257393
29.069970
15.729004
14.287636
11.801109
12.221404
-3.985010
24.718151
2.196859
35.325046
15.510546
28.107616
37.172235
23.530520
20.033537
33.011067
25.368370
53.778766
41.795025
49.956699
59.112301
67.954976
79.891734
74.251830
75.419539
92.216519
87.841553
101.375926
102.211148
100.382905
118.922332
96.386320
108.191898
96.264358
93.490049
101.601611
92.739970
97.393022
98.888750
80.601137
98.323439
79.298503
90.802494
87.995457
101.407001
96.086432
103.287967
93.223218
121.213828
94.775690
116.721961
89.966599
102.698302
95.614975
82.799207
93.901063
100.849315
93.612572
121.875488
107.600808
128.211752
126.347112
116.420536
125.943001
112.587976
111.892580
105.570915
89.529501
109.725803
93.193002
87.619493
97.665305
87.499341
109.867581
106.577285
120.509878
113.745286
101.989546
108.827491
102.002867
91.612580
105.404877
81.588701
91.163690
80.769600
75.597403
77.035690
77.544224
72.962870
90.816583
65.992015
90.643698
60.044239
77.476772
74.016384
70.218634
81.931440
83.230790
77.134564
105.582527
76.541490
85.571359
79.556761
75.715031
77.956841
72.472743
79.819931
84.103170
81.115667
104.353200
92.878155
108.318296
115.168129
115.519097
129.755663
128.911114
138.804790
145.672830
139.852827
142.881556
147.674823
127.008808
153.463367
140.982474
150.339843
143.129651
146.553470
146.407620
141.706293
138.692194
154.447339
134.814552
147.996485
125.795735
148.079665
139.230021
126.215177
134.372217
139.191320
120.316788
136.975691
116.439750
140.904704
130.184293
138.227535
135.581672
128.403987
147.786849
141.852970
134.040695
143.009876
135.084396
138.426105
142.698953
145.782711
161.967321
151.334207
157.457660
154.119534
151.364728
161.491715
157.865250
153.016419
151.355958
135.818345
166.192775
149.958214
161.829505
171.523506
161.954657
154.484281
165.647317
147.656932
161.013898
134.457798
163.286526
148.651045
148.571813
146.868118
146.177662
153.214413
169.572867
154.610041
168.951248
146.666079
167.983507
167.483236
162.525266
158.455616
160.928130
159.252427
183.828823
159.508106
166.413454
158.223983
141.892528
149.095105
136.097656
149.718874
130.776114
122.706291
128.928433
112.988251
114.651356
127.617563
112.120570
133.808046
114.085349
128.833896
115.832559
126.857410
131.749179
121.685331
116.392100
132.739474
111.270434
129.608878
108.359492
121.325718
116.560508
111.655079
110.090796
121.150485
104.450417
111.750960
86.620413
102.883964
98.665166
95.060071
90.475765
93.698509
89.719747
100.927305
93.137607
104.098816
93.619580
90.572503
95.686728
85.191571
94.377325
89.365953
91.816667
90.946547
77.957368
95.917937
93.454663
80.795907
102.483293
84.759870
89.428335
83.567926
85.209178
94.657184
80.728046
67.298756
87.212114
55.625946
81.027452
61.970792
79.679198
69.508651
69.010346
63.825173
71.630439
53.643999
73.909721
56.309764
71.987863
59.827254
73.873931
84.829918
67.898883
61.886871
68.196345
52.700890
70.678596
41.686287
60.330605
51.884200
51.783311
69.515666
57.566968
52.909963
52.997100
36.793171
48.866733
47.802559
44.110413
58.253449
23.567393
43.037128
32.597648
35.369142
43.794073
36.720259
22.077328
33.770891
21.737847
42.983821
16.263682
29.110352
26.462290
27.294263
26.631033
27.056102
18.002223
47.948675
31.648115
48.289202
31.974431
43.445819
39.730423
30.438454
33.779893
41.512517
24.632850
49.371998
37.985064
39.603400
32.540790
31.753657
30.799462
31.504825
27.468086
34.542782
29.566965
48.427323
63.415872
64.728653
78.473675
55.525929
69.274267
67.809482
61.926701
64.464157
59.359387
62.584420
66.775219
42.358144
54.295983
51.230859
60.160491
54.969027
60.413736
65.142069
69.786279
57.339046
84.578892
64.938873
85.371863
77.088309
73.020714
77.881878
82.450306
81.229106
97.089550
74.738203
93.235171
88.980117
94.819133
90.491330
84.303719
71.705050
83.156841
77.817139
86.418449
86.280865
97.395938
95.736749
78.920651
90.082764
77.173645
94.980279
92.768199
82.702349
73.899299
56.476372
52.284984
65.674114
40.812287
53.385874
54.327026
56.612425
42.952202
56.462373
53.285477
58.580393
37.448269
49.522562
30.313431
38.996590
16.569078
13.198476
5.219678
18.530385
1.436857
37.651570
17.583601
24.749835
21.475986
30.617532
21.319321
29.227428
34.797311
33.192023
12.485330
16.306862
-1.524677
12.765498
10.062650
-11.184550
9.123478
2.977394
5.853601
14.046667
10.324542
25.043774
27.525158
17.620170
37.450887
31.387601
44.971938
35.998771
32.268058
28.715205
33.387116
35.607481
50.210159
28.018931
44.976669
32.042744
48.012937
47.104906
51.981537
54.020899
59.439757
43.884356
62.418709
31.687428
44.698200
42.314272
30.246001
28.354130
17.692483
11.115664
20.484394
6.628175
10.568004
6.765361
4.768814
3.185103
1.072677
21.588730
6.359284
0.223356
1.056893
-6.233277
-4.750207
-4.931424
-13.516528
3.157845
-9.045149
7.251250
1.602898
2.326435
0.304168
3.037458
-7.081328
11.915484
-4.507646
-0.204091
-15.386553
-13.495338
-13.530065
-13.441909
-19.016291
-16.122053
-27.331986
-11.281786
-27.832072
-6.472680
-25.975108
-19.962021
-24.498673
-24.779484
-33.392373
-26.645610
-38.686291
-17.478914
-27.727028
-20.711173
-10.106935
-22.556407
-15.212070
-5.898155
-15.582990
-3.742700
9.022502
10.652528
16.693592
6.598838
27.325396
15.524917
32.139210
17.135458
19.670963
21.137467
19.419776
15.077622
34.264453
16.247683
35.358174
5.677798
18.419691
15.749175
16.479462
20.493214
25.911835
14.828874
41.281725
23.618164
44.891169
43.323231
42.508110
44.462132
35.534409
32.266812
38.660953
27.816276
46.341679
25.433997
30.416142
26.629462
13.961694
29.155340
28.088733
19.209407
26.389565
7.264421
18.340713
14.755223
6.342835
30.700742
3.318872
17.830584
20.484629
12.252800
12.169969
16.183505
11.216335
23.328002
0.704263
23.888519
6.854368
6.550139
0.398919
1.788202
13.974444
23.881666
2.850576
18.690024
-6.477639
11.633110
-2.041984
0.113139
-2.389535
-6.565366
2.377899
5.687562
-9.607591
-1.731295
-20.786001
-12.312637
-20.406549
-19.377270
-15.844117
-17.515999
-28.305807
-18.259497
-30.739159
-20.100980
-20.644910
-23.660550
-12.441097
-27.701985
-2.442674
-15.027792
-9.329675
-3.174238
-7.662800
-14.765048
2.650768
-10.844509
14.683439
1.195178
14.964945
20.148183
24.901192
22.316641
28.610455
26.492154
51.983868
27.279398
55.594544
38.687437
45.710949
44.942048
40.744907
45.287516
53.817459
32.729210
52.719309
28.567946
44.870142
45.341675
39.613808
59.197177
49.580034
51.745281
59.249321
47.641942
69.605263
60.409252
67.922981
72.780857
59.479213
88.285044
69.201700
66.379176
64.481253
52.422459
62.441236
66.234268
54.582261
84.736615
70.613183
78.289254
69.021086
65.989432
58.964756
60.303193
67.789511
83.566274
70.934549
99.818701
80.641786
86.160974
85.323268
92.784249
96.423624
100.932121
82.857586
96.793003
75.346556
105.348845
98.384251
107.601744
113.228514
100.419795
105.640528
109.497513
104.484061
121.587649
103.417080
105.876854
108.865020
89.204971
105.600215
87.110879
90.035468
85.389772
66.813296
73.770572
85.908635
69.514360
81.993216
70.657448
90.220019
79.689587
73.686844
76.615804
79.598213
70.756158
87.526344
62.893443
88.572550
61.593722
67.549814
50.133164
40.207753
41.201240
40.009089
41.130634
55.057784
37.606767
66.395326
50.846748
48.889737
54.550242
50.532658
56.015814
62.161946
54.907866
78.671456
66.890002
65.066816
72.696759
62.316465
63.415776
48.936648
52.356536
54.423817
32.280855
32.470668
32.958243
18.888740
18.999627
-11.754871
8.289507
-9.775492
-1.012048
-1.055851
-6.760711
-9.533984
-15.054776
-46.389955
-22.562181
-36.070339
-38.369801
-37.661220
-37.634977
-40.975212
-34.782855
-47.726291
-28.455748
-45.131862
-40.104254
-47.298230
-38.679946
-33.557170
-38.487986
-29.823686
-22.609483
-48.791398
-24.907656
-34.259196
-36.279720
-34.612459
-36.807657
-24.292113
-26.677885
-21.787780
-14.566037
-30.319872
-15.946174
-22.439960
-31.111617
-19.261421
-37.487617
-21.336194
-31.516001
-34.006098
-15.843015
-14.417395
-25.748824
-12.187477
-32.290661
-7.857413
-24.073025
-13.201242
-4.407761
-4.028436
-4.428731
5.041340
-7.407739
16.362652
-17.947069
-2.191568
-15.395361
-15.859755
-17.352814
-26.147436
-17.239766
5.901546
-3.564237
21.416526
13.788068
19.476167
34.370411
20.932526
48.999442
43.416100
45.265133
55.431253
48.959555
51.697014
33.488309
18.651158
39.663078
25.988430
27.333226
20.451488
17.759151
31.214710
24.755275
16.073373
34.786655
13.227302
37.090220
14.599436
30.053743
29.729430
25.536410
26.960261
38.411833
21.244827
37.468559
9.788792
37.855975
25.623003
22.311670
29.232758
32.656352
47.495341
59.041257
38.908306
62.475339
44.674401
49.044136
54.758157
47.202937
50.660388
36.453059
39.900538
51.726810
31.704287
53.880106
53.530749
44.400027
56.646125
35.231661
52.489188
47.648755
51.285910
53.593920
48.791670
51.004908
59.334365
37.420392
54.969997
25.159997
38.300937
38.074478
23.959550
36.196186
33.638042
18.544947
32.584141
11.168931
35.553229
17.760706
25.331585
25.071710
21.963418
26.906903
39.840600
25.465118
55.123452
26.455321
45.221894
41.689465
42.435706
49.957335
42.404996
25.153035
34.804905
7.767404
18.220278
16.938089
9.187664
24.044939
12.142383
26.128288
15.975654
3.148896
8.104472
3.870113
12.356084
17.404585
6.953300
26.590065
-2.189221
29.483459
24.048676
32.612130
24.534008
38.991401
36.010796
37.948335
19.458754
36.186514
12.982380
13.258827
4.503558
1.771081
-2.756086
2.318168
-11.279171
1.379870
-13.147601
4.222503
-0.080227
-0.822330
2.911379
2.769285
-1.221943
2.607634
-5.657773
7.192087
-3.741053
5.876440
11.216488
3.390092
20.573389
-0.043761
22.001134
35.786920
23.013336
34.944042
42.360765
45.007908
60.700729
43.351789
56.409160
52.406362
58.478932
53.746629
45.113543
44.391447
52.230097
38.614302
63.060824
50.024843
50.916044
41.942968
56.577864
54.402278
49.167187
39.277494
50.642856
33.265638
45.710660
29.377894
48.575022
36.688705
38.920240
47.476833
47.615690
44.066639
55.817544
39.081666
39.858707
28.975530
22.743991
30.405756
8.189293
6.628455
-2.964448
-16.385922
-8.300362
-9.514714
-21.091894
-16.001530
-32.180492
-17.485083
-43.820075
-29.429682
-37.695385
-44.126627
-53.497585
-42.130663
-60.957552
-47.338858
-60.875047
-36.843247
-41.068224
-34.228389
-30.845724
-36.141694
-44.774862
-22.243620
-39.941237
-9.973955
-23.255510
-5.417106
-7.255464
-6.991451
-10.796632
-13.539221
-18.573097
-7.343485
-27.387128
-14.386020
-18.682090
-15.840570
-13.469299
-11.700982
-0.410988
4.488219
-7.291371
0.362875
-10.130474
-9.369489
1.359971
-26.136399
-8.390275
-14.690891
-16.619478
-9.461237
-10.929612
-13.698812
-1.458449
-8.763581
3.243201
-7.335460
-0.475338
-0.557288
18.211085
11.054223
7.944862
-4.167479
5.998247
-14.036482
5.505654
-2.458377
7.013677
4.948183
6.223093
11.468697
21.122711
-0.335969
13.957466
-3.281561
2.371339
-10.759381
-0.997972
5.797538
-0.427603
-4.500541
5.741107
1.624107
-2.553688
3.066411
-2.899667
2.050033
-9.688756
-1.242661
-10.584887
-6.695339
-2.114976
1.173313
-9.070080
5.096263
-11.014474
5.873610
2.024981
-0.330048
-5.812281
3.589821
4.174837
5.060469
-0.307754
27.683705
5.182594
30.876314
16.434824
13.851351
13.658190
6.985623
-12.068816
3.347748
-19.778055
4.690481
-4.284478
-0.664581
5.427111
-6.016026
-3.153453
-4.218963
-8.612876
6.319248
-8.200468
-0.088488
6.268094
-0.193244
19.223405
7.809933
22.368895
11.974525
2.247560
3.025322
-1.109783
0.473838
16.470600
9.639105
28.642752
19.645956
21.197456
27.559915
35.674540
22.070522
41.552821
16.793211
35.007967
21.180283
38.139770
31.121185
31.097520
43.210600
47.236751
43.810928
60.295006
41.036799
61.226567
44.925320
52.305911
47.408825
40.215573
40.396761
32.486017
23.882171
41.839391
30.459107
40.619727
45.463651
29.258702
62.704296
46.760882
44.689361
46.628592
35.613988
40.962897
46.557633
36.128096
53.419952
29.154458
35.960710
25.466031
27.244566
16.885927
25.922972
25.238751
23.507603
8.169675
34.184693
7.573064
23.714066
13.102827
15.682199
21.938738
17.703124
23.017779
38.957044
25.671645
38.414463
24.985819
37.052514
33.199734
25.770776
25.789948
35.026289
20.873414
35.740072
27.458972
44.824237
37.701856
18.621484
36.494363
10.904638
19.528415
7.643418
0.298881
12.688024
1.547706
-1.689113
0.851683
-13.083054
11.056105
-6.332792
2.703182
9.480698
2.608555
11.169612
18.173182
-6.736101
25.368763
-2.905603
20.756340
29.133132
34.817955
37.540814
36.334250
36.226769
32.275046
14.180015
42.249129
33.053072
43.631428
37.630422
45.940983
58.568024
53.607295
43.973347
67.835425
53.351923
75.364216
63.863998
70.299884
85.136041
71.381030
76.037835
72.534106
58.916530
83.081894
68.772313
68.485412
74.633930
50.293336
61.702861
46.500793
68.908636
59.183559
60.658229
66.929037
51.390637
64.186879
84.911237
78.418703
95.390147
82.600294
91.436209
103.146305
92.386949
98.048981
95.781358
81.435674
103.484565
83.849213
91.450372
67.834438
32.807525
59.658093
75.980134
58.574653
65.265137
46.360210
49.699819
68.519038
56.148090
62.546697
46.830393
48.651951
58.010960
27.896710
35.031600
44.089395
37.713535
33.640074
13.859102
14.020178
30.332155
17.704813
23.883384
38.150404
21.496733
29.258620
46.056862
49.520661
6.673688
42.527994
15.423393
43.903648
81.462303
42.353711
69.315432
84.005107
55.042445
87.075133
72.334039
35.146821
81.526363
87.918878
74.949351
70.991440
74.666937
97.323625
86.442637
93.766888
73.797053
82.925728
71.041227
108.075898
86.913610
42.754356
66.249080
75.615605
78.287396
78.705194
56.530389
38.673248
101.619033
65.938662
102.144173
51.008725
90.288198
85.863540
90.385658
76.436159
77.474177
69.316080
100.617517
62.352960
112.634139
69.322588
68.478887
134.417487
52.463454
79.262804
139.138396
103.511970
132.311287
100.483647
94.296291
73.753576
94.657374
156.118628
136.531396
115.964859
140.559982
127.835151
144.780918
124.481133
108.822483
139.107525
138.205770
145.785841
142.923006
160.457637
164.899546
136.066372
120.347091
128.876221
109.983857
172.843354
121.145805
133.787023
150.511872
129.083347
132.454870
132.257370
114.730854
95.731157
153.078342
154.166868
125.519693
129.034790
134.631263
127.767283
152.110401
131.658796
120.701396
166.074573
150.668799
132.914782
126.415087
98.278760
129.914132
161.074729
113.329980
75.340703
159.688032
136.078233
137.687580
70.134733
102.143418
138.356878
127.100004
79.257125
107.940021
155.063441
87.201917
120.395010
90.709146
70.813325
224.824467
156.897335
184.115388
85.481131
164.498765
140.824510
197.807271
190.302555
178.414157
185.566697
156.090510
143.615540
161.983993
96.801462
153.182104
157.407339
210.901247
159.697863
156.784367
116.045414
170.440449
183.698481
173.096418
174.510044
180.655236
159.972303
182.107082
173.282947
167.272131
143.257101
194.662547
189.873071
176.369144
178.674870
208.481332
176.442031
135.718824
174.788209
204.595863
198.074776
184.308536
197.272940
211.914258
200.851681
186.706420
200.978344
193.871931
172.243654
190.777014
203.361606
195.649042
175.496069
179.288022
150.332119
158.633781
233.056055
204.696114
226.662534
168.866908
186.313407
185.562170
158.681958
192.435242
190.684591
155.183151
200.653268
149.584837
176.864713
199.914915
187.291446
169.668289
181.089076
180.067684
189.077059
197.528736
198.322939
167.720075
183.658756
190.237641
155.051809
182.733528
157.175526
161.985682
161.118087
173.654624
172.551477
121.261056
134.402274
175.532029
140.998493
153.341519
130.065844
123.932067
101.919789
103.132822
89.498977
126.272051
94.635378
132.523719
118.614030
150.062618
126.083948
119.387147
129.678141
139.717113
92.393867
117.010300
129.027607
134.626547
124.710421
120.186518
130.230749
83.353888
131.926428
158.036700
120.018609
130.090076
115.647596
128.413465
71.919462
101.999521
143.963960
121.003743
110.566117
116.120875
103.970326
95.622707
81.373112
74.336541
86.887749
73.928744
73.511455
60.143157
64.651572
59.038411
53.667864
49.259323
48.331845
37.056943
49.436688
33.784296
48.874319
38.470552
43.616245
48.261600
54.437147
52.108248
70.257524
63.073207
93.537290
81.642695
105.819672
88.340029
96.232631
98.945618
98.261942
88.639684
100.799326
87.818630
100.724524
82.849627
76.908874
77.481155
74.666482
69.741037
71.366579
72.565099
85.939240
82.615317
82.539698
84.540840
72.391454
64.409389
44.958612
54.106335
50.683327
40.868651
40.135096
49.933581
23.942251
46.766241
21.240089
39.539998
41.200869
29.591900
30.851216
30.879112
15.380388
30.948794
13.040032
41.449817
15.174827
46.946708
40.825521
38.192795
33.836221
12.429956
25.942372
26.231684
2.872825
72.793928
53.650536
37.351879
24.020972
18.915195
-3.834686
30.121699
21.362050
33.106672
-0.614151
18.869725
18.753964
8.805079
26.598461
47.452639
17.789386
-21.523405
4.348120
13.997367
-0.546499
13.652183
13.194939
-26.121670
-8.658498
-34.282594
-40.891497
-10.045402
-39.083444
-42.985369
-62.265976
-50.083036
-51.302307
-13.213369
-16.760222
-37.453311
-34.561566
-40.502936
-16.868443
-61.289384
0.693319
-22.590530
-8.676322
-13.362430
-13.164956
-18.068819
-57.636904
-31.676420
-21.814039
-23.228229
-18.406362
-11.854692
-44.177048
-3.793163
-17.457747
-10.536009
-46.732741
-27.806302
-24.421627
-42.536710
1.671743
-32.672850
-51.629262
-29.346567
-66.204371
-11.250400
-50.002955
-45.448160
-60.619252
-40.552818
-31.346356
-51.882999
-60.321659
-20.001950
-44.793636
-37.978870
-66.562809
-44.393138
-54.779447
-60.604972
-68.190772
-66.272685
-67.848911
-46.732442
-61.249846
-49.686622
-49.710218
-50.233877
-34.926648
-46.625164
-43.085168
-50.028897
-67.944515
-51.821145
-66.656218
-56.871514
-58.246826
-76.510406
-66.033120
-80.199240
-82.238212
-81.212161
-95.648156
-86.375424
-86.978720
-99.090624
-74.183524
-86.207324
-73.373223
-88.953467
-83.585796
-73.502021
-67.127569
-73.880663
-62.565633
-76.378296
-48.697323
-56.575352
-50.225813
-50.045239
-38.244304
-28.902013
-24.963897
-36.940644
-12.863744
-26.511718
-10.801183
-15.387633
-19.116314
-8.372710
-5.460576
-5.918229
5.415035
1.379931
7.621869
10.377538
9.164895
13.489316
0.527879
3.627880
10.884335
0.641262
7.806530
11.242115
11.059177
23.192171
-0.203034
8.466711
-12.559651
-9.677379
-21.553396
-31.105760
-28.452876
-12.423750
-25.086442
1.714581
-15.128465
5.565327
0.272469
4.470577
7.035615
12.177721
3.335974
25.938447
13.052370
28.293713
17.848221
19.850496
12.783976
9.517605
0.910682
15.932937
4.411626
23.774582
4.978569
22.464344
30.201951
21.605023
34.217394
25.208264
18.727857
20.890229
8.551385
17.176513
11.385058
13.302766
17.336107
-5.151948
-0.464435
-15.718802
-27.687020
-24.915742
-35.561661
-32.136392
-19.751644
-31.690333
-20.283310
-45.693640
-31.057978
-39.691183
-36.341348
-41.750822
-41.799278
-56.721256
-38.179039
-56.237170
-35.354844
-55.890428
-53.337455
-50.697954
-57.769497
-60.675121
-57.648115
-70.855550
-49.043654
-60.775169
-53.541042
-53.068123
-60.924633
-54.251045
-56.657889
-55.082141
-38.073308
-42.813852
-17.569805
-16.796574
-20.651299
-7.282540
-24.031155
-1.667056
-6.709022
-0.979511
20.421565
18.336093
16.564873
30.080564
15.435462
35.136688
15.700449
25.604969
12.483520
16.353075
16.560756
20.002730
15.680430
36.934638
17.221440
39.402562
23.660025
30.059577
18.941245
15.281518
15.839504
24.256103
12.398371
28.514520
10.967164
16.278197
9.415652
18.286711
17.082891
-3.471331
-5.031745
2.141668
-17.105409
-0.312074
-8.113962
-11.580950
-7.013943
-19.601797
-0.981107
-13.057345
-14.273518
-1.990971
-8.507157
-4.968129
4.079375
-20.462936
-1.162489
-28.479605
-3.270534
-18.873406
-13.796852
-7.186426
-17.413247
-22.584526
6.786534
-21.561520
2.972610
-15.816140
-10.523113
-8.058590
-4.010035
-2.386708
4.685063
-7.773172
9.788813
-13.164640
10.713669
2.897245
6.234636
22.797470
27.993123
19.492047
18.921727
8.567078
20.330891
3.472856
-2.978320
4.927720
-4.552432
19.457532
3.822165
6.845494
20.095968
15.121978
18.250389
33.036230
23.376324
43.434728
34.416303
57.444748
46.086156
34.967410
48.871365
52.497434
40.750735
58.642150
49.136481
75.204856
50.784972
71.977785
62.299027
59.089008
67.118134
77.089052
64.069755
91.134439
70.565467
88.790664
79.820685
64.950078
69.310962
61.934722
57.750721
59.704078
46.275999
61.627587
44.680156
53.928230
65.866352
57.647917
77.554855
70.858890
72.121385
73.347039
63.141199
65.640066
64.225269
55.446415
77.032076
62.433020
74.360152
62.768740
75.685895
81.995296
76.178230
72.299884
76.894373
69.578129
101.793186
70.248892
91.026970
84.790893
83.761782
86.872279
98.356197
83.815820
106.624474
89.535881
106.980084
86.609814
102.933773
116.026580
112.340020
114.109947
121.307524
119.265459
137.844553
132.208939
143.235873
137.279853
139.993995
150.537855
136.719299
144.065252
136.200638
133.665395
149.413361
139.004145
128.153574
142.478901
124.429559
137.195689
132.058936
132.269842
129.902544
121.748231
122.648190
135.047378
110.253944
128.171575
96.865339
108.351644
104.971705
97.078260
105.787794
97.252324
83.947110
98.077478
71.274017
100.671224
87.734339
99.654838
110.428710
105.626019
107.126904
102.116976
92.641424
109.821920
92.513395
91.486857
98.465859
95.581262
118.866468
105.844873
112.332680
115.289259
103.698750
113.484708
103.692970
96.937915
122.507285
100.685405
112.390997
105.812618
95.553919
99.787955
101.370266
97.992008
104.019496
95.248096
116.244531
81.650585
93.829878
74.674465
69.862053
57.759861
53.902152
39.843174
62.246036
28.040496
54.029096
50.584414
51.717428
62.795023
62.928893
61.868054
69.376402
54.328553
82.055921
65.116134
78.250409
58.329207
57.689024
64.877465
66.859098
57.073085
52.778173
47.469054
58.378729
50.137155
47.841996
65.370558
49.017491
57.452417
52.249071
50.160293
54.525261
50.239666
51.175881
54.223151
31.870070
58.724905
38.543584
40.714122
45.500590
40.427359
37.045569
45.829498
35.902506
52.256249
27.861097
60.326581
58.070227
68.605422
70.099976
60.066754
54.774393
65.962566
48.919062
72.149528
44.576583
56.502115
60.623673
61.401478
75.193381
79.193490
91.938455
109.547822
102.644830
117.046134
108.779748
107.710201
113.526170
104.709604
119.694457
114.385630
105.593102
119.178276
115.818977
107.927847
108.736788
87.406223
120.413586
100.299317
113.760727
109.236865
95.676622
93.235192
99.482042
83.746315
97.013586
74.874373
95.333796
81.191103
81.161469
80.198013
84.755920
82.672216
107.401613
95.446619
120.021591
99.878056
110.566807
107.964406
107.249274
107.904076
114.816178
100.967477
110.688975
86.565208
103.313443
93.357061
84.905068
91.751584
65.475218
79.168088
64.642606
63.112120
75.576486
66.308960
65.398878
67.960665
44.071116
58.405100
31.489182
48.740316
36.476485
40.920452
51.299398
58.424572
45.465928
64.851837
43.864026
64.387160
49.162750
52.777673
49.371328
46.060620
37.266241
38.378340
15.309256
46.805544
17.556873
27.063329
37.945254
44.160840
40.558938
36.790518
37.890539
54.607732
40.369591
53.405808
38.492690
32.182832
45.991272
22.711946
35.440444
25.501731
29.284388
45.241636
34.945494
42.773392
50.625186
35.826555
55.978107
39.903991
59.675220
56.669479
49.342959
61.297315
58.869329
49.153767
66.549699
39.493859
77.956006
57.459373
67.560206
68.578276
56.400083
54.702408
54.836278
46.919245
70.791505
40.856052
68.907779
61.102006
71.324378
82.207851
88.532013
82.997719
93.722280
87.466309
107.150546
98.107208
97.523008
103.185893
102.306946
108.697519
93.995077
92.433823
96.323809
82.657693
98.662671
96.638989
90.252562
96.115492
59.768787
86.967540
75.444344
78.255596
76.423916
78.238587
83.320492
96.896607
75.040617
94.481260
72.535914
82.334501
70.848064
59.117732
63.581720
70.247276
70.182810
81.532759
68.258464
99.994862
62.755016
82.455494
76.538818
81.404095
77.142208
76.156145
58.039108
83.869932
62.921803
71.845760
66.570224
65.572209
71.870205
56.837548
75.079512
69.554439
60.986755
71.925565
67.422926
70.186290
77.346193
66.966143
86.904389
74.767938
86.718077
96.346135
94.877422
94.030129
96.782182
87.884504
99.572688
70.882019
89.455861
61.984448
76.660549
80.309170
78.514305
65.423943
84.219194
72.617061
100.972172
94.726493
114.309154
106.216916
104.955145
109.928557
110.973146
103.295596
117.449408
104.172593
117.681275
103.402380
109.577650
118.090221
114.671310
111.989066
110.561829
99.930194
112.950371
104.344634
100.925457
99.168722
77.224560
92.887516
90.276029
96.714358
91.285226
83.757974
90.696448
90.624520
86.410383
92.898410
78.516406
89.163916
80.996764
82.329973
81.983604
87.075654
83.070769
91.312241
72.026290
91.161424
80.786067
110.863343
99.879337
100.789700
107.180351
101.133895
90.589848
93.157712
83.970955
95.062459
84.750281
89.824774
78.841236
77.759909
78.822237
74.079979
65.629350
79.653241
72.858732
72.450564
67.503409
62.709629
76.336615
56.979132
65.928675
65.127433
59.064902
63.208971
68.772827
59.142469
72.027716
67.303543
81.347857
82.106408
86.927418
64.753109
70.642571
58.259683
59.355485
36.422388
52.511257
42.706968
54.850965
53.753593
61.519176
50.980780
56.867534
33.186461
65.863879
45.459774
69.289507
68.632553
71.688142
86.158311
85.498177
86.691485
96.884259
89.032024
111.830719
105.400541
103.516008
108.928630
100.989324
110.710556
115.374892
107.661387
109.202141
120.127344
116.425395
138.219011
115.003620
128.948428
122.807175
121.054119
127.629862
125.162685
136.279641
139.096746
125.682303
150.070308
120.765417
148.115515
137.570779
147.607568
133.341788
142.353911
129.025190
127.988972
109.581869
131.231789
117.005305
137.891861
135.175846
136.970999
146.297319
140.424421
134.792985
144.750200
119.059438
145.467520
140.177821
138.283771
138.247303
127.037875
126.487634
121.502204
113.351379
128.313001
104.826115
105.083894
117.651494
99.442399
126.148409
96.797545
91.608315
100.185244
97.830260
100.745255
110.350391
97.647759
119.832874
89.149558
112.192373
107.711271
110.458862
112.845504
111.367939
110.244080
139.580837
111.334361
143.022564
131.258853
133.891732
118.313707
115.200779
125.417835
128.604840
129.415907
137.713952
108.317524
120.461022
109.979796
108.669681
127.467497
106.012122
107.254799
100.596307
78.089483
94.645145
81.305133
81.780207
93.237013
75.307636
99.894853
81.555771
87.871119
78.758430
73.336162
70.728020
60.687037
57.147610
90.483664
68.635639
89.795527
80.281175
93.323635
110.126200
119.806936
114.425185
133.278770
114.037485
133.305612
101.071561
123.849345
123.216817
127.325035
134.403147
132.990846
128.238679
137.903920
116.656008
143.911466
132.895857
133.135811
138.374886
128.681672
141.072382
141.623734
127.702055
150.838744
131.339654
137.303307
142.301994
117.360575
125.191678
106.160934
116.736817
124.905448
110.016475
112.733156
108.795212
103.192460
119.977121
107.521609
125.911935
105.198870
132.196159
124.840679
125.362049
128.216948
134.338611
118.321096
140.893832
104.716009
128.794124
116.929379
119.987017
116.169690
109.670176
100.507115
135.137946
124.708686
145.484142
129.590321
125.061100
126.924778
113.784798
119.942933
110.950233
105.680670
105.175259
80.705192
73.931971
74.040772
51.341914
69.613411
33.164940
37.907266
40.746123
17.268613
19.116905
-2.017394
-12.913295
6.567230
-38.654470
-9.852058
-36.530620
-29.536850
-24.634505
-21.640733
-23.111575
-10.247868
-24.890211
0.633324
-24.620174
-8.835457
-27.083546
-12.833951
-2.211485
-11.461685
-22.564473
12.604371
0.218492
23.278906
23.176575
34.123596
32.757388
37.742212
37.201819
42.511425
27.305964
45.068306
28.997512
43.968543
33.589197
22.488262
42.518945
20.065163
36.150854
27.787585
34.164895
51.067521
35.680755
36.500564
54.833520
29.111811
49.050144
22.559965
34.839037
34.185801
30.484018
29.274758
41.779294
31.504120
52.910626
25.337653
50.154812
34.019563
43.766061
39.968347
37.752323
41.955201
42.297664
37.464645
56.484617
39.791474
61.255665
53.562181
48.973424
59.286440
40.129902
24.769072
38.080023
8.901985
27.905090
23.781225
16.913735
19.332728
16.742690
16.513706
9.023684
7.916940
28.984194
12.397222
10.696432
24.947044
8.726210
32.845386
15.808464
38.671375
55.790500
45.222549
51.675057
56.085216
40.022017
50.340461
19.928840
40.050429
23.727715
29.231054
41.003586
34.934603
36.746869
40.195095
11.918239
54.961553
28.410016
43.169117
33.992586
35.809977
45.805449
41.956763
40.415232
49.544672
24.870519
45.788829
32.793886
39.709631
48.120067
30.411907
47.678484
39.777626
41.168140
36.707612
27.280451
32.331791
46.705750
25.973589
37.361159
19.606256
24.201326
24.461145
28.889754
23.702986
32.913772
21.230660
21.653035
-6.442876
20.042403
-3.169034
3.207916
1.330085
2.526946
1.415305
9.181296
-8.499515
17.381244
3.700643
19.005744
23.924659
22.316697
27.074549
25.067931
10.497268
23.531713
-2.291289
17.724209
10.175309
3.595322
13.129689
0.361575
9.337699
15.494081
12.931337
35.617984
23.637924
28.925119
34.703668
8.760181
34.173121
14.076354
21.272679
32.547372
19.366142
24.071203
24.386458
3.533538
14.207402
-22.390245
3.985651
-20.117807
-19.051011
-20.328984
-20.390924
-24.908559
-9.576551
-18.362460
1.282890
-14.999050
-7.267542
0.842715
1.067683
-5.496290
-10.132510
-15.949366
-8.344595
-38.776820
-14.824541
-24.439803
-27.337980
-12.256726
-23.291264
-24.489111
-13.992513
-16.268708
0.400617
-6.987385
13.324035
16.469962
-3.566268
18.937661
11.510491
21.282576
24.581960
12.477308
29.163547
38.553615
15.939694
33.653903
11.363157
26.916785
20.175012
29.505330
28.370155
34.059229
28.740372
48.278255
17.313781
32.149675
5.767299
6.425986
5.917425
2.214082
-2.722371
-8.355108
-21.617028
-11.827329
-36.209196
-24.330773
-28.381494
-27.554869
-24.102953
-26.002297
-32.759539
-22.845259
-30.519362
-19.619484
-28.605942
-2.858909
-3.580217
-14.842219
11.376389
6.154996
11.750033
17.515167
19.084868
24.007123
25.704000
10.940243
27.188900
7.419799
7.293330
6.598655
8.339137
3.494946
11.592767
-2.093504
15.909891
-10.845336
20.972438
12.064519
12.617738
14.950602
12.647948
11.968035
22.537158
8.376095
24.209966
-0.662821
12.210684
5.620744
-3.957522
14.401022
9.683219
5.513409
8.797341
-4.440652
7.018148
-6.509803
-3.061220
9.707110
-2.637719
5.323199
-1.203571
1.287850
0.202072
-10.376167
-4.688807
-1.462567
-6.030670
3.024113
-21.927436
12.576098
-3.880075
2.484316
-0.547145
-0.950592
0.393851
2.944722
-15.343350
7.785864
-14.128325
-5.279790
-20.485859
-15.716538
-11.817243
-2.253462
-5.374427
19.228761
-10.299520
8.075478
-12.407705
1.779965
12.658276
5.989170
10.752583
8.645541
-12.900456
1.569345
-3.836120
4.647879
1.080567
-9.895174
8.272711
-8.259336
-0.558105
10.510534
-2.441781
8.873353
-2.589409
1.120693
24.608906
4.021639
25.940989
10.776409
9.746802
17.068859
5.249033
9.321074
14.140037
-5.253766
27.213633
13.052542
31.751575
24.074923
27.477475
34.849246
31.212477
21.672046
37.354259
23.168424
40.261335
16.785393
23.115266
18.913962
17.164409
22.624796
26.562079
10.639868
31.315887
23.459560
36.625723
34.333043
29.261176
35.428154
16.154151
13.517759
16.551816
10.428932
14.957276
4.811590
2.642687
5.302128
-3.432220
10.153648
4.902757
14.573028
18.199119
10.853981
9.234827
5.071493
-14.029850
-4.792653
-27.759781
-10.573633
-30.707632
-23.141733
-36.977736
-38.432505
-47.051617
-43.466276
-62.867555
-45.569343
-56.488198
-51.473712
-48.530149
-60.718766
-69.214629
-65.758035
-68.296298
-50.349475
-62.787033
-42.533500
-49.146500
-64.735048
-57.429274
-58.037974
-66.327175
-46.353342
-69.015543
-57.335274
-61.959656
-61.175850
-54.413909
-63.342762
-50.590730
-63.952424
-52.074272
-50.594491
-63.018157
-67.669635
-64.042002
-78.597351
-78.878825
-110.076690
-78.129389
-90.746313
-97.858540
-77.735039
-81.998416
-96.454206
-75.670187
-85.497724
-79.765344
-98.495432
-77.083091
-91.031618
-86.570425
-70.274830
-70.657866
-75.707243
-56.840519
-77.760986
-63.539083
-73.710676
-72.188047
-57.670311
-75.932411
-66.354415
-67.755325
-83.484067
-76.153297
-80.679295
-77.888024
-81.121725
-95.910094
-93.454517
-103.498862
-95.585927
-94.459136
-107.159654
-96.167592
-92.676263
-103.547393
-92.811371
-113.919807
-92.402623
-100.566158
-96.238410
-97.337911
-105.537247
-118.829202
-96.185408
-115.181192
-95.486245
-115.348065
-92.957334
-109.415830
-102.372056
-99.749930
-105.146172
-104.619678
-87.733237
-113.418548
-102.292127
-121.424704
-105.872284
-112.028223
-118.729580
-115.629279
-120.881460
-124.811802
-119.418483
-128.706214
-118.953238
-117.911388
-134.364400
-127.696566
-138.655842
-126.482150
-141.611494
-141.248372
-129.765322
-134.976994
-125.767625
-118.277237
-129.006632
-101.577504
-120.581305
-113.382925
-102.993656
-89.133528
-89.399938
-89.257045
-90.726350
-69.030389
-96.448139
-86.250700
-88.620136
-86.704242
-81.869727
-84.309005
-95.347414
-91.601813
-118.628663
-103.173907
-126.412803
-109.186933
-117.283179
-123.181959
-120.700760
-108.975515
-109.859893
-93.256690
-109.506571
-98.196151
-109.999304
-105.558883
-93.713745
-110.084493
-87.141692
-94.299215
-90.875885
-99.066506
-89.302299
-88.588484
-83.113498
-92.601111
-78.130000
-93.237892
-84.466258
-79.845073
-82.344932
-68.674412
-66.034276
-73.672277
-59.112707
-86.392049
-64.833230
-90.878814
-79.205559
-76.492299
-81.920355
-80.406459
-73.403953
-76.503879
-52.247267
-74.496553
-46.739131
-51.325264
-60.332360
-52.216018
-55.485158
-52.146836
-32.522285
-44.101649
-24.459571
-22.790359
-27.153640
-24.861523
-30.590696
-24.014983
-36.069423
-22.243979
-21.483096
-28.238705
-21.192443
-22.243424
-32.351150
-26.299802
-48.256113
-33.843038
-35.306807
-31.221241
-27.710747
-23.921649
-37.421389
-25.149245
-35.194986
-17.826402
-42.304108
-26.787212
-28.607921
-32.569773
-29.737859
-35.009872
-53.532883
-26.073783
-50.427035
-38.546239
-52.159648
-53.116809
-45.178269
-45.761182
-52.141035
-34.521566
-53.355368
-40.152924
-43.394560
-33.260749
-18.928774
-28.667562
-16.709069
-18.029891
-27.603060
-17.592048
-22.848608
-17.782521
-25.546230
-32.712036
-17.273945
-23.166009
-9.093954
-27.558931
-29.638566
-35.939738
-14.717531
-14.773316
4.328540
-6.850671
4.735535
-12.686052
-12.075010
-15.991250
-9.151978
-20.513081
-13.763536
-34.161403
-22.856952
-41.720346
-20.915393
-31.923213
-37.647385
-34.162321
-27.461766
-32.828881
-27.003222
-39.347479
-30.997275
-58.778063
-54.972176
-43.902957
-60.599001
-48.296263
-45.798721
-67.627029
-63.065618
-66.429313
-58.493606
-55.153227
-72.862418
-63.328535
-73.798853
-66.390930
-80.465917
-79.740073
-68.818530
-60.575500
-73.710743
-48.602031
-69.767465
-55.843259
-66.424580
-51.840174
-52.967710
-62.728236
-67.390260
-61.491489
-75.402937
-57.117205
-71.241731
-64.544627
-73.494426
-70.014079
-78.905297
-77.231329
-88.800059
-78.071804
-94.789556
-82.257173
-82.009895
-78.475467
-80.162182
-80.295419
-82.546432
-81.318295
-86.912214
-92.446155
-100.496760
-99.762282
-98.777814
-116.005097
-82.564536
-84.580246
-87.224317
-98.456842
-85.860143
-79.658238
-72.450408
-82.746441
-63.118815
-100.074512
-85.450288
-81.537157
-89.598420
-99.001330
-94.479329
-112.638402
-102.531366
-125.249293
-101.154303
-118.651500
-104.423465
-104.262861
-119.753231
-116.374364
-117.483746
-132.229388
-102.051276
-130.520714
-94.988930
-98.550759
-99.619891
-87.634792
-92.844138
-90.585439
-90.108745
-101.640593
-87.879306
-91.734996
-100.455220
-98.921654
-101.669190
-85.645570
-90.395167
-100.866213
-95.464422
-95.355642
-100.109905
-97.178948
-102.260721
-77.429487
-95.800383
-88.081656
-85.967690
-86.877652
-85.509383
-77.316449
-78.852318
-45.873784
-66.682808
-34.985953
-40.552298
-26.970988
-34.279121
-41.471668
-38.303308
-31.995989
-46.957310
-28.618493
-52.523033
-37.180856
-32.139416
-40.638586
-36.331422
-37.950279
-34.595274
-22.204206
-40.613089
-15.983308
-27.474710
-18.803193
-10.087388
-7.374456
0.794545
-10.255916
2.013487
0.973654
3.416414
9.584241
4.329469
-4.136031
11.413578
-12.720695
12.314054
13.912604
15.071751
20.862860
14.914122
10.836638
26.882309
3.611146
19.383902
-2.160999
12.457882
4.515320
-3.324238
-6.558196
11.991106
-11.187925
9.309784
2.146423
8.542524
5.769328
0.394976
-4.053287
-16.257892
-14.382890
-9.042680
-36.083617
-18.502799
-38.949041
-38.760421
-26.694921
-43.275992
-30.641223
-35.196705
-35.401401
-28.662763
-33.600500
-14.985998
-12.661605
-19.906284
-10.776894
-46.017562
-34.266489
-43.447611
-35.191728
-34.131333
-42.892726
-42.289693
-24.237659
-47.029503
-19.758495
-34.475541
-23.856203
-31.017285
-29.033999
-21.965028
-22.949776
-38.530805
-23.230754
-50.828904
-24.526891
-39.975950
-24.363020
-20.732569
-30.834001
-30.337251
-25.067577
-39.196964
-23.492117
-46.538659
-42.621614
-39.185878
-33.047838
-24.050542
-32.734378
-28.945183
-16.984472
-36.992884
-29.256093
-53.629559
-58.713022
-43.391723
-66.344075
-39.821439
-71.527427
-63.528016
-52.057132
-55.399318
-53.931001
-47.817222
-68.665533
-49.794203
-68.377882
-49.756567
-53.855780
-56.146897
-43.178587
-40.281149
-57.114358
-42.199192
-75.145099
-58.955778
-76.054555
-84.588201
-77.303548
-74.754450
-77.177798
-67.414015
-76.431259
-77.202861
-93.839818
-78.579006
-97.113802
-88.793930
-85.758556
-94.791311
-96.843294
-90.349891
-102.815447
-86.298008
-97.347472
-102.448697
-92.163423
-107.076241
-88.961211
-100.544121
-102.731427
-96.700247
-103.090321
-96.312446
-92.553152
-102.735927
-73.127777
-97.440540
-87.799329
-99.497453
-99.139591
-101.921684
-100.536319
-114.472254
-90.119027
-105.277516
-73.061850
-91.192038
-84.985791
-69.098767
-80.185785
-62.491494
-58.369301
-74.169437
-43.853207
-65.379602
-54.685205
-63.382386
-56.947875
-61.412792
-78.993511
-66.221360
-68.860210
-92.654733
-77.388972
-85.674278
-72.163269
-57.850683
-75.683407
-49.326061
-69.264044
-71.193757
-51.774614
-54.044556
-52.251020
-43.931139
-58.068488
-49.367304
-74.411742
-55.628836
-62.938842
-55.225052
-53.191576
-50.248737
-44.631985
-27.000345
-50.971184
-20.406523
-36.686306
-23.287176
-38.460956
-34.443615
-32.200994
-35.375724
-40.411223
-22.366869
-33.385061
-10.300906
-15.662884
-9.525762
-4.263048
-15.044705
-14.010138
-4.335508
-14.459021
8.232401
2.549293
7.304490
27.207845
15.336667
30.654747
7.816048
11.881983
13.973602
1.359162
13.709300
15.524719
18.099083
31.526425
16.375623
30.435316
10.932518
4.852980
4.615356
15.159408
0.774071
5.271258
-15.410430
5.512231
-14.206974
5.024284
8.980640
7.503682
2.392776
3.836015
-18.186280
2.318947
-14.477821
-1.322372
-11.212917
-7.319490
-4.098343
-24.617348
-15.218563
-0.356830
-22.883154
9.464708
-6.700249
-9.947196
-10.059994
-20.171538
-12.529114
-35.382420
-36.841251
-30.101837
-33.775042
-26.502023
-31.065464
-45.354550
-34.412124
-48.248979
-33.953130
-44.075207
-40.960505
-41.885094
-45.055852
-48.429918
-39.892387
-62.935290
-30.927450
-53.169775
-32.907164
-47.506133
-48.148047
-43.415379
-39.171679
-51.579966
-34.362089
-53.387179
-21.622254
-29.699921
-32.696992
-32.822988
-35.580645
-26.676509
-20.108233
-23.884790
-4.727604
-10.435419
-8.355250
-16.102431
-28.765428
-13.412436
-14.577596
-19.665351
-1.697794
-12.818594
-7.052977
-5.746173
-31.570115
-16.236603
-42.088336
-26.708195
-32.330519
-35.948723
-32.321035
-37.320951
-40.194589
-24.857782
-51.072998
-19.073252
-40.193921
-31.851752
-34.032622
-26.422610
-27.350645
-29.592299
-52.713916
-32.960062
-56.243375
-57.098612
-62.408457
-68.572859
-71.440200
-72.378792
-77.164337
-63.826974
-80.044276
-48.991857
-63.051539
-50.995005
-38.390727
-47.493822
-24.535023
-27.362190
-26.794216
-13.951818
-24.717685
-3.944660
-9.000311
-17.000295
-10.203442
-20.797991
-5.608966
-14.204835
-21.243737
-19.927484
-20.236361
-29.869377
-6.213968
-20.170297
7.994087
-14.258213
-10.691916
-7.447091
3.910526
-1.373041
8.014836
-1.475879
22.137985
-5.624515
14.202916
1.507743
8.172180
19.728125
8.710977
6.520625
22.083893
9.151742
26.729612
16.367726
25.728814
19.454077
9.178380
19.880058
4.962025
-0.880234
18.145971
9.654307
14.920887
21.334793
1.237920
17.631942
-2.271457
27.914263
24.999211
16.042536
26.758616
23.250987
19.867631
22.541294
-13.897052
7.756929
-16.686824
-13.315040
-20.905158
-14.173889
-16.119372
0.945671
-7.058765
25.739746
11.202966
50.943189
30.435818
30.781430
36.519483
27.957229
27.058252
33.810241
21.117989
48.711340
31.392932
34.573793
45.278033
46.405608
56.044954
55.650580
50.203005
55.359272
41.162672
55.856715
55.809790
43.433509
48.530924
40.415417
59.156015
55.516614
40.528031
49.899182
43.802314
47.580863
58.115164
39.502446
61.756450
31.418160
32.394716
34.772568
39.282758
44.683571
53.735073
35.789020
64.557501
40.333787
58.103142
56.230225
54.270775
63.118192
64.498811
62.085486
80.904863
66.642064
94.413981
72.478486
79.361508
80.388910
83.403858
92.246838
98.942018
101.144981
109.588277
108.971904
109.382746
103.775857
92.166514
102.860512
92.409408
100.415409
99.972872
93.061256
98.646215
84.274745
99.619708
102.296336
68.057295
85.427857
54.090820
64.170632
62.453187
59.759570
60.649214
55.282527
44.233872
53.736835
30.949586
35.016431
20.030686
19.408398
17.283217
12.642026
11.884742
28.887261
7.341245
24.218979
0.136521
3.360265
-10.435987
-10.997208
-6.416417
-10.730257
-21.778706
-4.740753
-20.786144
-13.482179
-33.852838
-28.685280
-18.107961
-30.056531
-16.783920
-28.653164
-28.790367
-24.099896
-32.237619
-31.743971
-32.244709
-24.817921
-0.951535
-23.711449
-13.115932
-18.745726
-25.873689
-24.369199
-20.273472
-29.004848
-8.909409
-24.260961
2.611835
-16.632901
-0.433207
-2.771306
-0.545184
1.234805
-3.978219
-14.414468
13.465174
1.980288
14.557241
-4.798468
0.870422
10.209602
17.279631
17.347367
26.649780
22.086056
32.928647
25.958233
30.108751
25.884198
3.921163
22.965211
20.792012
22.973257
19.142755
6.794236
16.723633
8.421396
-2.361408
19.881902
-0.894523
6.884857
3.448421
20.941953
22.587421
21.835223
18.301048
40.686155
11.139172
30.335296
4.557156
16.150082
11.104129
9.718433
8.315882
16.434675
7.929987
31.965121
6.146994
24.316584
12.152312
18.751701
22.467211
13.379047
18.605811
19.533189
-4.064564
9.556152
-5.097989
-2.382314
-2.286617
-7.665543
-7.890679
-20.160324
-12.818760
-4.470834
-12.522733
0.719757
-9.301258
-12.059336
8.701718
-10.309393
6.716808
-9.228246
-7.828115
-10.433446
-22.531971
-15.699435
-17.765722
-23.039753
-5.662762
-29.195346
-12.944510
-25.110353
-8.197327
-13.890611
2.592785
-4.035795
1.812324
-16.831607
5.520319
-20.649261
9.976531
-1.852126
-6.237396
-2.159435
-3.053257
-8.229187
5.433989
-9.006158
8.781249
2.512949
-3.453892
15.539620
-0.596157
2.640571
6.021009
-7.754787
13.480263
1.175336
10.595457
26.772182
11.182720
30.714597
19.284156
26.294276
22.394397
26.045519
19.499171
19.859027
12.702792
36.623672
9.050694
23.435668
10.795433
13.052742
4.039596
9.389674
10.420635
19.011135
11.608426
40.020807
17.460737
39.005920
36.042408
41.048681
56.501551
59.860253
50.468182
76.691823
62.796536
70.316963
64.853049
79.113883
79.884930
67.764545
79.250237
69.222705
71.664001
95.268381
76.296108
80.855960
88.138667
83.314480
101.857862
90.919683
103.833742
107.775923
97.438621
112.107769
106.210267
93.910583
118.265788
98.864306
127.150321
116.145715
123.521586
132.339230
123.898113
119.393448
129.866301
119.049341
144.650760
115.568803
135.048265
130.744698
131.160711
119.565230
128.047280
125.976770
142.648892
126.390211
140.908787
124.905907
133.670904
124.817309
113.679504
104.252992
104.782917
97.061383
102.237580
95.867558
92.865619
89.685982
90.758574
106.353012
85.903304
96.539505
92.946319
91.266444
95.179268
94.405680
91.879773
100.485863
81.792358
93.010611
89.204897
98.806042
111.679631
105.627828
107.895200
130.633055
105.652717
125.761302
108.252489
123.836817
114.983901
118.470703
140.845183
149.151295
138.716918
149.839979
127.128294
135.316188
124.394918
133.409825
131.805136
120.503115
129.185016
131.284190
120.871838
135.970255
124.640803
124.813234
125.461515
121.657008
123.809226
128.215940
133.671335
135.496118
132.037581
135.591665
137.538962
117.280578
149.181203
131.191141
137.900534
133.272878
136.723252
144.631717
143.022593
143.250093
173.903526
152.135215
160.609549
144.523054
156.473728
158.662413
160.555910
150.569373
165.734225
148.425552
163.887739
150.917164
168.913353
159.525973
163.620803
149.432185
144.991093
154.066241
155.933451
157.830286
177.102948
178.099712
186.094313
182.980838
179.513442
180.402621
194.560613
183.292436
184.663984
185.590683
184.326386
183.796062
170.830899
187.455343
166.394054
177.452336
180.152566
169.008387
165.780989
178.526963
166.951755
188.627221
157.757042
193.424561
190.156814
190.724963
180.393860
175.985189
173.081530
173.536745
154.028655
176.253819
161.163207
169.584050
162.453874
151.950847
143.505488
140.828708
144.493519
151.731645
138.314034
156.790078
147.371185
152.389503
146.416901
132.232788
131.992942
128.272116
116.969481
130.331544
125.342532
125.250543
123.891551
105.449029
112.424419
98.141911
108.286083
109.130851
109.770927
101.091466
114.621915
100.802888
122.398390
90.275545
109.630639
102.854620
109.125039
106.725441
99.495403
86.011557
103.807280
94.220043
112.920127
94.620444
119.357572
113.767300
113.814094
125.893806
136.160408
126.796024
142.430147
128.837719
153.453385
129.191839
128.696660
123.793661
107.312298
112.714207
104.512104
93.789318
97.419285
87.348086
87.882655
98.107406
77.588840
95.480925
70.688316
65.470332
74.992846
58.786954
74.931523
74.750188
77.361060
104.604981
93.817743
117.767507
113.951168
106.118542
105.949301
101.102108
97.899284
103.655378
93.338598
120.474252
102.852026
120.702712
113.278509
104.609524
101.957807
94.230271
78.010013
96.092571
76.664296
96.974736
81.894845
78.874953
77.484524
61.344466
63.684837
67.800253
58.740176
67.611729
49.978754
46.011820
46.034520
33.784524
41.496005
34.281204
41.267136
25.070195
39.251139
47.710266
41.065667
35.550280
44.679086
30.355746
47.687390
19.636073
22.898794
33.157185
24.435372
20.586161
16.890935
7.001564
22.839429
-6.975571
19.078170
9.796310
14.374801
16.430031
19.843266
18.633154
28.632685
-1.364794
23.332704
7.849278
14.974263
26.230051
19.349588
21.761446
9.313938
6.473302
19.434722
6.631295
19.170085
21.234849
12.517668
10.699474
3.164391
12.130118
2.613118
-10.353588
-7.954894
-3.248860
0.308253
15.144565
-4.938630
32.338002
20.247073
25.062747
15.735005
12.889320
13.123601
19.557560
3.068118
25.693354
1.966619
10.089338
5.273266
13.802562
12.026360
-2.218469
-10.506810
8.005581
-16.394281
-4.239421
-24.999544
-18.719655
-23.031838
-26.561988
-18.926828
-13.628193
-12.144972
5.646314
2.555619
16.870411
14.701820
7.783891
29.031365
3.827292
16.001093
5.779255
-1.737455
6.535457
-7.215963
-14.016201
-8.878614
-18.305495
-4.342685
-26.302407
-14.497080
-25.873834
-30.197868
-27.908471
-24.871375
-47.235370
-15.455690
-40.202448
-20.421976
-43.290199
-43.229212
-39.507049
-41.119457
-26.841186
-18.664557
-40.580757
-28.215708
-43.123179
-30.951076
-40.104844
-42.949654
-42.313806
-43.494220
-44.763839
-35.699458
-49.349026
-26.113809
-36.146201
-37.977508
-18.749403
-30.895442
-19.063193
-16.562485
-21.409230
-1.660824
-8.896395
-0.069601
3.276690
1.510517
12.106341
-15.542552
1.121912
-10.658338
-11.346868
-8.695935
-6.653941
-17.881080
1.750736
-21.827963
7.055058
3.397461
6.834654
12.627989
7.890551
12.193716
20.217855
4.395686
42.136501
20.619627
42.916088
38.867009
36.482993
37.570475
23.045734
13.500935
25.496414
24.171017
38.909892
21.964645
33.114304
36.622677
14.642605
23.036890
23.866111
4.339370
10.853194
-4.496397
-2.143037
-13.416972
-28.735208
-13.301783
-23.748453
-26.627385
-39.603525
-45.375029
-24.174030
-25.761825
-30.867828
3.066089
-14.075896
6.514296
-8.247805
3.776986
17.028890
15.262611
14.122914
19.792243
1.335581
12.584409
1.404530
22.278929
7.945021
8.597307
17.534112
13.110134
15.495527
35.943046
6.695247
33.019076
15.754733
20.701228
19.569422
19.892469
23.154492
18.249555
13.123707
29.332680
23.768174
38.374464
46.808636
38.529755
47.598840
26.925308
28.373451
27.489063
27.617899
24.737158
29.943738
11.656386
27.443291
18.174763
31.148460
15.257338
33.531498
31.084257
26.986355
26.584952
24.766476
5.562653
37.791397
11.991598
38.026291
28.466715
32.990345
38.354753
37.133807
46.041125
52.553558
26.170492
39.960252
27.030992
27.071424
45.139458
42.140983
57.636033
63.501817
44.556038
72.192552
55.912764
71.710152
74.339931
58.416710
89.410051
65.108468
76.866561
71.851176
61.496330
70.798028
58.302381
44.569492
52.485919
26.422435
42.379213
28.622728
24.320805
21.937055
20.816187
24.592464
43.033294
23.267212
53.048042
30.284135
45.458789
48.350201
45.772031
38.675086
39.461919
38.177473
56.919742
44.430369
66.475334
51.137571
64.220305
73.089541
76.888926
98.568134
96.328511
75.253380
99.004550
86.010531
97.113632
100.199093
83.943450
98.030859
83.133795
84.706447
82.335792
60.770386
73.362308
72.119742
58.992394
86.104307
72.702194
95.733434
87.969593
88.816227
84.195186
81.282491
83.705414
84.852798
63.165276
83.231130
64.939327
94.158061
81.077149
82.760572
90.668863
84.910146
73.419691
97.236714
76.833944
97.569883
80.582651
81.406231
83.181115
72.937726
67.028937
66.321478
60.861369
74.011179
57.454352
75.536504
77.674921
65.269875
77.513055
71.272158
71.608449
72.649134
56.325876
63.616383
53.110085
54.106680
68.837654
40.347423
50.514517
44.947636
46.863022
46.987677
40.190782
35.848685
49.983407
41.571043
58.630088
52.219669
61.418268
55.730952
61.394114
48.357162
69.093511
51.343041
71.670120
52.585168
69.651555
58.685644
64.019473
57.353185
42.183241
37.619914
51.684500
39.638372
56.715163
28.703005
38.352814
50.170152
36.011181
55.791314
48.078968
48.215771
49.193356
27.853014
41.189822
31.283478
22.232085
34.534977
16.287432
31.447698
13.732180
13.837595
23.181936
17.411836
17.984950
23.069377
4.775409
22.415048
-2.441982
18.587447
19.873347
20.630644
21.200990
10.830112
9.625907
24.881454
4.468976
27.512999
21.359215
20.780156
12.923828
9.080036
10.991202
18.924943
-5.532328
6.681002
-8.407978
1.240399
0.662192
-2.280827
8.700620
6.042479
6.940720
17.801087
18.533151
22.952763
18.678732
30.736678
33.542376
24.762144
47.989724
37.423897
44.893509
37.947493
34.256248
29.505439
42.898992
20.469491
42.272964
15.170067
27.574716
2.041556
9.903815
7.161048
7.321976
0.902933
22.509506
0.865837
29.836387
-6.963827
2.305990
4.710547
4.983481
4.534436
14.029511
4.125137
17.177613
-5.180741
7.362315
-7.801081
-6.192468
-3.739237
-11.807841
-7.035741
7.207012
0.521412
4.794825
-10.956227
-3.070553
5.758678
-4.672555
8.360360
2.553242
10.662901
12.210640
1.302805
4.507971
0.275723
-10.995194
7.584658
-11.560132
2.732630
-13.498034
-2.970928
-6.060934
-1.755137
-2.755103
4.535354
-9.543996
18.677347
-0.611650
23.500696
11.781571
14.037926
18.017878
16.309193
22.319010
29.851583
18.350421
39.491909
14.916570
33.237389
29.119143
22.703645
40.801989
40.013353
39.892971
41.332230
33.506645
43.866491
48.992554
53.766582
58.320439
51.817648
59.718046
56.847278
52.667938
55.368164
44.029064
53.270345
54.402077
47.630245
64.553648
54.158511
72.818989
67.885210
82.104447
79.877226
94.042571
77.907539
104.482456
86.448009
101.255101
101.678036
105.428457
106.639443
100.594161
97.654282
109.230620
96.197326
132.700416
111.582752
121.551076
117.443881
114.333064
110.727602
107.660731
117.436185
123.140703
120.178499
130.177641
121.405223
118.641524
128.099423
105.450217
116.141288
117.369123
104.427984
109.020634
106.953107
114.448626
119.001021
107.405024
118.898089
110.112679
126.473022
125.468660
119.216705
115.735347
119.717864
103.394869
124.806201
104.168992
125.858968
100.554505
98.630408
100.884422
101.418350
101.165243
110.229267
103.074155
122.967341
107.805346
115.865456
98.555838
109.434908
117.025403
108.465186
108.132447
122.445579
110.706160
127.572359
118.302486
127.191374
124.049162
109.103322
122.022452
114.235260
107.319648
111.812127
100.017223
114.968507
116.740202
101.247725
126.184303
105.587897
124.883347
114.730622
114.132764
119.901678
120.905803
113.460329
123.739130
108.597898
136.318930
115.929017
130.735000
120.561728
118.891591
121.377963
122.354113
102.875666
110.121764
88.271664
105.421618
100.688547
106.975498
114.690396
108.023412
114.346991
121.808671
105.401923
127.566300
113.024942
132.062092
131.888482
121.220793
137.509361
116.355434
112.408341
124.504208
108.538915
112.546993
112.123638
102.802187
108.783559
105.188693
115.589324
111.131824
100.221568
99.094391
106.622833
95.033055
108.756264
90.279918
105.463278
94.612854
99.519640
96.892469
101.043590
98.274166
123.509474
94.190252
124.966766
108.855450
115.495338
103.784879
108.660699
109.375367
107.946000
107.316404
123.747176
110.495016
110.894334
102.845185
108.165463
109.959541
109.025447
109.888200
112.426868
93.346703
106.260518
100.725007
87.834692
103.758465
80.339155
87.974540
73.622230
77.561727
84.917048
69.351237
73.416729
80.063097
65.395195
78.660251
55.233681
73.404664
63.144606
66.441327
65.843986
70.900626
58.162466
74.162071
61.019629
78.034668
70.059310
77.091491
72.384378
70.881671
65.301306
68.376486
48.560561
66.674084
46.929816
66.538360
60.517465
60.712318
61.536653
72.012691
66.732168
76.344132
72.035435
85.652665
69.440380
65.519652
71.889935
61.248392
75.986026
60.599097
78.765102
68.657566
64.687616
61.651948
65.931631
66.154875
81.727032
57.174087
68.359916
74.099100
82.015909
85.894855
93.389836
94.054387
114.258312
99.568491
114.574431
103.096727
114.999040
105.839772
111.410874
120.344474
130.265725
115.060986
138.404746
126.250957
137.667637
134.800045
144.012678
151.854935
137.908341
138.307652
147.028360
130.242086
138.691792
130.208304
133.783677
142.339627
124.025913
129.748695
131.947164
129.708020
131.811970
140.924743
151.275226
160.710997
163.903344
182.771306
162.742937
176.556992
173.591974
170.090590
165.667004
177.772097
161.161066
177.944451
170.349613
194.181004
183.653366
194.711648
185.096219
175.480549
168.685403
174.875698
155.033754
165.056243
147.735780
165.876993
166.802996
167.210482
172.932440
162.975353
161.063461
178.622749
148.694895
166.063133
145.692318
146.456583
144.520580
118.971725
130.712728
124.264450
122.470346
124.588766
115.665483
108.956207
113.260905
97.620748
110.574767
100.791213
118.336467
113.698614
110.071722
110.855820
112.983007
93.560216
109.162561
67.887106
94.915238
79.670188
89.227724
86.597013
83.336024
80.357768
76.739315
72.371650
95.687496
63.775955
91.173876
80.458397
84.216959
86.603878
71.979295
70.273605
70.343111
59.838038
78.289835
55.735898
56.705115
59.890709
51.128164
65.026992
56.203764
59.199228
59.043750
52.177477
63.177285
63.995741
59.171716
79.544245
56.467318
74.814940
68.647628
68.486711
70.151199
69.476397
73.727385
83.157211
60.945031
77.457881
58.309689
67.291153
77.585256
82.798270
94.667473
92.127298
67.999643
102.879526
83.997495
98.030537
88.999789
102.218886
90.674766
85.439616
84.363129
87.575492
76.678563
87.858872
65.265888
70.226369
72.077087
50.033770
65.367928
56.075363
50.098426
55.958805
47.367168
47.257670
49.420007
42.700353
69.147717
50.864936
62.302491
50.695302
45.335089
60.267467
58.612983
57.960771
72.856407
57.602220
84.875731
68.232397
79.369985
77.342493
71.457321
75.421273
80.067798
65.718792
89.344086
57.392202
81.435690
62.184278
69.585870
79.799293
65.263022
63.955290
67.366631
42.258033
66.098533
51.475802
68.339538
59.466026
49.542531
57.754985
47.416956
47.844452
59.076497
51.000326
65.068960
59.148682
60.063112
70.652242
50.049585
81.914759
76.427001
71.058365
76.721376
66.062302
61.871863
66.177645
49.980316
76.455981
50.766698
61.734210
62.401345
59.091056
61.356733
57.525659
33.587191
68.198251
48.251692
68.938474
61.962442
71.785862
64.798878
69.552552
78.376030
90.035696
73.573036
97.363719
74.351983
86.570345
75.862154
70.774245
75.008033
73.243066
63.537058
65.349647
52.723292
60.898353
62.095303
57.938683
61.419403
40.899600
61.961768
49.606170
34.641195
41.159639
39.097363
42.071687
51.140821
33.356740
57.060397
27.707086
40.515962
47.244369
40.222873
41.865490
38.588215
23.896493
53.245035
26.998092
55.727946
27.600072
34.917656
31.206445
37.226796
29.790021
36.290762
23.039340
44.572519
24.422853
29.635546
28.397957
24.146733
25.493525
26.545368
22.821525
25.216420
11.906610
23.873688
6.915250
0.698881
11.250652
-4.563011
11.354370
-6.528072
-1.994224
2.823747
-17.768313
-7.971519
-5.298367
-13.682430
22.009310
-4.638678
3.709086
-11.850762
-4.266188
7.468846
-5.727088
-10.420502
6.902543
-19.900775
15.137090
-2.608190
10.711936
11.111595
10.157996
21.396002
28.915143
12.922389
37.114819
8.855676
29.395934
4.731073
2.350898
25.941279
16.061422
13.278101
16.548322
-1.877369
20.213537
1.063261
9.952867
11.044990
-0.120419
-2.033934
-12.926838
2.935051
11.199756
11.676668
13.527434
18.130027
9.159378
24.803874
8.664921
28.817828
13.356089
1.877443
0.246149
-10.178845
-11.993371
5.755180
-31.612166
-12.387959
-32.385634
-23.963735
-38.237528
-35.698436
-34.475823
-42.010526
-55.344715
-45.803339
-69.287207
-44.676122
-46.801369
-49.340512
-40.172057
-52.914212
-54.107647
-42.675673
-54.748762
-41.018733
-51.694829
-30.397417
-37.496391
-44.155139
-32.120303
-43.624038
-33.152035
-36.861822
-28.843581
-18.383885
-27.599720
-27.528716
-7.533009
-24.942772
-1.163985
-10.734066
-9.467943
-4.502449
-3.682468
-1.887262
4.785695
-0.959783
21.545462
2.167433
28.085431
27.180803
31.379686
31.450326
34.521049
24.464517
44.090725
17.675921
45.669898
22.774732
25.920761
16.656533
12.158245
21.624949
13.328897
13.831633
39.793502
20.294832
40.262855
33.165683
35.310892
51.647930
36.277297
34.736736
47.686647
35.402541
34.829919
33.487121
29.328090
42.718080
33.260732
55.147598
43.506514
62.513939
72.887207
70.454369
66.288007
78.223294
64.179099
80.077386
59.177960
67.104733
55.926629
43.000016
46.791850
43.556712
27.243985
42.616377
30.322867
44.397211
27.668849
25.148561
26.063330
15.106944
13.505322
12.826548
8.739987
32.014931
16.791355
35.512190
24.543207
25.931818
37.789574
33.406150
32.445705
47.071367
41.359077
63.092713
59.646280
62.496820
77.048907
60.101208
80.572025
75.819855
86.039634
83.527582
73.520170
65.276007
72.203497
65.500466
93.082228
64.801178
83.332465
80.865825
79.733279
83.431577
82.713818
91.430112
103.625507
91.378613
114.979108
96.227760
104.942219
110.708724
113.823546
117.518275
126.277718
113.821627
133.724433
103.191626
113.552081
111.808582
104.527749
104.622528
86.944298
84.967385
95.699917
83.222095
97.245142
86.564497
90.066766
99.641140
86.221972
101.944984
88.828524
86.699888
89.532295
82.680458
77.633961
87.866727
75.814250
89.040546
76.120448
87.625866
82.967412
91.394306
91.781599
85.631153
80.501709
109.723487
85.542218
106.788035
91.301646
94.486789
80.052309
76.426097
73.741776
84.725855
45.612333
69.843328
48.860155
58.960104
53.432545
40.230425
45.584148
38.347580
42.158045
59.636389
50.491689
54.994425
56.089517
44.238274
46.289765
41.206160
41.482788
39.892519
28.782118
46.299983
38.779534
39.896683
58.859127
45.860114
72.099660
56.613420
55.151539
52.741268
56.136889
61.683740
69.439823
50.001013
69.920104
44.124168
73.045454
67.728395
72.779924
82.498895
85.356913
85.535747
96.211127
82.728321
104.612602
76.407399
79.158458
73.035921
69.535192
70.175828
70.710174
57.853588
74.700295
45.495310
58.526948
44.655612
50.661385
64.216964
46.600943
60.410714
43.413776
48.005425
48.712683
36.354087
48.225046
44.175873
24.353392
41.361507
20.301727
25.968087
18.642936
24.253822
23.706252
30.755073
12.562123
40.199196
22.269714
36.689668
22.446198
31.760411
30.067934
26.851266
20.661696
32.958080
27.976725
53.693680
28.541242
44.971045
32.466504
25.116872
22.658815
27.891060
29.961346
40.201413
22.897037
33.180690
35.103603
19.576714
29.860969
14.222511
16.915373
19.013398
6.945121
15.431789
-3.748091
0.132549
-0.692228
-22.535955
-0.090913
-12.730750
-5.110117
-7.563987
-2.016194
11.675528
12.188106
6.848148
30.888356
6.597701
34.221227
18.561804
36.687673
32.221941
30.936052
41.223757
40.462191
37.670885
63.346132
35.075640
50.633532
36.123320
33.920224
35.303073
26.708041
15.266587
38.065454
23.012895
43.458312
29.651755
39.968272
44.819214
45.103529
48.890032
41.578938
39.740776
55.373820
42.322897
50.338660
47.914501
31.002307
52.563207
30.974873
33.938011
31.590612
26.386635
28.369182
20.109645
14.478378
28.348051
2.225747
14.421188
7.120760
19.026438
17.157480
8.089489
3.789789
19.675714
-2.748327
20.161745
-3.668570
18.162673
-3.502572
1.734845
2.156779
-5.337780
11.140932
23.166075
10.368108
31.811197
12.189753
17.102965
9.727048
-1.405509
-5.876849
-13.829439
-17.521372
-9.456980
-20.685374
-15.171393
-26.916673
-34.738746
-25.073559
-37.267221
-24.306085
-34.066850
-32.535041
-24.452021
-21.948442
-22.901664
-12.908999
-24.921293
-5.311236
-36.574720
-22.004871
-24.948991
-20.588039
-18.524038
-8.280928
-10.252613
5.396241
-14.616785
17.213089
-5.227357
10.991669
18.987855
17.952146
17.266269
17.475456
19.478822
24.457491
17.536303
35.509751
31.771670
42.187706
47.441906
44.663591
46.404621
63.922811
54.343438
70.890024
69.082475
76.417649
79.662967
70.114502
80.041833
73.912576
75.693079
77.694448
78.690419
90.320773
86.801746
68.812213
89.607521
54.959414
79.459168
72.506374
78.951873
79.228934
75.490274
57.158820
70.701389
49.564108
76.069480
62.371574
60.536883
41.060058
37.557092
44.669352
42.020587
27.983863
53.993195
40.782634
63.456133
50.283405
61.272697
68.519843
67.158290
69.125289
70.986111
57.348174
77.827830
67.580491
77.368161
82.779708
72.950131
84.936660
72.058173
77.745601
73.599184
65.862113
73.577860
74.153725
74.931595
86.113641
66.398215
89.018696
67.883137
70.941867
79.542857
59.310649
53.938916
65.588569
50.657057
65.033417
44.227190
70.182263
59.364137
60.011016
66.030102
59.393143
61.678305
71.402460
54.737794
79.873195
61.726314
76.468867
74.045337
71.930737
70.654307
66.298175
60.840162
78.402853
64.155952
71.383960
74.648928
73.861445
85.481539
69.702234
73.869509
80.580968
76.221339
78.438408
83.762907
90.613965
95.363209
81.416447
95.503269
80.641038
83.204184
78.963409
89.761072
96.966735
100.311712
99.194223
131.381318
107.752835
131.540843
115.769140
115.619877
109.071359
105.931562
107.485495
117.565047
89.751440
106.253825
88.319784
95.668323
86.362129
77.946783
92.476258
98.205833
86.913992
97.248230
73.729929
83.387677
78.876064
87.695484
90.649748
72.752571
85.702595
87.646129
83.453509
90.148110
92.792467
75.938022
94.942381
78.566256
100.397097
76.762288
84.540207
84.130212
86.612862
77.095800
84.298917
63.508514
84.353821
56.734830
68.468446
54.371152
66.822682
54.878069
47.362303
34.566755
49.097097
22.954650
53.389785
46.515504
48.655979
43.719637
48.649626
50.135213
43.559722
22.363484
28.169231
19.466057
29.756592
38.956196
33.931023
32.268445
20.328643
15.740741
22.940007
9.177038
-0.249691
-1.487580
-4.874144
-6.842391
-16.441871
-8.829241
-13.566788
8.971654
12.772015
17.871558
23.519717
41.086563
27.041418
35.311412
27.386823
42.129157
34.823531
36.441474
43.128560
54.912233
33.069600
58.967030
30.270333
45.571138
43.993800
38.265263
31.355117
25.308251
22.689024
29.879565
20.926609
33.763812
27.474389
54.479293
52.849027
50.186180
51.147837
58.638750
53.657252
63.568492
52.585554
75.139782
70.125427
59.737405
71.710397
51.045232
66.603485
57.366398
67.100142
69.882315
71.368319
82.419582
104.231347
86.061852
106.462427
85.694343
81.356687
89.012182
84.763161
74.563339
83.724887
65.346700
89.595557
69.631467
77.644058
66.336087
66.562139
64.036224
59.686732
52.882007
58.745579
44.507308
72.695102
52.825996
52.324333
51.760342
46.436950
51.143807
51.686683
45.972155
55.374632
38.578084
43.088147
42.194096
39.533639
49.724919
44.908729
47.071091
37.994173
35.344073
34.862877
28.435625
24.219878
34.751814
29.472569
45.571073
39.779443
40.522309
40.703524
27.645229
21.013483
33.592812
7.496162
23.768282
-3.393912
6.403105
3.766630
6.773406
9.733376
18.542488
8.758535
22.699637
4.396230
22.950573
19.151713
24.410517
24.202190
17.097169
25.001064
28.902991
10.143103
33.107126
23.504462
31.853451
29.064412
21.298824
37.595980
21.566672
26.635550
35.577370
25.712683
35.062192
32.132761
23.139328
36.592515
18.214449
36.080089
22.216945
20.253345
20.992431
3.789114
7.315355
8.086234
-13.125359
-5.041175
-28.487703
-11.011244
-24.753413
-7.986815
-6.070336
-4.410986
-4.664882
7.375180
-21.424977
-2.864921
-16.190669
-2.817294
-8.649545
-13.765645
-15.010598
-12.650669
-25.476652
-13.482252
-27.723991
-23.808475
-23.609984
-26.658598
-20.877062
-38.582293
-32.730738
-32.418706
-43.981870
-37.100580
-43.741462
-42.057267
-35.951621
-66.514063
-44.857124
-64.134330
-65.604435
-60.884527
-71.309841
-57.287120
-48.359002
-54.291936
-25.145068
-58.328824
-40.995441
-55.181773
-50.886105
-44.374538
-45.610475
-53.022358
-33.271559
-53.647504
-30.017700
-56.525092
-37.766167
-34.313882
-45.899083
-31.887918
-29.564521
-54.246783
-29.970179
-45.620879
-33.117047
-40.452318
-34.358763
-21.477904
-32.034442
-31.521306
-26.264774
-35.526260
-18.910563
-37.266584
-37.867893
-36.012717
-53.385887
-36.224225
-56.543303
-46.116556
-37.591876
-43.240516
-38.827712
-33.634152
-46.849088
-23.220068
-41.674132
-10.973399
-27.624123
-29.520717
-32.822132
-27.350967
-24.054002
-2.693755
-27.406612
-7.969961
-21.073523
-8.439910
-19.618605
-18.405381
-11.624092
-11.727996
-23.089895
-16.346855
-35.772195
-16.498960
-7.898593
-11.279516
-13.044490
-25.542645
-15.905452
-13.666951
-23.327583
-4.506664
-21.548178
-12.095921
-1.525940
-19.577428
-0.277602
-12.392926
-9.205323
-10.976309
-12.809007
-14.846207
-10.382578
-13.927718
7.880652
-16.808709
4.604010
-17.536659
-9.010820
-9.227906
-21.788826
-7.870878
-3.514717
-23.926693
3.021157
-21.486508
0.387884
-14.680755
-13.185073
-5.328795
-6.278649
-27.447919
1.975720
-26.586462
-11.888785
-23.215029
-16.126822
2.352935
-5.334016
10.527992
22.253217
16.106340
31.306795
26.076277
26.466605
26.769518
11.996597
25.040826
-0.538428
-1.314712
-0.841395
1.218011
9.188428
-2.129625
-4.809982
4.851427
-19.840829
2.342745
-16.787284
-15.482191
-4.317836
-7.229037
-3.811949
-5.199357
-21.637444
7.890313
-11.777993
2.394712
-1.589143
6.244693
15.054903
13.742639
15.164426
26.572549
1.800132
24.818797
1.949863
15.301693
4.963014
2.368614
16.208110
8.663896
7.609055
17.603665
-1.612197
10.000298
25.389688
20.627512
33.736585
16.177144
26.701327
21.897613
20.359398
25.877331
13.373803
22.837282
34.847882
22.236124
36.230399
16.483088
28.205212
32.879725
32.226767
32.929035
36.636495
21.587010
44.137498
11.923451
42.066566
29.543961
34.466006
24.599406
17.019447
28.047547
26.618762
10.698954
38.750076
12.069983
20.845362
14.596937
34.195781
39.720110
38.168925
35.960945
46.522896
27.522950
38.644527
37.405395
41.205530
36.589559
25.653075
32.515763
31.183955
31.312283
41.433896
40.025864
42.118389
46.320910
18.611233
39.193745
21.790415
16.940556
14.384022
8.232261
0.599728
-2.565302
-24.140180
-12.913455
-46.302219
-26.173339
-46.202317
-46.376020
-33.284590
-38.913527
-44.088923
-27.971914
-41.569806
-22.478544
-41.243386
-25.370124
-18.571713
-24.943247
-8.254083
-5.630293
-5.367507
19.327720
0.726601
2.754571
-0.566109
0.351824
15.709199
-2.186641
18.550391
21.703401
20.829514
32.398201
21.740305
17.354897
3.945501
-9.648592
6.385313
-12.545612
0.120431
-3.023236
-16.940967
-12.431781
-13.841737
-39.826918
-20.907568
-40.601413
-29.524235
-30.754665
-31.559355
-28.494699
-23.674555
-30.881818
-16.349076
-22.261396
-0.070031
-28.184232
-18.861561
-12.114058
-20.909616
-10.450222
-4.840249
-17.467922
-5.888980
-21.749252
-11.419060
-17.936378
-13.500233
-7.019419
-13.248356
-5.759389
-19.443327
-25.163417
-10.586131
-23.918552
-19.692442
-11.819181
-19.341762
2.538737
-23.067367
-16.498995
-15.548924
-27.804294
-27.623970
-20.986223
-40.907490
-24.649519
-62.265562
-47.040944
-62.005478
-52.546613
-46.796520
-37.296133
-51.806272
-25.363620
-47.037834
-10.481172
-32.879505
-32.463479
-31.314053
-26.905189
-29.008818
-17.486691
-13.690106
7.216182
-12.260897
-7.280737
-8.013925
-11.423803
-0.941951
-4.215989
-0.203078
11.253904
2.018949
9.440402
-1.934736
-8.988067
11.280903
-3.079249
4.178964
-15.706820
-15.399512
-11.770601
-10.027476
0.842573
17.670002
8.018889
34.525807
11.578044
23.258009
17.580637
16.699274
8.829214
6.208132
-3.174895
5.841439
-11.843853
5.591179
-9.958759
22.313237
6.774376
11.506990
11.704430
16.137544
11.302925
28.763215
1.181781
12.684596
3.170749
-5.290154
8.981899
-5.783733
12.861811
14.082585
-16.375710
22.046737
6.695955
8.835147
31.525129
13.375796
25.756916
14.360025
20.712379
21.123510
18.236392
25.890981
24.159183
10.746382
23.634877
13.965699
20.834076
20.783513
26.625345
22.798128
14.848329
10.100228
20.445646
7.249430
29.576881
19.965318
11.296877
13.767937
-8.536519
-11.305969
-1.548743
-15.230297
-0.449954
-20.439235
0.518930
-4.890805
7.943130
2.612417
-3.960940
-16.013753
9.389962
-1.460661
17.951385
24.361841
30.503948
34.887900
21.265125
18.686112
12.845762
9.120129
8.243569
-3.218116
-4.183960
-0.631092
-19.475119
8.347112
-17.160844
2.617472
-11.128002
-11.386279
-5.219961
-14.623456
-19.520598
-23.969913
-36.518134
-7.408115
-36.482188
-12.696936
-14.338805
-9.825655
5.059736
8.337257
-11.229115
-2.948618
0.237454
9.854470
-0.767528
4.204864
13.027316
-2.403102
-3.666467
8.044770
-8.884160
12.538024
5.265727
21.898128
12.099314
20.946848
33.486949
23.495135
32.024328
24.912134
18.386234
24.463649
26.215663
14.680269
26.685096
9.482894
37.968418
29.380942
27.009963
25.412216
33.304305
31.301705
34.488037
12.533373
30.376554
10.884488
28.715570
9.759048
6.058329
4.174975
12.371076
12.892271
30.809660
7.867322
46.747092
31.075431
49.941433
40.925502
44.163779
51.221477
43.968980
45.415066
45.109271
12.551220
39.337668
18.403360
16.590922
35.348266
9.630918
20.163014
4.808401
15.324530
34.089494
23.034831
37.723837
41.356170
21.760035
48.173527
28.277316
35.662868
26.747131
16.368882
19.504307
11.709367
-6.867034
-0.300195
-8.200650
3.969772
-24.488843
-12.398399
-18.979239
-23.679034
-30.621624
-23.055589
-34.697580
-29.036270
-57.920194
-49.090562
-55.485015
-51.303758
-56.009322
-61.791927
-62.265222
-50.479596
-68.043183
-54.689137
-61.479507
-62.006812
-65.048697
-86.735773
-71.335887
-78.832511
-76.086790
-58.139564
-72.454277
-55.991129
-68.591205
-71.256431
-52.462024
-79.378616
-51.964423
-58.049992
-52.555592
-49.961383
-49.984945
-52.811373
-24.527908
-31.217148
-4.998361
-22.553387
-9.006713
-11.058676
-19.106493
-17.230233
-10.080914
-18.068822
18.049916
-9.502860
17.869459
10.130470
20.527684
24.199414
20.032543
13.402607
17.153294
-5.513344
6.885285
-5.338085
7.517880
0.272911
-10.437531
-12.796887
-14.577033
-15.868323
-8.726262
-20.101204
-17.635483
-15.841358
-23.289188
-7.547652
-18.801035
-4.987276
-17.932035
-18.421583
-23.081293
-35.459098
-34.415026
-15.412902
-39.636622
-22.420916
-38.105150
-31.983269
-49.835417
-48.445065
-54.891248
-44.198121
-52.138697
-37.439732
-50.481004
-35.857537
-41.466195
-31.935143
-33.693481
-29.197163
-31.198019
-15.749268
-33.855529
-0.756867
-11.182059
4.121270
12.435031
12.242330
22.973045
27.220503
22.271837
31.676970
26.370669
24.950765
24.967567
28.076568
38.778816
36.251278
40.173013
38.898612
36.677212
32.111519
35.493825
24.347262
35.369838
16.724787
30.045918
14.792491
23.760768
19.373783
23.613878
18.435615
27.059402
8.060582
26.759567
6.953982
22.713824
9.826264
13.704389
11.361822
15.024548
5.362314
3.076914
-13.109410
-0.690706
2.298504
10.086376
13.572275
13.136375
16.384680
35.624416
29.147395
42.210103
28.388812
30.651199
38.789256
24.002489
36.085920
31.916257
25.661931
29.497860
28.993463
36.925095
37.373086
22.722286
33.428532
15.420596
21.568807
9.632050
8.266813
2.423479
-1.553402
-14.052558
-4.317851
-26.345865
-6.177153
-15.767101
-12.335901
-7.142769
-0.564282
-4.553647
15.456706
1.685509
28.933374
7.433841
24.982016
12.646552
25.373303
29.876723
29.652246
37.305182
46.752313
37.553435
58.779505
48.762148
54.934631
58.470555
45.389997
59.995142
59.057095
49.229684
50.563130
46.561905
48.353176
47.166093
27.134565
43.098646
18.354329
28.620453
23.922424
25.413005
22.495914
26.206550
21.510856
37.151762
20.793581
44.270640
23.855140
37.685276
34.883781
30.099618
25.576763
27.881954
25.752380
39.348799
16.320833
33.727733
21.773108
24.203166
23.498706
25.232512
6.129232
19.618294
2.499579
17.108783
8.912195
13.454108
14.434138
7.200211
18.859724
9.355126
3.390141
4.381468
-3.161572
-0.694702
-9.755713
-15.742097
-0.951501
-19.371729
-6.901510
-19.151135
-16.896715
-16.061168
-25.568508
-29.687194
-22.891322
-51.676021
-31.348426
-55.849726
-56.524333
-51.716253
-52.245699
-59.613690
-55.092027
-64.419025
-41.561951
-69.359007
-50.361109
-59.327791
-62.395422
-45.962489
-42.469527
-35.091337
-27.979367
-37.392078
-7.298476
-14.325293
-2.206717
1.669350
-8.169100
6.189842
11.539606
12.044680
19.131588
13.027053
31.303016
28.091075
19.051853
35.584713
12.204613
26.759527
26.844441
22.421221
25.674227
23.564291
16.668785
26.197169
5.004560
25.632493
-2.745467
11.678926
4.127951
2.459670
18.213869
25.376062
10.802783
19.860781
1.207455
21.698677
13.271699
20.646780
21.130254
19.969343
24.076028
36.847834
25.338786
60.008120
31.531975
60.581887
54.139030
51.954697
61.420380
47.105597
41.001401
42.706305
31.251541
44.072407
25.867019
31.695240
48.597872
30.581985
38.187990
39.359518
34.520863
35.847293
29.336406
32.971347
41.782196
20.209666
47.590691
15.066885
20.650474
9.905985
1.276999
10.595639
10.634472
-9.607670
18.939881
-2.039032
23.124523
9.916983
16.191953
27.478176
23.111559
19.321675
30.464482
29.083362
34.298704
12.000464
21.182980
8.666848
-3.913455
13.549962
-4.390451
-0.416128
-0.062781
-20.704077
-16.471507
-26.888184
-25.719960
-6.166744
-21.200674
2.084643
-1.075989
0.515210
11.279042
6.574548
17.432345
22.636867
11.367638
22.314455
18.230517
34.733134
21.697838
26.457323
39.155015
50.906460
44.120325
55.752793
41.173815
66.822078
48.513305
70.820645
66.669042
59.047032
53.393105
46.905554
35.522533
47.514954
31.884582
41.502303
33.308089
35.989171
35.499384
34.057764
39.262931
42.035085
33.608719
38.079401
26.858910
32.597878
39.770086
24.275298
37.932486
18.830828
13.823270
18.298012
-2.454282
5.317971
14.496983
11.634022
26.256468
7.063180
35.811041
24.375565
25.823969
38.448673
35.017947
38.605813
44.177741
28.225231
44.439684
20.535767
36.857951
33.601049
37.248033
34.077446
32.083258
33.039344
50.346788
29.581007
50.866976
39.076006
41.625031
41.363911
28.675784
35.018450
39.408464
19.381918
38.666876
13.483064
15.165620
20.238206
17.334886
31.074130
24.536571
29.733549
39.616873
35.651289
35.693821
34.907987
20.217104
36.587540
26.879740
33.342830
21.589935
29.476096
38.696153
46.105679
50.394044
63.218181
50.274881
76.031863
55.481995
78.833800
67.344417
64.179622
59.596943
65.072572
46.904208
64.490388
42.591172
65.470153
49.482332
49.164021
56.631659
47.097741
46.825262
59.936190
42.193698
65.862964
70.563526
69.080519
69.240834
54.852451
64.438227
56.776737
63.552244
72.331022
58.385444
76.753410
84.333125
74.168118
89.793609
64.856218
88.810474
82.820249
80.072212
81.776342
77.574902
73.430995
93.816440
73.359103
97.459615
85.279411
95.157444
89.783836
91.066657
89.810135
96.630720
88.361485
122.390240
101.341272
107.570892
89.424404
87.824241
84.032763
84.868926
80.875782
93.815818
76.043473
97.967271
78.310977
82.034680
90.308160
63.450469
78.795861
73.416026
54.951074
58.405475
48.357997
64.474013
58.580784
47.928565
58.450128
41.118599
58.873893
57.983019
56.915591
67.712968
66.150000
70.710910
90.606343
61.764304
81.405349
62.121522
75.896393
76.179302
70.046994
77.525790
91.210980
84.153798
115.165425
94.988830
116.522082
107.268460
106.269638
103.048096
92.178976
85.111104
99.800030
88.909835
107.955919
81.772278
91.536902
87.452070
80.033650
87.044777
91.685653
83.376175
98.128856
88.057903
91.994124
87.301456
70.800265
77.320856
59.481904
72.796058
76.438736
65.854179
65.825887
60.397694
49.630687
56.248263
35.590166
60.496083
30.230446
47.615445
46.940793
34.288823
41.841563
51.656058
32.903867
52.267406
27.541985
46.043750
29.918412
44.764710
43.702719
49.527847
45.075612
56.387783
41.749836
60.865090
47.829443
57.956195
50.650691
39.393261
50.494551
48.044538
34.525684
50.732294
38.246270
47.586150
42.167047
37.905512
49.607037
30.595530
46.355044
44.631789
41.574024
46.666640
45.168087
48.361916
63.122103
55.388556
80.612323
51.172835
62.059972
62.578334
62.676204
65.401178
56.062372
48.512316
72.437819
47.358812
71.776666
58.582805
63.667875
59.493924
66.391918
65.466958
74.321856
55.798702
80.153156
55.459671
54.225370
44.876074
37.913716
40.288311
42.090967
42.071147
44.222459
35.679677
49.438784
38.402243
25.147833
48.817072
40.551382
45.126456
38.797666
36.837146
47.595819
40.652442
50.640005
55.329338
56.258417
70.559380
49.805875
78.960803
71.496090
72.094586
75.063025
81.651085
76.010832
91.546761
77.983841
103.311699
92.065167
106.585958
120.212151
115.870599
117.966089
123.518938
100.090640
123.671515
108.755492
134.515955
133.285199
138.465801
148.139955
138.642297
138.912834
146.054700
125.530881
130.663887
122.638452
119.945086
121.321344
114.267350
114.765660
110.304429
107.569511
119.624209
111.514725
113.079244
117.515340
112.660511
132.259106
105.188240
126.830543
127.147403
127.488812
127.006409
132.613320
131.668127
152.301146
120.981257
143.760425
124.820914
137.072183
127.436397
116.799950
113.166394
118.732130
100.883150
125.064132
98.447663
104.893706
90.511529
94.503560
101.910116
91.493164
90.133789
103.272979
95.143717
111.037804
93.612687
105.296361
105.977495
99.319514
108.652264
85.818412
87.830373
82.499998
84.092748
81.261205
90.115381
98.972401
112.466538
91.517267
104.731205
97.645966
107.820258
111.734717
113.473538
111.509321
118.295195
105.675588
125.577867
105.317885
117.101967
106.353550
101.243660
100.785834
91.297658
71.176228
84.217046
56.645118
74.684901
57.236264
63.672928
67.756785
65.246474
52.772048
63.899385
54.148413
61.682745
53.546675
65.994237
64.757934
61.592999
69.185927
58.920320
59.764237
50.999273
42.742785
56.355483
57.105275
49.493397
49.574415
38.473206
51.491471
44.832746
60.919385
68.392069
67.492379
69.403236
74.648487
64.050564
82.934476
60.923612
90.975598
78.314756
72.306215
72.390439
74.522624
74.842130
88.080225
65.589453
91.898396
73.107411
83.107283
72.486249
66.449390
66.046802
62.900324
46.627581
73.777592
59.172308
71.740246
75.212565
76.532240
92.160876
78.189296
87.915362
95.145036
83.881892
92.967610
86.419426
84.494444
83.797742
68.969072
89.098285
81.553362
86.947724
81.762723
78.518574
79.709140
92.831681
74.738076
97.696418
86.283692
103.272335
91.309574
98.477357
112.851326
104.243059
106.806945
118.315731
106.736732
136.664760
115.504419
124.831658
125.178951
130.961722
118.242774
115.098086
115.089057
116.882971
94.705878
110.962320
101.447765
103.019939
103.249479
81.488828
83.297437
88.640906
76.304530
98.811468
91.972123
89.526024
93.588605
83.560834
91.448470
85.611678
94.326216
79.041325
74.231896
73.549291
69.495986
78.402458
83.799932
59.443056
76.027775
66.076818
66.706934
60.843624
56.476526
52.305524
53.593480
48.066111
71.590753
55.844270
69.175574
65.314605
73.981091
63.634936
71.024146
71.730386
69.436959
53.289223
73.848274
53.159170
54.577779
58.939257
42.313369
49.196464
44.498084
46.550070
52.066147
44.411721
49.039342
71.992209
69.969369
72.162903
68.399648
80.167026
76.417636
78.519148
70.670166
82.070254
73.723582
88.562100
81.361685
104.203226
92.075976
97.762001
108.621084
105.996491
118.970472
129.299902
113.817279
141.962490
118.951795
142.198493
136.191826
140.082435
135.222922
125.280431
115.362156
130.418555
113.044831
132.718644
113.501947
112.318763
118.179993
108.795173
104.064129
106.900756
92.424335
109.146584
78.512480
82.485089
77.781552
87.453963
96.810643
81.302350
76.552631
92.606692
101.870430
110.075492
97.503120
93.817382
113.697081
91.258314
115.260291
98.162209
101.825880
100.643714
97.452899
90.544347
98.069856
83.416793
105.588104
88.884624
107.011599
92.486888
92.799748
108.697393
107.215143
104.647527
118.063788
99.460823
115.599469
104.054317
128.186528
123.514586
106.830133
104.516601
113.613878
97.839762
106.754073
88.826317
85.537584
87.043665
79.280436
81.209316
74.055453
67.140304
68.800429
61.762814
61.846282
55.630882
34.718915
43.252273
25.189206
34.684697
26.473236
32.705231
26.773144
29.297170
26.089949
37.235940
28.940872
50.398782
50.873719
62.061894
52.678694
53.468354
50.602024
62.840076
44.615049
62.292043
43.108229
68.116526
52.704701
57.153212
47.205786
46.965228
35.806033
54.833841
37.744702
45.695443
39.068061
47.706918
45.305098
36.604210
43.969341
31.721946
28.808054
32.890326
30.446982
31.172912
26.789941
21.088140
31.425012
26.503507
37.459331
19.348376
19.447034
21.677805
9.982947
0.777075
11.787031
11.864309
26.310215
12.791697
19.560932
19.113279
17.676658
4.247272
25.515005
22.517700
51.930445
35.160102
57.651906
43.046914
44.693359
37.414522
37.661911
19.290819
32.461993
9.433897
17.212487
0.913708
-0.001519
-4.826606
-18.293042
-16.618125
-14.616845
-8.616432
-4.377724
-17.921301
-3.636877
-13.570211
-4.938876
18.809839
2.150532
-1.850058
-16.064692
-25.205225
-29.688334
-26.151324
-14.322501
-7.918418
-17.596405
-0.868814
-14.063144
1.914145
-6.282563
0.072939
-9.217814
8.231940
-6.866008
19.272226
6.287385
19.900481
12.064822
14.801805
3.531701
8.788566
-3.025156
12.004898
-15.784014
-3.020804
-3.667792
-6.790682
-11.356849
-11.497566
-3.635626
-3.894121
-6.238883
1.209791
-4.175890
11.197155
13.947346
2.214106
16.778743
4.508563
17.351323
15.984822
18.774560
31.470298
33.922292
46.248640
79.746780
66.734791
95.808988
80.400414
83.078721
72.698889
66.893111
68.085343
81.819106
70.274091
82.302260
60.909031
73.264162
60.923475
59.154664
59.012681
56.678261
40.799466
58.206647
33.475176
53.648249
30.920555
33.241567
33.292180
28.703210
32.359531
29.330947
15.526316
32.196613
8.895010
3.705741
5.962018
5.360233
16.421567
-1.234386
16.682941
15.105679
16.311142
35.353068
26.124660
20.117727
15.985840
1.272643
9.943078
-0.060161
-1.991416
-0.685181
-7.048924
-8.336887
0.214847
-7.457412
9.688436
-5.352256
7.468491
-3.050298
2.606877
-5.397083
5.276000
-1.265519
6.787274
-17.646003
2.830399
-14.610866
-8.774531
-19.247426
-17.377449
-12.283910
-3.219610
-13.532424
-1.276469
-15.655462
5.423594
-1.683863
-4.172391
9.845620
-6.290233
12.852434
13.576383
-0.285752
25.932588
19.843176
26.054631
29.632719
12.490843
30.349545
15.420995
25.233315
25.435267
19.795902
18.922886
26.159162
6.351203
21.355190
-3.685964
13.661621
8.290308
15.840732
17.609341
7.224440
6.237715
16.802673
0.468693
12.727100
-10.797608
-0.247896
-2.978792
-10.883246
-13.117499
-12.927226
-16.594572
0.285045
-9.704499
7.409933
2.757028
-0.699495
9.360049
-7.005559
8.534804
11.842000
4.418850
15.035071
4.063039
13.346205
11.119537
6.702106
28.066759
10.488316
19.508538
19.995703
22.006987
38.958983
32.355966
20.265232
43.815329
16.944081
35.308670
17.691743
27.516286
25.486727
36.341969
31.730498
39.803906
15.490675
44.032598
27.257361
41.385356
39.664025
33.271436
44.764997
48.190323
40.943660
58.835525
31.197063
36.282098
30.191202
36.353467
39.393592
20.656340
27.910493
16.303721
15.823197
30.908806
14.122790
18.906580
21.428565
2.005171
32.164336
9.468296
10.312144
5.787953
5.633456
7.566394
2.581875
-0.242934
15.655998
-20.844219
-5.227463
-14.199670
-7.729322
-7.280431
-15.495553
-11.576468
-3.592485
-27.645910
-19.614713
-41.510628
-17.586280
-15.644637
-20.305054
-21.483506
-16.386392
-25.875541
-14.295977
-39.053770
-21.354725
-31.711814
-20.446058
-12.019339
-27.609297
-20.753275
-15.226116
-27.597499
-3.866360
-19.538659
-9.948148
-5.226235
-11.342144
11.789611
-16.664490
-2.323296
-8.389338
-25.868122
-12.641388
-24.886771
-32.606730
-13.511097
-29.465294
-8.234126
-25.549199
-16.191580
-18.494836
-23.370195
-33.508192
-23.848264
-35.262293
-24.234386
-39.368472
-13.056591
-29.853921
-22.704360
-25.033599
-24.606351
-15.439496
-2.483228
-37.649420
-7.145960
-20.034525
-28.419183
-23.743071
-24.176960
-10.300220
-18.496749
-40.715124
-31.623036
-50.360092
-56.332590
-69.879622
-74.462136
-65.214285
-74.041184
-64.864718
-67.210605
-74.527990
-66.468193
-69.083953
-78.769031
-71.472950
-94.619914
-73.664161
-99.298807
-88.868771
-83.612598
-92.107900
-88.515891
-87.925948
-93.763846
-72.115695
-93.808982
-73.341132
-95.772441
-108.409813
-94.899735
-102.750741
-107.205193
-100.931427
-114.284644
-94.257837
-117.969690
-102.657416
-98.185790
-110.802761
-100.273432
-97.611122
-106.405956
-99.758667
-129.954796
-110.227198
-120.422451
-105.636011
-90.490650
-103.640518
-95.211429
-109.195798
-106.406478
-93.245890
-107.626087
-95.431911
-83.536215
-100.955327
-78.365555
-99.732816
-98.901272
-106.446532
-102.525633
-113.061236
-106.299452
-124.061746
-97.662592
-115.252691
-103.122371
-114.043051
-99.846189
-98.196401
-100.584107
-106.644971
-84.256101
-103.736200
-81.568285
-88.991990
-68.195579
-73.665799
-75.173122
-75.687490
-88.940366
-94.897078
-87.120293
-101.523124
-96.542528
-112.019675
-91.386350
-88.677551
-111.430890
-100.633888
-105.744814
-105.811709
-102.768154
-111.862600
-118.776096
-114.112100
-121.681760
-106.060907
-120.370879
-111.344354
-118.370116
-125.610829
-108.416357
-106.028746
-104.745442
-86.632453
-117.677580
-82.066685
-97.616780
-90.530008
-91.778715
-99.046734
-100.119481
-98.516445
-116.929934
-91.470653
-114.937963
-98.989527
-111.351054
-97.938721
-84.940542
-88.273786
-89.951620
-81.952301
-92.309359
-79.818063
-92.762017
-99.645800
-96.667338
-107.626746
-98.545682
-89.811411
-105.730303
-84.869492
-94.580704
-91.058123
-86.928063
-114.283146
-97.057631
-112.987983
-106.301482
-95.796346
-105.322259
-102.974601
-107.087866
-115.400587
-93.225820
-113.420241
-98.677061
-114.167284
-108.183417
-114.714611
-116.708946
-126.246111
-108.236297
-123.365971
-107.650950
-126.549688
-115.137050
-108.255949
-118.008671
-110.662636
-116.504931
-123.926628
-106.858678
-128.318482
-112.101507
-112.533177
-115.706113
-106.856069
-110.656957
-104.165721
-100.750321
-96.958575
-86.432813
-97.725539
-103.551463
-110.651359
-111.092532
-101.325958
-112.545469
-100.463712
-101.218327
-107.851158
-114.346802
-120.529624
-131.464745
-100.010085
-111.724362
-97.127015
-100.460309
-98.451367
-102.399933
-94.537162
-95.306616
-86.178128
-114.645006
-89.385665
-106.578401
-93.459701
-96.707525
-103.168957
-101.422968
-106.123543
-120.161582
-100.691950
-112.921865
-92.771566
-103.781048
-99.398117
-85.325703
-82.559628
-68.458588
-60.091695
-63.504094
-55.892584
-72.791072
-56.299070
-41.015588
-59.639382
-36.103820
-36.706442
-16.933928
-6.869203
-7.721434
4.555122
14.489296
2.108932
34.374509
24.802645
45.599933
37.351349
35.130320
44.001138
43.134807
36.810446
56.908555
28.935565
40.286255
14.106716
19.416997
9.189089
1.798333
-1.717581
-7.099015
-16.849509
8.808007
-16.909578
1.007638
0.629352
-3.278552
9.646244
-3.820136
3.462255
11.670464
-9.825681
-3.186176
-12.322143
-8.504167
-8.583252
-17.295243
-4.363741
-9.957295
1.663270
6.195831
-7.743297
8.871128
17.297948
19.231602
39.472123
11.844093
31.470614
19.974161
17.678320
22.505783
16.331386
17.267731
29.427679
9.537812
23.510984
0.246366
22.081807
10.705400
1.237831
0.700167
13.173682
11.916048
26.509002
3.987333
18.966925
3.340997
5.907952
-4.390685
-24.107316
-19.438888
-18.252824
-42.093138
-24.923900
-33.455494
-36.516791
-39.352373
-47.919867
-35.759443
-42.592170
-32.781144
-19.771480
-35.433085
-14.615448
-16.033130
-27.688787
-13.168586
-34.212444
-14.241665
-31.806325
-32.661322
-32.021559
-38.495908
-36.582481
-16.166695
-32.609372
-15.180666
-26.979479
-16.072076
-13.124562
-22.093105
-16.726619
-9.354063
-13.607535
-4.102230
-38.663339
-12.988373
-31.145710
-14.978941
-9.139616
-11.851632
5.536718
6.011410
-2.854528
21.621382
-11.914619
-1.881222
-10.463499
-27.646620
-20.213786
-28.710419
-27.113490
-17.859675
-25.153035
-17.221086
-5.160335
-0.425193
5.594171
-4.176627
15.279166
-1.839755
-0.653709
-0.749817
-18.806433
-22.270916
-12.991129
-31.136801
-4.428193
-25.555712
-3.667471
-20.420028
-12.693680
-9.214443
-10.078328
-14.098606
-4.977775
-26.414397
3.791546
-6.782424
2.272143
-1.170182
-1.492050
0.160091
6.609699
-0.784655
-0.239403
-26.080001
-13.331323
-17.978375
-28.539220
-14.697923
-24.145353
-19.548572
-14.212136
-18.031900
-7.104434
-11.823482
-8.979796
1.875166
-20.661949
2.478919
-1.832306
11.458884
20.146961
16.107663
22.412782
43.448701
15.616765
31.907758
15.896515
38.285157
26.238440
32.187726
31.797208
27.208012
22.716120
26.386905
2.479989
23.272084
-0.863042
14.118911
9.133594
7.102359
11.368635
12.096146
-2.767470
15.813578
-4.460668
-2.926833
-1.088261
-0.669108
4.936415
-10.152804
-6.278460
-3.773985
-13.001138
-3.603003
-11.927431
-18.746098
-5.695633
-15.265629
-5.154604
-8.475811
-0.361003
1.240854
-2.005480
-3.496845
5.008243
1.072005
28.548013
24.777384
46.843008
31.912402
42.345049
35.239655
34.832086
40.195342
49.615839
27.034596
33.161271
-1.084194
9.793702
9.424458
-0.691243
-2.428684
7.417544
1.876076
17.463635
-8.644585
8.295205
-9.264631
-9.107079
-5.294274
-10.833824
-0.867067
0.974514
-8.844442
4.354774
-15.587611
-2.838439
3.031285
-10.251572
0.759306
-5.137487
7.754376
23.342988
18.199558
22.591112
32.620335
23.743006
44.845559
27.340424
45.563982
36.332479
47.550297
39.295154
42.315126
45.353942
56.014742
30.457278
57.282974
36.003506
56.481736
46.872204
48.834181
47.543397
48.392820
39.046230
53.766316
44.978819
64.063340
44.094705
50.046565
59.096081
55.835747
55.698959
54.304044
53.573976
71.808308
54.810295
61.817839
54.430082
47.941505
54.590140
33.517329
26.442613
24.005422
6.975357
9.474752
1.759672
-7.136193
4.433983
-5.194315
7.812804
-7.778686
4.247108
5.414422
11.852335
11.558869
23.005826
-9.097678
9.980770
-10.196324
10.055926
4.108696
9.532359
10.794386
8.389130
11.715450
26.321281
16.551163
40.163539
29.197128
36.296076
25.911585
21.995666
26.366572
37.039401
23.512917
35.731531
21.497090
20.176400
20.536915
20.630766
40.862888
28.408890
42.220077
38.542627
44.731404
56.207356
52.344727
47.079844
57.694954
45.262285
73.996566
61.078546
66.431718
75.895593
69.810936
64.123617
61.723100
51.708964
66.231098
53.909419
70.424860
55.489128
68.348025
79.665926
79.606803
74.574544
98.648995
79.609752
100.354908
79.708595
97.442284
81.796724
94.483742
92.125742
100.144726
94.037870
98.948041
82.782318
90.024125
71.143963
67.613780
64.268781
48.715188
50.233276
26.797627
26.414382
29.015126
23.605040
32.834580
40.654332
21.979827
35.994241
15.546317
30.428151
33.181489
23.946105
29.087871
27.271436
11.493716
36.636869
23.131590
48.900810
26.355878
35.166983
39.160975
37.931284
42.032495
50.728739
38.173405
45.492587
21.881963
45.027385
19.209937
18.780316
27.649389
12.926755
8.068477
25.795674
4.321078
20.664263
-2.427752
-4.979356
10.920206
7.720622
23.192507
21.868781
24.077959
34.682373
15.398015
19.092489
27.597333
17.969345
30.166017
15.639956
25.651059
30.143442
31.220881
28.937568
34.075670
30.341546
41.199510
15.530310
46.799917
28.993016
31.930585
25.911881
30.742233
27.747837
25.937350
13.993849
36.911509
9.990247
29.833120
-0.316600
4.345516
2.728786
-2.508286
-16.213456
2.299924
-6.500715
13.853039
-6.708465
3.707176
-0.493998
-20.904957
-22.669751
-32.477088
-28.796513
-27.180682
-31.881161
-27.476904
-42.090756
-41.607396
-18.046318
-41.535245
-33.137543
-42.883392
-40.216484
-43.224480
-51.288637
-50.057438
-44.067978
-73.045859
-46.420385
-76.774240
-64.703172
-72.746610
-79.495208
-74.593284
-86.260680
-94.325758
-77.879530
-105.943555
-86.653895
-105.869393
-98.157358
-95.952158
-108.797144
-104.303981
-93.251986
-109.568187
-94.173815
-118.626459
-110.490994
-111.209850
-120.588106
-106.985013
-116.663189
-110.390671
-107.331538
-114.594849
-108.329696
-98.156768
-101.853551
-83.735491
-97.222769
-89.500796
-98.135212
-107.895510
-99.094917
-110.554024
-110.025190
-102.913783
-112.067984
-80.926436
-98.790745
-82.862900
-86.490709
-81.629207
-75.888388
-68.816943
-81.679512
-58.209342
-79.713618
-45.871762
-58.005835
-53.557439
-55.621385
-54.368426
-52.383223
-42.354180
-50.850220
-29.622727
-37.042560
-22.496043
-21.653418
-25.591577
-13.614449
-16.304884
-21.636000
-5.212857
-29.471912
-15.712698
-21.464970
-21.541708
-15.593815
-28.180336
-25.588274
-21.426861
-19.219157
-27.093694
-35.367257
-33.263788
-36.501651
-45.269868
-38.663881
-50.253901
-43.600806
-56.577733
-64.898481
-54.593108
-42.257668
-59.337726
-45.523739
-68.907404
-55.808994
-62.815033
-53.231938
-60.476074
-43.908516
-48.990415
-37.296922
-54.646243
-36.637795
-47.955965
-51.148113
-55.625503
-58.373332
-58.818868
-42.751388
-51.823320
-34.543809
-39.496312
-34.531770
-31.561111
-38.188504
-29.199937
-40.840479
-29.976014
-28.845816
-30.435397
-26.374271
-33.695871
-39.789245
-35.021748
-41.421894
-28.459091
-41.537890
-32.674948
-34.184109
-17.369120
-22.498026
-4.138603
-19.443873
-2.639003
-27.112429
-24.517356
-24.967008
-24.775759
-35.745979
-26.813538
-29.842168
-10.263034
-23.273585
1.332481
-6.816262
2.507773
-1.888808
9.139576
4.285407
18.229710
18.526324
23.870778
4.538295
10.757995
7.510418
-2.466412
-3.030484
-14.182845
-26.276747
-21.996622
-30.233950
-28.634421
-29.647999
-32.971572
-17.362542
-32.651820
-26.153666
-36.926242
-34.415242
-12.871514
-15.757060
-18.702740
-4.106407
-20.020890
-6.988084
-30.602233
-11.798671
-26.859755
-13.125096
-10.608540
-5.899145
-27.776789
-8.116204
-28.373934
-3.471197
-10.657171
-13.414063
-13.190330
-14.157551
-26.842192
-18.215316
-32.284820
-17.841346
-27.800776
-12.356760
-8.356566
-16.208813
-8.737867
-7.740358
-9.097298
0.438715
-6.690946
3.627606
4.269144
-2.036134
-1.426095
-32.437232
-17.997120
-30.135973
-30.704180
-35.920845
-38.644489
-48.928346
-34.534871
-45.379278
-18.915563
-41.799931
-36.027414
-40.669953
-34.404165
-26.381306
-18.476850
-24.506571
-4.931643
-16.747504
1.987675
-9.153694
-8.993714
-15.219932
-16.785918
-27.239409
-30.126598
-41.537168
-19.838693
-35.233796
-19.193412
-19.610384
-32.067622
-17.256536
-18.253210
-28.732036
-25.536809
-35.308758
-17.269685
-24.680562
-30.699065
-4.702511
-23.664435
-16.763181
-12.294829
-27.049198
-19.874330
-17.672480
-13.392373
-2.421625
-25.385868
14.481069
-0.570225
12.430827
12.299015
5.619778
0.757772
13.665160
4.871738
31.457351
15.518617
42.162215
22.472798
33.923613
34.593549
30.396052
23.712957
26.994745
6.087978
23.055803
5.612947
11.571865
7.295620
-5.102870
-7.681416
-31.593791
-33.481839
-23.533526
-43.428374
-32.514336
-41.495352
-41.404365
-23.685025
-44.283712
-28.240491
-34.130253
-22.463026
-14.297851
-31.263258
-29.473722
-18.983585
-35.431680
-13.046305
-24.455114
-15.459658
-25.815999
-35.118927
-29.262083
-43.587133
-55.967217
-23.631981
-53.509597
-31.772091
-48.543096
-33.754370
-26.429521
-22.657517
-13.384127
-5.840567
-26.420877
2.259373
-19.691177
-14.082742
-16.085368
-16.737476
-10.783581
-8.833746
-5.205682
-5.404126
-19.343461
14.265084
3.864500
6.247740
16.674728
-2.497261
14.631807
10.020556
2.924636
9.848316
5.140740
10.197654
14.800816
1.833627
22.684183
-1.173931
30.412260
25.268578
25.995791
29.713859
26.293418
16.626717
36.063226
3.696281
39.855121
10.847548
17.768582
11.722919
7.892848
7.000238
26.487881
7.245359
29.570085
10.619913
31.076027
24.812495
18.052786
25.601642
12.112400
7.962372
24.811522
4.670333
17.134994
12.387747
18.036834
25.730167
13.178195
34.303190
33.915759
29.850838
44.262121
29.985854
29.064897
23.447097
14.586466
28.859299
8.416789
14.645263
15.350146
24.595540
24.440356
22.622720
21.957692
36.863653
5.217130
35.736288
12.701031
18.791161
15.744730
-2.515868
9.566659
-1.906916
-26.522403
-3.083595
-40.601001
-22.286386
-32.778593
-28.687240
-29.420786
-27.522800
-33.944855
-31.774019
-48.560254
-32.532549
-44.707240
-29.936720
-35.880215
-42.689050
-40.618644
-47.095065
-55.947954
-54.890520
-59.637451
-54.533889
-63.636197
-70.793498
-52.882443
-78.522180
-60.466098
-58.884159
-62.910542
-55.211707
-54.814442
-48.917330
-38.874623
-49.375375
-21.042434
-45.333468
-12.165452
-16.458959
-3.912343
8.110723
8.094487
-0.731259
18.393936
-6.714056
21.405445
5.656720
4.786969
7.033066
10.262593
5.554225
3.803796
-11.330486
7.005470
-18.251906
-7.932902
-9.803457
-12.837953
-1.490037
-22.782650
-16.206556
-10.885947
-20.561135
-15.938900
-22.502630
-22.594210
-12.067461
-30.678209
-20.180606
-18.725182
-10.382097
4.074732
-5.746599
-2.771035
2.956160
-19.981466
3.668873
-31.179408
-9.760942
-14.869370
-17.150841
-8.228535
-16.892280
-23.826152
-12.385711
-36.191836
-12.812398
-35.557132
-27.250905
-42.411124
-38.774414
-39.653223
-41.413454
-50.056420
-29.499570
-57.573325
-50.053006
-48.764759
-40.648681
-32.973288
-48.028723
-38.478843
-37.098708
-43.394117
-25.992093
-43.151291
-39.199380
-20.099812
-29.909820
-1.583824
-14.640773
-6.304303
2.481226
-8.954319
-9.146225
-1.478872
-22.186162
-3.633766
-22.218409
-8.919857
-32.217905
-40.428768
-41.018339
-52.597052
-60.263340
-50.752890
-73.141678
-45.491366
-64.117896
-46.510813
-49.293259
-54.473404
-48.816733
-44.170039
-52.347150
-42.915943
-70.059138
-50.118341
-55.918497
-43.554625
-21.571487
-36.458071
-33.837704
-26.811908
-31.522723
-15.556592
-33.764602
-27.865252
-20.885450
-36.510065
-15.251813
-24.646377
-18.004807
-6.432417
-12.632211
1.499649
12.217404
-5.232661
17.874645
-14.811613
3.698155
-8.656345
-2.620558
5.485265
4.357323
4.925031
11.744735
-13.331613
18.926319
-3.486045
3.910141
0.713682
2.652956
4.688940
-5.092027
-13.784783
-2.877904
-32.610748
-14.968841
-27.755713
-27.096604
-31.903415
-44.162943
-40.636598
-39.392508
-41.951364
-31.704288
-50.539885
-46.799780
-37.437327
-44.694513
-24.880393
-42.591635
-40.235536
-40.802648
-51.282397
-50.625915
-55.646970
-65.801438
-45.266667
-70.183729
-47.194020
-54.279115
-50.125001
-55.805022
-60.305238
-67.371224
-53.768225
-66.481012
-44.502996
-63.539537
-43.895302
-54.441249
-56.079218
-54.756870
-41.515122
-62.747667
-38.899480
-65.596599
-44.060906
-57.516721
-56.806444
-46.940580
-55.695235
-58.382023
-53.841824
-64.300577
-55.821986
-65.170357
-51.862107
-43.670037
-57.451151
-37.565812
-49.839182
-50.366243
-30.761258
-32.842370
-26.562791
-29.356700
-39.245618
-23.220410
-43.779390
-22.092695
-22.716900
-24.916008
-18.364761
-20.307090
-26.607406
-20.899500
-46.649710
-16.088583
-47.132813
-36.679377
-35.414930
-48.603121
-49.645198
-29.115427
-51.053111
-34.062422
-58.149198
-43.092457
-53.325908
-56.912240
-40.892205
-41.234490
-46.921371
-19.642005
-45.215000
-33.212582
-45.647368
-44.555045
-37.293556
-62.325686
-51.973818
-56.091509
-65.673547
-46.668862
-54.152829
-42.013490
-31.709160
-42.003348
-26.170916
-55.645165
-46.466357
-51.595541
-58.388872
-44.038180
-51.716114
-47.991563
-28.757866
-52.217724
-31.706050
-48.116337
-40.716700
-39.301194
-45.530439
-38.663545
-25.056796
-45.984695
-22.765495
-38.044495
-22.490294
-28.266002
-30.626572
-26.170322
-23.290216
-23.007604
-1.861388
-28.902040
-12.333442
-22.324267
-16.061539
-10.035856
-7.241126
-1.289784
-5.262355
-12.596305
-8.137681
-23.721801
-8.358241
-7.784975
-28.070180
-10.267347
-22.565275
-8.535402
-15.987441
-17.905875
-7.064994
-18.467536
-24.384567
-11.926439
-30.366110
0.451304
-28.280826
-8.252747
-15.076197
-21.086454
-16.259642
-14.544948
-43.119495
-19.513113
-41.036538
-22.794288
-31.777952
-34.875490
-28.873068
-39.485835
-36.900787
-23.647198
-37.140250
-23.325090
-33.188479
-30.464742
-34.540649
-40.325564
-36.523709
-36.172052
-30.867884
-14.816511
-24.906742
-12.473228
-9.966304
-9.499949
10.054363
5.364564
28.399726
25.198617
22.445068
39.389545
35.379229
36.320471
55.373506
19.789109
43.107644
18.256053
27.491511
14.590451
16.881566
27.415045
23.345469
15.039839
35.060949
8.097767
25.492763
9.571878
14.092532
19.058667
13.233489
20.208506
32.236752
7.117616
34.784272
4.560849
2.999277
-4.583406
-15.450585
-3.440429
6.605316
6.444317
18.856816
5.594637
12.838658
1.675278
-10.109226
-5.992459
-21.361085
-10.941188
-23.409703
-28.310532
-18.141546
-20.358769
-26.101958
-15.476838
-31.068389
-14.160739
-23.502160
-12.215241
-11.642662
-12.928527
-21.883223
-5.928096
-19.117722
-2.237327
-17.574475
13.712265
0.524951
14.713607
9.884730
11.581697
15.465164
18.505701
8.679436
30.967430
21.018762
45.677963
37.490880
39.231842
47.257819
38.213026
33.325578
46.723923
33.897349
49.264753
49.567252
57.165199
75.264880
67.844644
76.519083
74.051325
64.015201
71.830856
59.870909
53.013647
54.029735
28.959967
39.537376
26.707670
35.933813
28.376511
16.011467
20.289994
18.352886
6.245996
29.512459
1.184832
13.950851
1.647323
6.061372
1.455501
-7.489197
-5.005829
2.646973
-19.527980
-1.454046
-21.992848
-2.113305
-16.056558
-10.473992
0.055712
-0.494157
0.241274
22.886947
3.082606
17.476022
-0.955179
1.816551
14.343724
7.313241
22.501664
12.306393
18.395307
27.929567
24.831579
25.358977
31.127088
30.271410
41.268753
30.169981
51.567307
49.201828
48.671432
47.219462
55.960051
45.128912
71.567661
34.421283
57.349507
43.149557
49.604579
55.310764
39.217115
38.064742
42.028659
27.124981
40.963945
15.166040
30.406957
25.548945
16.645126
13.469648
21.723384
24.382100
45.374687
31.601081
52.053460
41.697160
38.710490
34.604841
22.959497
25.749914
16.102810
13.399945
16.411759
-8.412431
-6.497933
-15.444651
-27.738547
-13.172815
-33.375257
-21.540055
-29.273207
-39.068180
-25.100383
-20.458321
-23.962921
-14.359898
-34.529089
-13.145960
-29.051523
-22.022270
-22.646024
-12.106567
-21.881298
-12.860919
-27.030945
-0.416237
-23.946723
-7.967943
-11.151419
-5.608512
-8.867709
-8.899306
-10.096585
-1.162809
-23.441871
-1.757753
-21.883071
-12.785518
-5.323766
-20.615916
-14.143739
-27.423624
-22.732007
-6.945686
-24.281337
-20.645639
-25.910694
-30.357382
-20.694979
-34.809703
-14.622742
-14.911529
-17.872483
-18.273600
-20.140449
-26.634389
-13.116972
-32.343374
-15.436215
-39.798760
-25.510917
-36.393708
-30.141466
-39.658974
-38.680120
-52.277710
-50.249094
-63.295436
-49.610241
-58.289371
-47.559702
-56.278767
-63.298008
-58.765569
-51.823379
-70.141155
-45.586702
-68.378338
-51.899031
-51.566967
-53.066122
-41.514203
-56.518043
-53.813995
-38.437856
-55.005272
-43.223849
-47.353726
-47.958637
-22.139402
-43.702458
-24.259274
-31.828658
-33.419784
-38.002299
-34.143198
-40.324737
-25.964576
-32.813114
-20.758163
-33.589876
-13.667732
-21.381084
-18.742177
-19.462478
-14.224421
-16.635721
2.382892
-21.184404
7.078248
-22.851490
-10.285005
-16.278948
-14.294489
-16.738705
-7.680563
-21.453442
-0.257768
-10.230841
3.052515
-8.931787
-8.645620
12.451288
2.640245
-3.000339
7.490601
-1.744475
4.029503
3.859149
8.653446
8.088856
-15.220495
5.665274
10.122204
11.591968
10.452970
4.081809
2.019698
-12.720118
-16.171963
5.769451
-17.364367
-4.848772
-11.727807
-8.606425
-9.675054
-13.504981
-24.149456
-5.047757
-26.962743
4.032078
-11.317651
-19.077145
-17.707759
-8.296915
-12.863265
-13.131894
-14.898409
13.690961
-11.715800
14.236341
-0.446057
-1.936038
-7.479514
-16.983118
-31.757268
-24.763862
-44.400031
-36.849533
-45.277466
-35.008891
-35.665677
-54.147718
-38.974820
-44.458747
-41.846946
-45.601637
-53.711960
-38.685386
-39.734159
-48.626671
-26.255445
-45.822378
-18.351029
-31.691096
-27.325982
-19.431453
-29.332572
-36.738533
-31.613444
-43.633905
-24.003093
-42.150511
-29.444250
-43.168753
-38.347597
-36.418619
-37.829826
-41.594022
-21.970967
-38.695171
-21.707215
-39.600671
-37.602697
-35.270993
-33.213439
-32.327680
-32.241978
-49.084813
-32.254304
-49.272667
-46.733457
-46.167300
-43.775951
-28.485047
-37.481940
-30.855293
-23.227671
-32.610029
-21.436684
-15.477546
-19.211752
-1.466437
-29.667766
-5.640287
-18.349283
-12.665457
-4.145273
-2.037094
-1.211129
7.304468
-12.963583
29.537585
-2.652184
19.488161
16.255513
10.520442
10.072999
14.336023
6.336187
16.272540
-2.056739
14.087491
1.419881
7.665496
-3.441595
-3.037141
-0.744474
1.037637
-8.044972
12.263024
-4.592651
6.485175
14.535556
6.015804
24.969345
14.703849
17.090907
19.952933
11.299892
25.203006
20.638744
16.345206
31.173028
18.322669
35.974619
28.110791
28.116374
27.428644
32.325960
30.228768
38.630914
25.464858
31.757600
1.655620
18.728533
10.435872
12.123527
4.934678
-1.854510
4.600840
18.098092
0.578634
27.695846
8.909322
28.978653
28.007780
21.522294
14.425629
18.803492
13.828036
26.811497
10.887727
28.331413
29.217468
18.570327
34.358488
24.470841
25.417249
23.510825
17.638047
37.542731
31.376819
18.959802
35.000353
31.344259
44.904345
37.607310
42.666135
36.558255
36.130959
46.255058
46.759503
32.201072
48.142282
23.595274
50.171689
48.393573
57.451584
63.247357
54.226189
45.481434
68.057864
40.536859
61.288761
35.514056
53.823410
48.870752
55.015695
50.531433
56.667812
63.250805
86.749223
60.449024
73.240851
64.999316
62.032024
71.487097
58.269263
67.084952
78.398291
79.267599
78.134931
68.650179
68.638020
73.188941
67.147514
78.922363
67.447480
75.771229
70.365998
66.207205
68.383997
64.899957
42.522006
57.996927
40.026521
61.613628
49.269991
58.351206
69.902345
71.645649
83.061583
87.821307
76.429469
100.109066
80.737556
90.907049
68.969749
70.111699
84.114579
81.241597
77.031081
91.121750
65.216912
82.720826
59.106551
54.761942
56.374920
59.243117
59.006776
51.307050
52.549306
69.862216
61.448467
74.304485
87.855090
76.003072
88.424545
87.234524
86.284069
80.207754
81.000759
78.012429
79.397558
72.831342
94.315447
74.432552
107.079100
89.548575
95.076577
97.323447
104.561362
105.376886
109.656176
89.459917
112.158674
87.174460
102.832999
95.256693
81.373242
74.321212
68.540016
66.272440
68.757427
51.224837
73.035629
58.103331
82.751068
80.632244
80.659411
82.177345
81.932449
79.091726
94.106124
92.774959
112.944295
114.395009
108.591235
118.996233
107.555136
107.830678
101.483125
102.407024
99.190649
92.281189
87.673723
105.495253
94.962205
106.739725
84.961082
85.963986
91.711742
97.693905
90.293759
92.930667
79.801195
93.873988
71.367229
98.401839
87.626303
84.977296
78.529733
72.723234
67.053083
81.129373
51.386751
78.756692
63.189605
79.290605
91.914540
84.792367
90.469916
88.388795
71.690135
87.167676
67.327254
75.427026
81.485489
68.529028
76.326711
67.422256
76.821419
71.716447
71.774252
72.495192
60.708486
59.757618
69.685578
61.898624
84.611013
61.504791
73.485629
79.174294
69.633841
61.763075
63.415245
52.448955
80.052325
65.387515
81.500255
73.873762
78.032236
82.029784
86.228424
75.631445
87.342041
62.977186
81.371045
59.860900
57.248721
61.024724
53.097995
46.598401
56.369713
52.032545
65.338701
49.691492
62.167944
59.728603
60.160120
74.258052
62.854508
77.165406
80.982905
76.124015
84.860007
81.016559
77.907434
99.571094
81.792750
109.135616
98.454266
109.283815
102.507150
100.794104
105.165933
119.012050
109.240443
133.223145
121.475330
130.879914
116.988544
118.391801
123.643628
133.760324
126.370139
135.086576
117.042396
139.900939
127.743816
145.398759
134.360907
143.932678
144.299364
144.010574
127.696830
146.566224
133.413579
134.535024
138.929581
129.099717
145.254965
139.391669
132.302898
143.305368
141.011199
152.761979
158.981041
162.965438
188.188915
174.854382
199.112284
190.581060
184.542452
183.610426
182.269695
170.047924
182.758074
163.222633
186.256596
166.811165
179.811835
166.445966
161.722296
146.362546
162.655602
150.185155
175.714330
158.120596
175.230828
167.421584
175.233740
181.518865
175.248997
173.281116
181.480720
160.944839
172.043586
158.102317
168.533656
168.460985
165.281474
160.967965
164.260254
151.745262
152.991475
146.265880
160.918450
148.892096
148.121569
171.017129
152.699318
158.635920
153.973209
160.536077
152.189779
147.266160
140.895682
146.757282
126.834921
140.237200
121.928180
134.137043
130.815427
120.980059
111.956492
123.681564
105.173933
116.785406
92.667454
106.122484
101.418790
100.895779
87.913413
93.910248
86.115443
99.330241
74.739115
90.940880
82.781989
92.088928
93.260664
85.928679
86.011549
97.296473
81.631075
94.864532
81.018782
93.288310
86.049675
70.122765
85.834606
78.776254
95.929700
87.014569
80.661943
86.727668
89.390804
86.586099
98.847026
83.417941
102.060892
75.642354
82.096107
80.010776
71.538020
66.260275
75.762658
59.245719
80.616209
68.453946
81.655463
72.855015
84.220527
84.860443
80.765762
82.298950
96.019822
71.096943
83.323325
73.019006
83.091800
78.128892
73.160173
80.917937
72.800126
60.070617
83.075598
63.703293
68.915271
68.224652
52.583142
66.530091
51.838301
54.377898
56.691426
41.650885
44.066745
38.616043
31.403030
37.912216
21.020190
39.981215
10.647411
22.859119
24.401347
25.843730
33.806132
51.485320
37.811411
64.110292
36.653868
57.724997
46.301684
52.832048
66.658658
68.024389
57.360164
61.067012
49.560059
59.642231
39.180565
52.295213
56.814893
54.315591
55.879379
48.753948
39.002245
58.401571
35.414343
45.407806
40.552795
28.682367
21.073502
6.612954
2.007295
5.308126
0.352226
17.736993
16.778941
12.784754
23.774500
13.516759
31.394834
29.286402
32.045628
30.410319
21.165206
25.206848
38.910142
19.695412
41.607551
14.477250
25.319690
9.218481
16.601038
30.816968
32.468660
38.152331
54.783888
36.552410
66.917561
47.955513
56.595842
56.693131
50.967020
55.328279
57.801893
42.264504
63.054906
35.056450
47.161384
44.496784
43.671629
50.249220
44.825641
46.944826
50.431721
43.098374
66.592937
62.360811
57.730237
70.753692
59.506922
84.180566
59.628255
66.255572
69.211708
66.665825
64.139490
71.449330
53.088227
77.064692
44.600006
75.074220
60.722227
63.558677
61.937024
62.453834
67.519282
83.943348
69.312626
91.481231
72.923573
93.575736
88.032324
87.389016
105.521419
103.335771
96.026523
122.225012
102.297561
117.514398
107.949382
128.212633
131.443704
129.181458
130.023708
123.619627
119.061989
132.845532
123.836143
125.962164
130.058506
119.815322
142.285918
125.916989
132.062895
126.903412
129.543550
133.438208
145.105695
140.942334
156.526734
143.906803
162.354808
159.153514
166.573632
176.186890
174.785020
182.291088
189.944819
175.854592
200.164452
167.747601
184.711611
168.311272
159.702813
159.665368
158.238951
142.249192
161.953806
146.979965
169.079550
157.489702
165.839367
168.186519
152.040707
146.802427
153.184221
148.523949
146.123250
127.926694
123.024397
132.733383
119.960941
131.022923
107.056815
116.655612
114.758570
101.179974
111.815501
119.217227
111.953839
128.056124
114.074887
132.117077
114.228690
121.208467
111.723344
112.783609
107.255969
122.315180
113.575658
134.585426
110.056122
124.555904
114.628150
123.426028
123.373169
134.355931
121.260162
147.828733
123.525861
139.116261
120.575815
131.419583
133.021932
123.739501
118.600299
123.699945
118.167999
137.979730
132.749645
135.446980
130.213107
121.648807
136.198790
121.664182
124.647034
137.391306
139.207588
138.210718
136.244888
144.497766
156.016014
131.793146
151.249927
140.342933
143.829527
137.630541
134.403129
135.057343
148.707963
127.318237
157.736605
134.666629
145.721229
128.936354
130.600802
134.008145
127.229747
107.608895
124.826777
94.083692
112.892141
95.907452
103.514924
107.352928
99.807436
102.814250
105.107425
106.580220
123.698675
111.989949
120.821198
115.482060
110.671840
125.492414
105.732001
109.465882
112.736585
99.591040
119.124276
109.613925
96.719499
108.065478
82.868701
90.741564
86.139176
92.931068
104.053930
107.135666
119.002427
125.786328
112.138777
134.498166
105.371825
117.157510
112.960508
108.002328
101.198853
105.638046
85.957220
94.756591
69.338648
90.744655
64.972250
64.797015
59.111264
45.367499
49.621253
45.322551
35.752131
53.868434
37.527422
57.654553
57.124610
56.732069
64.729045
50.749376
70.962457
66.226900
63.159390
78.815814
68.378200
69.507189
80.967661
62.001094
79.070480
70.972839
85.087586
97.348246
93.398390
91.387191
92.868520
75.795367
89.233672
56.510793
71.591730
63.252080
55.165042
55.728530
41.602086
37.318155
48.566275
26.233986
58.414443
33.226106
52.919518
49.922820
45.236410
50.579751
52.883084
47.077842
69.307418
57.738555
72.048047
67.609980
75.372931
84.027741
78.840492
76.220729
88.042252
84.183820
95.305630
71.283889
73.573014
78.828254
70.646705
99.695798
82.166910
96.172120
96.909543
96.277654
97.252752
95.190489
80.911959
106.390474
98.925389
117.967479
107.223197
105.261314
109.621183
105.624032
102.415113
108.975686
81.756214
120.140569
98.576068
104.067305
106.471463
113.562744
106.361788
99.973562
93.520902
103.150852
88.382118
100.754606
88.787414
84.975759
92.776321
89.373020
86.890873
86.677561
70.300873
79.825499
52.754636
46.726720
43.578748
22.057666
32.803722
8.537344
18.575987
12.974299
8.149315
11.881629
18.855566
-1.851813
13.731098
-9.350609
7.079413
1.313190
-0.365062
-5.375356
-2.581376
-3.531388
1.556345
-10.995310
17.026897
-9.693893
14.343380
5.689144
13.756968
31.100129
26.103626
40.873034
59.327289
37.567293
54.783628
43.930744
52.420818
57.389266
45.705625
56.597086
52.423506
46.733835
65.687599
54.054298
58.769425
65.344396
59.169894
80.720290
59.924636
58.080948
65.480646
60.849500
65.304648
68.156942
63.038080
85.977674
66.892930
92.404458
73.800624
78.632284
80.599918
75.923311
82.710350
88.752908
72.707128
94.357622
72.126940
82.960622
81.846894
82.057018
89.228752
83.895905
82.808688
95.723439
69.527666
93.821348
77.743090
80.543543
81.921759
71.644622
76.572716
74.162221
54.653147
68.352564
49.374015
65.774286
51.812654
45.929934
57.131860
42.193613
57.477276
57.841128
51.972009
56.352910
47.259776
53.267645
65.585453
42.468901
66.724844
34.281354
53.276570
46.753734
43.840120
44.413119
48.681027
34.590677
61.003778
34.282283
46.030167
38.767151
43.311014
44.053666
42.473982
35.789213
48.677462
33.417021
53.958100
40.069141
40.540309
38.319344
37.932102
38.536526
34.295643
31.697588
48.864967
38.444654
54.993249
57.568173
48.319543
57.295280
53.345819
70.759913
77.147823
65.551286
79.491453
87.816381
81.715209
94.098762
72.420944
110.504661
101.052049
122.610288
112.412683
105.383516
109.448081
111.651228
95.024415
102.211501
74.543466
88.312064
71.098139
69.203238
62.819754
60.701874
67.049750
77.617581
58.054913
84.894342
64.292235
77.611468
71.730059
70.107738
73.656147
74.897542
63.568362
72.907957
58.478273
75.146281
63.307130
62.292835
67.624811
61.387312
74.759344
71.103427
61.951115
77.310581
61.253650
67.136603
72.638839
59.312297
77.113408
53.472790
60.135713
57.473518
54.834844
52.842093
48.185748
42.434054
56.084322
23.331452
41.740251
13.733858
21.881849
21.051481
10.389138
12.740998
19.567867
3.131792
30.461622
11.862767
37.448747
42.572600
41.885324
45.094529
43.060545
39.065471
59.148098
37.107050
50.223350
40.532267
46.973911
47.989609
34.119206
54.557859
51.104596
48.062143
54.637492
53.858957
68.660944
69.783802
60.126973
85.684270
58.051267
81.384815
81.316489
74.069713
85.844486
96.692196
94.633245
102.439415
87.270986
120.400291
98.113016
103.671126
113.535944
113.618640
109.519207
108.211830
90.702399
105.745125
77.356300
97.483823
72.111491
62.687896
56.311197
63.226352
55.199656
69.251525
60.324233
70.115554
63.584858
78.962522
82.269867
82.670758
97.916115
92.673354
87.529463
108.182969
97.361309
101.733437
88.183761
79.215324
101.498269
73.799307
88.548464
83.078786
81.166114
92.941468
87.259102
76.686021
97.172027
73.511384
92.898669
78.709850
75.160797
64.534357
74.292180
81.112995
86.562956
69.713708
89.107621
73.197738
81.832028
79.049763
78.811426
81.514707
84.504924
78.286608
78.267014
60.656339
92.496815
68.033030
70.459616
72.517744
47.507782
55.750144
41.756014
28.858469
49.417909
33.642450
45.343969
44.206007
27.069319
38.217665
23.641381
26.981450
27.974689
26.554562
36.567956
37.514293
27.826992
37.920008
26.234365
34.863561
23.561234
35.990499
33.553740
24.406837
28.084843
39.548626
33.126597
53.064670
30.582832
55.357794
53.935693
55.512988
52.952318
51.876622
41.858167
51.103671
25.764645
52.808149
42.735517
51.040649
51.819233
36.271194
57.747263
61.676154
53.126783
70.391671
49.081488
56.900566
51.442282
50.569076
78.725857
61.916196
73.405659
63.702789
52.107385
60.258140
51.113636
44.853870
53.472399
30.518050
58.976608
45.493879
54.414287
60.551061
58.677542
69.237988
79.966187
49.034923
72.708925
46.012517
64.875632
52.125191
45.039026
45.303568
41.542110
47.560089
71.791900
43.566049
68.758167
40.705358
44.093998
47.142527
35.421864
46.581108
46.560616
31.355815
35.334646
35.057259
48.353329
44.033478
32.801365
42.154273
20.731774
36.126543
35.883623
16.205260
35.280766
38.213843
38.887323
48.420297
26.900926
39.161535
30.467712
34.891993
35.039879
26.709867
22.412747
24.869861
-0.922963
16.198284
1.497617
16.884136
11.579403
10.182207
22.374171
31.354039
26.999690
33.977556
9.953381
46.558628
20.656289
17.905217
20.783357
23.563455
26.874925
20.511283
0.874260
20.679577
-8.464266
4.097779
-2.102117
-12.546321
0.738909
-15.830780
-14.151013
-6.306867
-19.312626
-20.804326
-19.832830
-25.468924
-17.046330
-31.026422
-19.800011
-19.017756
-5.260224
0.633451
2.114199
2.681893
19.255642
15.704003
45.793983
25.692528
47.716750
44.199549
43.363299
52.314952
73.711382
65.617765
84.574732
67.593577
88.389577
66.632021
74.265439
68.777935
73.845184
69.922829
84.745551
69.430927
82.739431
60.410529
64.545506
47.317392
41.126899
47.920962
31.331288
39.153659
41.626188
24.667791
33.439001
33.211284
31.138320
40.877709
30.142734
53.554176
30.976946
32.468509
41.908302
30.557411
25.998374
25.324678
8.176419
33.385933
10.532166
27.470663
20.349761
16.222311
23.734158
31.028223
29.448399
50.457616
28.999586
68.016445
54.587144
72.641035
74.376768
70.085894
64.445995
72.771737
53.276346
78.483113
62.264644
87.605864
77.773701
77.065726
83.329780
76.619287
79.389917
84.776794
63.686638
83.604635
68.667834
83.274801
80.188310
60.351408
74.049889
60.406714
65.025499
68.252824
56.406494
63.366810
63.664574
47.707504
78.936773
52.740606
71.925060
60.332222
66.038723
68.874084
66.551770
77.104913
88.340881
67.417742
105.877341
77.340339
80.407594
89.368280
70.272169
79.729010
77.786183
59.779258
77.369317
44.854987
58.456755
48.665136
37.435132
51.261899
41.626173
41.281421
54.195139
28.511408
38.754787
35.514947
28.346784
41.745140
31.554210
44.593756
26.232685
30.667438
41.229807
28.801917
40.370032
39.230787
13.532003
30.367418
5.018494
19.166559
9.871932
27.149603
26.740388
24.749349
11.762820
29.801990
0.104529
5.351678
-14.394839
-5.266631
-2.954116
-7.988244
-2.009857
9.599503
-3.098304
18.676214
-7.371884
9.827540
-1.174201
5.623022
5.968395
-0.286870
12.389906
16.887377
3.045960
18.292240
5.103365
11.403033
16.132780
8.272465
32.035414
24.183827
33.631062
45.961197
36.534624
33.382258
29.700093
22.427066
44.972802
25.743087
50.686173
39.960635
26.208227
34.088543
31.717925
28.982090
46.537254
16.425341
41.525424
12.328684
23.764246
6.563039
8.602596
17.408565
22.676553
21.569522
43.698383
9.359322
36.348346
15.222239
23.188964
24.369339
12.698891
17.005381
10.403358
4.769267
3.538795
-20.759452
-11.944947
-23.597940
-26.090275
-7.662681
-26.393765
-19.410308
-8.010955
-21.814760
-13.357747
-13.577800
-19.983083
-11.475149
-26.765413
-11.726602
-21.464371
-10.013684
-12.363459
-18.657083
-14.348923
-6.588516
-29.515753
-8.382354
-31.711340
-13.544974
-16.702125
-10.382659
-14.080727
-21.734739
-29.640135
-11.720174
-38.693018
-18.030071
-38.048889
-27.516766
-28.549445
-28.740642
-23.028142
-26.131321
-25.284432
-9.540420
-34.185689
-13.136606
-15.344140
-26.706563
-25.208111
-40.259643
-35.763705
-30.027884
-37.326998
-35.638444
-41.560206
-39.615432
-31.647581
-44.243778
-36.335144
-43.953989
-45.770103
-48.019651
-52.938227
-62.115493
-56.029463
-73.892613
-56.517865
-75.401322
-41.490027
-59.814761
-62.703482
-47.693289
-48.367525
-52.727092
-53.978405
-79.671835
-60.826599
-103.228665
-92.268034
-99.979695
-104.086277
-97.677316
-106.066295
-113.537013
-101.264322
-118.020599
-95.648184
-103.136123
-102.600406
-89.321675
-102.724557
-112.284186
-110.804592
-109.589136
-83.517122
-83.067902
-82.459761
-72.162501
-85.199083
-73.452287
-73.308458
-56.879078
-56.992351
-54.139837
-49.617429
-37.493321
-48.203149
-31.511676
-52.328291
-28.013038
-51.769968
-41.759723
-43.326948
-37.819527
-45.984402
-34.500729
-52.792956
-26.757130
-52.350956
-38.894773
-35.591371
-41.781087
-40.590016
-26.144092
-28.279541
-0.763077
-6.920499
17.748665
0.433979
9.357207
9.856628
0.969638
17.499667
26.308900
12.290772
34.523115
26.737136
42.749734
52.338857
36.575384
61.930823
44.108507
49.911067
56.277135
47.754488
63.142063
63.360062
45.593562
63.602574
42.537395
57.933514
39.099495
47.258297
60.070709
55.803728
69.989805
79.827352
70.808428
102.567784
82.073947
103.696900
84.377301
91.289996
103.591822
87.602460
96.612241
102.188091
87.695779
103.632658
87.514327
97.226857
87.879564
82.886271
97.698966
98.084536
82.889497
94.018793
75.645495
92.212455
91.174707
74.505278
98.258607
91.851872
98.167890
101.655611
111.162870
116.930831
100.687341
114.453184
124.269651
98.974472
130.217573
106.425641
113.911746
105.028797
115.506705
116.383269
113.299047
102.912501
126.282135
100.086898
123.760246
109.687903
111.362856
114.873657
112.801283
103.159501
125.427438
104.439239
120.541830
112.296726
118.740409
113.313736
108.413257
108.171646
103.549044
103.881059
112.404765
88.896241
101.163488
93.278290
87.227587
94.975628
91.017157
97.753627
76.390592
79.578018
89.973347
79.652109
76.917791
74.704467
52.078347
67.893329
30.707176
52.359075
43.124226
42.320911
46.735074
44.755079
32.612886
53.588541
19.312944
35.534431
25.299910
27.391720
29.298975
24.109564
27.065409
38.189715
20.667530
49.299374
12.628569
29.433143
27.627763
25.676095
35.359453
35.664478
34.266073
34.416636
24.629109
40.226788
38.891431
52.632396
60.879233
52.237036
66.642796
52.754921
54.420146
68.156164
63.553280
64.301579
73.820225
61.267170
82.546335
67.224713
85.408654
79.819775
76.448346
69.121144
67.008742
61.674408
77.833863
62.178049
86.053153
62.178030
71.711510
64.839506
59.426551
57.386343
64.607018
45.605769
50.099033
32.700794
50.197720
43.104109
50.233732
59.990668
52.674166
51.967158
67.251125
57.963212
66.239291
55.664127
67.127952
63.492543
54.274910
62.827397
51.091468
46.124358
47.238154
37.290391
37.987690
32.197722
23.117198
35.574445
22.644305
31.631796
17.782695
14.285479
29.934282
28.991580
24.558338
40.226497
31.999268
45.270855
24.147064
36.125895
28.049815
39.051687
33.915711
37.017333
32.509585
51.340993
33.403833
54.724632
41.174778
55.891135
54.959547
41.758682
46.520729
50.716802
40.191626
60.200638
53.312619
54.048691
54.541884
44.025725
50.914854
57.506841
48.225612
57.957353
57.233146
63.693560
75.785136
60.282342
76.817774
63.882188
69.101733
67.186367
73.481337
70.130618
72.375815
59.198031
70.676150
55.298947
59.800700
52.832789
62.379689
61.510633
57.726484
51.089464
74.799240
56.686204
74.212906
45.537782
60.248269
68.019623
71.507743
67.143172
72.040805
70.990095
77.357203
61.874499
89.024129
84.628951
95.416068
103.087809
99.613317
103.411349
107.235327
92.344305
111.858323
98.175585
105.661794
105.493429
95.923177
100.978556
79.058583
92.807372
88.373616
95.402443
102.721964
110.639089
100.408681
113.536439
109.091219
125.270180
115.295611
120.561080
104.184736
105.580550
93.944418
91.093727
71.850568
84.766223
70.716247
94.656596
80.437064
83.578377
79.951453
87.408466
78.853581
94.638640
84.517509
94.417400
94.671562
95.779799
99.041163
97.703927
89.494294
96.496120
89.289383
85.387009
77.046246
74.041676
76.749241
62.684996
77.995126
59.374280
61.222760
65.060882
61.086968
58.876042
67.105290
54.932997
65.793724
50.242505
56.555160
44.833338
58.499159
64.272636
66.107202
55.874872
71.305279
50.013715
72.191115
55.593716
64.460387
67.683169
66.316055
59.012911
63.411435
56.700535
71.503807
54.830094
56.655581
52.803650
56.020538
57.885884
63.186841
57.694875
57.719260
49.931773
60.426005
42.490609
46.823057
54.228202
38.631282
35.931422
28.618774
30.309027
35.865334
24.684123
25.345677
3.912467
-17.001365
-1.048746
-21.831741
-12.915512
-12.429630
-8.159509
-3.617841
-5.503390
-22.493582
-5.254206
-25.408681
-15.319377
-34.466822
-22.480399
-13.251602
-24.742843
-17.983237
-5.885849
-9.285647
6.374351
-23.134314
-13.756448
-18.196713
-22.548004
-26.608467
-34.268827
-37.128342
-17.109078
-42.452047
-24.642038
-24.686367
-28.867412
-31.033068
-46.448772
-35.980648
-39.002096
-39.938440
-36.792804
-38.401579
-30.383485
-35.771171
-37.194414
-16.085531
-34.315437
-18.292204
-21.198307
-22.357388
-8.827703
-12.901991
-13.812817
6.331983
-12.088102
5.926053
-17.406984
-9.708215
-7.152131
-9.417716
-10.286327
-1.558467
-16.613132
3.633252
-18.868051
-11.031952
-9.377026
-8.533748
-8.976595
-11.462093
-13.822930
-9.239984
-15.591376
7.924345
1.182931
22.913766
36.391361
24.104424
43.619824
38.835943
40.341962
57.653321
45.829948
52.888609
49.287978
43.414601
57.682612
43.943171
54.250862
52.515133
67.395085
73.780144
74.891192
67.771087
85.190119
72.770007
98.383873
77.613460
100.632963
101.581479
99.494303
111.671999
122.606913
111.649205
144.209524
116.537677
135.493353
137.599644
124.725915
118.546800
106.005709
95.839916
112.606211
93.976501
110.972722
87.440023
93.379272
89.252725
77.355726
84.829434
71.910647
80.447658
92.798537
82.539264
97.621225
89.785798
83.332734
104.049079
92.530758
96.945186
93.026644
93.147484
102.247918
97.819753
98.014542
99.345981
77.276261
97.497391
71.350164
93.331208
84.151679
81.722238
86.849514
82.936613
73.252994
89.216727
66.838909
83.245030
68.808222
71.356735
70.211088
63.042214
67.241772
66.544746
48.644040
66.637114
53.220297
53.174146
60.095635
44.779848
62.359130
51.078840
57.107807
68.815508
50.884248
58.357642
55.950082
46.885890
52.669423
41.383878
49.927152
39.477190
39.221014
47.098030
28.906094
33.520908
41.426717
14.613127
45.502361
12.975438
30.550076
19.575179
22.260697
30.824055
34.266274
39.141672
69.599772
48.396072
87.460562
67.577556
73.980415
84.543357
81.354089
88.113227
94.372108
70.264205
88.984807
56.041393
68.704008
56.908597
53.260600
58.363173
45.618229
44.397126
43.594947
16.239969
37.668571
21.550694
18.655934
38.959115
10.490042
27.579525
21.372653
25.250716
34.935944
22.386706
32.091566
32.630136
17.764181
35.292469
4.364307
18.625257
6.140677
23.989374
20.173240
23.912039
31.710710
55.039708
46.026986
73.145508
57.822233
87.293260
85.973208
85.211239
87.024165
82.158574
64.509703
85.994302
72.148500
87.130443
73.335187
77.161127
80.774140
67.712365
81.347881
98.390944
73.892097
84.431089
71.900552
77.095644
80.789101
69.199652
83.777963
72.122044
74.472745
79.915054
72.347691
83.563225
82.693866
79.553390
95.976658
71.367070
98.769677
88.776770
80.155904
91.757548
88.691207
76.460263
85.801532
69.646530
98.496355
67.471125
90.962539
93.204695
87.328097
99.581697
107.933690
97.053899
125.235172
106.747792
129.979099
119.658387
120.774711
118.083594
119.082755
118.742740
119.682868
109.514941
127.771633
113.962499
130.699370
129.153748
116.262772
130.540267
117.825985
111.203404
121.883192
98.478665
107.954313
108.671766
98.607959
111.286285
87.135685
100.655925
101.038383
103.388849
100.884705
95.644161
97.980058
108.988827
101.216861
114.422688
95.189639
113.385121
106.140462
101.950092
109.972450
111.184848
102.767528
113.410066
82.499596
99.676799
69.990940
71.727814
68.453938
55.048930
59.306981
55.534422
41.622767
62.400116
41.952058
47.990219
49.405744
44.285865
52.366934
29.840456
39.588447
46.622702
30.085328
39.934940
43.033308
43.860686
55.922803
32.156191
44.821212
34.591527
41.116824
39.527221
42.704887
52.820869
59.137290
40.534745
58.902960
40.872055
59.025215
49.479347
53.159358
56.678112
64.332033
55.616622
74.235991
47.076032
65.166933
45.699573
65.252965
70.133361
66.407145
72.678780
74.853258
63.484380
85.177265
67.509938
78.702556
72.550679
74.758599
84.259371
73.161824
71.659752
82.122204
72.430776
84.130678
77.760476
72.387128
83.763705
70.032747
83.011640
69.411169
77.978443
88.087004
76.248326
77.054776
86.548475
72.105964
88.654424
65.752341
92.876640
76.375555
79.469861
93.131403
95.156219
83.232158
106.231998
80.406145
100.474142
79.298085
88.578355
99.133929
100.566535
95.060435
108.309263
111.608787
124.953849
108.953063
119.506548
111.056725
108.236548
103.104909
87.269659
78.380437
82.812990
78.238620
81.927703
74.406457
69.167612
80.800920
56.238478
73.956052
74.170333
60.658726
77.206450
75.326491
65.253819
82.250795
73.897702
87.439516
63.906102
78.221077
62.202233
63.731099
62.069584
64.157037
48.447147
67.323678
44.349120
67.946271
61.297842
62.833540
67.919580
73.371553
74.862450
90.168392
70.010438
90.274892
71.644054
82.013829
74.350259
68.225060
64.971860
64.417036
53.873156
61.831490
55.769343
63.236171
63.672786
55.158310
60.264159
36.090755
54.314655
57.609870
55.220453
65.474186
57.255584
59.417945
66.897222
48.406546
71.144958
40.247288
49.823565
46.189655
42.371086
44.748869
36.603912
23.915824
45.454867
36.183338
59.419306
47.422633
50.393221
60.306079
57.676354
56.056655
64.405314
41.707731
65.265978
42.687348
54.567857
44.314711
34.459241
47.228804
39.325228
33.843762
56.009816
43.559825
56.903012
52.500900
55.639237
75.372970
60.800982
78.810781
65.072998
67.329187
77.710812
68.345938
70.700708
81.437771
62.840644
82.678653
70.666220
86.720272
81.053750
75.272785
79.965700
81.914636
67.371979
85.963373
63.158827
72.844595
47.198029
57.107153
51.017530
59.819184
43.166074
47.433508
27.881336
49.100127
21.804314
41.167220
28.421649
30.365482
39.711283
30.462157
20.056584
41.021646
25.261502
36.949464
30.747175
28.433206
49.577383
32.236434
45.350492
49.153565
39.687328
51.097163
44.164881
50.272060
46.401348
33.676114
58.782917
37.370550
41.447026
37.321125
34.184315
41.043473
29.650022
18.615236
34.232616
18.728856
43.676955
34.011788
51.976675
65.116256
61.547056
60.485769
76.979557
61.249213
83.056125
53.051923
74.590601
65.296202
64.787057
69.007145
61.729974
54.001033
53.163377
40.970056
53.634498
38.033329
33.936602
31.648103
23.974374
45.158632
32.936961
38.096711
45.943115
20.525862
32.153761
37.128904
19.401131
51.840049
39.049730
38.205420
37.024126
19.126021
22.125506
12.444645
5.777280
12.074317
-15.466048
16.005341
-3.416042
13.005431
12.636334
10.354766
7.686280
9.978963
0.597424
22.219807
-4.020890
16.862839
8.852003
13.358118
15.632482
6.396228
9.621093
19.414297
-5.154128
20.258534
3.250480
6.880283
6.397829
-9.961080
-0.753104
4.653289
2.994766
20.696945
15.810465
18.468729
17.821321
13.844575
32.862890
15.967166
18.312411
6.005692
-3.260997
4.974311
4.415743
-5.432060
9.481248
-3.077327
18.578686
3.152139
16.269148
11.854497
10.596201
11.404676
10.549982
5.525895
23.636595
1.664938
31.251632
7.446675
15.049007
17.384347
20.678618
17.378363
15.069490
4.638321
18.551777
5.936632
3.506092
-2.767159
-0.163130
1.845540
4.500386
-7.018991
-0.484866
-11.349303
0.252462
-1.763868
0.685218
13.084695
-3.696759
22.021979
18.411111
13.947617
17.374307
14.843749
11.750557
8.033321
-10.859846
1.143937
-24.129089
-3.631433
-17.965691
-16.664993
-25.239389
-19.569066
-25.943497
-16.581791
-37.978507
-12.471965
-35.405501
-27.996474
-31.577644
-32.567319
-32.157561
-24.120740
-42.657677
-24.698591
-40.368924
-21.307109
-35.159312
-34.175181
-21.691999
-21.638077
-19.798186
-21.887318
-29.353858
-4.851878
-20.039350
-19.790301
-14.048618
-24.331862
-0.478705
-7.803842
-10.124086
3.434200
0.756356
0.301703
12.191028
-4.391660
7.706687
-11.950608
7.282150
0.200280
2.271984
-1.914756
-10.214640
-12.933206
5.632581
-10.032121
16.961853
9.243538
27.887955
21.429558
19.658387
7.359653
0.801239
-6.991645
15.911861
-16.405067
3.919962
-5.584847
0.450292
7.480475
-0.907745
2.262670
12.023794
7.152872
13.932393
2.037608
7.241702
12.967760
3.593707
14.692809
10.463337
8.071702
10.650265
-0.358773
5.753814
4.287901
-4.828144
1.812086
-8.188535
-2.269837
-6.158180
0.677606
-4.183663
8.413161
10.955526
18.799502
2.369758
23.291518
7.739561
8.564322
7.103333
9.922930
13.745950
23.891598
2.621083
26.139385
3.119699
26.500119
9.031157
16.469273
28.997710
24.206255
28.236999
31.796952
29.067255
43.240060
41.763590
56.246049
49.665849
47.306709
53.278171
41.279133
46.878391
45.165365
41.396228
39.986979
22.423788
16.844553
21.580245
4.426765
16.169139
2.421771
-8.938295
-9.975469
-21.118798
-27.625986
-19.441651
-45.912824
-8.911314
-33.190203
-26.176646
-40.711756
-24.185387
-30.188829
-29.388508
-28.131124
-18.235599
-29.428417
-16.895801
-30.068152
-35.269047
-43.761334
-49.136330
-54.782744
-50.700479
-64.096107
-63.305195
-75.978911
-71.942397
-52.868046
-52.714820
-49.800900
-43.344866
-45.769652
-35.626674
-34.580072
-35.083473
-34.226016
-41.269357
-25.835704
-25.096889
-15.582308
-19.738689
-14.749640
-11.169826
6.274377
-7.421077
3.639356
4.086623
21.067764
9.352898
25.209451
15.745023
10.636484
9.578497
14.277970
5.716608
28.116056
21.709338
31.794075
17.794155
26.269587
29.038401
33.737279
39.031226
45.580089
43.656560
63.484230
61.430943
65.240967
63.022451
73.163769
72.503107
77.857143
84.014469
87.172310
73.120573
71.850731
72.428962
65.703217
69.143042
58.765671
59.964269
43.732207
57.814391
53.658314
41.363620
28.645441
41.618256
26.578732
48.244014
36.379003
37.996531
36.634999
35.201585
21.452598
28.448818
10.311579
23.885462
3.266692
7.190594
2.794000
6.765513
5.679789
11.779726
11.357688
40.291001
22.315969
37.950305
29.460730
39.449441
48.906916
42.312879
51.232278
52.156951
51.834745
63.517066
55.717211
61.628080
66.306663
61.582246
74.285007
55.356414
59.301844
59.787249
69.881184
75.080429
77.614871
71.286391
84.480926
63.337464
81.114322
62.823864
67.785772
58.233868
55.912744
47.848948
62.286440
37.044400
60.115609
39.700122
55.921885
53.834004
59.957598
59.494113
63.033534
56.183611
67.889544
46.773688
70.841186
54.643415
58.626922
48.646103
51.483700
48.823740
54.891000
50.437450
57.230974
44.281979
57.777415
52.240154
45.176972
57.728144
44.373515
55.532854
52.641795
46.013109
58.660383
56.321489
52.672121
80.384370
68.134892
92.975960
93.379086
95.655470
97.240329
101.519019
99.250246
102.214272
89.996962
118.981686
91.693714
109.738541
104.720383
101.325804
100.709426
103.443489
102.030874
115.202270
92.784017
116.891096
98.523970
91.005950
100.587085
95.774912
101.242353
109.581608
94.357239
117.872977
101.499529
117.896585
115.153756
108.841065
119.593394
115.024066
120.037216
126.085853
110.971911
112.423531
110.232734
112.231737
130.849012
111.593409
131.457553
106.427452
108.468610
113.457097
103.385979
121.551941
130.152826
110.013050
129.298122
105.466687
121.386833
107.551508
105.651409
100.288681
91.467792
87.127306
94.169968
72.530525
93.158813
74.483198
86.310798
87.311685
75.803050
76.207243
82.087278
70.953945
92.064562
67.963021
79.754157
78.182215
63.808211
72.209633
60.739721
71.152036
70.552319
58.130706
73.798006
57.004113
63.526189
86.728263
58.763320
88.733968
70.683611
80.270414
72.156812
68.025214
81.323120
80.947679
66.737703
88.683034
64.355675
92.775376
93.254642
76.801964
82.191801
83.062493
81.777600
88.152728
72.390802
94.331665
62.493532
70.491467
57.940159
62.988370
71.998438
77.983331
69.725790
82.410607
58.406308
73.977474
69.569059
67.923804
84.815371
69.916075
76.008467
77.202035
60.115979
77.872277
57.344394
57.720210
64.981521
51.169150
66.299691
47.745186
56.752502
56.082315
53.013117
60.925795
58.825561
53.254806
76.105666
60.713185
81.100594
70.326242
91.907400
94.835912
89.629214
83.612423
91.033823
79.460606
104.867653
86.909160
97.627840
80.923000
71.627752
80.507408
77.610849
67.643565
87.091427
63.981886
78.856084
65.676145
68.367405
78.173116
74.524118
79.598136
77.591422
71.749273
86.276343
78.010362
86.005644
94.034180
84.822924
101.714316
79.724036
98.775623
88.631594
81.709770
90.633150
80.316365
70.240328
88.061967
63.819705
86.605802
63.794895
75.021820
73.242777
72.806675
73.537680
81.501042
68.117094
92.586912
68.878838
97.689583
87.034680
92.071107
99.618750
103.051566
102.270695
113.612402
94.312345
127.858340
111.504887
121.991371
125.725212
120.433248
136.013645
120.428068
115.218800
118.707380
105.175442
119.586122
103.802818
91.963559
106.432852
88.500120
109.035055
102.750348
97.996159
112.083982
105.182107
99.246818
128.904123
109.727127
134.262988
118.894537
135.086651
119.146955
120.959272
122.037945
123.607303
105.532972
115.784500
101.264050
116.704425
103.152505
119.100612
121.512538
129.728849
129.124486
132.726977
116.287767
139.789090
120.593928
127.322861
119.128124
107.497142
118.017739
115.629856
109.865674
112.991523
91.575153
106.133389
99.648610
98.675828
118.210921
103.583998
116.050055
115.068588
109.652563
129.148466
121.657141
122.955763
139.969692
121.675681
148.393723
126.715551
147.039383
148.640347
145.479841
149.903434
141.300690
126.422278
137.126810
108.749846
135.195354
124.505090
126.703274
127.592320
131.746743
129.652800
140.701450
112.038873
146.942639
124.929756
142.867137
130.710207
137.848033
145.614359
132.244051
140.951087
164.314555
141.918182
165.904604
166.327204
154.373996
165.329728
147.119150
160.241339
167.233011
163.176267
169.951432
155.881209
167.997695
161.808695
147.739401
169.720939
141.873779
165.120553
157.531583
157.073228
170.611782
162.859911
149.813678
170.036519
144.832396
159.983710
136.468881
142.804307
139.429444
140.299199
145.368152
149.855854
124.708493
147.579239
121.558372
137.103717
128.298419
113.182625
122.446522
126.774348
103.653898
119.645706
105.424277
111.984661
100.373682
97.590349
109.185724
97.983899
108.434257
95.241314
89.155182
102.090639
78.189129
91.257636
104.411373
88.109732
103.780398
71.772287
98.634053
94.354875
96.811185
109.094543
114.246698
101.722355
118.689282
90.231867
106.278890
92.725332
97.388688
95.673306
76.239260
75.648724
70.926758
59.724313
81.593323
43.679455
56.288805
45.887429
63.168999
53.704362
55.613576
49.445456
69.572547
59.821273
80.809045
62.878614
63.977181
68.595664
56.581685
66.383443
62.643198
49.110909
82.933499
58.506898
66.041573
77.110904
78.078359
83.877516
62.027656
77.911768
80.429360
66.630048
63.512892
78.819382
74.917370
100.977503
88.201862
109.908919
103.160666
121.614593
123.581418
111.083363
114.812396
111.425316
98.147240
122.800783
91.554800
118.814051
94.288720
109.324490
107.609224
100.855851
84.416487
113.417470
82.977091
102.302709
100.946023
97.501031
91.286317
104.548246
97.761062
97.361733
90.066960
98.572502
77.748226
82.159141
103.045037
76.828168
98.549686
86.603959
102.777368
103.550352
98.699777
122.162750
112.163988
108.707339
128.891191
95.183770
128.750498
110.663784
127.278052
124.219368
140.358605
138.177823
135.875366
115.410066
157.897704
128.346036
140.752074
121.864915
121.526660
128.563532
129.103782
82.836685
136.140611
88.274402
112.937155
109.036429
90.244416
116.381009
84.024461
99.341632
103.883123
95.636157
99.929223
82.730276
92.163448
101.240096
107.331782
118.726793
101.962660
89.757964
151.926572
105.351283
125.833677
113.034768
101.851712
108.938033
114.521368
151.305558
135.279791
133.335011
147.893177
152.872675
125.711273
141.599559
149.749735
194.479722
147.618820
155.353018
170.342878
189.666893
141.113065
178.276256
171.128446
174.349606
133.129368
172.483345
174.365137
187.319841
146.077028
172.210943
125.336357
139.021217
163.936079
126.478095
139.619107
123.092441
128.009797
105.844022
136.732404
141.592663
123.566242
113.568799
98.240340
86.319621
84.344631
104.878251
84.921910
77.019373
84.703569
104.906426
84.249948
79.359946
93.827184
99.663008
88.002626
98.394804
127.035179
106.033802
133.211273
105.628883
125.928463
139.661484
89.166328
148.862531
115.342147
101.356714
192.091521
118.721693
155.274950
160.496425
134.613751
169.509417
174.904288
159.943563
138.938226
156.325150
202.838322
146.908417
168.555698
171.938770
133.496005
169.957835
161.874081
153.457100
157.061630
151.547468
145.228912
154.514164
153.614130
165.564503
153.355805
160.445234
158.977591
134.512347
154.412513
165.923750
103.133362
149.465821
124.756125
130.766999
139.694217
132.125854
164.189172
147.599230
124.102475
147.550381
118.765957
153.997491
129.966453
136.711452
124.481260
110.385274
138.991764
137.566047
114.213362
142.026664
120.493190
144.831168
134.042887
123.957758
145.428985
111.033982
162.090080
129.298630
135.671608
142.672926
139.606640
125.880481
126.442579
120.335935
151.138802
118.292541
151.509871
161.139084
157.296431
181.061523
185.181815
167.964880
199.185548
158.620452
180.400101
160.478402
158.514889
179.207206
194.102111
170.398603
187.045105
163.604385
189.562769
175.674260
183.619356
184.493716
178.251530
188.149391
179.886395
168.355384
174.334677
166.181659
213.626407
192.857823
198.768390
205.329799
198.661365
199.216811
209.159358
148.473214
214.503545
235.143280
208.315257
232.206122
193.829465
171.095201
161.552129
216.516684
142.044774
174.571985
157.862912
162.425614
169.354439
169.932772
134.122140
167.307479
158.121237
155.513790
157.335924
143.894042
190.728009
188.344049
165.152387
199.543650
192.689887
180.719547
174.904962
221.674607
215.076115
220.170597
183.657803
171.880735
230.658099
235.524377
219.801609
223.421110
208.447915
214.941765
234.224777
240.790580
219.440456
190.596659
257.738250
229.489290
237.978141
228.898552
209.119380
221.024715
197.983630
216.880545
205.213594
203.475036
197.304796
187.833972
180.250867
178.407787
193.245738
190.816611
199.379848
192.195563
191.312620
193.011793
204.106727
180.727499
203.833107
181.787458
199.029914
187.302586
186.265561
185.768585
185.830363
164.717989
183.081380
168.113272
178.213813
171.648456
172.603862
162.896213
158.107858
158.359794
163.823720
146.854840
162.313297
140.282725
135.115886
151.816454
130.681577
154.869502
134.333107
139.808115
144.191029
139.954054
141.798658
139.380186
130.197916
144.753232
123.555364
140.505094
125.664218
134.574313
134.911384
141.154273
139.915883
143.264102
131.556998
155.759807
137.453154
153.047253
144.645631
144.602174
152.545521
153.298998
141.389895
172.334855
147.322743
165.305833
157.405507
162.209272
167.542316
162.471799
169.811782
170.915217
161.095117
179.907689
160.231223
168.567518
180.365894
158.711917
172.096550
160.408977
159.886539
170.251725
169.279232
164.421250
171.825222
158.425340
169.843329
160.063396
178.678276
168.491799
169.396567
175.492744
179.662677
173.011367
182.843813
170.054953
195.090538
173.151953
191.506399
185.953944
180.928858
187.794041
181.527053
160.491269
173.103308
149.679454
166.284754
147.873629
148.777273
137.816003
148.103539
147.262725
139.898769
130.864318
135.287370
118.771674
130.200024
128.848479
120.616846
124.065367
105.196432
105.929467
113.133947
112.175399
114.937798
120.302678
125.318116
137.571582
121.510896
143.895313
134.633517
146.206814
148.586503
153.098728
151.881905
165.128513
156.621094
165.497058
142.989243
160.638074
144.982799
168.142336
159.092013
157.557010
155.195895
158.116076
138.083721
174.732594
155.353598
169.570834
167.893528
158.744942
164.636105
162.245132
143.993361
160.834380
149.637169
152.341348
145.990936
129.173582
135.685792
127.660852
133.821095
127.236987
122.398935
126.281582
112.300927
120.015710
126.280092
123.776895
134.844357
120.087556
138.344238
140.111914
140.260027
139.603616
141.534183
143.551014
159.315987
131.933675
154.304511
142.733263
155.020769
156.695251
149.773697
154.781835
166.415456
150.101475
162.728337
142.175500
160.558216
145.458486
139.896040
143.894455
148.272050
151.586651
163.610249
137.193029
150.593674
141.937586
132.439234
132.355729
122.362831
117.721167
112.396455
97.898854
111.324398
101.293813
102.789712
118.215217
99.637222
128.167213
105.781413
113.718407
111.303422
98.555464
112.218556
102.776770
84.195771
90.374478
72.531353
89.827401
72.279275
83.609211
75.655512
85.686632
81.442023
96.020783
82.580184
104.256052
91.406458
101.488362
93.404230
92.268375
98.193235
92.173711
85.915547
94.741310
75.100501
95.868587
80.902669
73.821739
75.598617
75.775510
76.659741
68.484620
66.849977
74.301586
62.087832
63.954316
61.931270
47.149924
64.247796
49.253556
53.568607
53.673532
58.256766
64.984234
70.335052
63.665687
88.299097
62.908112
94.439555
76.654569
88.255888
87.585188
77.531191
73.954549
79.935175
70.911648
94.873802
68.736470
90.895250
70.309499
76.521641
91.835887
83.956023
77.797860
73.846343
60.731816
86.264074
71.094242
72.800816
64.418194
57.166564
54.991073
48.016742
35.500993
42.092753
33.568328
50.995321
48.725206
45.549783
52.482580
29.379784
44.220735
35.375444
36.690389
37.530699
49.639894
50.511097
43.269053
27.480563
53.219363
27.849686
50.437837
40.059452
35.794632
44.602876
44.809202
29.961318
43.315438
21.983402
38.927148
23.740604
27.957610
35.138992
37.043717
39.225552
56.834584
39.642568
66.066916
47.151209
73.340535
72.485252
64.739851
76.983595
62.001485
52.929497
63.465549
58.933371
56.697486
47.682881
51.027799
49.930671
31.274874
48.844888
45.904007
55.057293
55.829457
67.398372
67.905789
75.296485
60.337537
85.890726
68.747533
83.450232
83.631629
87.801700
86.265613
87.703498
75.843953
84.700175
71.751474
99.258066
76.765434
90.367780
86.377353
81.939007
79.849672
95.275963
89.429214
105.150155
87.303787
93.265377
95.189107
87.956616
96.755388
85.443809
87.047700
89.436864
69.795804
87.461011
71.829915
76.822501
75.454448
63.466924
72.354989
57.322862
63.591075
62.203214
61.554631
66.668634
76.175284
70.359296
88.691981
69.094727
82.025931
76.122727
70.506509
75.346230
71.754329
69.895793
92.124484
81.169879
110.330863
79.023488
97.109679
97.326884
95.493997
101.222554
108.681960
101.288195
122.134552
94.539061
108.741432
111.782985
114.052569
116.236448
106.177737
119.500529
114.824190
115.585555
130.027302
117.015477
123.892265
124.398714
131.391183
143.501526
138.363123
148.021699
165.926421
155.161056
166.481546
167.434447
155.829090
165.012926
147.845690
156.303541
151.253394
151.734627
157.194485
155.219470
154.152934
163.022000
142.256676
170.596912
141.038381
156.538472
141.413363
139.036854
149.295913
151.051926
141.279228
151.884046
134.624970
155.301921
145.732443
149.048455
156.814184
157.791428
158.671839
165.153013
141.773971
167.392026
150.481994
159.118089
154.470915
137.519080
148.268046
142.412925
140.573272
157.244999
153.305938
161.656088
166.805536
165.637447
194.352436
175.391644
196.553793
183.244810
173.990895
194.959153
187.676769
175.599765
173.701712
175.190944
196.283718
181.266452
201.265044
196.750740
212.509920
222.526805
231.754406
230.409495
262.006152
253.117822
265.988155
257.538122
254.645755
264.483464
255.480046
252.274425
262.094052
230.615192
260.988133
244.435813
245.084380
241.789788
242.789096
255.852628
254.176459
244.875273
256.685961
252.115083
253.534501
244.573385
249.177727
266.097405
247.046283
265.590338
260.726441
249.297655
234.975820
246.578422
249.236468
253.086516
224.376144
241.792754
218.247951
228.680420
247.036180
246.229010
240.347114
252.979757
235.384552
250.405983
233.771512
252.065635
226.356797
235.465536
233.462642
236.890516
248.071381
255.286592
242.749522
254.910348
257.351100
264.060587
258.524519
250.536103
256.760847
259.280260
270.942331
265.221532
246.650052
264.102361
245.556778
262.117909
280.964178
268.228014
280.180471
266.831921
266.948792
289.083233
281.913973
272.588598
273.648099
254.585492
272.184616
253.503216
267.556483
261.088886
262.034698
255.677802
247.316370
255.201789
260.348976
231.828199
265.942845
239.826181
264.225405
258.369119
265.658123
272.351589
272.383503
259.779989
279.907371
243.337142
271.657793
285.239647
274.298742
268.859691
256.451680
273.153047
275.959405
269.856366
276.005370
248.232993
234.562356
235.726776
221.111290
230.244180
215.419929
211.740005
212.862136
220.833276
230.327951
223.627232
204.961562
225.137657
200.622289
217.966059
212.942732
213.261254
218.206715
223.272420
225.080051
236.625471
220.834090
235.001195
220.874528
222.934756
225.503312
235.907278
231.538174
238.578482
226.835495
231.876719
198.536658
217.345884
215.372132
214.901583
220.167353
218.491135
213.805963
219.845649
214.033852
220.316429
209.634444
212.904442
215.658790
195.758476
205.200869
208.881619
206.020500
203.054655
192.332866
194.594351
191.225402
173.185442
195.326879
168.711048
182.402437
174.733971
176.536010
170.503959
172.986854
168.874982
186.497757
169.842637
192.085691
178.593488
183.055700
176.854017
178.398115
172.699956
182.508084
169.591072
181.472663
154.384744
169.732349
163.062600
149.755746
149.261362
155.584620
147.070473
153.931531
147.970581
162.530277
157.454490
155.321926
163.576198
164.138620
181.233498
174.777966
171.768577
184.207618
172.822241
165.600687
178.182922
153.183292
164.916112
143.205514
151.877528
142.086978
138.748840
135.668075
133.016634
122.221280
137.759223
127.394833
138.904744
125.996404
133.437014
121.381134
133.236337
129.017648
142.998090
120.166492
131.374731
113.520324
121.959198
120.244547
114.653227
112.838046
121.280017
111.332047
120.968494
106.550647
112.897715
103.545565
97.358207
88.992832
82.053540
85.119501
79.484160
71.554407
86.242368
83.244874
82.868986
98.702294
86.562857
108.423319
100.434088
104.036273
85.916173
78.658197
84.516600
85.631063
81.152429
96.077760
83.124411
105.987644
96.488639
105.514505
99.241574
87.667452
77.682325
85.040764
69.035557
87.910473
81.960269
79.782955
85.275180
89.181946
76.518943
75.381848
57.605498
76.038091
51.502486
70.278797
65.174470
59.353736
61.322510
61.611623
69.269678
71.688423
67.586954
72.772094
72.337746
71.833628
80.033771
66.653195
87.601716
78.535005
81.987166
88.358240
87.369773
89.962030
92.746511
81.317174
112.940012
99.385566
108.994533
100.894115
94.994161
95.384007
102.033305
97.596907
112.362685
99.758684
119.380957
118.876492
119.191995
113.390521
117.267133
113.273680
111.606670
101.806497
104.551108
88.084216
96.927948
100.808487
96.320985
103.767571
97.243672
89.376716
93.195527
84.253808
89.570650
85.434258
91.997776
93.162278
72.830083
86.359905
85.227723
88.274261
89.284944
90.463114
93.216416
93.930988
76.916201
78.121692
61.814142
69.824867
67.507354
62.706130
63.093691
76.296017
64.256172
78.791023
64.443342
75.416790
59.325028
63.852694
66.721386
57.798326
62.774723
72.023967
62.975148
87.591090
73.808810
93.096555
90.935512
95.227562
103.008713
113.981584
110.098141
128.056089
121.421297
132.405384
114.841728
118.228534
114.446268
111.545675
130.530598
119.906667
130.738130
134.122753
124.157309
123.359587
121.453053
119.644119
132.387079
111.674342
126.022113
110.269679
112.442758
110.602466
110.345446
100.860699
115.051084
89.683248
106.850018
94.481875
97.999374
91.699841
96.078751
94.828842
109.852555
97.125635
119.532628
96.035514
111.657688
109.812896
100.732536
108.398813
104.922784
90.272075
100.474568
80.046523
91.168622
82.382767
89.647423
97.045687
82.227098
88.504111
77.226349
61.746099
68.780003
68.106007
52.692707
46.238218
25.525325
35.263386
17.875647
30.748972
18.315503
16.162598
31.699853
32.534938
24.343422
36.402981
13.948723
31.633608
8.391786
16.600560
18.833739
12.568394
4.798626
9.507110
-1.933469
13.212034
-18.733340
-5.336374
-27.421513
-25.163814
-21.144978
-36.293714
-35.245273
-25.587753
-39.453758
-34.274037
-50.162631
-43.839871
-42.881515
-56.491858
-49.511837
-45.875773
-39.328736
-31.015059
-42.042609
-34.744729
-37.941225
-53.659118
-21.593986
-32.681466
-15.809061
-16.954089
-22.393239
-19.939703
-26.633789
-30.860752
-9.497190
-30.769384
2.061814
-13.711559
-12.544457
-16.178700
-29.188363
-27.830319
-17.940967
-34.388415
-16.414052
-31.653118
-4.791421
-17.078729
-10.386120
-2.593388
-13.879434
-17.865171
-17.310502
-22.234089
1.002648
-20.461044
-7.902323
0.419897
-9.886265
6.884571
-0.771172
6.434281
16.212405
-3.672973
16.612341
7.885376
2.894920
14.078364
-4.556964
14.388313
6.824036
7.439532
16.920143
12.003984
4.410725
16.917020
4.493050
29.462468
10.136862
22.508619
18.530685
24.090499
25.065443
24.789836
17.637001
42.470354
20.358141
35.783626
19.419072
17.786203
21.826472
12.024654
14.500939
34.651829
16.000576
42.083801
28.375811
45.267240
61.827816
62.194026
72.147872
71.670295
77.186797
93.690169
87.340297
99.762886
91.584012
83.523951
91.485413
74.266078
85.896860
87.802081
81.950154
89.183398
86.156858
86.200805
94.223622
80.855639
107.761259
83.109289
98.711624
92.525292
85.312117
88.421423
92.923691
85.466350
104.142660
74.476056
86.367361
72.823520
90.394427
85.521453
81.803977
80.910717
89.897527
82.061930
105.140754
86.936064
91.692749
87.039839
85.389346
94.757283
89.581688
85.923770
99.326005
81.795949
93.317464
83.812637
83.826046
86.962608
79.318713
102.209394
102.373806
101.651455
109.824033
111.419732
118.886891
128.338981
117.069424
145.114230
121.429989
140.388285
129.497885
131.235351
125.890193
124.872853
114.911039
130.113263
103.199531
127.258479
111.275641
116.407058
105.991992
112.414919
110.879905
111.040841
89.952585
100.507530
73.987298
89.488499
73.393579
69.159111
70.293089
70.432024
73.248220
84.568449
67.486487
90.261642
81.657695
78.870923
81.036154
70.663626
79.334820
64.189160
79.718868
86.648695
77.189345
84.298516
85.699741
86.890434
94.947043
77.801808
101.209649
89.902558
91.423255
90.465648
88.174550
78.682168
88.343838
65.250546
91.370266
63.677210
74.195090
59.780632
61.128967
57.004002
60.879252
50.770039
77.193290
68.745097
94.785684
76.814457
91.437088
97.636689
88.886963
97.206835
103.184440
76.656382
95.601761
79.668674
85.867086
87.341778
74.260346
82.840854
75.828481
68.048840
76.874201
69.251918
79.694634
78.816841
81.339946
87.971198
68.942825
85.992008
81.106571
87.852677
85.440183
79.974364
80.816041
90.683471
67.975240
93.366084
61.838666
76.169843
63.682126
68.274038
72.948316
80.923077
68.980104
77.301969
62.067906
85.436995
63.072914
69.125484
80.855766
64.875990
61.782641
76.445351
65.084821
95.346971
70.992710
88.247091
88.329945
83.235255
88.894347
85.928998
72.750419
80.078790
88.701261
76.544115
74.734691
62.930752
77.122632
53.611531
68.404058
52.319516
66.873866
77.526794
89.272510
88.308337
97.977567
85.965938
100.845696
79.377575
98.026732
90.014414
100.095552
115.494798
124.338960
115.203129
139.474633
121.155725
139.638393
117.452794
121.073088
127.285340
110.412011
112.469141
108.452361
97.380394
110.627229
92.296261
97.174742
86.157050
88.367591
93.576108
96.609438
115.170619
112.862653
104.338952
107.685191
109.270792
99.736850
102.510235
82.616748
100.176130
93.121029
88.407161
90.669716
72.044715
75.235827
81.473041
65.253975
87.131352
66.218497
81.904212
70.556187
71.428254
85.654728
86.154526
81.131792
107.278130
99.406695
120.258450
99.872279
103.819757
97.826534
100.322368
101.204853
108.220153
102.883718
122.613920
105.660725
129.630072
119.407037
122.204201
137.864821
119.870523
133.212192
127.627165
104.164522
118.570537
103.268667
104.392909
113.426234
105.726609
121.596208
109.630340
126.003531
125.822441
116.634585
122.488775
121.628903
113.676691
148.577225
128.772806
151.171764
145.282498
142.398136
147.447919
146.500141
140.314040
149.456184
127.194774
142.925637
119.380087
140.229747
142.224368
135.127798
131.914583
134.004069
124.840825
119.843134
101.218217
117.365803
92.929365
103.379464
109.854036
113.743105
119.571990
119.756860
116.640850
137.129453
127.271934
126.561444
140.682600
135.972791
142.038371
139.364470
133.626672
134.355028
125.553933
125.610158
129.990922
121.905215
141.537747
111.448444
129.145760
113.792891
119.055916
129.441720
117.760580
116.638313
133.644758
108.426274
137.908611
106.164246
123.901901
117.604316
108.172302
93.296954
92.589755
73.088524
85.182906
73.077215
85.853816
80.283163
86.573370
80.339372
70.263477
76.993385
67.659392
46.075422
53.709538
42.638975
55.573804
43.151343
34.116030
47.837211
32.858058
37.600936
36.607836
28.053274
35.199525
41.236492
29.792908
48.987188
23.766723
44.855433
37.671542
45.037349
53.139006
51.887887
50.723658
56.348045
36.252237
68.401157
37.747943
63.759218
59.098115
57.770837
67.382566
63.546822
48.761205
67.448307
47.092707
69.508361
52.081560
51.615116
53.960608
32.875073
29.601178
31.275639
12.029595
20.373835
-5.344977
1.638931
-9.482969
-30.744180
-18.148787
-30.430123
-13.338503
0.635126
-17.182980
-15.826637
-23.177187
-38.038689
-30.498004
-53.814343
-42.519014
-57.929768
-54.312956
-57.765975
-63.475034
-83.229505
-63.723627
-91.080476
-62.966301
-71.660715
-65.115285
-78.690808
-69.457370
-66.682490
-56.393026
-66.487215
-48.725681
-63.447836
-40.964378
-45.815876
-40.773156
-27.766231
-31.898344
-28.467114
-26.445399
-36.289894
-10.668719
-33.730351
-19.736399
-24.602092
-30.584218
-6.104175
-7.797314
-1.257570
-2.755311
-7.186263
-2.346359
-5.283754
2.149621
13.763200
-11.451708
4.976671
1.750167
4.450871
11.076654
8.833043
0.558642
16.795546
3.551024
16.269083
-6.657672
-7.815006
1.149550
2.473886
-0.235096
10.323701
-9.711665
9.639542
-10.686862
11.208343
-5.710834
-4.410851
7.962159
7.504540
5.843579
27.543722
16.072432
38.203353
21.672792
31.325923
25.954559
25.395100
30.283417
21.890591
18.925411
32.996288
13.820482
17.446029
14.736463
-2.673387
16.293132
16.245150
22.640602
21.377640
21.677103
36.840278
32.693931
21.422404
42.706184
17.322615
48.540930
30.353347
42.288934
36.529036
18.242206
3.626655
17.276590
4.470274
27.458773
4.029371
23.709630
25.308981
27.642038
29.731133
21.144333
20.548034
27.457819
8.747964
37.268072
15.715576
31.035781
26.571939
24.219937
33.706418
23.457213
21.479187
34.475914
18.159955
26.347457
24.298080
6.219933
17.325645
5.240554
2.605804
-2.917968
-9.316022
9.561036
6.542442
-4.942269
5.669841
-18.075942
5.365711
0.831835
8.507945
3.059652
-9.310651
1.492035
8.616119
-6.584523
19.600682
11.651987
24.208377
14.614279
18.667023
18.050790
23.698938
3.236983
12.982662
3.569108
21.266270
0.471300
8.773317
15.253604
10.937725
25.325719
28.918680
21.315715
45.512553
20.987553
37.592898
35.558614
34.789065
46.436441
24.707691
44.936366
48.686305
41.069342
44.355103
31.084134
28.258197
42.714550
29.583907
43.397729
29.859930
44.277530
40.344564
43.336813
58.802082
50.806275
31.513812
39.787790
11.564991
22.915810
11.665864
14.150884
15.553007
8.960460
9.246758
25.724512
8.789312
29.583921
16.473253
33.596764
20.335043
25.332812
30.548433
27.453628
27.049673
41.046252
13.611106
35.774674
39.539406
38.171302
56.551146
40.697619
58.885396
55.670738
45.918023
65.086012
52.601065
50.694050
48.906491
47.161956
61.511953
30.029608
33.750581
32.516872
18.355035
21.438169
19.218600
13.672710
36.639572
13.584039
43.121408
35.996996
49.218609
42.980303
39.717067
49.137708
61.134008
42.173652
65.559683
41.170906
51.928329
40.470317
33.284536
43.700241
33.075509
33.028275
40.045087
23.081505
44.391398
34.809366
38.229242
46.463568
33.263277
38.988340
25.362788
24.167985
43.065188
33.467753
27.810553
44.281490
33.509977
43.393459
37.056976
49.633511
40.122728
37.333327
51.255641
53.078123
46.372895
62.167478
30.948284
55.306081
32.160938
50.602824
49.155060
38.804470
41.137463
46.668825
22.761975
55.457730
14.446846
29.034531
21.830803
29.520398
38.371036
40.908475
43.425927
55.464379
37.213947
60.254338
44.440666
49.068855
64.735302
58.438613
64.380573
70.147855
64.321938
76.862491
57.043233
68.182356
67.339635
63.934824
78.907965
57.492457
79.956350
75.294324
76.872022
82.465564
87.093009
74.734772
92.994749
72.527397
98.487958
89.159567
101.345098
99.509065
87.112711
86.629120
103.162789
81.928090
100.241953
75.590462
93.817993
80.377488
82.329172
83.090739
77.344691
75.647950
94.916219
76.999189
105.509684
101.243548
105.609275
107.294125
98.349431
101.948684
101.290398
91.714487
104.188289
89.080886
102.398597
101.720422
99.322703
121.183651
98.401576
117.539778
112.069048
105.014260
105.297770
103.898610
99.404339
100.351947
70.725863
91.866887
79.103447
73.145320
58.199857
57.401867
55.350116
51.754458
37.626291
57.499507
34.483206
53.094471
35.903393
60.161735
50.478271
40.640681
48.377750
50.469241
45.145794
64.565736
45.941146
57.135439
54.574533
51.527017
67.741153
60.613463
50.715986
63.414535
44.048893
49.006811
46.956603
53.206744
54.358873
45.932755
57.467694
44.314297
43.105289
51.848495
36.092644
26.933651
45.223301
37.379540
46.743318
32.612410
40.904676
25.769602
21.418596
22.502432
28.847535
32.068566
60.076354
38.363538
76.982430
64.991383
76.222425
72.605900
63.890205
67.418253
76.400822
56.508788
89.282229
74.079358
87.079070
80.001409
69.126243
82.415055
86.554509
85.440270
87.681837
86.284439
106.831057
97.990551
104.646855
109.051945
95.046102
111.316416
103.746666
99.214677
91.663933
75.579191
80.067851
79.994036
69.661562
85.092916
59.761235
74.543956
67.445760
66.394112
63.787927
60.099620
66.293489
83.084549
65.813013
88.523383
70.992814
93.086507
82.975060
90.246296
83.917987
94.338345
83.806445
109.839197
90.317511
106.107898
88.376409
87.002477
93.736008
85.753997
89.110849
91.705309
75.089149
99.244624
75.003350
85.702673
88.640942
78.510158
96.502214
80.366245
79.571300
79.710106
69.853166
67.217409
69.354322
69.436117
80.860754
70.041617
79.354582
73.044890
88.247724
95.560762
99.874757
101.206249
105.085897
93.788790
119.292613
99.855244
113.420547
105.587121
107.518250
112.793786
116.157219
100.368964
115.299008
94.088368
107.276399
101.468071
111.346078
115.545051
113.071752
118.711930
134.223408
117.102228
135.715970
123.002566
142.417734
138.991606
122.496872
129.672836
122.816020
125.722000
126.899650
118.015528
122.430509
119.401265
110.464452
138.321161
126.696697
145.430212
137.054103
141.837118
135.911368
131.996720
131.934686
133.961872
122.143873
148.973663
133.332955
153.210109
141.478570
142.197413
150.975182
145.737339
134.893609
163.897162
136.161433
167.626687
154.078998
166.706771
164.354463
162.642012
162.512289
162.908699
154.137449
173.165783
161.643690
166.976485
153.796546
150.189842
159.949004
139.653468
137.364427
129.990375
122.379425
134.772071
129.963124
133.587578
138.827554
130.262090
144.462585
125.169658
123.666597
110.516595
105.190792
101.913295
101.363239
89.054022
104.587652
84.791420
107.081800
95.527416
111.780953
108.388830
105.882682
96.605002
99.218503
69.101468
82.308690
59.198266
68.245320
61.492180
58.945133
65.115165
73.871588
64.065150
89.569033
69.426585
88.068648
90.252792
96.298084
100.957965
94.588826
93.859949
100.237589
91.251529
93.260564
75.087643
74.210598
78.959330
55.082448
74.721180
59.440596
71.690660
69.976264
59.185461
64.694131
66.493461
55.889083
69.241746
37.283946
61.312867
48.158270
39.455836
32.482528
35.078286
31.660490
36.390721
16.796216
34.543342
4.153064
8.064279
9.169523
11.279899
5.453388
2.718496
1.474798
22.969548
3.783489
13.773569
15.341965
20.850700
17.636619
11.389551
17.811817
26.433595
24.496805
31.397070
20.458388
20.114419
21.214713
17.286715
20.022762
9.066416
17.941862
11.286693
8.043409
15.191851
21.174744
7.798147
31.518742
22.550585
31.259040
11.744821
8.399095
15.952608
17.838833
18.413944
28.307439
20.020798
52.782925
33.210095
53.022575
40.197168
38.838860
33.874766
40.365593
30.975772
49.218457
39.236801
60.696280
53.698161
49.365542
64.886612
63.238933
69.336880
68.843636
63.902914
89.301323
84.028238
97.325833
94.520825
83.236183
104.758031
99.044015
97.577242
103.786791
109.819679
117.875559
124.875614
122.334245
140.192820
117.447508
137.045219
128.519451
135.557824
141.521761
143.471637
141.231108
172.354757
146.002968
170.731159
144.637843
143.502013
154.797251
145.636771
141.371268
156.442247
136.836827
146.124112
127.051868
133.830814
132.183583
138.398155
134.606644
119.498223
115.060965
126.372456
111.585855
114.503396
113.329066
111.722024
98.967172
84.409805
94.465388
76.756811
68.365609
63.361871
58.859860
58.442314
63.173153
50.840202
70.285166
52.635552
64.668629
59.382234
67.298082
65.188318
68.580560
75.240161
95.091171
68.778704
79.136815
64.462202
60.161635
50.418851
60.406234
67.554140
72.004040
66.751837
88.532216
72.176035
87.323972
73.317753
84.133337
79.815864
75.672780
84.728954
87.120580
87.737969
98.476603
95.478601
98.667132
101.472298
102.352140
103.682926
107.697115
101.868616
117.144797
103.190559
105.110861
106.851812
97.018387
102.336182
94.240008
106.594898
101.812259
92.752065
107.246107
110.521576
96.059043
110.467825
84.755378
96.144343
81.526562
96.742931
89.433884
96.909939
93.517016
119.849174
108.129484
129.670461
121.273239
138.094660
125.107386
122.863125
122.873927
123.340607
123.556893
143.617259
130.390173
141.646516
121.996574
121.083880
138.908859
134.473591
140.190103
140.991992
130.974386
135.911059
125.233264
124.888395
135.609011
116.157649
112.756966
97.602058
105.953663
105.445106
114.924633
117.651166
110.298522
108.081868
126.491650
107.102222
133.486119
110.473906
109.210728
105.673725
114.549195
114.062872
125.667703
104.309499
119.806658
106.816491
124.366603
115.905854
115.302698
120.955905
123.738411
120.202575
133.281686
106.460878
137.940013
115.341412
127.747431
135.050055
137.309011
139.492834
142.162476
134.101370
146.883871
147.586989
148.658300
153.509036
152.418626
163.592037
146.959720
148.503573
157.637957
152.410327
159.504456
164.237823
160.431427
180.663218
163.396449
157.414529
154.325724
166.054979
164.548339
169.800621
165.056648
177.995334
156.334644
182.766110
164.800301
183.159157
180.230459
174.545093
179.589971
173.785572
165.445832
176.764939
156.075894
166.345654
155.800246
160.940952
171.459217
165.705871
169.527980
176.642525
166.897329
178.669883
155.493588
164.848996
165.790500
151.932157
161.283872
149.522626
157.182953
155.046977
155.747084
158.578950
154.964118
162.517443
169.141754
160.037267
169.525242
158.978211
173.733534
173.955258
169.220576
174.653599
181.401973
161.250493
185.571492
164.366770
185.419613
169.816165
172.085541
168.002205
156.225833
145.200532
158.945420
143.094635
157.991470
151.604407
157.276150
157.485490
144.017299
140.910370
147.215260
127.422652
129.995577
105.904387
109.760381
99.543780
89.530263
104.015638
85.702360
95.898699
99.654088
99.910153
108.482698
103.535525
101.144885
116.388888
100.247182
119.894240
106.822473
109.860193
111.994109
113.744942
118.353965
140.235908
118.664497
153.545065
126.867316
147.037926
137.971073
143.286337
147.932477
147.850861
123.299344
139.562232
116.452273
125.319899
113.061370
121.780930
125.552788
113.699992
118.092009
111.432592
100.280226
109.376838
71.763057
82.893715
79.904472
71.322547
77.238892
59.075259
65.546571
60.382454
59.313269
81.569489
69.849076
70.342809
81.868032
63.300224
80.154244
62.305710
63.667290
61.873133
56.846784
58.464625
55.936059
29.214473
52.971980
32.058263
48.117984
44.307333
46.578075
43.652439
34.374755
25.733460
42.191594
29.924463
46.418307
32.109707
48.541613
52.226725
60.757208
66.981757
67.521935
55.482218
82.925086
68.730330
83.798084
71.192017
72.318600
80.691597
77.298975
77.870343
82.380080
77.929643
87.227778
80.882862
64.044994
86.713675
69.689304
92.140344
76.177559
83.603694
82.928761
74.928605
92.532997
89.877834
79.507967
96.336410
78.005742
98.829678
83.225278
90.443655
81.934197
72.735562
62.126844
72.990929
49.960504
76.621854
51.121335
53.274780
47.697776
43.193340
47.390200
51.403942
47.553772
63.258263
43.700874
56.303109
33.685522
40.123728
41.696958
26.137792
21.941171
14.913542
2.873131
9.427471
-1.085834
1.879557
8.390706
3.606419
19.817341
5.631304
33.651747
44.665340
51.577878
63.809623
74.880687
66.183979
90.512292
83.500973
100.271440
92.642918
90.489748
99.449015
96.198521
85.704490
91.254802
63.158285
110.060158
86.312330
90.297723
92.382874
100.453123
100.766606
94.514380
84.707046
96.066039
70.445170
97.410838
85.766547
90.789683
92.682912
80.799827
79.297812
79.408524
76.869198
88.251483
67.236072
81.727704
87.076308
77.756341
92.780456
83.356134
105.682830
106.870181
103.115614
118.196973
121.554603
117.660960
131.765190
115.306095
137.180041
110.194603
118.772924
116.819369
111.728990
104.212009
111.534476
94.551570
115.840437
83.394737
101.740464
108.672845
105.306666
103.004389
93.306000
97.098144
111.700509
90.187250
104.507916
85.604506
94.037011
105.321920
97.214019
108.374077
90.745119
88.751431
107.132056
86.416802
100.208114
103.580070
99.288916
115.556609
101.012194
112.488186
101.905863
102.302203
109.840608
109.767355
107.966625
121.355278
109.001664
135.063954
117.090623
128.678314
133.008074
124.275504
123.245312
137.728420
109.795852
129.887116
110.229891
132.796597
117.029494
104.240603
108.841375
120.058326
118.654356
138.548385
119.462329
148.053058
123.273230
142.034246
134.095570
133.447543
144.312321
139.701620
122.577933
133.607471
113.035823
127.022426
112.753294
108.315669
124.794885
113.708558
118.613179
106.645928
104.468382
112.089738
99.160774
104.440006
111.707459
93.170125
112.117840
94.545100
101.297366
98.008419
90.917173
95.915011
106.249258
94.292630
122.098576
106.535824
134.167239
124.106594
112.342465
114.346226
103.101107
94.472216
117.004718
89.754490
114.485637
88.044874
93.256966
84.558597
85.620127
91.282223
81.728806
70.366929
84.771328
53.609086
73.737454
54.133018
50.716994
63.692902
34.446171
52.558574
41.857757
40.848273
60.869103
53.445539
59.475329
80.965337
48.198548
77.441586
59.540154
75.454270
85.286384
80.018503
79.731138
89.903116
73.503847
89.663448
61.153596
86.016901
71.699390
86.327942
92.288753
88.862402
80.169413
87.700676
75.328505
98.629505
74.678773
89.655600
81.546961
72.879947
84.579179
73.735616
76.021301
84.854037
53.418716
81.522123
58.468741
59.968869
65.778176
36.718036
50.404205
52.652758
46.049702
71.801759
61.291961
76.004306
78.209632
66.972003
78.196006
46.043797
63.169695
59.059904
49.651723
55.892360
57.841900
40.939490
60.328159
34.412822
56.608130
45.035240
48.551453
50.046061
44.994492
33.645193
51.998040
41.297430
55.887423
25.099408
29.939456
21.681304
11.380082
8.623629
8.542505
-7.883449
-3.893475
-26.439915
-16.472725
-41.262662
-30.736605
-21.638711
-33.875884
-20.514749
-24.152400
-21.342080
-12.860799
-32.794656
-20.326229
-19.714281
-22.027109
-2.744688
-25.919290
-8.280236
-14.664843
-18.069244
-14.347791
-27.167819
-30.920139
-15.669810
-31.977275
-7.712498
-13.435594
5.204429
13.702880
17.697236
26.378725
43.224274
19.881568
57.796253
45.858984
67.396505
58.307122
46.772978
38.800251
25.928244
18.831402
27.585774
-0.748229
7.066135
-27.104369
-13.904018
-6.035423
-2.737182
2.578861
6.813667
-3.230360
23.892795
-0.473385
7.633666
11.109872
-3.178981
13.239005
-13.905668
-8.740526
0.609583
0.417057
13.391717
4.997930
4.950525
17.454164
-0.918005
17.310495
2.745859
4.486479
-6.891984
-4.725666
-19.798119
0.186306
-21.926789
-19.696848
-29.625685
-16.864273
-10.769442
-8.519596
2.340098
6.990898
-3.620962
19.524144
-4.510738
10.878030
-6.334775
9.532529
7.877046
6.940251
24.726473
28.384944
19.161161
32.098929
14.868838
28.783392
24.249267
6.804404
10.415412
-3.949541
6.183444
1.059827
-1.181226
8.882805
15.632736
5.576706
19.004562
-1.602409
13.632871
2.112161
3.770108
1.380359
-8.381641
-15.262724
-13.362324
-35.061927
-3.358099
-21.591967
11.805815
16.862380
23.533788
31.783357
45.537917
43.697325
60.712460
38.910253
73.478534
63.138613
66.184695
67.967926
57.053128
65.574717
67.435350
54.945897
72.608583
55.056076
63.570061
71.818941
62.299276
73.267035
68.448241
69.379835
71.626209
64.138772
66.321694
55.555320
45.192171
64.679710
35.461164
39.093619
29.592758
30.543813
30.328250
20.449473
23.984130
35.164147
13.544130
46.980443
35.400003
52.050315
50.870010
54.482293
60.198655
65.453566
71.338430
91.835031
69.499189
96.313582
66.118770
84.819118
94.445326
87.084823
101.201033
100.466043
88.434256
108.552478
94.767196
109.019378
102.882951
97.964333
118.440320
101.442675
115.622417
114.801833
109.598524
124.948313
118.561345
116.895427
124.783813
103.884227
117.984343
108.128853
104.005598
100.401364
98.620443
78.289039
95.873244
74.731324
90.055180
64.286380
73.993398
70.363103
70.724657
70.500362
82.248431
69.136337
82.216070
54.315189
84.418256
76.965686
92.273333
95.658209
84.477306
82.337554
82.994907
77.733683
95.476978
80.307493
99.863983
98.935451
95.377584
108.113438
93.540761
95.013716
97.922593
100.732787
116.670575
105.720475
100.338947
103.693036
83.695962
100.840092
82.434054
86.715544
86.334135
94.454185
95.417241
109.951132
95.957510
120.705121
100.171954
117.992053
112.023157
120.479149
132.112909
135.149204
136.094047
157.896777
133.244595
151.892791
133.590494
159.694473
164.776351
166.493217
171.552224
171.002673
157.608340
174.292403
159.790308
171.554073
162.125695
164.720705
187.622083
168.898068
179.639207
190.001212
178.541772
197.607948
192.332146
199.103936
207.447510
201.850097
216.389276
200.469244
205.837623
206.076494
206.542821
214.721917
222.113344
210.231028
236.849300
212.450813
224.331306
218.002186
198.635359
200.916743
197.701182
188.617754
214.176700
182.907000
200.933758
184.774015
183.071223
189.777708
188.250728
201.530384
207.771435
188.255405
197.345769
179.169272
181.004251
161.686753
155.497456
162.906558
153.733993
150.019207
164.532104
148.960414
153.032660
147.409017
143.109602
143.217771
122.907520
142.313549
132.548098
125.144319
129.197302
118.597311
120.732859
122.614569
110.761474
138.558419
119.286652
124.857432
125.550594
118.204509
125.186413
119.778567
115.761109
139.732618
121.785769
160.848168
143.553391
164.063396
161.718351
160.835541
164.385473
160.890167
146.805658
169.631236
147.922085
152.557328
126.932021
121.204048
127.312530
125.112617
131.846637
127.580094
134.797266
146.786507
123.393578
137.578759
151.870705
146.609902
168.694559
149.921892
143.164459
151.378146
137.485738
152.399818
151.917301
134.324590
152.406082
133.239406
143.334747
130.344651
133.634060
137.320866
143.256771
142.889370
140.725338
111.852882
137.692413
107.303841
132.966822
128.133030
128.514926
133.467196
129.751669
117.555668
127.838675
101.653356
125.198937
113.891540
117.440308
117.199117
101.435956
101.189849
97.380012
89.606369
85.444241
71.155616
81.115251
78.465400
69.250591
79.711656
72.012072
69.672064
66.134321
59.133854
80.218965
77.662692
70.382908
94.098410
82.710825
99.229111
81.018756
79.636614
86.365513
90.937894
77.442736
101.602584
79.289837
105.486013
85.503811
111.410681
91.605130
93.591948
96.631408
88.314295
87.799630
90.706283
64.425312
92.284075
76.317454
77.238763
80.900839
73.816985
79.902405
90.989977
81.590530
106.083054
92.550946
99.527779
106.201713
97.990250
105.664722
98.255443
103.004196
120.732873
115.342705
132.161243
122.480651
115.938245
130.897576
104.568932
126.265122
117.064940
107.539783
115.788921
110.497366
103.801417
112.312177
92.592011
109.328392
83.487232
97.959056
79.961114
75.591000
77.262941
81.272891
68.253389
91.828872
70.474707
84.496773
64.376314
74.958988
78.800318
69.489853
83.125715
88.570451
79.666825
97.351217
72.786184
81.553270
81.891005
71.901816
88.099552
79.431607
90.509405
89.265693
78.487945
95.897497
86.760716
83.354906
87.197574
74.879767
90.810232
70.652973
75.269040
91.503845
77.598989
67.859375
82.971975
67.282616
91.032966
65.236485
75.333184
70.025707
73.163985
65.674603
77.037315
78.189388
92.963741
80.324407
102.145523
75.805446
61.789038
66.093501
23.922688
50.376203
54.605583
76.368881
105.821827
98.224306
112.233107
103.174210
104.598160
117.882288
107.201111
115.978991
121.226668
121.764827
122.190557
121.094861
107.758009
119.418532
98.660622
111.171393
90.513863
88.617152
82.748711
77.124469
90.802110
76.380540
53.722091
82.392804
51.856824
67.651070
55.987213
57.559631
54.604746
61.000170
61.233417
82.783734
59.470845
81.924528
67.320578
85.785503
79.720078
75.765272
72.132231
70.351657
69.356795
79.830881
60.476425
79.438845
65.800401
66.897122
75.362036
64.960502
67.776630
71.650662
65.111866
71.561581
61.613607
71.830872
68.210603
55.944700
61.472110
48.941251
48.932228
54.965360
58.181844
47.300484
51.739840
39.899643
52.141463
25.906763
50.026907
34.861803
42.415851
35.849253
35.039047
17.814674
29.984777
10.680541
26.523904
11.955231
14.039926
8.522737
10.130776
18.201645
18.114647
13.771196
33.010988
5.466124
22.745262
1.484115
17.989492
12.774295
-8.457749
-6.455170
-12.853948
-32.949866
-21.940386
-26.701197
-25.484885
-31.749079
-46.541808
-28.508108
-47.591966
-39.509365
-48.362444
-54.392323
-40.655781
-38.683890
-41.786617
-27.284482
-50.073857
-24.750664
-38.341837
-21.783071
-27.569514
-28.782185
-22.835703
-15.808466
-21.983486
1.468494
-13.154288
7.343333
-1.177340
9.146356
6.598443
13.697196
-5.079573
15.868989
2.917253
23.536508
12.927558
18.483552
22.295021
29.045153
26.357148
31.868140
26.379089
44.310774
20.971809
31.893892
21.498053
20.040002
33.953214
21.678111
41.247353
16.816446
11.514487
27.832108
28.349960
31.599660
42.067047
33.771152
49.789486
36.635491
47.059008
44.048122
46.196174
47.198470
40.891307
48.969073
69.218453
45.255693
59.565826
47.164342
56.340412
53.816326
57.178179
43.048335
57.462558
52.848285
72.627584
53.640111
71.617105
80.517347
78.282310
68.004298
66.058870
63.791163
65.051999
47.907238
58.973094
43.451995
44.298791
55.244701
48.367928
64.347638
49.936981
41.359627
51.420488
33.379063
32.857321
42.682701
28.071627
45.350703
24.153048
30.978640
19.874768
24.619261
27.013028
24.936946
8.074390
19.773156
0.745245
22.367662
7.199668
19.654815
5.897199
3.536305
1.203083
-0.170996
-14.749374
11.103772
-13.665733
-1.383450
0.454459
3.509681
15.451109
6.645712
10.624486
15.576224
2.329901
9.755391
-0.923728
9.497827
9.283862
6.332116
6.676533
4.556296
3.448516
8.250314
-2.567376
4.252712
12.702070
0.951823
13.902799
-3.803668
17.694299
1.857059
-4.109023
-4.701050
-13.089670
-27.279307
-19.178943
-39.478698
-16.078220
-24.606624
-10.997650
-16.884714
-16.274898
-22.280114
-8.177523
-10.156805
9.000047
-12.188002
3.326316
-5.068407
-11.058190
-26.446701
-37.832557
-42.163396
-37.686405
-44.614922
-26.521276
-48.852415
-45.834850
-53.265474
-78.991900
-62.993254
-74.778681
-82.439613
-78.054362
-85.052208
-67.054131
-64.122900
-76.998374
-73.267598
-91.265066
-82.799508
-82.088892
-81.547168
-80.310492
-74.673085
-78.533594
-69.855288
-90.996337
-67.872011
-80.671906
-68.851180
-74.702417
-65.936106
-55.361497
-46.548262
-58.477739
-20.706131
-50.517576
-20.239285
-38.079624
-35.762960
-38.192164
-47.136270
-40.674786
-33.756898
-47.102100
-27.012851
-36.649520
-19.939523
-16.244555
-16.278543
-2.422506
-0.974903
-4.139479
5.801662
2.440700
2.872299
-4.522549
-5.244688
8.367129
-6.747638
9.549050
8.252450
8.514729
5.424624
11.300244
12.902390
21.673040
1.984986
28.063119
17.870221
32.679440
21.513395
21.445595
22.675005
30.985066
22.236477
29.776739
3.851329
22.641227
1.316058
1.604588
-2.807403
-8.112195
-19.505574
-18.320548
-39.561160
-32.472286
-58.951662
-42.794288
-56.028342
-64.587461
-58.608359
-53.691948
-58.227690
-44.989622
-46.963168
-42.046882
-40.983621
-47.010636
-24.868887
-25.844379
-30.106906
-21.187270
-18.291312
-10.951449
-16.240732
-23.441965
-12.463550
-22.583066
-17.564398
-32.753747
-31.230120
-42.645204
-38.791334
-38.818983
-33.946106
-38.969853
-18.410114
-45.860705
-24.591911
-28.634560
-26.258188
-33.605680
-26.382449
-34.908701
-20.566544
-32.577097
-19.509157
-24.213579
-29.120247
-35.028796
-28.130879
-38.201191
-33.962663
-44.251206
-22.560279
-34.368105
-34.519552
-31.172565
-51.342792
-49.912503
-65.066768
-64.361216
-60.218401
-69.849524
-68.277345
-60.085526
-72.873712
-55.330686
-76.745846
-55.247539
-56.185370
-51.720779
-52.281018
-60.806392
-52.831410
-47.296189
-59.167732
-41.621379
-59.204045
-34.138396
-42.347728
-34.024771
-25.730377
-16.689025
-9.168071
16.102370
-3.269211
27.699503
27.649874
22.667583
23.423844
15.371331
21.855010
22.719220
3.811611
21.357448
7.328432
7.860715
0.530763
2.149416
8.376540
6.812344
8.564154
6.180108
-5.766888
6.838220
-3.457442
-0.077892
10.990242
-8.318279
-7.086452
-11.913954
-2.224180
-2.098323
0.013091
-9.650805
6.192105
-9.855723
5.788602
-18.832597
-5.977011
-5.349449
-0.070712
-6.083713
-2.560036
-14.388642
-5.926177
-29.811526
-11.849679
-21.274705
-17.703819
-19.104720
-26.878930
-21.157078
-7.285316
-23.896885
1.473900
-18.762087
-6.360321
-14.013197
-11.453049
-4.133664
-0.157087
-6.237133
18.839524
8.181407
3.787500
0.012584
-2.650839
15.203864
-6.972281
17.351281
18.034583
15.011063
7.698995
14.921232
16.334321
21.858123
-10.657141
3.085051
-18.238004
-9.559552
-19.583922
-18.631325
-14.460538
-8.736991
-14.100115
-5.650017
-17.330474
3.431383
-13.041154
0.802096
12.073801
17.047719
17.949238
20.818848
16.486899
37.863169
24.727488
53.601207
53.483269
42.757024
51.311074
49.137635
49.270675
51.040921
42.995347
61.385634
49.750797
37.573997
55.195928
30.858817
50.690306
44.043554
44.788392
65.072378
49.276045
45.648046
59.686509
37.751192
62.164070
45.181026
60.436880
47.629365
54.065613
46.382217
54.185402
45.661281
56.955959
41.574047
68.469057
65.999426
58.136515
62.202509
55.599556
53.730188
58.127994
30.419569
48.428118
21.257441
29.285287
15.647276
5.711170
8.910157
3.850622
-5.636027
7.909719
-5.289600
12.494802
11.211397
1.427207
6.937270
-9.743014
7.564746
3.053343
-5.842180
7.708407
1.976590
-7.510710
11.016793
-9.743773
17.665624
-0.368905
18.801378
21.140040
12.358304
16.114707
24.289045
4.329583
21.594891
0.642010
28.083661
5.484094
9.080920
17.013009
2.460700
4.982421
3.338178
-12.053741
5.301047
-10.105741
2.559079
-7.532361
-6.444349
3.147517
-1.873092
-6.560693
1.435679
-1.269965
13.790267
16.331262
9.521359
30.040826
23.980524
38.660502
38.128985
41.475610
56.458915
36.273902
43.206628
49.444571
28.877710
54.374555
26.803858
31.915268
25.505351
24.476166
21.488975
22.023020
6.269045
21.375718
-10.736053
21.532236
-0.394046
5.030011
-4.578005
-14.498013
-21.856999
-23.142275
-41.769465
-40.096845
-56.981088
-37.706708
-53.240435
-62.541504
-44.254255
-44.673592
-50.762528
-45.902186
-65.750845
-45.957035
-50.952850
-46.674472
-26.361058
-42.849352
-20.285053
-34.824038
-29.077795
-18.194399
-28.581121
-14.558488
-22.077873
-31.537467
-9.058836
-30.286212
-13.780470
-18.286875
-19.125700
-18.204711
-22.478322
-31.945261
-22.457621
-43.843533
-19.915200
-26.706057
-18.901332
-32.202452
-29.377490
-21.457100
-11.252986
-24.367756
-4.597634
-21.293177
2.362607
-4.468582
-1.635352
-3.437563
-2.458475
-4.732665
7.697890
-3.200558
20.526400
4.481646
16.202913
10.715946
9.235705
30.272560
20.886199
20.953284
33.766676
12.319538
17.134019
17.272005
14.872355
25.141465
8.713625
24.775024
20.628431
7.688943
26.800664
25.020771
17.988830
38.401497
26.608951
52.112926
26.601091
46.217098
43.020360
39.510491
47.453195
44.419775
50.306244
62.567130
40.593019
69.079954
57.388891
74.140170
82.606035
65.799677
67.718745
77.142844
65.276472
79.619348
69.165895
82.328803
83.296880
78.370451
88.180134
82.571737
82.022138
94.040210
79.692783
100.524921
91.545755
100.016356
115.516471
108.191636
120.546039
103.483476
110.982237
112.427798
103.769290
95.596446
100.753418
69.320892
88.660972
46.559330
46.678911
42.511656
45.946348
51.872655
52.049912
33.130028
71.577461
52.634206
71.506615
52.647732
62.173241
68.838569
49.447711
48.191439
49.623824
39.050721
51.416782
24.777510
34.542810
19.613643
18.644027
23.893489
1.607255
11.763981
6.804903
-14.449692
4.011546
-4.164648
-9.017397
0.089312
-31.878817
-18.064689
-36.868615
-27.893670
-25.482712
-37.678279
-45.225035
-45.788413
-68.473337
-47.634707
-78.472243
-66.146643
-78.260873
-87.342540
-71.849021
-76.918044
-71.486015
-50.110398
-65.893077
-31.057090
-52.057651
-35.102290
-25.682089
-32.802427
-37.111818
-35.507108
-39.241623
-6.434366
-21.745243
7.129271
-1.588243
-0.388393
4.647725
-4.219172
2.324109
21.267858
9.382775
21.133011
7.464390
11.580747
7.641459
-3.075108
7.073292
-6.214631
7.436254
11.819961
2.335534
13.859232
20.429424
-0.280684
20.553106
2.888381
26.888232
20.070939
32.824709
41.154631
31.409033
41.451847
47.900326
29.676104
65.452978
36.864482
58.437199
47.373397
44.554021
42.273112
43.599909
28.045288
49.459365
26.389378
58.616398
49.437481
53.649383
59.932979
56.930079
65.466535
66.893349
59.524661
81.478983
67.100499
76.084988
85.828603
65.286031
89.514357
75.997707
77.895527
81.431372
67.373402
77.532649
70.809166
62.644512
77.911284
50.009448
71.484178
53.307776
51.881205
70.801986
57.946207
57.902233
67.137256
44.166232
72.431114
40.101165
47.130018
40.676948
45.685802
47.335434
50.780130
50.590507
72.154751
48.287851
76.658007
59.414885
60.469120
72.263575
70.782987
71.152962
66.613485
49.742973
62.715522
40.492283
45.765454
32.430420
17.547234
18.263244
12.311827
15.984249
17.728972
8.056564
12.809472
14.457149
-5.827984
10.529481
-4.539865
19.661924
20.156090
27.553076
38.632097
39.972962
45.689345
65.546581
53.118241
83.085028
66.985560
70.561578
65.098411
72.627885
71.602308
72.598634
73.544482
83.847810
67.096649
94.528418
90.143690
96.089912
95.261537
85.306430
88.928573
86.555682
67.205318
86.162010
65.805633
72.461269
70.913532
57.463634
61.273119
57.137767
60.121806
67.573797
50.661725
57.929877
49.781976
41.370144
63.788134
53.811760
66.312314
58.854704
69.294500
71.082850
63.479063
53.762754
52.766910
37.344326
62.899853
29.943278
60.257410
55.086985
54.639632
52.867633
48.938419
48.951969
58.266609
31.547027
63.915933
54.100492
54.889519
54.995125
50.963232
56.426122
56.945754
50.359108
77.261806
57.782697
76.360386
67.703882
63.218348
64.295158
46.414608
48.998577
61.890243
47.531978
47.470752
38.339678
30.665607
51.098804
23.915559
35.662090
27.702335
23.124253
24.910972
31.069891
28.442852
47.595094
32.743135
52.174834
30.054230
46.740016
51.787718
56.013319
64.768686
57.644924
49.394283
60.209315
31.552310
62.923462
46.359743
57.578147
62.480162
61.789355
60.322522
64.568316
57.785663
73.908506
61.114684
69.274389
73.129940
67.646975
69.852668
76.911467
77.556715
89.975207
80.381548
109.312870
104.048850
96.877446
106.941065
82.933202
101.261039
91.969658
90.161728
100.369957
90.810466
89.548436
102.587422
83.676703
115.969045
99.728075
108.427793
99.292865
89.595464
90.259980
94.033457
83.051582
101.252742
75.399304
99.161596
98.713579
112.383668
111.792388
111.873067
119.077479
133.757023
116.694609
146.150005
132.203028
133.598832
143.656317
131.859760
139.695692
140.196252
136.247623
143.764337
134.934824
146.756354
154.052485
155.341305
160.603521
140.691432
163.611090
150.062140
148.794153
160.822684
152.103386
141.366962
159.231282
141.081460
154.338582
137.858357
153.453311
141.631896
137.278112
140.472750
142.827521
132.199355
160.253386
135.153303
142.720979
129.756240
140.638980
144.337754
150.183960
141.615007
152.057558
137.518679
154.810074
133.103009
151.465097
138.240744
119.838654
140.558056
131.407085
128.666422
136.349249
123.116445
143.825133
143.329828
139.250202
145.849306
129.628961
140.608674
147.407683
143.899536
147.902111
145.828209
144.975969
160.366199
145.202230
172.563199
159.167578
177.689656
184.558143
180.484220
191.665926
194.570325
189.659928
207.246956
177.853072
197.415717
185.207804
181.318351
184.000567
182.296403
177.494119
184.372646
172.427331
194.742417
172.055887
182.943117
164.924899
164.619314
167.365237
159.631542
154.321256
179.289571
157.444369
168.547936
154.961978
156.166837
158.869056
135.470177
151.613822
148.462848
149.787265
159.490570
149.083219
160.662461
168.405529
153.685430
165.463363
137.650769
151.002354
155.105805
143.826019
151.807072
154.046442
152.963182
159.270563
142.217252
160.515974
141.186366
148.843771
141.310921
127.862324
130.131168
140.642147
116.239057
137.562961
124.590517
146.260710
144.377588
144.347624
159.690724
159.908923
160.826666
173.251441
160.555941
182.203790
181.367009
175.792095
179.322446
177.412362
174.785638
168.746377
171.945200
185.707403
173.494777
182.158302
187.363517
186.487929
201.910826
186.692244
206.460376
206.673697
214.918547
215.736143
230.834253
224.490140
241.799615
225.202264
234.256975
219.552928
214.666306
213.164181
216.460095
221.071249
235.477831
207.197144
244.795139
221.011372
237.092933
226.259876
224.994379
227.090893
222.097515
221.650538
228.363866
214.687535
239.578762
219.208347
220.465930
223.826331
220.942791
225.309059
224.498988
233.221242
235.030690
228.269084
240.624379
234.763775
221.150173
230.507450
208.678211
232.018778
218.855569
207.484731
220.750746
225.900500
209.769962
219.471818
197.939361
212.994527
190.237377
206.771426
211.795902
205.788751
216.894319
219.126849
199.577775
228.008847
209.230901
234.324172
221.436742
217.493704
207.850741
198.024193
184.426610
192.034594
176.371301
185.828629
186.567852
192.292262
196.336609
191.659894
200.236634
185.841435
185.153280
184.611007
188.829114
195.664783
196.222488
197.977523
216.843929
198.190645
209.635068
212.251841
210.350156
208.743696
194.740406
205.095454
201.572415
192.699784
206.513616
188.368751
201.663061
186.416457
192.761310
188.902427
192.043121
173.536194
194.123993
154.200209
178.306095
161.674420
172.397955
164.793629
146.128217
149.875382
143.259752
113.718901
131.071346
116.963080
127.010105
123.676821
128.250162
125.482427
112.108508
111.688371
105.173301
103.148750
108.245896
91.751148
97.446439
108.284474
93.808948
110.387731
102.177343
104.265104
115.742326
125.325571
127.499113
143.346569
139.865602
158.261612
135.726625
156.696685
148.027182
135.114502
136.813082
135.606975
117.496461
135.052088
110.861711
107.024116
81.261400
94.621044
78.169015
75.574360
69.303318
63.308456
52.811208
70.318047
55.737718
66.866389
56.104293
57.680188
61.939394
64.435011
79.414005
84.665523
85.363977
89.283445
73.866470
83.126921
76.050426
74.047644
94.178135
77.664141
92.963950
95.102743
77.953826
82.332941
69.169057
67.407929
86.479086
65.567550
84.147999
78.711613
87.535331
85.448068
78.162235
80.155825
88.819189
76.811337
94.202453
68.023949
86.428506
79.061102
79.367439
85.634798
88.463770
86.680060
101.889949
76.780277
104.903816
90.125964
94.111578
99.618078
89.054343
86.344349
88.106620
90.145393
88.921787
74.981855
81.265318
78.028994
72.699452
88.215391
77.518443
83.378960
84.178022
66.684033
75.297811
86.301257
76.804248
70.492282
60.998008
87.051439
75.574009
86.500238
78.113295
80.876678
87.255838
95.420424
72.634427
96.607848
71.990150
81.043410
76.315106
65.542069
61.595792
66.423385
57.109775
63.764246
50.191717
84.265819
62.453212
66.666113
70.826892
63.806638
60.749125
67.789946
60.935516
65.948321
53.861157
69.486353
70.794687
79.961059
87.265847
84.940262
93.326100
90.963328
89.371664
94.402152
84.890777
91.291306
104.730026
84.313457
102.724725
94.130719
101.417664
97.537644
92.617738
88.635386
95.689287
97.033465
105.879299
91.873823
110.234972
99.717967
109.597730
109.143137
110.761361
94.235880
96.846412
70.458271
88.866263
68.882083
62.260419
56.986403
58.819870
62.448486
70.926856
61.408718
90.605407
82.454493
90.973403
91.763154
95.103922
101.566092
76.655386
67.796588
73.718522
75.544338
75.646044
71.300859
67.390811
74.715736
62.473816
79.062454
71.421640
79.678196
86.102332
84.937394
83.896946
88.464713
82.775861
104.719132
84.180909
109.059940
112.922604
107.213057
94.125604
106.945559
97.445168
115.359060
99.328337
108.206982
111.101512
120.274646
107.651090
115.288624
108.112502
112.178463
93.372569
105.859576
97.022010
101.560388
107.952763
109.088024
110.962649
112.321308
100.182310
115.019426
105.923011
102.440730
108.106739
108.834915
132.072701
105.591697
107.936553
109.387351
105.632037
120.320048
117.485273
110.145188
136.860398
129.482000
149.882686
133.962411
144.527771
124.715235
123.170196
127.931189
131.226703
107.961416
130.242426
111.229458
124.892776
120.139384
124.497204
128.530527
130.758757
118.013216
123.629478
107.860584
110.292739
98.040476
97.459219
97.425224
87.504831
87.410742
95.720693
81.286039
85.758029
76.246265
87.427428
88.227548
73.426612
80.830705
71.415585
78.270372
86.717779
89.757326
94.200187
86.113014
76.921072
84.994659
68.184723
82.989398
70.811408
78.069063
82.165858
84.165617
88.127236
96.247559
89.688740
111.190799
85.526639
99.500364
97.649807
93.878595
99.274460
108.336731
96.276417
116.503926
94.720462
128.772536
111.896309
120.527422
118.431029
115.587697
121.636920
126.233716
117.827690
130.754097
114.992312
127.620959
125.477434
107.635358
115.101762
106.874236
114.233998
113.182882
116.424308
126.752934
125.849678
123.165716
144.195575
126.714386
138.703182
131.095726
138.516931
137.409649
130.147063
130.596857
137.607280
122.299777
150.022767
133.140837
147.668969
130.572100
141.259856
140.050117
140.564655
129.621568
148.840115
142.813242
152.008858
126.208584
139.247033
130.643718
128.168849
132.070746
130.097243
113.866384
128.948889
119.562485
126.367752
113.691120
103.648574
121.439515
118.958134
118.147334
123.722915
114.108102
121.628116
114.807719
102.542345
106.617790
84.800527
101.329939
87.289351
89.907121
87.784194
75.916471
71.484721
80.973676
55.215000
76.718913
52.883469
69.517999
59.581108
64.597053
75.741655
75.044955
82.465234
102.088717
87.686431
112.111249
84.162880
101.056856
107.033935
103.470370
112.137306
112.469431
98.430597
109.950079
88.640484
102.216652
98.606406
91.091464
108.003715
94.971520
92.981432
101.943316
92.464532
110.262077
95.816666
84.324946
101.412006
74.295350
113.866080
97.561497
108.577624
130.891677
112.017519
125.338661
128.338594
117.214179
138.951507
118.464980
137.028283
116.361629
121.814943
120.724352
117.516339
133.436530
145.479310
118.826794
131.359339
106.644521
118.179200
110.375222
105.686033
107.517967
138.057729
125.945782
130.660062
114.746543
129.711678
125.749082
130.526619
129.221556
121.988146
124.678336
119.507108
106.678679
111.672738
97.720205
93.855362
101.460122
82.809761
112.504174
94.322798
106.027487
102.258468
100.477467
112.664061
118.954203
106.275107
126.616120
104.977908
133.102947
122.401957
108.528166
115.336459
106.690811
103.315045
110.313017
93.693200
120.264984
92.914414
104.398971
101.549485
106.930370
110.665313
113.394173
120.294044
124.926217
116.960134
149.359491
146.488666
155.441462
170.889807
153.559141
165.126494
161.639678
151.025423
163.979264
137.853310
153.963748
154.782555
142.010561
157.875730
137.897156
143.348212
137.754957
134.461072
146.548301
165.004141
156.394285
177.946289
145.805742
170.449854
161.612868
170.385638
169.817023
171.104854
173.005187
178.131721
163.492397
186.597475
164.907088
166.576039
151.238608
148.164546
154.241705
139.746419
132.738292
146.414026
122.511470
151.064839
135.118260
142.543459
145.977259
138.151907
141.741136
152.080708
154.612828
162.483693
148.400066
172.710511
171.231500
161.095037
163.427463
149.675910
167.917619
168.820498
163.368948
165.139390
167.462730
151.485123
169.678499
141.276344
150.649470
157.458927
169.100675
167.811648
163.306544
166.843762
171.714320
136.643646
158.106277
131.393393
154.268647
149.610963
143.764012
155.305096
144.155172
133.905144
144.881714
118.947290
146.674093
125.305626
139.472985
146.019499
146.389173
161.282005
158.535267
156.282143
171.523862
151.562120
175.809499
168.127159
160.660251
186.680858
167.189463
180.080661
171.848109
167.873176
174.219926
163.977199
167.814762
174.388094
164.387478
180.420340
161.262663
161.696937
174.616295
166.143959
152.826148
166.981586
152.345301
176.737868
145.234851
166.383380
150.141366
154.709085
155.009559
150.219097
137.876231
137.167835
127.973947
148.340590
128.112899
135.066165
136.066848
138.964998
131.930535
128.745461
133.324034
133.744121
127.508419
143.442431
138.727101
141.034578
164.335736
161.090085
167.572517
163.226746
159.365562
172.864747
151.820154
154.282432
168.899821
163.097731
180.350837
163.125169
180.450087
179.292600
168.348521
173.510745
172.269135
171.079869
190.531669
165.340236
190.746186
167.643478
180.416861
183.748330
174.873463
176.817813
184.415540
163.534016
185.877100
170.640327
173.768964
175.721067
171.491887
191.722279
